# Blender 5.1.1
# www.blender.org
mtllib sake_gripper.mtl
o sake_gripper
v -0.015171 0.017344 -0.000173
v -0.015802 0.019369 -0.000173
v -0.018037 0.020214 -0.000170
v -0.019942 0.018788 -0.000173
v -0.019784 0.016137 -0.000165
v -0.016755 0.015225 -0.000172
v -0.017646 0.014631 -0.000712
v -0.019495 0.015234 -0.000712
v -0.020800 0.017469 -0.000701
v -0.019789 0.019865 -0.000712
v -0.017710 0.020752 -0.000703
v -0.015602 0.019905 -0.000712
v -0.014546 0.017542 -0.000701
v -0.015810 0.015269 -0.000712
v -0.017351 0.020705 -0.007486
v -0.018942 0.020419 -0.007491
v -0.019977 0.019633 -0.007491
v -0.020586 0.018486 -0.007491
v -0.020614 0.016863 -0.007483
v -0.019755 0.015483 -0.007491
v -0.018642 0.014812 -0.007491
v -0.017350 0.014671 -0.007491
v -0.016119 0.015085 -0.007491
v -0.014983 0.016244 -0.007483
v -0.014657 0.017836 -0.007490
v -0.015004 0.019089 -0.007491
v -0.015844 0.020079 -0.007491
v -0.017315 0.014189 -0.008149
v -0.019782 0.014928 -0.008151
v -0.020865 0.016409 -0.008154
v -0.021089 0.018250 -0.008151
v -0.020288 0.019901 -0.008154
v -0.018774 0.020957 -0.008152
v -0.016931 0.021024 -0.008153
v -0.015283 0.020179 -0.008152
v -0.014359 0.018558 -0.008151
v -0.014347 0.016729 -0.008150
v -0.015319 0.015180 -0.008153
v -0.014693 0.021862 -0.008175
v -0.018629 0.012692 -0.008175
v -0.015418 0.013131 -0.008175
v -0.013461 0.014936 -0.008175
v -0.012553 0.018113 -0.008175
v -0.018362 0.022702 -0.008175
v -0.020794 0.021617 -0.008175
v -0.022668 0.018895 -0.008175
v -0.021837 0.014659 -0.008175
v -0.017933 0.012828 -0.014084
v -0.019280 0.012932 -0.013776
v -0.021123 0.014044 -0.013776
v -0.022035 0.015382 -0.013944
v -0.022521 0.016912 -0.014043
v -0.022393 0.019017 -0.014042
v -0.021155 0.021324 -0.013828
v -0.019233 0.022349 -0.013944
v -0.017644 0.022578 -0.014046
v -0.015425 0.022039 -0.014053
v -0.013841 0.020882 -0.013813
v -0.012977 0.019027 -0.014107
v -0.012759 0.017637 -0.013981
v -0.013026 0.015816 -0.013776
v -0.014236 0.014036 -0.013776
v -0.016082 0.012928 -0.013776
v -0.020618 0.013992 -0.014152
v -0.020682 0.021264 -0.014159
v -0.013553 0.015414 -0.014162
v -0.015800 0.013350 -0.014152
v -0.020562 0.017675 -0.014175
v -0.016232 0.020175 -0.014175
v -0.019118 0.020175 -0.014175
v -0.019118 0.015175 -0.014175
v -0.016232 0.015175 -0.014175
v -0.014788 0.017675 -0.014175
v -0.019084 0.015247 -0.011205
v -0.016237 0.015201 -0.011195
v -0.020541 0.017660 -0.011185
v -0.019073 0.020099 -0.011201
v -0.016323 0.020155 -0.011200
v -0.014855 0.017768 -0.011193
v -0.017675 0.017675 -0.010265
v 0.020179 0.017344 -0.000173
v 0.019548 0.019369 -0.000173
v 0.017313 0.020214 -0.000170
v 0.015408 0.018788 -0.000173
v 0.015566 0.016137 -0.000165
v 0.018595 0.015225 -0.000172
v 0.017704 0.014631 -0.000712
v 0.015855 0.015234 -0.000712
v 0.014550 0.017469 -0.000701
v 0.015561 0.019865 -0.000712
v 0.017640 0.020752 -0.000703
v 0.019748 0.019905 -0.000712
v 0.020804 0.017542 -0.000701
v 0.019540 0.015269 -0.000712
v 0.017999 0.020705 -0.007486
v 0.016408 0.020419 -0.007491
v 0.015373 0.019633 -0.007491
v 0.014764 0.018486 -0.007491
v 0.014736 0.016863 -0.007483
v 0.015595 0.015483 -0.007491
v 0.016708 0.014812 -0.007491
v 0.018000 0.014671 -0.007491
v 0.019231 0.015085 -0.007491
v 0.020367 0.016244 -0.007483
v 0.020693 0.017836 -0.007490
v 0.020346 0.019089 -0.007491
v 0.019506 0.020079 -0.007491
v 0.018035 0.014189 -0.008149
v 0.015568 0.014928 -0.008151
v 0.014485 0.016409 -0.008154
v 0.014261 0.018250 -0.008151
v 0.015062 0.019901 -0.008154
v 0.016576 0.020957 -0.008152
v 0.018419 0.021024 -0.008153
v 0.020067 0.020179 -0.008152
v 0.020991 0.018558 -0.008151
v 0.021003 0.016729 -0.008150
v 0.020031 0.015180 -0.008153
v 0.020657 0.021862 -0.008175
v 0.016721 0.012692 -0.008175
v 0.019932 0.013131 -0.008175
v 0.021889 0.014936 -0.008175
v 0.022797 0.018113 -0.008175
v 0.016988 0.022702 -0.008175
v 0.014556 0.021617 -0.008175
v 0.012682 0.018895 -0.008175
v 0.013513 0.014659 -0.008175
v 0.017417 0.012828 -0.014084
v 0.016070 0.012932 -0.013776
v 0.014227 0.014044 -0.013776
v 0.013315 0.015382 -0.013944
v 0.012829 0.016912 -0.014043
v 0.012957 0.019017 -0.014042
v 0.014195 0.021324 -0.013828
v 0.016117 0.022349 -0.013944
v 0.017706 0.022578 -0.014046
v 0.019925 0.022039 -0.014053
v 0.021509 0.020882 -0.013813
v 0.022373 0.019027 -0.014107
v 0.022591 0.017637 -0.013981
v 0.022324 0.015816 -0.013776
v 0.021114 0.014036 -0.013776
v 0.019268 0.012928 -0.013776
v 0.014732 0.013992 -0.014152
v 0.014668 0.021264 -0.014159
v 0.021797 0.015414 -0.014162
v 0.019550 0.013350 -0.014152
v 0.014788 0.017675 -0.014175
v 0.019118 0.020175 -0.014175
v 0.016232 0.020175 -0.014175
v 0.016232 0.015175 -0.014175
v 0.019118 0.015175 -0.014175
v 0.020562 0.017675 -0.014175
v 0.016266 0.015247 -0.011205
v 0.019113 0.015201 -0.011195
v 0.014809 0.017660 -0.011185
v 0.016277 0.020099 -0.011201
v 0.019027 0.020155 -0.011200
v 0.020495 0.017768 -0.011193
v 0.017675 0.017675 -0.010265
v 0.036483 0.000608 -0.003750
v 0.034967 0.001567 -0.003750
v 0.033704 0.000836 -0.003750
v 0.033556 -0.000611 -0.003750
v 0.034863 -0.001562 -0.003750
v 0.036198 -0.000971 -0.003750
v 0.034933 -0.001564 -0.000507
v 0.036469 -0.000634 -0.000513
v 0.036017 0.001228 -0.000513
v 0.034251 0.001375 -0.000507
v 0.033416 -0.000370 -0.000523
v 0.036596 0.001294 -0.000002
v 0.034818 0.002080 -0.000002
v 0.033078 0.000813 -0.000003
v 0.033273 -0.001114 -0.000001
v 0.034956 -0.002087 -0.000003
v 0.036972 -0.000808 -0.000006
v -0.019598 0.020308 -0.000011
v -0.020672 0.021919 -0.000003
v -0.021906 0.020652 -0.000004
v -0.021957 0.015736 0.000006
v -0.020638 0.016624 -0.000004
v -0.014621 0.016762 -0.000005
v -0.012632 0.018600 -0.000004
v -0.016002 0.022085 0.000007
v -0.015730 0.020130 -0.000004
v -0.017741 0.014488 -0.000006
v -0.018590 0.012590 -0.000004
v -0.016755 0.012637 -0.000004
v -0.012710 0.016668 -0.000003
v -0.014109 0.014377 -0.000185
v -0.019410 -0.020435 -0.000011
v -0.021919 -0.020672 -0.000003
v -0.022085 -0.016002 0.000006
v -0.020683 -0.016791 -0.000003
v -0.020642 -0.021900 -0.000004
v -0.018623 -0.012658 -0.000004
v -0.018882 -0.014882 -0.000001
v -0.012745 -0.016658 -0.000003
v -0.014604 -0.017915 -0.000001
v -0.014377 -0.014109 -0.000185
v -0.015978 -0.014977 -0.000006
v -0.016740 -0.012627 -0.000003
v -0.015746 -0.021979 0.000007
v -0.015869 -0.020174 -0.000002
v -0.012707 -0.018686 -0.000003
v 0.037242 0.003169 -0.000001
v 0.031824 -0.000105 0.000007
v 0.033630 0.002811 0.000004
v 0.033722 -0.002836 0.000002
v 0.037242 -0.003169 -0.000001
v 0.012633 -0.018599 -0.000003
v 0.014594 -0.018132 -0.000003
v 0.012600 -0.016763 -0.000003
v 0.014110 -0.014391 -0.000164
v 0.015836 -0.015145 -0.000004
v 0.018729 -0.014780 -0.000001
v 0.016754 -0.012637 -0.000004
v 0.016002 -0.022085 0.000006
v 0.016319 -0.020445 -0.000002
v 0.019236 -0.020395 -0.000003
v 0.021957 -0.015736 0.000006
v 0.020834 -0.017225 -0.000008
v 0.018590 -0.012591 -0.000003
v 0.020672 -0.021919 -0.000003
v 0.021906 -0.020652 -0.000004
v 0.012637 0.016755 -0.000003
v 0.014648 0.017919 -0.000001
v 0.012708 0.018685 -0.000002
v 0.014391 0.014110 -0.000164
v 0.015477 0.015450 -0.000004
v 0.019053 0.020492 -0.000003
v 0.021923 0.020678 -0.000003
v 0.020642 0.021899 -0.000004
v 0.015746 0.021979 0.000006
v 0.015836 0.020210 -0.000004
v 0.020730 0.018106 -0.000002
v 0.018271 0.014652 -0.000001
v 0.016740 0.012626 -0.000004
v 0.018619 0.012647 -0.000003
v 0.022077 0.016025 0.000006
v 0.019979 0.016199 -0.000156
v 0.027570 0.026081 -0.000005
v 0.025662 0.026833 -0.000000
v 0.025928 0.029673 -0.000006
v 0.024383 0.034924 -0.000047
v 0.011608 0.037432 -0.000133
v 0.018662 0.034475 -0.000112
v 0.017787 0.038605 -0.000012
v 0.003819 0.039045 -0.000115
v 0.009244 0.041664 0.000015
v -0.004249 0.042287 0.000001
v -0.003519 0.039017 -0.000163
v -0.013895 0.040651 -0.000347
v -0.011012 0.037595 -0.000163
v -0.025867 0.033904 0.000002
v -0.018072 0.034775 -0.000133
v -0.025786 0.027021 -0.000001
v -0.027368 0.025987 -0.000003
v -0.025792 0.029847 -0.000006
v -0.035059 0.024594 -0.000238
v -0.030133 0.025525 -0.000002
v -0.041706 0.009858 -0.000210
v -0.036282 0.015216 -0.000104
v -0.038936 0.017733 -0.000240
v -0.033613 0.001866 -0.000001
v -0.036777 0.003074 -0.000000
v -0.036211 0.001925 -0.000001
v -0.037161 -0.003151 -0.000001
v -0.037652 0.000153 -0.000010
v -0.032383 0.000070 -0.000005
v -0.033222 0.002836 0.000002
v -0.036352 -0.001890 -0.000002
v -0.033130 -0.002811 0.000003
v -0.033552 -0.001848 -0.000002
v -0.031324 0.000105 0.000007
v -0.039050 0.004906 -0.000011
v -0.042726 -0.001403 -0.000162
v -0.041620 -0.009960 -0.000174
v -0.039084 -0.005344 -0.000005
v -0.038958 -0.017471 -0.000146
v -0.035418 -0.017131 -0.000104
v -0.035309 -0.023978 -0.000118
v -0.029843 -0.025773 -0.000005
v -0.028494 -0.031818 -0.000098
v -0.025927 -0.029672 -0.000008
v -0.027020 -0.025786 -0.000001
v -0.020764 -0.037213 -0.000066
v -0.025416 -0.027082 -0.000198
v -0.012471 -0.040745 -0.000058
v -0.011578 -0.037425 -0.000163
v -0.018641 -0.034474 -0.000133
v -0.003818 -0.039035 -0.000132
v 0.009060 -0.041357 -0.000084
v 0.010977 -0.037633 -0.000112
v 0.014778 -0.039556 -0.000182
v 0.003519 -0.039017 -0.000163
v 0.018061 -0.034793 -0.000112
v 0.020911 -0.036696 -0.000143
v 0.025786 -0.027021 -0.000001
v 0.027092 -0.025833 -0.000001
v 0.025792 -0.029847 -0.000006
v 0.029998 -0.029731 -0.000090
v 0.034334 -0.024666 -0.000152
v 0.029920 -0.025711 -0.000004
v 0.038807 -0.016852 -0.000125
v 0.034025 -0.019416 -0.000163
v 0.037017 -0.012994 -0.000115
v 0.041464 -0.008093 -0.000078
v 0.042267 -0.000395 -0.000056
v 0.039066 -0.005303 -0.000005
v 0.039066 0.005303 -0.000005
v 0.041413 0.008788 -0.000055
v 0.038642 0.017208 -0.000044
v 0.037262 0.012302 -0.000105
v 0.033294 0.026467 -0.000012
v 0.030236 0.025425 -0.000001
v 0.034351 0.018833 -0.000163
v -0.012445 -0.019138 -0.000525
v 0.012434 -0.019111 -0.000501
v -0.012442 -0.019113 -0.003750
v 0.012454 -0.019140 -0.003750
v 0.017152 -0.022706 -0.000495
v 0.014557 -0.021655 -0.000495
v 0.016993 -0.022686 -0.003750
v 0.014433 -0.021554 -0.003750
v 0.020359 -0.022415 -0.000534
v 0.020365 -0.022394 -0.003750
v 0.025365 -0.027297 -0.003750
v 0.025357 -0.029472 -0.000511
v 0.025322 -0.027215 -0.000512
v 0.025308 -0.029572 -0.003750
v 0.018268 -0.034457 -0.003750
v 0.006918 -0.038551 -0.003750
v -0.003796 -0.038815 -0.003750
v -0.015519 -0.035961 -0.003750
v -0.025319 -0.029543 -0.000525
v -0.014494 -0.021605 -0.000495
v -0.017071 -0.022697 -0.000495
v -0.020384 -0.022403 -0.000511
v -0.014620 -0.021703 -0.003750
v -0.017231 -0.022713 -0.003750
v -0.025382 -0.029425 -0.003750
v -0.025311 -0.027191 -0.003750
v -0.020337 -0.022405 -0.003750
v -0.016223 -0.012435 -0.000535
v -0.016243 0.012437 -0.000501
v -0.016241 -0.012446 -0.003750
v -0.016214 0.012457 -0.003750
v -0.014186 0.014075 -0.003750
v -0.012448 0.016216 -0.000526
v -0.012446 0.016241 -0.003750
v 0.012437 0.016243 -0.000501
v 0.012457 0.016214 -0.003750
v 0.014075 0.014186 -0.003750
v 0.016223 0.012435 -0.000535
v 0.016241 0.012446 -0.003750
v 0.016214 -0.012457 -0.003750
v 0.016243 -0.012437 -0.000501
v -0.012437 -0.016243 -0.000501
v -0.014075 -0.014186 -0.003750
v -0.012457 -0.016214 -0.003750
v 0.012448 -0.016216 -0.000526
v 0.012446 -0.016241 -0.003750
v 0.014186 -0.014075 -0.003750
v 0.012445 0.019138 -0.000525
v -0.012434 0.019111 -0.000501
v 0.012442 0.019113 -0.003750
v 0.014494 0.021605 -0.000495
v 0.017071 0.022697 -0.000495
v 0.020351 0.022405 -0.000522
v 0.014620 0.021703 -0.003750
v 0.017231 0.022713 -0.003750
v 0.020390 0.022409 -0.003750
v 0.025342 0.027232 -0.000494
v 0.025319 0.029543 -0.000525
v 0.025382 0.029425 -0.003750
v 0.025326 0.027237 -0.003750
v -0.025357 0.029472 -0.000511
v -0.018268 0.034457 -0.003750
v -0.006918 0.038551 -0.003750
v 0.003796 0.038815 -0.003750
v 0.015519 0.035961 -0.003750
v -0.025322 0.027215 -0.000512
v -0.012454 0.019140 -0.003750
v -0.017152 0.022706 -0.000495
v -0.014557 0.021655 -0.000495
v -0.016993 0.022686 -0.003750
v -0.014433 0.021554 -0.003750
v -0.020359 0.022415 -0.000534
v -0.025365 0.027297 -0.003750
v -0.025308 0.029572 -0.003750
v -0.020365 0.022394 -0.003750
v -0.022408 0.020392 -0.000511
v -0.027264 0.025348 -0.000502
v -0.021436 0.014338 -0.000497
v -0.022667 0.016749 -0.000493
v -0.022408 0.020343 -0.003750
v -0.029536 0.025321 -0.000517
v -0.021914 0.014884 -0.003750
v -0.022699 0.017447 -0.003750
v -0.019090 0.012395 -0.000506
v -0.029419 0.025384 -0.003750
v -0.027191 0.025311 -0.003750
v -0.034036 0.019040 -0.000500
v -0.038533 0.005823 -0.000503
v -0.035417 0.016638 -0.003750
v -0.037369 0.003719 -0.000523
v -0.036968 0.003625 -0.003750
v -0.038537 0.005371 -0.003750
v -0.033041 0.003541 -0.003750
v -0.032378 0.002958 -0.000481
v -0.030879 -0.000336 -0.000478
v -0.032910 -0.003285 -0.000524
v -0.019110 0.012432 -0.003750
v -0.019105 -0.012422 -0.000511
v -0.019105 -0.012414 -0.003750
v -0.022706 -0.017152 -0.000495
v -0.021655 -0.014557 -0.000495
v -0.022686 -0.016993 -0.003750
v -0.021554 -0.014433 -0.003750
v -0.022415 -0.020359 -0.000534
v -0.022394 -0.020365 -0.003750
v -0.027297 -0.025365 -0.003750
v -0.029468 -0.025358 -0.000503
v -0.027215 -0.025322 -0.000512
v -0.029562 -0.025312 -0.003750
v -0.036799 -0.012917 -0.000500
v -0.035912 -0.015542 -0.003750
v -0.038522 -0.005495 -0.003750
v -0.036932 -0.003612 -0.000503
v -0.038526 -0.005341 -0.000527
v -0.037108 -0.003645 -0.003750
v 0.022408 -0.020392 -0.000511
v 0.027264 -0.025348 -0.000502
v 0.021436 -0.014338 -0.000497
v 0.022667 -0.016749 -0.000493
v 0.022408 -0.020343 -0.003750
v 0.021914 -0.014884 -0.003750
v 0.022699 -0.017447 -0.003750
v 0.019136 -0.012438 -0.000524
v 0.029536 -0.025321 -0.000517
v 0.029419 -0.025384 -0.003750
v 0.027191 -0.025311 -0.003750
v 0.038534 -0.005565 -0.000516
v 0.035417 -0.016638 -0.003750
v 0.037133 -0.003660 -0.000521
v 0.036968 -0.003625 -0.003750
v 0.038537 -0.005371 -0.003750
v 0.033758 -0.003344 -0.000483
v 0.034108 -0.003432 -0.003750
v 0.031547 -0.001165 -0.000485
v 0.032073 0.002080 -0.000492
v 0.034112 0.003433 -0.000515
v 0.032032 -0.002023 -0.003750
v 0.031569 0.001238 -0.003750
v 0.033794 0.003358 -0.003750
v 0.036951 0.003620 -0.000512
v 0.038529 0.005359 -0.000538
v 0.038522 0.005495 -0.003750
v 0.037108 0.003645 -0.003750
v 0.029468 0.025358 -0.000503
v 0.029562 0.025312 -0.003750
v 0.035912 0.015542 -0.003750
v 0.027215 0.025322 -0.000512
v 0.019110 -0.012432 -0.003750
v 0.019138 0.012448 -0.003750
v 0.019103 0.012413 -0.000511
v 0.022684 0.016844 -0.000493
v 0.021480 0.014388 -0.000497
v 0.022649 0.016658 -0.003750
v 0.021391 0.014290 -0.003750
v 0.022418 0.020366 -0.000533
v 0.027297 0.025365 -0.003750
v 0.022399 0.020374 -0.003750
v -0.036048 0.001434 -0.000496
v -0.033962 -0.001437 -0.000501
v -0.033009 -0.000466 -0.000507
v -0.033544 0.001300 -0.000528
v -0.036991 0.000466 -0.000507
v -0.036465 -0.001294 -0.000519
v -0.036444 0.001315 -0.003750
v -0.037002 -0.000435 -0.003750
v -0.036059 -0.001430 -0.003750
v -0.034009 -0.001452 -0.003750
v -0.033029 -0.000530 -0.003750
v -0.033482 0.001263 -0.003750
v 0.025861 -0.033472 -0.000031
v 0.002659 -0.042342 -0.000037
v -0.003059 -0.042341 -0.000062
v -0.001049 -0.042556 -0.000503
v -0.010275 -0.041015 -0.000373
v -0.021398 -0.036426 -0.000444
v -0.015987 -0.039155 -0.000304
v -0.026806 -0.032651 -0.000463
v -0.031264 -0.028472 -0.000431
v -0.035196 -0.023378 -0.000536
v -0.038392 -0.017696 -0.000529
v -0.040673 -0.011576 -0.000669
v -0.042252 0.000198 -0.000676
v -0.041887 -0.005863 -0.000533
v -0.041767 0.006574 -0.000655
v -0.040258 0.012904 -0.000771
v -0.037921 0.018701 -0.000717
v -0.034539 0.024357 -0.000791
v -0.030576 0.029231 -0.000831
v -0.021019 0.036653 -0.000883
v -0.026124 0.033264 -0.000741
v -0.015170 0.039447 -0.000908
v -0.009353 0.041232 -0.000794
v -0.002906 0.042162 -0.000973
v 0.003704 0.042101 -0.000999
v 0.009756 0.041126 -0.000928
v 0.021168 0.036567 -0.001089
v 0.015540 0.039331 -0.000908
v 0.026392 0.033034 -0.001070
v 0.030978 0.028669 -0.001101
v 0.035015 0.023701 -0.001135
v 0.038263 0.017951 -0.001206
v 0.040476 0.012177 -0.001150
v 0.042224 0.000009 -0.001249
v 0.041834 0.006249 -0.001157
v 0.041783 -0.006363 -0.001323
v 0.040474 -0.012218 -0.001223
v 0.038070 -0.018353 -0.001391
v 0.034745 -0.024064 -0.001413
v 0.026324 -0.033089 -0.001431
v 0.031025 -0.028721 -0.001313
v 0.021195 -0.036518 -0.001455
v 0.015415 -0.039383 -0.001583
v 0.009726 -0.041171 -0.001463
v 0.003468 -0.042089 -0.001553
v -0.003373 -0.042097 -0.001573
v -0.015228 -0.039426 -0.001593
v -0.009422 -0.041238 -0.001604
v -0.020950 -0.036658 -0.001662
v -0.026312 -0.033111 -0.001791
v -0.030706 -0.029102 -0.001672
v -0.034646 -0.024150 -0.001761
v -0.038112 -0.018271 -0.001827
v -0.041781 -0.006502 -0.001848
v -0.040308 -0.012761 -0.001729
v -0.042221 -0.000277 -0.001869
v -0.041848 0.006121 -0.001998
v -0.040593 0.011920 -0.001881
v -0.038290 0.017817 -0.001970
v -0.034910 0.023768 -0.001988
v -0.026767 0.032665 -0.002059
v -0.031167 0.028604 -0.002021
v -0.021432 0.036377 -0.002077
v -0.015727 0.039261 -0.002206
v -0.010322 0.041016 -0.002041
v -0.003601 0.042111 -0.002225
v 0.003002 0.042159 -0.002242
v 0.015008 0.039509 -0.002314
v 0.008848 0.041345 -0.002145
v 0.020705 0.036794 -0.002284
v 0.026050 0.033320 -0.002414
v 0.030263 0.029548 -0.002249
v 0.034436 0.024423 -0.002381
v 0.037944 0.018542 -0.002402
v 0.041639 0.007062 -0.002474
v 0.040286 0.012913 -0.002438
v 0.042262 0.000531 -0.002534
v 0.041839 -0.005758 -0.002540
v 0.040731 -0.011434 -0.002491
v 0.038409 -0.017523 -0.002588
v 0.035137 -0.023492 -0.002657
v 0.026875 -0.032621 -0.002730
v 0.031554 -0.028147 -0.002561
v 0.021686 -0.036241 -0.002695
v 0.016257 -0.039063 -0.002781
v 0.010664 -0.040866 -0.002748
v 0.004124 -0.042015 -0.002795
v -0.002677 -0.042149 -0.002817
v -0.014476 -0.039676 -0.002891
v -0.008736 -0.041396 -0.002857
v -0.020239 -0.037104 -0.002856
v -0.025794 -0.033520 -0.003038
v -0.029968 -0.029851 -0.002872
v -0.034267 -0.024658 -0.003002
v -0.037789 -0.018861 -0.003025
v -0.041578 -0.007421 -0.003100
v -0.040183 -0.013240 -0.003066
v -0.042251 -0.001139 -0.003064
v -0.041941 0.005473 -0.003246
v -0.040873 0.010893 -0.003080
v -0.038527 0.017259 -0.003209
v -0.035321 0.023214 -0.003279
v -0.027306 0.032221 -0.003309
v -0.031804 0.027867 -0.003186
v -0.021975 0.036068 -0.003318
v -0.016552 0.038940 -0.003406
v -0.011040 0.040769 -0.003372
v -0.004415 0.041984 -0.003416
v 0.002337 0.042172 -0.003461
v 0.014139 0.039798 -0.003517
v 0.008155 0.041520 -0.003428
v 0.020152 0.037118 -0.003526
v 0.025158 0.034018 -0.003557
v 0.029702 0.030028 -0.003600
v 0.034092 0.024897 -0.003623
v 0.037640 0.019165 -0.003669
v 0.041515 0.007769 -0.003726
v 0.039995 0.013819 -0.003637
v 0.042219 0.001217 -0.003734
v 0.042053 -0.004669 -0.003767
v 0.040888 -0.010590 -0.003809
v 0.038647 -0.016983 -0.003831
v 0.035480 -0.022920 -0.003878
v 0.027574 -0.031992 -0.003935
v 0.032049 -0.027632 -0.003847
v 0.022488 -0.035790 -0.003894
v 0.016808 -0.038805 -0.004064
v 0.011428 -0.040694 -0.003972
v 0.004719 -0.041949 -0.004038
v -0.002090 -0.042251 -0.004168
v -0.013849 -0.039901 -0.004174
v -0.007517 -0.041628 -0.004005
v -0.019882 -0.037264 -0.004149
v -0.024895 -0.034215 -0.004186
v -0.029442 -0.030285 -0.004226
v -0.033905 -0.025146 -0.004246
v -0.037585 -0.019416 -0.004375
v -0.041436 -0.008067 -0.004342
v -0.039762 -0.014437 -0.004213
v -0.042242 -0.001495 -0.004402
v -0.042096 0.004040 -0.004307
v -0.041021 0.010195 -0.004390
v -0.038825 0.016561 -0.004461
v -0.035703 0.022698 -0.004592
v -0.027868 0.031747 -0.004506
v -0.032476 0.027109 -0.004420
v -0.022693 0.035683 -0.004562
v -0.015732 0.039300 -0.004517
v -0.009856 0.041286 -0.004914
v -0.006176 0.041836 -0.004519
v -0.003145 0.042320 -0.004945
v 0.002293 0.042277 -0.004866
v 0.009517 0.041425 -0.004584
v 0.011967 0.040673 -0.004946
v 0.020417 0.037120 -0.004633
v 0.023167 0.035485 -0.004981
v 0.029237 0.030511 -0.004882
v 0.033542 0.025779 -0.004865
v 0.038269 0.018128 -0.004875
v 0.041269 0.009155 -0.004932
v 0.042328 0.000039 -0.004926
v 0.041336 -0.008945 -0.004960
v 0.039348 -0.015603 -0.004932
v 0.035144 -0.023622 -0.005008
v 0.026487 -0.033266 -0.004998
v 0.028701 0.032093 -0.000529
v 0.039056 0.018124 -0.000529
v 0.041408 0.011833 -0.000507
v 0.042664 0.005993 -0.000602
v 0.043017 -0.000165 -0.000630
v 0.042617 -0.006203 -0.000648
v 0.041100 -0.012936 -0.000682
v 0.038690 -0.018905 -0.000746
v 0.035533 -0.024350 -0.000741
v 0.031185 -0.029681 -0.000752
v 0.026530 -0.033946 -0.000817
v 0.021435 -0.037294 -0.000835
v 0.016068 -0.039956 -0.000856
v 0.009575 -0.042019 -0.000898
v 0.002972 -0.042959 -0.000944
v -0.003401 -0.042928 -0.000934
v -0.009912 -0.041940 -0.000979
v -0.016306 -0.039857 -0.001018
v -0.021509 -0.037250 -0.001040
v -0.026458 -0.033981 -0.001064
v -0.031517 -0.029395 -0.001106
v -0.035646 -0.024162 -0.001153
v -0.038812 -0.018706 -0.001144
v -0.041260 -0.012346 -0.001172
v -0.042642 -0.006089 -0.001240
v -0.043014 -0.000082 -0.001244
v -0.042661 0.005957 -0.001259
v -0.041306 0.012197 -0.001335
v -0.038722 0.018884 -0.001348
v -0.035620 0.024204 -0.001348
v -0.031521 0.029393 -0.001395
v -0.026558 0.033906 -0.001436
v -0.021652 0.037168 -0.001449
v -0.016457 0.039798 -0.001479
v -0.009804 0.041966 -0.001515
v -0.003537 0.042924 -0.001578
v 0.002796 0.042992 -0.001568
v 0.009858 0.041929 -0.001582
v 0.015804 0.040075 -0.001657
v 0.021281 0.037382 -0.001654
v 0.026285 0.034126 -0.001675
v 0.031130 0.029769 -0.001743
v 0.035372 0.024511 -0.001752
v 0.038720 0.018835 -0.001756
v 0.041155 0.012815 -0.001811
v 0.042612 0.006290 -0.001855
v 0.043022 0.000584 -0.001882
v 0.042653 -0.005706 -0.001865
v 0.041363 -0.012131 -0.001939
v 0.039057 -0.018038 -0.001979
v 0.035980 -0.023702 -0.001982
v 0.031528 -0.029352 -0.001999
v 0.027016 -0.033560 -0.002074
v 0.021797 -0.037117 -0.002044
v 0.016937 -0.039599 -0.002092
v 0.010153 -0.041888 -0.002139
v 0.004008 -0.042830 -0.002184
v -0.002814 -0.042967 -0.002171
v -0.009136 -0.042120 -0.002233
v -0.015674 -0.040116 -0.002272
v -0.021161 -0.037487 -0.002251
v -0.025720 -0.034545 -0.002300
v -0.031119 -0.029824 -0.002347
v -0.035028 -0.024963 -0.002389
v -0.038568 -0.019148 -0.002379
v -0.041009 -0.013266 -0.002440
v -0.042563 -0.006611 -0.002482
v -0.043048 -0.000514 -0.002459
v -0.042791 0.004873 -0.002509
v -0.041422 0.011925 -0.002556
v -0.039170 0.017765 -0.002594
v -0.036188 0.023389 -0.002604
v -0.031819 0.029039 -0.002629
v -0.027548 0.033093 -0.002707
v -0.022053 0.036977 -0.002668
v -0.017290 0.039444 -0.002717
v -0.010498 0.041808 -0.002764
v -0.004295 0.042792 -0.002799
v 0.002480 0.042988 -0.002794
v 0.008774 0.042201 -0.002855
v 0.014764 0.040450 -0.002916
v 0.020728 0.037704 -0.002891
v 0.025804 0.034514 -0.002938
v 0.030881 0.030065 -0.002976
v 0.034854 0.025193 -0.003003
v 0.038420 0.019443 -0.003001
v 0.040896 0.013622 -0.003063
v 0.042430 0.007409 -0.003118
v 0.043054 0.001262 -0.003093
v 0.042807 -0.004980 -0.003146
v 0.041512 -0.011595 -0.003185
v 0.039284 -0.017498 -0.003208
v 0.036124 -0.023455 -0.003210
v 0.032409 -0.028416 -0.003276
v 0.027730 -0.032960 -0.003327
v 0.022730 -0.036587 -0.003300
v 0.017147 -0.039549 -0.003355
v 0.011245 -0.041566 -0.003415
v 0.004590 -0.042759 -0.003413
v -0.001717 -0.043070 -0.003438
v -0.008465 -0.042261 -0.003480
v -0.014124 -0.040656 -0.003539
v -0.020530 -0.037854 -0.003496
v -0.025245 -0.034912 -0.003579
v -0.030645 -0.030298 -0.003607
v -0.034674 -0.025438 -0.003617
v -0.038105 -0.020152 -0.003646
v -0.041382 -0.012367 -0.003753
v -0.043066 -0.002547 -0.003700
v -0.042814 0.004687 -0.003771
v -0.041595 0.011278 -0.003816
v -0.039412 0.017210 -0.003822
v -0.036566 0.022849 -0.003858
v -0.032181 0.028625 -0.003911
v -0.028323 0.032416 -0.003956
v -0.023272 0.036269 -0.003935
v -0.017085 0.039553 -0.003962
v -0.011625 0.041468 -0.004041
v -0.004916 0.042725 -0.004027
v 0.001393 0.043099 -0.004066
v 0.008582 0.042208 -0.004121
v 0.013817 0.040763 -0.004163
v 0.020090 0.038090 -0.004125
v 0.025284 0.034917 -0.004185
v 0.030009 0.030894 -0.004249
v 0.034273 0.026003 -0.004254
v 0.038780 0.018712 -0.004336
v 0.042814 0.005211 -0.004350
v 0.042957 -0.003168 -0.004336
v 0.041793 -0.010417 -0.004458
v 0.039711 -0.016552 -0.004459
v 0.036490 -0.022929 -0.004470
v 0.032376 -0.028410 -0.004548
v 0.027168 -0.033426 -0.004591
v 0.022064 -0.036917 -0.004516
v 0.015808 -0.040143 -0.004659
v 0.007304 -0.042453 -0.004589
v -0.002734 -0.042981 -0.004754
v -0.030457 0.030152 -0.000333
v -0.024282 0.035383 -0.000379
v -0.004307 0.042707 -0.000419
v 0.005868 0.042651 -0.000438
v 0.019180 0.038652 -0.000478
v -0.040182 -0.015570 -0.004922
v -0.036023 -0.023557 -0.004965
v -0.032137 -0.028635 -0.004940
v -0.027544 -0.033141 -0.004883
v -0.023351 -0.035978 -0.004991
v -0.019995 -0.038144 -0.004870
v -0.011545 -0.041509 -0.004705
v -0.011275 -0.041280 -0.005001
v -0.001396 -0.042704 -0.004990
v 0.006754 -0.042079 -0.004971
v 0.015348 -0.039804 -0.004983
v 0.041376 0.012022 -0.004363
v -0.042274 -0.008091 -0.004970
v -0.042341 0.008274 -0.005000
v -0.043018 -0.000055 -0.004994
v 0.031606 0.028752 -0.000191
v 0.035064 0.024976 -0.000483
v -0.019594 0.038162 -0.005000
v -0.030977 0.029967 -0.005003
v -0.038564 0.019142 -0.005005
v -0.015618 -0.016075 -0.000512
v -0.017844 -0.015114 -0.000507
v -0.019536 -0.015950 -0.000504
v -0.020200 -0.017432 -0.000503
v -0.019706 -0.019254 -0.000507
v -0.018064 -0.020185 -0.000504
v -0.016468 -0.019908 -0.000504
v -0.015234 -0.018472 -0.000507
v -0.015260 -0.018545 -0.004482
v -0.016510 -0.019930 -0.004496
v -0.018114 -0.020177 -0.004500
v -0.019385 -0.019822 -0.004839
v -0.020200 -0.017923 -0.004497
v -0.019839 -0.016349 -0.004496
v -0.018577 -0.015306 -0.004489
v -0.016975 -0.015240 -0.004497
v -0.015462 -0.016377 -0.004493
v -0.020071 -0.015737 -0.004997
v -0.017387 -0.014576 -0.004995
v -0.014989 -0.016172 -0.004998
v -0.014880 -0.019079 -0.004996
v -0.017257 -0.020725 -0.004999
v -0.020705 -0.018241 -0.004998
v 0.019970 -0.016591 -0.000504
v 0.018603 -0.015281 -0.000507
v 0.016188 -0.015535 -0.000512
v 0.015102 -0.018000 -0.000512
v 0.016499 -0.019960 -0.000507
v 0.018927 -0.019969 -0.000513
v 0.020160 -0.018200 -0.000504
v 0.020034 -0.018800 -0.004488
v 0.017789 -0.020285 -0.004488
v 0.015818 -0.019403 -0.004500
v 0.015120 -0.017649 -0.004494
v 0.016238 -0.015501 -0.004488
v 0.018654 -0.015301 -0.004493
v 0.019973 -0.016241 -0.004797
v 0.015478 -0.015452 -0.004994
v 0.018271 -0.014654 -0.004998
v 0.020718 -0.018347 -0.004996
v 0.019177 -0.020352 -0.004999
v 0.016429 -0.020548 -0.004997
v 0.014651 -0.018241 -0.004998
v 0.020150 0.018246 -0.000504
v 0.018873 0.019997 -0.000512
v 0.016450 0.019934 -0.000507
v 0.015289 0.018519 -0.000502
v 0.015283 0.016685 -0.000504
v 0.016761 0.015312 -0.000504
v 0.018654 0.015301 -0.000507
v 0.020160 0.018200 -0.004496
v 0.019970 0.016591 -0.004496
v 0.018603 0.015281 -0.004493
v 0.016188 0.015535 -0.004488
v 0.015102 0.018000 -0.004488
v 0.016499 0.019960 -0.004493
v 0.018927 0.019969 -0.004487
v 0.016319 0.020445 -0.004999
v 0.019235 0.020394 -0.004996
v 0.020832 0.017225 -0.004990
v 0.018729 0.014781 -0.004998
v 0.015834 0.015143 -0.004999
v 0.014596 0.018131 -0.004995
v -0.015252 0.018524 -0.000507
v -0.016510 0.019930 -0.000504
v -0.018392 0.020146 -0.000507
v -0.020170 0.018464 -0.000512
v -0.019706 0.016101 -0.000507
v -0.017506 0.015074 -0.000512
v -0.015462 0.016377 -0.000507
v -0.015618 0.016075 -0.004488
v -0.017843 0.015114 -0.004500
v -0.019536 0.015950 -0.004496
v -0.020200 0.017432 -0.004497
v -0.019839 0.019006 -0.004496
v -0.018342 0.020160 -0.004496
v -0.016468 0.019908 -0.004496
v -0.015234 0.018472 -0.004493
v -0.020071 0.019618 -0.004997
v -0.018102 0.020682 -0.004999
v -0.015288 0.019791 -0.004994
v -0.015006 0.015943 -0.004989
v -0.017948 0.014622 -0.004998
v -0.020634 0.016466 -0.004990
v -0.031304 -0.001477 -0.003750
v -0.032947 -0.003269 -0.003750
v -0.031801 0.002303 -0.001750
v -0.033137 0.003418 -0.001750
v -0.031287 0.005368 -0.003750
v -0.030561 0.000687 -0.003750
v -0.030878 0.000290 -0.001750
v -0.030872 0.005657 -0.001750
v -0.029493 0.005769 -0.003750
v -0.028705 0.005456 -0.001750
v -0.027779 0.004429 -0.003750
v -0.027590 0.003597 -0.001750
v -0.028097 0.002039 -0.003750
v -0.028483 0.001714 -0.001750
v -0.029921 0.004352 -0.001750
v -0.030254 0.002616 -0.001750
v -0.029058 0.003533 -0.001750
v -0.030708 0.003826 -0.001750
v -0.030708 0.003174 -0.005000
v -0.029921 0.002648 -0.005000
v -0.029058 0.003468 -0.005000
v -0.029693 0.004285 -0.005000
v -0.030536 0.004107 -0.005000
v -0.018941 -0.000881 -0.001750
v -0.019311 0.000428 -0.003750
v -0.019805 0.000804 -0.001750
v -0.022859 0.001719 -0.003750
v -0.022146 0.001424 -0.001750
v -0.023345 0.002693 -0.001750
v -0.023345 0.004307 -0.003750
v -0.022859 0.005281 -0.001750
v -0.021877 0.005589 -0.003750
v -0.020455 0.005926 -0.001750
v -0.019129 0.007015 -0.003750
v -0.019050 0.007171 -0.001750
v -0.020686 0.002824 -0.001750
v -0.021881 0.004126 -0.001750
v -0.021631 0.002777 -0.001750
v -0.020379 0.003901 -0.001750
v -0.022064 0.003728 -0.005000
v -0.020955 0.002594 -0.005000
v -0.020387 0.003824 -0.005000
v -0.021107 0.004319 -0.005000
v -0.026126 -0.016955 -0.003766
v -0.036181 -0.006376 -0.003788
v -0.030919 -0.004135 -0.004046
v -0.030188 -0.004526 -0.003837
v -0.030816 -0.003906 -0.003785
v -0.030344 -0.004469 -0.004658
v -0.031126 -0.004072 -0.004895
v -0.026110 -0.016046 -0.004049
v -0.026533 -0.016846 -0.004020
v -0.025850 -0.016125 -0.003785
v -0.026003 -0.016067 -0.004905
v -0.030146 -0.004273 -0.004968
v -0.035630 -0.005732 -0.004896
v -0.035923 -0.006465 -0.003996
v -0.035563 -0.005682 -0.003847
v -0.026293 -0.016667 -0.004713
v -0.035916 -0.006507 -0.004728
v -0.026226 -0.016971 -0.004975
v -0.030900 -0.018402 -0.004135
v -0.031689 -0.018101 -0.004062
v -0.030978 -0.018653 -0.003790
v -0.031872 -0.018314 -0.003781
v -0.031731 -0.018023 -0.004661
v -0.030991 -0.018433 -0.004705
v -0.036183 -0.006409 -0.004968
v -0.031874 -0.018300 -0.004968
v -0.030959 -0.018682 -0.004965
v 0.000523 0.037019 -0.003846
v -0.000523 0.037019 -0.003830
v 0.000579 0.025034 -0.003821
v 0.004199 0.031206 -0.003811
v 0.001250 0.030000 -0.003862
v 0.001194 0.025577 -0.003843
v -0.000579 0.025034 -0.003829
v -0.001194 0.025577 -0.003839
v -0.004279 0.030826 -0.003815
v -0.003512 0.030032 -0.003791
v 0.003862 0.030145 -0.003807
v -0.001250 0.030000 -0.003879
v -0.017176 -0.029528 -0.020741
v -0.017342 -0.031387 -0.020759
v -0.018118 -0.033416 -0.020883
v -0.020076 -0.035488 -0.021037
v -0.022723 -0.036542 -0.020962
v -0.024857 -0.036502 -0.020942
v -0.026967 -0.035965 -0.020656
v -0.029152 -0.034072 -0.020677
v -0.029822 -0.032636 -0.021022
v -0.030432 -0.030000 -0.021000
v -0.029882 -0.027170 -0.020739
v -0.028669 -0.025426 -0.020670
v -0.027005 -0.024204 -0.021095
v -0.026769 -0.023983 -0.020692
v -0.024019 -0.023288 -0.020685
v -0.021338 -0.023843 -0.020962
v -0.018118 -0.026584 -0.021117
v -0.030625 -0.029938 -0.020594
v -0.019958 -0.035695 -0.020577
v -0.023006 -0.037135 -0.020436
v -0.022430 -0.022962 -0.020432
v -0.019842 -0.024372 -0.020571
v -0.017899 -0.026479 -0.020577
v -0.025642 -0.036844 -0.020476
v -0.017882 -0.034309 -0.020467
v -0.030677 -0.032530 -0.020477
v -0.030421 -0.027267 -0.020474
v -0.025527 -0.022960 -0.020475
v -0.028794 -0.035283 -0.020489
v -0.016421 -0.030737 -0.020528
v -0.019606 -0.036044 -0.020513
v -0.031194 -0.029545 -0.020529
v -0.028211 -0.024177 -0.020505
v -0.019814 -0.023726 -0.020517
v -0.017078 -0.026996 -0.020516
v -0.016859 -0.033194 -0.020826
v -0.025022 -0.037565 -0.020880
v -0.027502 -0.036735 -0.020844
v -0.030301 -0.033930 -0.020776
v -0.030783 -0.026951 -0.020758
v -0.029365 -0.024738 -0.020880
v -0.018316 -0.024606 -0.020842
v -0.016340 -0.028346 -0.020826
v -0.022547 -0.037604 -0.021000
v -0.031503 -0.030000 -0.021000
v -0.026623 -0.022847 -0.021126
v -0.023386 -0.022372 -0.020885
v -0.018316 -0.035394 -0.021158
v -0.020214 -0.036776 -0.021120
v -0.029365 -0.035262 -0.021120
v -0.028085 -0.023651 -0.021120
v -0.025022 -0.022435 -0.021120
v -0.016169 -0.030942 -0.021142
v -0.020981 -0.022865 -0.021175
v -0.016859 -0.026806 -0.021174
v -0.030783 -0.033049 -0.021242
v -0.030301 -0.026070 -0.021224
v -0.027271 -0.036570 -0.021481
v -0.031194 -0.030455 -0.021471
v -0.030677 -0.027470 -0.021523
v -0.018276 -0.025020 -0.021480
v -0.016421 -0.029263 -0.021472
v -0.017078 -0.033004 -0.021484
v -0.022276 -0.037210 -0.021484
v -0.022929 -0.022683 -0.021484
v -0.025116 -0.037123 -0.021516
v -0.028794 -0.024717 -0.021511
v -0.030421 -0.032733 -0.021526
v -0.019594 -0.035681 -0.021538
v -0.025509 -0.023144 -0.021517
v -0.017649 -0.026380 -0.021522
v -0.016965 -0.030721 -0.021423
v -0.017899 -0.033521 -0.021423
v -0.022661 -0.036772 -0.021423
v -0.025750 -0.036420 -0.021302
v -0.028147 -0.035123 -0.021329
v -0.030625 -0.030062 -0.021406
v -0.029885 -0.027182 -0.021303
v -0.028272 -0.024925 -0.021357
v -0.024170 -0.023357 -0.021233
v -0.021272 -0.023613 -0.021423
v -0.019497 -0.024991 -0.021241
v -0.017342 -0.028613 -0.021241
v -0.015690 -0.045312 -0.148929
v -0.015733 -0.044257 -0.147925
v -0.015673 -0.041943 -0.148570
v -0.015645 -0.041646 -0.150234
v -0.015596 -0.042839 -0.151589
v -0.015674 -0.044700 -0.151280
v -0.015463 -0.045531 -0.150110
v -0.015463 -0.043188 -0.147701
v -0.014460 -0.045335 -0.148690
v -0.014460 -0.043720 -0.147616
v -0.014460 -0.041942 -0.148410
v -0.014460 -0.041524 -0.150084
v -0.014460 -0.042910 -0.151734
v -0.014460 -0.045335 -0.150854
v -0.014406 -0.044421 -0.148214
v -0.014417 -0.045181 -0.149974
v -0.014405 -0.044257 -0.151197
v -0.014410 -0.042949 -0.151211
v -0.014408 -0.042052 -0.150395
v -0.014414 -0.042231 -0.148579
v -0.014360 -0.039888 -0.149832
v -0.014360 -0.041628 -0.152745
v -0.014360 -0.045449 -0.146702
v -0.014360 -0.043242 -0.146160
v -0.014360 -0.047029 -0.148807
v -0.014360 -0.044626 -0.153131
v -0.014360 -0.046642 -0.151435
v -0.014360 -0.041161 -0.147065
v -0.013760 -0.040103 -0.150751
v -0.013760 -0.042458 -0.153192
v -0.013760 -0.046121 -0.152294
v -0.013760 -0.047078 -0.149025
v -0.013760 -0.045610 -0.146811
v -0.013760 -0.043439 -0.146149
v -0.013760 -0.040699 -0.147400
v -0.013760 -0.045327 -0.150951
v -0.013760 -0.045268 -0.148580
v -0.013760 -0.041552 -0.150209
v -0.013760 -0.041865 -0.148512
v -0.013760 -0.043581 -0.147609
v -0.013760 -0.042842 -0.151668
v 0.011336 -0.045194 -0.148420
v 0.011335 -0.044246 -0.147760
v 0.011337 -0.043343 -0.147640
v 0.011334 -0.042377 -0.147971
v 0.011337 -0.041567 -0.149099
v 0.011337 -0.041565 -0.150339
v 0.011334 -0.042736 -0.151633
v 0.011338 -0.044142 -0.151679
v 0.011337 -0.045213 -0.150980
v 0.011337 -0.045620 -0.149604
v 0.008601 -0.044098 -0.151758
v 0.008640 -0.042766 -0.151625
v 0.008445 -0.041830 -0.151013
v 0.008656 -0.041439 -0.149440
v 0.008645 -0.042388 -0.147919
v 0.008481 -0.043636 -0.147576
v 0.008644 -0.044937 -0.148094
v 0.008587 -0.045641 -0.149513
v 0.008473 -0.045336 -0.150883
v 0.008369 -0.041213 -0.149409
v 0.008347 -0.045330 -0.148032
v 0.008352 -0.042153 -0.147732
v 0.008352 -0.045957 -0.149772
v 0.008362 -0.043287 -0.152076
v 0.008360 -0.042487 -0.143189
v 0.008412 -0.050552 -0.151284
v 0.008412 -0.047610 -0.145063
v 0.008415 -0.044829 -0.143087
v 0.008632 -0.046623 -0.143893
v 0.008620 -0.042601 -0.142928
v 0.008664 -0.034462 -0.146439
v 0.008337 -0.034573 -0.146691
v 0.008460 -0.050888 -0.154555
v 0.008006 -0.050609 -0.154417
v 0.008289 -0.050491 -0.154163
v 0.011596 -0.050579 -0.151295
v 0.011408 -0.047591 -0.144861
v 0.011672 -0.046912 -0.144345
v 0.011868 -0.053334 -0.183556
v 0.011876 -0.053629 -0.185165
v 0.011478 -0.042197 -0.143051
v 0.011721 -0.044170 -0.143159
v 0.011432 -0.046402 -0.143754
v 0.011423 -0.044924 -0.143026
v 0.011696 -0.043220 -0.142978
v 0.011925 -0.035464 -0.146276
v 0.008457 -0.034079 -0.146369
v 0.008044 -0.034269 -0.146802
v 0.007970 -0.040348 -0.159102
v 0.008020 -0.039968 -0.158971
v 0.008290 -0.040269 -0.158845
v -0.008594 -0.040339 -0.159090
v -0.008513 -0.039958 -0.158974
v -0.008841 -0.040168 -0.158826
v -0.008639 -0.050451 -0.154404
v -0.008905 -0.034594 -0.146654
v -0.008666 -0.034265 -0.146746
v -0.008868 -0.050558 -0.154110
v -0.009116 -0.050937 -0.154670
v -0.008592 -0.050668 -0.154455
v -0.008981 -0.050563 -0.151290
v 0.011784 -0.042742 -0.146455
v 0.011791 -0.045178 -0.152564
v 0.011826 -0.043109 -0.152969
v 0.011738 -0.046034 -0.147327
v 0.011752 -0.046745 -0.150657
v 0.011832 -0.040552 -0.148210
v 0.011855 -0.040620 -0.151469
v 0.012369 -0.053673 -0.186808
v 0.013181 -0.046639 -0.148620
v 0.013239 -0.046461 -0.151026
v 0.013214 -0.044986 -0.152567
v 0.013268 -0.042933 -0.152821
v 0.013045 -0.041676 -0.152417
v 0.013246 -0.040553 -0.150808
v 0.013264 -0.040522 -0.148673
v 0.013042 -0.041081 -0.147507
v 0.013241 -0.042566 -0.146689
v 0.013300 -0.044644 -0.146685
v 0.012626 -0.034532 -0.146606
v 0.012048 -0.034518 -0.146435
v 0.011865 -0.033974 -0.146270
v 0.012008 -0.033717 -0.146267
v 0.013568 -0.034727 -0.147851
v 0.014317 -0.035107 -0.148708
v 0.013127 -0.034505 -0.147218
v 0.013125 -0.054028 -0.189018
v 0.013088 -0.053859 -0.189336
v -0.008965 -0.047512 -0.144902
v -0.008960 -0.044692 -0.143061
v -0.008936 -0.043125 -0.142967
v -0.009209 -0.042144 -0.143074
v -0.009191 -0.046619 -0.143889
v -0.011889 -0.047763 -0.145130
v -0.009240 -0.034387 -0.146453
v -0.009105 -0.034027 -0.146291
v -0.009186 -0.045065 -0.148211
v -0.009009 -0.043660 -0.147548
v -0.009193 -0.042557 -0.147867
v -0.009205 -0.041604 -0.148835
v -0.009117 -0.041653 -0.150696
v -0.009218 -0.042806 -0.151658
v -0.009185 -0.043899 -0.151747
v -0.009024 -0.044948 -0.151324
v -0.009212 -0.045657 -0.149880
v -0.008923 -0.045109 -0.147960
v -0.008905 -0.042340 -0.147604
v -0.008924 -0.041227 -0.149261
v -0.008913 -0.043382 -0.152098
v -0.008910 -0.045951 -0.150049
v -0.008898 -0.041641 -0.151243
v -0.012098 -0.044059 -0.147648
v -0.012044 -0.041499 -0.150236
v -0.012044 -0.043061 -0.151724
v -0.011962 -0.045618 -0.149803
v -0.011971 -0.045447 -0.148855
v -0.012282 -0.045907 -0.149578
v -0.011981 -0.045402 -0.150659
v -0.012296 -0.045550 -0.150954
v -0.012118 -0.044659 -0.151485
v -0.012350 -0.043819 -0.152134
v -0.012133 -0.043809 -0.151792
v -0.012140 -0.042276 -0.151383
v -0.012355 -0.041948 -0.151426
v -0.012352 -0.041161 -0.149911
v -0.012144 -0.041660 -0.148734
v -0.012321 -0.042471 -0.147535
v -0.012003 -0.042716 -0.147753
v -0.011990 -0.044775 -0.147996
v -0.012280 -0.045296 -0.148084
v -0.012172 -0.050570 -0.151298
v -0.012681 -0.053730 -0.186355
v -0.012310 -0.042732 -0.143256
v -0.012072 -0.042430 -0.142999
v -0.012260 -0.045366 -0.143468
v -0.012003 -0.044626 -0.142949
v -0.012018 -0.046690 -0.143982
v -0.012220 -0.047552 -0.145192
v -0.012274 -0.035290 -0.146109
v -0.012448 -0.035805 -0.146184
v -0.012428 -0.053372 -0.183775
v -0.012729 -0.035160 -0.146567
v -0.012211 -0.033997 -0.146250
v -0.012729 -0.034400 -0.146456
v -0.013202 -0.034548 -0.146625
v -0.012554 -0.033813 -0.146259
v -0.010420 -0.032842 -0.144381
v -0.010028 -0.033119 -0.144397
v 0.009821 -0.033180 -0.144543
v 0.009347 -0.032757 -0.144191
v 0.010080 -0.032856 -0.144542
v -0.009658 -0.032757 -0.144167
v -0.009895 -0.031387 -0.144798
v -0.010313 -0.031372 -0.145343
v -0.010644 -0.031587 -0.145086
v -0.014937 -0.033363 -0.149040
v -0.014878 -0.033409 -0.149721
v 0.009291 -0.031291 -0.145175
v 0.009931 -0.031493 -0.145016
v 0.009177 -0.031421 -0.144745
v 0.014165 -0.033236 -0.149340
v 0.014650 -0.033628 -0.149599
v 0.014271 -0.033355 -0.148874
v 0.014403 -0.034698 -0.148497
v 0.014652 -0.035028 -0.149144
v 0.013691 -0.052022 -0.189621
v 0.013117 -0.052435 -0.189990
v 0.014423 -0.051638 -0.188738
v 0.013822 -0.052486 -0.189713
v 0.014625 -0.051902 -0.188800
v 0.014043 -0.053564 -0.188952
v 0.014272 -0.053513 -0.188184
v 0.014630 -0.053173 -0.188013
v -0.014882 -0.051783 -0.189058
v -0.015249 -0.051828 -0.188419
v -0.015225 -0.033673 -0.149671
v -0.013817 -0.034453 -0.147355
v -0.014973 -0.052232 -0.189177
v -0.014199 -0.052004 -0.189601
v -0.013866 -0.052447 -0.189968
v -0.015191 -0.034917 -0.148977
v -0.013916 -0.034745 -0.147768
v -0.014826 -0.034659 -0.148342
v -0.014961 -0.035143 -0.148817
v -0.014824 -0.053521 -0.188187
v -0.015160 -0.053272 -0.188152
v -0.014361 -0.053673 -0.189113
v -0.013624 -0.054033 -0.188936
v -0.013568 -0.053950 -0.189274
v 0.008632 -0.051020 -0.156125
v -0.009191 -0.051027 -0.156124
v 0.008476 -0.053740 -0.186230
v 0.008321 -0.041813 -0.160657
v -0.008879 -0.041813 -0.160657
v -0.009032 -0.053744 -0.186239
v 0.011124 0.035461 -0.135390
v 0.011901 0.034768 -0.135496
v 0.011704 0.032543 -0.122634
v 0.010867 0.032835 -0.121225
v 0.009271 0.036070 -0.135357
v 0.009275 0.033194 -0.120607
v 0.009271 0.034199 -0.135723
v 0.011476 0.031607 -0.121996
v 0.009291 0.031308 -0.120980
v -0.000175 0.030834 -0.120695
v 0.003096 0.047676 -0.117471
v 0.006218 0.045904 -0.118008
v 0.009271 0.043676 -0.118581
v 0.008263 0.043734 -0.118525
v 0.008218 0.042248 -0.111070
v 0.008552 0.042553 -0.112930
v 0.009047 0.042304 -0.113559
v 0.009271 0.047192 -0.137104
v 0.012087 0.043592 -0.119409
v 0.010882 0.043034 -0.116080
v 0.011726 0.043112 -0.117693
v 0.012155 0.046832 -0.136765
v 0.012163 0.035656 -0.120867
v 0.011917 0.047071 -0.136910
v 0.012202 0.039191 -0.139998
v 0.011885 0.038982 -0.140346
v 0.012093 0.042643 -0.139958
v 0.012122 0.045009 -0.138747
v 0.009270 0.035518 -0.139426
v 0.014657 0.034316 -0.138156
v 0.009271 0.031880 -0.135726
v 0.014692 0.032265 -0.135508
v 0.009271 0.042729 -0.140164
v 0.009272 0.038870 -0.140485
v 0.014603 0.031480 -0.133300
v 0.014387 0.036682 -0.139652
v 0.013894 0.037981 -0.139686
v 0.012983 0.038348 -0.140182
v 0.009009 0.035168 -0.114452
v 0.008327 0.034852 -0.112444
v 0.008901 0.035487 -0.114546
v 0.011863 0.035436 -0.119371
v 0.011042 0.035390 -0.117513
v 0.014758 0.036765 -0.139301
v 0.014714 0.029043 -0.120044
v 0.009271 0.028602 -0.120270
v 0.014414 0.028823 -0.120155
v 0.014425 0.026300 -0.118022
v 0.009270 0.039735 -0.127023
v 0.009269 0.042175 -0.135552
v 0.009267 0.044472 -0.132476
v 0.009269 0.037061 -0.128103
v 0.009263 0.043338 -0.128304
v 0.009270 0.038811 -0.135884
v 0.009267 0.035452 -0.131071
v 0.009269 0.036418 -0.134276
v 0.009271 0.030005 -0.121022
v -0.000199 0.029567 -0.120502
v 0.008319 0.036535 -0.132490
v 0.008311 0.039189 -0.135159
v 0.008319 0.042740 -0.133858
v 0.008319 0.043549 -0.130948
v 0.008312 0.041199 -0.128008
v 0.008316 0.037221 -0.129159
v 0.008321 0.042143 -0.131658
v 0.008321 0.041071 -0.129751
v 0.008321 0.040670 -0.133531
v 0.008321 0.038743 -0.133181
v 0.008321 0.037877 -0.131175
v 0.008321 0.039339 -0.129562
v 0.012191 0.038939 -0.133305
v 0.012191 0.040668 -0.133487
v 0.012191 0.041803 -0.132489
v 0.012191 0.041885 -0.130509
v 0.012191 0.039992 -0.129461
v 0.012191 0.038598 -0.130045
v 0.012191 0.037905 -0.131653
v -0.012909 0.042064 -0.131199
v -0.012909 0.041412 -0.133024
v -0.012909 0.039310 -0.133546
v -0.012909 0.037872 -0.131403
v -0.012909 0.039142 -0.129661
v -0.012909 0.040868 -0.129666
v -0.012909 0.037692 -0.128830
v -0.012909 0.036420 -0.131164
v -0.012909 0.037403 -0.134020
v -0.012909 0.040622 -0.135134
v -0.012909 0.043275 -0.133018
v -0.012909 0.039796 -0.127984
v -0.012909 0.042311 -0.128771
v -0.012909 0.043440 -0.130791
v -0.013509 0.036450 -0.130942
v -0.013509 0.038477 -0.128204
v -0.013509 0.041861 -0.128450
v -0.013509 0.043420 -0.130573
v -0.013509 0.043302 -0.132837
v -0.013509 0.041836 -0.134570
v -0.013509 0.039621 -0.135061
v -0.013509 0.037253 -0.133853
v -0.013552 0.041371 -0.132433
v -0.013552 0.040297 -0.133138
v -0.013558 0.038928 -0.130203
v -0.013559 0.038384 -0.131843
v -0.013561 0.040819 -0.130071
v -0.013568 0.039135 -0.132918
v -0.013564 0.041634 -0.131366
v -0.013609 0.038317 -0.132837
v -0.013609 0.038128 -0.130678
v -0.013609 0.041040 -0.133444
v -0.013609 0.040096 -0.129353
v -0.013609 0.042038 -0.131064
v -0.014612 0.042028 -0.131598
v -0.014806 0.041440 -0.132820
v -0.014836 0.040056 -0.133490
v -0.014614 0.038972 -0.133310
v -0.014841 0.038107 -0.131912
v -0.014614 0.038166 -0.130601
v -0.014619 0.039737 -0.129458
v -0.014614 0.041541 -0.130169
v -0.014921 0.041712 -0.130858
v -0.014913 0.039419 -0.129776
v 0.009043 0.026332 -0.118302
v 0.009278 0.026213 -0.118228
v 0.009278 0.026213 -0.118229
v 0.009275 0.026262 -0.118298
v 0.014727 0.026536 -0.117897
v 0.014759 0.031084 -0.099218
v 0.014714 0.032206 -0.106101
v 0.014755 0.030354 -0.105969
v 0.013923 0.031629 -0.106884
v 0.013918 0.032046 -0.106638
v 0.014560 0.030890 -0.106354
v 0.012194 0.038313 -0.135262
v 0.012215 0.037036 -0.128705
v 0.014422 0.035901 -0.132306
v 0.013949 0.036058 -0.130165
v 0.013922 0.036903 -0.134334
v 0.012191 0.036471 -0.133565
v 0.012191 0.035982 -0.131338
v 0.012240 0.038419 -0.128760
v 0.012257 0.037795 -0.133879
v 0.012274 0.036823 -0.131688
v 0.012258 0.039701 -0.134667
v 0.012235 0.037263 -0.129989
v 0.012251 0.042436 -0.133580
v 0.012292 0.040805 -0.128375
v 0.012230 0.043202 -0.131502
v 0.011786 0.033186 -0.106354
v 0.010953 0.033229 -0.106529
v 0.012832 0.032425 -0.106782
v 0.014487 0.027490 -0.102486
v 0.014751 0.028191 -0.103792
v 0.014442 0.033705 -0.099558
v 0.014759 0.034760 -0.102311
v 0.014722 0.033676 -0.105194
v 0.014750 0.028026 -0.101797
v 0.014582 0.028470 -0.100145
v 0.014208 0.034919 -0.100972
v 0.014152 0.035329 -0.103040
v 0.014267 0.034584 -0.104933
v 0.014175 0.029009 -0.099358
v 0.014101 0.033200 -0.106211
v 0.014116 0.030625 -0.098693
v 0.014105 0.032319 -0.098765
v 0.013919 0.023214 -0.102134
v 0.013241 0.023190 -0.100828
v 0.014297 0.023465 -0.103593
v 0.014672 0.023854 -0.104219
v 0.008246 0.033841 -0.106380
v 0.008471 0.033611 -0.106343
v 0.008499 0.033796 -0.099109
v 0.008406 0.035272 -0.100949
v 0.008298 0.035682 -0.102588
v 0.008286 0.035181 -0.104867
v 0.008500 0.034751 -0.105235
v 0.008342 0.032086 -0.098348
v 0.008233 0.034099 -0.099030
v 0.013765 0.027679 -0.100663
v 0.014145 0.027406 -0.101549
v 0.012903 0.029026 -0.099166
v 0.012545 0.030880 -0.098530
v 0.012002 0.031213 -0.098388
v 0.010658 0.031727 -0.098431
v 0.009702 0.030993 -0.095236
v 0.010483 0.031348 -0.096546
v 0.008792 0.030566 -0.093593
v 0.008232 0.030327 -0.091559
v 0.008242 0.031175 -0.093355
v 0.008557 0.030999 -0.093605
v 0.009646 0.022137 -0.097073
v 0.008009 0.021443 -0.094056
v 0.008221 0.021619 -0.093081
v 0.008670 0.021883 -0.095135
v 0.009365 0.022389 -0.096341
v 0.008097 0.019093 -0.081631
v 0.012482 0.042921 -0.129910
v 0.012486 0.041447 -0.134493
v 0.014119 0.042875 -0.130169
v 0.013900 0.041913 -0.128791
v 0.014169 0.040100 -0.128391
v 0.014065 0.038197 -0.128873
v 0.014068 0.036826 -0.130824
v 0.014096 0.037171 -0.132959
v 0.013896 0.038106 -0.134230
v 0.014113 0.039510 -0.134666
v 0.014120 0.041824 -0.134184
v 0.014031 0.043105 -0.132593
v 0.008117 0.019378 -0.078388
v 0.008116 0.021022 -0.075128
v 0.008080 0.023160 -0.073081
v 0.008068 0.025739 -0.071922
v 0.008087 0.029332 -0.071310
v 0.007916 0.019020 -0.079884
v 0.007904 0.020106 -0.076370
v 0.008082 0.032461 -0.071593
v -0.000300 0.028976 -0.071044
v 0.008064 0.034864 -0.072689
v 0.005142 0.038628 -0.076833
v 0.006155 0.037479 -0.074918
v 0.007130 0.036298 -0.073676
v 0.008113 0.030632 -0.075673
v 0.008124 0.032595 -0.076374
v 0.008122 0.034086 -0.077844
v 0.008131 0.034807 -0.079662
v 0.008108 0.034852 -0.080873
v 0.008122 0.034260 -0.082866
v 0.008131 0.032992 -0.084355
v 0.008004 0.031971 -0.084909
v 0.008139 0.030664 -0.085323
v 0.008124 0.028859 -0.085239
v 0.008122 0.026976 -0.084321
v 0.008123 0.025659 -0.082712
v 0.008133 0.025193 -0.081148
v 0.008128 0.025205 -0.079616
v 0.008127 0.025796 -0.078082
v 0.008128 0.026718 -0.076894
v 0.008119 0.028758 -0.075768
v 0.007391 0.025847 -0.082876
v 0.007391 0.027641 -0.084715
v 0.007391 0.030155 -0.085282
v 0.007391 0.032619 -0.084559
v 0.007391 0.034298 -0.082603
v 0.007391 0.034803 -0.079559
v 0.007391 0.032801 -0.076564
v 0.007390 0.029335 -0.075670
v 0.007391 0.026599 -0.077135
v 0.007390 0.025153 -0.079841
v 0.008141 0.025832 -0.083045
v 0.008141 0.028724 -0.085148
v 0.008141 0.032315 -0.084800
v 0.008141 0.034323 -0.082528
v 0.008141 0.034762 -0.079419
v 0.008141 0.032259 -0.076171
v 0.008141 0.029261 -0.075783
v 0.008141 0.026869 -0.076835
v 0.008141 0.025290 -0.079478
v 0.008141 0.028727 -0.078804
v 0.008141 0.032163 -0.080243
v 0.008141 0.030590 -0.082548
v 0.008141 0.030612 -0.078548
v 0.008141 0.028032 -0.081435
v 0.004141 0.028412 -0.079141
v 0.004141 0.030627 -0.078443
v 0.004141 0.032030 -0.080171
v 0.004141 0.031432 -0.082023
v 0.004141 0.029555 -0.082507
v 0.004141 0.028055 -0.081267
v 0.004141 0.030258 -0.077674
v 0.004141 0.032823 -0.080658
v 0.004141 0.032123 -0.078689
v 0.004141 0.029704 -0.083275
v 0.004141 0.027211 -0.080038
v 0.004141 0.031707 -0.082753
v 0.004141 0.027842 -0.082327
v 0.004141 0.028307 -0.078282
v 0.007391 0.027581 -0.081980
v 0.007391 0.029870 -0.083380
v 0.007391 0.032270 -0.082200
v 0.007391 0.032765 -0.079870
v 0.007391 0.031310 -0.077985
v 0.007391 0.028632 -0.077961
v 0.007391 0.027264 -0.079908
v 0.002771 0.027683 -0.082083
v 0.002771 0.029682 -0.083372
v 0.002771 0.032166 -0.082341
v 0.002771 0.032741 -0.079418
v 0.002771 0.030594 -0.077758
v 0.002771 0.028535 -0.078064
v 0.002771 0.027195 -0.080040
v -0.000229 0.032088 -0.071190
v -0.000229 0.034884 -0.072352
v -0.000314 0.037268 -0.074330
v -0.000230 0.038847 -0.076970
v 0.003332 0.041241 -0.085135
v 0.000208 0.042914 -0.090251
v -0.005633 0.038663 -0.076957
v -0.002669 0.042048 -0.087615
v -0.008523 0.032480 -0.071587
v -0.008329 0.029325 -0.071222
v -0.006337 0.037703 -0.075212
v -0.008536 0.034859 -0.072702
v -0.007418 0.036545 -0.073871
v -0.009639 0.026259 -0.118272
v -0.000229 0.025747 -0.117269
v -0.000229 0.025850 -0.117421
v 0.002771 0.025969 -0.117684
v 0.002771 0.025969 -0.117684
v 0.002771 0.025919 -0.117614
v 0.002771 0.025919 -0.117614
v 0.002391 0.025891 -0.117555
v -0.003229 0.025919 -0.117614
v -0.003229 0.025969 -0.117684
v -0.003229 0.025919 -0.117614
v -0.003229 0.025969 -0.117684
v -0.002817 0.025891 -0.117554
v -0.009729 0.028601 -0.120271
v -0.009729 0.031314 -0.121002
v -0.009729 0.029833 -0.120978
v -0.009736 0.026213 -0.118229
v -0.009739 0.026176 -0.118152
v -0.009736 0.026213 -0.118228
v 0.001766 0.021450 -0.095099
v 0.001771 0.018760 -0.080944
v -0.002182 0.025707 -0.071691
v 0.001774 0.025564 -0.071645
v 0.001771 0.021505 -0.074139
v 0.001771 0.019435 -0.077298
v -0.008612 0.029857 -0.071370
v -0.008577 0.024247 -0.072524
v -0.008538 0.021733 -0.074242
v -0.008573 0.020060 -0.076636
v -0.008571 0.019083 -0.081466
v -0.008362 0.025740 -0.071873
v -0.008377 0.019088 -0.079081
v -0.008588 0.021347 -0.093140
v -0.002229 0.018749 -0.080834
v -0.002229 0.019481 -0.077164
v -0.002229 0.022229 -0.073370
v -0.002229 0.021443 -0.095055
v -0.015079 0.026346 -0.117964
v -0.009227 0.021889 -0.096317
v -0.013368 0.022917 -0.100997
v -0.013712 0.023174 -0.100859
v -0.014748 0.023464 -0.103592
v -0.014507 0.023547 -0.102191
v -0.015141 0.023885 -0.104216
v -0.009069 0.021948 -0.094820
v -0.009899 0.022243 -0.096612
v -0.015202 0.029125 -0.119992
v -0.014941 0.028845 -0.120147
v -0.015124 0.031751 -0.134259
v -0.014900 0.036475 -0.139548
v -0.015100 0.034303 -0.138151
v -0.015150 0.032783 -0.136334
v -0.014482 0.027467 -0.101219
v -0.015178 0.027918 -0.103437
v -0.014572 0.027961 -0.100457
v -0.014828 0.027437 -0.102123
v -0.015200 0.034724 -0.103003
v -0.015176 0.030489 -0.106153
v -0.014509 0.031735 -0.106695
v -0.015197 0.032257 -0.099274
v -0.015098 0.029669 -0.099426
v -0.015227 0.028126 -0.101444
v -0.015199 0.032573 -0.105878
v -0.014895 0.034420 -0.105022
v -0.015188 0.034215 -0.100801
v -0.014639 0.034929 -0.100977
v -0.014573 0.033876 -0.099581
v -0.014564 0.032304 -0.098764
v -0.014571 0.030606 -0.098696
v -0.014575 0.029020 -0.099339
v -0.014582 0.033191 -0.106211
v -0.014566 0.035317 -0.102655
v -0.014479 0.034960 -0.104355
v -0.013857 0.028074 -0.100024
v -0.013197 0.029562 -0.098899
v -0.010182 0.031016 -0.095262
v -0.010746 0.031337 -0.096362
v -0.013041 0.030799 -0.098555
v -0.008688 0.030293 -0.091410
v -0.008919 0.031071 -0.093701
v -0.009209 0.030616 -0.093494
v -0.012642 0.031169 -0.098464
v -0.008674 0.031282 -0.093441
v -0.008936 0.032041 -0.098377
v -0.011089 0.031742 -0.098428
v -0.015147 0.036940 -0.139172
v -0.014420 0.031570 -0.106984
v -0.008765 0.034760 -0.105348
v -0.008941 0.033612 -0.106339
v -0.008839 0.035353 -0.104147
v -0.008752 0.035662 -0.102857
v -0.008842 0.034835 -0.100155
v -0.008764 0.033509 -0.098883
v -0.013012 0.032905 -0.106446
v -0.008701 0.032257 -0.098264
v -0.008655 0.035756 -0.100887
v -0.008709 0.033816 -0.106390
v -0.008823 0.035564 -0.101782
v -0.013297 0.032433 -0.106761
v -0.011476 0.033203 -0.106542
v -0.008768 0.034816 -0.112216
v -0.015166 0.036741 -0.139409
v -0.009896 0.035593 -0.115421
v -0.009121 0.035183 -0.113911
v -0.008673 0.042251 -0.111090
v -0.008586 0.029569 -0.075643
v -0.008584 0.027569 -0.076274
v -0.008586 0.026019 -0.077684
v -0.008586 0.025205 -0.079616
v -0.008580 0.025272 -0.081686
v -0.008589 0.025738 -0.082866
v -0.008580 0.026976 -0.084321
v -0.008582 0.028859 -0.085239
v -0.008578 0.030957 -0.085276
v -0.008597 0.032874 -0.084447
v -0.008581 0.033917 -0.083355
v -0.008568 0.034655 -0.081916
v -0.008589 0.034871 -0.080669
v -0.008580 0.034562 -0.078785
v -0.008580 0.033420 -0.077028
v -0.008584 0.031648 -0.075911
v -0.007849 0.025286 -0.081546
v -0.007849 0.025616 -0.078477
v -0.007849 0.028172 -0.075962
v -0.007849 0.032275 -0.076169
v -0.007849 0.034774 -0.079431
v -0.007849 0.033906 -0.083446
v -0.007849 0.031242 -0.085122
v -0.007849 0.028713 -0.085154
v -0.007849 0.026509 -0.083770
v -0.008599 0.025292 -0.081798
v -0.008599 0.027942 -0.084928
v -0.008598 0.031545 -0.085065
v -0.008599 0.034311 -0.082795
v -0.008599 0.034540 -0.078700
v -0.008599 0.032015 -0.076122
v -0.008599 0.028449 -0.075870
v -0.008599 0.025737 -0.078250
v -0.008599 0.029781 -0.078456
v -0.008599 0.031930 -0.079490
v -0.008599 0.031432 -0.082023
v -0.008599 0.029555 -0.082507
v -0.008599 0.028055 -0.081267
v -0.008599 0.028300 -0.079343
v -0.004599 0.027974 -0.079839
v -0.004599 0.030095 -0.078371
v -0.004599 0.032163 -0.080243
v -0.004599 0.030590 -0.082548
v -0.004599 0.028517 -0.081924
v -0.004599 0.032032 -0.082413
v -0.004599 0.032827 -0.080482
v -0.004599 0.027475 -0.079013
v -0.004599 0.030135 -0.077676
v -0.004599 0.027587 -0.081973
v -0.004599 0.032020 -0.078575
v -0.004599 0.029868 -0.083371
v -0.007849 0.027837 -0.082334
v -0.007849 0.029705 -0.083283
v -0.007849 0.031977 -0.082598
v -0.007849 0.032799 -0.080044
v -0.007849 0.031218 -0.077887
v -0.007849 0.028540 -0.078069
v -0.007849 0.027202 -0.080039
v -0.003229 0.029199 -0.077723
v -0.003229 0.032326 -0.078691
v -0.003229 0.032590 -0.081673
v -0.003229 0.031050 -0.083102
v -0.003229 0.028672 -0.083067
v -0.003229 0.027067 -0.080214
v -0.009729 0.031889 -0.135737
v -0.009728 0.035516 -0.139425
v -0.013780 0.038114 -0.140123
v -0.009730 0.038867 -0.140485
v -0.009729 0.042729 -0.140164
v -0.012550 0.041422 -0.140222
v -0.012575 0.043503 -0.139586
v -0.009729 0.047207 -0.137063
v -0.012658 0.039201 -0.139959
v -0.012305 0.038981 -0.140354
v -0.014005 0.038299 -0.139713
v -0.012525 0.045547 -0.138418
v -0.012506 0.047038 -0.136812
v -0.012613 0.043500 -0.119784
v -0.012353 0.043460 -0.118488
v -0.012646 0.035560 -0.120865
v -0.012671 0.037040 -0.128704
v -0.012651 0.038306 -0.135243
v -0.013951 0.036356 -0.129618
v -0.014023 0.037285 -0.134642
v -0.014757 0.036278 -0.133379
v -0.014823 0.035943 -0.132370
v -0.014707 0.035867 -0.130988
v -0.012646 0.036193 -0.133190
v -0.012649 0.036122 -0.130469
v -0.012167 0.035429 -0.118957
v -0.011483 0.035366 -0.117445
v -0.012649 0.039339 -0.129562
v -0.012649 0.038355 -0.132917
v -0.012649 0.041484 -0.129972
v -0.012649 0.042000 -0.132084
v -0.012649 0.038072 -0.130759
v -0.012649 0.040670 -0.133531
v -0.009826 0.042667 -0.114148
v -0.011553 0.043050 -0.116367
v -0.009049 0.042420 -0.112614
v -0.009729 0.043676 -0.118581
v -0.008716 0.043737 -0.118524
v -0.004405 0.047476 -0.117588
v -0.009734 0.033195 -0.120603
v -0.008779 0.038264 -0.132881
v -0.008779 0.040802 -0.133482
v -0.008779 0.042031 -0.131959
v -0.008779 0.041517 -0.130062
v -0.008779 0.039647 -0.129484
v -0.008779 0.038212 -0.130473
v -0.008775 0.038257 -0.128318
v -0.008777 0.036422 -0.131170
v -0.008774 0.037663 -0.134336
v -0.008777 0.042880 -0.133683
v -0.008777 0.043505 -0.130728
v -0.008777 0.041659 -0.128339
v -0.008778 0.040590 -0.135031
v -0.009725 0.035489 -0.130789
v -0.009727 0.037254 -0.127947
v -0.009721 0.041007 -0.126998
v -0.009721 0.044476 -0.130297
v -0.009728 0.043745 -0.134051
v -0.009725 0.040980 -0.135994
v -0.009721 0.036800 -0.134893
v -0.000216 0.048176 -0.117276
v -0.009729 0.036070 -0.135357
v -0.009729 0.034199 -0.135723
v -0.012150 0.031751 -0.122684
v -0.012162 0.032543 -0.122637
v -0.010995 0.031419 -0.121254
v -0.011311 0.032841 -0.121202
v -0.012356 0.034750 -0.135498
v -0.011576 0.035463 -0.135392
v -0.014504 -0.031744 -0.079703
v -0.014464 -0.030711 -0.078646
v -0.014449 -0.028867 -0.078692
v -0.014435 -0.027931 -0.080295
v -0.014491 -0.028777 -0.082045
v -0.014445 -0.031465 -0.081583
v -0.014260 -0.029811 -0.082486
v -0.013250 -0.031900 -0.080888
v -0.013250 -0.031335 -0.078824
v -0.013250 -0.029199 -0.078467
v -0.013250 -0.027875 -0.079883
v -0.013250 -0.028644 -0.082122
v -0.013250 -0.030806 -0.082246
v -0.013194 -0.031501 -0.079956
v -0.013205 -0.030095 -0.078686
v -0.013200 -0.031004 -0.081700
v -0.013200 -0.028382 -0.079697
v -0.013202 -0.029290 -0.081929
v -0.013197 -0.028426 -0.081082
v -0.013150 -0.029190 -0.076812
v -0.013150 -0.026589 -0.078991
v -0.013150 -0.026567 -0.081626
v -0.013150 -0.032738 -0.078092
v -0.013150 -0.031719 -0.083574
v -0.013150 -0.033393 -0.081058
v -0.013150 -0.028314 -0.083630
v -0.012550 -0.026474 -0.079118
v -0.012550 -0.026807 -0.082146
v -0.012550 -0.028495 -0.083662
v -0.012550 -0.030755 -0.083847
v -0.012550 -0.032924 -0.082351
v -0.012550 -0.033393 -0.079743
v -0.012550 -0.032274 -0.077758
v -0.012550 -0.029428 -0.076773
v -0.012550 -0.031827 -0.081149
v -0.012550 -0.028931 -0.082194
v -0.012499 -0.028231 -0.081543
v -0.012550 -0.030511 -0.082363
v -0.012513 -0.027859 -0.080270
v -0.012496 -0.028683 -0.078703
v -0.012472 -0.030610 -0.078453
v -0.012497 -0.031779 -0.079551
v 0.012550 -0.031777 -0.081470
v 0.012550 -0.031909 -0.079823
v 0.012550 -0.029094 -0.082306
v 0.012550 -0.030618 -0.082383
v 0.010963 -0.028887 -0.082206
v 0.008700 -0.028584 -0.082026
v -0.008599 -0.027780 -0.080789
v -0.010862 -0.028762 -0.082095
v 0.008700 -0.027875 -0.079883
v -0.008599 -0.028694 -0.078735
v 0.008700 -0.029199 -0.078467
v -0.008599 -0.030900 -0.078520
v 0.008700 -0.031086 -0.078705
v -0.010862 -0.031703 -0.079389
v 0.010962 -0.031952 -0.079711
v -0.012449 -0.031739 -0.081806
v -0.010862 -0.032038 -0.080820
v -0.010862 -0.030949 -0.082369
v -0.010862 -0.029491 -0.082458
v -0.012449 -0.029472 -0.082481
v 0.010962 -0.031731 -0.081624
v 0.010962 -0.030320 -0.082538
v -0.008599 -0.032034 -0.080268
v -0.008599 -0.031321 -0.082239
v -0.008599 -0.029048 -0.082339
v 0.008700 -0.032067 -0.080362
v 0.008700 -0.031066 -0.082406
v -0.008614 -0.033546 -0.078390
v -0.008616 -0.031496 -0.076753
v -0.008616 -0.032262 -0.083842
v -0.008615 -0.033904 -0.081837
v -0.008615 -0.030206 -0.084568
v -0.008614 -0.027313 -0.083632
v -0.008614 -0.026727 -0.077987
v -0.008616 -0.025949 -0.080926
v -0.008616 -0.029355 -0.076478
v 0.008715 -0.033546 -0.082610
v 0.008716 -0.031895 -0.076895
v 0.008716 -0.033904 -0.079163
v 0.008716 -0.028876 -0.076530
v 0.008717 -0.026786 -0.078061
v 0.008717 -0.025949 -0.080074
v 0.008716 -0.028081 -0.084153
v 0.008715 -0.031102 -0.084421
v 0.008715 -0.026339 -0.082196
v -0.009353 -0.034882 -0.081406
v -0.009357 -0.033443 -0.077029
v -0.009356 -0.029035 -0.075627
v -0.009360 -0.025795 -0.078126
v -0.009353 -0.025350 -0.082240
v -0.009360 -0.028337 -0.085033
v -0.009359 -0.031951 -0.084985
v 0.009459 -0.034583 -0.082205
v 0.009462 -0.032608 -0.084512
v 0.009457 -0.029021 -0.085361
v 0.009454 -0.025245 -0.081929
v 0.009461 -0.025933 -0.077898
v 0.009461 -0.028337 -0.075966
v 0.009459 -0.031950 -0.076016
v 0.009461 -0.034436 -0.078594
v -0.009378 -0.019174 -0.072938
v -0.009399 -0.019461 -0.088814
v -0.009432 -0.039637 -0.089921
v -0.009346 -0.014868 -0.088684
v -0.009317 -0.018790 -0.080042
v -0.009631 -0.040135 -0.069936
v -0.008782 -0.021371 -0.070505
v -0.009239 -0.039349 -0.070709
v -0.009406 -0.021163 -0.071401
v -0.008818 -0.018211 -0.079920
v -0.008952 -0.018262 -0.072966
v -0.010061 -0.040146 -0.090088
v 0.000050 -0.040820 -0.068894
v 0.000051 -0.039717 -0.069998
v -0.008895 -0.014610 -0.087625
v -0.010374 -0.013153 -0.090775
v -0.010381 -0.020423 -0.090863
v -0.010228 -0.037480 -0.092445
v -0.010345 -0.034847 -0.093723
v -0.010345 -0.032042 -0.094435
v -0.010628 -0.029194 -0.094528
v -0.010412 -0.026025 -0.094023
v -0.010376 -0.023114 -0.092783
v -0.009495 -0.027959 -0.094040
v -0.009417 -0.035353 -0.092895
v -0.009398 -0.031819 -0.093808
v -0.009395 -0.022419 -0.091673
v -0.010860 -0.040151 -0.090027
v -0.012865 -0.039138 -0.089766
v -0.012862 -0.033624 -0.093047
v -0.012862 -0.028596 -0.093484
v -0.012863 -0.023817 -0.092001
v -0.012862 -0.020866 -0.089750
v -0.010860 -0.001123 -0.090750
v -0.006404 -0.006530 -0.090983
v -0.005909 -0.012709 -0.091019
v -0.012862 -0.039199 -0.018404
v -0.010877 -0.040136 -0.017972
v -0.010864 -0.038407 -0.016138
v -0.012791 -0.038434 -0.017328
v -0.012782 -0.038362 -0.081709
v -0.010860 -0.038155 -0.081573
v -0.010860 -0.031014 -0.088641
v -0.010860 -0.034415 -0.087506
v -0.010860 -0.037187 -0.084484
v -0.012794 -0.031210 -0.088867
v -0.012784 -0.033194 -0.088300
v -0.012797 -0.035377 -0.087053
v -0.012778 -0.037466 -0.084489
v -0.012792 0.031229 -0.088864
v -0.010860 0.031163 -0.088634
v -0.012781 0.038360 -0.081703
v -0.010860 0.038158 -0.081471
v -0.012778 0.037465 -0.084492
v -0.010860 0.037006 -0.084915
v -0.012802 0.035821 -0.086626
v -0.012764 0.033969 -0.087967
v -0.010860 0.033983 -0.087687
v -0.012779 0.038413 -0.017304
v 0.000297 -0.038379 -0.015524
v 0.000049 -0.040036 -0.016740
v 0.000111 -0.040748 -0.018146
v -0.010859 0.040137 -0.017957
v -0.012862 0.039192 -0.018359
v -0.010865 0.038474 -0.016184
v -0.012861 0.028591 -0.093492
v -0.012862 0.033825 -0.092992
v -0.012862 0.023577 -0.091878
v -0.012861 0.020845 -0.089750
v -0.010875 0.025532 -0.093761
v -0.010405 0.023135 -0.092806
v -0.010380 0.028805 -0.094532
v -0.010191 0.031873 -0.094451
v -0.010334 0.034716 -0.093762
v -0.010358 0.037409 -0.092476
v -0.010333 0.020373 -0.090790
v -0.010859 0.040152 -0.090035
v -0.012864 0.039151 -0.089736
v -0.000010 0.040748 -0.018146
v 0.000052 0.040036 -0.016740
v -0.000196 0.038379 -0.015524
v -0.010861 0.001139 -0.090750
v -0.009793 0.025951 -0.093847
v -0.008861 -0.001681 -0.089736
v -0.008861 0.001731 -0.089750
v -0.008803 0.000010 -0.087870
v -0.010374 0.013153 -0.090775
v -0.006466 0.006417 -0.090980
v -0.005950 0.012706 -0.091021
v -0.009993 0.039749 -0.090550
v -0.009395 0.039525 -0.089806
v -0.009399 0.019461 -0.088814
v -0.009420 0.022361 -0.091683
v -0.009398 0.028842 -0.093882
v -0.009417 0.033606 -0.093511
v -0.009398 0.036931 -0.092006
v -0.009344 0.014854 -0.088669
v -0.009982 0.040207 -0.089696
v -0.010022 0.040251 -0.069835
v -0.009258 0.039343 -0.070717
v 0.000051 0.040820 -0.068894
v -0.008897 0.014615 -0.087621
v -0.009324 0.018805 -0.079972
v -0.008783 0.018196 -0.079938
v -0.007711 -0.021340 -0.070401
v -0.007712 -0.018320 -0.070620
v -0.000084 -0.017740 -0.070647
v -0.000003 -0.018274 -0.070057
v -0.007712 -0.018103 -0.072872
v -0.004088 -0.017792 -0.077551
v 0.000050 -0.017682 -0.076982
v -0.004089 -0.017913 -0.079920
v -0.004089 -0.015126 -0.085862
v -0.002844 -0.013516 -0.088980
v -0.002825 -0.014927 -0.085445
v 0.009359 -0.039343 -0.070717
v 0.010123 -0.040251 -0.069835
v 0.009486 -0.028189 -0.071324
v 0.008890 -0.028372 -0.070507
v 0.010084 -0.040207 -0.089697
v 0.007812 -0.028348 -0.070400
v 0.007812 -0.022660 -0.070401
v 0.009268 -0.022622 -0.070700
v 0.008748 -0.018770 -0.070504
v 0.009357 -0.018809 -0.070952
v 0.008944 -0.018244 -0.071118
v 0.008884 -0.018196 -0.079938
v 0.009425 -0.018805 -0.079972
v 0.007813 -0.028179 -0.069007
v 0.007813 -0.022802 -0.069022
v 0.009964 -0.028488 -0.069241
v 0.009965 -0.022512 -0.069140
v 0.009962 -0.022784 -0.071293
v 0.009962 -0.024192 -0.072793
v 0.009462 -0.023841 -0.072561
v 0.009962 -0.026642 -0.072866
v 0.009462 -0.026208 -0.072978
v 0.009962 -0.028191 -0.071366
v 0.009496 -0.039525 -0.089806
v 0.010097 -0.039761 -0.090540
v -0.004089 -0.014783 -0.085289
v 0.008998 -0.014615 -0.087621
v 0.009445 -0.014854 -0.088669
v 0.009500 -0.019461 -0.088814
v 0.010475 -0.013153 -0.090775
v 0.010434 -0.020373 -0.090790
v 0.010506 -0.023135 -0.092806
v 0.009894 -0.025951 -0.093847
v 0.010481 -0.028805 -0.094532
v 0.010292 -0.031873 -0.094451
v 0.010435 -0.034716 -0.093762
v 0.010459 -0.037409 -0.092476
v 0.009521 -0.022361 -0.091683
v 0.009499 -0.028842 -0.093882
v 0.009506 -0.033622 -0.093485
v 0.009522 -0.037094 -0.091940
v 0.010961 -0.040150 -0.090029
v 0.010976 -0.025532 -0.093761
v 0.010960 -0.040137 -0.017957
v 0.012965 -0.039151 -0.089736
v 0.012963 -0.023577 -0.091878
v 0.012962 -0.028591 -0.093492
v 0.012963 -0.033825 -0.092992
v 0.012962 -0.020845 -0.089750
v 0.006051 -0.012706 -0.091021
v 0.006567 -0.006417 -0.090980
v 0.010962 -0.001139 -0.090750
v 0.012963 -0.039192 -0.018359
v 0.010966 -0.038474 -0.016184
v 0.000050 -0.000786 -0.015429
v 0.012880 -0.038413 -0.017304
v 0.010961 -0.038157 -0.081478
v 0.012882 -0.038360 -0.081703
v 0.012879 -0.037465 -0.084492
v 0.010961 -0.037306 -0.084248
v 0.012903 -0.035821 -0.086626
v 0.010961 -0.034760 -0.087275
v 0.012865 -0.033969 -0.087967
v 0.012895 -0.031226 -0.088866
v 0.010961 -0.031112 -0.088645
v 0.012893 0.031213 -0.088865
v 0.010961 0.031052 -0.088642
v 0.010961 0.033759 -0.087812
v 0.010961 0.036288 -0.085792
v 0.010961 0.038106 -0.082258
v 0.012885 0.033194 -0.088300
v 0.012898 0.035377 -0.087053
v 0.012879 0.037466 -0.084489
v 0.012883 0.038362 -0.081709
v 0.010965 0.038407 -0.016138
v 0.012892 0.038434 -0.017328
v 0.010978 0.040136 -0.017972
v 0.012963 0.039199 -0.018404
v 0.012966 0.039138 -0.089766
v 0.012963 0.033624 -0.093047
v 0.012964 0.023817 -0.092001
v 0.012963 0.028596 -0.093484
v 0.012963 0.020866 -0.089750
v 0.010446 0.034847 -0.093723
v 0.010329 0.037480 -0.092445
v 0.010446 0.032042 -0.094435
v 0.010729 0.029194 -0.094528
v 0.010513 0.026025 -0.094023
v 0.010477 0.023114 -0.092783
v 0.010959 0.040153 -0.090033
v 0.010482 0.020423 -0.090863
v 0.000051 0.000786 -0.015429
v -0.000904 0.000000 -0.015478
v 0.001005 -0.000000 -0.015478
v 0.000050 0.039717 -0.069998
v 0.009732 0.040135 -0.069936
v 0.010164 0.040147 -0.090089
v 0.009533 0.039637 -0.089921
v -0.009383 0.028190 -0.071322
v -0.008789 0.028372 -0.070507
v -0.009359 0.031668 -0.085098
v -0.009360 0.034436 -0.078594
v -0.009358 0.034583 -0.082205
v -0.009360 0.028090 -0.084935
v -0.009357 0.031731 -0.075879
v -0.009361 0.026208 -0.072978
v -0.009353 0.025245 -0.081929
v -0.009361 0.023841 -0.072561
v -0.009167 0.022622 -0.070700
v -0.009350 0.026727 -0.076690
v -0.008646 0.018771 -0.070503
v -0.009256 0.018809 -0.070952
v -0.008845 0.018246 -0.071117
v -0.007711 0.028348 -0.070400
v -0.007711 0.022660 -0.070401
v 0.000102 0.018274 -0.070057
v 0.000191 0.017740 -0.070647
v -0.007712 0.022802 -0.069022
v -0.007712 0.028179 -0.069007
v -0.009862 0.028488 -0.069241
v -0.009864 0.022512 -0.069140
v -0.009861 0.022784 -0.071293
v -0.009861 0.024192 -0.072793
v -0.009861 0.026642 -0.072866
v -0.009861 0.028191 -0.071366
v -0.008616 0.034011 -0.080060
v -0.008614 0.033546 -0.082610
v -0.008616 0.031496 -0.084247
v -0.008611 0.029371 -0.084527
v -0.008615 0.026727 -0.083014
v -0.008616 0.025949 -0.080074
v -0.008616 0.027033 -0.077710
v -0.008616 0.028917 -0.076613
v -0.008618 0.031087 -0.076576
v -0.008615 0.033234 -0.078024
v -0.008599 0.029489 -0.082584
v -0.008599 0.028420 -0.079100
v -0.008599 0.027987 -0.081009
v -0.008599 0.031551 -0.081880
v -0.008599 0.030054 -0.078451
v -0.008599 0.031964 -0.079507
v -0.010861 0.031455 -0.081967
v -0.010861 0.029588 -0.082557
v -0.010861 0.028099 -0.081309
v -0.010861 0.028086 -0.079796
v -0.010861 0.029295 -0.078519
v -0.010861 0.031004 -0.078725
v -0.010861 0.032065 -0.080116
v 0.010963 0.027969 -0.080119
v 0.010963 0.028809 -0.078844
v 0.010963 0.030496 -0.078460
v 0.010963 0.032035 -0.079981
v 0.010963 0.031412 -0.082055
v 0.010963 0.029926 -0.082520
v 0.010963 0.028524 -0.081994
v 0.008700 0.032046 -0.081022
v 0.008700 0.030499 -0.082547
v 0.008700 0.028420 -0.081900
v 0.008700 0.027987 -0.079991
v 0.008700 0.029495 -0.078407
v 0.008700 0.031551 -0.079120
v 0.008715 0.026339 -0.078804
v 0.008717 0.028085 -0.076844
v 0.008716 0.031104 -0.076579
v 0.008718 0.033252 -0.078047
v 0.008716 0.034073 -0.080515
v 0.008716 0.027313 -0.083632
v 0.008711 0.030199 -0.084565
v 0.008717 0.025949 -0.080926
v 0.008716 0.032982 -0.083353
v 0.009459 0.034583 -0.078795
v 0.009459 0.031667 -0.075904
v 0.009462 0.028090 -0.076065
v 0.009454 0.025245 -0.079071
v 0.009461 0.025933 -0.083102
v 0.009461 0.028337 -0.085033
v 0.009460 0.031951 -0.084985
v 0.009461 0.034436 -0.082406
v 0.009340 0.039349 -0.070709
v 0.009213 0.021377 -0.070653
v 0.007812 0.021340 -0.070401
v 0.007813 0.018320 -0.070620
v 0.009500 0.019461 -0.088814
v 0.009596 0.027959 -0.094040
v 0.009518 0.035353 -0.092895
v 0.009499 0.031819 -0.093808
v 0.009496 0.022419 -0.091673
v 0.009447 0.014868 -0.088684
v 0.010475 0.013153 -0.090775
v 0.006010 0.012709 -0.091019
v 0.006505 0.006530 -0.090983
v 0.010961 0.001123 -0.090750
v 0.008962 0.001681 -0.089736
v 0.008962 -0.001731 -0.089750
v 0.008904 -0.000010 -0.087870
v 0.008997 0.014610 -0.087626
v 0.009468 0.020464 -0.072352
v 0.009259 0.018377 -0.073000
v 0.008897 0.018203 -0.079926
v 0.009421 0.018796 -0.079962
v 0.007813 0.018103 -0.072872
v 0.004189 0.017792 -0.077551
v 0.000051 0.017682 -0.076982
v 0.004190 0.017913 -0.079920
v 0.004190 0.015126 -0.085862
v 0.002945 0.013516 -0.088980
v 0.002926 0.014927 -0.085445
v 0.004190 0.014783 -0.085289
v -0.012449 -0.003181 -0.016000
v -0.012449 0.036484 -0.016197
v -0.012449 -0.038107 -0.018104
v -0.010862 -0.038092 -0.018134
v -0.010864 -0.036273 -0.016050
v -0.012449 -0.036269 -0.016091
v -0.012449 -0.038150 -0.080400
v -0.012449 -0.033327 -0.088000
v -0.012449 -0.037453 -0.084168
v -0.012449 0.022775 -0.088650
v -0.012449 0.002750 -0.088650
v -0.012449 -0.029900 -0.088650
v -0.010863 0.036216 -0.016057
v -0.010861 0.038081 -0.018055
v -0.012449 0.038043 -0.018030
v -0.012449 0.038150 -0.072394
v -0.012449 0.038150 -0.028881
v -0.012449 0.037813 -0.083282
v -0.012449 0.035043 -0.086896
v -0.012449 0.031825 -0.088485
v 0.000050 -0.017336 -0.077449
v -0.004089 -0.016730 -0.079635
v -0.004087 -0.016156 -0.077637
v -0.004089 -0.016323 -0.083114
v 0.000050 -0.016211 -0.077475
v 0.000051 -0.017699 -0.071694
v 0.000051 -0.016193 -0.071693
v -0.002831 -0.012107 -0.087026
v -0.002830 -0.008739 -0.087228
v -0.002832 -0.006053 -0.086090
v -0.002828 -0.004400 -0.084497
v -0.002829 -0.003727 -0.083256
v -0.002832 -0.003167 -0.081292
v -0.002829 -0.003207 -0.078781
v -0.004123 -0.003788 -0.077771
v -0.002829 -0.005863 -0.075037
v -0.002829 -0.007952 -0.073981
v -0.004090 -0.008101 -0.073954
v -0.003592 -0.013844 -0.074890
v -0.003589 -0.015913 -0.077088
v -0.003989 -0.011953 -0.074033
v -0.003589 -0.016006 -0.074056
v 0.000034 -0.016195 -0.069998
v -0.007711 -0.015793 -0.070980
v -0.009429 -0.015700 -0.073750
v -0.009429 -0.015594 -0.070537
v -0.007711 -0.015676 -0.070401
v -0.009429 -0.008307 -0.073750
v -0.009429 -0.008307 -0.070493
v -0.007711 -0.016776 -0.072425
v -0.007712 -0.021195 -0.069011
v -0.007712 -0.015819 -0.069014
v -0.009862 -0.015487 -0.069206
v -0.009862 -0.016265 -0.072126
v -0.009863 -0.021488 -0.069240
v -0.009861 -0.021216 -0.071293
v -0.009858 -0.019240 -0.073068
v 0.000051 -0.007812 -0.069998
v -0.002829 -0.016847 -0.080689
v -0.002830 -0.015879 -0.077111
v -0.002829 -0.013825 -0.074878
v -0.002828 -0.010308 -0.073653
v -0.002829 -0.003898 -0.077532
v -0.002830 -0.015333 -0.084795
v 0.007130 -0.018067 -0.072000
v 0.007130 -0.015826 -0.072000
v 0.007130 -0.015826 -0.073500
v 0.007130 -0.018067 -0.073500
v 0.000130 -0.016193 -0.073806
v 0.000130 -0.017700 -0.073806
v -0.002829 -0.012623 -0.082044
v -0.002654 -0.011381 -0.083221
v -0.002829 -0.013003 -0.079797
v -0.002829 -0.007135 -0.079227
v -0.002829 -0.011116 -0.077570
v -0.002829 -0.007379 -0.082125
v -0.002654 -0.009452 -0.083502
v -0.002654 -0.008934 -0.077677
v -0.002479 -0.012976 -0.081310
v -0.002479 -0.012677 -0.079051
v -0.002479 -0.010970 -0.077572
v -0.002479 -0.007225 -0.079040
v -0.002479 -0.007411 -0.082268
v -0.002491 -0.015269 -0.078827
v -0.002571 -0.004472 -0.079326
v -0.002574 -0.004606 -0.082111
v -0.002573 -0.005917 -0.084399
v -0.002579 -0.008402 -0.085879
v -0.002570 -0.011584 -0.085944
v -0.002574 -0.013888 -0.084529
v -0.002563 -0.014999 -0.083042
v -0.002570 -0.015594 -0.080903
v -0.002578 -0.014331 -0.076903
v -0.002579 -0.012170 -0.075325
v -0.002577 -0.009184 -0.074896
v -0.002569 -0.005978 -0.076527
v -0.002569 -0.004921 -0.076493
v -0.002562 -0.003950 -0.078280
v -0.002563 -0.003522 -0.080299
v -0.002557 -0.004059 -0.083120
v -0.002555 -0.005704 -0.085347
v -0.002586 -0.007309 -0.086346
v -0.002557 -0.009532 -0.086977
v -0.002570 -0.012286 -0.086551
v -0.002546 -0.014515 -0.085155
v -0.002584 -0.015691 -0.083510
v -0.002558 -0.016276 -0.082000
v -0.002569 -0.016443 -0.079916
v -0.002562 -0.015919 -0.077951
v -0.002546 -0.014859 -0.076199
v -0.002586 -0.013307 -0.074979
v -0.002557 -0.011165 -0.074112
v -0.002562 -0.009016 -0.074131
v -0.002563 -0.006992 -0.074759
v -0.001356 -0.016299 -0.081966
v -0.001309 -0.015152 -0.084288
v -0.001352 -0.016397 -0.079211
v -0.001349 -0.014879 -0.076076
v -0.001356 -0.011805 -0.074289
v -0.001337 -0.008441 -0.074088
v -0.001322 -0.005715 -0.075619
v -0.001349 -0.003600 -0.078945
v -0.001352 -0.003780 -0.082473
v -0.001352 -0.005183 -0.084902
v -0.001352 -0.007477 -0.086518
v -0.001332 -0.010204 -0.087034
v -0.001322 -0.012502 -0.086494
v 0.002077 -0.014112 -0.085465
v 0.002089 -0.011693 -0.086795
v 0.002094 -0.006361 -0.085917
v 0.002068 -0.004759 -0.084298
v 0.002068 -0.003648 -0.081747
v 0.002020 -0.003776 -0.078843
v 0.002112 -0.005682 -0.075615
v 0.002094 -0.008916 -0.074064
v 0.002089 -0.011795 -0.074233
v 0.002077 -0.014234 -0.075639
v 0.002104 -0.015898 -0.077806
v 0.002036 -0.016450 -0.080076
v 0.002089 -0.015894 -0.083285
v -0.000522 -0.008117 -0.085992
v -0.000773 -0.009199 -0.074637
v 0.000023 -0.012212 -0.085566
v -0.000562 -0.005261 -0.083943
v -0.000595 -0.004202 -0.081013
v -0.000595 -0.004523 -0.078531
v -0.000415 -0.005941 -0.076467
v -0.000595 -0.013856 -0.076141
v -0.000595 -0.015330 -0.078163
v 0.000024 -0.015512 -0.080919
v 0.000164 -0.010200 -0.086038
v 0.000104 -0.008039 -0.075301
v 0.000164 -0.011578 -0.075188
v 0.000164 -0.014987 -0.082917
v 0.000578 -0.013511 -0.084787
v 0.000788 -0.007847 -0.085630
v 0.000578 -0.005909 -0.084238
v 0.000580 -0.004957 -0.082720
v 0.000578 -0.004481 -0.081001
v 0.000578 -0.004781 -0.078637
v 0.000638 -0.006033 -0.076610
v 0.000842 -0.010795 -0.074942
v 0.000579 -0.013663 -0.076341
v 0.000580 -0.014773 -0.077748
v 0.000578 -0.015432 -0.079406
v 0.001353 -0.008355 -0.074885
v 0.001337 -0.011468 -0.086132
v 0.002017 -0.008757 -0.086735
v 0.001304 -0.015524 -0.082449
v 0.002930 -0.016065 -0.083186
v 0.002930 -0.016636 -0.080174
v 0.002930 -0.015828 -0.077318
v 0.002930 -0.013953 -0.075165
v 0.002930 -0.011627 -0.074052
v 0.002930 -0.008796 -0.073971
v 0.002930 -0.005641 -0.075420
v 0.002930 -0.003371 -0.079372
v 0.002930 -0.003862 -0.083033
v 0.002930 -0.005493 -0.085376
v 0.002930 -0.007702 -0.086732
v 0.002930 -0.010468 -0.087116
v 0.002930 -0.013784 -0.086022
v 0.004190 -0.017913 -0.079920
v 0.000130 -0.017529 -0.077376
v 0.004190 -0.017785 -0.077564
v 0.000129 -0.016205 -0.077469
v 0.004188 -0.016142 -0.077630
v 0.004191 -0.003307 -0.079623
v 0.004191 -0.004293 -0.076894
v 0.004191 -0.006317 -0.074844
v 0.004191 -0.008078 -0.074014
v 0.004190 -0.012129 -0.074065
v 0.004191 -0.014611 -0.075582
v 0.004190 -0.016658 -0.082185
v 0.004190 -0.014738 -0.085230
v 0.004191 -0.013103 -0.086506
v 0.004191 -0.010214 -0.087247
v 0.004191 -0.007362 -0.086714
v 0.004191 -0.004997 -0.085032
v 0.004191 -0.003557 -0.082514
v 0.003698 -0.015938 -0.077154
v 0.003685 -0.012909 -0.074277
v 0.003690 -0.016006 -0.074056
v 0.009530 -0.015700 -0.073750
v 0.009530 -0.015700 -0.070493
v -0.002829 -0.007961 -0.071734
v 0.002851 -0.007877 -0.071629
v 0.009530 -0.008307 -0.070493
v 0.009530 -0.008307 -0.073750
v -0.002825 -0.002265 -0.075712
v -0.002826 -0.001046 -0.082158
v -0.002829 -0.005849 -0.072585
v -0.002827 -0.003993 -0.087234
v -0.002829 -0.006429 -0.072119
v -0.002829 -0.005868 -0.071499
v -0.002829 -0.007485 -0.089097
v 0.000073 -0.006053 -0.071426
v 0.000011 -0.006616 -0.071894
v 0.004190 -0.015125 -0.085859
v 0.002931 -0.013817 -0.088581
v 0.002925 -0.014951 -0.085505
v 0.002929 -0.007562 -0.073935
v 0.002930 -0.003656 -0.077744
v 0.002930 -0.003200 -0.081344
v 0.002930 -0.004592 -0.084811
v 0.002930 -0.007557 -0.086902
v 0.002930 -0.012008 -0.087208
v 0.002929 -0.002231 -0.075891
v 0.002929 -0.001016 -0.081401
v 0.002930 -0.006492 -0.072118
v 0.002930 -0.005843 -0.072572
v 0.002929 -0.002651 -0.085662
v 0.002928 -0.006559 -0.088856
v 0.002930 -0.005901 -0.071629
v 0.002930 -0.011182 -0.089383
v -0.004796 0.000000 -0.082218
v -0.005153 0.000001 -0.077949
v -0.008796 0.000001 -0.073190
v -0.008860 -0.002158 -0.070789
v -0.008838 -0.005527 -0.068975
v -0.008861 0.001165 -0.071787
v -0.008861 0.000532 -0.070349
v -0.008861 0.000786 -0.069000
v 0.002930 0.007485 -0.089097
v 0.002928 0.003993 -0.087234
v 0.002927 0.001046 -0.082158
v 0.004897 -0.000000 -0.082218
v 0.002926 0.002265 -0.075712
v 0.005254 -0.000001 -0.077949
v 0.008897 -0.000001 -0.073190
v 0.008961 0.002158 -0.070789
v 0.002930 0.005849 -0.072585
v 0.008939 0.005527 -0.068975
v 0.008962 -0.000532 -0.070349
v 0.008962 -0.001165 -0.071787
v 0.008962 -0.000786 -0.069000
v 0.007834 -0.005656 -0.069152
v 0.007802 -0.001662 -0.072251
v 0.007881 -0.005911 -0.071773
v 0.007876 -0.004029 -0.072970
v 0.007793 -0.004989 -0.072513
v 0.007813 -0.006256 -0.069087
v 0.000061 -0.005998 -0.069052
v 0.000061 -0.005949 -0.069010
v -0.001129 -0.005942 -0.069007
v -0.001129 -0.031779 -0.069019
v 0.000059 -0.031808 -0.069049
v 0.000050 -0.031808 -0.069000
v 0.000061 -0.031807 -0.069000
v 0.000051 -0.038268 -0.069026
v 0.001230 -0.031837 -0.069006
v 0.001230 -0.038244 -0.069000
v 0.000051 0.017336 -0.077449
v 0.004190 0.016730 -0.079635
v 0.004188 0.016156 -0.077637
v 0.004190 0.016323 -0.083114
v 0.000051 0.016211 -0.077475
v 0.000050 0.017699 -0.071693
v 0.000050 0.016193 -0.071694
v 0.002933 0.011705 -0.087127
v 0.002931 0.012688 -0.086658
v 0.002932 0.008894 -0.087244
v 0.002930 0.006674 -0.086490
v 0.002933 0.005187 -0.085382
v 0.002930 0.003727 -0.083256
v 0.002934 0.003145 -0.081242
v 0.002930 0.003838 -0.077503
v 0.004224 0.003788 -0.077771
v 0.002930 0.005863 -0.075037
v 0.002930 0.007952 -0.073981
v 0.004191 0.008101 -0.073954
v 0.002930 0.006608 -0.072112
v 0.002930 0.005929 -0.071739
v 0.002930 0.007961 -0.071734
v -0.002750 0.007877 -0.071629
v 0.000053 0.006040 -0.071401
v 0.003693 0.013844 -0.074890
v 0.003690 0.015913 -0.077088
v 0.004090 0.011953 -0.074033
v 0.003690 0.016006 -0.074056
v 0.000062 0.016195 -0.069998
v 0.007812 0.015793 -0.070980
v 0.009530 0.015700 -0.073750
v 0.009530 0.015594 -0.070537
v 0.007812 0.015676 -0.070401
v 0.009530 0.008307 -0.073750
v 0.009530 0.008307 -0.070493
v 0.007812 0.016776 -0.072425
v 0.007813 0.021195 -0.069011
v 0.007813 0.015819 -0.069014
v 0.009964 0.015487 -0.069206
v 0.009963 0.016265 -0.072126
v 0.009963 0.018028 -0.072985
v 0.009965 0.021488 -0.069240
v 0.009962 0.021216 -0.071293
v 0.009962 0.019782 -0.072811
v 0.000056 0.007812 -0.069998
v 0.002930 0.016723 -0.080753
v 0.002930 0.015844 -0.077285
v 0.002930 0.013812 -0.075012
v 0.002930 0.011263 -0.073963
v 0.002930 0.004070 -0.077466
v 0.002930 0.003344 -0.080237
v 0.002930 0.003938 -0.083296
v 0.002930 0.007673 -0.086781
v 0.002930 0.015440 -0.084509
v -0.007029 0.015826 -0.072000
v -0.007029 0.018067 -0.072000
v -0.007029 0.015826 -0.073500
v -0.007029 0.018067 -0.073500
v -0.000029 0.016193 -0.073806
v -0.000029 0.017700 -0.073806
v -0.009429 0.008307 -0.070493
v -0.009429 0.015700 -0.070493
v -0.009429 0.008307 -0.073750
v -0.009429 0.015700 -0.073750
v 0.002930 0.007585 -0.074204
v 0.002381 0.007129 -0.074567
v 0.002358 0.004068 -0.077633
v 0.002381 0.004610 -0.084293
v 0.002377 0.007560 -0.086467
v 0.002381 0.010826 -0.087039
v 0.002383 0.014681 -0.085120
v 0.002406 0.016509 -0.081472
v 0.002377 0.015875 -0.077846
v 0.002392 0.013663 -0.075111
v 0.002394 0.010521 -0.073995
v -0.001035 0.011713 -0.074285
v -0.001047 0.014189 -0.075505
v -0.001047 0.015899 -0.077726
v -0.001039 0.016571 -0.081018
v -0.001030 0.015263 -0.084371
v -0.000994 0.013475 -0.085950
v -0.001039 0.009838 -0.087089
v -0.001041 0.006360 -0.085914
v -0.001039 0.003412 -0.080695
v -0.001039 0.004637 -0.076668
v -0.001039 0.008050 -0.074204
v 0.001649 0.010332 -0.074713
v 0.001629 0.014552 -0.076954
v 0.001401 0.015614 -0.081478
v 0.001972 0.011580 -0.086343
v 0.001346 0.005729 -0.084047
v 0.002317 0.003689 -0.081268
v 0.001555 0.005840 -0.076586
v 0.001291 0.007930 -0.075326
v 0.001637 0.014613 -0.084049
v 0.000892 0.011693 -0.085791
v 0.001235 0.008900 -0.086006
v 0.001018 0.004663 -0.081939
v 0.001302 0.004740 -0.078648
v 0.000938 0.012623 -0.075602
v 0.000878 0.015416 -0.079329
v 0.000938 0.006863 -0.085086
v 0.000343 0.011808 -0.075208
v 0.000464 0.014400 -0.083869
v 0.000200 0.012258 -0.085641
v 0.000426 0.009198 -0.085986
v 0.000324 0.004865 -0.082547
v 0.000464 0.004493 -0.079882
v 0.000404 0.009118 -0.075014
v 0.000093 0.014749 -0.077437
v -0.000357 0.015321 -0.082825
v -0.000327 0.006731 -0.085300
v -0.000284 0.006339 -0.075989
v 0.000051 0.015573 -0.080548
v -0.000975 0.004488 -0.083668
v 0.000101 0.005266 -0.077476
v -0.000630 0.009024 -0.074527
v -0.000630 0.009018 -0.086472
v -0.000630 0.003983 -0.079843
v -0.002252 0.007627 -0.074468
v -0.002289 0.005729 -0.075694
v -0.002252 0.004460 -0.077134
v -0.002266 0.003724 -0.079073
v -0.002267 0.003560 -0.081153
v -0.002289 0.004227 -0.083330
v -0.002252 0.005275 -0.084937
v -0.002267 0.007560 -0.086496
v -0.002289 0.009796 -0.086926
v -0.002160 0.011712 -0.086790
v -0.002289 0.013382 -0.085971
v -0.002267 0.015125 -0.084455
v -0.002267 0.016311 -0.081938
v -0.002267 0.016332 -0.079155
v -0.002267 0.015182 -0.076620
v -0.002289 0.013488 -0.075099
v -0.002252 0.011761 -0.074262
v -0.002289 0.009508 -0.074090
v -0.002265 0.008524 -0.075110
v -0.002275 0.006385 -0.076213
v -0.002282 0.004894 -0.082840
v -0.002270 0.006717 -0.085089
v -0.002279 0.014819 -0.077624
v -0.002272 0.015650 -0.080442
v -0.002284 0.015062 -0.083027
v -0.002275 0.004393 -0.080480
v -0.002282 0.004911 -0.078124
v -0.002279 0.013166 -0.075867
v -0.002275 0.010927 -0.074970
v -0.002279 0.009279 -0.086098
v -0.002277 0.012635 -0.085513
v -0.002247 0.011750 -0.083026
v -0.002267 0.012617 -0.082088
v -0.002350 0.013056 -0.080505
v -0.002312 0.012607 -0.078930
v -0.002267 0.011724 -0.077970
v -0.002238 0.010515 -0.077468
v -0.002316 0.009194 -0.077564
v -0.002251 0.008123 -0.078062
v -0.002250 0.007266 -0.079084
v -0.002316 0.006959 -0.080495
v -0.002348 0.007380 -0.082075
v -0.002250 0.008643 -0.083262
v -0.002256 0.010148 -0.083589
v -0.002201 0.013168 -0.079849
v -0.002207 0.006953 -0.081506
v -0.002828 0.009509 -0.077452
v -0.002829 0.007156 -0.079172
v -0.002829 0.007231 -0.081769
v -0.002829 0.008564 -0.083187
v -0.002829 0.010815 -0.083477
v -0.002829 0.012797 -0.081806
v -0.002829 0.012891 -0.079538
v -0.002829 0.011719 -0.077985
v -0.002829 0.005471 -0.075456
v -0.002829 0.003342 -0.079226
v -0.002829 0.016149 -0.083201
v -0.002829 0.016658 -0.078815
v -0.002829 0.004228 -0.084223
v -0.002829 0.009101 -0.087309
v -0.002829 0.013957 -0.086004
v -0.002830 0.013019 -0.074332
v -0.002829 0.008789 -0.073895
v -0.004089 0.017913 -0.079920
v -0.004089 0.017785 -0.077564
v -0.000029 0.017529 -0.077376
v -0.000028 0.016205 -0.077469
v -0.004087 0.016142 -0.077630
v -0.003589 0.016006 -0.074056
v -0.003597 0.015938 -0.077154
v -0.003584 0.012909 -0.074277
v -0.004090 0.014611 -0.075582
v -0.004089 0.012129 -0.074065
v -0.004090 0.003307 -0.079623
v -0.004090 0.004293 -0.076894
v -0.004090 0.006317 -0.074844
v -0.004090 0.008078 -0.074014
v -0.004089 0.016658 -0.082185
v -0.004089 0.014738 -0.085230
v -0.004090 0.013103 -0.086506
v -0.004090 0.010214 -0.087247
v -0.004090 0.007362 -0.086714
v -0.004090 0.004997 -0.085032
v -0.004090 0.003557 -0.082514
v -0.004089 0.015125 -0.085859
v -0.002830 0.013817 -0.088581
v -0.002824 0.014951 -0.085505
v -0.002828 0.007562 -0.073935
v -0.002829 0.003656 -0.077744
v -0.002829 0.003200 -0.081344
v -0.002829 0.004592 -0.084811
v -0.002829 0.007557 -0.086902
v -0.002829 0.012008 -0.087208
v 0.000059 0.006619 -0.071903
v -0.002829 0.006495 -0.072122
v -0.002829 0.005843 -0.072572
v -0.002828 0.002231 -0.075891
v -0.002828 0.001016 -0.081401
v -0.002828 0.002651 -0.085662
v -0.002827 0.006559 -0.088856
v -0.002829 0.011182 -0.089383
v -0.002829 0.005894 -0.071602
v -0.007733 0.005656 -0.069152
v -0.007701 0.001662 -0.072251
v -0.007692 0.004989 -0.072513
v -0.007775 0.004029 -0.072970
v -0.007780 0.005911 -0.071773
v -0.007712 0.006256 -0.069087
v 0.000050 0.005999 -0.069052
v 0.000050 0.005949 -0.069010
v 0.000052 0.031808 -0.069049
v 0.000050 0.031807 -0.069000
v 0.001230 0.005942 -0.069007
v 0.001230 0.031779 -0.069019
v 0.000061 0.031808 -0.069000
v 0.000060 0.038268 -0.069026
v -0.001129 0.031837 -0.069006
v -0.001129 0.038244 -0.069000
v 0.009962 -0.006509 -0.069247
v -0.009861 0.006509 -0.069247
v 0.009963 -0.000631 -0.069047
v -0.009862 0.000631 -0.069047
v -0.009861 0.000848 -0.071533
v -0.009865 0.002499 -0.072857
v 0.009962 -0.000848 -0.071533
v 0.009966 -0.002499 -0.072857
v -0.009861 0.006224 -0.076552
v -0.005589 0.006000 -0.076776
v -0.009856 0.007864 -0.076613
v -0.005587 0.007145 -0.076868
v -0.009862 0.005490 -0.079950
v -0.005589 0.005533 -0.079238
v -0.005589 0.005822 -0.082656
v -0.009862 0.007347 -0.084189
v -0.005589 0.007938 -0.084612
v -0.005589 0.010879 -0.085118
v -0.009862 0.011037 -0.084791
v -0.009860 0.013342 -0.083380
v -0.005583 0.013290 -0.083771
v -0.009861 0.013590 -0.084899
v -0.005588 0.001836 -0.078638
v -0.005605 0.007547 -0.088454
v -0.005587 0.004488 -0.086673
v -0.005588 0.002308 -0.083558
v -0.005589 0.011717 -0.088474
v -0.005561 0.005907 -0.073311
v -0.009861 0.011819 -0.088698
v -0.009869 0.002985 -0.088657
v -0.009845 -0.000006 -0.084381
v -0.009878 -0.000037 -0.076478
v -0.008549 0.000001 -0.079874
v 0.009962 -0.006224 -0.076552
v 0.005690 -0.006000 -0.076776
v 0.009957 -0.007864 -0.076613
v 0.005688 -0.007145 -0.076868
v 0.009963 -0.005490 -0.079950
v 0.005690 -0.005533 -0.079238
v 0.005690 -0.005822 -0.082656
v 0.009963 -0.007347 -0.084189
v 0.005690 -0.007938 -0.084612
v 0.005690 -0.010879 -0.085118
v 0.009963 -0.011037 -0.084791
v 0.009961 -0.013342 -0.083380
v 0.005684 -0.013290 -0.083771
v 0.009962 -0.013590 -0.084899
v 0.005689 -0.002308 -0.083558
v 0.005706 -0.007547 -0.088454
v 0.005688 -0.004488 -0.086673
v 0.005690 -0.011717 -0.088474
v 0.005689 -0.001836 -0.078638
v 0.005662 -0.005907 -0.073311
v 0.009962 -0.011819 -0.088698
v 0.009970 -0.002985 -0.088657
v 0.009946 0.000006 -0.084381
v 0.009979 0.000037 -0.076478
v 0.008650 -0.000001 -0.079874
v -0.009850 -0.006137 -0.070348
v -0.009861 -0.001590 -0.073803
v -0.005585 -0.002909 -0.075999
v -0.009871 -0.002773 -0.088616
v -0.005588 -0.003013 -0.084988
v -0.005588 -0.001704 -0.080933
v -0.005608 -0.007145 -0.088407
v -0.005588 -0.005999 -0.073298
v -0.009862 -0.006224 -0.076552
v -0.005589 -0.006000 -0.076776
v -0.009859 -0.008032 -0.076568
v -0.005583 -0.013290 -0.083772
v -0.009858 -0.013016 -0.083865
v -0.005589 -0.011090 -0.085012
v -0.009862 -0.008466 -0.084777
v -0.005590 -0.007211 -0.084379
v -0.009862 -0.005877 -0.082079
v -0.005589 -0.005380 -0.080953
v -0.009862 -0.005845 -0.078847
v -0.005585 -0.006528 -0.077288
v -0.009862 -0.011819 -0.088698
v -0.009862 -0.013590 -0.084899
v -0.005589 -0.011717 -0.088474
v 0.009951 0.006137 -0.070348
v 0.009962 0.001590 -0.073803
v 0.005686 0.002909 -0.075999
v 0.009972 0.002773 -0.088616
v 0.005689 0.003013 -0.084988
v 0.005689 0.001704 -0.080933
v 0.005709 0.007145 -0.088407
v 0.005689 0.005999 -0.073298
v 0.009963 0.006224 -0.076552
v 0.005690 0.006000 -0.076776
v 0.009960 0.008032 -0.076568
v 0.005684 0.013290 -0.083772
v 0.009959 0.013016 -0.083865
v 0.005690 0.011090 -0.085012
v 0.009963 0.008466 -0.084777
v 0.005691 0.007211 -0.084379
v 0.009963 0.005877 -0.082079
v 0.005690 0.005380 -0.080953
v 0.009963 0.005845 -0.078847
v 0.005686 0.006528 -0.077288
v 0.009963 0.013590 -0.084899
v 0.009963 0.011819 -0.088698
v 0.005690 0.011717 -0.088474
v 0.012550 0.020705 -0.016000
v 0.012550 0.008307 -0.016000
v 0.012550 -0.000567 -0.016000
v 0.012550 -0.007605 -0.016000
v 0.012550 -0.014643 -0.016133
v 0.012550 -0.022565 -0.016000
v 0.012550 0.036399 -0.016174
v 0.010962 -0.038104 -0.018100
v 0.012550 -0.038098 -0.017946
v 0.010964 -0.036199 -0.016047
v 0.012550 -0.036117 -0.016080
v 0.012550 -0.038150 -0.080400
v 0.012550 -0.030911 -0.088610
v 0.012550 -0.034714 -0.087286
v 0.012550 -0.037599 -0.083535
v 0.012550 -0.002945 -0.088650
v 0.012550 0.030867 -0.088641
v 0.010963 0.038099 -0.018150
v 0.010964 0.036242 -0.016028
v 0.012550 0.038102 -0.018095
v 0.012550 0.038139 -0.081445
v 0.012550 0.036784 -0.085060
v 0.012550 0.034020 -0.087600
v 0.000049 0.000752 -0.016712
v -0.000797 0.000269 -0.016734
v -0.000795 -0.000063 -0.017660
v -0.000219 -0.000762 -0.017660
v 0.000057 -0.000000 -0.017660
v 0.000051 0.000500 -0.016742
v 0.000254 0.000786 -0.017660
v 0.000903 0.000037 -0.017660
v 0.000817 -0.000014 -0.016735
v 0.000055 -0.000750 -0.016742
v 0.000052 -0.000752 -0.016712
v 0.000051 0.037446 -0.016748
v 0.000050 0.037445 -0.016718
v 0.000051 0.039503 -0.018525
v -0.001165 0.039314 -0.017875
v 0.000050 0.039255 -0.017898
v 0.000051 0.038904 -0.017411
v 0.000050 0.038316 -0.016975
v -0.001547 0.037793 -0.016787
v 0.000050 0.037903 -0.016807
v 0.000050 0.039528 -0.067784
v 0.000051 0.039476 -0.018545
v 0.000051 0.039135 -0.017734
v 0.000051 0.038668 -0.017242
v 0.000051 0.038107 -0.016899
v 0.000049 0.039397 -0.068279
v 0.000051 0.038916 -0.068806
v 0.000051 0.039500 -0.067758
v 0.000609 -0.000617 -0.016725
v 0.000050 -0.037436 -0.016746
v 0.000051 -0.037445 -0.016718
v 0.000050 -0.039503 -0.018525
v 0.001266 -0.039314 -0.017875
v 0.000051 -0.039255 -0.017898
v 0.000050 -0.038904 -0.017411
v 0.000051 -0.038316 -0.016975
v 0.001555 -0.037787 -0.016783
v 0.000051 -0.037903 -0.016807
v 0.000051 -0.039528 -0.067784
v 0.000050 -0.039476 -0.018545
v 0.000050 -0.039135 -0.017734
v 0.000050 -0.038668 -0.017242
v 0.000050 -0.038107 -0.016899
v 0.000052 -0.039397 -0.068279
v 0.000050 -0.039500 -0.067758
v 0.000050 -0.038916 -0.068806
v -0.012512 -0.005791 -0.024936
v -0.012510 -0.004237 -0.028060
v -0.012507 -0.004102 -0.026122
v -0.012508 -0.006115 -0.029129
v -0.012504 -0.007572 -0.025646
v -0.012503 -0.007989 -0.027657
v -0.012449 -0.017228 -0.070526
v -0.012449 -0.017568 -0.069025
v -0.012449 -0.018183 -0.071348
v -0.012449 -0.019517 -0.069016
v -0.012449 -0.019538 -0.070968
v -0.012449 0.004902 -0.070252
v -0.012449 0.002286 -0.069439
v -0.012449 0.003778 -0.068661
v -0.012449 0.003817 -0.071348
v -0.012449 0.002462 -0.070968
v -0.012449 0.026772 -0.070526
v -0.012449 0.026432 -0.069025
v -0.012449 0.024483 -0.069016
v -0.012449 0.025817 -0.071348
v -0.012449 0.024462 -0.070968
v -0.012506 -0.009457 -0.078543
v -0.012510 -0.011381 -0.078875
v -0.012510 -0.008102 -0.079622
v -0.012507 -0.008237 -0.081560
v -0.012496 -0.009378 -0.082424
v -0.012510 -0.010762 -0.082414
v -0.012512 -0.012001 -0.081055
v -0.012506 0.009890 -0.078469
v -0.012503 0.011269 -0.082189
v -0.012510 0.011334 -0.078929
v -0.012513 0.012041 -0.080370
v -0.012465 0.008428 -0.079146
v -0.012508 0.008008 -0.081150
v -0.012516 0.009365 -0.082444
v -0.012449 0.027427 -0.021360
v -0.012449 0.028527 -0.018775
v -0.012449 -0.027553 -0.021916
v -0.012449 -0.029952 -0.023643
v -0.012449 -0.029245 -0.018542
v -0.012449 -0.027791 -0.019753
v -0.012449 -0.031639 -0.018960
v -0.012449 -0.017568 -0.034425
v -0.012449 -0.019517 -0.034416
v -0.012449 0.004849 -0.035038
v -0.012449 0.003471 -0.034092
v -0.012449 0.002128 -0.035098
v -0.012449 0.026432 -0.034425
v -0.012449 0.024483 -0.034416
v -0.012449 0.026777 -0.035920
v -0.012449 0.012250 -0.038000
v -0.012449 0.024462 -0.036368
v -0.012449 0.025817 -0.036748
v -0.012449 0.004333 -0.036495
v -0.012449 -0.007750 -0.038000
v -0.012449 0.002944 -0.036719
v -0.012449 -0.018183 -0.036748
v -0.012449 -0.017223 -0.035920
v -0.012449 -0.019538 -0.036368
v -0.012449 -0.027958 -0.066460
v -0.012449 -0.027102 -0.067447
v -0.012449 -0.027640 -0.038261
v -0.012449 0.027026 -0.067465
v -0.012449 0.028000 -0.064750
v -0.012449 0.028000 -0.040750
v -0.012449 0.027939 -0.066513
v -0.012449 0.027666 -0.038334
v -0.012449 -0.032547 -0.021745
v -0.012449 0.031744 -0.018963
v -0.012449 0.032447 -0.021916
v -0.012449 0.028783 -0.023295
v -0.012449 0.030874 -0.023382
v -0.012503 0.029337 -0.078494
v -0.012510 0.031334 -0.078929
v -0.012512 0.027958 -0.080173
v -0.012507 0.032041 -0.080370
v -0.012501 0.030339 -0.082567
v -0.012510 0.028504 -0.081917
v -0.012489 0.031659 -0.081656
v -0.012449 0.002750 -0.024250
v -0.012449 -0.027387 -0.031197
v -0.012449 0.027450 -0.033513
v -0.012449 -0.007750 -0.068125
v -0.012449 0.027450 -0.076662
v -0.010862 -0.027958 -0.039040
v -0.010862 -0.027902 -0.066667
v -0.010862 -0.026933 -0.067471
v -0.010861 0.027062 -0.038053
v -0.010862 -0.027112 -0.038060
v -0.010861 0.027928 -0.066593
v -0.010861 0.026967 -0.067466
v -0.010861 0.027951 -0.039006
v -0.010861 0.027911 -0.065558
v -0.013274 0.027836 -0.065862
v -0.010861 0.026542 -0.067135
v -0.013274 0.026308 -0.067161
v -0.013274 0.026356 -0.038352
v -0.010861 0.026459 -0.038351
v -0.013274 0.027914 -0.039801
v -0.010861 0.027898 -0.039877
v -0.010862 -0.025767 -0.067180
v -0.013274 0.003500 -0.067250
v -0.013274 -0.026112 -0.067086
v -0.010862 -0.027336 -0.065862
v -0.013274 -0.027451 -0.065472
v -0.010862 -0.027400 -0.039780
v -0.010862 -0.025823 -0.038331
v -0.013274 0.014500 -0.038250
v -0.013274 -0.007500 -0.038250
v -0.013274 -0.027433 -0.039944
v -0.013274 -0.026024 -0.038399
v -0.010861 0.024085 -0.035499
v -0.010861 0.025044 -0.036706
v -0.010861 0.026432 -0.036475
v -0.010861 0.026775 -0.034977
v -0.010861 0.025374 -0.034039
v -0.010862 0.002128 -0.035802
v -0.010862 0.003471 -0.036808
v -0.010862 0.004589 -0.036225
v -0.010862 0.004775 -0.034977
v -0.010862 0.003215 -0.034028
v -0.010862 -0.019915 -0.035499
v -0.010862 -0.018956 -0.036706
v -0.010862 -0.017568 -0.036475
v -0.010862 -0.017225 -0.034977
v -0.010862 -0.018626 -0.034039
v -0.010861 0.024483 -0.071084
v -0.010861 0.026432 -0.071075
v -0.010861 0.026772 -0.069574
v -0.010861 0.025817 -0.068752
v -0.010861 0.024462 -0.069132
v -0.010862 0.002128 -0.070402
v -0.010862 0.003471 -0.071408
v -0.010862 0.004776 -0.070588
v -0.010862 0.004538 -0.069208
v -0.010862 0.003074 -0.068699
v -0.010862 -0.019517 -0.071084
v -0.010862 -0.017568 -0.071075
v -0.010862 -0.017228 -0.069574
v -0.010862 -0.018183 -0.068752
v -0.010862 -0.019538 -0.069132
v -0.010862 -0.032564 -0.021561
v -0.010862 -0.030945 -0.023407
v -0.010862 -0.029343 -0.023438
v -0.010862 -0.027753 -0.022356
v -0.010862 -0.027655 -0.019921
v -0.010862 -0.029033 -0.018644
v -0.010861 -0.030615 -0.018517
v -0.010862 -0.032018 -0.019448
v -0.010861 0.027823 -0.022469
v -0.010861 0.030278 -0.023614
v -0.010861 0.032282 -0.022223
v -0.010861 0.032410 -0.020053
v -0.010861 0.031158 -0.018729
v -0.010862 0.029477 -0.018497
v -0.010861 0.027682 -0.019764
v -0.012550 -0.013488 -0.081252
v -0.012550 -0.008777 -0.077166
v -0.012550 -0.011436 -0.077201
v -0.012550 -0.013213 -0.079014
v -0.012550 -0.011925 -0.083540
v -0.012550 -0.006783 -0.078888
v -0.012550 -0.008929 -0.083935
v -0.012550 -0.006689 -0.081908
v -0.013150 -0.006689 -0.079091
v -0.013150 -0.006667 -0.081726
v -0.013150 -0.008759 -0.083941
v -0.013150 -0.012111 -0.083414
v -0.013150 -0.013477 -0.081211
v -0.013150 -0.013235 -0.079004
v -0.013150 -0.011577 -0.077318
v -0.013150 -0.008930 -0.077064
v -0.013197 -0.008707 -0.079517
v -0.013200 -0.008366 -0.080859
v -0.013204 -0.010195 -0.078786
v -0.013200 -0.011579 -0.080006
v -0.013202 -0.011403 -0.081363
v -0.013196 -0.009822 -0.082216
v -0.013250 -0.012000 -0.080988
v -0.013250 -0.009511 -0.078530
v -0.013250 -0.008133 -0.079560
v -0.013250 -0.011435 -0.078924
v -0.013250 -0.010906 -0.082346
v -0.013250 -0.008532 -0.082110
v -0.014504 -0.011844 -0.079803
v -0.014464 -0.010811 -0.078746
v -0.014485 -0.009085 -0.078774
v -0.014253 -0.008373 -0.079287
v -0.014471 -0.008093 -0.080519
v -0.014255 -0.008250 -0.081578
v -0.014260 -0.009911 -0.082586
v -0.014445 -0.011565 -0.081683
v -0.014557 -0.009389 -0.082198
v -0.012550 0.006512 -0.081252
v -0.012550 0.013426 -0.079218
v -0.012550 0.011223 -0.077166
v -0.012550 0.008564 -0.077201
v -0.012550 0.006787 -0.079014
v -0.012550 0.008395 -0.083787
v -0.012550 0.011405 -0.083762
v -0.012550 0.013093 -0.082246
v -0.013150 0.013311 -0.079091
v -0.013150 0.013217 -0.082111
v -0.013150 0.011224 -0.083834
v -0.013150 0.008956 -0.083895
v -0.013150 0.006622 -0.081923
v -0.013150 0.006765 -0.079004
v -0.013150 0.008423 -0.077318
v -0.013150 0.011070 -0.077064
v -0.013202 0.011518 -0.079797
v -0.013203 0.009805 -0.078786
v -0.013196 0.011181 -0.081758
v -0.013197 0.009565 -0.082068
v -0.013202 0.008421 -0.080006
v -0.013200 0.008597 -0.081363
v -0.013250 0.007987 -0.080764
v -0.013250 0.011448 -0.079040
v -0.013250 0.008885 -0.082268
v -0.013250 0.012042 -0.081111
v -0.013250 0.010054 -0.078471
v -0.013250 0.008436 -0.079114
v -0.013250 0.010597 -0.082440
v -0.014464 0.008400 -0.081584
v -0.014509 0.008136 -0.080002
v -0.014463 0.008977 -0.078866
v -0.014255 0.010354 -0.078475
v -0.014496 0.011218 -0.079030
v -0.014435 0.011969 -0.080395
v -0.014260 0.011333 -0.082106
v -0.014255 0.009429 -0.082474
v -0.014557 0.010611 -0.082198
v -0.012550 0.026512 -0.081252
v -0.012550 0.028250 -0.077409
v -0.012550 0.033426 -0.079218
v -0.012550 0.030854 -0.077005
v -0.012550 0.026787 -0.079014
v -0.012550 0.028075 -0.083540
v -0.012550 0.031071 -0.083935
v -0.012550 0.033093 -0.082246
v -0.013150 0.033311 -0.079091
v -0.013150 0.033217 -0.082111
v -0.013150 0.030855 -0.083995
v -0.013150 0.027889 -0.083414
v -0.013150 0.026523 -0.081211
v -0.013150 0.026765 -0.079004
v -0.013150 0.028423 -0.077318
v -0.013150 0.031070 -0.077064
v -0.013196 0.031181 -0.081758
v -0.013204 0.028963 -0.081879
v -0.013202 0.031518 -0.079797
v -0.013195 0.028399 -0.080056
v -0.013203 0.029805 -0.078786
v -0.013250 0.028000 -0.080988
v -0.013250 0.031256 -0.082222
v -0.013250 0.028565 -0.078924
v -0.013250 0.029094 -0.082346
v -0.013250 0.032025 -0.079983
v -0.013250 0.030701 -0.078567
v -0.014504 0.028156 -0.079803
v -0.014464 0.029189 -0.078746
v -0.014449 0.031033 -0.078792
v -0.014435 0.031969 -0.080395
v -0.014260 0.031333 -0.082106
v -0.014253 0.029653 -0.082500
v -0.014445 0.028435 -0.081683
v -0.014557 0.030611 -0.082198
v -0.012550 -0.002667 -0.025773
v -0.012550 -0.004415 -0.023770
v -0.012550 -0.004929 -0.030435
v -0.012550 -0.002689 -0.028408
v -0.012550 -0.007820 -0.023827
v -0.012550 -0.009588 -0.026723
v -0.012550 -0.008274 -0.029865
v -0.013150 -0.002689 -0.025591
v -0.013150 -0.002667 -0.028226
v -0.013150 -0.004414 -0.030230
v -0.013150 -0.007044 -0.030395
v -0.013150 -0.008885 -0.029071
v -0.013150 -0.009563 -0.026500
v -0.013150 -0.008224 -0.024231
v -0.013150 -0.005290 -0.023412
v -0.013198 -0.004819 -0.028258
v -0.013198 -0.004482 -0.026297
v -0.013206 -0.006686 -0.028512
v -0.013197 -0.006046 -0.025305
v -0.013207 -0.007324 -0.026028
v -0.013198 -0.007607 -0.027354
v -0.013250 -0.004206 -0.028004
v -0.013250 -0.005731 -0.024962
v -0.013250 -0.007740 -0.025769
v -0.013250 -0.007838 -0.027921
v -0.013250 -0.006042 -0.029131
v -0.013250 -0.004133 -0.026060
v -0.014482 -0.007758 -0.027869
v -0.014253 -0.007917 -0.026334
v -0.014480 -0.007123 -0.025432
v -0.014255 -0.005646 -0.024975
v -0.014478 -0.004644 -0.025603
v -0.014471 -0.004093 -0.027019
v -0.014255 -0.004250 -0.028078
v -0.014532 -0.005379 -0.028771
v -0.014255 -0.006571 -0.028974
v -0.009862 -0.032428 -0.021903
v -0.009862 -0.031135 -0.023291
v -0.009861 -0.029265 -0.023492
v -0.009862 -0.027616 -0.022014
v -0.009862 -0.027790 -0.019568
v -0.009862 -0.030233 -0.018383
v -0.009862 -0.032261 -0.019734
v -0.009861 0.032261 -0.022266
v -0.009861 0.029944 -0.023668
v -0.009861 0.027684 -0.022161
v -0.009861 0.027616 -0.019986
v -0.009861 0.028988 -0.018652
v -0.009861 0.030884 -0.018565
v -0.009861 0.032428 -0.020097
v -0.016024 -0.027432 -0.039830
v -0.044524 -0.027500 -0.067250
v -0.016024 -0.027500 -0.067250
v -0.047274 -0.027500 -0.067250
v -0.044524 -0.027450 -0.039977
v -0.013274 -0.027500 -0.038250
v -0.044524 -0.027500 -0.038250
v -0.047274 -0.027500 -0.038250
v -0.013274 -0.027500 -0.067250
v -0.016024 -0.027500 -0.038250
v -0.047274 -0.027400 -0.039780
v -0.044524 -0.025823 -0.067169
v -0.016024 -0.026024 -0.067101
v -0.044524 -0.027400 -0.065720
v -0.016024 -0.027450 -0.065523
v -0.044524 -0.007500 -0.067250
v -0.044524 0.026437 -0.067162
v -0.016024 0.014500 -0.067250
v -0.016024 -0.007500 -0.067250
v -0.044524 0.027919 -0.065583
v -0.016024 0.027855 -0.065791
v -0.016024 0.026356 -0.067148
v -0.044524 0.026316 -0.038331
v -0.016024 0.026301 -0.038339
v -0.016024 0.027911 -0.039746
v -0.044524 0.027914 -0.039801
v -0.016024 0.014500 -0.038250
v -0.044524 -0.007500 -0.038250
v -0.016024 -0.007500 -0.038250
v -0.044524 0.014500 -0.038250
v -0.016024 -0.025864 -0.038352
v -0.044524 -0.025980 -0.038372
v -0.016024 -0.019644 -0.072751
v -0.013274 -0.019644 -0.072751
v -0.013274 -0.019502 -0.032650
v -0.016024 -0.019502 -0.032650
v -0.016024 0.025602 -0.032650
v -0.013274 -0.007500 -0.032650
v -0.013274 0.014500 -0.032650
v -0.013274 0.025602 -0.032650
v -0.013274 0.033600 -0.038250
v -0.016024 0.033600 -0.038250
v -0.016024 0.028494 -0.034675
v -0.016024 0.033600 -0.067250
v -0.013274 0.033600 -0.067250
v -0.013274 0.028321 -0.070946
v -0.013274 0.025744 -0.072751
v -0.016024 0.025744 -0.072751
v -0.016024 -0.007500 -0.072751
v -0.016024 0.014500 -0.072751
v -0.050774 -0.026071 -0.067115
v -0.047274 -0.025808 -0.067161
v -0.047274 -0.027411 -0.065754
v -0.050774 -0.027443 -0.065490
v -0.050774 0.026240 -0.067193
v -0.047274 0.026542 -0.067135
v -0.047274 -0.007500 -0.067250
v -0.050774 0.027865 -0.065821
v -0.047274 0.027911 -0.065558
v -0.050774 0.027882 -0.039751
v -0.050774 -0.027398 -0.039877
v -0.050774 -0.025989 -0.038370
v -0.050774 0.026297 -0.038317
v -0.047274 0.026450 -0.038353
v -0.047274 0.027943 -0.039963
v -0.047274 -0.007500 -0.038250
v -0.047274 -0.025856 -0.038352
v -0.047274 -0.019644 -0.072751
v -0.044524 -0.019644 -0.072751
v -0.047274 0.025744 -0.072751
v -0.044524 0.025744 -0.072751
v -0.044524 0.028256 -0.070992
v -0.047274 0.028545 -0.070790
v -0.044524 0.033600 -0.067250
v -0.047274 0.033600 -0.067250
v -0.047274 0.025602 -0.032650
v -0.044524 0.025602 -0.032650
v -0.044524 0.033600 -0.038250
v -0.047274 0.033600 -0.038250
v -0.044524 -0.019502 -0.032650
v -0.044524 -0.007500 -0.032650
v -0.047274 -0.007500 -0.032650
v -0.047274 0.014500 -0.032650
v -0.044524 0.014500 -0.032650
v -0.047274 -0.019502 -0.032650
v -0.016024 0.032421 -0.063542
v -0.016024 0.031096 -0.065357
v -0.016024 0.029618 -0.062674
v -0.016024 0.031178 -0.062255
v -0.016024 0.029391 -0.064438
v -0.016024 0.001920 -0.035307
v -0.016024 0.003049 -0.033949
v -0.016024 0.004471 -0.034252
v -0.016024 -0.019682 -0.034374
v -0.016024 -0.018122 -0.033955
v -0.016024 -0.017027 -0.034916
v -0.016024 0.025878 -0.033955
v -0.016024 0.026973 -0.034916
v -0.016024 0.024318 -0.034374
v -0.016024 0.031178 -0.040255
v -0.016024 0.029391 -0.042438
v -0.016024 0.031096 -0.043357
v -0.016024 0.029618 -0.040674
v -0.016024 0.032421 -0.041542
v -0.016024 -0.020032 -0.069917
v -0.016024 -0.017027 -0.069517
v -0.016024 -0.017441 -0.071247
v -0.016024 -0.018802 -0.068404
v -0.016024 -0.019370 -0.071391
v -0.016024 0.003878 -0.068555
v -0.016024 0.002460 -0.068877
v -0.016024 0.003448 -0.071617
v -0.016024 0.001994 -0.070588
v -0.016024 0.004974 -0.069517
v -0.016024 0.004749 -0.070955
v -0.016024 0.026974 -0.069517
v -0.016024 0.026559 -0.071247
v -0.016024 0.023968 -0.069917
v -0.016024 0.025198 -0.068404
v -0.016024 0.024630 -0.071391
v -0.016024 0.026661 -0.036504
v -0.016024 0.024938 -0.036946
v -0.016024 0.024010 -0.035785
v -0.016024 0.005053 -0.035596
v -0.016024 0.004111 -0.036894
v -0.016024 0.002664 -0.036746
v -0.016024 -0.017441 -0.036647
v -0.016024 -0.019990 -0.035785
v -0.016024 -0.019205 -0.036850
v -0.013274 0.032209 -0.042438
v -0.013274 0.029179 -0.041542
v -0.013274 0.030504 -0.043357
v -0.013274 0.030422 -0.040255
v -0.013274 0.031982 -0.040674
v -0.013274 0.003552 -0.071617
v -0.013274 0.002251 -0.070955
v -0.013274 0.005079 -0.070440
v -0.013274 0.004293 -0.034021
v -0.013274 0.002110 -0.034585
v -0.013274 0.003715 -0.036977
v -0.013274 0.002339 -0.036504
v -0.013274 0.005006 -0.035988
v -0.013274 0.026990 -0.069753
v -0.013274 0.026263 -0.068681
v -0.013274 0.024648 -0.068734
v -0.013274 0.003802 -0.068404
v -0.013274 0.002027 -0.069516
v -0.013274 -0.018878 -0.068555
v -0.013274 -0.017156 -0.069104
v -0.013274 -0.019973 -0.069516
v -0.013274 -0.017466 -0.071316
v -0.013274 -0.019559 -0.071247
v -0.013274 0.026534 -0.071316
v -0.013274 0.023947 -0.070196
v -0.013274 0.024747 -0.071396
v -0.013274 0.029179 -0.063542
v -0.013274 0.032209 -0.064438
v -0.013274 0.030422 -0.062255
v -0.013274 0.030504 -0.065357
v -0.013274 0.031982 -0.062674
v -0.013274 0.023908 -0.035420
v -0.013274 0.024951 -0.033982
v -0.013274 0.025204 -0.037057
v -0.013274 0.026540 -0.034277
v -0.013274 0.027006 -0.035988
v -0.013274 -0.019661 -0.036504
v -0.013274 -0.018878 -0.033955
v -0.013274 -0.019973 -0.034917
v -0.013274 -0.017460 -0.034277
v -0.013274 -0.018285 -0.036977
v -0.013274 -0.016994 -0.035988
v -0.044524 0.029179 -0.041542
v -0.044524 0.030504 -0.043357
v -0.044524 0.031982 -0.040674
v -0.044524 0.030422 -0.040255
v -0.044524 0.032209 -0.042438
v -0.044524 0.002251 -0.070955
v -0.044524 0.002028 -0.069515
v -0.044524 0.003552 -0.071617
v -0.044524 0.005076 -0.070443
v -0.044524 -0.017466 -0.071316
v -0.044524 -0.019559 -0.071247
v -0.044524 -0.017146 -0.069111
v -0.044524 0.026534 -0.071316
v -0.044524 0.024441 -0.071247
v -0.044524 0.024028 -0.069515
v -0.044524 0.029179 -0.063542
v -0.044524 0.031982 -0.062674
v -0.044524 0.032209 -0.064438
v -0.044524 0.030504 -0.065357
v -0.044524 0.030422 -0.062255
v -0.044524 -0.020121 -0.035242
v -0.044524 -0.018796 -0.037057
v -0.044524 -0.017091 -0.036138
v -0.044524 -0.017318 -0.034374
v -0.044524 -0.018878 -0.033955
v -0.044524 0.001938 -0.035587
v -0.044524 0.002889 -0.036894
v -0.044524 0.004336 -0.036746
v -0.044524 0.004121 -0.033977
v -0.044524 0.002529 -0.034252
v -0.044524 0.005067 -0.035483
v -0.044524 0.026682 -0.034374
v -0.044524 0.025204 -0.037057
v -0.044524 0.024951 -0.033982
v -0.044524 0.023902 -0.035418
v -0.044524 0.026909 -0.036138
v -0.044524 0.026854 -0.069111
v -0.044524 0.025122 -0.068555
v -0.044524 0.003802 -0.068404
v -0.044524 -0.018878 -0.068555
v -0.044524 -0.019972 -0.069515
v -0.044524 -0.007500 -0.072150
v -0.047274 0.031096 -0.043357
v -0.047274 0.031178 -0.040255
v -0.047274 0.032421 -0.041542
v -0.047274 0.029618 -0.040674
v -0.047274 0.029391 -0.042438
v -0.047274 0.001924 -0.070443
v -0.047274 0.004972 -0.069515
v -0.047274 0.004749 -0.070955
v -0.047274 0.003448 -0.071617
v -0.047274 0.003198 -0.068404
v -0.047274 0.025878 -0.068555
v -0.047274 0.026972 -0.069515
v -0.047274 0.024146 -0.069111
v -0.047274 0.005062 -0.035587
v -0.047274 0.003795 -0.037057
v -0.047274 0.002879 -0.033977
v -0.047274 0.001911 -0.035832
v -0.047274 0.004471 -0.034252
v -0.047274 -0.019909 -0.036138
v -0.047274 -0.018122 -0.033955
v -0.047274 -0.016879 -0.035242
v -0.047274 -0.018204 -0.037057
v -0.047274 -0.019682 -0.034374
v -0.047274 0.024318 -0.034374
v -0.047274 0.025878 -0.033955
v -0.047274 0.027121 -0.035242
v -0.047274 0.025796 -0.037057
v -0.047274 0.024091 -0.036138
v -0.047274 0.029618 -0.062674
v -0.047274 0.029391 -0.064438
v -0.047274 0.032421 -0.063542
v -0.047274 0.031096 -0.065357
v -0.047274 0.031178 -0.062255
v -0.047274 0.026559 -0.071247
v -0.047274 0.024466 -0.071316
v -0.047274 -0.017441 -0.071247
v -0.047274 -0.019534 -0.071316
v -0.047274 -0.018122 -0.068555
v -0.047274 -0.017028 -0.069515
v -0.047274 -0.019854 -0.069111
v -0.047274 0.014500 -0.072150
v 0.012541 -0.000186 -0.020137
v 0.012548 0.000470 -0.020328
v 0.012545 0.011516 -0.017934
v 0.012546 0.011437 -0.018722
v 0.012544 0.012670 -0.019660
v 0.012545 0.012731 -0.020298
v 0.012546 0.013259 -0.017587
v 0.012547 0.011830 -0.017378
v 0.012546 0.014567 -0.017390
v 0.012545 0.014365 -0.017974
v 0.012545 0.015667 -0.017899
v 0.012547 0.016072 -0.020934
v 0.012546 0.016153 -0.017723
v 0.012548 0.014004 -0.020934
v 0.012544 0.013264 -0.020123
v 0.012547 0.013114 -0.018031
v 0.012544 0.012721 -0.020923
v 0.012545 0.013017 -0.019286
v 0.012544 0.013853 -0.017971
v 0.012545 0.010922 -0.017971
v 0.012547 0.008766 -0.020733
v 0.012544 0.007391 -0.020881
v 0.012546 0.011998 -0.020636
v 0.012545 0.011141 -0.019146
v 0.012544 0.011059 -0.020809
v 0.012546 0.011043 -0.020210
v 0.012547 0.006744 -0.020299
v 0.012549 0.008689 -0.017434
v 0.012546 0.006307 -0.018831
v 0.012545 0.004785 -0.019033
v 0.012544 0.005018 -0.019662
v 0.012546 0.006272 -0.019656
v 0.012544 0.007041 -0.018933
v 0.012545 0.005252 -0.020150
v 0.012542 0.008456 -0.018937
v 0.012546 0.004455 -0.019734
v 0.012549 0.004394 -0.017434
v 0.012544 0.003613 -0.017579
v 0.012548 0.003837 -0.019695
v 0.012548 0.003962 -0.020060
v 0.012547 0.003524 -0.020815
v 0.012545 0.003302 -0.019938
v 0.012549 0.002488 -0.019878
v 0.012546 0.002516 -0.017821
v 0.012545 0.003256 -0.017882
v 0.012546 0.002510 -0.017417
v 0.012545 -0.001980 -0.020322
v 0.012544 -0.002605 -0.021011
v 0.012545 -0.003956 -0.020537
v 0.012546 -0.004468 -0.019546
v 0.012545 -0.004868 -0.020802
v 0.012544 -0.006062 -0.020973
v 0.012545 -0.014243 -0.018825
v 0.012549 -0.014017 -0.017434
v 0.012545 -0.013792 -0.018762
v 0.012545 -0.011121 -0.019731
v 0.012546 -0.011618 -0.020557
v 0.012545 -0.010667 -0.020454
v 0.012544 -0.011238 -0.017353
v 0.012548 -0.008765 -0.017434
v 0.012545 -0.010147 -0.019309
v 0.012546 -0.012210 -0.018857
v 0.012544 -0.012109 -0.018662
v 0.012544 -0.010181 -0.017578
v 0.012545 -0.009582 -0.018881
v 0.012544 -0.011633 -0.021011
v 0.012547 -0.008771 -0.020929
v 0.012544 -0.010313 -0.020713
v 0.012542 -0.008990 -0.018825
v 0.012545 -0.006976 -0.018996
v 0.012545 -0.016521 -0.017356
v 0.012544 -0.015434 -0.017578
v 0.012547 -0.014925 -0.018639
v 0.012545 -0.015564 -0.020710
v 0.012546 -0.014805 -0.019026
v 0.012545 -0.013999 -0.020950
v 0.012546 -0.016835 -0.019591
v 0.012545 -0.015922 -0.020451
v 0.012545 -0.015434 -0.019436
v 0.012545 -0.016871 -0.020557
v 0.012544 -0.016885 -0.021011
v 0.012549 -0.017936 -0.017577
v 0.012545 -0.017261 -0.018258
v 0.012544 -0.018571 -0.020137
v 0.012547 -0.017930 -0.020364
v 0.012548 -0.018797 -0.020902
v 0.012544 -0.018797 -0.017791
v 0.012550 -0.029046 -0.023359
v 0.012550 -0.031473 -0.023226
v 0.012550 -0.027635 -0.022006
v 0.012715 -0.017798 -0.046058
v 0.012697 -0.019999 -0.047646
v 0.012659 -0.015699 -0.045319
v 0.012662 -0.012545 -0.045480
v 0.012689 -0.007450 -0.050295
v 0.012721 -0.010668 -0.046347
v 0.012697 -0.008573 -0.048149
v 0.012721 -0.007067 -0.052154
v 0.012580 -0.007113 -0.054352
v 0.012669 -0.009548 -0.058402
v 0.012721 -0.007899 -0.056229
v 0.012721 -0.011351 -0.059515
v 0.012693 -0.014018 -0.060240
v 0.012682 -0.017260 -0.059743
v 0.012664 -0.021972 -0.053592
v 0.012683 -0.021628 -0.050366
v 0.012723 -0.021351 -0.055686
v 0.012696 -0.019896 -0.057964
v 0.012555 -0.004684 -0.046961
v 0.012555 -0.004455 -0.046004
v 0.012555 -0.003369 -0.049717
v 0.012554 -0.003304 -0.048140
v 0.012556 -0.003268 -0.048933
v 0.012555 -0.004453 -0.049116
v 0.012555 -0.005209 -0.047528
v 0.012556 -0.005432 -0.046400
v 0.012552 -0.005286 -0.048677
v 0.012555 -0.005284 -0.049455
v 0.012555 -0.004856 -0.045577
v 0.012555 0.004248 -0.046289
v 0.012554 0.003271 -0.046021
v 0.012554 0.005922 -0.046207
v 0.012555 0.004886 -0.045947
v 0.012556 0.007259 -0.049801
v 0.012555 0.005224 -0.049052
v 0.012555 0.005964 -0.048833
v 0.012553 0.005224 -0.049627
v 0.012555 0.004074 -0.045419
v 0.012555 0.007171 -0.045403
v 0.012555 0.012605 -0.045525
v 0.012552 0.013321 -0.045500
v 0.012555 0.011384 -0.049802
v 0.012554 0.009815 -0.047033
v 0.012555 0.009409 -0.046759
v 0.012554 0.010272 -0.049252
v 0.012554 0.009047 -0.049163
v 0.012556 0.008477 -0.045544
v 0.012555 0.010850 -0.045527
v 0.012554 0.014357 -0.049140
v 0.012555 0.014095 -0.046627
v 0.012554 0.013137 -0.055554
v 0.012557 0.012617 -0.049228
v 0.012552 0.013366 -0.051638
v 0.012550 0.014452 -0.059835
v 0.012550 0.013389 -0.059835
v 0.012552 0.010109 -0.059835
v 0.012555 0.013389 -0.056159
v 0.012553 0.012125 -0.056263
v 0.012550 0.008617 -0.051835
v 0.012552 0.009998 -0.051835
v 0.012551 0.017908 -0.059835
v 0.012552 0.014805 -0.051796
v 0.012550 0.017094 -0.054072
v 0.012553 0.016332 -0.051835
v 0.012553 0.018758 -0.045500
v 0.012551 0.021334 -0.045500
v 0.012556 0.021334 -0.047892
v 0.012552 0.022065 -0.047692
v 0.012551 0.022065 -0.045500
v 0.012551 0.034723 -0.048113
v 0.012554 0.019007 -0.048349
v 0.012555 0.017690 -0.046768
v 0.012555 0.017421 -0.049001
v 0.012554 0.018584 -0.049614
v 0.012551 0.017809 -0.045500
v 0.012554 0.016105 -0.049774
v 0.012558 0.020083 -0.047718
v 0.012556 0.015118 -0.045458
v 0.012556 0.016763 -0.045544
v 0.012554 0.023518 -0.054901
v 0.012555 0.023428 -0.053064
v 0.012555 0.025923 -0.052676
v 0.012554 0.026749 -0.055934
v 0.012555 0.027553 -0.057432
v 0.012555 0.025654 -0.059969
v 0.012556 0.027184 -0.058887
v 0.012554 0.022458 -0.059533
v 0.012553 0.023889 -0.059004
v 0.012554 0.022462 -0.058178
v 0.012551 0.019217 -0.059835
v 0.012555 0.025709 -0.058912
v 0.012555 0.026383 -0.058148
v 0.012556 0.026165 -0.056907
v 0.012553 0.023122 -0.055938
v 0.012556 0.022172 -0.054782
v 0.012556 0.022305 -0.053157
v 0.012556 0.019372 -0.050891
v 0.012558 0.020112 -0.054072
v 0.012551 0.020838 -0.051835
v 0.012552 0.022065 -0.051000
v 0.012555 0.023459 -0.051937
v 0.012553 0.021914 -0.051835
v 0.012553 0.022065 -0.048323
v 0.012555 0.025754 -0.051710
v 0.012551 0.027557 -0.053662
v 0.012555 0.027574 -0.052315
v 0.012554 0.006919 -0.056698
v 0.012554 0.006919 -0.058889
v 0.012552 0.002977 -0.058889
v 0.012554 0.003243 -0.056698
v 0.012552 0.008139 -0.059932
v 0.012551 0.003243 -0.055751
v 0.012556 0.006919 -0.055751
v 0.012552 0.006919 -0.052782
v 0.012551 0.002977 -0.051835
v 0.012551 0.002977 -0.052782
v 0.012552 0.007982 -0.051835
v 0.012555 -0.000295 -0.046115
v 0.012556 -0.003433 -0.045409
v 0.012555 -0.002266 -0.045737
v 0.012555 0.000322 -0.046940
v 0.012552 -0.002291 -0.046569
v 0.012556 -0.000535 -0.049147
v 0.012555 -0.002361 -0.048538
v 0.012556 0.000440 -0.049366
v 0.012552 0.001795 -0.045500
v 0.012556 0.000118 -0.045507
v 0.012555 -0.001949 -0.049599
v 0.012550 0.001746 -0.051035
v 0.012555 0.001107 -0.047195
v 0.012553 0.001770 -0.049970
v 0.012555 -0.002748 -0.047580
v 0.012556 -0.001333 -0.046047
v 0.012556 0.000224 -0.048376
v 0.012552 0.002505 -0.049970
v 0.012554 0.002534 -0.051035
v 0.012556 0.004295 -0.049339
v 0.012554 0.002760 -0.045550
v 0.012553 0.003016 -0.049339
v 0.012552 0.004643 -0.050812
v 0.012605 -0.013068 -0.081051
v 0.012584 -0.007579 -0.082512
v 0.012640 -0.007017 -0.079335
v 0.012616 -0.012468 -0.078451
v 0.012650 -0.012319 -0.082712
v 0.012640 -0.009333 -0.083632
v 0.012700 -0.008431 -0.077678
v 0.012640 -0.010324 -0.077314
v 0.012549 -0.005053 -0.024094
v 0.012654 -0.008030 -0.024490
v 0.012693 -0.002933 -0.028114
v 0.012640 -0.003017 -0.025835
v 0.012618 -0.004403 -0.029717
v 0.012659 -0.009164 -0.026557
v 0.012693 -0.006253 -0.030253
v 0.012665 -0.008629 -0.028906
v 0.012545 0.006321 -0.017521
v 0.012545 0.004943 -0.017528
v 0.012549 0.000449 -0.017613
v 0.012548 -0.001258 -0.017613
v 0.012546 -0.000412 -0.017791
v 0.012545 -0.001968 -0.017824
v 0.012546 -0.003949 -0.018054
v 0.012544 -0.004760 -0.017676
v 0.012545 -0.003314 -0.017352
v 0.012546 -0.006766 -0.018585
v 0.012544 -0.005947 -0.017359
v 0.012548 -0.019643 -0.017613
v 0.012550 -0.030521 -0.018387
v 0.012550 -0.027796 -0.019590
v 0.012550 -0.032569 -0.020523
v 0.012635 -0.032879 -0.081641
v 0.012647 -0.028227 -0.077664
v 0.012606 -0.026991 -0.079118
v 0.012637 -0.030038 -0.077241
v 0.012623 -0.032774 -0.078945
v 0.012684 -0.028748 -0.083446
v 0.012626 -0.031136 -0.083349
v 0.012647 -0.027199 -0.082055
v 0.012655 0.006827 -0.081136
v 0.012640 0.007844 -0.082810
v 0.012654 0.007328 -0.078758
v 0.012643 0.013069 -0.079440
v 0.012621 0.009383 -0.083610
v 0.012630 0.010267 -0.077316
v 0.012645 0.012680 -0.082341
v 0.012636 0.008683 -0.077623
v 0.012646 0.031128 -0.083535
v 0.012665 0.028415 -0.083334
v 0.012652 0.032845 -0.081945
v 0.012623 0.027126 -0.079045
v 0.012649 0.026948 -0.081446
v 0.012548 0.029930 -0.077470
v 0.012548 0.032999 -0.080173
v 0.012567 0.031312 -0.077566
v 0.012550 0.027669 -0.019999
v 0.012550 0.028975 -0.018643
v 0.012550 0.032447 -0.020084
v 0.012550 0.030874 -0.018618
v 0.012550 0.027591 -0.021896
v 0.012550 0.029383 -0.023537
v 0.012550 0.031955 -0.022733
v 0.012558 0.017058 -0.054072
v 0.012542 -0.008539 -0.018825
v 0.012550 -0.027242 -0.038509
v 0.012550 -0.018045 -0.065791
v 0.012550 -0.003429 -0.074315
v 0.012550 -0.013802 -0.078377
v 0.012550 -0.013601 -0.024394
v 0.012550 0.002977 -0.059835
v 0.012550 -0.006897 -0.044282
v 0.012550 -0.003856 -0.055840
v 0.012550 0.012822 -0.069236
v 0.012548 -0.000412 -0.020902
v 0.012550 0.003479 -0.030916
v 0.012550 0.019230 -0.035475
v 0.012550 -0.008344 -0.016389
v 0.012550 0.012625 -0.051245
v 0.010962 -0.032564 -0.020439
v 0.010962 -0.032018 -0.022552
v 0.010962 -0.030612 -0.023484
v 0.010962 -0.028993 -0.023334
v 0.010962 -0.027655 -0.022079
v 0.010962 -0.027662 -0.019908
v 0.010963 -0.029057 -0.018633
v 0.010963 -0.030945 -0.018593
v 0.010963 0.027599 -0.021969
v 0.010963 0.029223 -0.023480
v 0.010963 0.031158 -0.023271
v 0.010963 0.032410 -0.021947
v 0.010963 0.032282 -0.019777
v 0.010963 0.030828 -0.018584
v 0.010963 0.028914 -0.018645
v 0.010963 0.027618 -0.020071
v 0.012710 -0.011960 -0.059140
v 0.012708 -0.014878 -0.059615
v 0.012710 -0.017726 -0.058823
v 0.012699 -0.019940 -0.056940
v 0.012701 -0.021204 -0.054277
v 0.012708 -0.021213 -0.051266
v 0.012709 -0.019970 -0.048584
v 0.012712 -0.018404 -0.047134
v 0.012709 -0.016334 -0.046123
v 0.012709 -0.013382 -0.045966
v 0.012708 -0.010637 -0.047063
v 0.012712 -0.009104 -0.048548
v 0.012709 -0.007982 -0.050560
v 0.012709 -0.007665 -0.053499
v 0.012711 -0.008261 -0.055550
v 0.012708 -0.009513 -0.057483
v 0.012707 -0.019653 -0.050362
v 0.012711 -0.019907 -0.054570
v 0.012701 -0.018507 -0.056807
v 0.012725 -0.016503 -0.058087
v 0.012722 -0.014817 -0.058410
v 0.012706 -0.020176 -0.052251
v 0.012725 -0.013086 -0.047228
v 0.012692 -0.011303 -0.048050
v 0.012721 -0.014793 -0.047087
v 0.012707 -0.016766 -0.047517
v 0.012706 -0.018717 -0.048918
v 0.012722 -0.012750 -0.058174
v 0.012685 -0.011203 -0.057372
v 0.012707 -0.008970 -0.051361
v 0.012707 -0.008897 -0.053811
v 0.012705 -0.010036 -0.049209
v 0.012707 -0.009861 -0.056065
v 0.012694 -0.012588 -0.057433
v 0.012693 -0.014598 -0.057819
v 0.012703 -0.016846 -0.057237
v 0.012704 -0.018096 -0.056275
v 0.012700 -0.019078 -0.054915
v 0.012706 -0.019482 -0.053587
v 0.012703 -0.019451 -0.051689
v 0.012703 -0.018548 -0.049709
v 0.012703 -0.016897 -0.048290
v 0.012705 -0.015400 -0.047795
v 0.012694 -0.013724 -0.047752
v 0.012693 -0.011803 -0.048457
v 0.012703 -0.010176 -0.050115
v 0.012704 -0.009601 -0.051583
v 0.012694 -0.009467 -0.053254
v 0.012705 -0.009800 -0.054602
v 0.012703 -0.010804 -0.056211
v 0.010963 -0.019085 -0.054890
v 0.010962 -0.019445 -0.051680
v 0.010962 -0.017375 -0.048507
v 0.010962 -0.013700 -0.047755
v 0.010962 -0.010419 -0.049649
v 0.010962 -0.009469 -0.053279
v 0.010962 -0.010474 -0.055735
v 0.010962 -0.012611 -0.057443
v 0.010962 -0.016398 -0.057511
v 0.012850 -0.026602 -0.080433
v 0.012845 -0.031725 -0.077653
v 0.014522 -0.032892 -0.081460
v 0.014437 -0.031916 -0.082871
v 0.014474 -0.030636 -0.083475
v 0.014439 -0.029222 -0.083518
v 0.014442 -0.027397 -0.082487
v 0.014470 -0.026706 -0.080305
v 0.014255 -0.026920 -0.078987
v 0.014434 -0.028385 -0.077562
v 0.014434 -0.030411 -0.077224
v 0.014496 -0.032216 -0.078228
v 0.014261 -0.033039 -0.079390
v 0.012848 -0.010894 -0.083643
v 0.012845 -0.006786 -0.081239
v 0.012850 -0.013112 -0.079407
v 0.014522 -0.012992 -0.081560
v 0.014513 -0.011521 -0.083331
v 0.014259 -0.010145 -0.083837
v 0.014453 -0.008200 -0.083107
v 0.014404 -0.006892 -0.081490
v 0.014450 -0.007087 -0.079164
v 0.014479 -0.008899 -0.077473
v 0.014255 -0.010565 -0.077251
v 0.014496 -0.012316 -0.078328
v 0.014261 -0.013139 -0.079490
v 0.012845 0.010853 -0.083686
v 0.012845 0.011572 -0.077601
v 0.014477 0.007127 -0.081955
v 0.014259 0.008468 -0.083468
v 0.014471 0.010619 -0.083656
v 0.014478 0.012596 -0.082338
v 0.014255 0.013228 -0.081178
v 0.014453 0.012993 -0.079463
v 0.014455 0.012168 -0.078188
v 0.014470 0.010763 -0.077397
v 0.014255 0.009435 -0.077251
v 0.014453 0.007929 -0.078103
v 0.014518 0.006983 -0.079565
v 0.012841 0.033176 -0.079467
v 0.012841 0.028467 -0.077533
v 0.014522 0.027008 -0.081560
v 0.014437 0.027984 -0.082971
v 0.014474 0.029264 -0.083575
v 0.014470 0.031290 -0.083461
v 0.014259 0.032880 -0.082191
v 0.014472 0.033173 -0.080399
v 0.014455 0.032614 -0.078708
v 0.014373 0.031162 -0.077436
v 0.014434 0.028516 -0.077600
v 0.014433 0.026956 -0.079460
v 0.012851 -0.005051 -0.023744
v 0.014450 -0.008334 -0.029196
v 0.014509 -0.006085 -0.030211
v 0.014453 -0.004200 -0.029607
v 0.014404 -0.002892 -0.027990
v 0.014450 -0.003087 -0.025664
v 0.014479 -0.004899 -0.023973
v 0.014259 -0.006929 -0.023792
v 0.014472 -0.008373 -0.024891
v 0.014404 -0.009262 -0.027054
v 0.009963 0.032252 -0.022462
v 0.009963 0.029484 -0.023579
v 0.009963 0.027616 -0.022014
v 0.009963 0.027790 -0.019568
v 0.009962 0.030235 -0.018388
v 0.009963 0.032261 -0.019734
v 0.009962 -0.032011 -0.022779
v 0.009963 -0.029391 -0.023519
v 0.009962 -0.027684 -0.022161
v 0.009962 -0.027616 -0.019986
v 0.009962 -0.029265 -0.018508
v 0.009962 -0.031135 -0.018709
v 0.009962 -0.032428 -0.020097
v 0.012576 -0.012098 -0.057236
v 0.012576 -0.015343 -0.057654
v 0.012576 -0.017750 -0.056580
v 0.012576 -0.019405 -0.053832
v 0.012576 -0.018871 -0.050144
v 0.012576 -0.016306 -0.048113
v 0.012576 -0.013690 -0.047793
v 0.012576 -0.011250 -0.048982
v 0.012576 -0.009741 -0.051144
v 0.012576 -0.009739 -0.054352
v 0.012576 -0.013052 -0.050015
v 0.012576 -0.011391 -0.052046
v 0.012576 -0.015698 -0.049796
v 0.012576 -0.017671 -0.052424
v 0.012576 -0.016002 -0.055632
v 0.012576 -0.012422 -0.055167
v 0.010962 -0.017454 -0.051552
v 0.010962 -0.014826 -0.049579
v 0.010962 -0.011618 -0.051248
v 0.010962 -0.012083 -0.054828
v 0.010962 -0.015204 -0.055859
v 0.010962 -0.017235 -0.054198
v 0.012558 0.017350 -0.054980
v 0.012558 0.019820 -0.054980
v 0.012558 0.018588 -0.058746
v 0.012554 0.006670 -0.048826
v 0.012555 0.006721 -0.046322
v 0.012556 0.008346 -0.048986
v 0.012556 0.008607 -0.046551
v 0.012556 0.007716 -0.045958
v 0.012554 0.014956 -0.048826
v 0.012555 0.015007 -0.046322
v 0.012556 0.016631 -0.048986
v 0.012556 0.016893 -0.046551
v 0.012556 0.016001 -0.045958
v 0.012545 0.005945 -0.018577
v 0.012544 0.005933 -0.017871
v 0.012546 0.004995 -0.017870
v 0.012556 0.010924 -0.048969
v 0.012555 0.010594 -0.047019
v 0.012555 0.012507 -0.048796
v 0.012554 0.011216 -0.046038
v 0.012556 0.012612 -0.046204
v 0.012556 0.019368 -0.049116
v 0.012557 0.021334 -0.050367
v 0.012554 0.019739 -0.050275
v 0.012555 0.019947 -0.048372
v 0.012545 -0.016750 -0.018878
v 0.012544 -0.016231 -0.019328
v 0.012544 -0.016641 -0.017946
v 0.012545 -0.015753 -0.017790
v 0.012545 -0.011497 -0.018878
v 0.012544 -0.010978 -0.019328
v 0.012544 -0.010387 -0.017945
v 0.012545 -0.011284 -0.017793
v 0.012545 0.007340 -0.019270
v 0.012545 0.007377 -0.020415
v 0.012546 -0.005152 -0.020472
v 0.012544 -0.006237 -0.018518
v 0.012544 -0.005957 -0.020564
v 0.012546 -0.004989 -0.018189
v 0.012545 -0.005724 -0.017696
v 0.012544 -0.003435 -0.020513
v 0.012546 -0.002526 -0.020472
v 0.012545 -0.002479 -0.017856
v 0.012544 -0.003397 -0.017893
v 0.009963 0.003987 -0.026491
v 0.009963 0.004420 -0.028400
v 0.009962 0.006726 -0.029026
v 0.009963 0.008056 -0.027289
v 0.009963 0.007552 -0.025620
v 0.009962 0.005489 -0.024916
v 0.010963 0.008056 -0.026711
v 0.010963 0.007552 -0.028380
v 0.010963 0.005489 -0.029084
v 0.010963 0.003987 -0.027509
v 0.010963 0.004420 -0.025600
v 0.010963 0.006726 -0.024974
v -0.010862 -0.014805 -0.054394
v -0.010862 -0.016172 -0.053083
v -0.010862 -0.015648 -0.051602
v -0.010862 -0.014001 -0.051080
v -0.010862 -0.012861 -0.052610
v -0.010862 -0.013332 -0.053908
v -0.019774 -0.014195 -0.054394
v -0.019774 -0.015668 -0.053908
v -0.019774 -0.016139 -0.052610
v -0.019774 -0.014999 -0.051080
v -0.019774 -0.013352 -0.051602
v -0.019774 -0.012828 -0.053083
v 0.004190 -0.012002 -0.081102
v 0.010962 -0.012037 -0.080577
v 0.010962 -0.011556 -0.079142
v 0.004190 -0.011598 -0.079206
v 0.010962 -0.009746 -0.078420
v 0.004190 -0.009814 -0.078427
v 0.010962 -0.008295 -0.079383
v 0.004190 -0.008075 -0.079685
v 0.010962 -0.007967 -0.080861
v 0.004190 -0.008272 -0.081614
v 0.010962 -0.008643 -0.081996
v 0.010962 -0.009642 -0.082512
v 0.004190 -0.009480 -0.082459
v 0.004190 -0.010763 -0.082387
v 0.010962 -0.011333 -0.082108
v 0.004190 -0.012066 -0.079985
v 0.004190 -0.011503 -0.079020
v 0.004190 -0.010743 -0.078525
v 0.004190 -0.009851 -0.078394
v 0.004190 -0.008757 -0.078771
v 0.004190 -0.008069 -0.079652
v 0.004190 -0.007891 -0.080541
v 0.004190 -0.008103 -0.081423
v 0.004190 -0.008854 -0.082295
v 0.004190 -0.009925 -0.082608
v 0.004190 -0.010819 -0.082444
v 0.004190 -0.011559 -0.081921
v 0.004190 -0.012012 -0.081135
v 0.004190 0.011959 -0.081486
v 0.004190 0.011927 -0.081217
v 0.004190 0.010494 -0.082529
v 0.004190 0.007908 -0.079971
v 0.004190 0.008095 -0.079800
v 0.004190 0.008728 -0.078943
v 0.004190 0.008108 -0.081305
v 0.004190 0.008069 -0.081348
v 0.004190 0.008976 -0.082409
v 0.004190 0.010545 -0.082555
v 0.004190 0.011882 -0.079446
v 0.004190 0.011794 -0.079495
v 0.004190 0.009717 -0.078389
v 0.004190 0.009730 -0.078488
v 0.004190 0.010780 -0.078647
v 0.004190 0.008666 -0.078866
v 0.004190 0.009024 -0.082258
v 0.004190 0.010819 -0.078556
v 0.010962 0.012035 -0.080479
v 0.010962 0.011516 -0.081898
v 0.010962 0.010288 -0.082501
v 0.010962 0.009021 -0.082308
v 0.010962 0.008173 -0.081353
v 0.010962 0.007980 -0.080084
v 0.010962 0.008840 -0.078827
v 0.010962 0.010090 -0.078469
v 0.010962 0.011478 -0.079062
v -0.004089 -0.012066 -0.081015
v -0.004089 -0.012011 -0.080775
v -0.004089 -0.011434 -0.081936
v -0.004089 -0.010743 -0.082475
v -0.004089 -0.011503 -0.081980
v -0.004089 -0.012012 -0.079865
v -0.004089 -0.011841 -0.079692
v -0.004089 -0.011423 -0.078916
v -0.004089 -0.011185 -0.078853
v -0.004089 -0.008206 -0.079352
v -0.004089 -0.008419 -0.079228
v -0.004089 -0.008006 -0.080244
v -0.004089 -0.007891 -0.080459
v -0.004089 -0.008206 -0.081504
v -0.004089 -0.008069 -0.081348
v -0.004089 -0.009267 -0.078501
v -0.004089 -0.009481 -0.078541
v -0.004089 -0.008757 -0.082229
v -0.004089 -0.009851 -0.082606
v -0.004089 -0.010382 -0.078425
v -0.004089 -0.010324 -0.078526
v -0.004089 -0.009813 -0.082573
v -0.010861 -0.011881 -0.081285
v -0.010861 -0.010833 -0.082392
v -0.010861 -0.008887 -0.082278
v -0.010861 -0.007983 -0.080797
v -0.010861 -0.008307 -0.079318
v -0.010861 -0.009610 -0.078496
v -0.010861 -0.011114 -0.078765
v -0.010861 -0.011973 -0.079987
v -0.002686 0.011189 -0.082207
v -0.002626 0.011994 -0.080925
v -0.002629 0.011845 -0.079630
v -0.002609 0.010749 -0.078579
v -0.002611 0.009007 -0.078692
v -0.002662 0.007971 -0.080075
v -0.002648 0.008348 -0.081753
v -0.002630 0.009669 -0.082512
v -0.002816 0.012030 -0.081409
v -0.002801 0.012058 -0.079593
v -0.002807 0.008788 -0.078669
v -0.002811 0.010836 -0.082588
v -0.002802 0.010332 -0.078304
v -0.002808 0.008025 -0.079579
v -0.002809 0.007867 -0.081109
v -0.002810 0.009015 -0.082506
v -0.002829 0.008018 -0.081038
v -0.002829 0.008220 -0.079528
v -0.002829 0.009359 -0.078548
v -0.002829 0.010685 -0.078611
v -0.002829 0.011709 -0.079360
v -0.002829 0.011976 -0.081066
v -0.002829 0.010659 -0.082483
v -0.002829 0.008935 -0.082226
v -0.009862 -0.004086 -0.027645
v -0.009862 -0.004083 -0.027605
v -0.009862 -0.004269 -0.028041
v -0.009862 -0.004514 -0.028354
v -0.009862 -0.006540 -0.028946
v -0.009862 -0.006500 -0.028947
v -0.009862 -0.007107 -0.028702
v -0.009862 -0.007122 -0.028656
v -0.009862 -0.004533 -0.025611
v -0.009862 -0.004568 -0.025589
v -0.009862 -0.004174 -0.026112
v -0.009862 -0.004185 -0.026160
v -0.009862 -0.003992 -0.026782
v -0.009862 -0.004006 -0.026744
v -0.009862 -0.003992 -0.027218
v -0.009862 -0.004533 -0.028389
v -0.009862 -0.007577 -0.028248
v -0.009862 -0.007973 -0.027434
v -0.009862 -0.007955 -0.027471
v -0.009862 -0.008023 -0.026820
v -0.009862 -0.007988 -0.026784
v -0.009862 -0.007501 -0.025632
v -0.009862 -0.006976 -0.025243
v -0.009862 -0.007452 -0.025625
v -0.009862 -0.006946 -0.025215
v -0.009862 -0.006010 -0.024977
v -0.009862 -0.005292 -0.025118
v -0.009862 -0.005252 -0.025123
v -0.009862 -0.005014 -0.028775
v -0.009862 -0.005063 -0.028767
v -0.009862 -0.005636 -0.028977
v -0.009862 -0.007608 -0.028222
v -0.009862 -0.007833 -0.027848
v -0.009862 -0.007841 -0.026192
v -0.009862 -0.007833 -0.026152
v -0.009861 -0.006356 -0.024999
v -0.009862 -0.004866 -0.025328
v -0.009862 -0.005673 -0.028993
v -0.009862 -0.006109 -0.029017
v -0.010862 -0.008144 -0.027047
v -0.010862 -0.006920 -0.028853
v -0.010862 -0.004758 -0.028748
v -0.010862 -0.003950 -0.026722
v -0.010861 -0.005079 -0.025102
v -0.010861 -0.006834 -0.025071
v -0.004089 0.008162 -0.081421
v -0.010861 0.007992 -0.080030
v -0.004089 0.008060 -0.079906
v -0.004089 0.008815 -0.078853
v -0.010861 0.008875 -0.078804
v -0.004089 0.010053 -0.078473
v -0.010861 0.010586 -0.078486
v -0.004089 0.011448 -0.079040
v -0.010861 0.012054 -0.080080
v -0.004089 0.012029 -0.080444
v -0.004089 0.011649 -0.081683
v -0.010861 0.011478 -0.081938
v -0.004089 0.010514 -0.082476
v -0.010861 0.010090 -0.082531
v -0.004089 0.009233 -0.082370
v -0.010861 0.008456 -0.081918
v -0.004089 0.012192 -0.080427
v -0.004089 0.011503 -0.079020
v -0.004089 0.010283 -0.078361
v -0.004089 0.008757 -0.078771
v -0.004089 0.007880 -0.080102
v -0.004089 0.008103 -0.081423
v -0.004089 0.008666 -0.082134
v -0.004089 0.009717 -0.082611
v -0.004089 0.010819 -0.082444
v -0.004089 0.011559 -0.081921
v -0.005589 -0.015700 -0.076776
v -0.009862 -0.015887 -0.076552
v -0.009857 -0.012116 -0.076607
v -0.009862 -0.015887 -0.080687
v -0.005589 -0.015700 -0.080500
v -0.005588 -0.014645 -0.080462
v -0.005586 -0.013138 -0.077041
v -0.009861 -0.014410 -0.080651
v -0.009862 -0.013908 -0.078540
v -0.009861 0.015887 -0.076552
v -0.009850 0.012537 -0.076755
v -0.009861 0.014461 -0.080550
v -0.009861 0.015887 -0.080687
v -0.005589 0.015700 -0.080500
v -0.005589 0.015700 -0.076776
v -0.005588 0.014671 -0.080440
v -0.005586 0.013039 -0.076979
v 0.009962 -0.015887 -0.076552
v 0.009962 -0.014461 -0.080550
v 0.009962 -0.015887 -0.080687
v 0.009951 -0.012537 -0.076755
v 0.005690 -0.015700 -0.080500
v 0.005690 -0.015700 -0.076776
v 0.005689 -0.014671 -0.080440
v 0.005687 -0.013039 -0.076979
v 0.005690 0.015700 -0.076776
v 0.009963 0.015887 -0.076552
v 0.009958 0.012116 -0.076607
v 0.005687 0.013138 -0.077041
v 0.009963 0.015887 -0.080687
v 0.005690 0.015700 -0.080500
v 0.005689 0.014645 -0.080462
v 0.009962 0.014410 -0.080651
v 0.009963 0.013908 -0.078540
v -0.017176 0.029741 -0.020528
v -0.017342 0.029759 -0.022387
v -0.018118 0.029883 -0.024416
v -0.019497 0.029759 -0.026009
v -0.023434 0.029942 -0.027579
v -0.025467 0.029897 -0.027413
v -0.028042 0.030052 -0.026093
v -0.028272 0.029643 -0.026075
v -0.029885 0.029697 -0.023818
v -0.030432 0.030000 -0.021000
v -0.029882 0.029739 -0.018170
v -0.028669 0.029670 -0.016426
v -0.027005 0.030095 -0.015204
v -0.026769 0.029692 -0.014983
v -0.020076 0.029963 -0.015512
v -0.018118 0.030117 -0.017584
v -0.030625 0.029594 -0.020938
v -0.021272 0.029577 -0.027387
v -0.025427 0.029451 -0.014080
v -0.022661 0.029577 -0.014228
v -0.019842 0.029571 -0.015372
v -0.017899 0.029577 -0.017479
v -0.024890 0.029496 -0.027998
v -0.017649 0.029478 -0.024620
v -0.030677 0.029477 -0.023530
v -0.030421 0.029474 -0.018267
v -0.028794 0.029489 -0.026283
v -0.016421 0.029528 -0.021737
v -0.018276 0.029520 -0.025980
v -0.022929 0.029516 -0.028317
v -0.031194 0.029529 -0.020545
v -0.027271 0.029519 -0.014430
v -0.022276 0.029516 -0.013790
v -0.019813 0.029517 -0.014726
v -0.017078 0.029516 -0.017996
v -0.026623 0.029874 -0.028153
v -0.016859 0.029826 -0.024194
v -0.020981 0.029825 -0.028135
v -0.025022 0.029880 -0.028565
v -0.028085 0.029880 -0.027349
v -0.029913 0.029800 -0.025591
v -0.030783 0.029758 -0.017951
v -0.029365 0.029880 -0.015738
v -0.018316 0.029842 -0.015606
v -0.016340 0.029826 -0.019346
v -0.031503 0.030000 -0.021000
v -0.023386 0.029885 -0.013372
v -0.018316 0.030158 -0.026394
v -0.027502 0.030156 -0.014265
v -0.025022 0.030120 -0.013435
v -0.016169 0.030142 -0.021942
v -0.023386 0.030115 -0.028628
v -0.020981 0.030175 -0.013865
v -0.016859 0.030174 -0.017806
v -0.031011 0.030167 -0.023425
v -0.030301 0.030224 -0.017070
v -0.019814 0.030483 -0.027274
v -0.029809 0.030347 -0.025559
v -0.031144 0.030503 -0.021657
v -0.030677 0.030523 -0.018470
v -0.017882 0.030533 -0.016691
v -0.016421 0.030472 -0.020263
v -0.017078 0.030484 -0.024004
v -0.022276 0.030484 -0.028210
v -0.023006 0.030564 -0.013865
v -0.025123 0.030571 -0.027964
v -0.027543 0.030518 -0.027223
v -0.028794 0.030511 -0.015717
v -0.019517 0.030552 -0.015341
v -0.029530 0.030517 -0.025157
v -0.025642 0.030524 -0.014156
v -0.016965 0.030423 -0.021721
v -0.017899 0.030423 -0.024521
v -0.019842 0.030429 -0.026628
v -0.022661 0.030423 -0.027772
v -0.026769 0.030308 -0.027017
v -0.030625 0.030406 -0.021062
v -0.029885 0.030303 -0.018182
v -0.028272 0.030357 -0.015925
v -0.017342 0.030241 -0.019613
v -0.029882 0.030261 -0.023830
v -0.021338 0.030038 -0.027157
v -0.024857 0.030058 -0.014498
v -0.022723 0.030038 -0.014458
v -0.002649 -0.041110 -0.147673
v -0.002649 -0.040552 -0.150568
v -0.002649 -0.042889 -0.152864
v -0.002649 -0.046183 -0.151449
v -0.002649 -0.046423 -0.148511
v -0.002649 -0.044138 -0.146574
v -0.006149 -0.040612 -0.150753
v -0.006149 -0.040981 -0.147838
v -0.006149 -0.044315 -0.146557
v -0.006149 -0.046440 -0.148668
v -0.006149 -0.046292 -0.151271
v -0.006149 -0.043098 -0.152896
v -0.006149 -0.042715 -0.147710
v -0.006149 -0.045056 -0.148225
v -0.006149 -0.045579 -0.150118
v -0.006149 -0.044360 -0.151643
v -0.006149 -0.041431 -0.149730
v -0.006149 -0.042400 -0.151433
v -0.008787 -0.041498 -0.149799
v -0.008830 -0.041788 -0.148527
v -0.008829 -0.042843 -0.147753
v -0.008832 -0.044218 -0.147696
v -0.008829 -0.045506 -0.148919
v -0.008834 -0.045529 -0.150275
v -0.008832 -0.044972 -0.151219
v -0.008828 -0.043975 -0.151715
v -0.008823 -0.042670 -0.151616
v -0.008829 -0.041698 -0.150648
v -0.008818 -0.031687 -0.124118
v -0.008645 -0.033599 -0.122303
v -0.008595 -0.030268 -0.125938
v -0.008812 -0.029484 -0.127838
v -0.008774 -0.028901 -0.130313
v -0.008616 -0.028840 -0.132718
v -0.008801 -0.029209 -0.134308
v -0.008830 -0.040560 -0.126734
v -0.008821 -0.042508 -0.127401
v -0.008809 -0.044064 -0.128879
v -0.008757 -0.044765 -0.130764
v -0.008831 -0.044787 -0.132221
v -0.008830 -0.044279 -0.133834
v -0.008830 -0.042924 -0.135413
v -0.008846 -0.041331 -0.136193
v -0.008819 -0.039994 -0.136380
v -0.008830 -0.037960 -0.135927
v -0.008823 -0.036328 -0.134674
v -0.008825 -0.035585 -0.133432
v -0.008829 -0.035185 -0.131782
v -0.008830 -0.035344 -0.130354
v -0.008824 -0.036013 -0.128828
v -0.008832 -0.037015 -0.127771
v -0.008831 -0.038494 -0.126948
v -0.008029 -0.035518 -0.133199
v -0.008029 -0.037395 -0.135685
v -0.008029 -0.041475 -0.136221
v -0.008029 -0.043921 -0.134315
v -0.008029 -0.044836 -0.131912
v -0.008029 -0.043820 -0.128456
v -0.008029 -0.040497 -0.126716
v -0.008029 -0.037527 -0.127410
v -0.008029 -0.035324 -0.130127
v -0.008779 -0.044500 -0.133190
v -0.008779 -0.042651 -0.135659
v -0.008779 -0.039629 -0.136306
v -0.008779 -0.037204 -0.135464
v -0.008779 -0.035405 -0.132964
v -0.008779 -0.035377 -0.130396
v -0.008779 -0.036600 -0.128137
v -0.008779 -0.039365 -0.126767
v -0.008779 -0.042387 -0.127344
v -0.008779 -0.044685 -0.130104
v -0.008779 -0.039255 -0.133491
v -0.008779 -0.038009 -0.131996
v -0.008779 -0.038371 -0.130308
v -0.008779 -0.040342 -0.129437
v -0.008779 -0.041960 -0.130878
v -0.008779 -0.041573 -0.132998
v -0.004779 -0.041997 -0.131000
v -0.004779 -0.040485 -0.129465
v -0.004779 -0.038138 -0.130534
v -0.004779 -0.038309 -0.132692
v -0.004779 -0.039784 -0.133587
v -0.004779 -0.041600 -0.132906
v -0.004779 -0.041597 -0.134014
v -0.004779 -0.042843 -0.130999
v -0.004779 -0.038623 -0.134008
v -0.004779 -0.037236 -0.132079
v -0.004779 -0.037807 -0.129774
v -0.004779 -0.040565 -0.128662
v -0.008029 -0.042705 -0.132332
v -0.008029 -0.041451 -0.133997
v -0.008029 -0.039547 -0.134294
v -0.008029 -0.038057 -0.133557
v -0.008029 -0.037237 -0.131933
v -0.008029 -0.037513 -0.130305
v -0.008029 -0.038643 -0.129097
v -0.008029 -0.040518 -0.128772
v -0.008029 -0.042519 -0.130132
v 0.007131 -0.037253 -0.132100
v 0.007131 -0.037541 -0.130222
v 0.007131 -0.038594 -0.129156
v 0.007131 -0.040054 -0.128736
v 0.007131 -0.042149 -0.129630
v 0.007131 -0.042803 -0.132093
v 0.007131 -0.041414 -0.134016
v 0.007131 -0.039525 -0.134293
v 0.007131 -0.038151 -0.133621
v 0.003881 -0.042671 -0.132517
v 0.003881 -0.041181 -0.134093
v 0.003881 -0.038817 -0.134146
v 0.003881 -0.037236 -0.132079
v 0.003881 -0.037807 -0.129774
v 0.003881 -0.039633 -0.128777
v 0.003881 -0.042196 -0.129582
v 0.003881 -0.038371 -0.130308
v 0.003881 -0.038087 -0.132454
v 0.003881 -0.042193 -0.131525
v 0.003881 -0.040342 -0.129437
v 0.003881 -0.040371 -0.133625
v 0.007881 -0.042189 -0.131676
v 0.007881 -0.040485 -0.129465
v 0.007881 -0.038138 -0.130534
v 0.007881 -0.038539 -0.133082
v 0.007881 -0.040668 -0.133487
v 0.007881 -0.037204 -0.135464
v 0.007881 -0.035405 -0.132964
v 0.007881 -0.035377 -0.130396
v 0.007882 -0.040651 -0.136371
v 0.007881 -0.036948 -0.127738
v 0.007881 -0.039882 -0.126768
v 0.007881 -0.042387 -0.127344
v 0.007881 -0.044685 -0.130104
v 0.007881 -0.044135 -0.134172
v 0.007131 -0.044836 -0.131912
v 0.007131 -0.043630 -0.134755
v 0.007131 -0.040942 -0.136279
v 0.007131 -0.037395 -0.135685
v 0.007131 -0.035518 -0.133199
v 0.007131 -0.035324 -0.130127
v 0.007131 -0.038056 -0.127052
v 0.007131 -0.041141 -0.126889
v 0.007131 -0.043820 -0.128456
v 0.007927 -0.035344 -0.132819
v 0.007936 -0.035214 -0.130992
v 0.007925 -0.035535 -0.129720
v 0.007938 -0.036410 -0.128347
v 0.007934 -0.037541 -0.127382
v 0.007933 -0.039515 -0.126728
v 0.007935 -0.041331 -0.126896
v 0.007922 -0.042536 -0.127418
v 0.007935 -0.043876 -0.128641
v 0.007925 -0.044521 -0.129788
v 0.007936 -0.044848 -0.131833
v 0.007932 -0.044279 -0.133833
v 0.007936 -0.042924 -0.135415
v 0.007937 -0.041392 -0.136163
v 0.007920 -0.039990 -0.136379
v 0.007935 -0.038203 -0.136022
v 0.007922 -0.037059 -0.135371
v 0.007945 -0.035956 -0.134148
v -0.008603 -0.040384 -0.158601
v -0.008512 -0.039998 -0.158456
v -0.008846 -0.040186 -0.158316
v -0.008785 -0.050341 -0.154047
v -0.000453 -0.050711 -0.154057
v -0.007773 -0.050489 -0.144737
v -0.000704 -0.051001 -0.131395
v -0.000426 -0.040108 -0.158827
v 0.007887 -0.050342 -0.154046
v 0.006820 -0.050496 -0.144521
v -0.003583 -0.050850 -0.133218
v -0.006069 -0.050649 -0.138178
v -0.008856 -0.050284 -0.150414
v 0.007955 -0.050284 -0.150399
v 0.005241 -0.050631 -0.138350
v 0.002507 -0.050873 -0.132932
v 0.007944 -0.043930 -0.120154
v 0.007691 -0.040426 -0.158595
v 0.007681 -0.040037 -0.158489
v 0.007955 -0.040239 -0.158305
v -0.008085 -0.043361 -0.118977
v -0.007157 -0.043074 -0.118677
v -0.008679 -0.043686 -0.119663
v -0.008866 -0.043917 -0.120298
v 0.004935 -0.046755 -0.119141
v -0.000498 -0.048347 -0.118981
v -0.005907 -0.046822 -0.119430
v -0.000507 -0.047441 -0.118040
v -0.007679 -0.045394 -0.119814
v -0.006538 -0.045122 -0.118534
v -0.004089 -0.047221 -0.118506
v -0.001787 -0.046563 -0.117852
v -0.002939 -0.048071 -0.119082
v 0.006645 -0.045545 -0.119765
v 0.005671 -0.045299 -0.118618
v 0.002943 -0.046000 -0.118024
v 0.002143 -0.048085 -0.119145
v 0.002310 -0.047236 -0.118294
v -0.000449 -0.038030 -0.119636
v -0.007656 -0.038169 -0.119796
v -0.008501 -0.037664 -0.120614
v -0.008439 -0.035840 -0.121091
v -0.008838 -0.034616 -0.122002
v -0.002449 -0.028448 -0.130858
v -0.002449 -0.029785 -0.125967
v -0.002449 -0.032952 -0.122379
v -0.002452 -0.028792 -0.133989
v -0.002449 -0.033723 -0.144867
v 0.001540 -0.033742 -0.144922
v 0.007535 -0.043581 -0.119309
v 0.006663 -0.043190 -0.118716
v 0.007575 -0.037679 -0.120591
v 0.006730 -0.038173 -0.119789
v 0.001531 -0.035283 -0.120972
v -0.002449 -0.035232 -0.121066
v 0.007566 -0.035887 -0.121076
v 0.007933 -0.034591 -0.121974
v 0.007693 -0.033576 -0.122301
v 0.007923 -0.031720 -0.124078
v 0.007902 -0.029206 -0.134296
v 0.007893 -0.028910 -0.130302
v 0.007698 -0.029312 -0.128100
v 0.007913 -0.030179 -0.126255
v 0.007714 -0.028840 -0.132721
v 0.001551 -0.029961 -0.125692
v 0.001551 -0.032987 -0.122357
v 0.001551 -0.028460 -0.130553
v 0.001554 -0.028781 -0.133965
v 0.007943 -0.043351 -0.147637
v 0.007933 -0.042091 -0.148164
v 0.007933 -0.041481 -0.149471
v 0.007939 -0.041677 -0.150680
v 0.007931 -0.042545 -0.151520
v 0.007932 -0.043521 -0.151764
v 0.007931 -0.044810 -0.151387
v 0.007924 -0.045605 -0.150041
v 0.007929 -0.045383 -0.148724
v 0.007931 -0.044425 -0.147810
v 0.005251 -0.041432 -0.149730
v 0.005251 -0.042715 -0.147710
v 0.005251 -0.045056 -0.148225
v 0.005251 -0.045579 -0.150118
v 0.005251 -0.044355 -0.151650
v 0.005251 -0.042400 -0.151433
v 0.005251 -0.040552 -0.150568
v 0.005251 -0.041302 -0.147375
v 0.005251 -0.046183 -0.151449
v 0.005251 -0.046423 -0.148511
v 0.005251 -0.044502 -0.146735
v 0.005251 -0.042878 -0.152858
v 0.001751 -0.040612 -0.150753
v 0.001751 -0.040981 -0.147838
v 0.001751 -0.043650 -0.146586
v 0.001751 -0.046220 -0.148007
v 0.001751 -0.046292 -0.151271
v 0.001751 -0.043096 -0.152897
v 0.000485 -0.035339 -0.131185
v 0.002260 -0.035363 -0.130505
v -0.000462 -0.036533 -0.127557
v 0.001492 -0.036302 -0.127899
v 0.001430 -0.038975 -0.126027
v -0.000440 -0.039921 -0.125877
v 0.001708 -0.041656 -0.126018
v -0.000453 -0.043083 -0.126609
v 0.001574 -0.044074 -0.127358
v -0.000454 -0.045388 -0.129608
v 0.001064 -0.045590 -0.130867
v -0.000448 -0.044643 -0.133861
v 0.001667 -0.044520 -0.133898
v 0.001001 -0.041861 -0.135897
v -0.000466 -0.040919 -0.136048
v 0.001464 -0.038094 -0.135480
v -0.000441 -0.037302 -0.134937
v 0.001694 -0.036141 -0.133642
v -0.000454 -0.035682 -0.132647
v -0.001879 -0.041082 -0.136059
v -0.002370 -0.044367 -0.134172
v -0.001930 -0.045576 -0.130545
v -0.002339 -0.043871 -0.127163
v -0.002451 -0.040886 -0.125839
v -0.002392 -0.037708 -0.126596
v -0.000745 -0.035463 -0.129535
v -0.002733 -0.035515 -0.132124
v -0.001910 -0.036937 -0.134756
v 0.015131 0.042326 -0.148154
v 0.015099 0.041570 -0.149803
v 0.015173 0.043159 -0.151548
v 0.015137 0.044798 -0.151170
v 0.015152 0.045015 -0.148452
v 0.014912 0.045574 -0.150104
v 0.014905 0.042072 -0.151097
v 0.014912 0.043611 -0.147598
v 0.013902 0.045320 -0.148673
v 0.013902 0.043704 -0.147602
v 0.013902 0.041487 -0.148924
v 0.013902 0.042473 -0.151536
v 0.013902 0.045220 -0.151058
v 0.013855 0.043610 -0.148062
v 0.013856 0.044799 -0.148615
v 0.013854 0.045140 -0.150034
v 0.013852 0.044154 -0.151239
v 0.013852 0.042771 -0.151125
v 0.013845 0.041934 -0.150145
v 0.013852 0.042311 -0.148538
v 0.013802 0.040267 -0.151339
v 0.013802 0.040384 -0.147937
v 0.013802 0.042683 -0.153134
v 0.013802 0.046092 -0.147075
v 0.013802 0.042825 -0.146156
v 0.013802 0.044944 -0.152942
v 0.013802 0.047035 -0.150727
v 0.013202 0.040649 -0.151763
v 0.013202 0.043221 -0.153330
v 0.013202 0.046046 -0.152191
v 0.013202 0.047049 -0.150155
v 0.013202 0.046454 -0.147589
v 0.013202 0.043826 -0.146098
v 0.013202 0.041298 -0.146921
v 0.013202 0.039964 -0.149194
v 0.013202 0.045312 -0.150937
v 0.013202 0.045253 -0.148564
v 0.013202 0.041439 -0.149068
v 0.013202 0.043566 -0.147595
v 0.013202 0.042602 -0.151603
v -0.011896 0.045570 -0.149395
v -0.011894 0.045183 -0.148410
v -0.011897 0.043855 -0.147611
v -0.011896 0.042503 -0.147882
v -0.011898 0.041604 -0.148876
v -0.011892 0.041595 -0.150419
v -0.011888 0.042515 -0.151490
v -0.011894 0.043891 -0.151743
v -0.011892 0.044944 -0.151183
v -0.011894 0.045507 -0.150286
v -0.009182 0.043627 -0.151763
v -0.009106 0.042748 -0.151633
v -0.009209 0.041846 -0.150933
v -0.009197 0.041461 -0.149893
v -0.009043 0.041481 -0.149078
v -0.008985 0.042131 -0.148034
v -0.009111 0.042973 -0.147638
v -0.009183 0.044094 -0.147683
v -0.009160 0.045248 -0.148423
v -0.009029 0.045663 -0.149600
v -0.008992 0.045460 -0.150630
v -0.009221 0.044670 -0.151438
v -0.008909 0.044189 -0.152001
v -0.008927 0.041547 -0.151031
v -0.008899 0.044949 -0.147592
v -0.008945 0.043676 -0.142919
v -0.008970 0.050537 -0.151270
v -0.008941 0.047002 -0.144373
v -0.009134 0.047743 -0.145162
v -0.009073 0.042121 -0.143100
v -0.009056 0.045795 -0.143410
v -0.009152 0.034295 -0.146462
v -0.008853 0.034406 -0.146726
v -0.008600 0.050512 -0.154391
v -0.008831 0.050518 -0.154204
v -0.009016 0.050874 -0.154547
v -0.012150 0.050571 -0.151280
v -0.012017 0.047491 -0.144742
v -0.012238 0.047478 -0.145247
v -0.012426 0.053319 -0.183539
v -0.012433 0.053616 -0.185153
v -0.012272 0.045157 -0.143371
v -0.011930 0.045825 -0.143378
v -0.012004 0.044201 -0.142887
v -0.012295 0.042805 -0.143156
v -0.012035 0.042239 -0.143018
v -0.012499 0.035516 -0.146341
v -0.012218 0.035427 -0.146016
v -0.008640 0.034030 -0.146341
v -0.008577 0.039962 -0.158962
v -0.008554 0.040348 -0.159078
v -0.008853 0.040245 -0.158809
v 0.007990 0.040327 -0.159085
v 0.008282 0.040192 -0.158846
v 0.007929 0.039934 -0.158955
v 0.008225 0.034067 -0.146377
v 0.008314 0.034497 -0.146723
v 0.008563 0.050924 -0.154658
v 0.008027 0.050569 -0.154398
v 0.008297 0.050550 -0.154147
v 0.008423 0.050549 -0.151275
v -0.012348 0.042366 -0.146493
v -0.012373 0.043835 -0.153067
v -0.012319 0.046449 -0.151309
v -0.012307 0.045144 -0.146810
v -0.012394 0.040431 -0.148554
v -0.012413 0.040606 -0.151456
v -0.012296 0.046678 -0.148613
v -0.012928 0.053659 -0.186794
v -0.013708 0.046639 -0.148599
v -0.013822 0.046490 -0.150792
v -0.013602 0.045649 -0.152211
v -0.013819 0.043960 -0.152872
v -0.013865 0.041679 -0.152251
v -0.013781 0.040503 -0.150713
v -0.013803 0.040605 -0.148255
v -0.013815 0.042336 -0.146707
v -0.013600 0.043609 -0.146388
v -0.013821 0.045308 -0.147070
v -0.013317 0.034548 -0.146794
v -0.012467 0.033990 -0.146282
v -0.012600 0.034457 -0.146414
v -0.012544 0.033759 -0.146232
v -0.010133 0.033127 -0.144429
v -0.014926 0.034729 -0.148443
v -0.014226 0.034766 -0.147963
v -0.013109 0.034405 -0.146545
v -0.013639 0.053927 -0.189253
v -0.013610 0.054023 -0.188879
v 0.008329 0.046617 -0.144147
v 0.008348 0.043081 -0.143044
v 0.008651 0.042121 -0.143061
v 0.008536 0.047478 -0.144747
v 0.008645 0.045762 -0.143342
v 0.008635 0.043805 -0.142845
v 0.011354 0.047765 -0.145145
v 0.008597 0.034386 -0.146452
v 0.008703 0.045558 -0.149201
v 0.008564 0.044644 -0.147866
v 0.008430 0.043517 -0.147529
v 0.008636 0.042538 -0.147856
v 0.008654 0.041727 -0.148618
v 0.008583 0.041440 -0.149507
v 0.008659 0.041858 -0.150996
v 0.008633 0.043449 -0.151807
v 0.008583 0.044868 -0.151317
v 0.008674 0.045502 -0.150315
v 0.008383 0.045534 -0.148524
v 0.008372 0.041363 -0.150661
v 0.008354 0.043005 -0.152069
v 0.008357 0.041819 -0.147983
v 0.008365 0.045762 -0.150557
v 0.011525 0.044115 -0.147661
v 0.011422 0.043424 -0.147606
v 0.011493 0.041716 -0.148606
v 0.011510 0.041695 -0.150663
v 0.011598 0.041422 -0.149793
v 0.011523 0.042567 -0.151579
v 0.011411 0.045559 -0.150136
v 0.011421 0.045522 -0.149015
v 0.011724 0.045751 -0.148863
v 0.011734 0.045773 -0.150486
v 0.011440 0.045140 -0.151010
v 0.011767 0.044359 -0.151943
v 0.011436 0.044125 -0.151698
v 0.011800 0.042503 -0.151826
v 0.011805 0.041498 -0.150870
v 0.011778 0.041580 -0.148346
v 0.011570 0.042475 -0.147853
v 0.011758 0.043161 -0.147366
v 0.011730 0.044835 -0.147712
v 0.011448 0.044884 -0.148098
v 0.011610 0.050562 -0.151282
v 0.011749 0.042578 -0.143243
v 0.011493 0.042416 -0.142978
v 0.011701 0.045345 -0.143449
v 0.011445 0.044612 -0.142935
v 0.011461 0.046672 -0.143967
v 0.011671 0.047431 -0.145068
v 0.011715 0.035269 -0.146102
v 0.011905 0.035847 -0.146265
v 0.012419 0.053859 -0.187548
v 0.011793 0.053575 -0.184709
v 0.011904 0.053095 -0.182915
v 0.012667 0.034609 -0.146717
v 0.012172 0.035144 -0.146552
v 0.011851 0.033956 -0.146248
v 0.012452 0.034331 -0.146487
v 0.012014 0.033661 -0.146260
v 0.009880 0.032800 -0.144380
v -0.009898 0.032718 -0.144181
v -0.010610 0.032902 -0.144500
v 0.009419 0.033082 -0.144345
v 0.009102 0.032718 -0.144155
v 0.009346 0.031375 -0.144780
v 0.009753 0.031357 -0.145330
v 0.010120 0.031584 -0.145102
v 0.014380 0.033349 -0.149028
v 0.014340 0.033414 -0.149747
v -0.010089 0.031287 -0.145164
v -0.010471 0.031523 -0.144946
v -0.009721 0.031409 -0.144726
v -0.014732 0.033250 -0.149399
v -0.015208 0.033614 -0.149585
v -0.014818 0.033297 -0.148882
v -0.014904 0.035254 -0.149015
v -0.015209 0.035016 -0.149131
v -0.014166 0.052042 -0.189677
v -0.013724 0.052470 -0.189964
v -0.014378 0.052472 -0.189700
v -0.014920 0.051729 -0.188948
v -0.015205 0.051928 -0.188719
v -0.014338 0.053618 -0.189142
v -0.014769 0.053551 -0.188291
v -0.015162 0.053219 -0.188189
v 0.014262 0.051675 -0.188897
v 0.014632 0.051912 -0.188775
v 0.014663 0.033646 -0.149632
v 0.013868 0.052432 -0.189679
v 0.013509 0.052091 -0.189756
v 0.013031 0.052501 -0.189972
v 0.013266 0.034531 -0.147369
v 0.014399 0.035092 -0.148751
v 0.014648 0.034895 -0.149029
v 0.014285 0.034622 -0.148347
v 0.014288 0.053410 -0.187942
v 0.013220 0.054003 -0.188995
v 0.014599 0.053259 -0.188156
v 0.013770 0.053599 -0.189165
v 0.013096 0.053910 -0.189263
v -0.009189 0.051005 -0.156109
v 0.008633 0.051012 -0.156107
v -0.009034 0.053726 -0.186216
v -0.008879 0.041798 -0.160643
v 0.008321 0.041798 -0.160643
v 0.008474 0.053730 -0.186226
v -0.011581 -0.035478 -0.135405
v -0.012360 -0.034781 -0.135511
v -0.012162 -0.032557 -0.122648
v -0.011315 -0.032852 -0.121228
v -0.009729 -0.036084 -0.135371
v -0.009733 -0.033208 -0.120621
v -0.009729 -0.034213 -0.135738
v -0.011935 -0.031622 -0.122011
v -0.009747 -0.031323 -0.120995
v -0.000285 -0.030843 -0.120709
v -0.003559 -0.047689 -0.117488
v -0.006676 -0.045919 -0.118023
v -0.009729 -0.043691 -0.118595
v -0.008722 -0.043748 -0.118539
v -0.009222 -0.042272 -0.112893
v -0.008968 -0.042561 -0.112863
v -0.008667 -0.042260 -0.111005
v -0.009944 -0.042528 -0.114236
v -0.009729 -0.047210 -0.137106
v -0.012244 -0.043441 -0.118007
v -0.012621 -0.043422 -0.119643
v -0.012232 -0.043194 -0.117875
v -0.011496 -0.042927 -0.116257
v -0.012640 -0.046755 -0.136837
v -0.012639 -0.035579 -0.120878
v -0.012377 -0.047096 -0.136847
v -0.012655 -0.039216 -0.139935
v -0.012400 -0.039017 -0.140346
v -0.012560 -0.041596 -0.140195
v -0.012548 -0.043405 -0.139662
v -0.012446 -0.045535 -0.138495
v -0.009728 -0.035535 -0.139441
v -0.015108 -0.034977 -0.138622
v -0.015119 -0.033132 -0.136901
v -0.009729 -0.031896 -0.135743
v -0.009729 -0.042750 -0.140176
v -0.009730 -0.038888 -0.140501
v -0.014856 -0.036607 -0.139631
v -0.015219 -0.036783 -0.139302
v -0.014289 -0.037643 -0.139978
v -0.014035 -0.038288 -0.139770
v -0.010043 -0.035381 -0.115603
v -0.008786 -0.034867 -0.112473
v -0.009122 -0.035265 -0.113916
v -0.012142 -0.035418 -0.118876
v -0.011448 -0.035549 -0.117504
v -0.015123 -0.031765 -0.134274
v -0.015177 -0.029079 -0.120070
v -0.009729 -0.028616 -0.120285
v -0.014886 -0.028841 -0.120168
v -0.015195 -0.030430 -0.106073
v -0.009721 -0.038727 -0.127084
v -0.009728 -0.042565 -0.135270
v -0.009727 -0.044298 -0.132967
v -0.009725 -0.035671 -0.130120
v -0.009728 -0.044286 -0.130085
v -0.009727 -0.042532 -0.127797
v -0.009725 -0.039312 -0.136061
v -0.009725 -0.036117 -0.133932
v -0.009729 -0.030015 -0.121035
v -0.000258 -0.029583 -0.120517
v -0.008777 -0.036424 -0.131739
v -0.008769 -0.038443 -0.134915
v -0.008778 -0.041857 -0.134579
v -0.008777 -0.043479 -0.132506
v -0.008777 -0.042992 -0.129526
v -0.008774 -0.040022 -0.127891
v -0.008778 -0.037300 -0.129256
v -0.008779 -0.042040 -0.130982
v -0.008779 -0.040679 -0.129577
v -0.008779 -0.041310 -0.133262
v -0.008779 -0.038924 -0.133351
v -0.008779 -0.037996 -0.131879
v -0.008779 -0.038541 -0.129976
v -0.012649 -0.038350 -0.132858
v -0.012649 -0.040247 -0.133600
v -0.012649 -0.041569 -0.132868
v -0.012649 -0.042079 -0.131424
v -0.012649 -0.041421 -0.130064
v -0.012649 -0.039772 -0.129455
v -0.012649 -0.038067 -0.130763
v 0.012451 -0.042068 -0.131436
v 0.012451 -0.040919 -0.133526
v 0.012451 -0.038789 -0.133162
v 0.012451 -0.037927 -0.131650
v 0.012451 -0.038943 -0.129749
v 0.012451 -0.041099 -0.129758
v 0.012451 -0.036786 -0.130063
v 0.012451 -0.036548 -0.132318
v 0.012451 -0.038327 -0.134789
v 0.012451 -0.041336 -0.134840
v 0.012451 -0.039006 -0.128027
v 0.012451 -0.043290 -0.133034
v 0.012451 -0.043377 -0.130401
v 0.012451 -0.041999 -0.128598
v 0.013051 -0.036511 -0.132126
v 0.013051 -0.037040 -0.129520
v 0.013051 -0.039246 -0.128076
v 0.013051 -0.041875 -0.128464
v 0.013051 -0.043435 -0.130587
v 0.013051 -0.043190 -0.133236
v 0.013051 -0.041153 -0.134908
v 0.013051 -0.038117 -0.134671
v 0.013100 -0.040332 -0.129868
v 0.013098 -0.040329 -0.133205
v 0.013099 -0.038369 -0.131504
v 0.013104 -0.038861 -0.130399
v 0.013103 -0.041587 -0.131057
v 0.013098 -0.041472 -0.132261
v 0.013108 -0.038872 -0.132714
v 0.013151 -0.038509 -0.132994
v 0.013151 -0.037996 -0.131330
v 0.013151 -0.041054 -0.133459
v 0.013151 -0.038827 -0.129823
v 0.013151 -0.040978 -0.129689
v 0.013151 -0.042057 -0.131308
v 0.014354 -0.041964 -0.131258
v 0.014413 -0.041352 -0.132936
v 0.014347 -0.040046 -0.133477
v 0.014325 -0.038834 -0.133086
v 0.014328 -0.038020 -0.131663
v 0.014372 -0.038676 -0.130185
v 0.014376 -0.039733 -0.129589
v 0.014161 -0.041059 -0.129737
v -0.009745 -0.026283 -0.118324
v -0.003214 -0.025981 -0.117699
v -0.009558 -0.026165 -0.118160
v -0.009736 -0.026227 -0.118243
v -0.009736 -0.026227 -0.118243
v -0.015088 -0.026380 -0.117990
v -0.015227 -0.028069 -0.101793
v -0.015177 -0.032225 -0.106110
v -0.015203 -0.033671 -0.105178
v -0.014237 -0.031792 -0.106874
v -0.014367 -0.032044 -0.106654
v -0.014791 -0.031147 -0.106644
v -0.012652 -0.038328 -0.135277
v -0.012673 -0.037050 -0.128719
v -0.014880 -0.035915 -0.132320
v -0.014401 -0.036076 -0.130174
v -0.014378 -0.036920 -0.134351
v -0.012649 -0.036487 -0.133582
v -0.012649 -0.035996 -0.131352
v -0.012685 -0.038317 -0.128867
v -0.012648 -0.038446 -0.134139
v -0.012702 -0.036837 -0.131690
v -0.012688 -0.041684 -0.134284
v -0.012720 -0.041666 -0.128826
v -0.012742 -0.043236 -0.131951
v -0.012759 -0.040026 -0.128371
v -0.011193 -0.033286 -0.106558
v -0.012725 -0.032996 -0.106454
v -0.013043 -0.032571 -0.106879
v -0.014920 -0.027476 -0.102408
v -0.015205 -0.028192 -0.103801
v -0.015192 -0.033802 -0.100252
v -0.015197 -0.034750 -0.102464
v -0.014869 -0.034990 -0.104020
v -0.015179 -0.030009 -0.099372
v -0.014851 -0.032245 -0.098832
v -0.014914 -0.028086 -0.100609
v -0.014640 -0.034951 -0.101008
v -0.014575 -0.033906 -0.099609
v -0.014568 -0.035332 -0.102689
v -0.014572 -0.034502 -0.105127
v -0.014559 -0.033212 -0.106227
v -0.014572 -0.029041 -0.099346
v -0.014574 -0.030639 -0.098707
v -0.014373 -0.023227 -0.102141
v -0.013699 -0.023205 -0.100843
v -0.014756 -0.023480 -0.103608
v -0.015130 -0.023869 -0.104233
v -0.008708 -0.033860 -0.106391
v -0.008941 -0.033625 -0.106352
v -0.008937 -0.032063 -0.098389
v -0.008980 -0.034199 -0.099494
v -0.008736 -0.035518 -0.101216
v -0.008950 -0.035528 -0.101818
v -0.008894 -0.035455 -0.104033
v -0.008708 -0.032227 -0.098254
v -0.008684 -0.035272 -0.105026
v -0.008690 -0.034165 -0.099043
v -0.014248 -0.027695 -0.100688
v -0.014565 -0.027406 -0.101479
v -0.013364 -0.029038 -0.099183
v -0.013051 -0.030913 -0.098558
v -0.011457 -0.031653 -0.098443
v -0.012689 -0.031069 -0.098357
v -0.010159 -0.031007 -0.095249
v -0.010939 -0.031363 -0.096558
v -0.009250 -0.030581 -0.093607
v -0.008690 -0.030341 -0.091573
v -0.008700 -0.031190 -0.093370
v -0.009014 -0.031014 -0.093620
v -0.010105 -0.022152 -0.097088
v -0.008468 -0.021458 -0.094070
v -0.008679 -0.021634 -0.093096
v -0.009128 -0.021898 -0.095150
v -0.009823 -0.022403 -0.096355
v -0.008555 -0.019108 -0.081646
v -0.012944 -0.042707 -0.129640
v -0.012947 -0.037093 -0.130080
v -0.012940 -0.037763 -0.134011
v -0.012940 -0.040438 -0.134857
v -0.014569 -0.043132 -0.130841
v -0.014353 -0.042671 -0.129590
v -0.014549 -0.040959 -0.128481
v -0.014526 -0.038498 -0.128668
v -0.014523 -0.037120 -0.130226
v -0.014503 -0.036823 -0.132219
v -0.014549 -0.038142 -0.134145
v -0.014609 -0.040538 -0.134709
v -0.014554 -0.042858 -0.133120
v -0.008575 -0.019392 -0.078403
v -0.008574 -0.021036 -0.075142
v -0.008534 -0.022479 -0.073657
v -0.008577 -0.024254 -0.072544
v -0.008545 -0.029346 -0.071324
v -0.008373 -0.019034 -0.079896
v -0.008362 -0.020120 -0.076385
v -0.008346 -0.025756 -0.071879
v -0.008540 -0.032475 -0.071607
v -0.000157 -0.028992 -0.071058
v -0.008518 -0.034883 -0.072701
v -0.005600 -0.038643 -0.076847
v -0.006613 -0.037494 -0.074932
v -0.007578 -0.036330 -0.073711
v -0.008584 -0.030194 -0.075669
v -0.008584 -0.031662 -0.075926
v -0.008580 -0.033434 -0.077043
v -0.008580 -0.034576 -0.078799
v -0.008589 -0.034890 -0.080729
v -0.008566 -0.034672 -0.081921
v -0.008573 -0.033521 -0.083922
v -0.008462 -0.031986 -0.084923
v -0.008586 -0.030217 -0.085390
v -0.008582 -0.028711 -0.085206
v -0.008587 -0.027106 -0.084430
v -0.008570 -0.026233 -0.083580
v -0.008586 -0.025289 -0.081731
v -0.008586 -0.025219 -0.079630
v -0.008585 -0.025811 -0.078096
v -0.008586 -0.026732 -0.076908
v -0.008585 -0.028548 -0.075865
v -0.007849 -0.025275 -0.081450
v -0.007849 -0.027175 -0.084501
v -0.007849 -0.030687 -0.085298
v -0.007849 -0.033445 -0.083916
v -0.007849 -0.034804 -0.081146
v -0.007849 -0.034209 -0.078119
v -0.007849 -0.032348 -0.076337
v -0.007848 -0.029846 -0.075687
v -0.007849 -0.026972 -0.076763
v -0.007849 -0.025515 -0.078888
v -0.008599 -0.025847 -0.083059
v -0.008599 -0.029256 -0.085338
v -0.008599 -0.032229 -0.084745
v -0.008599 -0.034460 -0.082536
v -0.008599 -0.034683 -0.079513
v -0.008599 -0.033504 -0.077190
v -0.008599 -0.030219 -0.075631
v -0.008599 -0.026884 -0.076850
v -0.008599 -0.025304 -0.079492
v -0.008599 -0.029199 -0.078559
v -0.008599 -0.031870 -0.079372
v -0.008599 -0.031544 -0.081939
v -0.008599 -0.027892 -0.081004
v -0.008599 -0.029695 -0.082546
v -0.004599 -0.027961 -0.080622
v -0.004599 -0.029103 -0.078553
v -0.004599 -0.031612 -0.079167
v -0.004599 -0.031893 -0.081522
v -0.004599 -0.029308 -0.082575
v -0.004599 -0.031476 -0.078094
v -0.004599 -0.032702 -0.079763
v -0.004599 -0.032388 -0.082136
v -0.004599 -0.030010 -0.083342
v -0.004599 -0.027145 -0.080349
v -0.004599 -0.028099 -0.082544
v -0.004599 -0.028815 -0.077909
v -0.007849 -0.027792 -0.082217
v -0.007849 -0.029276 -0.083214
v -0.007849 -0.031654 -0.082886
v -0.007849 -0.032850 -0.080494
v -0.007849 -0.032040 -0.078582
v -0.007849 -0.030141 -0.077681
v -0.007849 -0.028195 -0.078388
v -0.007849 -0.027193 -0.080228
v -0.003229 -0.028023 -0.082608
v -0.003229 -0.031243 -0.083193
v -0.003229 -0.032853 -0.080669
v -0.003229 -0.031970 -0.078451
v -0.003229 -0.029082 -0.077719
v -0.003229 -0.027209 -0.080054
v -0.000229 -0.032103 -0.071204
v -0.000229 -0.034899 -0.072366
v -0.000143 -0.037282 -0.074344
v -0.000228 -0.038861 -0.076985
v -0.003791 -0.041255 -0.085147
v -0.000660 -0.042929 -0.090265
v 0.005173 -0.038680 -0.076975
v 0.002209 -0.042063 -0.087630
v 0.008000 -0.033279 -0.071879
v 0.008160 -0.030922 -0.071381
v 0.007925 -0.029246 -0.071261
v 0.006015 -0.037689 -0.075215
v 0.007786 -0.035032 -0.072694
v 0.007042 -0.036452 -0.073807
v 0.008137 -0.034846 -0.072843
v 0.002742 -0.025982 -0.117698
v -0.000230 -0.025801 -0.117335
v -0.003229 -0.025933 -0.117628
v -0.003229 -0.025933 -0.117628
v 0.002771 -0.025933 -0.117628
v 0.002771 -0.025933 -0.117628
v 0.009271 -0.031316 -0.121029
v 0.009272 -0.028765 -0.120515
v 0.009283 -0.026188 -0.118166
v 0.009288 -0.026222 -0.118256
v 0.009281 -0.026190 -0.118166
v -0.002224 -0.021465 -0.095114
v -0.002229 -0.025631 -0.071734
v 0.001724 -0.025721 -0.071705
v -0.002229 -0.023050 -0.072885
v -0.002229 -0.020325 -0.075630
v -0.002229 -0.018733 -0.080075
v 0.008111 -0.025538 -0.072035
v 0.008080 -0.021750 -0.074254
v 0.008115 -0.020074 -0.076651
v 0.008113 -0.019098 -0.081480
v 0.007905 -0.024033 -0.072568
v 0.007920 -0.019105 -0.079087
v 0.008129 -0.021361 -0.093155
v 0.001771 -0.018763 -0.080851
v 0.001771 -0.019495 -0.077179
v 0.001771 -0.022246 -0.073382
v 0.001771 -0.021457 -0.095069
v 0.014624 -0.026383 -0.117997
v 0.008768 -0.021903 -0.096330
v 0.013836 -0.023194 -0.101977
v 0.013219 -0.023255 -0.100789
v 0.014279 -0.023470 -0.103565
v 0.014681 -0.023890 -0.104236
v 0.008611 -0.021963 -0.094834
v 0.009442 -0.022260 -0.096626
v 0.014395 -0.028838 -0.120180
v 0.014696 -0.029036 -0.120085
v 0.014490 -0.031692 -0.134281
v 0.014439 -0.036488 -0.139564
v 0.014659 -0.034945 -0.138589
v 0.014692 -0.033590 -0.137365
v 0.014729 -0.032373 -0.135658
v 0.014762 -0.036783 -0.139313
v 0.013677 -0.027810 -0.100510
v 0.013175 -0.028565 -0.099612
v 0.014720 -0.027933 -0.103460
v 0.014371 -0.027453 -0.102136
v 0.013950 -0.027527 -0.101041
v 0.014754 -0.034141 -0.104626
v 0.014723 -0.029130 -0.099926
v 0.014712 -0.032404 -0.106092
v 0.014736 -0.030441 -0.106086
v 0.014730 -0.034063 -0.100509
v 0.014715 -0.031596 -0.099134
v 0.014766 -0.028088 -0.101691
v 0.014640 -0.034891 -0.103160
v 0.014181 -0.034944 -0.100993
v 0.014115 -0.033890 -0.099596
v 0.014106 -0.032319 -0.098778
v 0.014113 -0.030620 -0.098711
v 0.014117 -0.029034 -0.099353
v 0.014102 -0.033229 -0.106216
v 0.014120 -0.034797 -0.104755
v 0.014108 -0.035332 -0.102669
v 0.012739 -0.029624 -0.098899
v 0.009724 -0.031030 -0.095276
v 0.010288 -0.031352 -0.096376
v 0.012179 -0.031187 -0.098480
v 0.012585 -0.030817 -0.098569
v 0.008230 -0.030307 -0.091424
v 0.008460 -0.031086 -0.093718
v 0.008751 -0.030631 -0.093508
v 0.008216 -0.031297 -0.093455
v 0.008478 -0.032055 -0.098392
v 0.010630 -0.031757 -0.098443
v 0.013965 -0.031585 -0.106945
v 0.013903 -0.031870 -0.106718
v 0.014348 -0.031261 -0.106579
v 0.008515 -0.033618 -0.106346
v 0.008384 -0.035249 -0.104500
v 0.008477 -0.035618 -0.102587
v 0.008405 -0.035086 -0.100485
v 0.008297 -0.033534 -0.098898
v 0.012516 -0.032932 -0.106458
v 0.008243 -0.032271 -0.098278
v 0.008208 -0.035995 -0.102010
v 0.012725 -0.032510 -0.106774
v 0.010966 -0.033234 -0.106513
v 0.008265 -0.033809 -0.106418
v 0.008257 -0.034930 -0.112096
v 0.008719 -0.034947 -0.113424
v 0.009425 -0.035504 -0.115424
v 0.008620 -0.035354 -0.113809
v 0.008185 -0.042246 -0.110802
v 0.008003 -0.028537 -0.075917
v 0.008133 -0.027424 -0.076384
v 0.008128 -0.026034 -0.077698
v 0.008128 -0.025219 -0.079630
v 0.008133 -0.025207 -0.081163
v 0.008123 -0.025673 -0.082727
v 0.008122 -0.026990 -0.084336
v 0.008124 -0.028873 -0.085253
v 0.008120 -0.030972 -0.085290
v 0.008139 -0.032889 -0.084461
v 0.008123 -0.033932 -0.083370
v 0.008110 -0.034670 -0.081931
v 0.008131 -0.034886 -0.080684
v 0.008122 -0.034576 -0.078799
v 0.008122 -0.033434 -0.077043
v 0.008125 -0.031899 -0.076032
v 0.008107 -0.030397 -0.075652
v 0.007391 -0.025301 -0.081561
v 0.007391 -0.025491 -0.078962
v 0.007391 -0.027254 -0.076476
v 0.007391 -0.030791 -0.075749
v 0.007391 -0.033516 -0.077191
v 0.007391 -0.034814 -0.079988
v 0.007391 -0.034154 -0.083000
v 0.007391 -0.031772 -0.085018
v 0.007391 -0.028727 -0.085168
v 0.007391 -0.026524 -0.083784
v 0.008141 -0.025818 -0.082793
v 0.008141 -0.027956 -0.084943
v 0.008140 -0.031091 -0.085166
v 0.008141 -0.033731 -0.083682
v 0.008141 -0.034835 -0.079733
v 0.008141 -0.032924 -0.076672
v 0.008141 -0.030483 -0.075763
v 0.008141 -0.027024 -0.076552
v 0.008141 -0.025201 -0.080263
v 0.008141 -0.031612 -0.079167
v 0.008141 -0.031893 -0.081522
v 0.008141 -0.029308 -0.082575
v 0.008141 -0.027961 -0.080622
v 0.008141 -0.029110 -0.078532
v 0.004141 -0.027892 -0.081004
v 0.004141 -0.029207 -0.078542
v 0.004141 -0.031870 -0.079372
v 0.004141 -0.031544 -0.081939
v 0.004141 -0.029695 -0.082546
v 0.004141 -0.030503 -0.083347
v 0.004141 -0.032746 -0.081409
v 0.004141 -0.028202 -0.078393
v 0.004141 -0.027141 -0.080539
v 0.004141 -0.030456 -0.077675
v 0.004141 -0.028214 -0.082646
v 0.004141 -0.032401 -0.079069
v 0.007391 -0.028521 -0.082980
v 0.007391 -0.030916 -0.083164
v 0.007391 -0.032519 -0.081845
v 0.007391 -0.032565 -0.079171
v 0.007391 -0.030324 -0.077696
v 0.007391 -0.028314 -0.078291
v 0.007391 -0.027136 -0.080350
v 0.002771 -0.027209 -0.080527
v 0.002771 -0.028334 -0.078094
v 0.002771 -0.031326 -0.077992
v 0.002771 -0.032669 -0.079607
v 0.002771 -0.032604 -0.081687
v 0.002771 -0.030510 -0.083361
v 0.002771 -0.027966 -0.082486
v 0.009271 -0.031905 -0.135754
v 0.009270 -0.035534 -0.139440
v 0.013737 -0.037712 -0.140011
v 0.009272 -0.038885 -0.140502
v 0.009271 -0.042750 -0.140176
v 0.012093 -0.042664 -0.139971
v 0.009271 -0.047214 -0.137105
v 0.012018 -0.038988 -0.140331
v 0.013672 -0.038197 -0.139614
v 0.012184 -0.039206 -0.140111
v 0.012175 -0.046769 -0.136901
v 0.011993 -0.045531 -0.138499
v 0.011916 -0.047099 -0.136846
v 0.012156 -0.043511 -0.119798
v 0.011895 -0.043474 -0.118499
v 0.011508 -0.035397 -0.118404
v 0.012214 -0.037052 -0.128722
v 0.012178 -0.035550 -0.120721
v 0.012193 -0.038317 -0.135255
v 0.013564 -0.037302 -0.134660
v 0.014165 -0.036340 -0.133410
v 0.014436 -0.035874 -0.132166
v 0.013864 -0.036130 -0.130057
v 0.012188 -0.036207 -0.133197
v 0.012191 -0.036137 -0.130485
v 0.010902 -0.035399 -0.117304
v 0.012191 -0.038946 -0.129764
v 0.012191 -0.038561 -0.133074
v 0.012191 -0.040246 -0.133580
v 0.012191 -0.040679 -0.129577
v 0.012191 -0.041943 -0.130776
v 0.012191 -0.037966 -0.131208
v 0.012191 -0.041759 -0.132731
v 0.009473 -0.042514 -0.114221
v 0.009591 -0.042921 -0.114748
v 0.011104 -0.042928 -0.116355
v 0.008437 -0.042323 -0.112126
v 0.009271 -0.043691 -0.118595
v 0.008445 -0.042539 -0.112666
v 0.008259 -0.043751 -0.118539
v 0.003948 -0.047490 -0.117608
v 0.009276 -0.033210 -0.120617
v 0.008321 -0.038666 -0.133167
v 0.008321 -0.041043 -0.133434
v 0.008321 -0.042090 -0.131528
v 0.008321 -0.041180 -0.129785
v 0.008321 -0.039007 -0.129689
v 0.008321 -0.037949 -0.131336
v 0.008320 -0.037177 -0.129410
v 0.008316 -0.036455 -0.132365
v 0.008319 -0.039403 -0.128001
v 0.008320 -0.038367 -0.134689
v 0.008317 -0.041401 -0.134924
v 0.008319 -0.043533 -0.132288
v 0.008316 -0.042642 -0.129005
v 0.009270 -0.035827 -0.133229
v 0.009267 -0.035768 -0.129852
v 0.009263 -0.039025 -0.127008
v 0.009269 -0.042734 -0.127941
v 0.009267 -0.044526 -0.130806
v 0.009270 -0.043760 -0.134065
v 0.009270 -0.041470 -0.135817
v 0.009267 -0.038095 -0.135693
v -0.000235 -0.048193 -0.117291
v 0.009271 -0.036084 -0.135371
v 0.009271 -0.034213 -0.135738
v 0.011692 -0.031766 -0.122700
v 0.011705 -0.032557 -0.122652
v 0.010535 -0.031433 -0.121268
v 0.010850 -0.032857 -0.121215
v 0.011898 -0.034764 -0.135513
v 0.011117 -0.035478 -0.135406
v 0.017278 0.028091 -0.018040
v 0.017108 0.026414 -0.019784
v 0.017288 0.027308 -0.023450
v 0.017278 0.030864 -0.024414
v 0.017282 0.033364 -0.022213
v 0.017276 0.033027 -0.019287
v 0.017276 0.031021 -0.017626
v 0.016773 0.029962 -0.017005
v 0.016773 0.032388 -0.017797
v 0.016778 0.033985 -0.020302
v 0.016778 0.033112 -0.023586
v 0.016773 0.030469 -0.024967
v 0.016778 0.027586 -0.024247
v 0.016773 0.026064 -0.021683
v 0.016773 0.027552 -0.017842
v 0.015725 0.029249 -0.016955
v 0.015725 0.026074 -0.019769
v 0.015725 0.026835 -0.023523
v 0.015725 0.029459 -0.024958
v 0.015725 0.032348 -0.024297
v 0.015725 0.033923 -0.021755
v 0.015725 0.033222 -0.018442
v 0.015725 0.026353 -0.025929
v 0.015725 0.033856 -0.025892
v 0.015725 0.034929 -0.024647
v 0.015725 0.025108 -0.024856
v 0.010262 0.035000 -0.005004
v 0.011797 0.025000 -0.005343
v 0.013694 0.035000 -0.006406
v 0.014274 0.025000 -0.007157
v 0.015687 0.025000 -0.009880
v 0.015693 0.035000 -0.010015
v 0.012550 0.034892 -0.024856
v 0.012550 0.033647 -0.025929
v 0.012550 0.026144 -0.025892
v 0.012550 0.025071 -0.024647
v 0.012550 0.032085 -0.022701
v 0.012517 0.035000 -0.010362
v 0.012550 0.032305 -0.019715
v 0.012550 0.027919 -0.022494
v 0.012550 0.029651 -0.018340
v 0.012550 0.029500 -0.023547
v 0.012550 0.027443 -0.020348
v 0.009191 0.024944 -0.008133
v 0.012420 0.025000 -0.009734
v 0.011299 0.035000 -0.008693
v 0.009897 0.035000 -0.008177
v 0.009397 0.024011 -0.005000
v 0.009233 0.024050 -0.008175
v 0.008987 0.024773 -0.004998
v 0.024724 0.021062 -0.008175
v 0.024837 0.020667 -0.005000
v 0.022081 0.023711 -0.005000
v 0.021666 0.023838 -0.008175
v 0.025000 0.006748 -0.005000
v 0.025000 0.007045 -0.008175
v 0.025000 -0.006748 -0.008175
v 0.025000 -0.007045 -0.005000
v 0.024724 -0.021062 -0.005000
v 0.024837 -0.020667 -0.008175
v 0.022081 -0.023711 -0.008175
v 0.021666 -0.023838 -0.005000
v 0.009141 -0.024901 -0.004997
v 0.008986 -0.024760 -0.008171
v 0.009233 -0.024050 -0.005000
v 0.009397 -0.024011 -0.008175
v 0.015725 0.027503 -0.021037
v 0.015725 0.028133 -0.019278
v 0.015725 0.030010 -0.018514
v 0.015725 0.031680 -0.019199
v 0.015725 0.032583 -0.021116
v 0.015725 0.031327 -0.023067
v 0.015725 0.029405 -0.023437
v 0.015725 0.028072 -0.022604
v -0.019735 0.031985 -0.019505
v -0.019747 0.032270 -0.022129
v -0.019720 0.027704 -0.022104
v -0.019757 0.028050 -0.019473
v -0.015141 0.029720 -0.023394
v -0.016056 0.031448 -0.022926
v -0.017857 0.031035 -0.023178
v -0.019789 0.030539 -0.023368
v -0.019769 0.029064 -0.023201
v -0.017859 0.028892 -0.023167
v -0.016075 0.028618 -0.022951
v -0.019797 0.029993 -0.018536
v -0.018257 0.029994 -0.018576
v -0.016989 0.031522 -0.019149
v -0.015070 0.030441 -0.018586
v -0.017395 0.028652 -0.019019
v -0.015906 0.028704 -0.018993
v -0.020277 0.028236 -0.020233
v -0.020282 0.028441 -0.022235
v -0.020279 0.030562 -0.022871
v -0.020279 0.032036 -0.020961
v -0.020288 0.030071 -0.018975
v -0.016197 0.029102 -0.022692
v -0.017327 0.029153 -0.022711
v -0.017672 0.030279 -0.022865
v -0.017123 0.030916 -0.022683
v -0.016031 0.030858 -0.022708
v -0.015685 0.029695 -0.022860
v -0.016022 0.029154 -0.019291
v -0.015678 0.030278 -0.019134
v -0.016230 0.030918 -0.019317
v -0.017299 0.030867 -0.019297
v -0.017674 0.029715 -0.019137
v -0.017154 0.029103 -0.019305
v -0.009855 0.035000 -0.008177
v -0.015725 0.034892 -0.024856
v -0.015687 0.035000 -0.009880
v -0.012510 0.035000 -0.010286
v -0.014274 0.035000 -0.007157
v -0.011333 0.035000 -0.005120
v -0.011174 0.035000 -0.008609
v -0.012550 0.034929 -0.024647
v -0.012084 0.025000 -0.005462
v -0.014412 0.025000 -0.007325
v -0.015690 0.025000 -0.010005
v -0.012514 0.025000 -0.010355
v -0.011073 0.025000 -0.008510
v -0.009221 0.024934 -0.008172
v -0.012550 0.033856 -0.025892
v -0.015725 0.033647 -0.025929
v -0.015725 0.026144 -0.025892
v -0.012550 0.026353 -0.025929
v -0.012550 0.025108 -0.024856
v -0.015725 0.025071 -0.024647
v -0.012550 0.032196 -0.022554
v -0.012550 0.028004 -0.022606
v -0.012550 0.032085 -0.019299
v -0.012550 0.029500 -0.018453
v -0.012550 0.027422 -0.020229
v -0.012550 0.029660 -0.023573
v -0.015725 0.027422 -0.021771
v -0.015725 0.029660 -0.018427
v -0.015725 0.032085 -0.022701
v -0.015725 0.029500 -0.023547
v -0.015725 0.028004 -0.019394
v -0.015725 0.032196 -0.019446
v -0.009141 0.024901 -0.004997
v -0.009151 0.024080 -0.008175
v -0.009233 0.024050 -0.005000
v -0.024838 0.020666 -0.008175
v -0.024735 0.021048 -0.005000
v -0.021897 0.023828 -0.008175
v -0.021547 0.023900 -0.005000
v -0.024953 -0.020691 -0.008175
v -0.025000 0.002734 -0.005000
v -0.024838 -0.020666 -0.005000
v -0.021897 -0.023828 -0.005000
v -0.021547 -0.023900 -0.008175
v -0.009233 -0.024050 -0.008175
v -0.009151 -0.024080 -0.005000
v -0.009191 -0.024944 -0.008133
v -0.009225 -0.024941 -0.004998
v 0.012084 -0.025000 -0.005462
v 0.011073 -0.025000 -0.008510
v 0.014412 -0.025000 -0.007325
v 0.012517 -0.025000 -0.010362
v 0.015696 -0.025000 -0.010023
v 0.012420 -0.035000 -0.009734
v 0.010081 -0.035000 -0.008180
v 0.011797 -0.035000 -0.005343
v 0.014274 -0.035000 -0.007157
v 0.015687 -0.035000 -0.009880
v 0.015725 -0.026144 -0.025892
v 0.012550 -0.026353 -0.025929
v 0.012550 -0.025108 -0.024856
v 0.015725 -0.025071 -0.024647
v 0.015725 -0.033647 -0.025929
v 0.012550 -0.033856 -0.025892
v 0.015725 -0.034892 -0.024856
v 0.012550 -0.034929 -0.024647
v 0.012550 -0.027915 -0.022701
v 0.012550 -0.032578 -0.021771
v 0.012550 -0.030340 -0.018427
v 0.012550 -0.030500 -0.023547
v 0.012550 -0.031996 -0.019394
v 0.012550 -0.027804 -0.019446
v 0.015725 -0.033958 -0.020459
v 0.015725 -0.033297 -0.023348
v 0.015725 -0.027442 -0.024222
v 0.015725 -0.032316 -0.017631
v 0.015725 -0.030755 -0.024923
v 0.015725 -0.025955 -0.020249
v 0.015725 -0.028569 -0.017174
v 0.015725 -0.032465 -0.020517
v 0.015725 -0.030969 -0.018603
v 0.015725 -0.028477 -0.018984
v 0.015725 -0.027556 -0.020692
v 0.015725 -0.027681 -0.021883
v 0.015725 -0.029067 -0.023394
v 0.015725 -0.031319 -0.023134
v 0.015725 -0.032024 -0.022488
v 0.016773 -0.026005 -0.020962
v 0.017138 -0.026850 -0.018930
v 0.016784 -0.028506 -0.017248
v 0.016763 -0.031054 -0.017178
v 0.016778 -0.033247 -0.018586
v 0.016773 -0.033967 -0.021469
v 0.016778 -0.032586 -0.024112
v 0.016778 -0.029302 -0.024985
v 0.016773 -0.026797 -0.023388
v 0.017276 -0.026626 -0.022021
v 0.017276 -0.028287 -0.024027
v 0.017282 -0.031213 -0.024364
v 0.017278 -0.033414 -0.021864
v 0.017288 -0.032450 -0.018308
v 0.017276 -0.029162 -0.017624
v -0.019735 -0.028505 -0.022985
v -0.019747 -0.031129 -0.023270
v -0.019720 -0.031104 -0.018704
v -0.019757 -0.028473 -0.019050
v -0.015141 -0.032394 -0.020720
v -0.016056 -0.031926 -0.022448
v -0.017857 -0.032178 -0.022035
v -0.019789 -0.032368 -0.021539
v -0.019769 -0.032201 -0.020064
v -0.017859 -0.032167 -0.019892
v -0.016075 -0.031951 -0.019618
v -0.019797 -0.027536 -0.020993
v -0.018257 -0.027576 -0.020993
v -0.016989 -0.028149 -0.022522
v -0.015070 -0.027586 -0.021441
v -0.017395 -0.028019 -0.019652
v -0.015906 -0.027993 -0.019704
v -0.020275 -0.029232 -0.019234
v -0.020282 -0.031235 -0.019441
v -0.020279 -0.031871 -0.021562
v -0.020288 -0.029961 -0.023026
v -0.020288 -0.027975 -0.021071
v -0.016196 -0.031692 -0.020103
v -0.017327 -0.031711 -0.020153
v -0.017672 -0.031865 -0.021279
v -0.017123 -0.031683 -0.021916
v -0.016051 -0.031701 -0.021867
v -0.015676 -0.031866 -0.020713
v -0.016022 -0.028291 -0.020154
v -0.015678 -0.028133 -0.021278
v -0.016230 -0.028317 -0.021918
v -0.017299 -0.028297 -0.021867
v -0.017674 -0.028137 -0.020713
v -0.017154 -0.028305 -0.020103
v -0.009550 -0.035000 -0.005000
v 0.009550 -0.035000 -0.005000
v -0.012084 -0.035000 -0.005462
v -0.010774 -0.035000 -0.008295
v -0.014412 -0.035000 -0.007325
v -0.015690 -0.035000 -0.010005
v -0.012514 -0.035000 -0.010355
v -0.012429 -0.025000 -0.009744
v -0.011797 -0.025000 -0.005343
v -0.014274 -0.025000 -0.007157
v -0.015687 -0.025000 -0.009880
v -0.015725 -0.033856 -0.025892
v -0.012550 -0.033647 -0.025929
v -0.012550 -0.034869 -0.024890
v -0.015725 -0.034944 -0.024614
v -0.012550 -0.026144 -0.025892
v -0.015725 -0.026353 -0.025929
v -0.015725 -0.025108 -0.024856
v -0.012550 -0.025071 -0.024647
v -0.012550 -0.032557 -0.021652
v -0.012550 -0.030349 -0.023660
v -0.012550 -0.027695 -0.022285
v -0.012550 -0.030500 -0.018453
v -0.012550 -0.027915 -0.019299
v -0.012550 -0.032081 -0.019506
v -0.015725 -0.027785 -0.022434
v -0.015725 -0.031774 -0.022954
v -0.015725 -0.030340 -0.018427
v -0.015725 -0.027804 -0.019446
v -0.015725 -0.029660 -0.023540
v -0.015725 -0.032519 -0.020054
v -0.014679 -0.001929 -0.008175
v -0.013766 0.000965 -0.008175
v -0.017255 -0.001487 -0.008175
v -0.017662 0.001101 -0.008175
v -0.015693 0.002054 -0.008175
v -0.012404 -0.007595 -0.008175
v -0.010739 -0.007148 -0.008175
v -0.010633 -0.004919 -0.008175
v -0.013658 -0.006400 -0.008175
v -0.012829 -0.004510 -0.008175
v -0.012950 0.004539 -0.008175
v -0.010739 0.004852 -0.008175
v -0.012829 0.007490 -0.008175
v -0.010633 0.007081 -0.008175
v -0.013618 0.006133 -0.008175
v -0.005566 -0.010312 -0.008175
v -0.007036 -0.013278 -0.008175
v -0.004328 -0.011965 -0.008175
v -0.007662 -0.011476 -0.008175
v -0.005337 -0.013571 -0.008175
v -0.004982 0.013265 -0.008175
v -0.004328 0.012035 -0.008175
v -0.005337 0.010429 -0.008175
v -0.007036 0.010722 -0.008175
v -0.007662 0.012524 -0.008175
v -0.006127 0.013640 -0.008175
v 0.002116 -0.015705 -0.008175
v 0.001208 -0.017446 -0.008175
v -0.002108 -0.015566 -0.008175
v -0.000972 -0.017676 -0.008175
v 0.000758 -0.013730 -0.008175
v -0.001198 -0.014081 -0.008175
v -0.000972 0.013824 -0.008175
v -0.002108 0.015934 -0.008175
v -0.001198 0.017419 -0.008175
v 0.001208 0.014054 -0.008175
v 0.000758 0.017770 -0.008175
v 0.002116 0.015795 -0.008175
v 0.007672 -0.011965 -0.008175
v 0.004338 -0.011476 -0.008175
v 0.006663 -0.013571 -0.008175
v 0.004964 -0.013278 -0.008175
v 0.006434 -0.010312 -0.008175
v 0.007672 0.012035 -0.008175
v 0.006663 0.010429 -0.008175
v 0.006434 0.013688 -0.008175
v 0.004964 0.010722 -0.008175
v 0.004338 0.012524 -0.008175
v 0.011596 -0.007595 -0.008175
v 0.013261 -0.007148 -0.008175
v 0.013367 -0.004919 -0.008175
v 0.010342 -0.006400 -0.008175
v 0.011171 -0.004510 -0.008175
v 0.011596 0.004405 -0.008175
v 0.013261 0.004852 -0.008175
v 0.013367 0.007081 -0.008175
v 0.010342 0.005600 -0.008175
v 0.011171 0.007490 -0.008175
v 0.014122 -0.001298 -0.008175
v 0.016142 -0.002122 -0.008175
v 0.013838 0.001101 -0.008175
v 0.016745 0.001969 -0.008175
v 0.017826 -0.000411 -0.008175
v -0.000989 0.002399 -0.008175
v -0.002659 0.000020 -0.008175
v -0.001554 -0.002029 -0.008175
v 0.000352 -0.002534 -0.008175
v 0.002124 -0.001465 -0.008175
v 0.002461 0.000588 -0.008175
v 0.001391 0.002140 -0.008175
v -0.017263 0.014536 -0.008175
v -0.019953 0.015424 -0.008175
v -0.016237 0.011730 -0.008175
v -0.013774 0.011037 -0.008175
v -0.013308 0.009793 -0.008175
v -0.011862 0.008650 -0.008175
v -0.009793 0.008924 -0.008175
v -0.008593 0.010646 -0.008175
v -0.009197 0.012889 -0.008175
v -0.011033 0.013765 -0.008175
v -0.016080 -0.011610 -0.008175
v -0.017264 -0.014531 -0.008175
v -0.014536 -0.017263 -0.008175
v -0.015415 -0.019951 -0.008175
v -0.011730 -0.016237 -0.008175
v -0.011037 -0.013774 -0.008175
v -0.009793 -0.013308 -0.008175
v -0.008650 -0.011862 -0.008175
v -0.008924 -0.009793 -0.008175
v -0.010646 -0.008593 -0.008175
v -0.012889 -0.009197 -0.008175
v -0.013765 -0.011033 -0.008175
v 0.013308 -0.009793 -0.008175
v 0.011862 -0.008650 -0.008175
v 0.009793 -0.008924 -0.008175
v 0.008593 -0.010646 -0.008175
v 0.009197 -0.012889 -0.008175
v 0.011610 -0.016080 -0.008175
v 0.011033 -0.013765 -0.008175
v 0.014531 -0.017264 -0.008175
v 0.014845 -0.018846 -0.008175
v 0.013774 -0.011037 -0.008175
v 0.017261 -0.014469 -0.008175
v 0.016237 -0.011730 -0.008175
v 0.016080 0.011610 -0.008175
v 0.013765 0.011033 -0.008175
v 0.009793 0.013308 -0.008175
v 0.008650 0.011862 -0.008175
v 0.008924 0.009793 -0.008175
v 0.012889 0.009197 -0.008175
v 0.010646 0.008593 -0.008175
v -0.020813 -0.018340 -0.008175
v -0.019478 -0.015112 -0.008175
v -0.020661 0.018526 -0.008175
v -0.018331 0.020810 -0.008175
v -0.014533 0.017267 -0.008175
v -0.015341 0.019722 -0.008175
v -0.011610 0.016080 -0.008175
v 0.011730 0.016237 -0.008175
v 0.011037 0.013774 -0.008175
v 0.014536 0.017263 -0.008175
v 0.020147 0.019554 -0.008175
v 0.017210 0.020861 -0.008175
v 0.014918 0.019011 -0.008175
v 0.017264 0.014531 -0.008175
v 0.020728 0.017368 -0.008175
v 0.019478 0.015082 -0.008175
v 0.020494 -0.016251 -0.008175
v 0.020517 -0.018807 -0.008175
v 0.018977 -0.020497 -0.008175
v 0.016393 -0.020506 -0.008175
v -0.018511 -0.020659 -0.008175
v -0.016450 -0.008456 -0.008175
v -0.016450 0.008456 -0.008175
v -0.008806 -0.008456 -0.008175
v -0.008806 0.008456 -0.008175
v -0.008106 -0.013662 -0.008175
v -0.002262 0.013663 -0.008175
v -0.008106 0.013663 -0.008175
v 0.005831 -0.019237 -0.008175
v 0.002856 0.002856 -0.008175
v 0.008106 -0.013663 -0.008175
v 0.008806 -0.008456 -0.008175
v 0.008806 0.008456 -0.008175
v -0.013838 0.001101 -0.005000
v -0.014122 -0.001298 -0.005000
v -0.016142 -0.002122 -0.005000
v -0.017826 -0.000411 -0.005000
v -0.016745 0.001969 -0.005000
v -0.011171 0.007490 -0.005000
v -0.010342 0.005600 -0.005000
v -0.013367 0.007081 -0.005000
v -0.011596 0.004405 -0.005000
v -0.013261 0.004852 -0.005000
v -0.011171 -0.004510 -0.005000
v -0.010342 -0.006400 -0.005000
v -0.013367 -0.004919 -0.005000
v -0.011596 -0.007595 -0.005000
v -0.013261 -0.007148 -0.005000
v -0.004338 0.012524 -0.005000
v -0.006434 0.013688 -0.005000
v -0.004964 0.010722 -0.005000
v -0.007672 0.012035 -0.005000
v -0.006663 0.010429 -0.005000
v -0.004338 -0.011476 -0.005000
v -0.007672 -0.011965 -0.005000
v -0.006434 -0.010312 -0.005000
v -0.004964 -0.013278 -0.005000
v -0.006663 -0.013571 -0.005000
v -0.002116 0.015795 -0.005000
v -0.001208 0.014054 -0.005000
v -0.000758 0.017770 -0.005000
v 0.001198 0.017419 -0.005000
v 0.000972 0.013824 -0.005000
v 0.002108 0.015934 -0.005000
v -0.002116 -0.015705 -0.005000
v 0.000972 -0.017676 -0.005000
v 0.002108 -0.015566 -0.005000
v -0.000758 -0.013730 -0.005000
v -0.001208 -0.017446 -0.005000
v 0.001198 -0.014081 -0.005000
v 0.007662 0.012524 -0.005000
v 0.005566 0.013688 -0.005000
v 0.007036 0.010722 -0.005000
v 0.004328 0.012035 -0.005000
v 0.005337 0.010429 -0.005000
v 0.007662 -0.011476 -0.005000
v 0.004328 -0.011965 -0.005000
v 0.007036 -0.013278 -0.005000
v 0.005566 -0.010312 -0.005000
v 0.005337 -0.013571 -0.005000
v 0.010633 0.007081 -0.005000
v 0.012829 0.007490 -0.005000
v 0.013658 0.005600 -0.005000
v 0.012404 0.004405 -0.005000
v 0.010739 0.004852 -0.005000
v 0.012829 -0.004510 -0.005000
v 0.013658 -0.006400 -0.005000
v 0.010633 -0.004919 -0.005000
v 0.012404 -0.007595 -0.005000
v 0.010739 -0.007148 -0.005000
v 0.015693 0.002054 -0.005000
v 0.013766 0.000965 -0.005000
v 0.014679 -0.001929 -0.005000
v 0.017662 0.001101 -0.005000
v 0.017255 -0.001487 -0.005000
v 0.000989 0.002399 -0.005000
v 0.002651 0.000048 -0.005000
v 0.001621 -0.001993 -0.005000
v -0.000724 -0.002492 -0.005000
v -0.002674 -0.000206 -0.005000
v -0.001391 0.002140 -0.005000
v 0.013765 -0.011029 -0.005000
v 0.016083 -0.011605 -0.005000
v 0.010978 -0.013763 -0.005000
v 0.009321 -0.013012 -0.005000
v 0.008569 -0.010799 -0.005000
v 0.009689 -0.009003 -0.005000
v 0.013229 -0.009679 -0.005000
v 0.011712 -0.008611 -0.005000
v -0.009003 -0.009689 -0.005000
v -0.010799 -0.008569 -0.005000
v -0.013012 -0.009321 -0.005000
v -0.009679 -0.013229 -0.005000
v -0.008611 -0.011712 -0.005000
v -0.011029 -0.013765 -0.005000
v -0.017259 -0.014536 -0.005000
v -0.018993 -0.014918 -0.005000
v -0.013763 -0.010978 -0.005000
v -0.016584 -0.012244 -0.005000
v 0.013012 0.009321 -0.005000
v 0.010799 0.008569 -0.005000
v 0.009679 0.013229 -0.005000
v 0.008611 0.011712 -0.005000
v 0.009003 0.009689 -0.005000
v 0.011029 0.013765 -0.005000
v 0.011605 0.016083 -0.005000
v 0.014530 0.017268 -0.005000
v 0.014846 0.018849 -0.005000
v 0.013763 0.010978 -0.005000
v 0.016584 0.012244 -0.005000
v 0.017259 0.014536 -0.005000
v -0.009689 0.009003 -0.005000
v -0.008569 0.010799 -0.005000
v -0.009321 0.013012 -0.005000
v -0.013229 0.009679 -0.005000
v -0.011712 0.008611 -0.005000
v -0.013765 0.011029 -0.005000
v -0.016083 0.011605 -0.005000
v -0.017268 0.014530 -0.005000
v -0.018843 0.014845 -0.005000
v -0.014536 0.017259 -0.005000
v -0.014917 0.019000 -0.005000
v -0.010978 0.013763 -0.005000
v -0.012244 0.016584 -0.005000
v -0.020580 -0.016570 -0.005000
v -0.020520 -0.018812 -0.005000
v -0.018962 -0.020481 -0.005000
v -0.014530 -0.017268 -0.005000
v -0.016729 -0.020594 -0.005000
v -0.014958 -0.019167 -0.005000
v -0.011605 -0.016083 -0.005000
v 0.014536 -0.017259 -0.005000
v 0.012244 -0.016584 -0.005000
v 0.017268 -0.014530 -0.005000
v 0.020374 -0.019297 -0.005000
v 0.017877 -0.020777 -0.005000
v 0.015218 -0.019648 -0.005000
v 0.020594 -0.016729 -0.005000
v 0.019175 -0.014952 -0.005000
v 0.020518 0.018804 -0.005000
v 0.020580 0.016570 -0.005000
v 0.019019 0.014916 -0.005000
v 0.018981 0.020496 -0.005000
v 0.016396 0.020508 -0.005000
v -0.016570 0.020580 -0.005000
v -0.018797 0.020518 -0.005000
v -0.020485 0.018967 -0.005000
v -0.020508 0.016396 -0.005000
v -0.019237 -0.002856 -0.005000
v -0.016450 -0.008456 -0.005000
v -0.008806 0.008456 -0.005000
v -0.008806 -0.008456 -0.005000
v -0.006820 0.016450 -0.005000
v -0.008106 -0.013662 -0.005000
v -0.002263 -0.013663 -0.005000
v 0.005831 0.019237 -0.005000
v 0.002856 -0.013663 -0.005000
v 0.008806 0.008456 -0.005000
v 0.008106 0.013662 -0.005000
v 0.008806 -0.008456 -0.005000
v 0.008106 -0.013663 -0.005000
v 0.013663 0.002262 -0.005000
v 0.013663 0.008106 -0.005000
v 0.001751 0.043119 -0.146663
v 0.001751 0.040840 -0.147897
v 0.001751 0.040794 -0.151177
v 0.001751 0.042591 -0.152613
v 0.001751 0.045176 -0.152394
v 0.001751 0.046641 -0.149815
v 0.001751 0.045420 -0.147144
v 0.005251 0.040627 -0.148418
v 0.005251 0.042660 -0.146737
v 0.005251 0.045248 -0.147025
v 0.005251 0.046643 -0.149622
v 0.005251 0.045315 -0.152320
v 0.005251 0.042434 -0.152601
v 0.005251 0.040761 -0.151023
v 0.005251 0.044073 -0.147600
v 0.005251 0.045552 -0.149210
v 0.005251 0.045088 -0.151109
v 0.005251 0.042813 -0.151733
v 0.005251 0.041467 -0.149939
v 0.005251 0.042000 -0.148278
v 0.007936 0.041442 -0.149359
v 0.007930 0.042077 -0.148212
v 0.007932 0.042967 -0.147690
v 0.007925 0.044210 -0.147690
v 0.007935 0.045475 -0.148871
v 0.007927 0.045582 -0.150032
v 0.007933 0.044966 -0.151194
v 0.007928 0.044016 -0.151691
v 0.007932 0.042856 -0.151657
v 0.007926 0.041801 -0.150846
v 0.007957 0.040347 -0.158318
v 0.007777 0.033298 -0.122522
v 0.007727 0.029704 -0.126925
v 0.007912 0.028946 -0.129923
v 0.007717 0.028825 -0.132706
v 0.007902 0.029192 -0.134284
v 0.007911 0.031394 -0.124412
v 0.007924 0.040523 -0.126722
v 0.007909 0.042556 -0.127412
v 0.007920 0.044019 -0.128840
v 0.007937 0.044783 -0.130772
v 0.007932 0.044657 -0.132849
v 0.007932 0.043673 -0.134682
v 0.007923 0.042030 -0.135918
v 0.007942 0.040636 -0.136313
v 0.007933 0.038935 -0.136252
v 0.007933 0.037052 -0.135370
v 0.007936 0.035824 -0.133965
v 0.007928 0.035325 -0.132792
v 0.007934 0.035226 -0.130721
v 0.007926 0.035998 -0.128814
v 0.007934 0.036999 -0.127756
v 0.007933 0.038479 -0.126934
v 0.007131 0.035980 -0.134133
v 0.007131 0.037872 -0.135872
v 0.007131 0.041460 -0.136207
v 0.007131 0.044222 -0.133887
v 0.007131 0.044787 -0.131371
v 0.007131 0.044061 -0.128905
v 0.007131 0.041646 -0.126983
v 0.007131 0.038547 -0.126919
v 0.007131 0.036058 -0.128729
v 0.007131 0.035168 -0.131682
v 0.007881 0.044762 -0.131138
v 0.007881 0.044323 -0.133669
v 0.007881 0.042147 -0.135849
v 0.007881 0.039096 -0.136268
v 0.007881 0.036812 -0.135088
v 0.007881 0.035201 -0.132454
v 0.007881 0.035933 -0.128937
v 0.007881 0.037889 -0.127241
v 0.007881 0.040935 -0.126734
v 0.007881 0.043916 -0.128713
v 0.007881 0.039212 -0.133561
v 0.007881 0.039628 -0.129383
v 0.007881 0.041613 -0.130297
v 0.007881 0.037920 -0.131318
v 0.007881 0.041985 -0.132427
v 0.003881 0.041572 -0.130203
v 0.003881 0.039555 -0.129445
v 0.003881 0.037939 -0.131182
v 0.003881 0.039073 -0.133501
v 0.003881 0.041918 -0.132563
v 0.003881 0.041524 -0.133913
v 0.003881 0.039474 -0.134272
v 0.003881 0.042874 -0.131597
v 0.003881 0.041649 -0.129230
v 0.003881 0.037306 -0.132691
v 0.003881 0.039621 -0.128762
v 0.003881 0.037792 -0.129760
v 0.007131 0.042463 -0.132872
v 0.007131 0.040745 -0.134294
v 0.007131 0.038395 -0.133853
v 0.007131 0.037182 -0.131931
v 0.007131 0.037764 -0.129824
v 0.007131 0.039089 -0.128898
v 0.007131 0.040829 -0.128830
v 0.007131 0.042717 -0.130542
v -0.008029 0.037232 -0.131195
v -0.008029 0.037805 -0.129801
v -0.008029 0.039478 -0.128735
v -0.008029 0.041519 -0.129171
v -0.008029 0.042492 -0.130301
v -0.008029 0.042795 -0.131911
v -0.008029 0.042074 -0.133377
v -0.008029 0.040541 -0.134313
v -0.008029 0.038628 -0.133960
v -0.008029 0.037453 -0.132715
v -0.004779 0.042386 -0.133051
v -0.004779 0.040064 -0.134396
v -0.004779 0.037703 -0.133181
v -0.004779 0.037254 -0.130848
v -0.004779 0.038742 -0.128996
v -0.004779 0.040817 -0.128859
v -0.004779 0.042642 -0.130391
v -0.004779 0.037920 -0.131318
v -0.004779 0.042123 -0.131041
v -0.004779 0.039628 -0.129383
v -0.004779 0.038676 -0.133103
v -0.004779 0.040811 -0.133487
v -0.008779 0.041572 -0.130203
v -0.008779 0.039555 -0.129445
v -0.008779 0.037939 -0.131182
v -0.008779 0.038455 -0.132845
v -0.008779 0.039812 -0.133585
v -0.008779 0.041918 -0.132563
v -0.008778 0.037932 -0.136023
v -0.008779 0.035201 -0.132454
v -0.008778 0.042016 -0.135933
v -0.008779 0.035933 -0.128937
v -0.008779 0.038332 -0.127003
v -0.008779 0.041416 -0.126918
v -0.008779 0.043916 -0.128713
v -0.008779 0.044762 -0.131138
v -0.008779 0.044323 -0.133669
v -0.008029 0.044787 -0.131371
v -0.008029 0.044222 -0.133887
v -0.008029 0.041952 -0.135951
v -0.008029 0.039949 -0.136292
v -0.008029 0.037872 -0.135872
v -0.008029 0.035980 -0.134133
v -0.008029 0.035168 -0.131682
v -0.008029 0.036058 -0.128729
v -0.008029 0.038559 -0.126913
v -0.008029 0.041646 -0.126983
v -0.008029 0.044061 -0.128905
v -0.008825 0.035329 -0.132804
v -0.008831 0.035227 -0.130721
v -0.008834 0.036007 -0.128790
v -0.008836 0.037315 -0.127511
v -0.008823 0.038491 -0.126934
v -0.008832 0.040099 -0.126715
v -0.008830 0.041567 -0.126950
v -0.008833 0.043147 -0.127865
v -0.008820 0.044022 -0.128845
v -0.008835 0.044783 -0.130772
v -0.008830 0.044657 -0.132849
v -0.008835 0.043888 -0.134381
v -0.008825 0.042907 -0.135397
v -0.008830 0.041016 -0.136262
v -0.008830 0.038936 -0.136252
v -0.008830 0.037052 -0.135370
v -0.008843 0.035942 -0.134134
v 0.007751 0.040012 -0.158423
v 0.007646 0.040371 -0.158600
v 0.007888 0.050327 -0.154028
v -0.000445 0.050696 -0.154042
v 0.006893 0.050473 -0.144827
v 0.000518 0.050956 -0.131529
v -0.000478 0.040100 -0.158817
v -0.008786 0.050328 -0.154027
v -0.008529 0.040380 -0.158601
v -0.007716 0.050482 -0.144499
v 0.002829 0.050821 -0.133398
v 0.005169 0.050635 -0.138160
v 0.007958 0.050269 -0.150391
v -0.008853 0.050270 -0.150388
v -0.006021 0.050645 -0.138028
v -0.002769 0.050890 -0.132105
v 0.007946 0.043849 -0.120017
v -0.008848 0.043916 -0.120174
v -0.008849 0.040297 -0.158337
v -0.008603 0.040004 -0.158437
v 0.006220 0.043059 -0.118651
v 0.007282 0.043331 -0.119019
v -0.005905 0.046789 -0.119379
v -0.000400 0.048332 -0.118965
v 0.004988 0.046816 -0.119399
v -0.000390 0.046755 -0.117820
v 0.006781 0.045379 -0.119800
v 0.005895 0.044910 -0.118594
v 0.003468 0.046348 -0.118128
v 0.002040 0.048057 -0.119068
v 0.000327 0.047610 -0.118147
v -0.007543 0.045530 -0.119750
v -0.006930 0.045085 -0.118762
v -0.006024 0.044592 -0.118322
v -0.004191 0.046456 -0.118117
v -0.003982 0.047752 -0.119240
v -0.002182 0.048138 -0.118838
v -0.000449 0.038015 -0.119621
v 0.006548 0.038182 -0.119728
v 0.007534 0.037700 -0.120518
v 0.007667 0.035006 -0.121465
v 0.007951 0.034556 -0.122013
v 0.001551 0.028434 -0.130843
v 0.001551 0.029684 -0.126152
v 0.001551 0.032776 -0.122479
v 0.001554 0.028778 -0.133974
v 0.001551 0.033708 -0.144853
v -0.002438 0.033728 -0.144908
v -0.007560 0.043179 -0.118700
v -0.008443 0.043575 -0.119305
v -0.007627 0.038159 -0.119775
v -0.008438 0.037691 -0.120532
v 0.001531 0.035269 -0.120957
v -0.008868 0.034177 -0.122292
v -0.008580 0.035709 -0.121174
v -0.008656 0.033652 -0.122247
v -0.008800 0.029190 -0.134276
v -0.008821 0.029310 -0.128343
v -0.008810 0.030376 -0.125850
v -0.008608 0.031626 -0.124032
v -0.008626 0.028704 -0.131427
v -0.002449 0.029945 -0.125680
v -0.002449 0.032973 -0.122342
v -0.002449 0.028445 -0.130538
v -0.002452 0.028767 -0.133951
v -0.002449 0.035217 -0.121051
v -0.008831 0.042661 -0.147788
v -0.008839 0.041828 -0.148505
v -0.008827 0.041422 -0.149799
v -0.008834 0.041941 -0.151008
v -0.008814 0.042860 -0.151652
v -0.008826 0.044411 -0.151602
v -0.008834 0.045395 -0.150590
v -0.008822 0.045607 -0.149336
v -0.008833 0.044806 -0.148036
v -0.008830 0.043842 -0.147637
v -0.006149 0.042000 -0.148278
v -0.006149 0.043391 -0.147638
v -0.006149 0.044852 -0.148082
v -0.006149 0.045632 -0.149883
v -0.006149 0.044700 -0.151368
v -0.006149 0.043219 -0.151739
v -0.006149 0.041498 -0.150405
v -0.006149 0.040794 -0.151177
v -0.006149 0.040622 -0.148565
v -0.006149 0.046641 -0.149815
v -0.006149 0.045420 -0.147144
v -0.006149 0.042501 -0.146744
v -0.006149 0.043218 -0.152836
v -0.006149 0.045677 -0.151884
v -0.002649 0.040627 -0.148418
v -0.002649 0.042658 -0.146736
v -0.002649 0.045248 -0.147025
v -0.002649 0.046643 -0.149622
v -0.002649 0.045594 -0.152017
v -0.002649 0.043415 -0.152757
v -0.002649 0.041051 -0.151656
v -0.003360 0.035447 -0.129356
v -0.000447 0.035708 -0.128983
v -0.000445 0.037834 -0.126536
v -0.002398 0.037940 -0.126436
v -0.000434 0.041563 -0.125904
v -0.001962 0.041727 -0.125914
v -0.000446 0.044635 -0.128111
v -0.002405 0.044740 -0.128212
v -0.000449 0.045427 -0.130697
v -0.002577 0.045465 -0.130794
v -0.000451 0.044862 -0.133341
v -0.001922 0.044558 -0.133996
v -0.000457 0.042484 -0.135545
v -0.002402 0.041306 -0.135945
v -0.000450 0.039806 -0.135907
v -0.001971 0.037551 -0.135232
v -0.000445 0.037287 -0.134923
v -0.000444 0.035668 -0.132634
v -0.003182 0.035483 -0.132218
v 0.001509 0.040488 -0.136025
v 0.001686 0.043052 -0.135231
v 0.001485 0.044957 -0.133232
v 0.001480 0.045431 -0.130004
v 0.001464 0.043855 -0.127147
v 0.001678 0.041449 -0.125960
v 0.001086 0.038137 -0.126263
v -0.000168 0.035449 -0.129519
v 0.002145 0.035639 -0.132692
v 0.001493 0.037379 -0.135034
v -0.015171 -0.018006 -0.000173
v -0.015802 -0.015981 -0.000173
v -0.018037 -0.015136 -0.000170
v -0.019944 -0.016561 -0.000175
v -0.019784 -0.019213 -0.000165
v -0.016758 -0.020118 -0.000165
v -0.018313 -0.020741 -0.000701
v -0.020351 -0.019126 -0.000712
v -0.020684 -0.017211 -0.000712
v -0.019789 -0.015485 -0.000712
v -0.017710 -0.014598 -0.000703
v -0.015602 -0.015445 -0.000712
v -0.014546 -0.017808 -0.000701
v -0.015810 -0.020081 -0.000712
v -0.017351 -0.014645 -0.007486
v -0.018942 -0.014931 -0.007491
v -0.019977 -0.015717 -0.007491
v -0.020586 -0.016864 -0.007491
v -0.020614 -0.018487 -0.007483
v -0.019755 -0.019867 -0.007491
v -0.018642 -0.020538 -0.007491
v -0.017350 -0.020679 -0.007491
v -0.016119 -0.020265 -0.007491
v -0.014983 -0.019106 -0.007483
v -0.014657 -0.017514 -0.007490
v -0.015004 -0.016261 -0.007491
v -0.015844 -0.015271 -0.007491
v -0.017315 -0.021161 -0.008149
v -0.019782 -0.020422 -0.008151
v -0.020865 -0.018941 -0.008154
v -0.021089 -0.017100 -0.008151
v -0.020288 -0.015449 -0.008154
v -0.018774 -0.014393 -0.008152
v -0.016931 -0.014326 -0.008153
v -0.015283 -0.015171 -0.008152
v -0.014359 -0.016792 -0.008151
v -0.014347 -0.018621 -0.008150
v -0.015319 -0.020170 -0.008153
v -0.014693 -0.013488 -0.008175
v -0.018629 -0.022658 -0.008175
v -0.015418 -0.022219 -0.008175
v -0.013461 -0.020414 -0.008175
v -0.012553 -0.017237 -0.008175
v -0.018362 -0.012648 -0.008175
v -0.020794 -0.013733 -0.008175
v -0.022668 -0.016455 -0.008175
v -0.021837 -0.020691 -0.008175
v -0.017933 -0.022522 -0.014084
v -0.019280 -0.022418 -0.013776
v -0.021123 -0.021306 -0.013776
v -0.022035 -0.019968 -0.013944
v -0.022521 -0.018438 -0.014043
v -0.022393 -0.016333 -0.014042
v -0.021155 -0.014026 -0.013828
v -0.019233 -0.013001 -0.013944
v -0.017644 -0.012772 -0.014046
v -0.015425 -0.013311 -0.014053
v -0.013841 -0.014468 -0.013813
v -0.012977 -0.016323 -0.014107
v -0.012759 -0.017713 -0.013981
v -0.013026 -0.019534 -0.013776
v -0.014236 -0.021314 -0.013776
v -0.016082 -0.022422 -0.013776
v -0.020618 -0.021358 -0.014152
v -0.020682 -0.014086 -0.014159
v -0.013553 -0.019936 -0.014162
v -0.015800 -0.022000 -0.014152
v -0.020562 -0.017675 -0.014175
v -0.016232 -0.015175 -0.014175
v -0.019118 -0.015175 -0.014175
v -0.019118 -0.020175 -0.014175
v -0.016232 -0.020175 -0.014175
v -0.014788 -0.017675 -0.014175
v -0.019084 -0.020103 -0.011205
v -0.016237 -0.020149 -0.011195
v -0.020541 -0.017690 -0.011185
v -0.019027 -0.015195 -0.011200
v -0.016277 -0.015251 -0.011201
v -0.014855 -0.017582 -0.011193
v -0.017675 -0.017675 -0.010265
v 0.020179 -0.018006 -0.000173
v 0.019548 -0.015981 -0.000173
v 0.017313 -0.015136 -0.000170
v 0.015406 -0.016561 -0.000175
v 0.015566 -0.019213 -0.000165
v 0.018592 -0.020118 -0.000165
v 0.017037 -0.020741 -0.000701
v 0.014999 -0.019126 -0.000712
v 0.014666 -0.017211 -0.000712
v 0.015561 -0.015485 -0.000712
v 0.017640 -0.014598 -0.000703
v 0.019748 -0.015445 -0.000712
v 0.020804 -0.017808 -0.000701
v 0.019540 -0.020081 -0.000712
v 0.017999 -0.014645 -0.007486
v 0.016408 -0.014931 -0.007491
v 0.015373 -0.015717 -0.007491
v 0.014764 -0.016864 -0.007491
v 0.014736 -0.018487 -0.007483
v 0.015595 -0.019867 -0.007491
v 0.016708 -0.020538 -0.007491
v 0.018000 -0.020679 -0.007491
v 0.019231 -0.020265 -0.007491
v 0.020367 -0.019106 -0.007483
v 0.020693 -0.017514 -0.007490
v 0.020346 -0.016261 -0.007491
v 0.019506 -0.015271 -0.007491
v 0.018035 -0.021161 -0.008149
v 0.015568 -0.020422 -0.008151
v 0.014485 -0.018941 -0.008154
v 0.014261 -0.017100 -0.008151
v 0.015062 -0.015449 -0.008154
v 0.016576 -0.014393 -0.008152
v 0.018419 -0.014326 -0.008153
v 0.020067 -0.015171 -0.008152
v 0.020991 -0.016792 -0.008151
v 0.021003 -0.018621 -0.008150
v 0.020031 -0.020170 -0.008153
v 0.020657 -0.013488 -0.008175
v 0.016721 -0.022658 -0.008175
v 0.019932 -0.022219 -0.008175
v 0.021889 -0.020414 -0.008175
v 0.022797 -0.017237 -0.008175
v 0.017577 -0.012650 -0.008175
v 0.014940 -0.013401 -0.008175
v 0.012682 -0.016455 -0.008175
v 0.013513 -0.020691 -0.008175
v 0.017417 -0.022522 -0.014084
v 0.016070 -0.022418 -0.013776
v 0.014227 -0.021306 -0.013776
v 0.013315 -0.019968 -0.013944
v 0.012829 -0.018438 -0.014043
v 0.012957 -0.016333 -0.014042
v 0.014195 -0.014026 -0.013828
v 0.016117 -0.013001 -0.013944
v 0.017706 -0.012772 -0.014046
v 0.019925 -0.013311 -0.014053
v 0.021509 -0.014468 -0.013813
v 0.022373 -0.016323 -0.014107
v 0.022591 -0.017713 -0.013981
v 0.022324 -0.019534 -0.013776
v 0.021114 -0.021314 -0.013776
v 0.019268 -0.022422 -0.013776
v 0.014732 -0.021358 -0.014152
v 0.014668 -0.014086 -0.014159
v 0.021797 -0.019936 -0.014162
v 0.019550 -0.022000 -0.014152
v 0.014788 -0.017675 -0.014175
v 0.019118 -0.015175 -0.014175
v 0.016232 -0.015175 -0.014175
v 0.016232 -0.020175 -0.014175
v 0.019118 -0.020175 -0.014175
v 0.020562 -0.017675 -0.014175
v 0.016237 -0.020149 -0.011195
v 0.019084 -0.020103 -0.011205
v 0.014855 -0.017582 -0.011193
v 0.016323 -0.015195 -0.011200
v 0.019073 -0.015251 -0.011201
v 0.020541 -0.017690 -0.011185
v 0.017675 -0.017675 -0.010265
vn 0.4472 -0.1489 0.8820
vn 0.0009 -0.0001 1.0000
vn 0.1863 -0.4901 0.8515
vn -0.0000 -0.0004 1.0000
vn 0.0003 0.0005 1.0000
vn -0.4592 -0.3269 0.8260
vn -0.0739 -0.6142 0.7857
vn -0.6203 -0.0334 0.7837
vn -0.6852 0.3211 0.6537
vn -0.4532 0.4957 0.7409
vn -0.1270 0.6956 0.7071
vn 0.0431 0.6943 0.7184
vn 0.5421 0.4601 0.7032
vn 0.6542 -0.0400 0.7553
vn 0.4646 -0.4208 0.7792
vn 0.4625 0.5374 0.7052
vn -0.3287 -0.5638 0.7577
vn -0.3438 -0.9120 0.2235
vn 0.0124 -0.9998 0.0143
vn -0.6296 -0.7767 0.0166
vn -0.7312 -0.6288 0.2646
vn -0.9974 -0.0691 0.0207
vn -0.9086 0.3174 0.2716
vn -0.7076 0.7061 0.0258
vn -0.3699 0.8823 0.2911
vn -0.0059 0.9998 0.0178
vn 0.1455 0.9521 0.2688
vn 0.6893 0.7241 0.0213
vn 0.8678 0.4146 0.2738
vn 0.9987 -0.0419 0.0302
vn 0.8217 -0.4974 0.2783
vn 0.6373 -0.7703 0.0217
vn 0.4593 -0.8497 0.2588
vn 0.1017 -0.9265 0.3622
vn 0.9596 -0.0034 0.2814
vn 0.5798 0.7566 0.3023
vn -0.7089 0.6434 0.2890
vn -0.9298 -0.2268 0.2900
vn 0.0100 -0.4317 0.9020
vn -0.2895 -0.3005 0.9088
vn -0.4046 0.1148 0.9073
vn -0.3302 0.3206 0.8878
vn -0.0907 0.4175 0.9042
vn 0.1449 0.4032 0.9036
vn 0.3319 0.2824 0.9000
vn 0.4421 0.0735 0.8939
vn 0.3890 -0.1504 0.9089
vn 0.2556 -0.3415 0.9045
vn -0.4305 -0.1681 0.8868
vn 0.0151 0.0020 0.9999
vn 0.0085 0.0117 0.9999
vn -0.0037 -0.0156 0.9999
vn 0.0071 -0.0132 0.9999
vn 0.0126 -0.0085 0.9999
vn -0.0014 0.0147 0.9999
vn -0.0093 0.0108 0.9999
vn -0.0139 0.0032 0.9999
vn -0.0120 -0.0079 0.9999
vn -0.3433 -0.8644 -0.3674
vn -0.2036 -0.9789 0.0151
vn -0.8184 -0.5741 0.0241
vn -0.7761 -0.0592 -0.6278
vn -0.9778 0.2089 0.0160
vn -0.6515 0.6744 -0.3474
vn -0.6285 0.7778 -0.0002
vn -0.1052 0.9944 -0.0060
vn 0.0979 0.7496 -0.6546
vn 0.5862 0.8100 0.0177
vn 0.7193 0.5519 -0.4219
vn 0.9930 0.1160 0.0231
vn 0.8771 -0.3560 -0.3226
vn 0.8500 -0.5263 0.0224
vn 0.6032 -0.6838 -0.4107
vn 0.4252 -0.9050 0.0164
vn 0.2462 -0.9202 -0.3043
vn -0.0457 -0.7534 -0.6560
vn 0.8273 -0.0565 -0.5590
vn 0.6848 0.1944 -0.7023
vn 0.3502 0.6523 -0.6722
vn -0.2489 0.8062 -0.5367
vn -0.7081 0.2511 -0.6600
vn -0.7616 -0.3432 -0.5497
vn -0.6674 -0.6696 -0.3259
vn -0.3148 -0.3920 -0.8644
vn -0.2247 0.3251 -0.9186
vn 0.4157 -0.2805 -0.8652
vn 0.1966 -0.4654 -0.8630
vn -0.0527 -0.0002 -0.9986
vn 0.0208 0.0469 -0.9987
vn 0.0039 0.0299 -0.9995
vn -0.0035 -0.0218 -0.9998
vn 0.0032 -0.0097 -0.9999
vn 0.0226 0.0088 -0.9997
vn 0.0078 0.9998 -0.0162
vn 0.0161 0.9996 -0.0243
vn -0.5300 0.7853 -0.3199
vn -0.4993 0.8664 -0.0085
vn 0.8612 0.5081 -0.0126
vn 1.0000 -0.0016 -0.0070
vn 0.8584 0.0019 -0.5130
vn 0.7477 0.4541 -0.4844
vn 0.8615 -0.5075 -0.0171
vn 0.7624 -0.4460 -0.4689
vn 0.0097 -0.9998 -0.0157
vn -0.5005 -0.8656 -0.0132
vn -0.5055 -0.7978 -0.3287
vn 0.0204 -0.9995 -0.0258
vn -0.9999 0.0025 -0.0139
vn -0.8566 -0.0273 -0.5152
vn 0.0075 -0.3559 -0.9345
vn 0.0262 -0.3549 -0.9345
vn -0.0109 -0.3556 -0.9346
vn -0.3117 0.1685 -0.9351
vn -0.3001 -0.1869 -0.9354
vn 0.2998 -0.1863 -0.9356
vn 0.2980 0.1872 -0.9360
vn 0.0090 0.3546 -0.9350
vn -0.0281 0.3529 -0.9352
vn 0.0458 0.3518 -0.9350
vn -0.6853 0.3211 0.6537
vn 0.8678 0.4147 0.2738
vn 0.8216 -0.4975 0.2783
vn -0.9298 -0.2267 0.2900
vn 0.0261 -0.3549 -0.9345
vn -0.0097 -0.7814 0.6240
vn -0.0000 -0.0000 1.0000
vn -0.7250 -0.3094 0.6154
vn -0.6047 0.4937 0.6249
vn 0.1192 0.9928 -0.0106
vn 0.9016 0.4325 0.0068
vn 0.9685 0.2457 -0.0416
vn 0.0698 0.9972 -0.0263
vn -0.9134 0.4031 -0.0571
vn -0.6434 -0.7626 -0.0678
vn 0.8415 -0.5393 0.0333
vn 0.4948 -0.8662 -0.0701
vn -0.6289 0.2627 0.7317
vn -0.5880 -0.3803 0.7139
vn -0.4577 -0.5559 0.6939
vn 0.0454 -0.6828 0.7292
vn 0.6081 -0.2801 0.7428
vn 0.3975 -0.6373 0.6602
vn 0.5529 0.4350 0.7107
vn 0.7379 0.1560 0.6566
vn -0.0116 0.6988 0.7152
vn 0.0129 0.6742 0.7385
vn -0.6302 0.2688 0.7285
vn 0.0005 -0.0033 1.0000
vn 0.0002 -0.0030 1.0000
vn 0.0018 -0.0006 1.0000
vn -0.0003 -0.0010 1.0000
vn -0.0022 -0.0058 1.0000
vn -0.0020 -0.0048 1.0000
vn 0.0046 0.0025 1.0000
vn 0.0048 0.0030 1.0000
vn 0.0146 -0.0308 0.9994
vn -0.1189 -0.2373 0.9641
vn 0.0008 0.0003 1.0000
vn 0.0009 0.0009 1.0000
vn 0.2372 -0.1193 0.9641
vn 0.1026 -0.1025 0.9894
vn -0.0013 -0.0039 1.0000
vn 0.0007 0.0003 1.0000
vn 0.0003 0.0032 1.0000
vn 0.0009 -0.0115 0.9999
vn 0.1146 -0.2474 0.9621
vn 0.0438 0.0342 0.9985
vn 0.0158 0.0044 0.9999
vn -0.0001 0.0006 1.0000
vn -0.0064 0.0129 0.9999
vn 0.1452 0.2429 0.9591
vn 0.1129 0.1052 0.9880
vn 0.0045 -0.0025 1.0000
vn 0.0048 -0.0031 1.0000
vn 0.0021 0.0004 1.0000
vn 0.0004 0.0003 1.0000
vn -0.0023 0.0048 1.0000
vn -0.0000 -0.0016 1.0000
vn -0.0017 0.0037 1.0000
vn 0.0016 -0.0041 1.0000
vn 0.0055 -0.0024 1.0000
vn 0.0037 -0.0048 1.0000
vn 0.0094 -0.0042 0.9999
vn 0.0055 0.0028 1.0000
vn -0.0122 0.0004 0.9999
vn 0.0080 0.0004 1.0000
vn 0.0031 0.0035 1.0000
vn 0.0069 0.0034 1.0000
vn 0.0014 0.0035 1.0000
vn 0.0016 -0.0010 1.0000
vn 0.0002 0.0012 1.0000
vn -0.0018 -0.0002 1.0000
vn -0.0007 0.0005 1.0000
vn -0.2376 0.1195 0.9640
vn -0.0393 0.0314 0.9987
vn -0.0909 0.1154 0.9891
vn 0.0014 0.0036 1.0000
vn 0.0027 0.0045 1.0000
vn 0.0010 0.0018 1.0000
vn 0.0005 0.0007 1.0000
vn -0.0005 0.0006 1.0000
vn -0.0053 -0.0036 1.0000
vn -0.0063 -0.0027 1.0000
vn 0.0028 0.0091 1.0000
vn -0.0138 -0.0063 0.9999
vn -0.0006 0.0001 1.0000
vn -0.0001 -0.0005 1.0000
vn -0.0385 -0.0397 0.9985
vn 0.0015 -0.0046 1.0000
vn 0.0015 -0.0051 1.0000
vn 0.0010 -0.0013 1.0000
vn -0.0005 0.0003 1.0000
vn 0.0001 -0.0000 1.0000
vn -0.1115 -0.0934 0.9894
vn -0.2608 -0.0372 0.9647
vn 0.0403 0.0062 0.9992
vn -0.0594 0.0072 0.9982
vn -0.1110 0.0366 0.9931
vn 0.0016 0.0011 1.0000
vn 0.0021 0.0003 1.0000
vn -0.2204 -0.1003 0.9702
vn 0.2909 0.2700 0.9179
vn 0.3956 0.4627 0.7933
vn -0.1786 -0.6443 0.7436
vn -0.3462 -0.5445 0.7640
vn 0.1138 0.3197 0.9406
vn -0.0618 -0.6695 0.7402
vn 0.1853 0.6867 0.7030
vn 0.0107 0.4089 0.9125
vn -0.2173 0.9383 0.2689
vn 0.1878 -0.6142 0.7665
vn -0.3762 0.4464 0.8119
vn 0.3209 -0.5702 0.7563
vn 0.0331 -0.6750 0.7371
vn 0.3231 -0.1282 0.9377
vn -0.0001 -0.0007 1.0000
vn -0.0002 -0.0006 1.0000
vn -0.0402 0.0190 0.9990
vn -0.7799 0.5288 0.3348
vn -0.9339 0.2095 0.2896
vn 0.1434 0.0592 0.9879
vn -0.0232 0.0142 0.9996
vn -0.8632 0.3863 0.3251
vn -0.0023 -0.0025 1.0000
vn -0.0040 -0.0015 1.0000
vn -0.0019 -0.0019 1.0000
vn -0.0030 -0.0033 1.0000
vn -0.0170 0.0072 0.9998
vn 0.0093 0.0032 1.0000
vn -0.0098 -0.0007 1.0000
vn -0.0027 0.0039 1.0000
vn -0.0018 0.0041 1.0000
vn -0.0015 0.0022 1.0000
vn -0.0101 -0.0019 0.9999
vn -0.9229 -0.2024 0.3274
vn -0.9102 -0.2960 0.2898
vn -0.0380 -0.0008 0.9993
vn -0.7313 -0.2940 0.6155
vn -0.0038 0.0041 1.0000
vn -0.7749 -0.5304 0.3438
vn 0.1202 0.2078 0.9708
vn -0.6998 -0.6555 0.2838
vn 0.0459 -0.0252 0.9986
vn 0.1655 -0.0142 0.9861
vn 0.1973 0.0795 0.9771
vn -0.4674 -0.8066 0.3618
vn -0.3070 -0.8843 0.3519
vn 0.1783 0.6422 0.7455
vn 0.3493 0.5427 0.7638
vn 0.0612 0.6665 0.7430
vn 0.0933 -0.8706 0.4831
vn -0.1780 -0.8328 0.5241
vn 0.0536 -0.4185 0.9066
vn -0.0313 0.6685 0.7431
vn -0.1956 0.6184 0.7611
vn 0.1252 -0.3432 0.9309
vn -0.3124 0.5751 0.7561
vn 0.1713 -0.3335 0.9271
vn -0.2106 0.1247 0.9696
vn 0.0006 -0.0010 1.0000
vn 0.0054 -0.0072 1.0000
vn 0.2345 -0.3242 0.9165
vn 0.2570 -0.2604 0.9307
vn -0.1299 0.2201 0.9668
vn 0.2832 -0.2085 0.9361
vn 0.3300 -0.1455 0.9327
vn -0.5396 0.3577 0.7622
vn -0.6179 0.1880 0.7634
vn 0.3326 -0.0746 0.9401
vn 0.0160 -0.0048 0.9999
vn 0.3413 -0.0120 0.9399
vn 0.0117 0.0023 0.9999
vn 0.3260 0.0647 0.9432
vn 0.2627 0.1031 0.9593
vn -0.6165 -0.1591 0.7711
vn -0.1969 -0.1981 0.9602
vn -0.5724 -0.3482 0.7424
vn -0.2997 -0.5947 0.7460
vn 0.2519 -0.6176 0.7451
vn -0.2818 -0.5712 0.7709
vn 0.2826 -0.6119 0.7388
vn 0.4223 -0.9049 0.0531
vn -0.4300 -0.9011 -0.0566
vn -0.4235 -0.9043 -0.0537
vn 0.4262 -0.9020 -0.0689
vn -0.1705 -0.6194 0.7664
vn -0.2693 -0.6110 0.7444
vn -0.3171 -0.8136 0.4873
vn -0.4213 -0.4663 0.7779
vn 0.0043 -0.6239 0.7815
vn -0.3339 -0.9410 0.0559
vn -0.3311 -0.9411 -0.0689
vn -0.1413 -0.9900 0.0020
vn -0.1647 -0.9863 -0.0058
vn -0.5888 -0.8083 0.0053
vn -0.6093 -0.7929 -0.0038
vn -0.6538 -0.2909 0.6985
vn -0.6477 -0.2698 0.7125
vn -0.7232 -0.2868 0.6282
vn -0.9098 -0.4141 -0.0293
vn -0.6242 0.2639 0.7354
vn -0.8922 0.4516 -0.0101
vn -0.6913 0.3718 0.6195
vn 0.5646 0.3447 0.7499
vn -0.4749 0.8777 0.0641
vn -0.1751 0.9839 0.0356
vn 0.0941 0.9930 0.0714
vn 0.4042 0.9138 0.0387
vn 0.8731 0.4873 0.0157
vn 0.6982 0.3616 0.6178
vn 0.3508 -0.7988 0.4887
vn 0.0320 -0.6286 0.7771
vn 0.1933 -0.6063 0.7714
vn 0.4444 -0.4400 0.7803
vn 0.6006 -0.7995 0.0025
vn 0.5810 -0.8139 -0.0058
vn 0.1561 -0.9877 0.0052
vn 0.1302 -0.9915 -0.0042
vn 0.3350 -0.9410 -0.0481
vn 0.3233 -0.9439 0.0676
vn 0.6878 -0.3170 0.6530
vn 0.9065 -0.4216 0.0224
vn 0.8467 0.3616 0.3903
vn 0.5653 -0.2970 0.7696
vn 0.6117 0.2826 0.7389
vn 0.6992 0.3678 0.6131
vn 0.6921 -0.3274 0.6433
vn 0.9036 -0.4266 -0.0396
vn 0.3466 -0.8567 0.3820
vn 0.3031 -0.6027 0.7382
vn 0.7219 -0.6863 0.0882
vn 0.3675 -0.6996 0.6128
vn 0.7119 -0.7017 0.0292
vn -0.2972 -0.5652 0.7695
vn -0.3267 -0.6991 0.6361
vn -0.4263 -0.9038 -0.0388
vn -0.8473 -0.3616 0.3890
vn -0.6107 -0.2850 0.7388
vn -0.6866 -0.7218 0.0867
vn -0.6992 -0.3673 0.6134
vn -0.7012 -0.7123 0.0310
vn -0.5651 0.2974 0.7695
vn -0.6921 0.3274 0.6433
vn -0.9037 0.4263 -0.0387
vn 0.6873 0.7214 0.0846
vn 0.2446 0.6325 0.7349
vn 0.7017 0.7119 0.0292
vn 0.4266 0.9036 -0.0397
vn 0.3267 0.6991 0.6361
vn -0.2653 0.6175 0.7405
vn -0.3542 0.8315 0.4280
vn -0.3669 0.6996 0.6131
vn -0.7221 0.6865 0.0854
vn -0.7123 0.7012 0.0310
vn 0.2997 0.5947 0.7460
vn -0.2518 0.6175 0.7451
vn 0.2818 0.5712 0.7709
vn -0.2825 0.6118 0.7388
vn -0.4223 0.9049 0.0531
vn 0.4300 0.9011 -0.0566
vn 0.4235 0.9043 -0.0537
vn -0.4262 0.9020 -0.0689
vn -0.3509 0.7990 0.4883
vn -0.0317 0.6294 0.7765
vn -0.2131 0.6262 0.7499
vn -0.1787 0.6133 0.7694
vn -0.4443 0.4399 0.7804
vn -0.6006 0.7995 0.0025
vn -0.5810 0.8139 -0.0058
vn -0.1561 0.9877 0.0052
vn -0.1308 0.9914 -0.0033
vn -0.2951 0.9536 -0.0601
vn -0.2633 0.7136 0.6492
vn -0.6783 0.2451 0.6926
vn -0.6277 0.3626 0.6889
vn -0.9115 0.4112 -0.0050
vn -0.7124 0.3124 0.6284
vn -0.5579 -0.3630 0.7463
vn -0.8714 -0.4904 0.0171
vn -0.8891 -0.4576 0.0083
vn 0.6243 -0.2637 0.7353
vn 0.8921 -0.4517 -0.0101
vn 0.8793 -0.4762 0.0050
vn 0.4744 -0.8782 0.0614
vn 0.1769 -0.9837 0.0318
vn -0.0940 -0.9928 0.0740
vn -0.4046 -0.9135 0.0424
vn 0.6477 0.2698 0.7125
vn 0.6538 0.2909 0.6985
vn 0.1705 0.6193 0.7664
vn 0.2693 0.6110 0.7444
vn 0.3170 0.8134 0.4877
vn 0.4213 0.4663 0.7779
vn -0.0043 0.6240 0.7814
vn 0.2290 0.7582 0.6105
vn 0.3311 0.9411 -0.0689
vn 0.1413 0.9900 0.0020
vn 0.1647 0.9863 -0.0058
vn 0.5888 0.8083 0.0053
vn 0.6093 0.7929 -0.0038
vn 0.9098 0.4141 -0.0293
vn 0.7192 0.2981 0.6276
vn -0.3558 -0.5914 0.7237
vn -0.6040 -0.1959 0.7725
vn -0.6340 -0.2152 0.7428
vn -0.2011 -0.6557 0.7277
vn -0.5721 -0.2904 0.7670
vn -0.6220 -0.2524 0.7412
vn -0.7662 -0.3717 0.5242
vn -0.6389 -0.0553 0.7673
vn -0.4222 -0.4419 0.7915
vn -0.3222 -0.6965 0.6412
vn -0.9439 -0.3225 0.0703
vn -0.9395 -0.3381 -0.0548
vn -0.3984 -0.9172 -0.0084
vn 0.4272 -0.5755 0.6973
vn 0.2846 -0.6981 0.6570
vn -0.9034 -0.4243 0.0620
vn -0.9188 -0.3928 -0.0395
vn -0.7677 -0.6407 0.0135
vn -0.8367 -0.5473 -0.0173
vn -0.9810 -0.1933 0.0162
vn -0.9966 -0.0806 -0.0162
vn 0.4817 -0.8762 0.0118
vn 0.3517 -0.7048 0.6161
vn 0.8432 -0.5375 0.0113
vn 0.7681 -0.0968 0.6330
vn 0.9322 -0.3553 0.0694
vn 0.9956 0.0922 -0.0149
vn 0.9719 0.2332 0.0326
vn 0.8947 -0.4418 0.0658
vn 0.1589 0.6954 0.7009
vn 0.4852 0.7356 0.4726
vn 0.5208 0.8537 -0.0022
vn 0.3667 0.9301 0.0210
vn 0.2488 0.7430 0.6213
vn -0.3007 0.7127 0.6337
vn 0.4192 0.4838 0.7683
vn 0.7592 0.1329 0.6372
vn 0.6801 -0.1362 0.7204
vn 0.3459 -0.6067 0.7158
vn 0.3378 -0.6096 0.7171
vn -0.6092 0.2563 0.7504
vn -0.5995 0.3237 0.7320
vn -0.6194 0.1705 0.7664
vn -0.6110 0.2693 0.7444
vn -0.8135 0.3171 0.4875
vn -0.4659 0.4216 0.7779
vn -0.6239 -0.0043 0.7815
vn -0.9410 0.3339 0.0559
vn -0.9411 0.3311 -0.0689
vn -0.9900 0.1413 0.0020
vn -0.9863 0.1647 -0.0058
vn -0.8088 0.5881 0.0052
vn -0.7936 0.6084 -0.0034
vn -0.9002 0.4310 -0.0622
vn -0.9122 0.4055 0.0585
vn -0.2888 0.6554 0.6979
vn -0.2678 0.6485 0.7125
vn -0.3905 0.9206 0.0066
vn -0.4140 0.9098 -0.0293
vn 0.2626 0.6322 0.7289
vn 0.4546 0.8906 -0.0098
vn 0.4801 0.8770 0.0204
vn 0.9618 0.2722 -0.0299
vn 0.6624 -0.2209 0.7159
vn 0.6902 -0.1588 0.7060
vn 0.8833 0.4647 0.0618
vn 0.9235 0.3785 0.0630
vn 0.9702 -0.2421 0.0043
vn 0.9835 -0.1806 0.0098
vn 0.3002 -0.6391 0.7081
vn 0.2853 -0.6220 0.7292
vn 0.4056 -0.9140 -0.0141
vn 0.3854 -0.6932 0.6091
vn 0.2904 -0.5736 0.7659
vn 0.4534 -0.8909 0.0270
vn 0.2779 0.6254 0.7292
vn 0.6040 0.1959 0.7725
vn 0.6320 0.2139 0.7448
vn 0.2713 0.6536 0.7065
vn 0.5615 0.3050 0.7692
vn 0.6215 0.2417 0.7452
vn 0.7658 0.3721 0.5245
vn 0.6390 0.0554 0.7673
vn 0.4146 0.4408 0.7961
vn 0.7033 0.3692 0.6075
vn 0.9011 0.4277 -0.0715
vn 0.7677 0.6406 0.0138
vn 0.8367 0.5473 -0.0173
vn 0.9810 0.1933 0.0162
vn 0.9966 0.0806 -0.0162
vn 0.9395 0.3381 -0.0548
vn 0.9439 0.3225 0.0703
vn 0.3222 0.6965 0.6412
vn 0.3984 0.9172 -0.0084
vn -0.2852 0.6434 0.7104
vn -0.4858 0.8738 0.0215
vn -0.3517 0.7048 0.6161
vn -0.6534 -0.1598 0.7400
vn -0.8900 -0.1462 0.4319
vn -0.9681 -0.2492 0.0265
vn -0.8994 0.4338 0.0544
vn -0.3604 -0.6314 0.6866
vn -0.2909 -0.6707 0.6823
vn -0.4801 -0.8769 -0.0251
vn -0.4057 -0.9139 0.0120
vn -0.3834 -0.6387 0.6671
vn -0.2395 -0.6811 0.6919
vn -0.2786 -0.9603 -0.0156
vn -0.4168 -0.9089 0.0101
vn -0.5680 -0.2574 0.7818
vn -0.8602 0.0690 0.5053
vn -0.4859 0.3202 0.8133
vn -0.3634 0.6880 0.6282
vn -0.1478 0.6872 0.7113
vn -0.8338 -0.5509 -0.0370
vn -0.9493 -0.3118 0.0395
vn -0.9435 0.3293 -0.0375
vn -0.8254 0.5633 0.0376
vn -0.4048 0.9143 -0.0091
vn -0.2738 0.9617 0.0144
vn -0.2731 0.6167 0.7383
vn -0.3034 0.6318 0.7133
vn -0.4726 0.8810 0.0222
vn -0.4026 0.9153 -0.0136
vn -0.8739 0.2272 0.4298
vn -0.6891 0.1639 0.7059
vn -0.9832 0.1821 0.0101
vn -0.2857 -0.7186 0.6340
vn -0.4477 -0.8941 -0.0095
vn -0.3735 -0.6880 0.6222
vn -0.9175 -0.3943 0.0528
vn 0.4441 -0.6196 0.6472
vn 0.1388 -0.6442 0.7522
vn 0.6081 -0.2578 0.7508
vn 0.5978 -0.3261 0.7324
vn 0.6921 -0.3230 0.6455
vn 0.9042 -0.4233 -0.0573
vn 0.6190 -0.1703 0.7667
vn 0.6132 -0.2724 0.7415
vn 0.7741 -0.3305 0.5399
vn 0.4480 -0.4192 0.7897
vn 0.6574 -0.0285 0.7530
vn 0.9378 -0.3422 0.0582
vn 0.9393 -0.3380 0.0593
vn 0.9832 -0.1828 0.0022
vn 0.9773 -0.2116 -0.0065
vn 0.7849 -0.6196 0.0052
vn 0.7712 -0.6365 -0.0038
vn 0.2870 -0.7230 0.6283
vn 0.4138 -0.9099 -0.0293
vn 0.2502 -0.6619 0.7066
vn 0.2582 -0.6288 0.7334
vn -0.4790 -0.5842 0.6552
vn -0.2760 -0.6614 0.6974
vn -0.3322 0.6311 0.7010
vn -0.6790 -0.0421 0.7330
vn -0.6971 0.2880 0.6565
vn -0.1893 0.6451 0.7403
vn 0.6709 -0.0267 0.7410
vn 0.6443 -0.2966 0.7049
vn 0.2673 0.6663 0.6961
vn 0.5271 0.5702 0.6300
vn 0.4453 -0.6489 0.6170
vn -0.6116 -0.7911 0.0081
vn -0.5928 -0.8048 0.0309
vn 0.3131 -0.9497 -0.0065
vn 0.7601 0.1791 0.6247
vn 0.9676 -0.2471 -0.0514
vn 0.3493 0.9370 0.0073
vn 0.6023 0.7980 -0.0201
vn -0.7591 0.2231 0.6115
vn -0.2624 0.7253 0.6365
vn -0.3461 0.9382 -0.0060
vn -0.9702 0.2422 -0.0093
vn 0.0443 -0.8303 0.5555
vn -0.1600 -0.9447 0.2861
vn -0.0263 0.9202 -0.3907
vn -0.1100 0.9237 -0.3671
vn -0.0999 0.9284 -0.3580
vn -0.3048 0.8765 -0.3725
vn -0.0157 0.4311 -0.9022
vn 0.1180 0.8522 -0.5097
vn 0.2149 0.6462 -0.7322
vn 0.3383 0.4955 -0.8000
vn 0.4551 0.8221 -0.3421
vn 0.2033 0.2771 -0.9391
vn -0.9310 -0.3009 0.2067
vn -0.9146 -0.4021 0.0428
vn -0.9853 0.0312 0.1682
vn -0.9885 -0.1264 0.0826
vn -0.9670 0.1247 0.2220
vn -0.8977 0.3397 0.2805
vn -0.8869 0.4548 0.0808
vn -0.8158 0.5724 0.0824
vn -0.7579 0.6414 0.1192
vn -0.7297 0.6795 0.0766
vn -0.4910 0.8706 0.0293
vn -0.6318 0.7747 -0.0252
vn -0.4730 0.8672 0.1558
vn -0.3789 0.9226 0.0721
vn -0.1931 0.9806 0.0341
vn -0.2267 0.9719 -0.0634
vn -0.0357 0.9977 0.0573
vn 0.1883 0.9818 0.0232
vn 0.0573 0.9964 0.0627
vn 0.2542 0.9587 0.1273
vn 0.4004 0.9156 -0.0379
vn 0.5193 0.8518 0.0684
vn 0.3441 0.9388 -0.0163
vn 0.6620 0.7494 -0.0077
vn 0.6117 0.7898 0.0458
vn 0.7472 0.6623 0.0561
vn 0.8332 0.5509 0.0485
vn 0.8399 0.5425 0.0139
vn 0.9000 0.4205 0.1147
vn 0.9026 0.4269 0.0560
vn 0.9568 0.2906 0.0036
vn 0.9917 0.1208 0.0438
vn 0.9859 0.1560 -0.0613
vn 0.9909 -0.1135 0.0720
vn 0.9856 -0.1637 0.0413
vn 0.9997 -0.0187 -0.0179
vn 0.9542 -0.2913 -0.0682
vn 0.8929 -0.4496 0.0260
vn 0.9010 -0.4337 0.0043
vn 0.8294 -0.5562 0.0524
vn 0.8112 -0.5833 0.0416
vn 0.7423 -0.6687 -0.0428
vn 0.6137 -0.7871 -0.0619
vn 0.6272 -0.7788 -0.0072
vn 0.3994 -0.9159 0.0392
vn 0.3447 -0.9353 0.0793
vn 0.4922 -0.8704 0.0111
vn 0.2217 -0.9712 -0.0871
vn 0.2321 -0.9716 -0.0472
vn -0.2209 -0.9751 0.0173
vn -0.2226 -0.9749 0.0007
vn -0.0811 -0.9967 0.0044
vn -0.5899 -0.8051 0.0613
vn -0.6361 -0.7676 0.0788
vn -0.5010 -0.8653 0.0162
vn -0.7281 -0.6848 -0.0303
vn -0.7227 -0.6896 -0.0462
vn -0.8966 -0.4417 0.0324
vn -0.9032 -0.4264 0.0499
vn -0.8289 -0.5589 -0.0244
vn -0.9514 -0.3037 -0.0511
vn -0.9900 -0.1358 -0.0376
vn -0.9852 -0.1716 0.0002
vn -0.9913 0.1211 0.0509
vn -0.9840 0.1602 0.0776
vn -0.9999 0.0049 0.0142
vn -0.9627 0.2703 0.0088
vn -0.9579 0.2831 -0.0473
vn -0.7328 0.6800 0.0250
vn -0.7408 0.6718 0.0030
vn -0.8230 0.5680 -0.0019
vn -0.4065 0.9113 0.0657
vn -0.3477 0.9342 0.0799
vn -0.5055 0.8626 0.0212
vn -0.2531 0.9645 -0.0754
vn -0.1000 0.9949 0.0119
vn -0.0866 0.9962 0.0059
vn 0.0393 0.9978 0.0540
vn 0.0854 0.9953 0.0462
vn 0.2079 0.9770 -0.0472
vn 0.3798 0.9242 -0.0402
vn 0.3435 0.9388 0.0257
vn 0.5962 0.8013 0.0492
vn 0.6285 0.7725 0.0907
vn 0.5016 0.8651 0.0007
vn 0.9534 0.3017 -0.0001
vn 0.9530 0.3028 -0.0006
vn 0.8971 0.4417 0.0099
vn 0.9994 0.0250 0.0237
vn 0.9990 0.0031 0.0445
vn 0.9857 0.1684 -0.0063
vn 0.9888 -0.1453 0.0341
vn 0.9585 -0.2811 -0.0474
vn 0.9627 -0.2637 -0.0611
vn 0.8518 -0.5213 0.0509
vn 0.8264 -0.5611 0.0464
vn 0.9017 -0.4322 -0.0142
vn 0.7440 -0.6662 -0.0517
vn 0.6193 -0.7851 -0.0039
vn 0.6431 -0.7651 0.0331
vn 0.4124 -0.9075 0.0800
vn 0.3616 -0.9304 0.0592
vn 0.5062 -0.8622 0.0195
vn -0.2070 -0.9783 0.0008
vn -0.2109 -0.9775 -0.0025
vn -0.0654 -0.9978 0.0076
vn -0.5725 -0.8155 0.0845
vn -0.6308 -0.7717 0.0811
vn -0.4793 -0.8776 -0.0073
vn -0.9503 -0.3109 -0.0192
vn -0.9397 -0.3418 -0.0137
vn -0.8981 -0.4397 0.0030
vn -0.9928 0.0852 0.0837
vn -0.9834 0.1562 0.0923
vn -0.9998 -0.0004 -0.0192
vn -0.8521 0.5223 0.0347
vn -0.8252 0.5637 0.0360
vn -0.9083 0.4182 -0.0024
vn -0.7636 0.6423 -0.0658
vn -0.4206 0.9039 0.0782
vn -0.3733 0.9252 0.0687
vn -0.5186 0.8549 0.0166
vn 0.0595 0.9979 0.0257
vn 0.2056 0.9779 -0.0366
vn 0.1743 0.9828 -0.0611
vn 0.5861 0.8087 0.0505
vn 0.5997 0.8002 -0.0020
vn 0.4739 0.8803 0.0230
vn 0.8811 0.4726 -0.0145
vn 0.9486 0.3160 -0.0140
vn 0.9196 0.3680 -0.1376
vn 0.9941 -0.1034 0.0327
vn 0.9902 -0.1354 -0.0343
vn 0.9991 0.0255 -0.0345
vn 0.8408 -0.5406 0.0276
vn 0.7506 -0.6597 -0.0371
vn 0.7680 -0.6369 -0.0666
vn 0.4055 -0.9132 0.0399
vn 0.4060 -0.9126 0.0488
vn 0.5562 -0.8287 -0.0619
vn -0.0128 -0.9983 0.0575
vn -0.0440 -0.9980 0.0452
vn 0.0780 -0.9962 -0.0385
vn -0.3295 -0.9441 -0.0062
vn -0.3455 -0.9381 -0.0255
vn -0.1245 -0.9544 -0.2713
vn -0.4686 -0.8830 -0.0285
vn -0.5744 -0.8176 0.0385
vn -0.5543 -0.8209 -0.1374
vn -0.8706 -0.4885 0.0576
vn -0.8883 -0.4591 -0.0160
vn -0.7757 -0.6226 -0.1030
vn -0.9959 -0.0864 0.0283
vn -0.9996 -0.0270 0.0006
vn -0.9823 -0.1859 0.0244
vn -0.9686 0.0438 -0.2447
vn -0.8587 0.5081 0.0667
vn -0.8327 0.5498 -0.0659
vn -0.9322 0.3614 -0.0202
vn -0.5604 0.8275 0.0356
vn -0.5495 0.8063 -0.2188
vn -0.6309 0.7671 -0.1160
vn -0.0131 0.9971 0.0751
vn 0.7952 0.6058 0.0264
vn 0.2889 0.2280 -0.9298
vn 0.3153 0.1433 -0.9381
vn 0.9934 0.1115 -0.0254
vn 0.3897 0.0047 -0.9209
vn 0.3273 0.0722 -0.9422
vn 0.9173 -0.3972 -0.0271
vn 0.3075 -0.1056 -0.9457
vn 0.3359 -0.0480 -0.9407
vn 0.2711 -0.1843 -0.9448
vn 0.9716 0.2143 0.1001
vn 1.0000 0.0034 0.0051
vn 0.9521 -0.3043 0.0292
vn 0.7293 -0.6840 -0.0173
vn 0.5044 -0.8630 -0.0284
vn 0.0869 -0.9929 0.0812
vn 0.0784 -0.9966 -0.0236
vn -0.0919 -0.9940 0.0598
vn -0.3970 -0.9157 -0.0618
vn -0.3515 -0.9357 -0.0315
vn -0.4939 -0.8695 -0.0059
vn -0.8229 -0.5681 -0.0034
vn -0.9581 -0.2857 0.0214
vn -0.9996 -0.0192 0.0200
vn -0.8960 0.4439 -0.0129
vn -0.9073 0.4201 -0.0182
vn -0.8365 0.5477 0.0185
vn -0.5975 0.8004 -0.0490
vn -0.6346 0.7728 -0.0008
vn -0.5128 0.8582 0.0217
vn -0.2234 0.9723 -0.0684
vn 0.2336 0.9717 -0.0335
vn 0.4950 0.8682 0.0331
vn 0.7223 0.6908 -0.0331
vn 0.7080 0.7013 -0.0826
vn 0.8192 0.5735 -0.0003
vn 0.8130 0.5822 -0.0026
vn 0.8854 0.4636 0.0344
vn 0.9912 0.1223 -0.0498
vn 0.9920 -0.1146 0.0529
vn 0.9102 -0.4141 0.0109
vn 0.7240 -0.6883 -0.0462
vn 0.5061 -0.8614 0.0438
vn 0.2292 -0.9724 -0.0430
vn 0.2546 -0.9667 -0.0272
vn 0.0950 -0.9955 0.0009
vn 0.0922 -0.9957 -0.0085
vn -0.0353 -0.9991 0.0229
vn -0.3854 -0.9221 -0.0344
vn -0.3435 -0.9391 -0.0090
vn -0.4907 -0.8708 0.0291
vn -0.7247 -0.6859 -0.0661
vn -0.6945 -0.7152 -0.0788
vn -0.8130 -0.5823 0.0016
vn -0.8117 -0.5840 -0.0046
vn -0.8906 -0.4535 0.0348
vn -0.9906 -0.1345 -0.0252
vn -0.9821 -0.1841 -0.0392
vn -0.9995 -0.0114 0.0288
vn -0.9569 0.2825 -0.0668
vn -0.9677 0.2396 -0.0786
vn -0.9145 0.4045 -0.0022
vn -0.7332 0.6795 -0.0286
vn -0.6464 0.7626 -0.0253
vn -0.6390 0.7689 -0.0231
vn -0.5120 0.8579 0.0424
vn -0.2286 0.9719 -0.0554
vn -0.2632 0.9644 -0.0252
vn -0.1056 0.9943 0.0163
vn -0.0994 0.9950 -0.0009
vn 0.0361 0.9987 0.0349
vn 0.3528 0.9357 -0.0011
vn 0.3497 0.9366 -0.0239
vn 0.4723 0.8809 0.0320
vn 0.7257 0.6855 -0.0593
vn 0.7028 0.7112 -0.0116
vn 0.8094 0.5872 0.0102
vn 0.8146 0.5798 -0.0116
vn 0.8820 0.4705 0.0254
vn 0.9859 0.1654 -0.0256
vn 0.9803 0.1971 -0.0135
vn 0.9979 0.0610 0.0238
vn 0.9581 -0.2815 -0.0528
vn 0.9687 -0.2480 -0.0120
vn 0.9161 -0.4009 0.0095
vn 0.9104 -0.4135 -0.0095
vn 0.8490 -0.5271 0.0355
vn 0.6442 -0.7647 -0.0162
vn 0.6630 -0.7483 -0.0220
vn 0.5482 -0.8362 0.0145
vn 0.2570 -0.9659 -0.0313
vn 0.3028 -0.9175 -0.2577
vn 0.1128 -0.9935 0.0154
vn -0.2043 -0.9779 -0.0438
vn -0.4686 -0.8834 0.0018
vn -0.7214 -0.6893 -0.0665
vn -0.6938 -0.7186 -0.0474
vn -0.7986 -0.6017 0.0082
vn -0.9601 -0.2675 -0.0812
vn -0.9372 -0.3343 -0.0993
vn -0.9944 0.1055 0.0065
vn -0.9594 0.2719 -0.0748
vn -0.9622 0.2649 -0.0630
vn -0.9195 0.3928 0.0168
vn -0.7290 0.6793 -0.0840
vn -0.7929 0.5903 -0.1516
vn -0.6548 0.7552 -0.0296
vn -0.4203 0.9072 -0.0165
vn -0.2479 0.9548 -0.1640
vn -0.1072 0.9938 -0.0290
vn 0.1782 0.9828 -0.0491
vn 0.3362 0.9339 -0.1218
vn 0.4452 0.8954 -0.0042
vn 0.5741 0.8141 -0.0874
vn 0.6963 0.7177 0.0043
vn 0.9518 0.2920 -0.0937
vn 0.9012 0.4332 -0.0165
vn 0.9957 -0.0850 -0.0364
vn 0.9650 -0.2578 -0.0477
vn 0.8671 -0.4979 -0.0191
vn 0.7146 -0.6718 -0.1947
vn 0.2372 -0.2758 -0.9315
vn 0.6401 -0.7680 -0.0224
vn 0.4854 -0.8712 -0.0733
vn 0.1140 -0.3002 -0.9470
vn 0.3641 -0.9311 0.0226
vn 0.1837 -0.9817 0.0511
vn 0.0646 -0.3825 -0.9217
vn 0.0273 -0.4388 -0.8982
vn -0.3516 -0.9098 0.2206
vn -0.5250 -0.8430 0.1173
vn -0.6149 -0.7766 0.1374
vn -0.6131 -0.4897 0.6199
vn -0.8243 -0.5586 0.0922
vn -0.1614 -0.4613 -0.8724
vn -0.2976 -0.9515 0.0785
vn -0.3546 -0.8764 -0.3259
vn -0.1351 -0.9885 -0.0673
vn -0.6085 -0.7825 -0.1321
vn -0.7567 -0.6022 -0.2544
vn -0.8105 -0.5033 -0.2996
vn -0.8735 -0.3610 -0.3267
vn -0.9353 -0.1741 -0.3080
vn -0.9572 0.0354 -0.2872
vn -0.9392 0.1905 -0.2856
vn 0.4204 0.6779 0.6030
vn -0.6921 0.6824 -0.2352
vn -0.4180 0.8599 -0.2930
vn -0.8098 0.5337 -0.2436
vn -0.3862 -0.7345 -0.5580
vn -0.6932 0.0094 0.7207
vn -0.3280 -0.5572 0.7629
vn -0.7444 -0.4250 0.5150
vn 0.2910 -0.6567 0.6957
vn 0.0097 -0.8268 0.5624
vn 0.6846 -0.1879 0.7043
vn 0.5765 -0.5537 0.6009
vn 0.3437 0.5593 0.7543
vn 0.8232 0.3731 0.4280
vn -0.4018 0.5871 0.7027
vn -0.2325 0.7366 0.6351
vn -0.7077 0.2876 0.6453
vn -0.0922 0.9667 0.2389
vn 0.7609 0.0822 0.6437
vn -0.4929 0.8701 -0.0041
vn -0.9606 0.2777 -0.0125
vn -0.9484 0.3170 0.0049
vn 0.1705 0.9853 -0.0032
vn -0.4735 0.8808 0.0032
vn 0.7859 0.6179 -0.0234
vn 0.1830 0.9442 -0.2738
vn 0.9958 -0.0880 -0.0243
vn 0.9931 0.1163 0.0154
vn 0.7221 -0.6913 -0.0266
vn 0.8515 -0.5239 0.0219
vn 0.0323 -0.9987 -0.0398
vn 0.3615 -0.9320 0.0252
vn -0.7940 -0.6070 -0.0328
vn -0.2993 -0.9539 0.0220
vn -0.8773 -0.4797 0.0170
vn 0.6162 0.7822 -0.0921
vn 0.2634 0.0612 -0.9627
vn 0.5543 -0.4576 -0.6952
vn 0.6570 -0.3075 -0.6883
vn -0.0617 -0.6947 -0.7166
vn 0.3287 -0.7891 -0.5190
vn -0.3661 -0.6933 -0.6208
vn -0.6206 -0.3501 -0.7016
vn -0.5991 -0.3851 -0.7019
vn -0.6290 0.3198 -0.7086
vn -0.7078 0.1432 -0.6917
vn -0.4351 0.7011 -0.5650
vn -0.1056 0.7123 -0.6939
vn 0.6854 0.0372 -0.7272
vn 0.0849 0.0356 -0.9958
vn -0.6727 -0.1007 0.7331
vn -0.2447 -0.6618 0.7086
vn -0.2871 -0.6582 0.6960
vn 0.4289 -0.5544 0.7132
vn 0.3967 -0.5710 0.7188
vn 0.6955 0.0975 0.7119
vn 0.6976 0.0458 0.7151
vn 0.3052 0.6356 0.7092
vn 0.3365 0.6137 0.7142
vn -0.3646 0.6258 0.6895
vn -0.3026 0.6290 0.7161
vn -0.8035 0.3366 0.4910
vn -0.6817 -0.5779 0.4487
vn -0.4675 0.8831 -0.0409
vn -0.9737 0.2264 -0.0262
vn -0.9004 0.4327 0.0451
vn 0.4647 0.8839 -0.0522
vn -0.0699 0.9963 0.0509
vn 0.9948 0.0950 -0.0358
vn 0.7269 0.6860 0.0302
vn 0.5837 -0.8118 -0.0145
vn 0.9981 -0.0605 0.0150
vn -0.3244 -0.9459 -0.0042
vn 0.5530 -0.8332 0.0050
vn -0.8948 -0.4461 -0.0163
vn -0.3716 -0.8653 -0.3364
vn -0.8574 -0.5100 -0.0693
vn 0.6999 0.1533 -0.6976
vn 0.5129 -0.4583 -0.7258
vn 0.7559 -0.1095 -0.6454
vn -0.0889 -0.6878 -0.7204
vn 0.3360 -0.6885 -0.6427
vn -0.6436 0.3730 -0.6683
vn -0.2377 0.0456 -0.9703
vn -0.3287 0.5521 -0.7663
vn 0.2796 0.6089 -0.7424
vn -0.0616 0.8330 -0.5499
vn 0.6329 0.5250 -0.5691
vn -0.0529 -0.0299 -0.9982
vn -0.3019 -0.6414 0.7053
vn -0.3373 -0.6157 0.7122
vn 0.4057 -0.5679 0.7161
vn 0.2260 -0.6986 0.6789
vn 0.7138 -0.0604 0.6977
vn 0.7152 -0.2973 0.6325
vn 0.4639 0.4904 0.7377
vn 0.7713 0.2827 0.5702
vn -0.1130 0.7099 0.6952
vn 0.2525 0.7832 0.5683
vn -0.8367 0.5404 0.0891
vn -0.3907 0.8608 0.3262
vn -0.6678 -0.2312 0.7075
vn -0.9680 -0.2509 -0.0035
vn -0.9696 -0.2448 0.0068
vn -0.8945 0.4466 0.0186
vn 0.3522 0.9357 -0.0216
vn -0.3339 0.9424 0.0181
vn 0.9182 0.3954 -0.0234
vn 0.5763 0.8157 0.0511
vn 0.9308 -0.3655 -0.0079
vn 0.9910 -0.1269 0.0430
vn 0.4538 -0.8910 0.0147
vn -0.4414 -0.8973 -0.0046
vn 0.4596 -0.8881 0.0049
vn -0.4623 -0.8867 0.0046
vn 0.2602 -0.0364 -0.9649
vn 0.3051 -0.6356 -0.7092
vn 0.3365 -0.6137 -0.7142
vn -0.3644 -0.6259 -0.6895
vn -0.3025 -0.6290 -0.7161
vn -0.6723 0.1006 -0.7334
vn -0.8042 -0.3370 -0.4896
vn -0.0945 0.2460 -0.9647
vn -0.2872 0.6582 -0.6959
vn 0.1600 0.2065 -0.9653
vn 0.3967 0.5709 -0.7188
vn 0.6976 -0.0458 -0.7150
vn -0.6822 0.5788 -0.4468
vn -0.6560 0.1949 0.7291
vn -0.4449 -0.5681 0.6923
vn -0.8933 -0.2981 0.3365
vn 0.3817 -0.5171 0.7661
vn 0.0494 -0.8955 0.4423
vn 0.6523 0.2091 0.7285
vn 0.9383 -0.2634 0.2241
vn 0.0221 0.7037 0.7102
vn 0.5840 0.6458 0.4919
vn -0.5866 0.5926 0.5520
vn -0.1541 0.6809 0.7160
vn -0.2144 -0.7444 0.6323
vn -0.8589 0.5117 -0.0194
vn -0.9501 -0.3119 -0.0039
vn -0.9604 -0.2784 0.0120
vn -0.0623 0.9978 -0.0222
vn -0.7907 0.6118 0.0222
vn 0.7815 0.6230 -0.0340
vn 0.0448 0.9989 0.0114
vn 0.9479 -0.3160 -0.0408
vn 0.9932 0.1147 0.0207
vn 0.3053 -0.9521 -0.0185
vn 0.8335 -0.5523 0.0178
vn -0.4595 -0.8882 -0.0035
vn 0.2580 -0.9661 0.0035
vn -0.4767 -0.8790 0.0036
vn 0.7116 0.7026 0.0039
vn 0.6219 0.2585 -0.7392
vn 0.5506 -0.4321 -0.7142
vn 0.6917 -0.2913 -0.6608
vn 0.0620 -0.7400 -0.6697
vn 0.2209 -0.7009 -0.6782
vn -0.5154 -0.4425 -0.7338
vn -0.2912 -0.7488 -0.5954
vn -0.5904 0.3658 -0.7194
vn -0.9330 -0.1257 -0.3373
vn 0.0476 0.7331 -0.6785
vn -0.0227 0.7162 -0.6975
vn 0.5226 0.6672 -0.5308
vn 0.8330 -0.1039 -0.5434
vn -0.4764 0.5111 -0.7155
vn 0.5537 -0.3197 0.7689
vn 0.9879 -0.1201 0.0978
vn 0.5602 -0.5079 0.6544
vn 0.9791 -0.1992 0.0408
vn 0.8382 0.5349 0.1061
vn 0.6171 0.7789 0.1118
vn 0.0042 0.9976 0.0692
vn -0.3054 0.5537 0.7747
vn 0.6435 -0.7654 0.0073
vn -0.3527 0.9352 0.0324
vn 0.2078 0.9773 -0.0404
vn 0.5330 0.8444 0.0532
vn 0.9187 0.3908 -0.0577
vn 0.9989 0.0314 0.0335
vn 0.8132 -0.5809 -0.0362
vn -0.1254 0.9921 -0.0031
vn 0.9239 0.3804 0.0414
vn 0.2593 0.9639 -0.0602
vn -0.4386 0.0432 -0.8976
vn -0.1889 -0.5042 -0.8427
vn -0.9978 0.0581 -0.0305
vn 0.7155 -0.6978 0.0335
vn -0.0875 -0.9954 -0.0398
vn 0.9476 -0.3139 -0.0591
vn -0.9970 -0.0600 0.0488
vn -0.9730 0.1700 0.1563
vn -0.6746 0.3911 0.6260
vn -0.7979 -0.5979 0.0767
vn -0.6779 -0.7351 -0.0059
vn -0.5943 -0.8038 -0.0282
vn -0.4546 -0.8902 -0.0296
vn -0.9611 -0.2723 0.0470
vn -0.9505 0.3034 -0.0669
vn -0.6757 0.7372 0.0015
vn -0.3189 0.6020 0.7321
vn -0.4618 0.8840 0.0724
vn -0.0741 0.3443 -0.9359
vn 0.4022 -0.0534 -0.9140
vn 0.6172 0.7848 -0.0562
vn -0.9642 -0.2652 0.0082
vn -0.8653 -0.5007 -0.0252
vn -0.0418 -0.9986 0.0314
vn 0.7183 -0.6871 -0.1090
vn -0.6531 0.7573 0.0005
vn -0.0022 0.0040 1.0000
vn -0.0030 0.0013 1.0000
vn -0.1288 0.1616 0.9784
vn 0.0001 0.3779 0.9258
vn 0.0024 0.0065 1.0000
vn -0.0071 0.0036 1.0000
vn 0.1982 0.1744 0.9645
vn 0.2607 0.0078 0.9654
vn 0.0116 0.0051 0.9999
vn 0.0262 -0.0014 0.9997
vn 0.3690 -0.4890 0.7904
vn -0.2766 0.0073 0.9610
vn -0.0009 -0.0069 1.0000
vn -0.4138 -0.3477 0.8413
vn -0.0058 0.0029 1.0000
vn -0.0062 -0.0040 1.0000
vn -0.0070 0.0036 1.0000
vn -0.0297 -0.2448 0.9691
vn -0.1380 -0.9387 0.3160
vn -0.9420 0.0750 0.3270
vn -0.0469 -0.5843 -0.8102
vn -0.6969 -0.6417 -0.3204
vn -0.4893 0.7497 0.4456
vn -0.5238 0.0185 -0.8517
vn -0.2203 -0.1402 -0.9653
vn 0.4287 -0.4493 -0.7838
vn 0.8925 -0.0905 0.4419
vn -0.7030 0.5939 -0.3913
vn 0.0152 0.9615 0.2743
vn 0.9187 0.0141 -0.3948
vn 0.6881 0.6055 0.3998
vn -0.0506 0.2145 -0.9754
vn 0.0529 0.8908 -0.4514
vn 0.7470 0.5524 -0.3699
vn 0.0084 0.2728 -0.9620
vn -0.0001 -0.0016 -1.0000
vn -0.0000 -0.0000 -1.0000
vn -0.0002 -0.0004 -1.0000
vn 0.1674 0.2002 -0.9653
vn 0.0012 -0.0001 -1.0000
vn 0.0002 -0.0000 -1.0000
vn -0.0000 -0.0002 -1.0000
vn -0.0002 0.0001 -1.0000
vn 0.0035 -0.0002 -1.0000
vn -0.0000 -0.0001 -1.0000
vn 0.0062 -0.0235 -0.9997
vn -0.0003 -0.0006 -1.0000
vn -0.0005 0.0002 -1.0000
vn -0.0244 0.0086 -0.9997
vn 0.2112 -0.0149 -0.9773
vn 0.0001 0.0004 -1.0000
vn -0.0103 0.0001 -0.9999
vn -0.0005 0.0014 -1.0000
vn 0.0005 -0.0000 -1.0000
vn 0.0010 0.0007 -1.0000
vn -0.0002 0.0038 -1.0000
vn -0.0013 0.0014 -1.0000
vn 0.0058 0.0011 -1.0000
vn 0.0055 0.0024 -1.0000
vn 0.0067 0.0075 0.9999
vn 0.0091 -0.0279 0.9996
vn 0.0057 -0.0102 0.9999
vn -0.0096 -0.0164 0.9998
vn 0.0030 0.0034 1.0000
vn -0.0033 0.0044 1.0000
vn -0.0017 0.0313 0.9995
vn -0.0040 0.0002 1.0000
vn -0.0030 -0.0057 1.0000
vn 0.0033 -0.0055 1.0000
vn -0.0102 0.0015 0.9999
vn -0.0142 0.0005 0.9999
vn -0.0020 0.0153 0.9999
vn 0.0022 -0.0386 0.9993
vn -0.0033 0.0242 0.9997
vn 0.0059 0.0087 0.9999
vn 0.0019 0.0037 1.0000
vn -0.0023 0.0037 1.0000
vn -0.0017 0.0033 1.0000
vn 0.0032 -0.0013 1.0000
vn 0.0019 0.0039 1.0000
vn 0.0209 0.0312 0.9993
vn 0.0137 0.0039 0.9999
vn -0.0030 -0.0011 1.0000
vn 0.3912 0.7506 0.5326
vn 0.2498 0.7701 -0.5870
vn 0.5796 0.5912 -0.5609
vn 0.7786 -0.3701 0.5068
vn 0.7295 -0.3340 -0.5969
vn 0.6370 -0.5287 0.5609
vn 0.5450 -0.0106 0.8384
vn 1.0000 -0.0053 0.0005
vn -0.2902 0.4516 0.8437
vn -0.5257 0.8426 -0.1167
vn -0.1936 0.9681 0.1590
vn -0.2948 -0.4517 0.8421
vn -0.5853 -0.6635 -0.4661
vn -0.8205 -0.5180 -0.2417
vn -0.4901 -0.3195 0.8110
vn -0.7763 -0.2068 -0.5955
vn 0.0161 -0.1072 0.9941
vn 0.0862 0.8979 0.4317
vn 0.0137 -0.0395 0.9991
vn 0.3017 -0.2040 0.9313
vn -0.8461 0.4663 0.2583
vn -0.3657 -0.1123 0.9239
vn 0.8955 0.4436 0.0363
vn -0.0641 0.0584 0.9962
vn -0.1010 0.3512 0.9308
vn 0.2966 -0.6710 0.6796
vn -0.0056 -0.8174 0.5761
vn 0.4690 -0.0301 0.8827
vn -0.8138 -0.1248 0.5676
vn -0.8458 0.2581 0.4670
vn 0.2974 -0.4343 0.8503
vn -0.5114 0.0446 0.8582
vn -0.2227 0.3309 0.9170
vn 0.0865 0.2018 0.9756
vn 0.3369 0.5233 0.7827
vn 0.4476 0.2216 0.8663
vn -0.4453 -0.8347 0.3240
vn -0.2658 -0.2842 0.9212
vn -0.8628 0.3558 0.3591
vn 0.6766 0.6790 0.2849
vn 0.9353 0.1921 0.2970
vn 0.4327 -0.8838 -0.1778
vn 0.1536 -0.9861 0.0638
vn -0.7060 -0.6490 -0.2837
vn -0.7659 -0.4892 0.4173
vn -0.5125 0.8363 -0.1945
vn -0.3860 0.9045 -0.1813
vn -0.1550 0.9690 -0.1926
vn 0.0496 0.9706 0.2355
vn 0.9558 -0.1378 -0.2599
vn 0.8757 -0.3963 0.2757
vn -0.1474 -0.9711 0.1877
vn 0.3546 0.8962 -0.2668
vn 0.8641 0.4068 -0.2965
vn -0.8577 -0.3608 -0.3664
vn -1.0000 -0.0002 0.0030
vn -0.7662 0.4877 -0.4184
vn -0.7282 0.6492 0.2196
vn -0.4619 0.1376 -0.8762
vn 0.3775 0.3648 -0.8511
vn 0.4785 -0.2220 -0.8496
vn 0.6942 -0.6754 -0.2486
vn 0.0487 0.4682 -0.8823
vn 0.5256 0.0688 -0.8479
vn -0.0748 -0.3601 -0.9299
vn -0.2629 -0.4894 -0.8315
vn -0.2584 0.2598 -0.9304
vn 0.0942 -0.4526 -0.8867
vn 0.0030 -0.0246 -0.9997
vn -0.5172 -0.0425 -0.8548
vn -0.0359 0.0358 -0.9987
vn -0.0186 0.0385 -0.9991
vn 0.0217 -0.0172 -0.9996
vn -0.5968 0.0714 -0.7992
vn -0.5250 0.3417 -0.7795
vn -0.0829 0.5243 -0.8475
vn 0.5433 0.0027 -0.8396
vn 0.4387 -0.5756 -0.6901
vn -0.2702 -0.6433 -0.7163
vn -0.3823 -0.9205 0.0814
vn 0.5147 -0.8521 -0.0944
vn 0.0860 -0.8551 -0.5113
vn 0.5822 0.4017 0.7069
vn -0.6613 0.6301 0.4069
vn -0.6424 0.7273 -0.2417
vn -0.6924 -0.3139 0.6497
vn -0.6307 0.2871 -0.7210
vn -0.6393 -0.3809 -0.6680
vn -0.6772 -0.6718 0.3002
vn -0.4494 -0.8808 -0.1490
vn -0.4441 0.2270 0.8667
vn -0.0124 -0.8622 0.5065
vn 0.0132 -0.1142 0.9934
vn -0.0264 0.7844 0.6198
vn -0.0512 0.9771 -0.2065
vn -0.0323 0.2793 -0.9597
vn 0.0248 -0.8142 -0.5800
vn 0.9905 0.1084 0.0849
vn 0.9953 0.0033 0.0963
vn -0.0839 0.7140 0.6951
vn 0.9948 -0.0928 0.0422
vn 0.9943 -0.0899 -0.0572
vn -0.1179 -0.9923 -0.0368
vn -0.2152 -0.5291 0.8208
vn 0.9928 0.0345 -0.1145
vn -0.0506 0.4288 -0.9020
vn -0.4189 -0.3197 -0.8499
vn -0.1134 0.8286 -0.5483
vn 0.9937 0.1112 -0.0129
vn -0.9997 0.0262 -0.0018
vn -0.9997 0.0143 -0.0220
vn -0.9996 -0.0260 0.0081
vn -0.9997 -0.0140 0.0210
vn -0.9997 0.0016 0.0251
vn -0.9997 -0.0075 -0.0233
vn -0.9996 0.0199 0.0215
vn -0.9996 -0.0233 -0.0149
vn 0.1912 0.6246 -0.7572
vn -0.1802 0.8991 -0.3989
vn -0.2174 0.2210 -0.9507
vn 0.4112 -0.2357 -0.8805
vn -0.1920 -0.6734 -0.7139
vn 0.2017 -0.9092 -0.3642
vn 0.0163 -0.9917 0.1274
vn 0.0103 -0.9538 0.3002
vn -0.0067 -0.6269 0.7790
vn -0.0039 -0.5178 0.8555
vn 0.0083 0.0224 0.9997
vn 0.0397 0.1577 0.9867
vn -0.1985 0.8011 0.5647
vn 0.2907 0.9556 0.0480
vn 0.0238 0.5657 0.8243
vn 1.0000 -0.0000 -0.0000
vn -0.0117 -0.8585 0.5126
vn -0.9654 0.2244 -0.1330
vn -0.8824 0.4246 0.2025
vn -0.9765 -0.0578 -0.2076
vn -0.0097 -0.0195 0.9998
vn -0.9666 -0.2166 -0.1374
vn 0.1794 -0.7255 0.6644
vn -0.0046 0.8075 0.5899
vn -0.2713 0.3735 -0.8871
vn -0.9504 -0.2621 -0.1677
vn -0.0004 0.9639 -0.2663
vn -0.8727 0.2073 0.4420
vn -0.0097 0.2835 -0.9589
vn -0.9642 0.2287 0.1342
vn -0.0167 -0.8067 -0.5907
vn -0.9391 0.0244 0.3427
vn 0.1700 0.3859 0.9067
vn -0.2114 -0.4020 0.8909
vn -0.7640 -0.5064 0.3999
vn -0.3107 -0.9426 -0.1225
vn -0.4175 -0.5197 -0.7454
vn 0.4857 0.0584 -0.8722
vn -0.3264 0.5598 -0.7616
vn -0.4309 0.8896 -0.1516
vn -0.7782 0.5465 0.3094
vn -0.9726 0.2312 -0.0236
vn -0.9617 0.0155 0.2735
vn -0.9465 -0.3210 -0.0322
vn -0.9527 -0.1978 -0.2307
vn -0.9624 0.2164 -0.1644
vn -0.9352 -0.2208 0.2770
vn -0.6519 -0.2356 0.7208
vn -0.8690 0.0919 0.4863
vn -0.8474 -0.1748 0.5013
vn -0.8863 -0.0873 0.4548
vn -0.6393 -0.7178 0.2757
vn -0.6833 -0.5752 0.4497
vn -0.4832 -0.5615 0.6717
vn -0.2834 0.1673 0.9443
vn 0.4533 -0.7275 0.5151
vn 0.4932 -0.4628 0.7366
vn 0.4365 -0.2231 0.8716
vn 0.7054 -0.0122 0.7087
vn 0.3958 0.3299 0.8570
vn -0.3105 0.0578 0.9488
vn -0.1482 -0.9643 0.2193
vn -0.2160 -0.1175 0.9693
vn 0.6296 -0.7492 0.2058
vn 0.8163 -0.3962 0.4204
vn 0.2781 -0.9603 -0.0218
vn 0.9889 -0.1482 -0.0061
vn 0.9097 -0.1163 0.3987
vn 0.9841 -0.1704 0.0511
vn 0.2090 0.0207 0.9777
vn -0.0802 -0.7196 0.6898
vn -0.3098 -0.8331 0.4583
vn -0.3761 -0.6517 0.6587
vn -0.2952 0.1084 0.9493
vn 0.3982 0.1026 0.9115
vn 0.4418 0.1640 0.8820
vn 0.2987 -0.6247 0.7215
vn 0.8699 -0.1544 0.4685
vn 0.1406 -0.5572 0.8184
vn 0.0623 -0.9790 0.1940
vn 0.9146 -0.3086 0.2614
vn 0.3323 -0.7863 0.5209
vn 0.8450 -0.0352 0.5337
vn 0.6479 -0.7400 0.1806
vn 0.9997 -0.0160 0.0159
vn 0.9999 -0.0155 0.0066
vn 0.9998 -0.0162 0.0068
vn 0.9993 -0.0369 0.0114
vn 0.9998 -0.0202 0.0051
vn 0.9994 -0.0332 0.0119
vn 0.9997 -0.0217 0.0088
vn 0.2509 -0.9492 -0.1898
vn 0.8419 -0.3870 0.3761
vn 0.5844 -0.7749 0.2407
vn 0.0547 -0.7148 0.6972
vn 0.0188 -0.9645 -0.2635
vn 0.6690 -0.6677 -0.3265
vn 0.0426 -0.5138 -0.8568
vn 0.6568 -0.3414 -0.6723
vn 0.0112 0.1111 -0.9937
vn 0.4485 0.5142 -0.7310
vn 0.0324 0.8787 -0.4762
vn 0.6714 0.7275 0.1410
vn 0.6648 0.7244 -0.1827
vn 0.4423 0.6286 0.6397
vn -0.0323 0.9201 0.3904
vn 0.6816 0.2193 0.6981
vn 0.0032 0.2040 0.9790
vn 0.6410 -0.2536 0.7244
vn 0.6964 0.0936 -0.7115
vn 0.7451 -0.1344 0.6532
vn 0.3226 -0.3465 0.8808
vn 0.6559 0.0684 0.7517
vn 0.5380 0.0172 0.8428
vn 0.2109 -0.6424 0.7368
vn 0.6644 -0.2889 0.6893
vn 0.2576 -0.8365 0.4836
vn 0.8125 -0.1028 0.5739
vn 0.7250 -0.1759 0.6659
vn 0.6405 -0.6181 0.4557
vn 0.9575 0.2047 -0.2033
vn 0.9729 0.2290 0.0317
vn 0.7829 -0.0060 -0.6221
vn 0.9654 -0.1166 -0.2332
vn 0.7018 -0.0294 0.7118
vn 0.9756 -0.1604 0.1496
vn 0.7562 0.4617 0.4637
vn 0.9620 -0.0077 0.2730
vn 0.9553 -0.2949 -0.0179
vn 0.3754 -0.5425 0.7515
vn 0.2788 -0.0507 0.9590
vn 0.4013 0.2554 0.8796
vn -0.4779 0.1548 0.8647
vn -0.4802 -0.1586 0.8627
vn -0.4577 -0.4841 0.7458
vn -0.2578 -0.8489 0.4614
vn 0.0606 -0.7762 0.6275
vn 0.2767 0.7287 -0.6265
vn 0.2822 -0.3467 0.8945
vn 0.2287 0.2059 0.9515
vn 0.3352 0.9421 0.0080
vn 0.3539 -0.8687 0.3466
vn 0.2197 -0.8747 -0.4321
vn 0.4007 -0.4599 -0.7924
vn -0.2598 0.9014 -0.3464
vn -0.3228 0.5246 -0.7878
vn 0.2930 0.1540 -0.9436
vn -0.3361 -0.4090 -0.8484
vn -0.2877 -0.9104 0.2974
vn -0.3922 -0.4733 0.7888
vn -0.1454 -0.2400 0.9598
vn -0.4996 0.1821 0.8469
vn -0.2465 0.5461 0.8006
vn -0.3392 0.8595 0.3824
vn -0.3842 0.9220 0.0480
vn 0.2135 -0.8594 -0.4647
vn -0.9550 0.2959 -0.0202
vn -0.9529 0.2360 -0.1903
vn -0.9716 0.0304 0.2346
vn -0.9631 -0.2692 0.0032
vn -0.9533 -0.2297 0.1962
vn -0.9574 -0.1687 -0.2344
vn -0.9495 0.2272 0.2163
vn -0.6421 -0.7384 0.2059
vn -0.8478 -0.4360 0.3021
vn -0.9411 0.2982 0.1596
vn -0.4140 -0.8928 0.1774
vn -0.9354 0.0577 0.3488
vn -0.8635 -0.2150 0.4562
vn -0.9422 0.0594 0.3299
vn -0.3232 0.2624 0.9092
vn -0.2178 -0.0297 0.9755
vn -0.8862 -0.3292 0.3260
vn -0.7743 -0.1198 0.6213
vn -0.1758 -0.5941 0.7850
vn -0.5599 0.0143 0.8285
vn -0.1353 -0.6996 0.7016
vn -0.3566 -0.0589 0.9324
vn 0.1384 -0.0820 0.9870
vn -0.0618 -0.0251 0.9978
vn 0.4577 0.7684 0.4473
vn 0.1207 0.7411 0.6604
vn -0.1720 0.8231 0.5412
vn -0.5964 0.6188 0.5114
vn -0.2002 0.9769 -0.0749
vn 0.1153 0.9914 -0.0623
vn -0.7573 0.6068 0.2414
vn -0.3225 0.8952 -0.3076
vn 0.7666 0.5274 0.3663
vn 0.3594 0.9070 -0.2193
vn 0.8816 0.4632 -0.0910
vn 0.4426 -0.7469 0.4962
vn 0.8958 -0.3640 0.2549
vn 0.4068 0.7659 -0.4979
vn 0.8853 0.1774 -0.4299
vn 0.8585 -0.5107 0.0472
vn 0.6057 -0.0830 -0.7913
vn 0.2670 0.6439 -0.7170
vn 0.0842 0.0887 -0.9925
vn 0.4523 -0.8805 0.1420
vn 0.6338 -0.6339 -0.4433
vn 0.1748 -0.6433 -0.7454
vn -0.2600 0.0359 -0.9649
vn -0.3015 0.6485 -0.6990
vn -0.4670 0.6718 -0.5750
vn -0.9158 0.2767 -0.2912
vn -0.8973 0.4414 0.0039
vn -0.7553 -0.0759 0.6510
vn -0.7585 -0.0985 0.6441
vn -0.7463 -0.0001 -0.6656
vn -0.1253 -0.7819 -0.6107
vn -0.8661 -0.4952 -0.0675
vn -0.9308 -0.1660 0.3258
vn -0.3466 -0.8375 0.4224
vn -0.5184 -0.7313 0.4432
vn -0.4415 -0.8852 0.1468
vn -0.2501 -0.9671 -0.0475
vn -0.5354 -0.6542 -0.5342
vn 0.0142 -0.9838 0.1789
vn 0.2210 -0.9611 -0.1659
vn -0.1892 -0.9672 -0.1693
vn -0.0600 -0.9877 0.1442
vn -0.9995 -0.0299 0.0079
vn -0.0000 -0.9063 0.4227
vn 0.0001 -0.4416 -0.8972
vn -0.0000 -0.4414 -0.8973
vn 0.9995 -0.0299 0.0080
vn -0.8069 0.1050 0.5812
vn -0.5890 -0.7920 -0.1607
vn -0.4005 -0.7558 0.5181
vn -0.3650 -0.9147 -0.1736
vn -0.9565 -0.2867 -0.0537
vn -0.8478 -0.5206 -0.1012
vn -0.1813 0.5791 0.7948
vn -0.0452 -0.1921 0.9803
vn -0.4590 0.3501 -0.8166
vn -0.6826 0.6586 -0.3168
vn -0.9846 0.1183 -0.1286
vn -0.0933 0.1912 -0.9771
vn -0.5177 0.1543 -0.8416
vn 0.0117 -0.0065 -0.9999
vn 0.2341 0.8030 -0.5481
vn -0.0504 0.1960 -0.9793
vn -0.0432 0.1909 -0.9807
vn -0.0430 0.1896 -0.9809
vn 0.4401 0.8750 0.2017
vn 0.9494 0.2630 0.1718
vn 0.4076 0.8655 0.2911
vn 0.8959 0.0804 0.4370
vn 0.6896 0.5742 0.4412
vn 0.0510 0.9373 -0.3447
vn 0.0773 0.9771 0.1980
vn 0.7629 0.5998 0.2414
vn 0.4499 0.8420 -0.2977
vn 0.8398 0.3575 0.4085
vn 0.7830 0.5674 0.2548
vn 0.8925 0.1083 0.4379
vn 0.7406 0.4693 0.4809
vn 0.9160 0.3983 -0.0483
vn 0.8455 0.4116 0.3402
vn 0.6407 -0.7652 -0.0629
vn 0.8079 0.4040 -0.4291
vn 0.2421 0.0442 -0.9692
vn 0.6703 0.2519 -0.6980
vn 0.6579 0.3975 -0.6396
vn 0.0345 -0.5170 -0.8553
vn 0.4135 -0.1814 -0.8923
vn 0.6723 -0.5297 -0.5171
vn 0.0477 -0.8757 -0.4806
vn 0.7003 -0.6489 -0.2976
vn 0.0465 0.3128 -0.9487
vn 0.0544 -0.1034 -0.9932
vn 0.3836 0.2016 -0.9013
vn 0.6244 -0.7710 -0.1251
vn 0.7304 0.5970 -0.3318
vn 0.9242 0.2148 -0.3158
vn 0.5655 0.7350 0.3743
vn 0.8584 0.4909 -0.1489
vn 0.3635 0.8864 -0.2865
vn 0.9025 0.4306 -0.0099
vn 0.3444 -0.8036 -0.4855
vn 0.0091 -0.8576 -0.5142
vn 0.9463 -0.2751 -0.1700
vn 0.8955 -0.3640 -0.2561
vn 0.2933 -0.8495 -0.4385
vn -1.0000 -0.0008 0.0006
vn -1.0000 -0.0001 0.0005
vn -1.0000 0.0001 -0.0006
vn -1.0000 -0.0001 -0.0010
vn -1.0000 0.0006 -0.0005
vn -1.0000 -0.0001 0.0007
vn -0.9999 -0.0169 -0.0030
vn -1.0000 0.0019 0.0007
vn -1.0000 0.0004 0.0010
vn -1.0000 -0.0000 -0.0004
vn -1.0000 -0.0006 -0.0009
vn -1.0000 -0.0011 -0.0011
vn -1.0000 0.0003 0.0001
vn -0.7791 -0.1366 -0.6119
vn -0.3199 -0.5431 -0.7764
vn -1.0000 -0.0000 -0.0001
vn 0.0250 -0.3838 -0.9231
vn -0.7490 -0.5150 -0.4170
vn -0.7115 -0.6730 -0.2019
vn -0.7083 -0.1402 -0.6918
vn -0.7475 0.3022 -0.5916
vn -0.6785 0.5634 -0.4714
vn -0.7098 0.6889 -0.1465
vn -0.6447 0.7466 0.1642
vn -0.7471 0.4967 0.4418
vn -0.6526 0.2307 0.7217
vn -0.7507 -0.0824 0.6554
vn -0.7143 -0.5358 0.4502
vn -0.7385 -0.6692 0.0821
vn -0.7002 -0.4343 0.5666
vn -0.6408 -0.2074 -0.7391
vn -1.0000 -0.0017 -0.0011
vn -1.0000 -0.0012 0.0001
vn -1.0000 -0.0019 -0.0044
vn -1.0000 -0.0008 0.0018
vn -1.0000 -0.0000 0.0044
vn -1.0000 0.0012 0.0054
vn -1.0000 -0.0013 -0.0055
vn -1.0000 0.0021 -0.0009
vn -1.0000 0.0020 0.0011
vn -1.0000 0.0019 -0.0028
vn -1.0000 0.0008 -0.0053
vn -1.0000 0.0018 0.0043
vn 0.0251 0.6179 0.7859
vn 0.0407 0.9863 -0.1598
vn -0.9187 0.3303 0.2165
vn 0.0344 -0.3425 0.9389
vn -0.7803 -0.3261 0.5337
vn 0.0591 -0.9947 0.0837
vn -0.6528 0.0811 0.7532
vn 0.0466 -0.5391 -0.8410
vn -0.8935 -0.3533 -0.2772
vn 0.0439 0.3508 -0.9354
vn -0.9295 0.1644 -0.3303
vn -0.9333 0.1305 -0.3345
vn -0.9791 -0.0595 0.1943
vn -0.0098 0.9874 0.1578
vn -0.0099 0.6718 -0.7407
vn -0.0090 -0.3618 -0.9322
vn -0.0075 -0.9998 0.0180
vn -0.0090 -0.4520 0.8920
vn -0.0100 0.4391 0.8984
vn -0.0218 -0.9776 0.2091
vn -0.0171 -0.9995 0.0260
vn -0.2119 -0.7301 0.6496
vn 0.1589 -0.4013 0.9020
vn -0.2838 0.0262 0.9585
vn 0.0558 0.4380 0.8973
vn -0.0915 0.6981 0.7101
vn 0.0355 0.9567 0.2888
vn 0.0234 0.9879 0.1535
vn -0.0293 0.8985 -0.4380
vn 0.2953 0.5586 -0.7751
vn -0.1590 0.1785 -0.9710
vn 0.2119 -0.2355 -0.9485
vn 0.0221 -0.6887 -0.7247
vn 0.0171 -0.8100 -0.5862
vn -0.0526 0.9486 -0.3120
vn -0.9997 0.0234 -0.0108
vn -0.9997 0.0118 -0.0195
vn -0.2806 0.8725 -0.4000
vn -0.9996 -0.0014 -0.0270
vn -0.1893 -0.1286 -0.9735
vn -0.9997 -0.0259 0.0048
vn -0.3648 -0.5304 0.7652
vn -0.1419 -0.9850 -0.0983
vn -0.9997 -0.0105 0.0235
vn -0.9996 0.0133 0.0233
vn -0.3175 0.6068 0.7287
vn -0.9996 0.0269 0.0087
vn -0.9996 -0.0233 -0.0179
vn -0.1773 -0.2621 -0.9486
vn -0.0504 0.9970 0.0588
vn 0.9933 -0.1068 0.0433
vn 0.9946 -0.0787 -0.0677
vn 0.9919 0.0595 -0.1127
vn 0.9953 0.0036 0.0964
vn 0.9930 0.1140 0.0315
vn 0.0484 0.9850 -0.1655
vn 0.0965 0.9744 0.2032
vn 0.0027 0.4793 -0.8776
vn -0.4042 -0.4275 -0.8086
vn 0.0199 -0.7889 -0.6142
vn -0.6539 -0.7423 -0.1464
vn 0.0419 -0.8971 0.4398
vn -0.4469 -0.7752 0.4464
vn 0.0077 0.0439 0.9990
vn 0.1028 0.7087 0.6979
vn -0.0186 -0.2335 0.9722
vn -0.6428 0.0046 -0.7660
vn -0.6489 0.5973 -0.4714
vn -0.8153 0.3492 0.4618
vn -0.7921 0.5720 0.2130
vn -0.7960 -0.2659 0.5437
vn -0.7819 0.6204 -0.0613
vn -0.7476 0.0295 0.6635
vn 0.0698 -0.5663 -0.8213
vn -0.0408 -0.6316 -0.7742
vn -0.0275 -0.9376 -0.3465
vn 0.0330 -0.8595 -0.5101
vn -0.0050 -0.2089 -0.9779
vn 0.8960 -0.4432 -0.0281
vn 0.4636 -0.8856 -0.0284
vn 0.9922 0.0982 -0.0767
vn 0.9992 -0.0253 0.0323
vn 0.9129 -0.3861 0.1321
vn 0.8990 0.4358 0.0429
vn 0.9011 -0.0195 0.4332
vn 0.8752 0.1250 -0.4673
vn 0.8921 0.3142 -0.3247
vn 0.7111 0.5950 -0.3746
vn 0.6182 -0.3076 -0.7234
vn 0.9212 0.3525 0.1646
vn 0.4696 0.8178 0.3327
vn 0.2134 0.9770 0.0045
vn 0.4768 0.8609 -0.1773
vn 0.5644 0.8254 -0.0105
vn 0.5686 0.8160 0.1045
vn 0.0882 0.8691 0.4867
vn 0.1176 0.9913 -0.0586
vn 0.7325 -0.6782 -0.0596
vn 0.9955 -0.0948 0.0070
vn 0.9969 -0.0678 -0.0394
vn 0.7413 -0.4717 -0.4775
vn 0.7455 -0.0695 -0.6628
vn 0.7587 -0.5547 0.3415
vn 0.7432 0.5325 -0.4050
vn 0.7803 -0.3080 0.5443
vn 0.7725 0.6348 0.0135
vn 0.7755 0.1351 0.6167
vn 0.1892 0.5943 -0.7817
vn 0.3122 0.5526 -0.7728
vn 0.6343 0.4984 0.5910
vn 0.7432 -0.4948 0.4504
vn 0.4569 0.7356 -0.5000
vn 0.3765 0.9164 -0.1358
vn 0.3733 0.4424 -0.8155
vn 0.4565 -0.4598 0.7617
vn 0.3941 0.2952 0.8704
vn 0.6579 -0.5002 0.5630
vn 0.8343 -0.4263 0.3496
vn 0.9603 -0.2399 0.1421
vn 0.3587 -0.1639 0.9190
vn 0.3941 0.8244 0.4063
vn 0.6245 -0.7520 0.2110
vn 0.2376 0.7384 -0.6312
vn 0.7915 0.5225 -0.3170
vn 0.4009 0.4947 0.7711
vn 0.9542 0.2070 0.2161
vn 0.6786 0.5448 0.4927
vn 0.7854 0.6189 -0.0101
vn -0.4445 0.7973 0.4084
vn 0.7324 -0.5435 0.4100
vn 0.5539 -0.2521 0.7935
vn 0.2302 0.6554 0.7193
vn 0.3639 0.0475 0.9302
vn 0.4420 0.8944 -0.0692
vn 0.5318 -0.8159 0.2268
vn 0.7746 0.1363 0.6176
vn 0.4032 0.8058 0.4336
vn 0.6428 0.6364 0.4263
vn 0.9116 0.0829 0.4026
vn 0.9218 0.3490 0.1689
vn 0.9932 -0.0203 0.1144
vn 0.8394 -0.0212 0.5431
vn 0.8394 -0.3170 0.4416
vn 0.9690 -0.2465 0.0174
vn 0.2956 -0.9496 -0.1039
vn 0.7270 -0.6731 -0.1355
vn -0.4958 0.7606 0.4192
vn -0.4306 0.3515 -0.8313
vn 0.4636 0.4962 0.7341
vn 0.6756 -0.0180 0.7370
vn 0.6128 -0.4548 0.6463
vn 0.6209 -0.7630 0.1798
vn 0.6493 -0.6942 -0.3106
vn 0.4496 -0.5078 -0.7348
vn 0.6603 -0.0809 -0.7466
vn 0.6665 0.4136 -0.6203
vn 0.6018 0.7651 -0.2290
vn 0.6905 0.6842 0.2347
vn 0.6985 -0.6717 0.2468
vn 0.3440 -0.9356 0.0799
vn 0.7453 -0.4881 0.4542
vn 0.3904 -0.7851 0.4809
vn 0.8215 -0.3905 0.4155
vn 0.8187 -0.0627 0.5708
vn 0.8242 -0.4577 0.3334
vn 0.7850 -0.6124 -0.0935
vn 0.8024 -0.5845 0.1205
vn 0.6528 0.4885 0.5790
vn 0.7141 0.1289 0.6880
vn 0.7932 -0.3529 -0.4962
vn 0.6868 -0.0910 0.7212
vn 0.8432 0.1735 -0.5089
vn 0.8532 0.5193 0.0497
vn 0.7246 0.6822 -0.0975
vn 0.8353 0.5142 0.1947
vn 0.8479 -0.4710 -0.2434
vn 0.8713 -0.1301 -0.4732
vn 0.7323 -0.2386 0.6378
vn 0.6240 -0.4489 0.6396
vn 0.8097 0.3108 -0.4978
vn 0.8082 0.5409 -0.2328
vn 0.8281 0.3996 0.3932
vn 0.7910 0.1870 0.5826
vn 0.0029 -0.0065 1.0000
vn -0.2225 -0.3108 0.9241
vn 0.9435 0.2624 -0.2023
vn 0.5118 -0.2968 0.8062
vn 0.9435 -0.0867 0.3198
vn 0.9794 0.0968 0.1771
vn 0.8082 0.3872 0.4437
vn 0.9809 -0.1888 -0.0479
vn 0.9023 -0.2614 -0.3429
vn 0.8720 0.2243 -0.4352
vn 0.9677 0.0942 -0.2340
vn 0.8882 -0.2125 -0.4073
vn -0.0502 -0.8564 -0.5139
vn -0.0310 -0.2450 -0.9690
vn -0.0362 0.4508 -0.8919
vn 0.0187 0.9114 -0.4110
vn 0.0256 0.9627 0.2692
vn -0.1261 0.4108 0.9030
vn -0.0655 -0.6322 0.7720
vn 0.0320 -0.9558 0.2924
vn 0.1602 -0.1610 0.9739
vn -0.0445 0.6465 -0.7616
vn -0.0599 0.9035 0.4245
vn 0.0178 0.7674 -0.6409
vn 0.0292 -0.2925 -0.9558
vn -0.0317 -0.3415 -0.9393
vn -0.0434 -0.9945 -0.0949
vn -0.0880 -0.2739 0.9577
vn 0.0271 -0.6955 0.7180
vn 0.0274 0.2310 0.9726
vn 0.0197 0.9410 0.3379
vn 0.0294 -0.9812 -0.1909
vn -1.0000 -0.0000 -0.0000
vn 0.5641 -0.6566 0.5006
vn -0.0046 -0.9862 0.1655
vn -0.0139 -0.7645 -0.6444
vn 0.8145 -0.3769 -0.4411
vn -0.0259 -0.1203 -0.9924
vn -0.0293 0.6097 -0.7921
vn 0.9154 0.2015 -0.3485
vn -0.0411 0.9964 -0.0735
vn 0.7069 0.1492 0.6914
vn -0.0400 0.7615 0.6469
vn 0.8538 0.5139 0.0827
vn -0.0478 0.0839 0.9953
vn 0.5827 -0.8102 -0.0632
vn -0.0126 -0.6350 0.7724
vn -0.4681 0.3088 0.8279
vn 0.0031 0.0976 0.9952
vn 0.0122 -0.7735 0.6336
vn 0.0243 -0.9395 -0.3416
vn 0.6372 -0.1851 -0.7481
vn 0.6273 0.7653 -0.1445
vn 0.6296 0.4185 -0.6546
vn 0.0050 0.8118 0.5839
vn 0.0346 0.2158 0.9758
vn 0.0247 0.5136 0.8577
vn 0.5754 0.6712 0.4674
vn 0.0166 0.7607 0.6489
vn 0.5732 0.7669 0.2887
vn 0.2959 0.8781 0.3759
vn -0.0021 0.9025 0.4306
vn 0.2767 0.8915 0.3588
vn 0.0538 0.9741 0.2195
vn -0.1493 0.9672 0.2057
vn -0.3590 0.8957 0.2622
vn -0.0236 0.5103 0.8597
vn -0.6988 0.4933 0.5180
vn -0.6897 0.1533 0.7077
vn -0.0298 0.2214 0.9747
vn -0.3038 -0.0009 0.9527
vn -0.0179 0.7623 0.6470
vn -0.3557 0.8828 0.3069
vn -0.5955 0.6446 0.4795
vn 0.0102 -0.6644 -0.7473
vn -0.0265 -0.7631 -0.6458
vn -0.0268 -0.7613 -0.6479
vn -0.0475 -0.8415 -0.5381
vn -0.0986 -0.2695 -0.9579
vn -0.1005 -0.2969 -0.9496
vn -0.0093 -0.8605 -0.5094
vn -0.0093 -0.8604 -0.5095
vn -0.0268 -0.7613 -0.6478
vn -0.0090 -0.8613 -0.5080
vn -0.0091 -0.8614 -0.5079
vn 0.0062 -0.9409 -0.3387
vn 0.0212 -0.9309 -0.3647
vn 0.0224 -0.9270 -0.3744
vn -0.0266 -0.7630 -0.6459
vn -0.1013 -0.8930 -0.4385
vn -0.0000 -0.8604 -0.5095
vn -0.0000 -0.7616 -0.6481
vn -0.0000 -0.8605 -0.5095
vn -0.0000 -0.7615 -0.6481
vn 0.0010 -0.9040 -0.4275
vn -0.0000 -0.7616 -0.6480
vn 0.0158 -0.8917 -0.4524
vn -0.0056 -0.8937 -0.4487
vn -0.0002 -0.9223 -0.3866
vn 0.2853 -0.5518 -0.7836
vn 0.7777 -0.1665 -0.6061
vn 0.4102 0.3718 -0.8327
vn -0.3529 0.7785 -0.5190
vn -0.0031 -0.7713 -0.6365
vn 0.0267 -0.7613 -0.6478
vn 0.0093 -0.8605 -0.5094
vn 0.1795 -0.9631 -0.2005
vn -0.0086 -0.9344 -0.3561
vn 0.0091 -0.8614 -0.5079
vn 0.0093 -0.8604 -0.5095
vn 0.0268 -0.7613 -0.6478
vn -0.6983 -0.6295 -0.3407
vn -0.0235 -0.7482 -0.6631
vn -0.0439 -0.8611 -0.5065
vn -0.0955 -0.6251 -0.7747
vn 0.0158 -0.9819 -0.1888
vn 0.0131 -0.9999 -0.0079
vn 0.0479 -0.3088 0.9499
vn -0.0101 -0.3080 0.9513
vn 0.0167 -0.7058 0.7082
vn 0.0104 -0.9284 0.3715
vn -0.7873 0.0577 0.6139
vn -0.5229 -0.8463 0.1017
vn -0.6540 -0.6435 0.3977
vn -0.7231 -0.6907 -0.0108
vn -0.4141 -0.2413 0.8777
vn -0.6769 -0.3961 0.6204
vn -0.0117 -0.9999 -0.0019
vn -0.0139 -0.9161 0.4007
vn -0.0149 -0.6396 0.7686
vn -0.6405 -0.5019 0.5813
vn -0.0175 -0.9823 -0.1866
vn -0.5519 -0.7276 -0.4074
vn -0.0191 -0.8596 -0.5107
vn -0.3211 -0.9458 0.0481
vn -0.5170 -0.8560 -0.0070
vn -0.2668 -0.9635 -0.0206
vn -0.7070 -0.7072 0.0026
vn -0.8218 -0.4829 0.3024
vn -0.7476 -0.4916 0.4465
vn -0.9113 -0.4028 -0.0853
vn -0.7167 -0.4868 0.4993
vn -0.9098 -0.2742 0.3117
vn -0.9876 0.0014 0.1569
vn -0.7992 0.3026 0.5194
vn -0.7451 0.2915 0.5998
vn -0.9571 -0.2490 -0.1483
vn -0.6863 -0.7111 -0.1528
vn -0.0478 -0.8857 -0.4618
vn -0.8602 0.0939 -0.5012
vn -0.3881 -0.2779 -0.8787
vn -0.6997 -0.5124 -0.4978
vn -0.4480 -0.2202 0.8665
vn -0.6218 -0.3902 0.6791
vn -0.7952 -0.4089 0.4477
vn -0.9244 -0.3298 0.1917
vn -0.9985 -0.0541 0.0067
vn -0.4879 -0.7128 0.5039
vn -0.9960 0.0592 -0.0672
vn -0.6898 -0.5701 -0.4463
vn -0.8885 0.1268 0.4411
vn -0.8930 0.3840 0.2347
vn -0.9234 -0.3464 0.1653
vn -0.8891 0.4564 -0.0339
vn -0.8940 0.1781 -0.4112
vn -0.8433 -0.2345 0.4836
vn -0.6188 0.6214 -0.4805
vn -0.4320 -0.1633 0.8870
vn -0.3610 -0.5426 0.7584
vn -0.3435 0.4721 -0.8118
vn -0.3803 0.9240 0.0393
vn -0.3962 0.8284 0.3959
vn -0.4276 0.5574 0.7117
vn -0.3094 0.8949 -0.3217
vn -0.5639 0.4030 -0.7209
vn -0.3238 0.1960 0.9256
vn -0.3823 -0.0187 0.9239
vn -0.3256 0.3543 0.8766
vn -0.3282 0.8741 0.3582
vn -0.6580 0.6899 0.3018
vn -0.1728 0.8023 0.5713
vn -0.3483 0.7184 0.6021
vn -0.9369 0.3311 0.1123
vn -0.8653 0.3738 0.3340
vn -0.9077 0.4192 -0.0212
vn -0.7452 0.6621 -0.0788
vn -0.3722 0.8969 -0.2389
vn -0.7540 0.5309 -0.3867
vn 0.5033 0.8224 -0.2652
vn -0.7319 0.6814 0.0020
vn -0.4801 0.8681 0.1260
vn -0.2727 0.7227 0.6350
vn -0.7583 0.3252 0.5650
vn -0.0593 0.4852 -0.8724
vn -0.9870 0.1380 0.0828
vn -0.8505 0.4879 -0.1967
vn -0.4389 0.8506 -0.2897
vn -0.1608 0.9781 0.1319
vn -0.7658 0.6189 0.1746
vn -0.8630 -0.2599 0.4333
vn -0.9560 0.2852 0.0688
vn -0.8433 0.5370 -0.0216
vn -0.7646 0.6397 0.0786
vn -0.8286 0.4639 -0.3134
vn -0.7656 0.0660 0.6399
vn -0.8353 0.4984 0.2321
vn -0.8226 -0.5684 0.0143
vn -0.7966 -0.5111 -0.3228
vn -0.8337 -0.4089 -0.3711
vn -0.7742 0.3587 0.5214
vn -0.7667 0.3418 -0.5434
vn -0.8140 -0.0778 -0.5757
vn -0.8451 -0.0525 -0.5321
vn -0.8404 -0.5370 0.0729
vn -0.7654 -0.5212 0.3775
vn -0.7924 -0.0399 0.6087
vn -0.7247 0.6056 0.3287
vn -0.7334 0.5921 0.3342
vn -0.7876 0.0301 0.6154
vn -0.9097 0.1271 -0.3954
vn -0.8684 0.1146 0.4824
vn -0.7796 -0.3251 -0.5353
vn -0.9271 -0.0770 -0.3669
vn -0.8742 -0.2201 -0.4329
vn -0.8875 -0.4427 -0.1278
vn -0.9045 -0.4264 0.0095
vn -0.8700 0.4903 0.0516
vn -0.9742 0.1276 0.1860
vn 0.0062 -0.9619 -0.2733
vn 0.0583 -0.4530 -0.8896
vn 0.0144 0.3582 -0.9335
vn 0.1186 0.9243 -0.3628
vn 0.1208 0.8805 0.4584
vn -0.0616 0.3492 0.9350
vn 0.0226 -0.2430 0.9698
vn -0.0063 -0.8618 0.5073
vn -1.0000 0.0001 -0.0001
vn -1.0000 0.0001 -0.0000
vn -0.0585 -0.0536 -0.9968
vn -0.0512 0.9351 -0.3507
vn 0.0126 0.8212 -0.5705
vn -0.0788 -0.9904 -0.1136
vn 0.0478 -0.8857 -0.4617
vn -0.0702 -0.3216 0.9443
vn 0.0509 -0.7244 0.6875
vn -0.0554 0.7177 0.6942
vn 0.0466 0.2243 0.9734
vn 0.0417 0.9282 0.3699
vn 0.0156 0.0697 -0.9974
vn 0.0520 -0.8573 -0.5121
vn -0.3511 -0.4242 -0.8348
vn 0.5102 0.6923 -0.5104
vn 0.0246 -0.0623 -0.9978
vn 0.7128 -0.6234 0.3213
vn 0.9778 -0.0887 0.1899
vn 0.0116 0.9999 -0.0095
vn 0.8286 -0.4771 0.2929
vn 0.0333 0.7320 0.6805
vn -0.4919 0.8242 -0.2805
vn 0.0563 -0.0043 0.9984
vn -0.6124 0.4417 0.6557
vn 0.0647 -0.8610 0.5045
vn 0.0270 0.7247 -0.6885
vn -0.6137 0.7853 -0.0816
vn -0.6210 0.2243 -0.7510
vn -0.6205 -0.6132 -0.4889
vn -0.0464 -0.9304 0.3635
vn -0.0370 -0.3542 0.9344
vn -0.0502 0.5007 0.8641
vn -0.0326 -0.5179 -0.8548
vn -0.4037 0.2120 -0.8900
vn -0.0503 -0.1025 -0.9935
vn -0.2711 0.0770 -0.9595
vn -0.0360 0.3168 -0.9478
vn -0.6999 0.0611 -0.7116
vn -0.7313 0.3270 -0.5986
vn -0.6625 0.4895 -0.5670
vn -0.0184 0.9242 -0.3814
vn -0.6744 0.7000 -0.2351
vn -0.6977 0.6737 -0.2438
vn -0.8181 0.3697 -0.4405
vn -0.8988 0.4273 0.0980
vn -0.7009 0.6099 0.3698
vn -0.8159 0.4297 0.3870
vn -0.8425 0.5328 0.0794
vn -0.9160 0.4009 0.0183
vn -0.4414 0.8821 -0.1645
vn -0.5095 0.8603 0.0168
vn -0.8786 0.4451 0.1732
vn -0.5256 0.7677 0.3666
vn -0.5041 0.8095 0.3010
vn 0.8492 0.5267 0.0395
vn -0.0929 0.9167 0.3886
vn -0.1120 0.9681 -0.2242
vn -0.6450 0.6378 0.4210
vn -0.9998 0.0184 -0.0000
vn -0.9996 0.0287 0.0003
vn -0.9999 0.0116 -0.0063
vn -1.0000 -0.0012 0.0005
vn -1.0000 -0.0012 -0.0002
vn -1.0000 -0.0009 -0.0061
vn -1.0000 0.0014 -0.0053
vn -0.9992 -0.0054 -0.0404
vn -0.6329 0.6872 0.3566
vn -0.6971 0.5245 0.4889
vn -0.3922 0.9057 0.1610
vn -0.0722 0.9758 0.2064
vn 0.0433 0.1929 -0.9803
vn -0.0185 0.1974 -0.9801
vn 0.0431 0.1892 -0.9810
vn 0.0038 -0.2737 0.9618
vn 0.0113 0.7457 0.6662
vn -0.0202 0.7746 0.6321
vn 0.0130 -0.9682 0.2498
vn -0.0147 -0.3260 0.9453
vn 0.0176 -0.6927 -0.7210
vn -0.0042 -0.9797 0.2005
vn 0.0263 0.2831 -0.9587
vn -0.0164 0.1474 -0.9889
vn 0.0159 0.9434 -0.3313
vn -0.0285 0.8883 -0.4583
vn -0.0101 -0.7243 -0.6894
vn 1.0000 0.0013 -0.0024
vn 1.0000 0.0018 -0.0001
vn 1.0000 0.0016 -0.0014
vn 1.0000 0.0021 0.0017
vn 1.0000 0.0024 0.0024
vn 1.0000 -0.0011 0.0006
vn 1.0000 -0.0015 -0.0004
vn 1.0000 -0.0014 0.0002
vn 1.0000 -0.0005 0.0006
vn 1.0000 0.0002 0.0010
vn 1.0000 -0.0011 -0.0009
vn 1.0000 -0.0005 -0.0016
vn 1.0000 0.0007 -0.0023
vn 0.7225 -0.6815 0.1163
vn 0.7186 -0.6944 0.0383
vn 0.6856 -0.3301 0.6489
vn 0.7298 0.1432 0.6685
vn 0.6510 0.4297 0.6257
vn 0.7203 0.6670 0.1906
vn 0.7369 0.6663 0.1145
vn 0.7051 0.5750 -0.4150
vn 0.7151 0.1342 -0.6860
vn 0.7246 0.0651 -0.6861
vn 0.7168 -0.4181 -0.5581
vn 0.7148 -0.4917 -0.4972
vn 0.6988 0.6088 -0.3755
vn 0.7013 -0.4666 0.5389
vn -0.0050 0.9135 -0.4068
vn 0.6316 0.7611 0.1476
vn 1.0000 0.0001 0.0011
vn 1.0000 -0.0002 0.0007
vn 1.0000 0.0037 0.0006
vn 0.8452 -0.5245 -0.1022
vn 1.0000 -0.0001 -0.0000
vn 0.9541 -0.2938 -0.0573
vn 1.0000 0.0001 -0.0008
vn 1.0000 -0.0068 -0.0046
vn 1.0000 -0.0001 0.0001
vn 1.0000 0.0006 -0.0004
vn 1.0000 -0.0009 0.0004
vn 0.9999 -0.0129 -0.0021
vn 1.0000 0.0008 -0.0003
vn 1.0000 0.0003 0.0001
vn 1.0000 -0.0000 -0.0001
vn 1.0000 -0.0004 -0.0007
vn 0.4106 0.7484 -0.5210
vn 0.7428 0.6581 -0.1230
vn 0.5887 0.1060 -0.8014
vn 0.9647 0.0117 -0.2632
vn 0.1745 0.5782 0.7971
vn 0.8032 0.0966 0.5878
vn 0.3960 -0.7519 0.5270
vn 0.0445 -0.1921 0.9804
vn 0.3612 -0.9119 -0.1946
vn 0.5915 -0.7901 -0.1609
vn -0.6548 -0.2461 0.7146
vn -0.6391 0.4052 0.6537
vn -0.6545 -0.7201 0.2306
vn -0.6337 0.7736 -0.0032
vn -0.6886 0.4766 -0.5465
vn -0.6463 -0.6065 -0.4630
vn -0.4456 -0.0327 -0.8946
vn -0.0706 -0.9777 -0.1976
vn -0.0291 -0.6605 0.7502
vn -0.0259 0.2995 0.9537
vn -0.0414 0.9727 0.2284
vn 0.0147 0.6518 -0.7582
vn -0.0069 -0.4478 -0.8941
vn 0.9951 -0.0652 0.0750
vn -0.1800 -0.9500 0.2552
vn -0.2706 -0.1494 0.9510
vn 0.9938 -0.1075 -0.0278
vn 0.9928 -0.0392 -0.1134
vn -0.1174 -0.7216 -0.6822
vn -0.0896 0.8156 0.5716
vn 0.9953 0.0384 0.0893
vn 0.9921 0.1229 0.0247
vn 0.9934 0.0680 -0.0923
vn -0.0881 0.1656 -0.9822
vn -0.1770 0.9249 -0.3364
vn -0.9996 0.0061 0.0271
vn -0.9997 0.0236 0.0108
vn -0.9997 0.0235 -0.0088
vn -0.9997 -0.0246 -0.0040
vn -0.9997 -0.0199 0.0157
vn -0.9997 0.0113 -0.0236
vn -0.9997 -0.0126 -0.0231
vn 0.1133 0.9596 -0.2574
vn -0.0501 0.9330 0.3564
vn -0.0770 0.8406 -0.5362
vn 0.0137 0.4508 -0.8925
vn 0.0525 0.3397 -0.9391
vn -0.2133 -0.1136 -0.9704
vn 0.2178 -0.4996 -0.8385
vn -0.2668 -0.8100 -0.5222
vn 0.1325 -0.9718 -0.1953
vn -0.2403 -0.9488 0.2049
vn 0.1237 -0.7731 0.6222
vn -0.0931 -0.4992 0.8615
vn -0.0519 0.0454 0.9976
vn 0.0376 0.2775 0.9600
vn -0.0629 0.8693 0.4903
vn 0.9997 -0.0236 -0.0036
vn 1.0000 -0.0063 -0.0070
vn -0.2620 -0.9084 0.3259
vn 1.0000 -0.0000 0.0002
vn 0.7778 0.2424 -0.5799
vn 1.0000 -0.0000 0.0001
vn 0.9997 0.0175 -0.0148
vn -0.4036 -0.0546 -0.9133
vn -0.0014 0.9887 -0.1502
vn 0.9996 0.0283 0.0090
vn 0.9990 0.0095 0.0439
vn -0.0189 0.4033 0.9149
vn -0.0370 -0.3748 0.9263
vn 0.9990 -0.0324 0.0320
vn -0.0046 -0.9199 -0.3921
vn -0.9334 -0.1225 0.3374
vn -0.8621 0.0302 -0.5058
vn 0.8356 -0.3943 -0.3825
vn -0.0039 -0.3139 -0.9494
vn -0.6427 -0.7628 -0.0715
vn -0.5796 0.8036 -0.1355
vn 0.1808 0.9330 0.3113
vn 0.0720 0.8480 -0.5250
vn 0.3091 0.8424 0.4414
vn 0.0076 0.9977 -0.0681
vn 0.0172 0.9758 0.2180
vn -0.0156 0.5838 0.8117
vn 0.0102 0.3392 0.9407
vn -0.0245 -0.3145 0.9490
vn 0.0395 -0.4173 0.9079
vn -0.0742 0.3657 0.9278
vn -0.0469 0.2946 -0.9545
vn 0.0644 0.8013 0.5948
vn 0.0139 0.9871 0.1594
vn 0.0880 -0.2188 0.9718
vn 0.0142 0.4398 0.8980
vn -0.0151 -0.1847 0.9827
vn -0.0380 0.8467 0.5308
vn -0.0174 0.1525 0.9881
vn -0.0644 0.9914 -0.1141
vn -0.0319 0.5910 0.8061
vn -0.0390 -0.4169 0.9081
vn 0.0652 0.9971 -0.0381
vn 0.0660 0.4630 0.8839
vn 1.0000 -0.0029 0.0071
vn 0.8352 -0.1825 0.5188
vn 0.8353 -0.5044 0.2186
vn 0.8743 -0.4320 -0.2215
vn 1.0000 -0.0045 -0.0060
vn 1.0000 -0.0070 0.0006
vn 0.8745 -0.3324 -0.3533
vn 0.8663 -0.0084 -0.4995
vn 0.8352 0.3644 -0.4119
vn 1.0000 0.0027 -0.0063
vn 0.8699 0.4931 0.0065
vn 1.0000 0.0079 -0.0009
vn 0.8660 0.3706 0.3357
vn 1.0000 0.0042 0.0064
vn 0.9160 0.0650 0.3960
vn -1.0000 -0.0072 0.0002
vn -1.0000 -0.0031 -0.0062
vn -0.8828 -0.3927 -0.2578
vn -0.8791 -0.4550 0.1417
vn -0.8158 0.3455 -0.4639
vn -1.0000 0.0045 -0.0054
vn -0.8653 -0.1334 -0.4832
vn -1.0000 -0.0039 0.0064
vn -0.8941 -0.2441 0.3756
vn -0.8795 0.1106 0.4629
vn -0.8974 0.3261 0.2973
vn -1.0000 0.0028 0.0073
vn -1.0000 0.0076 0.0022
vn -0.8515 0.5184 0.0786
vn -0.9039 0.3597 -0.2313
vn 0.7325 -0.6726 -0.1052
vn 0.6947 -0.4948 0.5220
vn 0.7245 0.1426 0.6744
vn 0.6857 0.6485 0.3307
vn 0.7471 0.6209 -0.2375
vn 0.7177 0.2342 -0.6558
vn 0.7063 -0.3009 -0.6408
vn -0.7365 -0.6484 -0.1926
vn -0.7195 -0.3802 -0.5811
vn -0.7369 0.1270 -0.6640
vn -0.7162 0.6639 -0.2152
vn -0.7015 0.5992 0.3858
vn -0.7318 -0.2700 0.6258
vn -0.6993 -0.6411 0.3162
vn -0.6969 0.2702 0.6644
vn 0.9820 -0.0057 -0.1888
vn 0.6949 -0.4384 -0.5701
vn 1.0000 0.0060 -0.0042
vn 0.9855 -0.1694 0.0128
vn 0.9999 0.0101 -0.0094
vn 1.0000 0.0019 -0.0080
vn 0.8366 -0.4834 -0.2576
vn 0.7808 0.0651 -0.6213
vn 0.9999 -0.0015 -0.0106
vn 1.0000 -0.0011 -0.0080
vn 0.8532 0.2571 -0.4538
vn 1.0000 0.0077 0.0004
vn 0.9727 0.0775 -0.2186
vn 1.0000 -0.0004 0.0009
vn 0.8713 -0.2061 -0.4454
vn 0.8703 -0.0966 -0.4829
vn 0.9379 -0.0102 -0.3468
vn 0.9506 -0.3073 -0.0426
vn 0.1188 -0.9757 -0.1840
vn 0.3160 0.8516 -0.4183
vn 0.5545 -0.8322 0.0045
vn 0.4674 -0.8839 0.0137
vn 0.2982 -0.8854 -0.3565
vn -0.0038 -0.9344 -0.3562
vn -0.0001 -0.7076 -0.7067
vn 0.5329 -0.7364 -0.4168
vn 0.4598 -0.8018 -0.3817
vn 0.3003 -0.1798 -0.9367
vn 0.1643 0.0024 -0.9864
vn -0.0500 0.0343 -0.9982
vn 0.0866 0.3168 -0.9445
vn 0.1211 -0.5438 -0.8304
vn 0.1024 -0.3379 -0.9356
vn 0.0825 -0.1416 -0.9865
vn 0.0981 0.4690 -0.8777
vn 0.2285 0.6859 -0.6909
vn -0.2400 -0.8740 -0.4224
vn -0.4270 -0.2667 -0.8640
vn -0.4637 -0.7821 -0.4164
vn -0.4317 0.0943 -0.8971
vn -0.4117 0.4302 -0.8034
vn -0.4116 0.6163 -0.6714
vn -0.4383 -0.0064 -0.8988
vn -0.0528 0.0003 -0.9986
vn 0.2127 -0.4413 -0.8718
vn -0.2705 -0.9040 0.3309
vn -0.8208 -0.5447 0.1718
vn 0.0180 -0.9776 0.2098
vn -0.5396 -0.2519 0.8034
vn -0.7158 0.3090 0.6262
vn -0.9994 0.0327 0.0058
vn -0.7436 0.6676 0.0368
vn -0.7728 0.1600 0.6142
vn -0.7442 0.2444 0.6217
vn -0.9599 -0.1297 0.2487
vn -0.7761 0.4642 0.4269
vn -0.7522 0.6004 0.2714
vn -0.9266 0.2377 -0.2913
vn -0.9984 0.0102 0.0552
vn -0.9876 -0.1561 0.0141
vn -0.8028 -0.0408 0.5949
vn -0.7199 -0.6780 0.1486
vn -0.7599 -0.5579 0.3336
vn -0.9737 -0.1986 -0.1112
vn -0.8096 -0.3665 0.4585
vn -0.7777 -0.2266 0.5863
vn -0.9980 -0.0228 0.0597
vn -0.9699 -0.0583 0.2362
vn -0.4852 -0.2425 0.8401
vn -0.7114 -0.4094 0.5712
vn -0.0024 -0.7624 0.6471
vn 0.0318 -0.2921 0.9559
vn -0.2543 0.8752 0.4115
vn -0.8379 0.5037 0.2102
vn -0.9998 -0.0179 0.0124
vn -0.9999 0.0046 0.0157
vn -0.9998 0.0158 0.0125
vn -0.9999 -0.0054 0.0094
vn -0.9999 -0.0021 0.0137
vn -0.9980 -0.0011 0.0634
vn -0.9998 -0.0044 0.0180
vn -0.9999 0.0021 0.0137
vn -0.8159 -0.2896 -0.5004
vn -0.9572 -0.2175 -0.1911
vn -0.2014 -0.3056 -0.9306
vn 0.0924 -0.5080 -0.8564
vn -0.4191 -0.0774 -0.9046
vn 0.0854 -0.0407 -0.9955
vn -0.4160 0.2657 -0.8697
vn 0.1793 0.1250 -0.9758
vn -0.5027 0.7692 -0.3944
vn 0.0587 0.4902 -0.8696
vn 0.1534 -0.6490 -0.7451
vn -0.2401 0.8717 -0.4272
vn 0.1266 0.3719 -0.9196
vn 0.0019 0.7624 0.6471
vn 0.0178 0.9689 0.2468
vn 0.0127 0.2785 0.9604
vn -0.5422 0.3725 0.7532
vn 0.3657 0.9196 -0.1435
vn 0.3525 0.6658 -0.6576
vn -0.3846 0.0076 -0.9230
vn -0.4445 0.0003 -0.8958
vn -0.3791 0.0085 -0.9253
vn -0.4093 -0.0000 -0.9124
vn 0.5535 -0.2056 -0.8071
vn 0.5919 0.4460 -0.6713
vn 0.4795 0.1502 -0.8646
vn 0.4793 -0.1375 -0.8668
vn 0.6076 -0.4210 -0.6735
vn 0.8005 0.4841 -0.3534
vn 0.1793 0.1876 -0.9657
vn 0.2028 0.4353 -0.8772
vn -0.0530 -0.0005 -0.9986
vn -0.0513 -0.0000 -0.9987
vn 0.8957 -0.0060 -0.4447
vn 0.8517 -0.2785 -0.4439
vn 0.8892 -0.0281 -0.4566
vn 0.8699 0.1224 -0.4777
vn 0.8831 0.2239 -0.4123
vn 0.9791 -0.0066 -0.2033
vn 0.9108 0.3881 -0.1407
vn 0.9480 0.0141 -0.3181
vn 0.4632 0.7832 -0.4147
vn 0.0306 0.9901 -0.1369
vn 0.8650 0.3369 -0.3717
vn 0.0038 0.9344 -0.3562
vn 0.9481 0.3024 -0.0986
vn 0.4466 0.8075 -0.3854
vn 0.8714 0.2980 -0.3897
vn 0.4264 0.8587 -0.2843
vn 0.4486 0.8937 -0.0010
vn -0.0325 -0.4130 -0.9102
vn 0.0013 0.0084 -1.0000
vn -0.2548 0.3096 -0.9161
vn -0.8628 -0.3472 -0.3674
vn 0.0465 -0.9420 -0.3323
vn 0.0933 -0.9955 -0.0184
vn 0.3773 -0.8849 -0.2730
vn 0.6768 -0.7236 -0.1357
vn 0.8684 -0.4952 0.0251
vn 0.0576 -0.9041 -0.4234
vn 0.0711 -0.9667 -0.2457
vn 0.3089 -0.6647 -0.6803
vn 0.7103 -0.4259 0.5605
vn -0.0260 -0.7076 -0.7062
vn -0.0298 -0.9901 -0.1370
vn -0.3591 0.7967 -0.4861
vn -0.9792 0.0017 -0.2031
vn -0.8650 -0.3369 -0.3718
vn -0.4284 -0.8840 -0.1870
vn -0.9123 -0.3846 -0.1407
vn 0.2513 0.3302 -0.9098
vn 0.2254 -0.3415 -0.9124
vn -0.2736 -0.3466 -0.8972
vn -0.4537 -0.8718 -0.1846
vn -0.8498 -0.2929 -0.4383
vn -0.4065 -0.8510 -0.3326
vn -0.9481 -0.3024 -0.0986
vn -0.4486 -0.8937 -0.0010
vn 0.5852 0.4945 -0.6426
vn 0.5977 -0.5006 -0.6262
vn -0.5690 -0.6186 -0.5418
vn -0.5704 -0.2805 0.7720
vn 0.1397 -0.8768 0.4602
vn 0.0125 -0.6198 0.7847
vn -0.5518 0.3984 0.7327
vn -0.0256 0.1556 0.9875
vn 0.0340 0.8740 0.4847
vn 0.0608 0.8907 0.4504
vn -0.5807 0.6316 -0.5136
vn -1.0000 0.0005 0.0009
vn -1.0000 -0.0001 0.0008
vn -1.0000 -0.0008 0.0032
vn -1.0000 -0.0038 0.0026
vn -0.9791 0.0065 -0.2031
vn -1.0000 0.0061 0.0009
vn -0.8731 -0.2210 -0.4345
vn -1.0000 -0.0024 -0.0046
vn -1.0000 0.0075 -0.0031
vn -1.0000 0.0035 -0.0052
vn -0.9999 0.0160 -0.0029
vn -0.8508 -0.1470 -0.5046
vn -1.0000 0.0091 0.0003
vn -0.8265 0.3034 -0.4741
vn -1.0000 0.0015 -0.0051
vn -0.8634 0.0244 -0.5040
vn -0.9989 -0.0409 -0.0228
vn -0.9334 -0.0268 -0.3578
vn -0.3698 -0.6683 -0.6454
vn 0.1108 -0.2799 0.9536
vn -0.4649 -0.7847 -0.4101
vn -0.4465 -0.8075 -0.3855
vn -0.1793 -0.1876 -0.9657
vn -0.8957 0.0060 -0.4447
vn -0.1534 0.6490 -0.7451
vn -0.0697 0.4769 -0.8762
vn -0.5406 0.2075 -0.8153
vn -0.0854 0.0407 -0.9955
vn -0.1679 -0.1254 -0.9778
vn -0.1246 -0.3409 -0.9318
vn -0.0562 -0.4877 -0.8712
vn 0.2515 -0.8685 -0.4271
vn 0.2014 0.3056 -0.9306
vn 0.2543 -0.8752 0.4115
vn 0.8158 0.2897 -0.5005
vn 0.4191 0.0774 -0.9046
vn 0.4160 -0.2657 -0.8697
vn 0.4884 -0.7799 -0.3915
vn 0.9535 0.2283 -0.1968
vn -0.2028 -0.4353 -0.8772
vn 0.0530 0.0005 -0.9986
vn 0.0513 -0.0000 -0.9987
vn 0.8379 -0.5037 0.2102
vn 0.5427 -0.3739 0.7521
vn 0.4852 0.2425 0.8401
vn 0.6838 0.3622 0.6335
vn 0.9985 0.0415 -0.0350
vn 0.7826 0.6108 0.1200
vn 0.7756 0.5204 0.3573
vn 0.9769 0.1618 -0.1393
vn 0.7659 0.4380 0.4708
vn 0.9932 0.0751 0.0891
vn 0.7985 0.2128 0.5631
vn 0.8045 0.0483 0.5920
vn 0.9873 -0.1317 0.0894
vn 0.8043 -0.0408 0.5928
vn 0.9898 0.1245 0.0690
vn 0.7357 -0.2778 0.6178
vn 0.9972 -0.0349 0.0666
vn 0.7824 -0.4453 0.4355
vn 0.7816 -0.5760 0.2395
vn 0.9845 -0.1652 -0.0590
vn 0.7370 -0.6757 0.0177
vn 0.9805 -0.1472 -0.1304
vn 0.7581 -0.3720 0.5356
vn 0.5395 0.2523 0.8033
vn 0.2706 0.9040 0.3311
vn 0.8208 0.5447 0.1718
vn 0.2388 0.8737 -0.4238
vn 0.4739 0.7802 -0.4084
vn 0.9998 -0.0158 0.0125
vn 0.9998 0.0179 0.0124
vn 0.9999 -0.0048 0.0159
vn 0.9998 0.0043 0.0178
vn 0.9999 -0.0021 0.0133
vn 0.9999 0.0055 0.0096
vn 0.9999 0.0022 0.0141
vn 0.9979 0.0012 0.0647
vn 0.4270 0.2667 -0.8640
vn -0.0759 0.3385 -0.9379
vn -0.1211 0.5436 -0.8305
vn -0.0829 0.1393 -0.9868
vn 0.4317 -0.0943 -0.8971
vn 0.0497 -0.0364 -0.9981
vn -0.0891 -0.3183 -0.9438
vn 0.4117 -0.4302 -0.8034
vn -0.1148 -0.4767 -0.8715
vn -0.2285 -0.6858 -0.6909
vn 0.4117 -0.6163 -0.6714
vn 0.0005 -0.0020 1.0000
vn -0.1912 -0.0365 0.9809
vn -0.0553 0.0003 0.9985
vn -0.0007 0.0018 1.0000
vn -0.2866 0.0242 0.9578
vn 0.0543 -0.0004 0.9985
vn 0.1610 0.0449 0.9859
vn 0.2858 -0.0259 0.9579
vn -0.2598 0.8713 -0.4162
vn -0.1175 0.9759 -0.1839
vn -0.8513 0.4414 -0.2835
vn 0.3846 -0.0076 -0.9230
vn 0.4446 -0.0003 -0.8957
vn 0.4383 0.0064 -0.8988
vn 0.3791 -0.0085 -0.9253
vn -0.1643 -0.0024 -0.9864
vn 0.4093 -0.0000 -0.9124
vn 0.0001 0.7076 -0.7067
vn 0.0260 0.7076 -0.7062
vn 0.3591 -0.7967 -0.4861
vn 0.9773 -0.0012 -0.2118
vn 0.9999 -0.0158 -0.0030
vn 1.0000 -0.0032 -0.0051
vn 1.0000 0.0013 -0.0044
vn 1.0000 -0.0081 -0.0004
vn 1.0000 -0.0027 -0.0050
vn 1.0000 -0.0068 -0.0024
vn 1.0000 -0.0053 0.0031
vn 1.0000 0.0043 0.0026
vn 0.9989 0.0409 -0.0228
vn 0.4537 0.8718 -0.1846
vn 0.2978 0.3329 -0.8947
vn -0.0013 -0.0084 -1.0000
vn -0.2508 -0.3294 -0.9103
vn 0.0182 0.4331 -0.9012
vn -0.2238 0.3394 -0.9136
vn -0.0472 0.9422 -0.3316
vn -0.5979 0.5008 -0.6259
vn -0.5851 -0.4944 -0.6428
vn 0.5690 0.6186 -0.5418
vn -0.1360 0.3382 0.9312
vn -0.1397 0.8768 0.4602
vn -0.0124 0.6198 0.7847
vn 0.5515 -0.3984 0.7329
vn 0.0254 -0.1558 0.9875
vn 0.6288 -0.6775 0.3817
vn -0.0606 -0.8915 0.4489
vn 0.5807 -0.6317 -0.5136
vn 1.0000 -0.0000 0.0008
vn 1.0000 0.0002 0.0001
vn 0.7048 0.6695 -0.2347
vn 0.8761 0.4809 0.0344
vn 0.8648 0.3997 -0.3040
vn 0.7105 0.2514 -0.6573
vn 0.9132 0.1720 -0.3694
vn 0.8714 -0.0598 -0.4870
vn 0.7125 -0.2969 -0.6357
vn 0.8375 -0.4107 -0.3604
vn 0.7333 -0.6569 -0.1755
vn 0.7822 -0.6078 0.1371
vn 0.7132 -0.4606 0.5284
vn 0.9121 -0.3312 0.2418
vn 0.8193 -0.1101 0.5627
vn 0.9057 0.0847 0.4154
vn 0.7029 0.2460 0.6674
vn 0.8675 0.3742 0.3276
vn 0.6915 0.6655 0.2808
vn 1.0000 -0.0059 0.0052
vn 1.0000 -0.0015 -0.0063
vn 1.0000 0.0052 -0.0049
vn 1.0000 -0.0074 -0.0018
vn 1.0000 0.0065 0.0034
vn 1.0000 0.0008 0.0082
vn -0.0341 -0.7496 0.6610
vn -0.0498 -0.8998 -0.4335
vn 0.6916 -0.4254 0.5837
vn -0.0155 0.2311 0.9728
vn 0.4917 0.4507 0.7450
vn -0.0467 0.9620 0.2690
vn 0.6655 0.1199 0.7367
vn -0.0450 0.7618 -0.6463
vn 0.8329 0.4609 0.3063
vn -0.0628 -0.0643 -0.9960
vn 0.8782 -0.0595 -0.4746
vn 0.8421 0.1432 -0.5200
vn 0.7500 -0.5752 0.3266
vn 0.5643 -0.7146 0.4135
vn -0.8937 0.4310 0.1244
vn -0.6351 0.7486 0.1905
vn -0.8663 -0.1664 -0.4709
vn -0.8877 -0.4205 -0.1877
vn -0.8514 -0.1958 0.4866
vn 0.1589 0.9842 -0.0779
vn 0.0524 -0.9637 0.2620
vn 0.0546 -0.2151 0.9751
vn 0.0124 0.7373 0.6755
vn 0.0367 0.9679 -0.2487
vn 0.0593 0.2451 -0.9677
vn 0.0546 -0.7343 -0.6766
vn -1.0000 -0.0070 0.0019
vn -0.8518 -0.5172 -0.0833
vn -0.9039 -0.3596 0.2317
vn -0.8743 -0.2454 0.4187
vn -1.0000 -0.0019 0.0071
vn -0.8946 0.0737 0.4408
vn -1.0000 0.0059 0.0051
vn -0.8574 0.3849 0.3416
vn -0.8663 0.4993 -0.0158
vn -1.0000 0.0070 -0.0019
vn -0.8670 0.0137 -0.4981
vn -0.8684 -0.3191 -0.3796
vn -1.0000 -0.0059 -0.0044
vn -0.8537 0.3778 -0.3586
vn -1.0000 0.0022 -0.0053
vn -0.7195 0.6499 0.2448
vn -0.7180 0.2350 0.6551
vn -0.7296 -0.6522 0.2059
vn -0.7177 -0.6033 -0.3478
vn -0.7274 -0.2215 -0.6495
vn -0.7383 0.2658 -0.6199
vn -0.7234 0.6386 -0.2624
vn -0.6977 -0.2584 0.6682
vn -0.6956 0.4424 -0.5660
vn -0.9990 0.0345 -0.0267
vn -0.4468 -0.8706 -0.2060
vn 0.2337 -0.3242 -0.9167
vn 0.8628 0.3472 -0.3674
vn -0.7949 -0.1090 -0.5968
vn -0.8711 0.2066 -0.4455
vn -0.8896 0.0546 -0.4535
vn -0.8621 -0.3000 -0.4083
vn -0.9728 -0.0773 -0.2185
vn -0.3003 0.1798 -0.9367
vn -0.9489 0.0120 -0.3154
vn -0.5241 0.7316 -0.4360
vn 0.0528 -0.0003 -0.9986
vn -0.2127 0.4413 -0.8718
vn -0.5919 -0.4460 -0.6713
vn -0.4795 -0.1502 -0.8646
vn -0.4793 0.1375 -0.8668
vn -0.6076 0.4210 -0.6735
vn -0.8005 -0.4841 -0.3534
vn -0.9999 -0.0058 -0.0088
vn -1.0000 0.0012 -0.0078
vn -0.9999 0.0101 -0.0027
vn -1.0000 0.0005 0.0010
vn -0.9573 0.2867 -0.0372
vn -0.7361 0.6766 0.0175
vn -1.0000 -0.0033 -0.0027
vn -0.9999 0.0011 -0.0103
vn -1.0000 0.0040 -0.0038
vn -0.9999 -0.0064 -0.0116
vn -0.4474 0.8075 -0.3843
vn -0.4444 0.8957 0.0145
vn -0.1186 0.9929 0.0013
vn -0.3798 0.8835 -0.2742
vn -0.6767 0.7237 -0.1357
vn -0.8680 0.4959 0.0251
vn -0.0570 0.9043 -0.4231
vn -0.0711 0.9667 -0.2457
vn -0.3089 0.6647 -0.6803
vn -0.7096 0.4395 0.5508
vn -0.1101 0.3242 0.9396
vn -0.0170 -0.3797 0.9250
vn 0.0310 0.0001 0.9995
vn -0.0249 -0.4067 0.9132
vn -0.0527 0.3389 0.9394
vn -0.0181 0.4343 0.9006
vn 0.0085 -0.9336 0.3581
vn -0.7993 -0.5637 0.2082
vn -0.7055 -0.7079 -0.0335
vn -0.0554 -0.4085 -0.9111
vn -0.0346 -0.0127 -0.9993
vn -0.6440 -0.6773 -0.3556
vn 0.0081 0.0001 -1.0000
vn 0.0045 0.0011 -1.0000
vn -0.0277 0.2423 -0.9698
vn -0.8040 0.5508 0.2239
vn 0.0105 0.9351 0.3543
vn -0.0148 0.9999 -0.0017
vn 0.0319 0.9995 0.0016
vn -0.0099 0.9510 -0.3090
vn -0.0333 0.6375 -0.7697
vn 0.6394 -0.3775 -0.6698
vn 0.7648 -0.6361 0.1026
vn 0.6167 -0.6290 -0.4733
vn 0.8029 -0.5577 -0.2106
vn 0.5853 -0.5356 -0.6088
vn 0.6035 0.5387 -0.5879
vn 0.4064 -0.8573 -0.3161
vn 0.0418 0.9397 -0.3394
vn 1.0000 -0.0023 0.0015
vn 0.8555 -0.5085 -0.0979
vn -0.0965 -0.4586 0.8834
vn 0.8891 -0.4200 0.1817
vn 0.0647 -0.8342 -0.5476
vn 0.1815 -0.6765 0.7137
vn 0.9949 -0.0821 -0.0579
vn 0.3144 0.3614 -0.8778
vn 1.0000 0.0067 -0.0004
vn 0.9998 -0.0109 -0.0182
vn 0.7350 0.2188 0.6418
vn 0.6875 -0.3321 0.6458
vn 0.3579 0.8875 0.2903
vn 0.1136 -0.1467 0.9826
vn 0.0001 0.7070 -0.7072
vn 0.0764 0.9817 0.1744
vn 0.0712 0.9974 -0.0105
vn 0.6051 -0.7923 -0.0775
vn 0.0412 -0.0264 -0.9988
vn 0.7146 0.0004 -0.6995
vn -0.5826 0.4998 -0.6409
vn -0.5908 -0.4933 -0.6384
vn 0.6202 -0.5433 0.5659
vn 0.5400 0.2322 0.8090
vn -0.0178 -0.5627 0.8265
vn 0.5805 0.6282 -0.5181
vn 0.0336 0.8926 0.4496
vn -0.0039 0.8570 0.5153
vn -0.2907 0.3715 0.8817
vn 0.5490 -0.6062 0.5754
vn 0.5733 -0.6314 -0.5223
vn -0.0366 -0.2367 0.9709
vn 1.0000 -0.0001 0.0012
vn 0.0601 -0.7085 0.7031
vn 0.0521 -0.0002 0.9986
vn -0.0001 -0.0000 -1.0000
vn -0.0285 -0.9986 -0.0453
vn 0.0640 -0.8651 0.4974
vn 0.0322 -0.5659 0.8239
vn -0.1061 -0.0294 0.9939
vn 0.6555 0.6769 0.3348
vn 1.0000 0.0005 -0.0019
vn 0.9998 0.0034 -0.0185
vn 0.6363 -0.6044 -0.4794
vn 0.9858 0.1338 0.1012
vn -0.0433 -0.0000 -0.9991
vn -0.0436 -0.0000 0.9990
vn 0.8940 -0.3732 -0.2481
vn -0.0225 -0.8640 -0.5030
vn 0.9997 0.0221 -0.0068
vn 0.9997 -0.0112 0.0215
vn 1.0000 -0.0001 -0.0002
vn 0.8467 -0.2414 0.4741
vn 0.9994 0.0217 0.0272
vn 0.0060 0.6877 -0.7259
vn 0.9984 0.0109 0.0551
vn 0.3195 -0.9302 0.1808
vn -0.3411 -0.9184 -0.2003
vn -0.3811 -0.7496 0.5412
vn 0.1080 -0.2443 0.9637
vn 0.1106 0.9644 0.2401
vn -0.8516 0.4539 0.2623
vn -0.8730 0.3956 -0.2852
vn -0.0828 0.9098 -0.4067
vn -0.9994 0.0144 0.0315
vn -0.9997 -0.0231 -0.0027
vn -0.9994 0.0138 0.0314
vn -0.9994 0.0006 -0.0335
vn -0.9998 -0.0099 -0.0197
vn -0.9997 0.0114 -0.0207
vn -0.9998 -0.0195 -0.0100
vn -0.9991 -0.0379 0.0163
vn -0.1301 0.9425 -0.3080
vn -0.9994 -0.0054 -0.0354
vn -0.9999 -0.0016 -0.0155
vn -0.9997 0.0245 0.0048
vn -0.9994 0.0253 -0.0222
vn -0.9994 0.0333 0.0102
vn -0.9993 0.0070 0.0354
vn -0.9980 0.0235 0.0589
vn -0.9996 0.0192 -0.0202
vn -0.6954 -0.1239 0.7079
vn -0.6614 0.5676 0.4903
vn -0.7362 0.6187 0.2744
vn -0.6049 0.7961 -0.0149
vn -0.6322 0.7262 -0.2699
vn -0.6916 0.0138 0.7221
vn -0.6998 0.3122 0.6425
vn -0.7000 -0.6672 0.2546
vn -0.6907 -0.4044 0.5995
vn -0.6163 0.5248 -0.5871
vn -0.6649 -0.6072 0.4350
vn -0.7487 0.2992 -0.5916
vn -0.7166 0.0687 -0.6940
vn -0.7023 -0.7118 -0.0101
vn -0.6363 -0.2975 -0.7118
vn -0.5586 -0.5770 -0.5958
vn -0.5964 -0.7435 -0.3026
vn -0.7181 -0.6864 -0.1147
vn 0.2798 -0.9339 -0.2224
vn 0.2631 -0.7643 -0.5887
vn 0.3219 -0.9255 0.1996
vn 0.3499 -0.6952 0.6279
vn 0.2913 -0.2844 0.9134
vn 0.4102 0.2539 0.8759
vn 0.3151 0.6383 0.7023
vn 0.3433 0.9100 0.2323
vn 0.3478 0.9011 -0.2589
vn 0.3436 0.6794 -0.6483
vn 0.3365 0.3859 -0.8590
vn 0.4799 -0.0942 -0.8722
vn 0.3054 -0.3877 -0.8698
vn 0.2393 -0.4269 -0.8720
vn 0.4691 0.7145 -0.5191
vn 0.4567 0.8858 -0.0823
vn 0.4237 0.6673 0.6125
vn 0.4740 -0.5526 0.6855
vn 0.4506 -0.8146 0.3653
vn 0.4622 0.2790 -0.8418
vn -0.0157 -0.0110 -0.9998
vn 0.5371 0.1060 0.8368
vn 0.1234 0.3690 0.9212
vn 0.2931 -0.3457 0.8914
vn 0.1930 -0.8673 -0.4588
vn -0.1253 -0.6114 -0.7813
vn -0.2516 0.4123 -0.8756
vn -0.1429 0.6848 -0.7146
vn -0.1832 0.9798 -0.0800
vn 0.4768 0.8164 0.3259
vn -0.1582 0.9238 0.3486
vn -0.2049 0.6893 0.6949
vn -0.2575 -0.1436 0.9555
vn -0.1509 -0.6165 0.7728
vn -0.1539 -0.8488 0.5058
vn 0.2756 -0.9608 -0.0299
vn -0.2127 -0.9632 0.1645
vn -0.4697 0.2539 0.8455
vn -0.4621 -0.2375 -0.8545
vn -0.4542 -0.8407 -0.2950
vn -0.3786 -0.6246 -0.6830
vn -0.3546 0.7681 -0.5331
vn -0.1745 0.9030 -0.3926
vn -0.2987 0.9384 -0.1736
vn -0.3499 0.8832 0.3124
vn -0.3535 0.6401 0.6822
vn -0.3715 -0.6150 0.6955
vn -0.3535 -0.8589 0.3706
vn -0.3872 -0.9214 0.0330
vn -0.3712 -0.2469 -0.8951
vn -0.3618 0.1634 -0.9178
vn -0.3846 0.5188 -0.7635
vn -0.4205 -0.2654 0.8676
vn -0.7827 0.0646 0.6190
vn -0.4085 -0.8090 -0.4227
vn -0.0641 -0.8859 -0.4594
vn -0.0794 -0.9954 0.0528
vn -0.1587 -0.8572 0.4900
vn -0.1509 -0.5806 0.8001
vn -0.1083 -0.1988 0.9740
vn -0.0887 0.1639 0.9825
vn -0.1385 0.1654 0.9765
vn -0.1448 0.6575 0.7394
vn -0.1707 0.9698 0.1740
vn -0.1586 0.9123 -0.3774
vn -0.1226 0.6759 -0.7267
vn -0.1713 0.3182 -0.9324
vn -0.1787 -0.0626 -0.9819
vn -0.1640 -0.5720 -0.8037
vn -0.0839 -0.9964 -0.0094
vn -0.3409 -0.8902 -0.3023
vn -0.6781 -0.7213 -0.1410
vn -0.0582 -0.9975 -0.0403
vn -0.6347 -0.5389 -0.5538
vn -0.0759 -0.9962 -0.0430
vn -0.7157 0.6984 -0.0021
vn -0.6152 0.5435 -0.5711
vn -0.7155 -0.5478 -0.4335
vn -0.8037 0.1773 -0.5679
vn -0.0891 -0.8225 0.5617
vn -0.2880 -0.6229 0.7274
vn -0.1514 -0.0925 0.9841
vn 0.9558 -0.2301 0.1831
vn -0.8268 -0.5442 -0.1424
vn -0.9674 0.2534 -0.0012
vn -0.8340 -0.5082 0.2147
vn -0.9836 -0.1723 0.0536
vn -0.9423 0.1419 0.3033
vn -0.9046 -0.0640 0.4213
vn -0.9209 -0.1991 -0.3352
vn -0.7636 -0.6457 -0.0027
vn -0.2334 0.8968 -0.3759
vn -0.8934 0.4411 0.0851
vn -0.3576 0.8876 0.2902
vn -0.0523 0.9986 -0.0000
vn -0.0522 0.9986 -0.0002
vn -0.0523 0.9986 -0.0002
vn 0.0452 -0.9990 0.0071
vn 0.0091 -0.9994 0.0344
vn 0.0566 -0.9983 0.0141
vn -0.0879 -0.9958 -0.0250
vn -0.0521 -0.0000 -0.9986
vn -0.0521 0.0001 -0.9986
vn -0.0691 -0.7088 0.7020
vn -0.0565 0.0036 0.9984
vn -0.5763 -0.1863 -0.7957
vn 0.6409 -0.1804 -0.7462
vn 0.8587 0.1656 -0.4849
vn 0.0047 0.3445 -0.9388
vn 1.0000 -0.0015 0.0002
vn 1.0000 -0.0015 -0.0007
vn 0.9015 0.3706 0.2234
vn 1.0000 -0.0016 0.0008
vn 1.0000 -0.0011 -0.0049
vn 1.0000 -0.0011 0.0004
vn 0.1819 0.9684 -0.1704
vn 0.0037 0.8984 -0.4392
vn -0.2595 -0.9368 -0.2348
vn -0.2623 -0.7399 -0.6195
vn -0.7089 -0.5093 0.4879
vn -0.2460 -0.7866 -0.5664
vn -0.0760 -0.9052 -0.4182
vn -0.0688 -0.9905 0.1188
vn -0.0918 -0.7796 0.6196
vn -0.0466 -0.3488 0.9360
vn -0.8218 0.1459 0.5508
vn -0.0519 -0.9986 0.0037
vn -0.8578 0.1177 -0.5004
vn -1.0000 -0.0003 -0.0002
vn -1.0000 -0.0004 0.0001
vn -1.0000 -0.0004 -0.0002
vn -0.8982 0.3726 0.2331
vn -0.9999 0.0128 -0.0074
vn -1.0000 -0.0003 -0.0000
vn -1.0000 -0.0005 0.0005
vn -0.2337 0.9540 -0.1877
vn -1.0000 -0.0003 0.0007
vn -1.0000 0.0005 -0.0008
vn -1.0000 -0.0003 0.0009
vn -1.0000 -0.0003 0.0001
vn 0.5164 0.2004 -0.8326
vn 0.4814 0.2837 -0.8293
vn 0.5200 0.5860 -0.6215
vn 0.5211 0.8378 -0.1631
vn 0.4365 0.8858 -0.1576
vn 0.5054 0.8379 0.2060
vn 0.5392 0.7198 0.4372
vn 0.8532 0.0011 0.5216
vn 0.8907 0.2788 0.3591
vn 0.4806 0.7794 -0.4020
vn 0.4944 0.5044 0.7080
vn 0.7904 0.6094 0.0623
vn 1.0000 0.0026 -0.0051
vn 1.0000 0.0037 -0.0006
vn -0.5164 -0.2004 -0.8326
vn -0.4814 -0.2837 -0.8293
vn -0.5200 -0.5860 -0.6215
vn -0.5211 -0.8378 -0.1631
vn -0.4365 -0.8858 -0.1576
vn -0.5054 -0.8379 0.2060
vn -0.5392 -0.7198 0.4372
vn -0.8532 -0.0011 0.5216
vn -0.8907 -0.2788 0.3591
vn -0.8977 -0.3708 0.2379
vn -0.4829 -0.7778 -0.4023
vn -0.7904 -0.6094 0.0623
vn -1.0000 -0.0026 -0.0051
vn -0.4944 -0.5044 0.7080
vn -1.0000 -0.0037 -0.0006
vn -0.5378 0.7212 0.4367
vn -0.5438 0.8159 0.1966
vn -0.5186 0.8516 -0.0762
vn -0.4633 0.8682 -0.1778
vn -0.5171 0.6970 -0.4968
vn -0.4829 0.7015 -0.5242
vn -0.5045 0.3138 -0.8044
vn -0.4868 0.2492 -0.8372
vn -0.4701 -0.0348 -0.8820
vn -0.2092 0.3855 0.8987
vn 0.3917 0.2801 -0.8764
vn 0.8296 -0.3080 -0.4657
vn 0.7713 -0.4702 0.4290
vn 0.5913 0.5348 -0.6036
vn 0.6882 0.7134 -0.1318
vn -0.5044 0.8597 0.0808
vn -0.4341 0.5839 -0.6860
vn 0.0485 0.6968 -0.7156
vn 0.8527 0.5224 -0.0044
vn -0.5746 -0.5535 0.6029
vn 0.3272 0.3445 -0.8799
vn 0.5488 0.5038 0.6671
vn -0.3174 -0.3122 -0.8954
vn 0.5038 0.8638 0.0061
vn -0.8638 -0.5036 -0.0128
vn -0.5847 0.8112 -0.0101
vn -0.6394 0.3776 -0.6698
vn -0.7925 0.6029 0.0926
vn -0.6545 0.6080 -0.4495
vn -0.8123 0.5476 -0.2010
vn -0.6579 0.5209 -0.5439
vn -0.6035 -0.5387 -0.5879
vn -0.4006 0.8598 -0.3166
vn 0.0553 -0.9330 -0.3555
vn -1.0000 0.0006 -0.0050
vn 0.9804 -0.0920 0.1745
vn -0.9999 -0.0107 -0.0002
vn -0.7850 0.5531 -0.2789
vn -0.9920 0.1239 -0.0228
vn -0.9917 -0.1004 0.0801
vn -0.0647 0.8342 -0.5476
vn -0.1308 0.6956 0.7064
vn -0.9949 0.0779 -0.0636
vn -1.0000 0.0034 0.0001
vn -1.0000 0.0020 0.0018
vn -1.0000 0.0045 0.0024
vn -1.0000 0.0011 -0.0020
vn -1.0000 0.0017 0.0034
vn -1.0000 0.0012 0.0011
vn -1.0000 0.0024 0.0005
vn -1.0000 0.0014 -0.0001
vn -1.0000 0.0015 -0.0006
vn -0.8096 -0.0714 -0.5826
vn -0.2803 -0.9357 -0.2142
vn -1.0000 0.0011 -0.0048
vn -0.6337 0.2005 -0.7472
vn 0.5744 0.1900 -0.7962
vn 0.0322 -0.2791 -0.9597
vn -0.0160 -0.9183 -0.3956
vn -0.8763 -0.2148 0.4311
vn -0.7426 0.2893 0.6041
vn -0.3579 -0.8875 0.2902
vn -0.1358 0.1356 0.9814
vn -0.0000 -0.7070 -0.7072
vn -0.0763 -0.9817 0.1744
vn -0.0712 -0.9974 -0.0105
vn -0.6050 0.7925 -0.0774
vn -0.0412 0.0264 -0.9988
vn -0.7146 -0.0004 -0.6995
vn -1.0000 -0.0000 0.0001
vn 1.0000 -0.0001 -0.0001
vn 0.5827 -0.4998 -0.6409
vn 0.5908 0.4933 -0.6384
vn -0.0191 0.7448 0.6670
vn 0.0040 0.1915 0.9815
vn 0.0623 0.5776 0.8140
vn -0.5802 -0.6255 -0.5217
vn -0.6082 -0.7149 0.3451
vn -0.0964 -0.6881 0.7192
vn -0.5513 -0.3224 0.7695
vn 0.0913 0.0492 0.9946
vn -0.5730 0.6313 -0.5227
vn 0.0297 0.2368 0.9711
vn -1.0000 -0.0002 -0.0000
vn -1.0000 -0.0002 0.0002
vn -0.0601 0.7085 0.7031
vn -0.0521 0.0002 0.9986
vn -0.0452 0.9990 0.0071
vn -0.0092 0.9994 0.0344
vn -0.0566 0.9983 0.0142
vn 0.0879 0.9958 -0.0251
vn -0.0000 0.0001 -1.0000
vn -0.2297 0.9733 -0.0001
vn -0.3193 0.8259 0.4646
vn -0.2290 0.5682 0.7904
vn -0.2029 0.1854 0.9615
vn -0.2316 -0.3060 0.9234
vn -0.1485 -0.8532 0.4999
vn -0.3380 -0.9317 0.1330
vn 0.4793 -0.8158 -0.3236
vn -0.2710 0.7962 -0.5409
vn -0.4864 0.3941 -0.7798
vn 0.9998 -0.0089 -0.0187
vn -1.0000 -0.0036 -0.0037
vn 0.0433 -0.0000 -0.9991
vn 0.0436 -0.0000 0.9990
vn 0.0521 -0.0000 -0.9986
vn -0.0381 -0.5941 0.8035
vn -0.4424 -0.7933 0.4183
vn -0.4038 -0.9072 -0.1183
vn -0.1753 -0.7371 -0.6527
vn -0.3261 -0.3232 -0.8884
vn -0.4817 -0.3771 -0.7910
vn -0.1684 0.1158 -0.9789
vn -0.4205 0.6160 -0.6661
vn -0.3720 0.9135 -0.1646
vn -0.4537 0.8269 0.3321
vn -0.4542 0.5138 0.7278
vn -0.3948 0.0265 0.9184
vn -0.7262 -0.2877 0.6245
vn -0.4756 0.0467 0.8784
vn -0.3549 0.9225 -0.1521
vn -0.5519 0.2634 -0.7912
vn -0.2708 -0.7195 -0.6395
vn -0.3313 -0.6868 0.6469
vn -0.4739 0.7289 -0.4941
vn -0.3409 -0.1449 -0.9289
vn -0.3380 -0.9050 -0.2584
vn -0.3635 -0.8832 0.2965
vn -0.3221 0.4724 0.8204
vn -0.2340 0.9533 0.1908
vn -0.0662 -0.5841 -0.8090
vn 0.3260 0.9436 0.0573
vn 0.0706 0.7979 -0.5987
vn -0.2351 0.2394 -0.9420
vn 0.3447 0.3514 -0.8705
vn 0.1675 -0.0722 -0.9832
vn 0.3152 -0.9096 -0.2709
vn 0.0728 -0.9883 0.1337
vn -0.4046 0.7085 0.5782
vn 0.3211 0.8054 0.4983
vn 0.3187 -0.8348 0.4489
vn 0.4530 0.8100 -0.3725
vn 0.4535 -0.4769 -0.7529
vn 0.3674 -0.5443 0.7541
vn 0.2619 -0.8431 -0.4697
vn 0.1752 -0.1937 0.9653
vn 0.2781 0.3361 0.8998
vn 0.2958 0.2442 0.9235
vn 0.3038 0.5142 -0.8021
vn 0.5901 -0.1826 -0.7864
vn 0.5680 -0.8074 0.1594
vn 0.5635 -0.1085 0.8189
vn 0.3051 0.6077 0.7332
vn 0.2818 0.9577 -0.0580
vn 0.3194 -0.9476 -0.0096
vn 0.6672 -0.6015 0.4394
vn 0.4616 0.7122 -0.5288
vn 0.3834 -0.5281 -0.7577
vn 0.8127 -0.1610 0.5599
vn 0.3408 -0.0382 -0.9394
vn 0.3099 0.8741 0.3740
vn -0.3458 -0.3213 0.8816
vn -0.0114 -0.2945 0.9556
vn -0.6791 -0.2514 0.6897
vn -0.6317 -0.5093 0.5844
vn -0.0085 -0.8105 0.5857
vn -0.6719 -0.6788 0.2961
vn -0.6139 -0.7724 0.1628
vn -0.6949 -0.6994 -0.1669
vn -0.6239 -0.6914 -0.3644
vn -0.5926 -0.5656 -0.5735
vn -0.6260 -0.2357 -0.7434
vn -0.7543 -0.0063 -0.6565
vn -0.4374 0.2645 -0.8595
vn -0.7201 0.4099 -0.5598
vn -0.6433 0.6293 -0.4361
vn -0.6318 0.7563 -0.1698
vn -0.6290 0.7491 0.2082
vn -0.6412 0.5822 0.4999
vn -0.6832 0.3216 0.6556
vn -0.5987 0.1833 0.7797
vn -0.6369 -0.0606 0.7686
vn -0.9996 -0.0276 0.0010
vn -0.9996 0.0097 -0.0274
vn -0.9998 0.0046 -0.0190
vn -0.9997 0.0199 0.0135
vn -0.9997 0.0204 0.0131
vn -0.9997 -0.0119 -0.0211
vn -0.9992 -0.0275 0.0302
vn -0.9999 0.0118 0.0027
vn -0.9996 0.0022 0.0265
vn -0.9995 0.0311 0.0014
vn -0.9995 -0.0086 0.0299
vn -0.9995 -0.0169 0.0278
vn -0.9998 0.0218 0.0029
vn -0.9846 -0.1706 -0.0381
vn -0.9861 0.1570 0.0540
vn -0.7727 0.5123 -0.3748
vn -0.7514 -0.5740 0.3256
vn -0.8848 -0.2788 0.3732
vn -0.8200 0.1390 0.5553
vn -0.7800 0.3492 0.5193
vn -0.8295 0.3229 -0.4557
vn -0.8145 -0.0466 -0.5784
vn -0.8102 -0.2641 -0.5232
vn -0.0165 0.9892 -0.1458
vn 0.3343 0.7560 0.5628
vn 0.2586 -0.9641 0.0608
vn 0.1523 -0.7576 -0.6347
vn 0.5407 -0.2400 0.8062
vn -0.0594 -0.1628 0.9849
vn -0.0393 -0.9121 0.4081
vn -0.0413 -0.9259 -0.3755
vn -0.0895 -0.4878 -0.8684
vn -0.0300 0.2873 -0.9574
vn -0.0205 0.9159 -0.4008
vn 0.0162 0.9534 0.3014
vn -0.1015 0.5631 0.8201
vn 1.0000 0.0001 0.0002
vn 1.0000 0.0001 0.0001
vn 0.0843 0.9964 -0.0094
vn 0.3409 0.8902 -0.3023
vn 0.6781 0.7213 -0.1410
vn 0.0582 0.9975 -0.0403
vn 0.6347 0.5389 -0.5538
vn 0.0763 0.9961 -0.0436
vn 0.6153 -0.5434 -0.5711
vn 0.7157 -0.6984 -0.0021
vn 0.7826 0.5156 -0.3487
vn 0.3576 -0.8876 0.2902
vn 0.2334 -0.8968 -0.3758
vn 0.0523 -0.9986 -0.0000
vn 0.0522 -0.9986 -0.0001
vn 0.0523 -0.9986 -0.0001
vn 0.8934 -0.4411 0.0851
vn -0.6927 0.6520 -0.3084
vn 0.1421 0.0385 0.9891
vn 0.5861 -0.3875 -0.7115
vn 0.0524 -0.9813 0.1852
vn 0.0208 -0.6766 0.7361
vn -0.1626 0.7834 0.5999
vn -0.0538 -0.0795 0.9954
vn 0.2553 0.6306 0.7329
vn -0.0015 0.4462 0.8949
vn -0.0794 0.9719 0.2217
vn 0.8243 0.5510 -0.1298
vn -0.0459 0.8690 -0.4927
vn 0.0398 0.5909 -0.8057
vn 0.9305 -0.3639 -0.0420
vn 0.0074 -0.1378 -0.9904
vn 0.9578 -0.1253 0.2588
vn 0.0099 -0.8385 -0.5448
vn 0.8830 0.0497 0.4668
vn 0.6629 0.1492 -0.7337
vn 0.9514 0.2800 -0.1281
vn 0.3752 0.9154 0.1456
vn 0.7222 0.6914 -0.0179
vn 0.0691 0.7088 0.7020
vn 0.0565 -0.0036 0.9984
vn 0.2595 0.9368 -0.2347
vn 0.2623 0.7399 -0.6195
vn 0.7089 0.5093 0.4879
vn 0.2460 0.7866 -0.5664
vn 0.0760 0.9052 -0.4182
vn 0.0688 0.9905 0.1188
vn 0.0918 0.7796 0.6196
vn 0.0466 0.3488 0.9360
vn 0.8218 -0.1459 0.5508
vn 0.0519 0.9986 0.0037
vn 0.8584 -0.1224 -0.4981
vn 0.8987 -0.3726 0.2314
vn 1.0000 0.0003 -0.0002
vn 0.9999 -0.0128 -0.0074
vn 1.0000 0.0004 0.0001
vn 1.0000 0.0004 -0.0002
vn 1.0000 0.0003 -0.0000
vn 1.0000 0.0005 0.0005
vn 1.0000 0.0003 0.0007
vn 0.2216 -0.9587 -0.1784
vn 1.0000 -0.0005 -0.0008
vn 1.0000 0.0003 0.0009
vn 0.5378 -0.7212 0.4367
vn 0.5438 -0.8159 0.1966
vn 0.5186 -0.8516 -0.0762
vn 0.4633 -0.8682 -0.1778
vn 0.5171 -0.6970 -0.4968
vn 0.4829 -0.7015 -0.5242
vn 0.5045 -0.3138 -0.8044
vn 0.4868 -0.2492 -0.8372
vn 0.4701 0.0348 -0.8820
vn 0.2092 -0.3855 0.8987
vn -0.3919 -0.2801 -0.8763
vn -0.8296 0.3080 -0.4657
vn -0.7713 0.4702 0.4290
vn -0.5913 -0.5348 -0.6036
vn -0.6882 -0.7134 -0.1318
vn 0.5043 -0.8595 0.0831
vn 0.4331 -0.5826 -0.6877
vn 0.5738 0.5535 0.6037
vn 0.3180 0.3123 -0.8952
vn -0.0432 -0.6944 -0.7183
vn -0.8526 -0.5226 -0.0044
vn -0.3267 -0.3444 -0.8801
vn -0.5495 -0.5037 0.6666
vn -0.5047 -0.8633 0.0058
vn 0.8639 0.5036 -0.0126
vn 0.5833 -0.8123 -0.0052
vn -0.0028 0.0037 -1.0000
vn 0.0028 -0.0037 -1.0000
vn 0.0238 -0.0243 -0.9994
vn -0.0238 0.0243 -0.9994
vn -0.5425 0.6552 -0.5258
vn 0.5425 -0.6552 -0.5258
vn -0.7307 0.0280 -0.6821
vn 0.7307 -0.0280 -0.6821
vn -0.0201 0.8668 0.4982
vn 0.0290 0.9942 -0.1040
vn -0.4314 0.8402 0.3285
vn -0.1404 0.9519 -0.2725
vn 0.0201 -0.8668 0.4982
vn -0.0290 -0.9942 -0.1040
vn 0.4314 -0.8402 0.3285
vn 0.1404 -0.9519 -0.2725
vn -0.0949 -0.9953 -0.0171
vn -0.7688 -0.3768 -0.5167
vn -0.9053 -0.3092 -0.2913
vn 0.9442 -0.0140 -0.3289
vn 0.4908 -0.7868 -0.3744
vn -0.6169 -0.7077 -0.3445
vn -0.1065 -0.9869 0.1216
vn -0.0438 -0.8982 -0.4374
vn -0.1051 -0.5865 -0.8031
vn -0.8121 0.0998 -0.5749
vn -0.0673 0.2034 -0.9768
vn 0.5296 -0.3490 -0.7731
vn -0.6237 -0.4809 -0.6163
vn -0.0325 -0.4154 -0.9091
vn -0.0381 -0.9573 0.2864
vn 0.6179 -0.7777 0.1156
vn -1.0000 -0.0011 0.0017
vn -0.9688 0.1135 0.2202
vn -0.8363 0.3727 0.4021
vn -1.0000 -0.0006 0.0027
vn -1.0000 -0.0003 -0.0001
vn -1.0000 0.0035 0.0008
vn -0.0436 -0.9054 0.4222
vn -0.0975 -0.9247 0.3680
vn 0.7793 0.0027 0.6266
vn 0.9447 0.0027 0.3278
vn -0.0524 0.0047 0.9986
vn -0.0522 0.0049 0.9986
vn -0.4762 0.6426 0.6002
vn -0.5050 0.7861 0.3565
vn -0.5117 0.7991 0.3156
vn -0.5343 0.7495 -0.3909
vn -0.4806 0.8764 -0.0299
vn -0.5489 0.8036 -0.2298
vn 0.0949 0.9953 -0.0171
vn 0.7688 0.3768 -0.5167
vn 0.9053 0.3092 -0.2913
vn -0.9442 0.0140 -0.3289
vn -0.4908 0.7868 -0.3744
vn 0.6168 0.7077 -0.3445
vn 0.1065 0.9869 0.1216
vn 0.0438 0.8982 -0.4374
vn 0.1051 0.5865 -0.8031
vn 0.8121 -0.0998 -0.5749
vn 0.0673 -0.2034 -0.9768
vn -0.5296 0.3490 -0.7731
vn 0.6237 0.4809 -0.6163
vn 0.0325 0.4154 -0.9091
vn 0.0381 0.9573 0.2864
vn -0.6179 0.7777 0.1156
vn 1.0000 0.0011 0.0017
vn 1.0000 0.0002 -0.0000
vn 1.0000 0.0003 -0.0001
vn 1.0000 0.0006 0.0027
vn 0.9688 -0.1135 0.2202
vn 0.8363 -0.3727 0.4021
vn 1.0000 -0.0035 0.0008
vn 0.0436 0.9054 0.4222
vn 0.0975 0.9247 0.3680
vn -0.7793 -0.0027 0.6266
vn -0.9447 -0.0027 0.3278
vn 0.0524 -0.0047 0.9986
vn 0.0522 -0.0049 0.9986
vn 0.4762 -0.6426 0.6002
vn 0.5050 -0.7861 0.3565
vn 0.5117 -0.7991 0.3156
vn 0.5343 -0.7495 -0.3909
vn 0.4806 -0.8764 -0.0299
vn 0.5489 -0.8036 -0.2298
vn 0.3325 0.3301 -0.8834
vn -0.4977 -0.6411 -0.5842
vn -0.5155 -0.7185 -0.4670
vn -0.5327 -0.7860 -0.3137
vn -0.4899 -0.8691 -0.0680
vn -0.4746 -0.8172 0.3271
vn -0.5236 -0.8511 0.0379
vn -0.5339 -0.7062 0.4650
vn 0.4382 -0.4996 0.7473
vn -0.2266 -0.1763 0.9579
vn -0.7356 0.4029 -0.5445
vn 0.8902 0.3227 -0.3216
vn -0.8583 0.4517 -0.2433
vn -0.6948 0.7146 -0.0812
vn 0.4495 0.8301 -0.3299
vn -0.8012 -0.1156 -0.5871
vn 0.5846 0.2865 -0.7591
vn -0.1150 0.3005 -0.9468
vn -0.0134 0.5906 -0.8069
vn -0.0934 0.9242 -0.3704
vn -0.0016 0.9952 -0.0978
vn -0.0852 0.9294 0.3591
vn -0.5912 0.4820 -0.6466
vn 1.0000 -0.0073 0.0020
vn 1.0000 0.0008 -0.0007
vn 1.0000 0.0027 -0.0003
vn 1.0000 0.0045 0.0006
vn 1.0000 0.0024 -0.0003
vn 0.7782 -0.0072 0.6280
vn 1.0000 0.0009 -0.0008
vn 1.0000 -0.0007 0.0001
vn 1.0000 0.0020 -0.0036
vn 1.0000 -0.0008 -0.0012
vn 0.6040 0.7970 0.0027
vn 1.0000 0.0003 -0.0007
vn -1.0000 0.0002 0.0003
vn -1.0000 0.0003 0.0005
vn -1.0000 0.0006 0.0014
vn -1.0000 0.0002 0.0032
vn -1.0000 -0.0011 0.0034
vn -1.0000 -0.0037 0.0006
vn -1.0000 0.0013 0.0007
vn -0.0974 0.9247 0.3680
vn -0.0436 0.9054 0.4222
vn -0.0520 -0.0148 0.9985
vn -0.3325 -0.3301 -0.8834
vn 0.4977 0.6411 -0.5842
vn 0.5155 0.7185 -0.4670
vn 0.5327 0.7860 -0.3137
vn 0.4899 0.8691 -0.0680
vn 0.4746 0.8172 0.3271
vn 0.5236 0.8511 0.0379
vn 0.5339 0.7062 0.4649
vn -0.4382 0.4996 0.7473
vn 0.2266 0.1763 0.9579
vn 0.7356 -0.4029 -0.5445
vn -0.8902 -0.3227 -0.3216
vn 0.8583 -0.4517 -0.2433
vn 0.6948 -0.7146 -0.0812
vn -0.4495 -0.8301 -0.3299
vn 0.8012 0.1156 -0.5871
vn -0.5846 -0.2865 -0.7591
vn 0.1150 -0.3005 -0.9468
vn 0.0134 -0.5906 -0.8069
vn 0.0934 -0.9242 -0.3704
vn 0.0016 -0.9952 -0.0978
vn 0.0852 -0.9294 0.3591
vn 0.5912 -0.4820 -0.6466
vn -1.0000 0.0073 0.0020
vn -1.0000 -0.0008 -0.0007
vn -1.0000 -0.0027 -0.0003
vn -0.6040 -0.7970 0.0027
vn -0.7782 0.0072 0.6280
vn -1.0000 -0.0009 -0.0008
vn -1.0000 -0.0024 -0.0003
vn -1.0000 -0.0045 0.0006
vn -1.0000 0.0008 -0.0012
vn -1.0000 0.0007 0.0001
vn -1.0000 -0.0020 -0.0036
vn -1.0000 -0.0003 -0.0007
vn 1.0000 -0.0006 0.0014
vn 1.0000 -0.0002 0.0032
vn 1.0000 -0.0003 0.0005
vn 1.0000 -0.0002 0.0003
vn 1.0000 0.0011 0.0034
vn 1.0000 -0.0013 0.0007
vn 0.0974 -0.9247 0.3680
vn 0.0436 -0.9054 0.4222
vn 0.0520 0.0148 0.9985
vn 0.0411 0.3454 0.9376
vn -0.0178 -0.0000 0.9998
vn -0.0143 0.0004 0.9999
vn -0.4714 -0.0165 0.8818
vn 0.0466 -0.0000 0.9989
vn 0.0493 -0.3801 0.9236
vn 0.6438 0.0124 0.7651
vn 0.6476 -0.2765 0.7100
vn 0.0097 0.4453 0.8953
vn 0.6213 -0.7197 0.3100
vn 0.7966 -0.5605 0.2263
vn 0.0404 -0.9985 -0.0368
vn 0.6852 -0.1132 -0.7195
vn 0.0559 -0.5746 -0.8165
vn 0.0516 -0.9197 -0.3892
vn 0.7041 -0.0012 -0.7101
vn 0.0230 0.1409 -0.9898
vn 0.7975 0.5711 0.1943
vn -0.0121 0.9330 0.3596
vn 0.0325 0.9907 -0.1318
vn 0.0344 0.8345 -0.5500
vn 0.0554 0.4535 -0.8895
vn 0.7448 -0.6377 0.1963
vn -0.0182 -0.9970 -0.0757
vn 0.9950 0.0141 -0.0987
vn 0.7266 -0.1997 0.6574
vn -0.0659 0.7842 0.6170
vn 0.0391 0.9919 -0.1211
vn 0.5908 -0.8038 0.0695
vn -0.4131 -0.2036 0.8876
vn 0.1267 -0.4385 0.8897
vn 0.9773 -0.1025 0.1853
vn 0.5330 0.3274 0.7802
vn 0.1569 -0.7894 0.5935
vn -0.7536 0.3143 0.5773
vn -0.5173 0.8219 0.2385
vn -0.0925 0.7201 0.6877
vn -0.1867 0.9821 0.0263
vn 0.9830 0.0783 -0.1659
vn 0.0070 0.0968 0.9953
vn -0.6762 -0.0720 -0.7332
vn -0.8004 -0.0006 -0.5995
vn 0.0999 -0.8746 -0.4745
vn -0.6979 -0.6332 -0.3347
vn -0.6587 -0.5086 -0.5545
vn -0.6565 -0.3824 -0.6502
vn -0.6939 -0.2096 -0.6889
vn -0.6325 -0.7703 -0.0809
vn -0.0210 0.8764 0.4811
vn 0.0559 0.8245 0.5631
vn -0.0580 0.9912 0.1190
vn -0.1086 0.5837 0.8046
vn -0.0464 0.4229 0.9050
vn 0.0051 -0.6013 0.7990
vn -0.0531 -0.9731 0.2241
vn -1.0000 -0.0016 0.0002
vn 0.0500 0.5621 0.8256
vn -0.9991 -0.0000 -0.0434
vn -1.0000 -0.0034 -0.0081
vn -1.0000 -0.0026 -0.0037
vn -0.9997 -0.0210 -0.0150
vn -1.0000 -0.0001 -0.0012
vn -0.9899 0.1418 -0.0078
vn -0.3939 0.4196 -0.8178
vn -0.9959 -0.0326 -0.0842
vn 0.7344 -0.0685 0.6752
vn -0.9779 -0.1099 -0.1779
vn 0.6764 0.0716 -0.7331
vn 0.7047 0.0007 -0.7095
vn -0.1015 0.8766 -0.4703
vn 0.6979 0.6332 -0.3347
vn 0.6587 0.5086 -0.5545
vn 0.6555 0.3829 -0.6509
vn 0.6941 0.2101 -0.6885
vn 0.6325 0.7703 -0.0809
vn 0.0220 -0.8795 0.4754
vn -0.0559 -0.8245 0.5631
vn 0.0580 -0.9912 0.1190
vn 0.1086 -0.5837 0.8046
vn 0.0467 -0.4237 0.9046
vn -0.0051 0.6013 0.7990
vn 0.0531 0.9731 0.2241
vn 1.0000 0.0016 0.0002
vn -0.0500 -0.5620 0.8256
vn 1.0000 0.0026 -0.0037
vn 1.0000 0.0034 -0.0081
vn 0.9997 0.0210 -0.0150
vn 0.9899 -0.1418 -0.0078
vn -0.8261 -0.5237 0.2082
vn -1.0000 0.0021 0.0015
vn 0.0064 0.0883 0.9961
vn -0.8564 -0.0191 -0.5160
vn -0.0148 -0.0625 -0.9979
vn -0.0136 0.8449 -0.5348
vn -0.0142 0.9086 0.4175
vn -0.8494 -0.3389 -0.4045
vn -0.0213 -0.8386 0.5444
vn -0.0216 -0.9362 -0.3509
vn -0.8783 0.3369 -0.3391
vn -0.8241 -0.5381 0.1769
vn -0.8231 -0.1097 0.5572
vn -1.0000 0.0012 0.0015
vn -0.8654 0.4086 0.2900
vn -1.0000 -0.0004 0.0008
vn -0.8938 0.3286 -0.3052
vn -0.0450 -0.7645 0.6430
vn -1.0000 0.0005 0.0017
vn -1.0000 -0.0002 0.0019
vn -0.8054 -0.2289 0.5467
vn -1.0000 -0.0056 0.0066
vn -0.8653 0.4089 0.2900
vn -1.0000 0.0017 0.0021
vn -1.0000 -0.0013 -0.0016
vn -0.0135 0.2672 0.9635
vn -0.0147 -0.6438 0.7651
vn -0.0145 -0.9735 -0.2281
vn -0.0141 0.8897 0.4564
vn -0.0161 0.7863 -0.6177
vn -1.0000 -0.0002 -0.0049
vn -0.0226 0.2329 -0.9722
vn 0.0031 -0.0880 -0.9961
vn 0.2856 -0.3974 0.8721
vn -1.0000 -0.0003 -0.0037
vn -0.0191 0.4719 -0.8814
vn -0.0120 0.9993 -0.0352
vn -0.0138 0.5958 0.8030
vn 0.0166 -0.9901 0.1393
vn -0.0016 -0.0489 -0.9988
vn -1.0000 -0.0000 0.0004
vn -0.8293 -0.0130 0.5586
vn -0.8784 0.3369 -0.3391
vn -0.8458 0.4145 0.3359
vn -0.8688 0.4774 -0.1315
vn -0.8245 -0.5381 0.1753
vn -0.9999 0.0101 -0.0004
vn -1.0000 0.0074 0.0003
vn -0.8021 -0.5511 0.2301
vn -0.9997 -0.0240 0.0017
vn -1.0000 -0.0014 -0.0065
vn -0.0096 -0.3800 0.9249
vn -0.0129 0.5995 0.8003
vn -1.0000 0.0020 -0.0083
vn -0.0174 0.2174 -0.9759
vn 0.0025 -0.9596 0.2814
vn -0.0114 0.9984 -0.0546
vn -1.0000 0.0072 -0.0033
vn -0.0306 0.7544 -0.6557
vn -1.0000 0.0052 -0.0056
vn -0.0122 -0.7114 -0.7027
vn 0.0370 0.9504 0.3089
vn 0.1080 0.6948 -0.7111
vn 0.0399 0.9699 -0.2401
vn -0.0098 0.9084 0.4179
vn 0.0135 0.4068 0.9134
vn -0.0440 0.3043 0.9516
vn 0.0177 -0.2969 -0.9548
vn 0.0018 0.3137 -0.9495
vn -0.0320 0.0005 -0.9995
vn -0.0263 -0.0007 -0.9997
vn 0.1063 -0.6643 -0.7399
vn -0.0341 -0.3526 0.9352
vn -0.6241 -0.7106 0.3249
vn -0.6455 -0.7288 -0.2282
vn -0.0570 0.9984 -0.0030
vn -0.5980 -0.2406 0.7645
vn -0.2061 0.9767 -0.0595
vn -0.5734 -0.2498 -0.7803
vn 0.8001 0.5456 0.2492
vn -0.0483 0.8983 -0.4366
vn 0.0118 0.3807 -0.9246
vn 0.0060 0.3273 -0.9449
vn -0.0297 0.3845 0.9226
vn 0.7952 0.2121 0.5680
vn -0.0220 -0.2969 -0.9547
vn 0.0364 0.0008 -0.9993
vn -0.0248 -0.4068 -0.9132
vn 0.0261 -0.9133 -0.4065
vn 0.1299 -0.9827 -0.1322
vn 0.0393 0.0005 0.9992
vn 0.0339 -0.0000 0.9994
vn 0.0054 -0.3123 0.9500
vn 0.0004 -0.4170 0.9089
vn -0.0233 -0.9211 0.3887
vn 0.1088 -0.9818 0.1558
vn -0.0616 0.9981 0.0009
vn 0.0617 -0.2110 0.9755
vn -0.6320 0.2663 0.7277
vn 0.0594 -0.9491 0.3092
vn -0.6213 -0.5322 0.5751
vn 0.0879 -0.6400 -0.7633
vn -0.6225 -0.7317 -0.2776
vn -0.0734 0.0959 -0.9927
vn 0.0668 0.4401 0.8955
vn -0.6015 0.7789 0.1778
vn 0.0670 -0.6387 0.7665
vn -0.0676 0.0525 0.9963
vn 0.0077 -0.9391 -0.3435
vn -0.0243 -0.8221 0.5688
vn -0.5859 0.1511 -0.7962
vn -0.6104 -0.7107 -0.3496
vn 0.0924 0.7736 0.6269
vn 0.0617 -0.2109 0.9756
vn -0.5874 0.5927 0.5511
vn 0.0086 -0.1918 0.9814
vn 0.0595 -0.9483 0.3117
vn -0.6209 -0.4978 0.6055
vn 0.1029 -0.6317 -0.7684
vn -0.6236 -0.7427 -0.2441
vn -0.0086 -0.1918 -0.9814
vn -0.0319 0.8151 -0.5785
vn 0.0533 0.7411 0.6693
vn 0.0492 0.8834 -0.4661
vn -0.6106 0.7729 0.1724
vn 0.0518 -0.2635 0.9633
vn -0.0715 0.0259 0.9971
vn 0.0875 -0.9908 0.1030
vn -0.0570 -0.9047 0.4223
vn 0.1049 -0.2357 -0.9661
vn -0.6113 -0.6130 -0.5005
vn -0.6077 0.2801 -0.7431
vn 0.0437 0.7317 -0.6803
vn -0.0437 0.7317 0.6803
vn -0.6120 -0.1517 -0.7762
vn 0.0709 0.9536 0.2926
vn 0.0332 0.4264 0.9039
vn 0.0435 -0.3146 0.9482
vn 0.0128 -0.8454 0.5340
vn 0.0214 -0.8651 -0.5011
vn 0.0182 -0.9276 -0.3730
vn 0.0390 -0.2879 -0.9569
vn -0.0548 -0.4217 -0.9051
vn 0.0139 0.2928 -0.9561
vn 0.0711 0.6549 -0.7523
vn 0.0086 0.8076 -0.5896
vn -0.0041 0.9794 0.2018
vn -0.0346 0.8203 0.5709
vn 0.0055 0.4663 0.8846
vn 0.0523 0.9916 0.1183
vn -0.0304 -0.4328 0.9010
vn -0.0134 -0.1612 0.9868
vn 0.0316 -0.9348 0.3537
vn 0.0894 -0.6323 -0.7696
vn 0.0225 -0.9436 -0.3304
vn 0.0024 -0.4457 -0.8952
vn 0.0449 0.1784 -0.9829
vn 0.0734 0.5244 -0.8483
vn 0.0069 0.8992 -0.4376
vn -0.0006 -0.8543 0.5198
vn 0.9997 -0.0238 0.0100
vn 0.9997 -0.0250 -0.0056
vn 0.9996 -0.0107 0.0259
vn 0.9997 -0.0144 -0.0221
vn 0.9995 0.0093 -0.0307
vn 0.9996 0.0105 0.0266
vn 0.9996 0.0261 -0.0103
vn 0.9996 0.0240 0.0118
vn 0.0253 0.9414 0.3365
vn -0.0253 0.8657 0.4999
vn -0.0611 0.9013 -0.4289
vn 0.0743 0.3636 -0.9286
vn 0.0736 0.2274 -0.9710
vn -0.0367 -0.4550 -0.8897
vn 0.0066 -0.6108 -0.7918
vn 0.0161 -0.9717 -0.2359
vn 0.0363 -0.9008 0.4327
vn -0.0329 -0.9708 -0.2377
vn 0.0414 -0.9001 0.4337
vn -0.0643 -0.3677 0.9277
vn 0.0538 0.2772 0.9593
vn 0.0510 0.4035 0.9135
vn -0.0559 -0.4859 0.8722
vn -0.0560 0.9525 -0.2993
vn -0.9997 0.0232 0.0106
vn -0.9997 0.0243 -0.0100
vn -0.4854 0.8626 -0.1425
vn -0.9996 0.0095 0.0254
vn -0.1171 0.5598 0.8203
vn -0.9997 -0.0232 0.0115
vn -0.9996 -0.0131 0.0242
vn -0.1494 -0.9492 0.2771
vn -0.1775 -0.1647 0.9703
vn -0.9996 -0.0267 -0.0055
vn -0.0881 -0.8004 -0.5929
vn -0.9997 0.0083 -0.0228
vn -0.5444 0.0820 -0.8348
vn -0.9997 -0.0143 -0.0221
vn 0.9956 -0.0634 0.0697
vn 0.9932 -0.1141 -0.0242
vn 0.9930 0.1059 0.0527
vn 0.9959 0.0362 0.0829
vn 0.9940 -0.0502 -0.0974
vn 0.9952 0.0680 -0.0708
vn -0.6458 -0.7271 0.2330
vn -0.0341 -0.9797 -0.1977
vn -0.0366 -0.6698 0.7417
vn -0.6527 -0.2610 0.7112
vn -0.0444 0.2027 0.9782
vn -0.6646 0.3122 0.6789
vn 0.0228 0.9184 0.3950
vn -0.0980 0.9919 -0.0806
vn -0.0051 0.6884 -0.7253
vn -0.3682 -0.0010 -0.9298
vn 0.0045 -0.4384 -0.8988
vn -0.6333 -0.6191 -0.4644
vn -0.4004 0.8189 -0.4112
vn -0.4018 0.7344 0.5470
vn -0.5070 0.3807 -0.7733
vn -0.9952 0.0802 0.0560
vn -0.9998 -0.0049 0.0171
vn 0.9991 -0.0115 0.0415
vn 0.9989 -0.0449 0.0135
vn 0.9997 0.0242 0.0085
vn 0.9996 0.0107 0.0272
vn 0.9996 -0.0279 -0.0064
vn 0.9997 -0.0096 -0.0214
vn 0.9996 0.0085 -0.0280
vn 0.9996 0.0263 -0.0119
vn 0.0668 0.9161 -0.3954
vn -0.0882 0.9427 0.3217
vn 0.0624 0.8558 -0.5136
vn -0.0100 0.4178 -0.9085
vn 0.0347 0.2887 -0.9568
vn -0.2069 -0.4838 -0.8504
vn 0.2450 -0.8488 -0.4684
vn 0.0023 -0.9919 -0.1271
vn 0.0163 -0.9034 0.4284
vn 0.0620 0.2895 0.9552
vn 0.0443 0.4239 0.9046
vn -0.0736 0.8871 0.4556
vn 0.0245 -0.1633 -0.9863
vn -0.9996 0.0092 0.0257
vn -0.9996 0.0247 0.0104
vn -0.1504 0.9370 0.3152
vn -0.9997 0.0227 -0.0107
vn -0.9997 -0.0070 -0.0223
vn -0.0839 -0.1552 -0.9843
vn -0.2191 0.6587 -0.7198
vn -0.9997 -0.0230 -0.0106
vn -0.0933 -0.9541 0.2845
vn -0.0973 -0.8448 -0.5261
vn -0.9996 -0.0243 0.0113
vn -0.9996 -0.0128 0.0243
vn -0.1055 -0.2184 0.9701
vn -0.9997 0.0071 -0.0221
vn 0.9955 -0.0686 0.0657
vn 0.9931 -0.1165 -0.0150
vn 0.9952 0.0951 -0.0217
vn 0.9952 0.0640 0.0743
vn 0.9906 0.0168 0.1359
vn 0.9930 -0.0643 -0.0990
vn 0.9925 0.0301 -0.1186
vn -0.6735 -0.7178 0.1768
vn -0.0687 -0.9896 -0.1261
vn -0.0568 -0.7444 0.6653
vn -0.6598 -0.3747 0.6514
vn 0.0260 -0.0275 0.9993
vn -0.4454 0.1224 0.8869
vn -0.0235 0.7480 0.6633
vn -0.6340 0.7692 0.0795
vn -0.0277 0.9659 -0.2574
vn -0.4075 0.6049 -0.6841
vn 0.0206 0.2796 -0.9599
vn -0.4574 -0.2196 -0.8617
vn 0.0060 -0.5616 -0.8274
vn -0.6501 -0.6440 -0.4032
vn -0.7102 0.4895 0.5059
vn -0.4866 0.2164 -0.8464
vn -0.9996 0.0066 0.0291
vn 0.9996 0.0084 0.0280
vn 0.9995 -0.0162 0.0270
vn 0.9996 -0.0243 0.0111
vn 0.9997 -0.0256 -0.0059
vn 0.9996 0.0263 0.0104
vn 0.9996 -0.0158 -0.0242
vn 0.9994 0.0309 -0.0167
vn 0.9995 0.0101 -0.0302
vn 0.0611 0.9105 -0.4090
vn -0.0743 0.9430 0.3243
vn 0.0560 0.8449 -0.5319
vn -0.0253 0.3533 -0.9352
vn 0.0117 0.1771 -0.9841
vn -0.0157 -0.4727 -0.8811
vn 0.0122 -0.6223 -0.7827
vn -0.0461 -0.9707 -0.2357
vn 0.0246 -0.9074 0.4195
vn 0.0414 -0.9078 0.4173
vn -0.0036 -0.5142 0.8576
vn 0.0055 -0.3954 0.9185
vn 0.0005 0.2122 0.9772
vn 0.0381 0.3867 0.9214
vn -0.9997 0.0227 -0.0111
vn -0.9997 0.0062 -0.0247
vn -0.1193 0.8121 -0.5712
vn -0.9996 -0.0164 -0.0236
vn -0.1074 -0.6725 -0.7322
vn -0.0873 0.8347 0.5438
vn -0.2842 -0.1504 0.9469
vn -0.9997 -0.0251 -0.0047
vn -0.9997 -0.0210 0.0105
vn -0.1743 -0.9494 0.2612
vn -0.9997 -0.0129 0.0228
vn 0.9950 -0.0663 0.0746
vn 0.9947 -0.0994 -0.0272
vn 0.9928 0.0596 -0.1037
vn 0.9938 0.1101 0.0172
vn 0.9951 0.0401 0.0905
vn 0.9938 -0.0300 -0.1066
vn -0.6481 -0.7246 0.2344
vn -0.0260 0.2995 0.9537
vn -0.6307 0.7760 0.0072
vn 0.0239 0.6112 -0.7911
vn -0.4196 -0.1443 -0.8962
vn 0.0269 -0.4371 -0.8990
vn -0.6344 -0.6278 -0.4511
vn -0.4269 0.6389 -0.6400
vn -0.5454 0.2293 -0.8062
vn -0.9997 0.0021 0.0242
vn 0.9996 0.0110 0.0242
vn 0.9996 -0.0133 0.0254
vn 0.9995 -0.0316 0.0029
vn 0.9996 0.0091 -0.0266
vn 0.9996 0.0274 0.0095
vn 0.9996 0.0246 -0.0106
vn 0.9996 -0.0178 -0.0231
vn 0.0422 0.9077 0.4175
vn 0.0510 0.9575 0.2838
vn -0.0550 0.9084 -0.4144
vn 0.1174 0.5286 -0.8407
vn -0.0461 0.2213 -0.9741
vn 0.2841 -0.2034 -0.9370
vn -0.1589 -0.6052 -0.7800
vn 0.2109 -0.8643 -0.4567
vn 0.0276 -0.9986 0.0451
vn 0.0517 -0.9718 0.2300
vn -0.1891 -0.4402 0.8777
vn 0.2910 0.1040 0.9511
vn -0.2052 0.5287 0.8237
vn 0.0487 -0.7412 0.6695
vn -0.0510 0.9576 -0.2836
vn -0.9997 0.0237 -0.0081
vn -0.9997 0.0097 -0.0221
vn -0.2200 0.5561 -0.8015
vn -0.9996 -0.0060 -0.0266
vn -0.9996 -0.0168 0.0234
vn -0.1224 -0.1847 0.9751
vn -0.0374 -0.7880 0.6145
vn -0.9997 0.0054 0.0239
vn -0.9997 0.0228 0.0104
vn -0.0907 0.9481 0.3047
vn -0.9996 -0.0230 -0.0150
vn -0.1232 -0.5043 -0.8547
vn -0.1138 -0.9914 -0.0646
vn -0.9996 -0.0275 0.0028
vn 0.9917 0.0309 0.1244
vn 0.9947 -0.0841 0.0594
vn 0.9956 -0.0006 -0.0940
vn 0.9945 0.0992 -0.0342
vn 0.9926 -0.1049 -0.0606
vn 0.9934 0.1025 0.0515
vn -0.6495 -0.6964 -0.3053
vn -0.0295 -0.9117 -0.4098
vn -0.0129 -0.8198 0.5725
vn -0.3019 -0.4909 0.8173
vn 0.0234 0.1105 0.9936
vn -0.4552 0.1364 0.8799
vn -0.0508 0.8940 0.4452
vn -0.6625 0.7489 0.0163
vn 0.0320 0.8617 -0.5064
vn -0.4245 0.7464 -0.5125
vn 0.0040 0.0176 -0.9998
vn -0.4564 -0.3194 -0.8305
vn -0.6962 0.2791 -0.6613
vn -0.6543 0.5195 0.5496
vn -0.4126 -0.8966 0.1607
vn -0.9999 -0.0069 0.0120
vn 0.0019 0.9159 0.4014
vn -0.6210 -0.2394 0.7464
vn -0.6255 -0.7365 0.2576
vn -0.0301 -0.8334 -0.5518
vn -0.0420 0.0919 -0.9949
vn 0.0059 0.8730 -0.4877
vn -0.6387 0.3775 0.6705
vn -0.6141 -0.6690 0.4186
vn -0.0073 -0.9450 -0.3269
vn -0.5880 0.0343 0.8082
vn -0.6147 0.7229 0.3155
vn 0.0014 0.9503 -0.3112
vn 0.0075 0.4269 -0.9043
vn -0.0087 -0.3536 -0.9354
vn -0.1114 -0.9814 -0.1562
vn -0.1574 -0.9727 0.1706
vn -0.1312 -0.9753 -0.1779
vn 0.1641 -0.9702 -0.1781
vn 0.6120 -0.7127 -0.3428
vn -0.6144 -0.7049 -0.3544
vn -0.6120 -0.7120 -0.3443
vn 0.1067 -0.9819 0.1567
vn -0.6226 -0.7308 -0.2798
vn 0.6132 -0.7079 0.3504
vn 0.6143 -0.7051 0.3542
vn -0.6144 -0.7091 0.3460
vn 0.6144 -0.7048 -0.3547
vn -0.6132 -0.7083 0.3496
vn -0.1713 -0.9699 0.1732
vn -0.6395 -0.7209 0.2673
vn 0.0187 -0.4175 -0.9085
vn -0.0012 -0.3296 -0.9441
vn -0.0006 -0.0015 -1.0000
vn 0.0072 0.4069 -0.9134
vn -0.0005 0.0041 -1.0000
vn -0.7980 0.2094 -0.5652
vn 0.0007 -0.0034 -1.0000
vn -0.8093 0.5382 -0.2354
vn -0.0012 0.9434 -0.3317
vn 0.0009 0.9108 0.4128
vn 0.8094 0.5379 0.2357
vn 0.7994 0.2111 0.5625
vn -0.0272 0.3548 0.9345
vn 0.0001 0.0037 1.0000
vn -0.0000 -0.0033 1.0000
vn -0.0002 -0.0030 1.0000
vn -0.0000 0.0034 1.0000
vn 0.0257 -0.4049 0.9140
vn 0.0009 -0.3446 0.9388
vn -0.0000 -0.3007 -0.9537
vn -0.0000 -0.3007 0.9537
vn -0.0000 0.3007 0.9537
vn -0.0000 0.8870 0.4617
vn -0.0000 0.8870 0.4618
vn -0.0000 0.5736 0.8191
vn -0.0000 0.8870 -0.4617
vn -0.0000 0.8870 -0.4618
vn -0.0000 0.5736 -0.8191
vn -0.0000 0.3007 -0.9537
vn -0.6321 -0.3065 -0.7117
vn -0.0146 -0.3390 -0.9407
vn -0.6497 0.2701 -0.7106
vn 0.0147 0.4116 -0.9112
vn -0.0281 -0.0015 -0.9996
vn -0.6335 0.7138 -0.2987
vn 0.0404 0.9415 -0.3346
vn -0.6353 0.7076 0.3093
vn -0.7979 0.5643 0.2118
vn -0.6408 -0.3185 0.6985
vn -0.6419 0.2418 0.7276
vn -0.8051 0.2357 0.5443
vn -0.0262 -0.0012 0.9997
vn 0.0088 -0.3330 0.9429
vn -0.0000 -0.5736 0.8192
vn -0.8627 -0.5042 -0.0389
vn -0.8414 0.4787 0.2509
vn -0.8224 -0.1464 -0.5498
vn -0.8321 0.4036 -0.3804
vn -0.8308 0.1745 -0.5285
vn -0.8383 0.5429 -0.0489
vn -0.8680 -0.1078 0.4847
vn -0.8144 0.5635 0.1388
vn 0.8627 0.5042 -0.0389
vn 0.8680 0.1078 0.4847
vn 0.8414 -0.4787 0.2508
vn 0.8393 -0.0414 0.5420
vn 0.8824 -0.3006 0.3620
vn 0.8721 -0.4797 0.0967
vn 0.8749 -0.4080 -0.2608
vn 0.8224 0.1464 -0.5498
vn 0.0127 -0.6546 0.7559
vn 0.0239 0.5058 0.8623
vn 0.0180 -0.6224 0.7825
vn 0.0524 -0.9376 -0.3438
vn 0.0760 0.1736 -0.9819
vn -0.0360 -0.4727 -0.8805
vn 0.0511 0.9911 -0.1226
vn -0.0518 0.5679 -0.8214
vn -0.0239 0.9970 0.0731
vn -0.0172 0.4410 0.8973
vn -0.0054 -0.9912 -0.1320
vn 0.0197 0.5045 0.8632
vn 0.0367 -0.9382 -0.3441
vn 0.0546 0.1688 -0.9841
vn 0.0440 0.9922 -0.1168
vn -0.0198 0.9488 -0.3153
vn -0.0440 0.6322 0.7735
vn -0.0477 0.2163 -0.9752
vn 0.0700 -0.6571 0.7505
vn 0.0547 0.4051 0.9127
vn -0.0510 -0.1518 0.9871
vn 0.0576 -0.9487 -0.3109
vn -0.0610 -0.9461 0.3180
vn 0.0547 -0.2269 -0.9724
vn -0.0587 -0.6838 -0.7273
vn 0.0484 0.7245 -0.6876
vn -0.0482 0.2410 -0.9693
vn 0.0396 0.9738 0.2238
vn -0.0533 0.7527 0.6562
vn -0.0574 0.9466 -0.3173
vn 0.0861 -0.2162 0.9725
vn -0.0601 -0.8842 0.4633
vn -0.0634 -0.7420 -0.6674
vn 0.0634 0.7420 -0.6674
vn 0.0601 0.8842 0.4633
vn -0.0861 0.2162 0.9725
vn 0.0868 -0.9933 -0.0767
vn 0.0662 -0.2568 -0.9642
vn -0.0662 0.2568 -0.9642
vn -0.0868 0.9933 -0.0767
vn 0.0110 -0.9969 0.0778
vn 0.0390 -0.4027 0.9145
vn -0.0488 -0.9577 0.2835
vn 0.0208 -0.6565 -0.7541
vn -0.0830 -0.4840 -0.8711
vn -0.0905 0.8280 -0.5534
vn 0.0439 0.5559 0.8301
vn -0.0521 0.7677 0.6387
vn -0.0434 -0.1530 0.9873
vn 0.0325 -0.7943 0.6066
vn 0.0289 0.0618 0.9977
vn 0.0072 -0.9318 -0.3628
vn 0.0460 -0.2575 -0.9652
vn -0.0993 -0.2128 -0.9720
vn 0.0376 0.6821 -0.7303
vn 0.0567 0.9364 0.3464
vn -0.0660 0.9135 -0.4014
vn -0.0311 0.7981 0.6018
vn 0.0429 -0.7186 0.6941
vn 0.0023 0.3520 0.9360
vn -0.0573 0.1918 0.9797
vn 0.0505 -0.9441 -0.3256
vn -0.0739 -0.9258 0.3707
vn 0.0530 -0.2284 -0.9721
vn -0.0641 -0.6715 -0.7383
vn -0.0656 0.3601 -0.9306
vn -0.0635 0.9974 0.0353
vn 0.8393 -0.0414 0.5421
vn 0.8717 -0.4802 0.0976
vn -0.8693 -0.3161 0.3801
vn -0.8364 -0.5269 -0.1509
vn 0.0132 -0.6393 0.7688
vn 0.0296 0.6320 0.7744
vn -0.0296 -0.6320 0.7744
vn 0.0252 -0.9611 -0.2752
vn 0.0550 -0.2052 -0.9772
vn -0.0601 -0.8490 -0.5250
vn 0.0601 0.8490 -0.5250
vn -0.0550 0.2052 -0.9772
vn -0.0252 0.9611 -0.2752
vn -0.0132 0.6393 0.7688
vn 0.0375 -0.9908 0.1301
vn 0.0876 -0.1571 0.9837
vn -0.0335 -0.5639 0.8252
vn 0.0339 -0.6308 -0.7752
vn -0.0288 -0.9996 -0.0076
vn 0.0536 0.4435 -0.8946
vn -0.0459 -0.4111 -0.9105
vn 0.0776 0.9686 0.2364
vn -0.0128 0.6416 -0.7669
vn -0.0301 0.4191 0.9074
vn -0.0168 0.9968 0.0780
vn 0.0322 -0.7949 0.6059
vn 0.0374 0.0761 0.9964
vn 0.0428 -0.9102 -0.4121
vn 0.0978 0.2209 -0.9704
vn -0.0978 -0.2209 -0.9704
vn 0.0979 0.9753 0.1981
vn -0.0428 0.9102 -0.4121
vn -0.0322 0.7949 0.6059
vn 0.0636 -0.2584 -0.9639
vn -0.0700 -0.7311 -0.6787
vn 0.0596 0.7480 -0.6610
vn -0.0717 0.3441 -0.9362
vn 0.0626 0.8862 0.4591
vn -0.0773 0.9969 0.0161
vn -0.0762 0.2027 0.9763
vn 1.0000 0.0010 -0.0010
vn 1.0000 0.0011 0.0042
vn 1.0000 0.0003 0.0035
vn 1.0000 -0.0006 -0.0011
vn 1.0000 -0.0031 0.0011
vn 1.0000 0.0020 0.0009
vn 1.0000 0.0001 0.0007
vn 1.0000 0.0001 -0.0000
vn 1.0000 0.0001 -0.0074
vn 1.0000 0.0071 0.0023
vn 1.0000 0.0009 0.0002
vn 1.0000 -0.0005 -0.0010
vn 1.0000 -0.0004 -0.0001
vn 1.0000 0.0003 -0.0029
vn 1.0000 0.0012 0.0005
vn 1.0000 0.0003 0.0004
vn 1.0000 0.0007 -0.0018
vn 1.0000 -0.0002 -0.0023
vn 1.0000 -0.0003 -0.0013
vn 1.0000 0.0009 -0.0002
vn 1.0000 0.0001 -0.0029
vn 1.0000 -0.0003 -0.0005
vn 1.0000 -0.0004 0.0002
vn 1.0000 -0.0010 -0.0017
vn 1.0000 -0.0009 -0.0011
vn 1.0000 -0.0022 -0.0015
vn 1.0000 -0.0037 -0.0002
vn 1.0000 -0.0008 0.0003
vn 1.0000 -0.0006 -0.0003
vn 1.0000 0.0010 -0.0006
vn 1.0000 -0.0005 0.0004
vn 1.0000 0.0038 -0.0004
vn 1.0000 0.0001 -0.0007
vn 1.0000 0.0013 0.0003
vn 1.0000 0.0002 -0.0008
vn 1.0000 0.0003 -0.0015
vn 1.0000 -0.0008 -0.0014
vn 1.0000 -0.0005 0.0001
vn 1.0000 0.0009 0.0007
vn 1.0000 -0.0003 0.0004
vn 1.0000 0.0036 -0.0012
vn 1.0000 0.0015 -0.0018
vn 0.9980 0.0056 0.0630
vn 1.0000 -0.0094 -0.0013
vn 1.0000 -0.0008 0.0015
vn 1.0000 0.0028 0.0018
vn 1.0000 -0.0011 0.0010
vn 1.0000 -0.0001 -0.0009
vn 0.9999 -0.0019 -0.0104
vn 1.0000 0.0018 -0.0066
vn 1.0000 -0.0007 0.0007
vn 1.0000 0.0018 0.0004
vn 1.0000 0.0001 0.0016
vn 1.0000 0.0006 0.0002
vn 1.0000 -0.0017 -0.0005
vn 1.0000 -0.0001 0.0017
vn 1.0000 -0.0028 -0.0003
vn 1.0000 -0.0007 -0.0001
vn 1.0000 -0.0003 -0.0000
vn 0.4938 0.3119 0.8117
vn 1.0000 0.0007 0.0002
vn 1.0000 -0.0008 0.0007
vn 1.0000 0.0001 0.0006
vn 1.0000 -0.0001 0.0013
vn 1.0000 -0.0006 -0.0013
vn 1.0000 0.0015 -0.0013
vn 1.0000 0.0002 -0.0017
vn 1.0000 -0.0007 -0.0019
vn 1.0000 0.0006 0.0008
vn 1.0000 -0.0040 -0.0027
vn 1.0000 0.0005 -0.0008
vn 1.0000 -0.0001 -0.0007
vn 1.0000 0.0010 -0.0056
vn 1.0000 -0.0008 -0.0023
vn 1.0000 -0.0002 -0.0001
vn 1.0000 0.0026 0.0017
vn 1.0000 0.0045 0.0021
vn 1.0000 -0.0004 -0.0015
vn 1.0000 -0.0014 -0.0040
vn 1.0000 0.0013 -0.0002
vn 1.0000 0.0033 -0.0013
vn 1.0000 0.0017 -0.0024
vn 1.0000 0.0007 -0.0001
vn 1.0000 -0.0035 0.0053
vn 1.0000 -0.0009 0.0010
vn 1.0000 0.0022 0.0015
vn 1.0000 0.0025 -0.0061
vn 1.0000 0.0002 -0.0023
vn 1.0000 -0.0023 -0.0005
vn 1.0000 0.0011 -0.0008
vn 1.0000 -0.0009 0.0001
vn 1.0000 0.0005 -0.0009
vn 1.0000 -0.0009 -0.0002
vn 1.0000 0.0010 0.0006
vn 1.0000 0.0010 -0.0014
vn 1.0000 -0.0007 0.0013
vn 1.0000 0.0047 0.0045
vn 1.0000 0.0029 -0.0005
vn 1.0000 0.0037 0.0020
vn 1.0000 0.0004 0.0023
vn 1.0000 -0.0062 0.0017
vn 0.9997 -0.0242 0.0046
vn 0.9989 -0.0399 0.0259
vn 0.9981 -0.0599 0.0110
vn 0.9994 -0.0186 0.0290
vn 0.9985 -0.0123 0.0529
vn 0.9999 0.0136 0.0061
vn 0.9999 0.0128 0.0084
vn 0.9974 0.0684 0.0238
vn 0.9986 -0.0173 0.0491
vn 0.9978 0.0482 0.0458
vn 0.9976 0.0657 0.0198
vn 0.9881 0.1500 -0.0344
vn 0.9992 0.0400 0.0062
vn 0.9999 0.0085 0.0088
vn 0.9983 0.0212 -0.0549
vn 1.0000 0.0017 -0.0014
vn 1.0000 -0.0024 -0.0060
vn 0.9996 0.0208 -0.0216
vn 0.9434 -0.3198 -0.0878
vn 0.4278 -0.8711 -0.2410
vn 0.9998 -0.0021 0.0180
vn 1.0000 0.0006 -0.0001
vn 1.0000 0.0011 0.0006
vn 1.0000 -0.0001 0.0003
vn 1.0000 -0.0000 0.0003
vn 1.0000 -0.0033 -0.0012
vn 1.0000 -0.0029 -0.0006
vn 1.0000 0.0025 0.0016
vn 1.0000 -0.0015 -0.0016
vn 1.0000 -0.0006 0.0018
vn 0.9999 -0.0101 -0.0018
vn 1.0000 0.0003 -0.0010
vn 1.0000 -0.0001 0.0002
vn 1.0000 -0.0003 -0.0015
vn 1.0000 0.0004 -0.0021
vn 1.0000 0.0010 0.0008
vn 1.0000 -0.0001 0.0005
vn 1.0000 0.0012 0.0025
vn 1.0000 -0.0000 -0.0010
vn 1.0000 -0.0007 0.0003
vn 1.0000 0.0008 -0.0011
vn 1.0000 -0.0011 -0.0008
vn 1.0000 0.0004 -0.0000
vn 1.0000 0.0023 0.0005
vn 1.0000 0.0009 0.0006
vn 1.0000 0.0022 0.0016
vn 1.0000 -0.0004 -0.0012
vn 1.0000 -0.0057 -0.0017
vn 1.0000 -0.0004 -0.0000
vn 1.0000 -0.0024 -0.0006
vn 0.9951 -0.0819 -0.0557
vn 1.0000 0.0014 0.0003
vn 1.0000 -0.0003 -0.0017
vn 1.0000 -0.0013 -0.0016
vn 1.0000 -0.0006 -0.0001
vn 1.0000 -0.0000 -0.0003
vn 1.0000 -0.0010 -0.0013
vn 1.0000 0.0002 -0.0006
vn 1.0000 0.0007 -0.0000
vn 1.0000 0.0001 -0.0003
vn 1.0000 -0.0004 -0.0005
vn 0.7179 0.0586 0.6937
vn 1.0000 0.0015 0.0006
vn 1.0000 0.0002 0.0014
vn 1.0000 -0.0010 0.0010
vn 1.0000 0.0029 0.0010
vn 1.0000 -0.0022 0.0005
vn 1.0000 0.0028 0.0014
vn 1.0000 0.0005 -0.0007
vn 1.0000 0.0009 0.0015
vn 1.0000 -0.0006 0.0001
vn 0.9996 0.0021 0.0275
vn 1.0000 0.0004 -0.0006
vn 1.0000 0.0010 -0.0009
vn 1.0000 0.0006 -0.0011
vn 1.0000 0.0008 0.0013
vn 1.0000 0.0017 0.0009
vn 1.0000 -0.0002 0.0005
vn 1.0000 -0.0007 0.0002
vn 0.7886 0.2481 0.5626
vn 1.0000 -0.0004 0.0004
vn 1.0000 0.0002 -0.0011
vn 1.0000 -0.0000 -0.0009
vn 1.0000 -0.0002 0.0009
vn 1.0000 -0.0010 0.0005
vn 1.0000 -0.0004 0.0003
vn 1.0000 -0.0013 0.0006
vn 1.0000 0.0002 -0.0007
vn 1.0000 0.0010 0.0012
vn 1.0000 -0.0004 0.0005
vn 1.0000 -0.0001 -0.0005
vn 1.0000 -0.0011 0.0018
vn 1.0000 0.0024 0.0007
vn 1.0000 0.0001 0.0003
vn 1.0000 0.0010 -0.0016
vn 1.0000 -0.0007 -0.0013
vn 1.0000 -0.0005 0.0010
vn 1.0000 0.0004 -0.0008
vn 1.0000 -0.0016 -0.0013
vn 1.0000 -0.0005 0.0018
vn 1.0000 -0.0002 0.0001
vn 1.0000 -0.0002 -0.0004
vn 1.0000 0.0018 0.0055
vn 1.0000 -0.0000 -0.0005
vn 1.0000 -0.0005 -0.0012
vn 1.0000 0.0007 0.0001
vn 1.0000 0.0012 -0.0014
vn 1.0000 -0.0001 -0.0016
vn 1.0000 0.0002 0.0002
vn 1.0000 -0.0003 0.0001
vn 1.0000 0.0023 0.0002
vn 1.0000 0.0005 -0.0006
vn 1.0000 -0.0010 -0.0010
vn 1.0000 -0.0005 -0.0001
vn 1.0000 0.0025 -0.0012
vn 1.0000 -0.0022 -0.0008
vn 1.0000 0.0002 0.0004
vn 1.0000 -0.0005 -0.0002
vn 1.0000 -0.0005 0.0002
vn 1.0000 -0.0014 -0.0001
vn 1.0000 -0.0017 -0.0007
vn 0.7444 -0.6585 -0.1101
vn 0.7384 -0.4803 0.4734
vn 0.9999 -0.0127 0.0067
vn 0.7535 0.4862 -0.4424
vn 0.7653 0.6110 0.2023
vn -0.6337 0.2150 -0.7431
vn 0.7718 -0.4777 -0.4196
vn 0.6567 -0.1457 0.7399
vn 0.7676 0.3196 0.5555
vn 0.6765 -0.3752 0.6337
vn 0.7843 0.5808 -0.2181
vn 0.7664 0.3349 -0.5482
vn 0.4967 0.7090 0.5006
vn 0.7976 -0.0533 -0.6008
vn 0.7899 -0.4959 -0.3608
vn 0.7717 -0.6274 0.1040
vn 1.0000 -0.0004 -0.0003
vn 1.0000 -0.0003 -0.0014
vn 1.0000 0.0037 -0.0060
vn 1.0000 0.0002 -0.0019
vn 1.0000 0.0011 -0.0002
vn 0.9999 -0.0074 -0.0138
vn 1.0000 0.0007 -0.0016
vn 1.0000 -0.0000 -0.0027
vn 0.9999 -0.0118 0.0033
vn 0.9999 -0.0142 -0.0069
vn 0.7856 -0.5732 -0.2331
vn 0.7581 -0.5925 0.2725
vn 0.7359 0.6059 0.3022
vn 0.7450 -0.0209 0.6668
vn 0.7694 0.3339 0.5446
vn 0.9999 -0.0065 -0.0114
vn 0.7786 -0.2535 -0.5740
vn 0.7579 0.2195 -0.6143
vn 0.7602 0.5639 -0.3225
vn 0.7383 -0.4674 -0.4863
vn 0.7899 -0.6049 -0.1007
vn 0.7713 -0.5399 0.3370
vn 0.9999 -0.0003 -0.0165
vn 0.7913 0.4914 -0.3638
vn 0.7458 -0.1170 -0.6558
vn 0.7864 0.5837 0.2021
vn 0.7378 0.0485 0.6733
vn 0.7420 -0.2981 0.6005
vn 0.7856 0.2011 -0.5852
vn 0.9998 0.0099 -0.0171
vn 0.7644 -0.3384 -0.5488
vn 0.7864 -0.5480 0.2851
vn 0.8655 0.0049 0.5009
vn 0.7774 -0.5968 -0.1988
vn 0.7469 0.6137 -0.2559
vn 0.9999 0.0137 -0.0040
vn 0.6174 0.7857 -0.0391
vn 1.0000 0.0021 -0.0002
vn 1.0000 -0.0008 0.0005
vn 1.0000 0.0006 -0.0000
vn 1.0000 0.0026 0.0006
vn 0.9967 0.0605 0.0542
vn 1.0000 -0.0007 0.0006
vn 0.9999 0.0003 -0.0101
vn -0.0644 0.8402 0.5384
vn 0.0049 0.9758 -0.2188
vn -0.0515 0.9762 -0.2106
vn 0.0662 0.2266 0.9717
vn -0.0556 0.5733 0.8175
vn -0.0408 -0.3700 0.9281
vn -0.0071 -0.4399 0.8980
vn -0.0101 -0.9182 0.3960
vn 0.0069 -0.9155 -0.4022
vn -0.0249 -0.9297 0.3676
vn -0.0386 -0.4011 -0.9152
vn -0.0682 -0.8343 -0.5470
vn -0.0163 0.4316 -0.9019
vn -0.0614 0.2250 -0.9724
vn 0.0162 0.3575 0.9338
vn -0.0039 0.9169 0.3991
vn -0.0150 0.9286 0.3708
vn -0.0501 0.2428 0.9688
vn 0.0583 -0.4129 0.9089
vn -0.0091 -0.9584 0.2854
vn -0.0875 -0.7409 0.6659
vn 0.0120 -0.8721 -0.4892
vn -0.0351 -0.9390 -0.3420
vn 0.0260 -0.3828 -0.9235
vn 0.0461 0.4233 -0.9048
vn -0.0043 -0.3630 -0.9318
vn -0.0132 0.9456 -0.3251
vn -0.0057 0.3967 -0.9179
vn -0.0030 0.9180 -0.3965
vn 0.9990 0.0097 -0.0439
vn 0.9998 0.0124 0.0165
vn 0.9999 -0.0005 -0.0131
vn 0.9998 -0.0042 -0.0175
vn 0.9998 -0.0212 0.0047
vn 1.0000 0.0018 -0.0021
vn 0.9976 0.0253 0.0637
vn 0.9992 -0.0238 -0.0328
vn 0.9990 -0.0361 -0.0253
vn 0.9998 0.0201 -0.0003
vn 0.9999 -0.0088 -0.0062
vn 0.9990 0.0148 0.0426
vn 0.9998 -0.0105 0.0146
vn 0.9999 -0.0071 -0.0155
vn 0.9998 0.0025 0.0218
vn 0.9995 -0.0138 0.0287
vn 0.9997 -0.0223 -0.0059
vn 0.9998 0.0136 -0.0157
vn 0.9997 -0.0236 0.0064
vn 0.9993 -0.0360 0.0047
vn 0.9997 0.0044 0.0243
vn 0.9999 -0.0018 -0.0117
vn 0.9998 0.0154 0.0133
vn 0.9995 0.0185 0.0262
vn 0.9997 -0.0157 0.0212
vn 0.9997 -0.0228 0.0015
vn 0.9998 -0.0052 0.0210
vn 0.9990 0.0286 -0.0348
vn 0.9997 0.0251 0.0057
vn 0.9995 -0.0314 0.0099
vn 0.9997 0.0086 0.0218
vn 0.9997 0.0227 -0.0094
vn 0.9998 0.0106 -0.0149
vn 0.7541 0.6109 0.2413
vn 0.7981 0.5963 0.0860
vn 0.7100 -0.1782 -0.6813
vn 0.7897 -0.2959 -0.5374
vn 0.7620 0.0598 -0.6448
vn 0.7776 0.4779 -0.4086
vn 0.7635 0.3411 -0.5484
vn 0.7697 0.4889 0.4107
vn 0.6965 0.3600 0.6207
vn 0.7559 -0.6465 -0.1029
vn 0.7730 -0.6307 0.0678
vn 0.7540 -0.5914 -0.2858
vn 0.7792 0.6194 -0.0960
vn 0.7643 0.0634 0.6417
vn 0.7520 -0.5836 0.3064
vn 0.7861 -0.4639 0.4085
vn 0.7304 -0.2143 0.6486
vn 0.9859 0.1600 -0.0486
vn 0.9664 0.0821 -0.2436
vn 0.9590 0.2747 -0.0691
vn 0.9415 -0.2648 -0.2086
vn 0.9732 -0.2296 -0.0162
vn 0.9842 -0.1084 0.1400
vn 0.9913 -0.1305 0.0149
vn 0.7236 -0.6829 -0.1004
vn 0.9732 0.1883 0.1322
vn -0.4444 0.8938 -0.0598
vn -0.4660 -0.4765 0.7455
vn 0.5906 -0.5207 -0.6166
vn 0.6645 -0.1411 -0.7339
vn 0.6276 0.6018 -0.4940
vn 0.4737 0.7705 0.4264
vn 0.6418 0.3486 0.6830
vn 0.6448 -0.1000 0.7578
vn 0.6939 -0.5054 0.5129
vn 0.4390 -0.8709 0.2212
vn 0.6676 -0.7080 -0.2304
vn 0.6852 0.7279 -0.0276
vn 0.6462 0.1529 -0.7477
vn -0.5004 -0.2653 -0.8242
vn -0.4526 0.8783 -0.1539
vn -0.4230 -0.8690 0.2569
vn 0.6558 -0.7092 -0.2588
vn 0.6770 -0.3936 -0.6218
vn 0.4798 0.0177 -0.8772
vn 0.6554 0.4419 -0.6125
vn 0.6358 0.7379 -0.2265
vn 0.6409 0.6976 0.3205
vn 0.6518 0.2925 0.6997
vn 0.4660 -0.1909 0.8640
vn 0.6682 -0.5071 0.5443
vn 0.4671 -0.8540 0.2293
vn -0.4630 0.2795 -0.8411
vn -0.4819 0.4643 0.7431
vn 0.6449 -0.6878 -0.3332
vn 0.4990 -0.3880 -0.7749
vn 0.6523 0.1683 -0.7390
vn 0.4219 0.8944 -0.1488
vn 0.6660 0.5294 0.5255
vn 0.6829 0.1890 0.7057
vn 0.4542 -0.1854 0.8714
vn 0.6426 -0.5010 0.5797
vn 0.6585 -0.7253 0.2006
vn 0.6732 0.6959 0.2500
vn 0.6711 0.5571 -0.4892
vn -0.4036 0.8599 0.3126
vn -0.4483 -0.3978 0.8005
vn 0.6540 -0.7134 -0.2516
vn 0.6468 -0.1306 -0.7514
vn 0.4743 0.7611 -0.4425
vn 0.6617 0.5929 0.4589
vn 0.6024 0.2509 0.7578
vn 0.6488 -0.3289 0.6862
vn 0.6149 -0.7463 0.2549
vn 0.6602 0.7511 -0.0036
vn 0.6445 0.2952 -0.7054
vn 0.5883 -0.5469 -0.5956
vn -0.3579 0.2730 0.8929
vn 0.6410 -0.5444 -0.5411
vn 0.6533 -0.0322 -0.7565
vn 0.6457 0.4455 -0.6202
vn 0.6170 0.7528 -0.2292
vn 0.6305 0.6987 0.3380
vn 0.4673 -0.2461 0.8491
vn 0.6594 -0.5957 0.4586
vn 0.6083 -0.7935 -0.0151
vn 0.6736 0.3113 0.6703
vn 0.0265 -0.8351 0.5495
vn 0.0397 0.1949 0.9800
vn 0.0163 0.9066 0.4217
vn 0.6072 0.6651 -0.4346
vn 0.6102 -0.0832 -0.7879
vn 0.6191 -0.6789 -0.3948
vn -0.0032 0.7620 0.6475
vn 0.0095 0.9276 -0.3734
vn 0.0461 -0.2261 0.9730
vn 0.0169 -0.8965 0.4426
vn 0.6219 -0.7232 -0.3003
vn 0.6186 -0.2321 -0.7507
vn 0.6387 0.3775 -0.6705
vn 0.0354 0.4793 -0.8769
vn 0.0228 -0.1012 -0.9946
vn -0.0112 -0.6725 -0.7400
vn 0.0389 -0.9808 -0.1913
vn -0.0202 -0.8603 0.5093
vn -0.0440 -0.2859 0.9572
vn -0.0026 0.1376 0.9905
vn 0.0110 0.6050 0.7961
vn -0.0113 0.9578 0.2873
vn 0.0613 0.9397 -0.3365
vn 0.0521 -0.4606 -0.8861
vn -0.0039 0.4323 -0.9017
vn 0.6199 0.0576 -0.7825
vn -0.0007 -0.9919 -0.1272
vn 0.0588 -0.8810 -0.4695
vn -0.0381 -0.6218 0.7822
vn 0.0381 -0.7822 0.6218
vn -0.0588 0.4695 0.8810
vn 0.0007 0.1272 0.9919
vn -0.0709 0.9948 -0.0732
vn 0.6000 0.7098 0.3690
vn 0.6045 0.7183 -0.3443
vn 1.0000 -0.0026 -0.0008
vn 1.0000 0.0028 -0.0011
vn 1.0000 0.0001 -0.0027
vn 1.0000 0.0011 -0.0012
vn 1.0000 0.0006 0.0010
vn 1.0000 -0.0008 0.0001
vn 1.0000 0.0003 -0.0017
vn 1.0000 -0.0004 -0.0006
vn 1.0000 0.0005 -0.0000
vn 1.0000 -0.0004 -0.0004
vn 1.0000 -0.0011 0.0014
vn 1.0000 -0.0006 0.0004
vn 1.0000 -0.0008 -0.0007
vn 1.0000 -0.0031 0.0016
vn 1.0000 0.0023 0.0003
vn 1.0000 0.0022 -0.0022
vn 1.0000 0.0053 -0.0043
vn 1.0000 -0.0006 0.0007
vn 1.0000 -0.0003 0.0011
vn 1.0000 -0.0003 0.0007
vn 1.0000 0.0003 -0.0009
vn 1.0000 -0.0005 -0.0009
vn 1.0000 -0.0008 -0.0004
vn 1.0000 0.0014 -0.0012
vn 1.0000 0.0005 0.0010
vn 1.0000 0.0002 -0.0015
vn 1.0000 0.0004 0.0003
vn 1.0000 0.0005 0.0017
vn 0.6136 0.7653 -0.1942
vn 0.5620 0.2061 -0.8011
vn 0.6018 -0.6016 -0.5253
vn -0.6018 -0.6016 0.5253
vn -0.0465 -0.9834 -0.1751
vn 0.0465 -0.9834 0.1751
vn -0.5620 0.2061 0.8011
vn -0.0211 -0.3383 0.9408
vn -0.6136 0.7653 0.1942
vn -0.0091 0.7378 0.6750
vn 0.0091 0.7378 -0.6750
vn 0.0211 -0.3383 -0.9408
vn -0.6075 -0.2461 -0.7553
vn -0.6276 0.5449 -0.5560
vn -0.6227 -0.7742 -0.1136
vn -0.0221 0.9737 0.2269
vn -0.0254 0.2191 0.9754
vn 0.0201 0.6965 0.7173
vn 0.6227 0.7742 -0.1136
vn 0.6075 0.2461 -0.7553
vn 0.6276 -0.5449 -0.5560
vn -0.0201 -0.6965 0.7173
vn 0.0221 -0.9737 0.2269
vn 0.0254 -0.2191 0.9754
vn -0.0140 -0.9644 -0.2641
vn -0.8643 0.1780 0.4705
vn -0.9579 0.1470 -0.2466
vn 0.0030 -0.7749 0.6320
vn -0.9550 -0.0457 -0.2929
vn -0.0071 0.1009 0.9949
vn -0.8616 -0.4260 0.2759
vn -0.0248 0.9102 0.4135
vn -0.9787 -0.1485 -0.1417
vn -0.0139 0.8555 -0.5175
vn -0.8973 -0.4073 -0.1703
vn -0.8579 0.4427 0.2606
vn -0.0185 -0.4095 -0.9121
vn -0.0006 0.2789 -0.9603
vn -0.9910 0.0639 0.1174
vn -0.0036 0.9710 -0.2389
vn -0.0069 0.7220 -0.6918
vn -0.0116 0.3552 -0.9347
vn -0.0273 -0.0901 -0.9956
vn -0.0034 -0.5817 -0.8134
vn -0.0119 -0.9112 -0.4118
vn -0.0106 -0.9999 0.0129
vn -0.0040 -0.8892 0.4575
vn -0.0049 -0.5424 0.8401
vn -0.0194 -0.0413 0.9990
vn -0.0173 0.3766 0.9262
vn -0.0062 0.7431 0.6691
vn -0.0095 0.9583 0.2855
vn 1.0000 -0.0014 0.0012
vn 1.0000 -0.0003 -0.0001
vn 1.0000 -0.0003 0.0012
vn 1.0000 -0.0031 -0.0000
vn 1.0000 -0.0004 -0.0002
vn 0.0102 -0.9024 0.4308
vn 0.0001 -0.2700 0.9629
vn -0.9557 0.0185 0.2938
vn -0.0097 0.4615 0.8871
vn -0.9789 0.1536 0.1347
vn -0.9505 -0.2797 0.1351
vn -0.0108 0.9162 0.4007
vn -0.9692 0.2287 -0.0914
vn -0.0142 0.9699 -0.2431
vn -0.9814 0.1917 0.0095
vn -0.0123 0.6456 -0.7635
vn -0.9706 0.2315 -0.0659
vn -0.0059 0.1504 -0.9886
vn -0.0014 -0.4084 -0.9128
vn -0.9816 -0.0111 -0.1905
vn 0.0083 -0.8963 -0.4433
vn -0.9756 -0.1540 -0.1566
vn -0.9749 -0.2134 -0.0641
vn -0.0102 -0.9245 -0.3810
vn -0.0067 -0.9491 0.3149
vn -0.0089 -0.1526 0.9882
vn -0.0132 0.4084 0.9127
vn -0.0202 0.8881 0.4593
vn -0.0277 0.9308 -0.3645
vn -0.0186 0.2682 -0.9632
vn -0.0068 -0.4746 -0.8802
vn -0.0028 -0.6319 0.7750
vn -1.0000 0.0003 -0.0000
vn -1.0000 -0.0001 0.0002
vn -1.0000 0.0001 -0.0002
vn -1.0000 -0.0001 -0.0001
vn -1.0000 -0.0001 -0.0000
vn -1.0000 -0.0003 -0.0003
vn -1.0000 -0.0004 0.0003
vn -1.0000 -0.0001 -0.0002
vn 0.0064 0.9714 0.2372
vn 0.0053 0.7240 0.6897
vn 0.9831 0.1773 0.0452
vn 0.0067 0.3517 0.9361
vn 0.9647 -0.1043 0.2419
vn 0.0301 -0.0765 0.9966
vn 0.9853 -0.0647 0.1578
vn 0.0053 -0.5837 0.8119
vn 0.0092 -0.9078 0.4192
vn 0.0094 -0.9990 -0.0432
vn 0.9724 -0.1559 0.1738
vn 0.0096 -0.8344 -0.5510
vn 0.9442 -0.3226 0.0656
vn 0.0058 -0.3644 -0.9312
vn 0.0032 0.1841 -0.9829
vn 0.9703 0.0712 -0.2314
vn 0.0081 0.6688 -0.7434
vn 0.9684 0.0333 -0.2474
vn 0.0109 0.9542 -0.2991
vn 0.9549 0.2509 0.1588
vn 0.0133 -0.9885 -0.1509
vn 0.0002 -0.9143 0.4050
vn -0.0010 -0.5980 0.8015
vn 0.0053 -0.1704 0.9854
vn 0.0004 0.2949 0.9555
vn 0.0030 0.7672 0.6414
vn 0.0117 0.9932 0.1160
vn 0.0252 0.8453 -0.5338
vn 0.0406 0.0979 -0.9944
vn 0.0217 -0.6790 -0.7338
vn 0.1784 -0.3338 0.9256
vn -0.9554 -0.0379 0.2929
vn -0.9181 -0.2614 0.2980
vn 0.2473 -0.8911 -0.3805
vn -0.9990 -0.0457 0.0027
vn -0.9735 0.2018 -0.1071
vn 0.3281 0.6099 -0.7213
vn -0.9735 -0.1430 -0.1787
vn -0.9074 0.4187 -0.0373
vn 0.2148 0.4441 0.8698
vn -0.8702 0.3819 0.3112
vn 0.2430 -0.8500 0.4673
vn -0.7869 -0.6170 0.0002
vn 0.2334 -0.0764 -0.9694
vn 0.1738 0.9529 0.2486
vn 0.1892 0.8443 -0.5013
vn 0.3933 -0.7642 0.5113
vn 0.5240 -0.8292 -0.1945
vn 0.2975 -0.1693 0.9396
vn -0.2212 0.2862 0.9323
vn 0.2481 0.7555 0.6063
vn 0.0833 0.9323 -0.3519
vn 0.5133 0.2217 -0.8291
vn 0.3259 -0.4764 -0.8166
vn 0.9925 0.1193 0.0255
vn 0.9891 0.1234 -0.0798
vn 0.9796 -0.2010 0.0041
vn 0.9862 0.0026 0.1658
vn 0.6442 0.1776 -0.7440
vn 0.6812 -0.4436 -0.5824
vn 0.8484 -0.3093 -0.4296
vn 0.9902 0.0995 0.0975
vn -1.0000 0.0002 -0.0001
vn -1.0000 0.0001 0.0001
vn -1.0000 0.0002 0.0001
vn -1.0000 0.0001 0.0002
vn -1.0000 -0.0000 -0.0002
vn -1.0000 -0.0003 0.0002
vn -0.6627 0.0966 -0.7427
vn 0.0571 -0.0039 -0.9984
vn -0.7487 0.1925 0.6344
vn -0.1467 0.0624 0.9872
vn 0.8627 0.5034 0.0476
vn 0.9537 0.3004 0.0137
vn 0.1479 0.7931 0.5908
vn 0.9139 -0.3651 0.1772
vn 0.1511 0.0104 0.9885
vn 0.9690 -0.2372 0.0693
vn 0.1593 -0.9281 0.3364
vn 0.8976 -0.4157 -0.1465
vn 0.0907 -0.8732 -0.4788
vn 0.9199 0.3365 -0.2016
vn 0.1586 0.7693 -0.6189
vn 0.1474 0.8719 -0.4670
vn -0.0915 0.9881 -0.1235
vn -0.0703 0.4900 -0.8689
vn -0.0757 -0.3179 -0.9451
vn -0.0619 -0.5767 -0.8146
vn 0.0922 -0.7645 -0.6380
vn -0.0493 -0.9906 -0.1277
vn 0.0276 -0.9898 0.1396
vn 0.0959 -0.8767 0.4713
vn -0.0762 -0.7354 0.6734
vn -0.0916 -0.4523 0.8872
vn 0.1293 -0.1226 0.9840
vn -0.0058 0.2528 0.9675
vn -0.0163 0.5742 0.8186
vn 0.0959 0.8821 0.4611
vn -0.0763 0.9700 0.2307
vn 0.0523 -0.9522 -0.3010
vn 0.1210 -0.9852 0.1216
vn -0.1462 -0.8663 0.4777
vn -0.1412 -0.7721 0.6196
vn 0.0821 -0.4768 0.8751
vn -0.0665 0.7537 0.6539
vn -0.0718 0.8739 0.4808
vn 0.0580 0.9931 0.1021
vn -0.0943 0.9418 -0.3228
vn 0.0522 0.7836 -0.6191
vn 0.1210 0.4522 -0.8837
vn -0.1641 0.0700 -0.9840
vn -0.0623 -0.1460 -0.9873
vn 0.0462 -0.5725 -0.8186
vn -0.1054 -0.8023 -0.5875
vn 0.7104 0.2638 0.6525
vn 0.0161 -0.8996 -0.4364
vn 0.0045 -0.9605 0.2781
vn 0.0009 -0.5852 0.8109
vn 0.9719 0.0375 -0.2324
vn 0.0144 0.0370 0.9992
vn 0.9686 -0.1262 -0.2141
vn 0.0209 0.7056 0.7083
vn 0.9373 -0.2091 -0.2788
vn 0.0057 0.9993 0.0361
vn 0.0018 0.8140 -0.5809
vn 0.9605 -0.0950 0.2616
vn 0.0218 0.2550 -0.9667
vn 0.6958 0.5174 -0.4982
vn 0.0129 -0.3914 -0.9201
vn 0.9725 0.1201 0.1994
vn 0.0059 -0.9997 -0.0226
vn 0.0005 -0.7212 -0.6927
vn 0.0039 -0.1114 -0.9938
vn 0.0098 0.5850 -0.8109
vn 0.0236 0.9802 -0.1965
vn 0.0192 0.9191 0.3936
vn 0.0063 0.6109 0.7917
vn 0.0116 0.1537 0.9880
vn 0.0061 -0.3738 0.9275
vn 0.0078 -0.7798 0.6260
vn -1.0000 0.0009 -0.0006
vn -1.0000 -0.0006 -0.0000
vn -1.0000 -0.0014 0.0006
vn -1.0000 0.0001 0.0003
vn -1.0000 0.0001 -0.0005
vn -0.7075 -0.0432 -0.7054
vn 0.6960 -0.0108 -0.7179
vn 0.4662 -0.8177 -0.3378
vn -0.6194 -0.6968 -0.3617
vn -0.0436 0.9990 -0.0000
vn -0.6170 -0.4538 0.6429
vn -0.7043 -0.0250 0.7094
vn 0.6962 -0.0189 0.7176
vn 0.5659 -0.5221 0.6380
vn -0.0586 -0.8870 0.4581
vn 0.5945 0.4586 0.6605
vn 0.6839 0.0658 0.7266
vn 0.6863 0.0458 -0.7259
vn 0.5152 0.7448 -0.4241
vn -0.0436 -0.9990 -0.0000
vn -0.6986 0.0408 0.7143
vn -0.6313 0.4262 0.6480
vn -0.7003 0.0487 -0.7122
vn -0.6076 0.6832 -0.4051
vn -0.5945 -0.4586 0.6605
vn -0.6839 -0.0658 0.7266
vn -0.6863 -0.0458 -0.7259
vn -0.5152 -0.7448 -0.4241
vn 0.0436 0.9990 -0.0000
vn 0.6986 -0.0408 0.7143
vn 0.6313 -0.4262 0.6480
vn 0.7003 -0.0487 -0.7122
vn 0.6076 -0.6832 -0.4051
vn 0.7075 0.0432 -0.7054
vn -0.6960 0.0108 -0.7179
vn -0.4662 0.8177 -0.3378
vn 0.6194 0.6968 -0.3617
vn 0.0436 -0.9990 -0.0000
vn 0.6170 0.4538 0.6429
vn 0.7043 0.0250 0.7094
vn -0.6962 0.0189 0.7176
vn -0.5659 0.5221 0.6380
vn 0.0586 0.8870 0.4581
vn -1.0000 0.0004 -0.0004
vn 0.3665 -0.0497 0.9291
vn 0.2983 0.7502 0.5902
vn 0.5917 0.0074 0.8061
vn 0.4317 -0.7451 0.5084
vn 0.7154 -0.6092 0.3421
vn 0.7786 -0.5069 -0.3700
vn 0.7295 0.5969 -0.3339
vn 0.6858 -0.4354 -0.5832
vn 0.5429 -0.8398 -0.0034
vn 1.0000 0.0011 -0.0017
vn -0.2839 -0.7069 0.6478
vn -0.3783 -0.0840 0.9219
vn -0.1010 0.0293 0.9945
vn 0.0219 -0.9957 0.0905
vn 0.1376 0.0688 -0.9881
vn -0.2209 0.1428 -0.9648
vn -0.0933 -0.8336 -0.5445
vn -0.5145 0.0307 -0.8569
vn -0.2876 -0.8713 -0.3976
vn -0.8379 0.2685 -0.4752
vn -0.4901 -0.8110 -0.3195
vn -0.7746 0.5985 -0.2042
vn -0.0074 -0.9998 0.0198
vn 0.0113 -0.9998 0.0134
vn -0.8185 -0.2420 0.5211
vn -0.5804 -0.4661 0.6677
vn -0.4304 -0.8867 -0.1687
vn -0.0629 -0.9957 0.0687
vn -0.2063 -0.9497 -0.2356
vn 0.4692 -0.8826 -0.0299
vn -0.8138 -0.5676 -0.1248
vn -0.8469 -0.4635 0.2607
vn 0.3723 -0.8500 -0.3727
vn 0.0824 -0.8348 -0.5443
vn -0.5114 -0.8582 0.0446
vn -0.2357 -0.8574 0.4575
vn 0.2647 -0.7339 -0.6255
vn 0.1214 -0.8489 0.5145
vn 0.3270 -0.7898 0.5189
vn 0.4476 -0.8663 0.2216
vn -0.3470 -0.2016 -0.9159
vn 0.3643 -0.3103 -0.8781
vn -0.1864 -0.1485 -0.9712
vn -0.8567 -0.3659 0.3636
vn 0.6927 -0.1930 0.6950
vn 0.9353 -0.2970 0.1921
vn 0.6752 0.2808 -0.6821
vn -0.1612 0.1450 0.9762
vn 0.0316 -0.1616 0.9864
vn 0.9558 0.2599 -0.1378
vn 0.8707 -0.2903 -0.3969
vn 0.0274 0.2175 -0.9757
vn 0.3585 0.2841 0.8892
vn 0.8698 0.2812 0.4055
vn -0.9065 0.2868 -0.3099
vn -0.9998 0.0181 0.0051
vn -0.7663 0.4183 0.4877
vn -0.7035 -0.2888 0.6494
vn -0.4421 0.3220 0.8372
vn -0.6173 0.6291 -0.4724
vn -0.7493 -0.3711 -0.5485
vn -0.4620 0.8762 0.1375
vn 0.3004 0.9302 0.2108
vn 0.4779 0.8498 -0.2226
vn 0.1222 0.8469 -0.5175
vn 0.0163 0.9865 0.1629
vn 0.5254 0.8480 0.0690
vn -0.0294 0.9994 -0.0185
vn -0.1757 0.9236 -0.3407
vn -0.5465 -0.1785 -0.8182
vn -0.2606 0.9244 0.2784
vn 0.0432 0.9959 0.0797
vn -0.4475 0.8918 -0.0674
vn 0.0561 0.9968 0.0572
vn 0.0088 0.9998 0.0161
vn -0.5967 0.7992 0.0714
vn -0.4921 0.8126 0.3123
vn 0.3211 0.7852 -0.5295
vn -0.2974 0.8431 0.4480
vn -0.0838 0.8534 0.5145
vn 0.5736 0.8191 -0.0061
vn 0.4399 0.6908 -0.5739
vn 0.8106 0.4439 0.3819
vn 0.5211 0.1316 -0.8433
vn -0.6114 -0.5948 -0.5219
vn -0.6116 0.1281 -0.7807
vn -0.6213 0.7240 -0.2997
vn 0.0179 -0.7898 -0.6132
vn 0.0155 -0.9332 0.3590
vn -0.0166 -0.9552 0.2955
vn 0.0118 0.2098 -0.9777
vn 0.0110 0.9377 -0.3473
vn 0.0077 0.8444 0.5357
vn 0.0179 -0.1209 0.9925
vn -0.0151 0.8103 0.5858
vn -0.0176 -0.1896 0.9817
vn -0.0794 -0.9968 -0.0117
vn -0.8233 -0.4812 -0.3009
vn 0.5813 -0.8132 0.0263
vn -0.0914 -0.3807 -0.9202
vn -0.7835 -0.2559 -0.5662
vn -0.8288 0.1426 -0.5411
vn -0.0786 0.6928 -0.7168
vn -0.8245 0.5081 -0.2490
vn -0.0648 0.9768 0.2041
vn -0.7849 0.6101 0.1076
vn -0.8078 0.4434 0.3883
vn -0.0534 0.3767 0.9248
vn -0.7438 0.1537 0.6505
vn -0.8243 -0.1947 0.5316
vn -0.0575 -0.5416 0.8386
vn -0.7953 -0.5165 0.3175
vn -0.6729 0.6932 -0.2582
vn -0.8004 -0.5975 -0.0478
vn -0.7503 -0.6484 -0.1293
vn -0.7914 -0.5683 0.2251
vn -0.8418 0.0028 0.5398
vn -0.8756 0.2040 -0.4379
vn -0.7825 -0.6226 0.0118
vn -0.9557 -0.2108 0.2055
vn -0.7807 0.5488 -0.2989
vn -0.9102 0.1630 0.3808
vn -0.6922 0.5142 0.5063
vn -0.7983 -0.3730 -0.4729
vn -0.7266 0.6767 0.1190
vn -0.7916 0.5928 0.1482
vn -0.7873 0.1008 -0.6083
vn -0.8343 0.2185 -0.5061
vn -0.7914 -0.1143 -0.6005
vn -0.7604 0.6225 0.1854
vn -0.8259 -0.4764 -0.3014
vn -0.8272 -0.4596 0.3233
vn -0.8041 -0.2194 0.5525
vn -0.7596 0.1932 0.6210
vn -0.8080 0.5111 0.2932
vn -0.8043 0.3250 0.4974
vn -0.6409 -0.6401 -0.4237
vn -0.4216 0.9052 -0.0532
vn -0.4085 0.7687 0.4921
vn 0.5056 0.8413 -0.1913
vn -0.8111 -0.3802 -0.4446
vn -0.9156 -0.3191 0.2446
vn -0.9338 0.3119 0.1756
vn -0.9856 0.1053 0.1324
vn -0.9807 0.1956 -0.0055
vn -0.9455 0.2377 -0.2226
vn -0.9571 -0.1651 -0.2380
vn -0.9659 -0.2466 -0.0784
vn -0.9563 -0.2840 -0.0701
vn 0.2561 -0.9254 0.2792
vn 0.0415 -0.9346 -0.3532
vn 0.1745 -0.5703 -0.8027
vn 0.2706 0.1035 -0.9571
vn -0.0319 0.6527 -0.7570
vn 0.0689 0.9564 -0.2837
vn -0.1122 0.9756 0.1885
vn 0.1856 0.7235 0.6649
vn 0.1059 0.1780 0.9783
vn 0.2243 -0.4662 0.8558
vn -0.0153 0.1844 -0.9827
vn -0.0048 0.9609 -0.2768
vn 0.0130 0.9457 -0.3249
vn -0.0346 -0.8555 -0.5167
vn -0.0043 0.1408 -0.9900
vn -0.0425 -0.8480 0.5283
vn 0.0341 -0.9713 0.2356
vn -0.0219 -0.0825 0.9963
vn 0.0445 -0.3267 0.9441
vn -0.0097 0.7636 0.6457
vn 0.0250 0.7244 0.6890
vn 0.0077 -0.7607 -0.6491
vn 1.0000 0.0001 -0.0001
vn 0.0606 -0.5474 -0.8347
vn 0.0826 -0.9786 0.1886
vn -0.4201 -0.3543 -0.8355
vn 0.0546 0.4635 -0.8844
vn 0.0570 -0.9202 -0.3872
vn -0.7221 0.6505 0.2356
vn 0.0329 0.9820 -0.1861
vn -0.5613 0.2264 0.7960
vn 0.0530 0.7632 0.6440
vn -0.3723 0.5307 -0.7615
vn 0.0563 -0.2028 0.9776
vn 0.2295 -0.5832 0.7793
vn -0.9795 -0.0503 0.1948
vn -0.0356 0.1617 0.9862
vn -0.9217 0.1722 -0.3476
vn 0.4857 -0.0982 -0.8686
vn 0.5490 0.5532 -0.6266
vn 0.8949 -0.1805 0.4082
vn -0.1668 -0.9555 0.2435
vn 0.9472 -0.3163 -0.0516
vn 0.1618 -0.4200 0.8930
vn 0.8308 0.1724 -0.5292
vn 0.7583 -0.5711 -0.3145
vn 0.3463 0.7910 0.5044
vn -0.0281 -0.9523 -0.3038
vn -0.0235 -0.4271 -0.9039
vn -0.0379 0.4255 -0.9042
vn -0.0343 0.9796 -0.1980
vn -0.0336 0.7917 0.6100
vn -0.0380 0.0980 0.9945
vn -0.0239 -0.7545 0.6559
vn -0.0171 0.2416 -0.9702
vn 0.0050 0.9992 0.0392
vn 0.0184 0.9998 -0.0077
vn -0.0420 -0.8712 -0.4892
vn -0.0023 0.1977 -0.9803
vn -0.0463 -0.7068 0.7059
vn 0.0480 -0.8915 0.4506
vn -0.0111 0.3601 0.9329
vn 0.0459 0.2067 0.9773
vn 0.0108 -0.7849 -0.6195
vn -0.0992 -0.8595 -0.5014
vn -0.2336 -0.9336 0.2716
vn 0.9539 0.2943 -0.0579
vn -0.0657 -0.0915 -0.9936
vn 0.7661 0.5851 -0.2660
vn 0.0431 0.6293 -0.7760
vn 0.9228 -0.3494 0.1624
vn -0.0689 0.9564 -0.2837
vn 0.1170 0.9721 0.2034
vn 0.9536 -0.2926 0.0709
vn -0.2827 0.6653 0.6910
vn 0.9403 -0.2684 -0.2093
vn -0.1087 0.0373 0.9934
vn 0.9913 0.0071 -0.1311
vn -0.1388 -0.4944 0.8581
vn 0.9467 0.2440 -0.2104
vn 0.8544 -0.3362 -0.3961
vn 0.7639 -0.5348 0.3611
vn 0.7937 -0.6046 0.0666
vn 0.8085 -0.5867 -0.0461
vn 0.7634 -0.5965 -0.2478
vn 0.8376 -0.4400 -0.3238
vn 0.7848 -0.3156 -0.5333
vn 0.8028 -0.0964 -0.5885
vn 0.7951 0.1340 -0.5915
vn 0.7979 0.2678 -0.5401
vn 0.7523 0.5052 -0.4228
vn 0.8155 0.5357 -0.2189
vn 0.8042 0.5932 0.0363
vn 0.7960 0.5645 0.2185
vn 0.8040 0.3705 0.4651
vn 0.7915 0.1901 0.5808
vn 0.8105 -0.0090 0.5857
vn 0.8104 -0.1930 0.5532
vn 0.7434 -0.4253 0.5162
vn 0.7859 -0.4815 0.3881
vn -0.2354 0.7083 -0.6655
vn -0.3870 -0.0616 -0.9200
vn 0.0001 -0.8068 -0.5909
vn -0.3881 -0.9197 0.0598
vn -0.1485 -0.9743 0.1694
vn -0.3468 -0.9365 0.0521
vn 0.0108 -0.9923 0.1233
vn 0.0004 0.3026 -0.9531
vn 0.4025 -0.0578 -0.9136
vn 0.5946 -0.6529 -0.4692
vn 0.9046 0.2426 -0.3505
vn 0.3245 -0.9455 0.0291
vn 0.1927 -0.9761 0.1001
vn 0.4708 -0.8820 -0.0224
vn 0.7995 -0.6006 0.0070
vn 0.3391 0.6685 -0.6619
vn 0.6822 -0.6114 0.4010
vn 0.9536 -0.2207 0.2047
vn 0.4668 -0.7074 0.5307
vn 0.2511 -0.8551 0.4536
vn -0.0163 -0.8771 0.4801
vn -0.2203 -0.8538 0.4717
vn -0.5302 -0.7188 0.4497
vn -0.6703 -0.6138 0.4170
vn -0.3939 -0.2725 0.8778
vn -0.3128 -0.5736 0.7571
vn -0.0689 -0.0976 0.9928
vn 0.0291 -0.4740 0.8801
vn -0.9031 -0.1053 0.4164
vn -0.5025 -0.0170 0.8644
vn -0.1465 0.1215 0.9817
vn 0.4403 -0.3126 0.8416
vn 0.2079 -0.5185 0.8294
vn 0.1464 -0.0817 0.9858
vn 0.7282 -0.0269 0.6848
vn 0.3137 0.1043 0.9438
vn 0.0020 0.2583 0.9661
vn -0.2701 0.4781 0.8357
vn -0.5912 0.2866 0.7539
vn -0.4787 0.4985 0.7228
vn -0.4728 0.3284 0.8177
vn -0.0350 0.9968 0.0725
vn -0.0214 0.8821 0.4706
vn -0.0275 0.6304 0.7758
vn -0.0061 0.9803 -0.1975
vn -0.0192 0.9107 -0.4126
vn -0.0150 0.9110 -0.4122
vn 0.0149 0.9109 -0.4125
vn 0.2496 0.4919 0.8341
vn 0.5933 0.2775 0.7557
vn 0.8803 0.2265 0.4169
vn 0.0106 0.4205 0.9072
vn -0.0670 0.3407 0.9378
vn -0.1062 0.4060 0.9077
vn 0.4427 0.3643 0.8193
vn 0.4330 0.5368 0.7241
vn 0.6824 0.5752 0.4512
vn 0.7733 0.5377 -0.3360
vn 0.7223 0.6454 -0.2486
vn 0.7396 0.6677 0.0849
vn 0.7658 -0.4304 -0.4778
vn 0.7961 0.1879 -0.5752
vn 0.7831 0.0114 -0.6218
vn 0.7348 0.5711 0.3660
vn 0.8227 0.5654 0.0599
vn 0.7473 -0.6523 -0.1270
vn 0.7724 0.4277 0.4696
vn 0.7863 -0.5105 0.3480
vn 0.7405 -0.3655 0.5639
vn 0.7812 -0.0552 0.6218
vn 0.4295 0.8940 -0.1276
vn 0.4487 0.8203 0.3546
vn 0.0273 0.6309 0.7754
vn 0.0220 0.8618 0.5067
vn 0.0267 0.9942 0.1037
vn -0.0002 0.9831 -0.1832
vn 0.0806 0.2979 0.9512
vn 0.0192 0.9108 -0.4124
vn 0.0824 -0.3807 -0.9210
vn 0.0766 -0.9968 -0.0227
vn 0.0695 0.6935 -0.7171
vn 0.0513 0.9784 0.2003
vn 0.0593 0.3835 0.9216
vn 0.0685 -0.5439 0.8363
vn 0.0318 -0.8211 -0.5699
vn 0.6194 -0.7328 0.2817
vn -0.0271 -0.9585 0.2839
vn 0.0385 0.0273 -0.9989
vn -0.0403 -0.6970 -0.7159
vn 0.0414 0.8569 -0.5138
vn -0.0444 0.2813 -0.9586
vn 0.6136 0.6761 0.4078
vn -0.0262 0.9373 -0.3476
vn 0.6054 -0.0922 0.7905
vn -0.0159 0.8099 0.5864
vn -0.0185 -0.1922 0.9812
vn -0.8919 -0.1633 0.4217
vn 0.1401 -0.9437 -0.2997
vn -0.0297 0.7371 0.6751
vn -0.0257 0.3154 0.9486
vn -0.0625 0.1004 0.9930
vn -0.0053 -0.2473 0.9689
vn -0.0602 -0.5276 0.8473
vn -0.0137 -0.7307 0.6826
vn -0.0210 -0.9595 0.2810
vn -0.0765 -0.9964 -0.0376
vn -0.0473 -0.8169 -0.5748
vn -0.0615 -0.3393 -0.9387
vn -0.0283 -0.0687 -0.9972
vn -0.0154 0.4272 -0.9040
vn -0.0547 0.6030 -0.7959
vn 0.0021 0.8285 -0.5599
vn -0.0081 0.9330 -0.3598
vn -0.0252 0.9958 -0.0877
vn 0.0361 -0.8021 -0.5961
vn -0.0032 0.8364 0.5481
vn -0.0085 0.8140 0.5807
vn -0.0215 0.2930 0.9559
vn 0.0248 0.7794 0.6260
vn -0.0043 1.0000 -0.0083
vn -0.0112 0.7278 -0.6857
vn 0.0154 0.9966 -0.0807
vn -0.0167 0.2615 -0.9651
vn 0.0206 0.6801 -0.7328
vn -0.0270 -0.2886 -0.9571
vn 0.0319 0.0979 -0.9947
vn -0.0162 -0.8024 -0.5966
vn 0.0401 -0.5040 -0.8627
vn 0.0315 -0.9609 -0.2752
vn -0.0099 -0.9555 0.2947
vn -0.0320 -0.8354 0.5487
vn -0.0148 -0.4262 0.9045
vn 0.0401 -0.6680 0.7431
vn 0.0402 0.1152 0.9925
vn 0.0236 0.6675 -0.7442
vn 0.0306 0.5408 -0.8406
vn 0.0153 -0.0840 -0.9963
vn 0.0260 -0.1567 -0.9873
vn 0.0234 -0.8195 -0.5725
vn 0.0517 -0.9986 0.0131
vn 0.0280 -0.9583 0.2845
vn 0.0097 -0.6910 0.7228
vn 0.0434 -0.5224 0.8516
vn -0.0030 -0.1034 0.9946
vn 0.0472 0.1190 0.9918
vn 0.0216 0.4830 0.8754
vn -0.0655 0.7766 0.6266
vn 0.1876 0.9434 0.2733
vn -0.0279 0.9628 -0.2687
vn -0.0001 -0.7473 -0.6645
vn 1.0000 0.0023 0.0056
vn 0.5978 -0.4613 0.6556
vn 0.6596 -0.0433 -0.7503
vn 0.6039 -0.7901 -0.1049
vn 0.6647 0.3966 -0.6331
vn 0.4455 0.8892 -0.1040
vn 0.3395 0.7086 0.6185
vn 0.4051 -0.7347 -0.5442
vn 0.4634 0.0042 0.8862
vn 0.0013 0.8687 0.4954
vn -0.0147 0.0406 0.9991
vn 0.0381 -0.9355 0.3512
vn -0.0507 -0.4693 -0.8816
vn -0.0301 0.7208 -0.6925
vn -0.9936 -0.1065 0.0382
vn -0.9933 0.0087 0.1151
vn 0.2365 -0.5365 0.8100
vn 0.0811 0.6810 0.7278
vn 0.0518 0.0109 0.9986
vn -0.9929 0.1067 0.0521
vn -0.9946 0.0807 -0.0660
vn 0.1692 0.9831 -0.0691
vn 0.6660 0.1394 -0.7328
vn -0.9917 -0.0623 -0.1129
vn 0.0505 -0.4025 -0.9140
vn 0.7748 -0.5940 -0.2166
vn 0.9997 -0.0226 0.0110
vn 0.9997 -0.0216 -0.0098
vn 0.9996 -0.0069 -0.0257
vn 0.9996 0.0196 0.0191
vn 0.9996 -0.0052 0.0270
vn 0.9997 0.0251 -0.0069
vn 0.9996 0.0115 -0.0240
vn -0.1723 -0.8917 -0.4186
vn 0.0832 -0.6787 -0.7297
vn 0.1506 -0.0737 -0.9858
vn -0.2290 0.3902 -0.8918
vn 0.2295 0.6880 -0.6885
vn -0.1192 0.9479 -0.2956
vn 0.0682 0.9966 0.0472
vn 0.1526 0.8875 0.4347
vn -0.1518 0.6404 0.7528
vn 0.2650 0.1747 0.9483
vn -0.1405 -0.2384 0.9609
vn 0.2251 -0.5912 0.7745
vn -0.1619 -0.8580 0.4874
vn 0.3321 -0.9400 0.0778
vn -0.0938 -0.4308 -0.8975
vn 0.0098 0.8581 0.5134
vn 0.9612 -0.1053 -0.2550
vn 0.9651 -0.0410 -0.2587
vn 0.8990 -0.4035 -0.1705
vn 0.0114 -0.0392 0.9992
vn 0.9827 0.0372 -0.1814
vn 0.0195 -0.9641 0.2650
vn 0.9666 0.2538 -0.0373
vn 0.9900 0.1370 0.0346
vn 0.0213 -0.4351 -0.9001
vn 0.9769 0.0180 0.2127
vn 0.9789 0.0192 0.2033
vn 0.0181 0.7955 -0.6057
vn 0.9835 -0.0901 0.1568
vn 0.9865 -0.1451 0.0757
vn 0.2767 -0.0068 0.9609
vn 0.1276 -0.5686 0.8127
vn -0.2764 0.3698 0.8870
vn 0.3752 0.7382 0.5606
vn -0.0765 0.9941 0.0772
vn 0.7505 0.6487 -0.1258
vn 0.7618 0.4498 -0.4662
vn -0.4016 0.1919 -0.8955
vn 0.2780 -0.1688 -0.9456
vn 0.0754 -0.8682 -0.4905
vn 0.7211 -0.6848 -0.1055
vn 0.7603 -0.5832 0.2860
vn 0.9548 -0.0933 0.2823
vn 0.9599 0.2212 0.1720
vn 0.9787 -0.0900 -0.1843
vn 0.6403 0.0022 0.7681
vn 0.8207 0.3752 0.4309
vn 0.8979 0.0978 0.4292
vn 0.8801 0.2255 0.4178
vn 0.6348 0.7287 0.2569
vn 0.6939 0.4447 0.5663
vn 0.4523 0.7898 0.4143
vn 0.5920 0.4032 0.6978
vn -0.4927 0.6496 0.5790
vn -0.4137 0.4862 0.7697
vn -0.4477 0.1393 0.8832
vn -0.4315 -0.2654 0.8622
vn 0.5918 -0.2676 0.7604
vn 0.2324 0.1258 0.9645
vn 0.1188 0.9733 0.1963
vn -0.6362 0.7513 0.1755
vn -0.9269 0.3333 0.1723
vn -0.2788 0.9602 -0.0195
vn -0.9864 0.1629 -0.0210
vn -0.8677 0.1687 0.4675
vn -0.8870 -0.0413 0.4599
vn -0.8938 0.1345 0.4279
vn -0.3619 -0.3016 0.8821
vn -0.1623 -0.0746 0.9839
vn 0.0965 0.8518 0.5150
vn 0.4085 0.5987 0.6890
vn 0.2576 -0.7724 0.5806
vn 0.3224 -0.1233 0.9385
vn -0.3233 -0.0965 0.9413
vn -0.2291 0.1910 0.9545
vn -0.3090 0.6407 0.7029
vn -0.8654 0.1860 0.4654
vn -0.0690 0.9776 0.1986
vn -0.8869 0.3472 0.3048
vn -0.9222 0.1400 0.3604
vn -0.1207 0.8099 0.5740
vn -0.6500 0.7405 0.1711
vn -0.9998 0.0192 0.0101
vn -0.9999 0.0158 0.0066
vn -0.9994 0.0336 0.0080
vn -0.9997 0.0196 0.0108
vn -0.9997 0.0235 0.0049
vn -0.9996 0.0257 0.0102
vn -0.9993 0.0368 0.0077
vn -0.2044 0.9709 -0.1248
vn -0.7953 0.4264 0.4308
vn -0.6163 0.7492 0.2425
vn -0.0228 0.9533 0.3013
vn 0.0071 0.8907 -0.4546
vn -0.4531 0.5551 -0.6975
vn -0.0049 0.0447 -0.9990
vn -0.6467 -0.4002 -0.6494
vn -0.0542 -0.8554 -0.5151
vn -0.6308 -0.7037 0.3269
vn -0.6181 -0.7719 -0.1485
vn -0.6971 -0.3268 0.6382
vn -0.0056 -0.3805 0.9248
vn -0.4456 0.0778 0.8919
vn -0.6886 0.4394 0.5769
vn -0.0105 0.5066 0.8621
vn -0.0575 -0.9565 0.2861
vn -0.6826 0.0718 -0.7273
vn -0.6907 0.7009 -0.1780
vn -0.6273 -0.0064 0.7787
vn -0.8370 0.2542 0.4846
vn -0.2559 0.3928 0.8833
vn -0.6308 -0.0479 0.7744
vn -0.1474 0.6613 0.7355
vn -0.5562 0.0799 0.8272
vn -0.3933 0.8070 0.4405
vn -0.7763 0.2244 0.5890
vn -0.4721 0.8780 0.0796
vn -0.8256 0.3684 0.4274
vn -0.4961 0.6695 0.5528
vn -0.7985 0.0261 -0.6014
vn -0.9545 0.2008 -0.2207
vn -0.8003 -0.0581 0.5968
vn -0.9600 -0.2212 -0.1720
vn -0.9555 -0.2515 0.1542
vn -0.9668 0.2404 0.0864
vn -0.9729 0.0524 0.2252
vn -0.4108 0.3678 0.8343
vn -0.3669 -0.3330 0.8686
vn -0.3651 0.0949 0.9261
vn -0.3030 0.0185 0.9528
vn 0.4630 -0.1904 0.8657
vn 0.4868 0.1710 0.8566
vn 0.5105 0.4829 0.7115
vn 0.3402 0.8235 0.4541
vn 0.1796 0.9818 -0.0616
vn -0.2536 0.7298 0.6349
vn -0.2476 -0.0427 0.9679
vn -0.1562 0.4377 -0.8855
vn -0.2383 0.8538 -0.4629
vn 0.3415 -0.5423 0.7677
vn -0.4062 -0.8599 0.3091
vn -0.1528 -0.9657 -0.2099
vn 0.3776 -0.4961 -0.7819
vn 0.3294 -0.9099 -0.2520
vn 0.4107 -0.6123 -0.6756
vn 0.3150 -0.2371 -0.9190
vn 0.2429 0.1088 -0.9639
vn 0.2038 0.5359 -0.8193
vn 0.3106 0.8618 -0.4009
vn -0.1897 0.9810 0.0400
vn 0.3493 0.8007 0.4867
vn 0.3773 0.3700 0.8490
vn 0.3423 -0.2238 0.9125
vn 0.2455 -0.7428 0.6229
vn 0.3650 -0.9238 0.1154
vn 0.9506 -0.3010 -0.0757
vn 0.9606 -0.2558 0.1083
vn 0.9613 -0.0919 0.2596
vn 0.9479 0.2700 0.1689
vn 0.9522 0.1468 0.2678
vn 0.9411 0.3000 -0.1561
vn 0.9412 0.1137 -0.3182
vn 0.9617 -0.1478 -0.2309
vn 0.6366 0.7437 0.2041
vn 0.8561 0.3996 0.3277
vn 0.8702 0.4344 0.2323
vn 0.1951 0.9776 0.0790
vn 0.9244 -0.0810 0.3726
vn 0.8621 0.2158 0.4584
vn 0.9535 -0.0375 0.2991
vn 0.3547 -0.2681 0.8957
vn 0.5542 -0.1170 0.8241
vn 0.3685 0.9028 0.2217
vn 0.7951 0.3271 0.5107
vn 0.8682 0.3825 0.3160
vn 0.2833 0.4481 0.8479
vn 0.6628 -0.1517 0.7333
vn 0.4482 0.0460 0.8927
vn 0.1223 0.6594 0.7418
vn -0.0869 -0.1177 0.9892
vn 0.0742 -0.0333 0.9967
vn -0.4896 -0.6839 0.5410
vn -0.0845 -0.7182 0.6907
vn 0.1812 -0.8196 0.5435
vn 0.6075 -0.6217 0.4944
vn 0.1983 -0.9774 -0.0726
vn -0.1908 -0.9816 -0.0116
vn 0.7527 -0.6102 0.2471
vn 0.3328 -0.8920 -0.3061
vn -0.7462 -0.5843 0.3190
vn -0.3350 -0.9041 -0.2653
vn -0.8849 -0.4584 -0.0832
vn -0.9109 0.3226 0.2572
vn -0.4704 -0.6511 -0.5957
vn -0.9136 -0.1458 -0.3797
vn -0.3861 0.8050 0.4504
vn -0.8504 0.5259 0.0160
vn -0.6210 0.0530 -0.7820
vn -0.2609 -0.6129 -0.7459
vn -0.0921 -0.0425 -0.9948
vn -0.5329 0.6586 -0.5314
vn -0.2053 0.7502 -0.6285
vn 0.2254 -0.5635 -0.7947
vn 0.0834 0.0527 -0.9951
vn 0.3406 -0.7554 -0.5598
vn 0.8810 -0.2127 -0.4225
vn 0.9141 -0.4051 -0.0177
vn 0.7278 0.2425 0.6415
vn 0.7951 0.0419 0.6050
vn 0.5892 0.0740 -0.8046
vn 0.1513 0.7551 -0.6379
vn 0.8623 0.4965 -0.0998
vn 0.9309 0.1739 0.3211
vn 0.4591 0.7547 0.4687
vn 0.3956 0.8793 0.2650
vn 0.2560 0.9585 -0.1258
vn 0.5802 0.5721 -0.5798
vn -0.0196 0.9853 0.1699
vn -0.2200 0.9562 -0.1933
vn 0.1995 0.9612 -0.1904
vn 0.0603 0.9871 0.1484
vn 0.9995 0.0298 0.0079
vn -0.0000 0.9063 0.4227
vn -0.0001 0.4418 -0.8971
vn -0.0000 0.4417 -0.8972
vn -0.9995 0.0299 0.0080
vn 0.8071 -0.1058 0.5808
vn 0.5884 0.7924 -0.1609
vn 0.4008 0.7555 0.5183
vn 0.3637 0.9152 -0.1736
vn 0.9554 0.2902 -0.0546
vn 0.8467 0.5224 -0.1011
vn 0.1807 -0.5791 0.7950
vn 0.0453 0.1919 0.9804
vn 0.4811 -0.3477 -0.8048
vn 0.6827 -0.6587 -0.3162
vn 0.9846 -0.1179 -0.1290
vn 0.0919 -0.1924 -0.9770
vn 0.5221 -0.1586 -0.8380
vn -0.0017 -0.0551 -0.9985
vn -0.2562 -0.7992 -0.5437
vn 0.0505 -0.1959 -0.9793
vn 0.0434 -0.1909 -0.9807
vn 0.0439 -0.1896 -0.9809
vn -0.4336 -0.8794 0.1965
vn -0.9524 -0.2552 0.1665
vn -0.4448 -0.8407 0.3087
vn -0.9048 -0.2039 0.3739
vn -0.7910 -0.3669 0.4896
vn -0.7969 0.0609 0.6011
vn -0.6885 -0.6668 0.2853
vn -0.0301 -0.9435 -0.3299
vn -0.0601 -0.9851 0.1614
vn -0.4980 -0.8490 -0.1770
vn -0.9318 -0.0440 0.3603
vn -0.9211 -0.3759 0.1017
vn -0.7700 -0.5856 0.2532
vn -0.8703 -0.3252 0.3699
vn -0.8190 -0.4158 0.3953
vn -0.9151 -0.3612 -0.1792
vn -0.7994 -0.4652 0.3803
vn -0.8828 -0.4211 0.2080
vn -0.6587 0.5965 0.4585
vn -0.5297 -0.4968 -0.6874
vn -0.8567 -0.3915 -0.3360
vn -0.3303 -0.0565 -0.9422
vn -0.6799 -0.1656 -0.7143
vn -0.6839 -0.2504 -0.6852
vn -0.0352 0.5204 -0.8532
vn -0.3867 0.2500 -0.8877
vn -0.6839 0.4445 -0.5785
vn -0.6693 0.6193 -0.4105
vn -0.0386 0.8764 -0.4801
vn -0.6779 0.7137 -0.1763
vn -0.0349 -0.3120 -0.9494
vn -0.0546 0.0992 -0.9936
vn -0.4783 -0.1329 -0.8681
vn -0.6180 -0.7064 -0.3449
vn -0.9364 -0.1910 -0.2942
vn -0.7972 -0.5393 -0.2713
vn -0.3823 -0.7691 -0.5122
vn -0.3970 0.7614 -0.5125
vn -0.0182 0.8603 -0.5094
vn -0.9583 0.2477 -0.1426
vn -0.6447 0.6970 -0.3140
vn 1.0000 0.0004 0.0005
vn 1.0000 -0.0002 -0.0002
vn 1.0000 0.0053 -0.0006
vn 1.0000 0.0001 0.0005
vn 1.0000 -0.0004 0.0008
vn 0.9999 0.0098 -0.0022
vn 1.0000 -0.0001 -0.0004
vn 1.0000 0.0009 -0.0016
vn 0.7791 0.1378 -0.6116
vn 0.3126 0.5425 -0.7797
vn 0.0196 0.4216 -0.9066
vn 0.7441 0.5710 -0.3468
vn 0.6722 0.7368 -0.0734
vn 0.6537 0.3531 -0.6693
vn 0.7130 0.0663 -0.6981
vn 0.7282 -0.3358 -0.5975
vn 0.7113 -0.3990 -0.5786
vn 0.7198 -0.6698 -0.1824
vn 0.7195 -0.6652 0.1996
vn 0.7203 -0.5682 0.3979
vn 0.7277 -0.3608 0.5833
vn 0.6766 -0.0604 0.7339
vn 0.7157 0.2204 0.6627
vn 0.6395 0.5640 0.5225
vn 0.6975 0.6770 0.2347
vn 0.6979 -0.6744 -0.2411
vn 1.0000 0.0011 -0.0011
vn 1.0000 0.0012 0.0001
vn 1.0000 0.0013 -0.0003
vn 1.0000 0.0004 -0.0024
vn 1.0000 0.0001 -0.0026
vn 1.0000 -0.0002 0.0013
vn 1.0000 -0.0009 0.0009
vn 1.0000 -0.0017 0.0011
vn 1.0000 -0.0003 -0.0012
vn 1.0000 -0.0014 0.0003
vn 1.0000 -0.0021 0.0047
vn 1.0000 -0.0018 0.0051
vn 1.0000 -0.0003 -0.0007
vn -0.0510 -0.4706 0.8809
vn -0.0429 -0.9889 0.1424
vn 0.9139 -0.3959 0.0891
vn -0.0521 0.6117 0.7894
vn 0.9066 0.2380 0.3484
vn -0.0418 0.9731 -0.2266
vn 0.1633 0.1166 0.9797
vn -0.0511 0.3103 -0.9493
vn 0.9543 0.1910 -0.2300
vn -0.0472 -0.6745 -0.7368
vn 0.8952 0.1437 -0.4218
vn 0.9077 -0.4182 0.0357
vn 0.2629 0.6581 -0.7056
vn 0.0059 -0.9999 0.0134
vn 0.0011 -0.4289 -0.9034
vn 0.0113 0.9998 -0.0146
vn 0.0130 0.5125 0.8586
vn 0.0069 -0.5047 0.8633
vn -0.0000 0.5690 -0.8224
vn 0.0218 0.9878 -0.1539
vn 0.0128 0.9558 -0.2938
vn 0.0443 0.9379 0.3442
vn -0.1652 0.7696 0.6168
vn 0.1200 0.2954 0.9478
vn -0.0789 -0.4686 0.8799
vn -0.0625 -0.5792 0.8128
vn 0.0148 -0.9333 0.3587
vn -0.0018 -0.9736 0.2282
vn 0.0105 -0.9314 -0.3639
vn -0.0107 -0.8556 -0.5175
vn -0.0034 -0.3976 -0.9175
vn -0.0083 -0.2591 -0.9658
vn 0.0196 0.3952 -0.9184
vn -0.0198 0.5797 -0.8146
vn 0.1323 0.1314 0.9825
vn 0.9997 -0.0215 -0.0121
vn 0.9997 -0.0081 -0.0237
vn 0.1955 0.1039 -0.9752
vn 0.9996 0.0223 0.0146
vn 0.0632 0.7829 0.6189
vn 0.0799 0.9963 -0.0331
vn 0.9996 0.0058 0.0265
vn 0.9997 -0.0137 0.0224
vn 0.1660 -0.0088 0.9861
vn 0.9996 -0.0263 0.0072
vn 0.0808 -0.8940 0.4408
vn 0.1822 -0.8863 -0.4257
vn 0.9996 0.0135 -0.0241
vn 0.9996 0.0273 -0.0040
vn 0.0435 0.6454 -0.7626
vn -0.9910 0.1328 0.0192
vn -0.9941 0.0756 -0.0775
vn -0.9933 -0.0576 -0.0997
vn -0.9935 -0.0612 0.0963
vn -0.9942 0.0583 0.0908
vn -0.9918 -0.1270 0.0112
vn 0.6317 -0.7711 0.0791
vn 0.0602 -0.9971 0.0466
vn 0.0504 -0.4952 -0.8673
vn 0.6168 0.0527 -0.7854
vn 0.0238 0.6898 -0.7236
vn 0.6275 0.7781 -0.0292
vn 0.0669 0.9836 0.1674
vn 0.0445 0.5869 0.8084
vn 0.6432 0.0941 0.7599
vn -0.0503 -0.4620 0.8855
vn 0.4972 -0.4827 0.7210
vn 0.6745 0.5797 0.4572
vn 0.6553 0.4440 -0.6111
vn 0.6593 -0.5948 -0.4599
vn -0.0067 0.7379 -0.6749
vn 0.0717 0.7426 -0.6659
vn 0.0819 0.5650 -0.8210
vn -0.3001 0.7817 -0.5467
vn 0.3765 0.7077 -0.5979
vn -0.0461 0.8518 -0.5218
vn -0.9061 0.4225 -0.0216
vn -0.4548 0.8902 -0.0249
vn -0.9882 -0.1187 -0.0970
vn -0.9993 0.0271 0.0268
vn -0.9003 -0.3073 0.3084
vn -0.8760 0.1824 0.4466
vn -0.9453 0.3160 0.0811
vn -0.9109 -0.4100 0.0459
vn -0.9092 -0.2777 -0.3101
vn -0.8754 -0.1270 -0.4664
vn -0.4055 -0.4975 -0.7669
vn -0.8671 -0.4349 -0.2429
vn -0.6814 -0.6413 -0.3528
vn -0.9065 -0.3741 0.1957
vn -0.4679 -0.8167 0.3377
vn -0.2382 -0.9206 0.3094
vn -0.4936 -0.8674 -0.0636
vn -0.9010 -0.4334 -0.0170
vn -0.5567 -0.8307 -0.0005
vn -0.5415 -0.8340 0.1059
vn -0.0879 -0.8690 0.4869
vn -0.1170 -0.9914 -0.0587
vn -0.7792 -0.3591 -0.5137
vn -1.0000 0.0042 -0.0031
vn -0.9988 0.0479 -0.0062
vn -0.9981 0.0613 0.0026
vn -0.9997 0.0153 -0.0194
vn -0.7805 -0.6190 -0.0873
vn -0.7762 0.3717 0.5093
vn -0.7489 -0.3310 0.5742
vn -0.7560 0.0151 0.6544
vn -0.2103 -0.6408 -0.7383
vn -0.5993 -0.2453 0.7620
vn -0.6736 0.6070 0.4216
vn -0.9459 0.2928 0.1395
vn -0.3169 -0.9483 0.0165
vn -0.5860 -0.7628 -0.2736
vn -0.3552 -0.7120 -0.6057
vn -0.3506 -0.4694 -0.8104
vn -0.3601 0.1147 0.9258
vn -0.6603 0.4993 0.5610
vn -0.3730 0.5157 0.7713
vn -0.3726 -0.6183 0.6920
vn -0.3919 -0.8366 0.3828
vn -0.6161 0.7687 0.1718
vn -0.4142 -0.6728 0.6129
vn -0.4123 -0.6533 0.6349
vn -0.9628 -0.1652 0.2138
vn -0.8516 -0.3766 0.3647
vn -0.9856 -0.1183 -0.1212
vn -0.7815 -0.5829 0.2224
vn 0.1323 -0.9733 -0.1876
vn 0.0265 -0.9986 0.0458
vn -0.9206 0.0343 0.3889
vn -0.6907 0.5373 0.4839
vn -0.5553 0.2541 0.7919
vn -0.1319 -0.6897 0.7120
vn -0.3389 -0.0413 0.9399
vn -0.4722 -0.8337 0.2863
vn -0.5317 0.8158 0.2276
vn -0.7799 -0.1569 0.6059
vn -0.4301 -0.8426 0.3241
vn -0.6449 -0.6333 0.4278
vn -0.9120 -0.0832 0.4017
vn -0.9214 -0.3475 0.1738
vn -0.9931 0.0169 0.1159
vn -0.8393 0.0211 0.5433
vn -0.8395 0.3153 0.4426
vn -0.9691 0.2462 0.0176
vn -0.2944 0.9502 -0.1019
vn -0.7231 0.6763 -0.1404
vn 0.4988 -0.7327 0.4631
vn 0.4343 0.8040 0.4061
vn 0.1968 0.9785 -0.0624
vn 0.3936 0.6397 -0.6602
vn 0.5164 0.3252 -0.7922
vn 0.4350 -0.0529 -0.8989
vn -0.6628 -0.7373 0.1307
vn -0.4886 -0.6786 0.5485
vn -0.6512 -0.2003 0.7320
vn -0.6313 0.3520 0.6911
vn -0.6636 0.6826 0.3059
vn -0.6175 0.7691 -0.1650
vn -0.6609 0.4177 -0.6235
vn -0.6745 -0.1222 -0.7281
vn -0.6102 -0.6799 -0.4066
vn -0.6571 -0.0187 0.7536
vn -0.4622 0.2711 0.8443
vn -0.6824 0.3860 0.6207
vn -0.6853 0.6810 0.2580
vn -0.3514 0.9333 0.0744
vn -0.7359 0.4827 0.4748
vn -0.4124 0.7826 0.4663
vn -0.8173 0.4298 0.3838
vn -0.8070 -0.0882 0.5840
vn -0.8159 0.5189 0.2551
vn -0.6833 -0.3742 0.6269
vn -0.8383 0.5353 -0.1033
vn -0.7653 0.6419 -0.0470
vn -0.6911 -0.1215 0.7125
vn -0.8250 0.2317 -0.5155
vn -0.7928 0.0866 -0.6033
vn -0.8265 -0.5479 0.1292
vn -0.7926 -0.6088 -0.0341
vn -0.8579 -0.1403 -0.4944
vn -0.7911 -0.5493 -0.2690
vn -0.8479 -0.4666 0.2516
vn -0.8136 0.4438 -0.3757
vn -0.8196 -0.3923 -0.4177
vn -0.6972 0.3931 0.5995
vn -0.7792 -0.3690 0.5066
vn -0.8773 -0.1372 0.4600
vn -0.0032 0.0107 0.9999
vn 0.3747 0.3649 0.8523
vn -0.9745 -0.2076 0.0853
vn -0.9481 -0.1734 0.2666
vn -0.9745 -0.1127 0.1940
vn -0.9815 0.1791 0.0679
vn -0.9825 0.1419 0.1203
vn -0.9678 0.0774 -0.2396
vn -0.9707 0.2181 -0.1010
vn -0.7485 0.6178 -0.2410
vn -0.9545 -0.2924 -0.0587
vn -0.9407 -0.2308 0.2486
vn 0.2088 0.8325 -0.5131
vn 0.2140 0.1881 -0.9585
vn 0.0840 -0.4564 -0.8858
vn 0.1764 -0.8904 -0.4196
vn 0.0961 -0.9758 0.1966
vn 0.0507 -0.6996 0.7127
vn 0.0324 -0.0789 0.9964
vn -0.0347 0.6420 0.7659
vn 0.0228 0.9820 0.1876
vn 0.0105 -0.3739 -0.9274
vn 0.0296 -0.9843 0.1740
vn 0.0296 -0.4016 -0.9153
vn 0.0251 0.8280 -0.5601
vn 0.0155 0.7505 0.6607
vn -0.0432 0.8633 0.5028
vn 0.0233 -0.1648 0.9860
vn -0.0450 -0.2863 0.9571
vn -0.0191 -0.9997 0.0179
vn -0.0118 0.7288 -0.6846
vn -0.2699 -0.4033 -0.8744
vn 0.0386 0.9955 0.0864
vn 0.0375 0.7016 -0.7116
vn -0.7518 0.6528 0.0931
vn 0.0459 -0.0236 -0.9987
vn -0.5259 0.4169 -0.7413
vn 0.0482 -0.8216 -0.5680
vn -0.9054 -0.3920 0.1633
vn 0.0450 -0.9655 0.2565
vn -0.9486 -0.2042 0.2418
vn 0.0502 -0.4933 0.8684
vn -0.0962 0.9415 0.3229
vn 0.0613 0.4445 0.8937
vn 0.8481 0.2670 -0.4576
vn -0.5407 0.0569 0.8393
vn -0.0412 -0.6744 0.7372
vn -0.0470 0.4100 0.9109
vn -0.6237 0.7786 0.0684
vn -0.6276 0.5221 -0.5775
vn -0.6198 -0.2506 -0.7437
vn -0.0307 -0.9850 -0.1699
vn -0.0347 -0.2158 0.9758
vn -0.0249 -0.5137 0.8576
vn -0.5676 -0.6906 0.4483
vn -0.0169 -0.7605 0.6491
vn -0.5727 -0.7672 0.2887
vn -0.2960 -0.8782 0.3758
vn 0.0021 -0.9025 0.4306
vn -0.2766 -0.8915 0.3588
vn -0.0528 -0.9741 0.2198
vn 0.1563 -0.9650 0.2105
vn 0.3318 -0.9084 0.2545
vn 0.0194 -0.5120 0.8588
vn 0.3158 -0.7037 0.6364
vn 0.5714 -0.2523 0.7809
vn 0.0292 -0.2190 0.9753
vn 0.7415 -0.1065 0.6625
vn 0.4019 0.0111 0.9156
vn 0.0191 -0.7621 0.6471
vn 0.5088 -0.8311 0.2246
vn 0.5509 -0.6771 0.4879
vn 0.8813 -0.3547 0.3124
vn 0.1799 0.6876 -0.7034
vn 0.0077 0.8725 -0.4885
vn 0.0020 0.8726 -0.4884
vn 0.0090 0.8614 -0.5079
vn 0.0093 0.8604 -0.5095
vn 0.0091 0.8613 -0.5079
vn 0.0027 0.7212 -0.6927
vn 0.0052 0.8571 -0.5151
vn 0.0092 0.8689 -0.4950
vn -0.0000 0.8605 -0.5095
vn -0.0339 0.9559 -0.2918
vn 0.0162 0.9403 -0.3399
vn -0.0048 0.8715 -0.4903
vn -0.1909 0.7700 -0.6088
vn 0.2646 0.7853 -0.5598
vn -0.0392 0.4573 -0.8884
vn -0.0799 -0.3522 -0.9325
vn 0.3570 -0.7755 -0.5208
vn 0.0153 0.9674 -0.2530
vn 0.0002 0.8717 -0.4900
vn -0.0093 0.8604 -0.5095
vn 0.0086 0.9344 -0.3561
vn 0.5514 0.7991 -0.2393
vn -0.1982 0.5027 -0.8414
vn 0.7273 0.5274 -0.4391
vn 0.0235 0.9446 -0.3274
vn 0.4219 0.8804 -0.2167
vn -0.0166 0.9822 -0.1872
vn -0.0196 0.9969 0.0764
vn -0.0595 0.3057 0.9503
vn 0.0228 0.2481 0.9685
vn -0.0211 0.5589 0.8290
vn -0.0205 0.8426 0.5381
vn 0.4529 0.4769 0.7533
vn 0.6938 0.1533 0.7037
vn 0.7186 0.5268 0.4541
vn 0.5256 0.8445 0.1029
vn 0.6540 0.6434 0.3978
vn 0.7234 0.6904 -0.0105
vn 0.0150 0.9998 -0.0117
vn 0.0162 0.9161 0.4007
vn 0.0192 0.6413 0.7671
vn 0.0176 0.9822 -0.1872
vn 0.3002 0.8156 -0.4946
vn -0.3551 0.8230 -0.4433
vn 0.6352 0.7382 0.2271
vn 0.5014 0.8645 -0.0352
vn 0.2727 0.9618 -0.0241
vn 0.6940 0.7199 0.0114
vn 0.9094 0.4097 -0.0716
vn 0.7334 0.4390 0.5191
vn 0.7209 0.4870 0.4931
vn 0.9097 0.2745 0.3117
vn 0.9870 -0.0135 0.1602
vn 0.7989 -0.3034 0.5194
vn 0.7446 -0.2931 0.5997
vn 0.9201 0.3588 -0.1573
vn 0.4544 0.8719 -0.1824
vn -0.6433 0.6751 -0.3610
vn 0.7330 0.5567 -0.3909
vn 0.9302 -0.2028 -0.3059
vn 0.4090 0.2504 -0.8775
vn 0.6981 0.4837 -0.5279
vn 0.5080 0.3287 0.7962
vn 0.6681 0.3943 0.6310
vn 0.4435 0.2107 0.8712
vn 0.8075 0.3896 0.4428
vn 0.9200 0.3355 0.2024
vn 0.9983 0.0573 0.0111
vn 0.9973 -0.0544 -0.0495
vn 0.6718 0.5119 -0.5354
vn 0.8769 -0.0536 0.4777
vn 0.8818 -0.3512 0.3147
vn 0.8917 -0.3551 -0.2808
vn 0.9402 0.3092 0.1426
vn 0.8733 0.3259 0.3622
vn 0.8525 -0.1896 -0.4871
vn 0.8274 -0.5566 -0.0743
vn 0.3871 -0.5469 0.7423
vn 0.4238 0.1985 0.8837
vn 0.3662 -0.5170 -0.7737
vn 0.3590 -0.8109 -0.4621
vn 0.3450 -0.9372 0.0519
vn 0.4332 -0.8186 0.3772
vn 0.3727 0.4841 0.7917
vn 0.4522 -0.4911 -0.7446
vn 0.6722 0.0734 -0.7368
vn 0.3371 -0.2644 0.9036
vn 0.3812 0.0144 0.9244
vn 0.3214 -0.3601 0.8758
vn 0.3276 -0.8725 0.3626
vn 0.6574 -0.6889 0.3055
vn 0.1727 -0.8020 0.5718
vn 0.3481 -0.7184 0.6023
vn 0.9366 -0.3320 0.1119
vn 0.8633 -0.3778 0.3346
vn 0.7195 -0.6701 -0.1824
vn 0.4019 -0.7061 -0.5830
vn 0.7638 -0.5796 -0.2842
vn -0.5380 -0.7798 -0.3202
vn 0.4138 -0.9098 -0.0318
vn -0.4105 -0.7757 0.4794
vn 0.7641 -0.3288 0.5550
vn 0.1527 -0.9570 -0.2468
vn 0.0429 -0.4710 -0.8811
vn 0.9731 -0.2220 0.0622
vn 0.4177 -0.8603 -0.2923
vn 0.8845 -0.4433 0.1453
vn 0.5502 -0.7900 0.2705
vn 0.8642 0.2964 0.4065
vn 0.9618 -0.2692 0.0491
vn 0.8244 -0.5654 -0.0262
vn 0.7158 -0.6964 0.0527
vn 0.8224 -0.4989 -0.2735
vn 0.7657 -0.0660 0.6398
vn 0.8343 -0.5066 0.2177
vn 0.7769 0.6296 -0.0017
vn 0.8093 0.5200 -0.2732
vn 0.7394 0.4406 -0.5091
vn 0.7754 -0.3587 0.5197
vn 0.7121 -0.3481 -0.6097
vn 0.8201 0.1939 -0.5384
vn 0.7567 0.0136 -0.6536
vn 0.7991 0.5940 0.0929
vn 0.8049 0.4548 0.3813
vn 0.8085 0.0193 0.5882
vn 0.7545 -0.2282 0.6153
vn 0.6822 -0.6061 0.4088
vn 0.9101 -0.2514 0.3295
vn -0.3000 -0.2446 -0.9221
vn 0.9676 -0.2483 0.0464
vn 0.9845 -0.1747 -0.0126
vn 0.3239 -0.9042 0.2784
vn 0.9805 0.0677 -0.1846
vn 0.9495 -0.0176 -0.3133
vn 0.6986 0.1749 -0.6938
vn 0.8794 -0.0187 0.4758
vn 0.9622 -0.0707 0.2629
vn 0.8754 -0.4826 0.0263
vn 0.9849 -0.1710 0.0276
vn -0.0516 0.9952 0.0837
vn -0.0286 0.8727 -0.4874
vn -0.0929 0.4500 -0.8882
vn -0.0153 -0.1612 -0.9868
vn -0.1111 -0.7344 -0.6696
vn -0.0255 -0.9836 0.1788
vn -0.0651 -0.5663 0.8216
vn 0.0159 0.0052 0.9999
vn -0.0559 0.6133 0.7879
vn 1.0000 -0.0000 -0.0002
vn 0.0113 -0.3711 -0.9285
vn 0.0297 -0.9842 0.1744
vn 0.0297 -0.3986 -0.9167
vn 0.0252 0.8299 -0.5573
vn -0.0192 -0.9996 0.0186
vn -0.0121 0.7318 -0.6814
vn 0.0040 0.9997 -0.0257
vn -0.7662 -0.3478 -0.5404
vn -0.7545 0.4382 0.4886
vn -0.0351 -0.2075 -0.9776
vn -0.1316 -0.9316 0.3389
vn 0.3550 0.2760 -0.8932
vn -0.0265 -0.9396 -0.3413
vn -0.4343 0.4295 0.7918
vn -0.0020 -0.1619 0.9868
vn -0.8942 0.0996 -0.4364
vn -0.8867 -0.4457 0.1232
vn -0.0159 0.6512 0.7588
vn -0.0259 -0.8465 0.5318
vn -0.0131 0.6689 -0.7433
vn 0.6161 -0.4437 -0.6508
vn 0.6331 0.3236 -0.7031
vn -0.0048 0.8999 0.4361
vn 0.0263 0.1833 0.9827
vn 0.0192 -0.7083 0.7056
vn 0.0165 -0.9996 -0.0228
vn 0.6379 0.7335 -0.2346
vn 0.0347 0.5207 -0.8531
vn 0.4640 -0.1569 -0.8718
vn 0.0564 0.0973 -0.9937
vn 0.2541 -0.0392 -0.9664
vn 0.0463 -0.3085 -0.9501
vn 0.7148 -0.1801 -0.6757
vn 0.5543 -0.5133 -0.6552
vn 0.0051 -0.9230 -0.3847
vn 0.4799 -0.8554 -0.1950
vn 0.8503 -0.3156 -0.4211
vn 0.7177 -0.6627 -0.2139
vn 0.8857 -0.4413 -0.1440
vn 0.9291 -0.3385 0.1492
vn 0.7136 -0.6041 0.3547
vn 0.7736 -0.5962 0.2146
vn 0.8385 -0.5374 0.0900
vn 0.9244 -0.3812 -0.0119
vn 0.5161 -0.8548 -0.0535
vn 0.5728 -0.8162 0.0753
vn 0.8751 -0.4525 0.1717
vn 0.5305 -0.7529 0.3894
vn -0.8213 -0.3384 0.4593
vn 0.0793 -0.9244 0.3730
vn 0.0520 -0.9808 -0.1878
vn 0.7261 -0.4823 0.4900
vn 1.0000 -0.0042 0.0005
vn 1.0000 -0.0047 0.0019
vn 1.0000 -0.0065 -0.0066
vn 1.0000 0.0007 -0.0002
vn 1.0000 -0.0019 -0.0065
vn 1.0000 0.0012 -0.0002
vn 1.0000 -0.0007 -0.0041
vn 1.0000 0.0025 -0.0066
vn 0.9999 -0.0045 -0.0139
vn 0.3313 -0.8491 0.4115
vn 0.8071 -0.3172 0.4979
vn 0.9205 -0.3324 0.2053
vn 0.4674 -0.8362 0.2868
vn 0.3953 -0.9059 0.1521
vn 0.0722 -0.9794 0.1887
vn -0.0433 -0.1925 -0.9803
vn 0.0506 -0.1950 -0.9795
vn -0.0434 -0.1892 -0.9810
vn -0.0113 -0.7017 0.7124
vn -0.0044 -0.9889 -0.1486
vn 0.0120 -0.9950 -0.0989
vn -0.0258 0.0920 0.9954
vn 0.0328 -0.6190 0.7847
vn -0.0422 0.8399 0.5411
vn 0.0569 0.4555 0.8884
vn -0.0394 0.9346 -0.3536
vn 0.0511 0.9987 0.0056
vn -0.0232 0.3091 -0.9508
vn 0.0425 0.5350 -0.8438
vn -0.0086 -0.5204 -0.8539
vn 0.0237 -0.4685 -0.8832
vn -1.0000 -0.0010 -0.0003
vn -1.0000 -0.0026 0.0007
vn -1.0000 -0.0022 0.0006
vn -1.0000 0.0003 -0.0016
vn -1.0000 -0.0002 -0.0010
vn -1.0000 0.0010 0.0023
vn -1.0000 0.0017 0.0003
vn -1.0000 0.0008 0.0024
vn -1.0000 0.0018 -0.0006
vn -1.0000 0.0017 -0.0020
vn -1.0000 -0.0012 0.0008
vn -1.0000 0.0021 -0.0019
vn -1.0000 -0.0002 0.0005
vn -0.7173 0.6453 0.2628
vn -0.6894 0.7065 -0.1600
vn -0.6634 0.5605 0.4958
vn -0.7257 0.1363 0.6744
vn -0.7324 0.0458 0.6794
vn -0.6993 -0.5107 0.5001
vn -0.7385 -0.6629 0.1233
vn -0.7061 -0.6908 -0.1553
vn -0.7348 -0.5576 -0.3862
vn -0.7140 -0.2605 -0.6499
vn -0.7354 0.2856 -0.6144
vn -0.7268 0.3495 -0.5913
vn -0.7038 0.6378 -0.3128
vn -0.6775 -0.2038 -0.7067
vn -0.7074 -0.3720 0.6010
vn 0.0050 -0.9144 -0.4047
vn -0.6317 -0.7610 0.1476
vn -1.0000 -0.0002 0.0008
vn -0.8450 0.5248 -0.1022
vn -1.0000 0.0003 0.0006
vn -0.9549 0.2916 -0.0558
vn -1.0000 -0.0001 -0.0004
vn -1.0000 0.0017 -0.0022
vn -1.0000 0.0002 -0.0000
vn -1.0000 -0.0002 0.0001
vn -0.9999 0.0106 -0.0019
vn -1.0000 0.0053 -0.0005
vn -1.0000 -0.0004 -0.0001
vn -1.0000 0.0001 -0.0004
vn -0.4138 -0.7426 -0.5266
vn -0.7443 -0.6563 -0.1233
vn -0.5886 -0.1071 -0.8013
vn -0.9646 -0.0119 -0.2634
vn -0.1748 -0.5780 0.7971
vn -0.8032 -0.0966 0.5878
vn -0.4062 0.7506 0.5211
vn -0.0444 0.1923 0.9803
vn -0.3605 0.9124 -0.1936
vn -0.5913 0.7902 -0.1610
vn 0.9059 -0.2141 0.3655
vn 0.9919 -0.1076 0.0678
vn 0.8565 0.1481 0.4945
vn 0.9997 -0.0189 0.0142
vn 1.0000 0.0011 0.0003
vn 0.8549 0.4433 0.2694
vn 0.7517 0.4092 0.5173
vn 0.7766 0.6222 0.0986
vn 0.4661 0.8458 -0.2596
vn 0.7881 0.4485 -0.4216
vn 0.6820 0.2123 -0.6999
vn 0.7403 0.0038 -0.6722
vn 0.5630 -0.6493 -0.5113
vn 0.3523 -0.9189 -0.1772
vn 0.3376 -0.8914 0.3024
vn 0.7695 -0.0400 0.6374
vn 0.6924 -0.4398 0.5719
vn 0.7486 -0.3082 -0.5871
vn -0.2015 -0.6407 0.7408
vn -0.0040 -0.1867 0.9824
vn 0.0370 -0.9474 0.3179
vn 0.0247 -0.8136 -0.5809
vn -0.0482 -0.5620 -0.8257
vn 0.0304 -0.1618 -0.9864
vn -0.0290 0.1425 -0.9894
vn 0.0494 0.5460 -0.8363
vn -0.0360 0.7983 -0.6012
vn 0.0749 0.9752 -0.2084
vn -0.0986 0.9811 0.1668
vn 0.0624 0.7776 0.6256
vn -0.1191 0.4930 0.8618
vn -0.0285 0.1121 0.9933
vn 0.9768 0.0066 0.2139
vn 1.0000 -0.0011 0.0002
vn 1.0000 -0.0095 0.0025
vn 1.0000 0.0009 0.0003
vn 0.9760 -0.0218 0.2168
vn 1.0000 0.0063 0.0024
vn 1.0000 0.0050 0.0016
vn 1.0000 -0.0011 0.0040
vn 0.1753 0.0127 0.9844
vn 0.0296 0.0118 0.9995
vn 0.3596 -0.0154 0.9330
vn 0.6687 0.0135 0.7434
vn 0.7681 -0.0035 0.6403
vn -0.0130 0.9218 -0.3874
vn -0.0162 0.9414 -0.3368
vn 0.0109 0.3843 -0.9231
vn 0.0166 0.3318 -0.9432
vn 0.0387 -0.3315 -0.9426
vn -0.0109 -0.3843 -0.9231
vn 0.0129 -0.9216 -0.3879
vn 0.0163 -0.9419 -0.3354
vn -0.9592 -0.0348 -0.2806
vn -1.0000 -0.0009 -0.0005
vn -1.0000 -0.0030 -0.0022
vn -1.0000 0.0033 -0.0018
vn -1.0000 0.0056 -0.0078
vn -0.8625 0.0256 -0.5055
vn -0.9999 0.0114 -0.0076
vn -0.0002 -1.0000 -0.0044
vn 0.0047 -1.0000 -0.0019
vn 0.6302 -0.7760 0.0261
vn 0.0330 -0.9993 -0.0168
vn -0.0000 -1.0000 -0.0000
vn 0.8985 -0.4351 -0.0586
vn -0.5898 0.0004 -0.8075
vn -0.1817 0.0105 -0.9833
vn -0.0448 0.0043 -0.9990
vn 0.5073 0.8617 -0.0133
vn 0.6740 0.7376 0.0406
vn 0.3071 0.9516 -0.0095
vn 0.4276 0.9040 -0.0039
vn 0.9054 0.4237 -0.0278
vn 0.9520 0.3060 0.0120
vn 1.0000 0.0055 0.0005
vn 1.0000 0.0068 -0.0019
vn 1.0000 -0.0055 -0.0005
vn 1.0000 -0.0068 0.0019
vn 0.9520 -0.3060 -0.0120
vn 0.9057 -0.4239 -0.0051
vn 0.4276 -0.9040 0.0039
vn 0.3071 -0.9516 0.0095
vn 0.6652 -0.7460 -0.0329
vn 0.5025 -0.8645 0.0130
vn 0.7690 0.6370 -0.0540
vn 0.8501 0.5241 0.0522
vn -0.9056 0.1973 -0.3755
vn -0.8818 0.2101 0.4223
vn 0.0399 0.9587 -0.2815
vn -0.8518 -0.4928 -0.1779
vn 0.0389 0.1164 -0.9924
vn -0.6809 0.3725 -0.6306
vn -0.8755 -0.4782 -0.0699
vn 0.0520 -0.8627 -0.5030
vn -0.2585 0.7738 0.5782
vn 0.0123 -0.7617 0.6478
vn -0.0413 -0.9991 -0.0000
vn -0.9680 0.0788 0.2382
vn -0.0254 0.1215 0.9923
vn 0.0064 0.8208 0.5711
vn -0.0274 0.8210 0.5702
vn -0.0335 0.9172 -0.3969
vn -0.0138 -0.9320 -0.3622
vn -0.0359 -0.0600 -0.9975
vn -0.0103 0.5684 -0.8227
vn 0.0027 0.4257 -0.9049
vn 0.0324 -0.4590 -0.8878
vn 0.0075 0.2237 -0.9746
vn -0.0167 -0.3674 -0.9299
vn -0.0050 -0.6003 -0.7998
vn -0.0285 0.0059 0.9996
vn -0.0158 -0.5228 0.8523
vn 0.0549 0.0271 0.9981
vn 0.0028 0.5266 0.8501
vn -0.0137 0.1688 0.9855
vn -0.0042 -0.3717 0.9284
vn -0.0279 -0.8189 0.5732
vn -0.7423 -0.5197 0.4230
vn -0.8705 0.0344 0.4910
vn -0.6653 -0.7123 0.2235
vn -0.7136 -0.6585 -0.2390
vn -0.7294 -0.5158 -0.4493
vn -0.7676 -0.2286 -0.5988
vn -0.8855 0.1515 -0.4394
vn -0.7701 0.5604 -0.3049
vn -0.7791 0.6250 0.0498
vn -0.7928 0.4771 0.3793
vn -0.6676 -0.0150 0.7444
vn -0.7003 0.1531 -0.6973
vn -1.0000 0.0003 0.0015
vn -0.6994 0.1264 -0.7034
vn -0.7243 0.0524 -0.6874
vn -0.2732 0.4541 -0.8480
vn -0.2860 0.4163 -0.8631
vn 0.3857 0.4925 -0.7802
vn 0.5340 0.3555 -0.7671
vn 0.7584 -0.0493 -0.6500
vn 0.5831 -0.3567 -0.7299
vn 0.3024 -0.6104 -0.7321
vn -0.2484 -0.4457 -0.8600
vn -0.5326 -0.2944 -0.7935
vn -0.6102 0.7923 -0.0045
vn -0.3693 0.9293 0.0021
vn 0.6104 0.7921 0.0045
vn -0.9838 0.1791 -0.0011
vn -0.9787 -0.1998 -0.0465
vn -0.6172 -0.7868 0.0059
vn -0.4035 -0.9146 -0.0249
vn 0.6039 -0.7970 -0.0039
vn 0.4026 -0.9150 0.0248
vn 0.9790 -0.1991 0.0436
vn 0.9864 0.1643 0.0012
vn 0.3740 0.9274 -0.0027
vn 0.3421 0.4125 0.8443
vn -0.3704 0.4400 0.8180
vn -0.4769 0.3755 0.7947
vn -0.6920 -0.1540 0.7053
vn -0.6546 -0.0957 0.7499
vn -0.4790 -0.6468 0.5935
vn 0.1222 -0.4570 0.8810
vn 0.6052 -0.3740 0.7027
vn 0.7227 -0.0360 0.6902
vn 0.7090 0.1159 0.6956
vn 0.2230 0.4342 0.8728
vn -0.0000 1.0000 -0.0000
vn -0.0130 0.9216 -0.3880
vn -0.0005 1.0000 -0.0039
vn -0.0010 1.0000 -0.0031
vn 0.0004 1.0000 -0.0033
vn -0.0163 0.9416 -0.3363
vn -0.4070 -0.0111 0.9134
vn -0.2996 0.0101 0.9540
vn -0.7527 0.0081 0.6584
vn -0.7835 -0.0040 0.6213
vn -0.9783 0.0019 0.2072
vn -0.9819 -0.0279 0.1873
vn -0.0463 -0.0153 0.9988
vn 0.5161 0.0070 -0.8565
vn 0.9520 -0.0198 -0.3056
vn 0.9511 0.0003 -0.3089
vn -0.1277 -0.0063 -0.9918
vn 0.1558 -0.0023 -0.9878
vn 0.5726 -0.0024 -0.8198
vn -0.0166 -0.3318 -0.9432
vn 0.0130 -0.9219 -0.3873
vn 0.0162 -0.9414 -0.3369
vn 1.0000 -0.0010 -0.0006
vn 1.0000 -0.0032 -0.0029
vn 1.0000 0.0006 -0.0038
vn 1.0000 0.0010 -0.0005
vn 1.0000 0.0035 -0.0022
vn -1.0000 -0.0022 0.0014
vn -1.0000 -0.0008 0.0007
vn -1.0000 0.0033 0.0026
vn -1.0000 -0.0002 0.0036
vn -1.0000 -0.0050 0.0021
vn -1.0000 0.0010 0.0005
vn -0.0402 0.1785 -0.9831
vn -0.0539 0.9478 -0.3141
vn 0.0347 0.7814 -0.6231
vn -0.0192 -0.7959 -0.6052
vn 0.0131 0.0741 -0.9972
vn -0.0170 -0.8396 0.5429
vn 0.0170 -0.8396 -0.5429
vn -0.0131 0.0741 0.9972
vn 0.0192 -0.7959 0.6052
vn -0.0347 0.7814 0.6231
vn 0.0402 0.1785 0.9831
vn 0.0539 0.9478 0.3141
vn -0.0004 -1.0000 -0.0033
vn 0.0005 -1.0000 -0.0038
vn -0.0172 -0.9998 -0.0057
vn -0.0145 -0.9999 -0.0045
vn -0.7845 -0.6189 -0.0391
vn -0.6337 -0.7735 0.0078
vn -0.6655 0.7463 -0.0101
vn -0.7359 0.6770 0.0147
vn -0.3425 0.9393 0.0189
vn -0.4068 0.9135 -0.0046
vn -0.9051 0.4251 -0.0080
vn -0.9506 0.3100 -0.0153
vn -0.9250 -0.3797 0.0137
vn -0.9996 0.0030 -0.0286
vn -0.9382 -0.3441 0.0370
vn -0.4132 -0.9106 -0.0038
vn -0.3538 -0.9351 -0.0203
vn -0.3011 -0.3310 -0.8943
vn -0.7417 -0.6707 -0.0065
vn -0.6965 0.7175 -0.0084
vn -0.2144 0.3622 -0.9071
vn 0.0172 0.9998 -0.0057
vn 0.0349 0.9994 0.0066
vn -0.4948 -0.0202 -0.8687
vn -0.9547 -0.0355 -0.2956
vn -0.8932 0.0163 -0.4494
vn -0.0265 -0.0061 -0.9996
vn -0.2803 0.0142 -0.9598
vn 0.0425 0.0256 0.9988
vn 0.0845 0.0071 0.9964
vn 0.3780 -0.0006 0.9258
vn 0.4025 0.0049 0.9154
vn 0.7598 -0.0050 0.6501
vn 0.7837 0.0041 0.6211
vn 0.9790 -0.0022 0.2041
vn 0.9809 -0.0252 0.1931
vn -1.0000 0.0082 -0.0052
vn -1.0000 -0.0029 -0.0023
vn -1.0000 0.0030 -0.0025
vn -1.0000 0.0046 -0.0083
vn -0.9998 0.0183 -0.0078
vn 1.0000 -0.0093 0.0023
vn 1.0000 -0.0033 0.0038
vn 1.0000 0.0008 0.0002
vn 1.0000 0.0011 0.0036
vn 1.0000 0.0072 0.0018
vn -0.9320 0.1226 -0.3412
vn -0.9418 0.2935 -0.1642
vn 0.0204 0.7997 -0.6000
vn -0.9279 -0.0564 -0.3686
vn 0.0233 0.0704 -0.9972
vn 0.4001 -0.0823 0.9128
vn 0.0373 -0.8357 -0.5480
vn 0.0790 -0.3430 -0.9360
vn -0.9109 -0.0469 0.4098
vn 0.0463 -0.8031 0.5941
vn 0.0922 0.8921 -0.4423
vn 0.0434 0.2025 0.9783
vn -0.1948 -0.4865 0.8517
vn 0.0268 0.9517 0.3060
vn 0.6210 0.6355 0.4588
vn 0.0251 0.9761 0.2159
vn -0.0469 0.3728 0.9267
vn -0.1166 -0.1921 0.9744
vn 0.3949 0.3761 0.8382
vn -0.0919 -0.8301 0.5500
vn 0.0344 -0.5471 0.8364
vn 0.0225 -0.9859 0.1657
vn -0.0290 -0.9894 -0.1425
vn 0.0494 -0.8363 -0.5460
vn -0.0360 -0.6012 -0.7983
vn 0.0749 -0.2084 -0.9752
vn -0.0986 0.1668 -0.9811
vn 0.0624 0.6256 -0.7776
vn -0.1191 0.8618 -0.4930
vn 0.3823 0.9229 -0.0454
vn 0.7517 0.5173 -0.4092
vn 0.8555 0.4958 -0.1493
vn 0.8549 0.2694 -0.4433
vn 0.7766 0.0986 -0.6222
vn 0.4661 -0.2596 -0.8458
vn 0.7881 -0.4216 -0.4485
vn 0.6820 -0.6999 -0.2123
vn 0.7403 -0.6722 -0.0038
vn 0.5964 -0.5070 0.6223
vn 0.7870 -0.1392 0.6010
vn 0.7284 0.0952 0.6785
vn 0.7513 -0.5867 0.3021
vn 0.9997 0.0220 0.0126
vn 1.0000 0.0003 -0.0011
vn 1.0000 0.0007 0.0013
vn -0.0262 0.5697 -0.8214
vn -0.0324 -0.3963 -0.9175
vn -0.0159 -0.3631 0.9316
vn -0.0358 -0.9975 0.0603
vn -0.0225 -0.8212 -0.5702
vn 0.0026 -0.9049 -0.4256
vn 0.0325 -0.8877 0.4593
vn 0.0074 -0.9746 -0.2237
vn -0.0168 -0.9299 0.3674
vn -0.0073 -0.8042 0.5944
vn -0.0285 0.9996 -0.0059
vn -0.0145 0.8499 0.5268
vn 0.0549 0.9981 -0.0271
vn 0.0040 0.8461 -0.5330
vn -0.0160 0.9860 -0.1658
vn -0.0029 0.9126 0.4088
vn -0.0295 0.5741 0.8183
vn -0.7424 0.4230 0.5195
vn -0.8700 0.4919 -0.0340
vn -0.8552 0.1543 0.4948
vn -0.7136 -0.2390 0.6585
vn -0.8786 -0.3134 0.3603
vn -0.7676 -0.5988 0.2286
vn -0.7504 -0.6249 -0.2153
vn -0.7690 -0.3052 -0.5618
vn -0.5626 0.0662 -0.8241
vn -0.7915 0.3803 -0.4785
vn -0.6676 0.7444 0.0150
vn -0.7003 -0.6973 -0.1531
vn -1.0000 -0.0028 0.0039
vn -1.0000 -0.0004 0.0019
vn -0.7017 -0.7031 -0.1150
vn -0.7232 -0.6887 -0.0520
vn -0.2735 -0.8487 -0.4526
vn -0.2898 -0.8625 -0.4149
vn 0.3858 -0.7803 -0.4923
vn 0.5336 -0.7671 -0.3562
vn 0.7583 -0.6500 0.0493
vn 0.5832 -0.7298 0.3567
vn 0.3036 -0.7303 0.6120
vn -0.2522 -0.8580 0.4474
vn -0.5167 -0.8029 0.2973
vn -0.6101 -0.0046 -0.7923
vn -0.4440 0.0027 -0.8960
vn 0.6103 0.0047 -0.7921
vn -0.9863 -0.0011 -0.1652
vn -0.9788 -0.0438 0.2002
vn -0.6049 0.0053 0.7963
vn -0.4050 -0.0250 0.9140
vn 0.6047 -0.0050 0.7964
vn 0.4064 0.0251 0.9133
vn 0.9790 0.0437 0.1992
vn 0.9863 0.0012 -0.1651
vn 0.4444 -0.0029 -0.8958
vn 0.3421 0.8442 -0.4126
vn -0.3704 0.8181 -0.4399
vn -0.4770 0.7947 -0.3754
vn -0.6921 0.7052 0.1540
vn -0.6480 0.7555 0.0968
vn -0.4790 0.5934 0.6469
vn 0.1223 0.8810 0.4570
vn 0.6052 0.7028 0.3739
vn 0.7226 0.6903 0.0361
vn 0.7090 0.6955 -0.1165
vn 0.2226 0.8725 -0.4349
vn 0.0011 -1.0000 -0.0020
vn -0.0002 -1.0000 -0.0021
vn 0.0240 -0.9493 -0.3134
vn 0.0005 -1.0000 -0.0025
vn 0.0189 -0.9144 -0.4043
vn 0.4188 0.0161 -0.9080
vn 0.9502 0.0339 -0.3097
vn 0.8651 -0.0289 -0.5007
vn -0.0771 -0.0025 0.9970
vn -0.0013 -0.0183 0.9998
vn -0.3708 0.0050 0.9287
vn -0.4154 -0.0045 0.9096
vn -0.7598 0.0050 0.6501
vn -0.9808 0.0251 0.1936
vn -0.0129 0.9216 -0.3879
vn 0.0002 1.0000 -0.0044
vn -0.0047 1.0000 -0.0019
vn -0.0146 0.9999 0.0005
vn -0.0163 0.9419 -0.3355
vn -0.0128 -0.3858 -0.9225
vn -0.0168 -0.3289 -0.9442
vn 1.0000 0.0027 -0.0015
vn 1.0000 0.0010 -0.0007
vn 1.0000 -0.0031 -0.0016
vn 0.9999 -0.0096 -0.0085
vn 1.0000 -0.0024 -0.0074
vn 1.0000 0.0056 -0.0022
vn -1.0000 -0.0004 0.0035
vn -1.0000 -0.0009 0.0005
vn -1.0000 -0.0031 0.0021
vn -0.0046 0.7946 -0.6071
vn -0.0516 0.9556 0.2900
vn 0.0528 0.9315 -0.3599
vn 0.0147 0.1613 -0.9868
vn -0.0179 -0.7842 -0.6202
vn 0.0164 0.1286 -0.9916
vn -0.0182 -0.8741 0.4854
vn 0.0170 -0.8288 -0.5592
vn -0.0588 0.1018 0.9931
vn -0.0163 -0.8541 0.5198
vn 0.0504 0.7034 0.7090
vn -0.0027 -0.2011 0.9796
vn 0.2366 -0.4545 -0.8587
vn 0.3875 0.3793 -0.8402
vn -0.2622 0.4238 -0.8669
vn 0.2592 0.4427 -0.8584
vn -0.0371 -0.5733 -0.8185
vn 0.4677 -0.2445 -0.8494
vn -0.3754 0.3449 -0.8603
vn 0.5234 0.1067 -0.8453
vn -0.3863 -0.3071 -0.8698
vn 0.5846 -0.0319 -0.8107
vn -0.1115 -0.4795 -0.8704
vn 0.3523 -0.4683 -0.8103
vn -0.5358 -0.0140 -0.8442
vn -0.2206 0.4886 -0.8442
vn -0.5628 0.0249 -0.8262
vn 0.5389 -0.0285 -0.8419
vn -0.5353 -0.0232 -0.8443
vn -0.2156 -0.4950 -0.8417
vn 0.0001 -0.0001 -1.0000
vn -0.1116 -0.4796 -0.8704
vn -0.4906 0.3336 -0.8050
vn 0.4678 -0.1677 -0.8678
vn -0.4072 0.3386 -0.8482
vn 0.1385 0.5565 -0.8192
vn 0.5234 0.1067 -0.8454
vn 0.2366 -0.4545 -0.8588
vn -0.3890 -0.4137 -0.8231
vn -0.3641 0.4388 -0.8215
vn -0.0891 0.6018 -0.7937
vn -0.5824 -0.1566 -0.7977
vn 0.4168 0.3889 -0.8216
vn 0.5785 0.5221 -0.6267
vn 0.3894 0.4126 -0.8235
vn 0.4635 0.5576 -0.6887
vn -0.4389 -0.3640 -0.8215
vn -0.6353 -0.5558 -0.5362
vn 0.3683 -0.4579 -0.8091
vn 0.3641 -0.4388 -0.8215
vn 0.5548 -0.5917 -0.5849
vn -0.3888 0.4161 -0.8220
vn -0.5215 0.5780 -0.6276
vn -0.4126 0.3894 -0.8235
vn -0.5576 0.4635 -0.6887
vn 0.5558 -0.6353 -0.5362
vn -0.4635 -0.5576 -0.6887
vn 0.4388 0.3641 -0.8215
vn 0.6353 0.5558 -0.5362
vn 0.5807 0.2768 -0.7657
vn 0.6105 0.5393 -0.5800
vn -0.5525 0.5872 -0.5916
vn 0.5576 -0.4635 -0.6887
vn 0.4126 -0.3894 -0.8235
vn -0.5558 0.6353 -0.5362
vn -0.0045 -0.0004 -1.0000
vn -0.1631 0.0212 -0.9864
vn 0.5525 -0.5520 -0.6246
vn 0.5364 -0.3192 -0.7813
vn -0.3533 0.4783 -0.8040
vn -0.0018 -0.0013 -1.0000
vn 0.3863 -0.3071 0.8698
vn 0.4095 0.3333 0.8492
vn 0.2047 -0.4596 0.8642
vn 0.5377 0.1014 0.8370
vn 0.3877 -0.3058 0.8696
vn -0.2366 -0.4545 0.8588
vn -0.2366 -0.4545 0.8587
vn -0.1373 0.5527 0.8220
vn -0.5234 0.1067 0.8454
vn -0.4671 -0.1699 0.8677
vn 0.3309 0.4554 0.8265
vn -0.3663 0.4252 0.8276
vn 0.2206 0.4885 0.8442
vn 0.1115 -0.4795 0.8704
vn 0.5353 -0.0232 0.8443
vn -0.0001 0.0001 1.0000
vn -0.2507 0.4647 0.8493
vn -0.5389 -0.0285 0.8419
vn 0.4072 0.3386 0.8482
vn 0.5358 -0.0140 0.8442
vn -0.1385 0.5565 0.8192
vn -0.5235 0.1067 0.8453
vn -0.5234 0.6060 0.5990
vn -0.3683 -0.4342 0.8221
vn -0.4891 -0.6181 0.6154
vn 0.6057 0.5235 0.5992
vn 0.4341 0.4017 0.8064
vn -0.5805 -0.6131 0.5359
vn 0.5312 -0.6101 0.5878
vn 0.4017 -0.4340 0.8064
vn -0.4341 0.3683 0.8221
vn -0.6131 0.5805 0.5359
vn 0.2932 -0.5618 0.7736
vn 0.5813 -0.5174 0.6280
vn -0.4017 0.4341 0.8064
vn 0.4342 -0.3683 0.8221
vn 0.6131 -0.5805 0.5359
vn 0.5672 -0.2865 0.7721
vn 0.5960 -0.4877 0.6379
vn -0.5736 0.5303 0.6243
vn -0.6100 -0.5312 0.5879
vn -0.4340 -0.4017 0.8064
vn 0.3683 0.4341 0.8221
vn 0.5805 0.6131 0.5359
vn 0.2742 0.5818 0.7657
vn 0.5301 0.5782 0.6203
vn -0.5605 -0.2977 0.7728
vn -0.5909 -0.5037 0.6301
vn 0.0004 -0.0000 1.0000
vn -0.6110 0.4912 0.6209
vn -0.5419 0.3124 0.7802
vn 0.0115 0.0013 0.9999
vn 0.5242 0.5833 0.6204
vn 0.4513 0.3855 0.8048
vn -0.3130 -0.5198 0.7949
vn -0.2953 0.5606 0.7737
vn 0.0009 -0.0007 1.0000
vn -0.0055 -0.0017 1.0000
vn -0.6979 -0.7144 0.0500
vn -0.9668 -0.2555 -0.0081
vn -0.8841 -0.4656 0.0397
vn -0.8653 0.5009 -0.0184
vn -0.0660 0.9959 -0.0612
vn -0.4127 0.9103 0.0328
vn 0.3969 0.9171 0.0370
vn -0.9467 0.3221 0.0070
vn -0.2922 0.9561 -0.0242
vn 0.4465 0.8948 0.0041
vn 0.2875 0.9559 0.0595
vn 0.9097 0.4147 -0.0223
vn 0.9746 0.2153 0.0619
vn 0.9303 -0.3667 -0.0073
vn 0.4254 -0.9043 -0.0353
vn -0.4159 -0.9089 -0.0301
vn 0.1395 -0.9889 0.0513
vn -0.9296 -0.3664 -0.0405
vn -0.7721 -0.6331 0.0546
vn -0.9344 0.3550 -0.0283
vn -0.9930 0.1097 0.0439
vn 0.9259 0.3765 -0.0311
vn 0.9018 -0.4322 0.0005
vn 0.9560 -0.2887 0.0526
vn 0.4108 -0.9114 -0.0236
vn 0.2269 -0.9725 0.0516
vn -0.3622 -0.9318 -0.0217
vn -0.7295 -0.6817 0.0561
vn -0.7277 -0.6845 0.0441
vn 0.7782 -0.6272 -0.0329
vn -0.7782 0.6272 -0.0329
vn -0.9933 0.1147 -0.0138
vn -0.7693 -0.6388 0.0109
vn -0.5670 0.8236 -0.0135
vn -0.9845 0.1753 0.0113
vn 0.2087 0.9779 -0.0116
vn -0.5207 0.8537 0.0097
vn 0.7862 0.6180 -0.0089
vn 0.2677 0.9634 0.0111
vn 0.8106 0.5855 0.0042
vn -0.6273 -0.7781 -0.0331
vn -0.1147 -0.9933 -0.0138
vn 0.6388 -0.7693 0.0109
vn -0.8236 -0.5670 -0.0135
vn -0.1753 -0.9845 0.0113
vn -0.9779 0.2087 -0.0116
vn -0.8537 -0.5207 0.0097
vn -0.6180 0.7862 -0.0089
vn -0.9634 0.2677 0.0111
vn -0.5855 0.8106 0.0042
vn 0.6272 0.7782 -0.0329
vn 0.9933 -0.1147 -0.0138
vn 0.7693 0.6388 0.0109
vn 0.5670 -0.8236 -0.0135
vn 0.9845 -0.1753 0.0113
vn -0.2087 -0.9779 -0.0116
vn 0.5207 -0.8537 0.0097
vn -0.7862 -0.6180 -0.0089
vn -0.2677 -0.9634 0.0111
vn -0.8106 -0.5855 0.0042
vn 0.1147 0.9933 -0.0138
vn -0.6388 0.7693 0.0109
vn 0.8236 0.5670 -0.0135
vn 0.1753 0.9845 0.0113
vn 0.9779 -0.2087 -0.0116
vn 0.8537 0.5207 0.0097
vn 0.6180 -0.7862 -0.0089
vn 0.9634 -0.2677 0.0111
vn 0.5855 -0.8106 0.0042
vn -0.9782 0.1995 -0.0576
vn 0.4165 -0.9073 0.0580
vn -0.4606 -0.8847 -0.0718
vn 0.7803 -0.6204 -0.0790
vn 0.9782 0.1995 0.0576
vn -0.9393 -0.3367 -0.0662
vn 0.2260 -0.9714 -0.0725
vn -0.6520 0.7567 -0.0486
vn 0.4111 0.9105 -0.0445
vn -0.4111 0.9105 0.0445
vn 0.9979 -0.0261 -0.0588
vn 0.6519 0.7567 0.0486
vn 0.9393 -0.3367 0.0662
vn -0.2260 -0.9714 0.0725
vn -0.6519 0.7567 -0.0486
vn -0.9979 -0.0261 0.0588
vn 0.6520 0.7567 0.0486
vn 0.7669 0.6377 -0.0722
vn 0.2155 -0.9737 -0.0741
vn -0.6225 -0.7826 -0.0012
vn 0.9539 -0.2979 0.0374
vn 0.1282 -0.9914 0.0274
vn -0.7803 -0.6204 0.0790
vn -0.2412 0.9688 -0.0573
vn -0.7669 0.6377 0.0722
vn 0.2412 0.9688 0.0573
vn -0.9974 -0.0666 -0.0264
vn -0.4101 -0.9113 -0.0372
vn -0.5434 -0.8395 0.0031
vn -0.6124 0.7889 -0.0516
vn 0.3142 0.9468 -0.0699
vn 0.9954 0.0842 -0.0462
vn 0.6310 0.7757 0.0148
vn 0.9978 -0.0493 0.0447
vn 0.5688 -0.8220 -0.0279
vn 0.4114 -0.9107 0.0375
vn -0.6012 -0.7991 -0.0050
vn 0.3990 -0.9163 -0.0351
vn -0.9985 -0.0528 0.0138
vn -0.4746 0.8798 -0.0242
vn 0.5878 0.8089 -0.0152
vn 0.4746 0.8798 0.0242
vn 0.9991 -0.0434 0.0039
vn -0.5878 0.8089 0.0152
vn -0.8843 -0.4623 -0.0649
vn 0.0646 -0.9976 -0.0260
vn -0.4048 -0.9089 0.1007
vn -0.7118 0.6968 -0.0889
vn -0.9798 0.1847 0.0763
vn 0.5241 0.8470 -0.0893
vn -0.2023 0.9775 0.0590
vn 0.9215 -0.3852 -0.0492
vn 0.8151 0.5784 0.0331
vn 0.8476 -0.5274 0.0585
vn -0.3990 -0.9163 0.0351
vn -0.9991 -0.0434 -0.0039
vn 0.9985 -0.0528 -0.0138
vn 0.6012 -0.7991 0.0050
vn -0.8476 -0.5274 -0.0585
vn -0.8151 0.5784 -0.0331
vn -0.9215 -0.3852 0.0492
vn 0.2023 0.9775 -0.0590
vn 0.6169 0.6699 -0.4131
vn 0.6434 0.0990 -0.7591
vn 0.6223 -0.4900 -0.6104
vn -0.0189 0.9265 -0.3758
vn -0.0092 0.9120 0.4102
vn 0.0240 0.8997 0.4359
vn -0.0325 0.2763 -0.9605
vn -0.0225 -0.5605 -0.8279
vn -0.0156 -0.9997 -0.0192
vn -0.0008 -0.5644 0.8255
vn 0.0141 -0.9988 0.0462
vn -0.0108 0.3221 0.9466
vn 0.0058 -0.5307 0.8475
vn 0.0093 0.2806 0.9598
vn 0.8196 0.5615 -0.1138
vn 0.0694 0.9851 0.1575
vn 0.0653 0.7124 -0.6987
vn 0.7812 0.4848 -0.3933
vn 0.8040 0.2005 -0.5598
vn 0.0587 -0.2629 -0.9630
vn 0.8074 -0.1778 -0.5626
vn 0.8170 -0.4934 -0.2984
vn 0.0656 -0.9650 -0.2538
vn 0.8043 -0.5890 0.0788
vn 0.0698 -0.7177 0.6928
vn 0.7923 -0.4674 0.3922
vn 0.7626 -0.2073 0.6127
vn 0.0693 0.3266 0.9426
vn 0.7873 0.1505 0.5979
vn 0.8104 0.4747 0.3433
vn 0.6889 -0.6705 -0.2756
vn 0.8183 0.5608 0.1261
vn 0.8267 0.5554 -0.0903
vn 0.7979 0.5321 0.2833
vn 0.8072 0.0458 0.5885
vn 0.9021 0.0119 -0.4314
vn 0.7832 0.6217 0.0090
vn 0.9221 0.1883 0.3380
vn 0.8050 -0.5881 -0.0782
vn 0.7295 -0.6718 0.1287
vn 0.9089 -0.1790 0.3766
vn 0.7574 0.1509 -0.6353
vn 0.8340 0.3242 -0.4465
vn 0.6949 -0.5289 0.4872
vn 0.7791 0.5526 -0.2960
vn 0.8124 0.4005 0.4237
vn 0.8254 -0.0751 -0.5595
vn 0.7851 -0.3267 -0.5262
vn 0.7800 -0.5342 -0.3259
vn 0.8079 -0.0399 0.5879
vn 0.8318 -0.3586 0.4237
vn 0.7803 -0.2734 0.5624
vn 0.7981 -0.5720 0.1894
vn 0.6431 0.6374 -0.4244
vn 0.6050 -0.7480 0.2728
vn 0.5229 -0.4967 0.6927
vn 0.4296 -0.9018 -0.0465
vn 0.9840 0.0641 0.1662
vn 0.7575 0.2049 0.6198
vn 0.9690 -0.0406 0.2438
vn 0.9281 -0.3282 0.1761
vn 0.7652 -0.5355 -0.3575
vn 0.9783 -0.1798 -0.1029
vn 0.9434 -0.0738 -0.3234
vn 0.7042 0.5560 -0.4415
vn 0.9677 0.2075 -0.1434
vn 0.9199 0.3636 0.1470
vn -0.0069 0.9944 0.1059
vn -0.0050 0.9036 -0.4283
vn -0.0763 0.5347 -0.8416
vn -0.2040 -0.1341 -0.9697
vn -0.0519 -0.6784 -0.7329
vn -0.1002 -0.9717 -0.2139
vn -0.0041 -0.8717 0.4900
vn -0.0484 -0.4960 0.8670
vn -0.1320 0.1464 0.9804
vn -0.0046 0.7781 0.6281
vn 0.0147 -0.7780 -0.6281
vn 0.0167 -0.8502 0.5263
vn -0.0083 -0.8802 0.4746
vn 0.0109 0.2362 -0.9716
vn -0.0114 0.2053 -0.9786
vn 0.0060 0.9880 -0.1544
vn 0.0189 0.3913 0.9201
vn -0.0161 0.9949 -0.0998
vn -0.0177 0.3231 0.9462
vn -0.0060 -0.7971 -0.6039
vn -0.0495 0.5684 -0.8213
vn -0.0586 0.9978 -0.0315
vn 0.8788 0.3000 -0.3711
vn -0.0476 -0.2207 -0.9742
vn 0.9220 0.1372 -0.3620
vn 0.8971 -0.1479 -0.4163
vn -0.0467 -0.9253 -0.3763
vn -0.0354 -0.8091 0.5866
vn 0.2771 -0.3051 0.9111
vn -0.0343 -0.1414 0.9894
vn 0.9052 -0.3897 0.1696
vn 0.8417 -0.3043 0.4461
vn -0.0431 0.6042 0.7956
vn 0.8317 0.4568 0.3155
vn 0.2389 -0.6003 -0.7633
vn 0.2682 -0.3984 0.8771
vn 0.0498 -0.1052 -0.9932
vn -0.8911 -0.4529 -0.0292
vn -0.9019 0.1828 0.3913
vn -0.6298 0.7755 -0.0452
vn -0.9745 0.0544 0.2179
vn 0.1378 0.9143 0.3809
vn 0.2842 -0.6901 -0.6656
vn 0.0171 0.9854 0.1694
vn -0.8536 -0.4737 -0.2167
vn 0.0472 0.9216 0.3853
vn 0.0501 0.8339 -0.5497
vn 0.0439 0.0323 -0.9985
vn 0.0461 -0.8053 -0.5910
vn 0.0395 -0.9713 0.2344
vn 0.0423 -0.4609 0.8864
vn 0.0401 0.3096 0.9500
vn 0.0350 -0.7594 -0.6497
vn 0.0560 -0.8799 0.4719
vn -0.0951 -0.9631 -0.2517
vn 0.0110 0.2362 -0.9716
vn -0.0481 0.1526 -0.9871
vn 0.0031 0.9736 -0.2284
vn 0.0171 0.7771 0.6292
vn -0.0202 0.9866 -0.1620
vn 0.0520 0.0358 0.9980
vn -0.0408 0.6335 0.7726
vn -0.0692 -0.4112 0.9089
vn 0.0037 0.9018 -0.4321
vn 0.0069 0.9944 0.1059
vn -0.9771 -0.1883 -0.0991
vn -0.0220 0.4584 -0.8884
vn -0.8388 -0.4644 -0.2840
vn -0.9699 0.0622 0.2353
vn 0.0411 -0.4196 -0.9068
vn -0.9583 0.2746 0.0787
vn 0.0673 -0.9715 -0.2271
vn -0.0005 -0.8645 0.5026
vn -0.7412 0.2113 0.6372
vn 0.0118 -0.3810 0.9245
vn -0.9024 0.4013 0.1572
vn 0.0115 0.2570 0.9664
vn -0.9458 0.2755 -0.1719
vn -0.9339 0.1640 -0.3176
vn 0.0163 0.7799 0.6257
vn -0.9697 -0.1906 -0.1526
vn 0.9552 -0.2701 0.1206
vn -0.5541 -0.1483 0.8191
vn -0.8028 0.5816 0.1316
vn -0.8000 0.5937 -0.0865
vn -0.7965 0.5042 -0.3338
vn -0.7960 0.3929 -0.4604
vn -0.7779 0.1910 -0.5987
vn -0.7934 0.0372 -0.6076
vn -0.7876 -0.1994 -0.5830
vn -0.7982 -0.3393 -0.4978
vn -0.7752 -0.5364 -0.3338
vn -0.7833 -0.5996 -0.1644
vn -0.7741 -0.6249 0.1010
vn -0.7829 -0.5119 0.3537
vn -0.7968 -0.4226 0.4320
vn -0.7766 -0.1728 0.6059
vn -0.7772 0.0778 0.6244
vn -0.7790 0.3615 0.5123
vn -0.7781 0.5017 0.3780
vn 0.4806 -0.6615 -0.5757
vn 0.3303 0.0724 -0.9411
vn -0.0001 0.8072 -0.5903
vn 0.3892 0.9192 0.0601
vn 0.1640 0.9702 0.1783
vn 0.3470 0.9364 0.0517
vn 0.0274 0.9931 0.1141
vn 0.0008 -0.3045 -0.9525
vn -0.2682 0.0491 -0.9621
vn -0.6137 0.6303 -0.4754
vn -0.9086 -0.1024 -0.4049
vn -0.4724 0.8811 -0.0224
vn -0.4368 0.8959 0.0809
vn -0.2104 0.9658 0.1515
vn -0.7988 0.6016 0.0051
vn -0.3664 -0.6696 -0.6460
vn -0.6811 0.6145 0.3980
vn -0.9556 0.2233 0.1921
vn -0.4886 0.7351 0.4700
vn -0.3685 0.8157 0.4458
vn -0.1527 0.8023 0.5770
vn 0.0266 0.8887 0.4576
vn 0.2749 0.8300 0.4854
vn 0.4959 0.7288 0.4721
vn 0.6780 0.6039 0.4190
vn 0.4325 0.2773 0.8580
vn 0.2473 0.3067 0.9191
vn 0.0581 0.5530 0.8312
vn 0.5004 -0.0571 0.8639
vn 0.1791 -0.1549 0.9715
vn -0.0509 0.1474 0.9878
vn -0.5025 0.3673 0.7827
vn -0.2362 0.3378 0.9111
vn -0.1993 -0.0081 0.9799
vn -0.7419 0.0218 0.6701
vn -0.3444 -0.1266 0.9302
vn -0.0026 -0.2548 0.9670
vn 0.2274 -0.4878 0.8428
vn 0.5811 -0.2911 0.7600
vn 0.4701 -0.2856 0.8351
vn 0.0358 -0.9969 0.0699
vn 0.0233 -0.8896 0.4561
vn 0.0259 -0.6481 0.7611
vn 0.0061 -0.9803 -0.1974
vn 0.0193 -0.9107 -0.4126
vn 0.0161 -0.9107 -0.4127
vn -0.0148 -0.9108 -0.4125
vn -0.2467 -0.4915 0.8352
vn -0.9617 -0.1261 0.2434
vn -0.5652 -0.3439 0.7498
vn -0.5604 -0.2895 0.7760
vn 0.0075 -0.4228 0.9062
vn 0.0757 -0.3011 0.9506
vn -0.4812 -0.4950 0.7235
vn -0.7850 -0.5924 -0.1814
vn -0.7146 -0.6590 -0.2346
vn -0.6658 -0.6990 0.2610
vn -0.7470 0.5371 -0.3917
vn -0.7696 -0.0274 -0.6379
vn -0.8021 0.2064 -0.5604
vn -0.7798 -0.3513 -0.5182
vn -0.7053 -0.5958 0.3841
vn -0.7690 0.6370 0.0540
vn -0.7695 -0.5951 0.2317
vn -0.8058 -0.2939 0.5141
vn -0.7791 0.4268 0.4591
vn -0.8150 0.2311 0.5314
vn -0.5026 -0.6496 0.5704
vn -0.5605 -0.8268 -0.0481
vn -0.0282 -0.6227 0.7820
vn -0.0226 -0.8637 0.5035
vn -0.0292 -0.9941 0.1047
vn -0.0018 -0.9831 -0.1828
vn -0.1020 -0.4038 0.9091
vn 0.0093 -0.2829 0.9591
vn -0.0193 -0.9108 -0.4124
vn -0.0559 0.7696 -0.6361
vn -0.0574 0.9390 0.3390
vn -0.0451 0.0639 -0.9969
vn -0.0446 -0.6606 -0.7494
vn -0.0555 -0.9954 0.0787
vn -0.0495 -0.5859 0.8089
vn -0.0421 0.2045 0.9780
vn -0.0210 0.9273 -0.3738
vn -0.0240 0.8016 0.5974
vn 0.0191 0.8814 0.4721
vn -0.0102 0.2756 -0.9612
vn 0.0137 0.3121 -0.9499
vn -0.0054 -0.5502 -0.8350
vn -0.6251 -0.7799 -0.0318
vn 0.0154 -0.5993 -0.8004
vn -0.6272 -0.5230 0.5772
vn 0.0057 -0.9999 0.0135
vn -0.6414 0.0314 0.7666
vn 0.0225 0.1044 0.9943
vn 0.0109 -0.6906 0.7231
vn 0.0135 0.9369 -0.3493
vn 0.7116 -0.0505 -0.7008
vn 0.0367 0.9410 0.3363
vn 0.0166 -0.8753 0.4833
vn 0.0145 -0.5045 0.8633
vn 0.0080 -0.5107 0.8597
vn 0.0276 0.2121 0.9769
vn 0.0116 0.2684 0.9632
vn 0.0222 0.8098 0.5863
vn 0.0094 0.8420 0.5394
vn 0.0230 0.9988 0.0435
vn -0.0005 0.9998 0.0217
vn 0.0445 0.8941 -0.4457
vn 0.0253 0.7931 -0.6086
vn -0.0040 0.4381 -0.8989
vn -0.0338 0.1685 -0.9851
vn -0.0118 -0.1351 -0.9908
vn 0.0040 -0.5723 -0.8201
vn 0.0406 -0.6522 -0.7570
vn -0.0034 -0.9333 -0.3592
vn -0.0102 -0.9441 -0.3296
vn 0.0348 -0.8006 0.5982
vn 0.0454 -0.1719 0.9841
vn -0.0159 -0.5208 0.8535
vn 0.0262 -0.9996 -0.0071
vn -0.0307 -0.9016 0.4314
vn 0.0314 -0.8415 -0.5394
vn -0.0320 -0.9849 -0.1702
vn 0.0278 -0.2413 -0.9700
vn -0.0163 -0.6792 -0.7338
vn 0.0123 0.5291 -0.8485
vn 0.0032 0.4035 -0.9150
vn -0.0063 0.9195 0.3931
vn -0.0105 0.9629 -0.2696
vn 0.0193 0.5695 0.8218
vn -0.0123 0.0045 0.9999
vn -0.0148 0.6091 0.7929
vn -0.0262 -0.1794 -0.9834
vn -0.0067 -0.9231 -0.3846
vn -0.0226 -0.6210 -0.7835
vn 0.0005 -0.6022 -0.7983
vn -0.0304 -0.1469 -0.9887
vn -0.0019 0.0063 -1.0000
vn -0.0347 0.4263 -0.9039
vn -0.0022 0.5462 -0.8377
vn -0.0336 0.8711 -0.4899
vn 0.0003 0.8928 -0.4504
vn -0.0303 0.9994 0.0140
vn 0.0082 0.9851 0.1719
vn -0.0323 0.8275 0.5605
vn -0.0336 0.6631 0.7477
vn -0.0333 0.2127 0.9765
vn -0.0415 -0.3797 0.9242
vn -0.0438 -0.5368 0.8425
vn 0.0972 -0.8624 0.4968
vn -0.0544 -0.9745 0.2176
vn 0.0359 0.1826 0.9825
vn 0.0007 0.0032 1.0000
vn 0.0001 0.0016 1.0000
vn -0.4274 0.2073 0.8800
vn -0.0003 -0.0008 1.0000
vn -0.0862 0.4711 0.8779
vn -0.4057 -0.3368 0.8497
vn -0.1370 -0.5637 0.8146
vn 0.2675 -0.7401 0.6170
vn -0.6417 0.0535 0.7651
vn -0.4377 0.4961 0.7498
vn 0.6696 -0.2236 0.7083
vn 0.4623 -0.4366 0.7718
vn -0.6814 -0.3251 0.6558
vn -0.7262 -0.6336 0.2669
vn -0.1997 -0.9796 0.0217
vn -0.8605 -0.5089 0.0247
vn -0.9347 -0.2182 0.2804
vn -0.9877 0.1558 0.0146
vn -0.9102 0.3143 0.2697
vn -0.6833 0.7299 0.0172
vn 0.6080 -0.7936 0.0241
vn 0.4546 -0.8505 0.2647
vn 0.1081 -0.9240 0.3669
vn -0.3453 -0.9097 0.2306
vn -0.2894 -0.3005 0.9088
vn 0.3889 -0.1504 0.9089
vn 0.2556 -0.3415 0.9044
vn -0.6515 0.6745 -0.3473
vn 0.2461 -0.9202 -0.3042
vn 0.8583 0.0012 -0.5132
vn 0.5016 -0.8649 -0.0148
vn 0.5050 -0.8003 -0.3232
vn -0.0097 -0.9998 -0.0157
vn -0.0204 -0.9995 -0.0258
vn -0.8602 -0.5098 -0.0144
vn -0.8567 -0.0265 -0.5151
vn -0.7450 -0.4550 -0.4878
vn -0.3001 -0.1860 -0.9356
vn 0.0109 -0.3557 -0.9346
vn -0.0262 -0.3549 -0.9345
vn -0.0074 -0.3558 -0.9345
vn 0.2998 -0.1871 -0.9355
vn -0.3452 -0.9098 0.2306
vn -0.3304 0.3212 0.8875
vn -0.0905 0.4176 0.9041
vn 0.1446 0.4031 0.9037
vn 0.0085 0.0115 0.9999
vn 0.0001 0.0147 0.9999
vn -0.0084 0.0117 0.9999
vn -0.0140 0.0033 0.9999
vn -0.9751 0.2205 0.0225
vn -0.6520 0.6664 -0.3617
vn -0.5615 0.8272 0.0194
vn -0.2386 0.8191 -0.5217
vn 0.0018 1.0000 -0.0048
vn 0.0934 0.7460 -0.6593
vn 0.5977 0.8017 0.0097
vn 0.5325 0.7823 -0.3233
vn -0.0078 0.9998 -0.0162
vn 0.4993 0.8664 -0.0085
vn -0.0161 0.9996 -0.0243
vn 0.9999 0.0025 -0.0139
vn 0.8566 -0.0273 -0.5152
vn 0.5005 -0.8656 -0.0132
vn 0.5027 -0.8013 -0.3245
vn -0.8615 -0.5075 -0.0171
vn -1.0000 -0.0016 -0.0070
vn -0.8584 0.0019 -0.5130
vn -0.7481 -0.4522 -0.4857
vn -0.8612 0.5081 -0.0126
vn -0.7619 0.4480 -0.4677
vn -0.0090 0.3546 -0.9350
vn -0.0458 0.3518 -0.9350
vn 0.0281 0.3529 -0.9352
vn -0.2980 0.1872 -0.9360
vn -0.2998 -0.1863 -0.9356
vn 0.0109 -0.3556 -0.9346
vn -0.0261 -0.3549 -0.9345
vn -0.0075 -0.3559 -0.9345
vn 0.3001 -0.1869 -0.9354
vn 0.3117 0.1685 -0.9351
s 1
usemtl 0.603922_0.647059_0.686275_0.000000_0.006
f 1//1 2//2 6//3
f 2//2 3//4 6//3
f 3//4 4//5 6//3
f 4//5 5//6 6//3
f 7//7 6//3 5//6
f 9//8 5//6 4//9
f 10//10 4//9 3//11
f 11//12 3//11 2//13
f 13//14 2//13 1//1
f 13//14 1//1 6//3
f 6//3 7//7 14//15
f 6//3 14//15 13//14
f 2//13 13//14 12//16
f 2//13 12//16 11//12
f 3//11 11//12 10//10
f 4//9 10//10 9//8
f 5//6 9//8 8//17
f 5//6 8//17 7//7
f 21//18 7//19 8//20
f 20//21 8//20 9//22
f 18//23 9//22 10//24
f 16//25 10//24 11//26
f 15//27 11//26 12//28
f 26//29 12//28 13//30
f 24//31 13//30 14//32
f 23//33 14//32 7//19
f 7//19 22//34 23//33
f 14//32 23//33 24//31
f 13//30 24//31 25//35
f 13//30 25//35 26//29
f 12//28 26//29 27//36
f 12//28 27//36 15//27
f 11//26 15//27 16//25
f 10//24 16//25 17//37
f 10//24 17//37 18//23
f 9//22 18//23 19//38
f 9//22 19//38 20//21
f 8//20 20//21 21//18
f 7//19 21//18 22//34
f 28//39 22//34 21//18
f 29//40 21//18 20//21
f 29//40 20//21 19//38
f 31//41 19//38 18//23
f 31//41 18//23 17//37
f 32//42 17//37 16//25
f 33//43 16//25 15//27
f 34//44 33//43 15//27
f 34//44 15//27 27//36
f 35//45 27//36 26//29
f 36//46 26//29 25//35
f 37//47 25//35 24//31
f 38//48 24//31 23//33
f 28//39 23//33 22//34
f 23//33 28//39 38//48
f 24//31 38//48 37//47
f 25//35 37//47 36//46
f 26//29 36//46 35//45
f 27//36 35//45 34//44
f 16//25 33//43 32//42
f 17//37 32//42 31//41
f 19//38 31//41 30//49
f 19//38 30//49 29//40
f 21//18 29//40 28//39
f 43//50 39//51 35//45
f 40//52 41//53 28//39
f 34//44 35//45 39//51
f 42//54 43//50 37//47
f 39//51 44//55 34//44
f 44//55 45//56 33//43
f 45//56 46//57 32//42
f 46//57 47//58 30//49
f 41//53 42//54 38//48
f 36//46 37//47 43//50
f 46//57 31//41 32//42
f 30//49 31//41 46//57
f 47//58 29//40 30//49
f 38//48 28//39 41//53
f 37//47 38//48 42//54
f 33//43 34//44 44//55
f 32//42 33//43 45//56
f 35//45 36//46 43//50
f 28//39 29//40 40//52
f 29//40 47//58 40//52
f 49//59 40//60 47//61
f 52//62 47//61 46//63
f 54//64 46//63 45//65
f 54//64 45//65 44//66
f 56//67 44//66 39//68
f 58//69 39//68 43//70
f 61//71 43//70 42//72
f 62//73 42//72 41//74
f 63//75 41//74 40//60
f 40//60 48//76 63//75
f 41//74 63//75 62//73
f 42//72 62//73 61//71
f 43//70 61//71 60//77
f 43//70 60//77 59//78
f 43//70 59//78 58//69
f 39//68 58//69 57//79
f 39//68 57//79 56//67
f 44//66 56//67 55//80
f 44//66 55//80 54//64
f 46//63 54//64 53//81
f 46//63 53//81 52//62
f 47//61 52//62 51//82
f 47//61 51//82 50//83
f 47//61 50//83 49//59
f 40//60 49//59 48//76
f 64//84 49//59 50//83
f 64//84 50//83 51//82
f 65//85 54//64 55//80
f 66//86 61//71 62//73
f 67//87 62//73 63//75
f 67//87 63//75 48//76
f 64//84 51//82 52//62
f 65//85 55//80 56//67
f 60//77 66//86 59//78
f 58//69 59//78 57//79
f 54//64 65//85 53//81
f 62//73 67//87 66//86
f 61//71 66//86 60//77
f 49//59 64//84 48//76
f 68//88 53//81 65//85
f 69//89 70//90 56//67
f 65//85 70//90 68//88
f 71//91 72//92 67//87
f 68//88 64//84 52//62
f 68//88 52//62 53//81
f 65//85 56//67 70//90
f 73//93 69//89 59//78
f 72//92 73//93 66//86
f 67//87 48//76 71//91
f 64//84 68//88 71//91
f 71//91 48//76 64//84
f 56//67 57//79 69//89
f 69//89 57//79 59//78
f 59//78 66//86 73//93
f 66//86 67//87 72//92
f 71//94 74//95 75//96
f 75//96 72//97 71//94
f 71//98 68//99 76//100
f 76//100 74//101 71//98
f 68//99 70//102 76//100
f 70//102 77//103 76//100
f 70//104 69//105 78//106
f 78//106 77//107 70//104
f 69//105 73//108 79//109
f 79//109 78//106 69//105
f 73//108 72//97 75//96
f 75//96 79//109 73//108
f 80//110 77//111 78//112
f 80//113 79//109 75//96
f 80//114 78//106 79//109
f 80//115 76//100 77//103
f 80//116 74//101 76//100
f 80//117 75//118 74//119
f 81//1 82//2 86//3
f 82//2 83//4 86//3
f 83//4 84//5 86//3
f 84//5 85//6 86//3
f 87//7 86//3 85//6
f 89//8 85//6 84//120
f 90//10 84//120 83//11
f 91//12 83//11 82//13
f 93//14 82//13 81//1
f 93//14 81//1 86//3
f 86//3 87//7 94//15
f 86//3 94//15 93//14
f 82//13 93//14 92//16
f 82//13 92//16 91//12
f 83//11 91//12 90//10
f 84//120 90//10 89//8
f 85//6 89//8 88//17
f 85//6 88//17 87//7
f 101//18 87//19 88//20
f 100//21 88//20 89//22
f 98//23 89//22 90//24
f 96//25 90//24 91//26
f 95//27 91//26 92//28
f 106//121 92//28 93//30
f 104//122 93//30 94//32
f 103//33 94//32 87//19
f 87//19 102//34 103//33
f 94//32 103//33 104//122
f 93//30 104//122 105//35
f 93//30 105//35 106//121
f 92//28 106//121 107//36
f 92//28 107//36 95//27
f 91//26 95//27 96//25
f 90//24 96//25 97//37
f 90//24 97//37 98//23
f 89//22 98//23 99//123
f 89//22 99//123 100//21
f 88//20 100//21 101//18
f 87//19 101//18 102//34
f 108//39 102//34 101//18
f 109//40 101//18 100//21
f 109//40 100//21 99//123
f 111//41 99//123 98//23
f 111//41 98//23 97//37
f 112//42 97//37 96//25
f 113//43 96//25 95//27
f 114//44 113//43 95//27
f 114//44 95//27 107//36
f 115//45 107//36 106//121
f 116//46 106//121 105//35
f 117//47 105//35 104//122
f 118//48 104//122 103//33
f 108//39 103//33 102//34
f 103//33 108//39 118//48
f 104//122 118//48 117//47
f 105//35 117//47 116//46
f 106//121 116//46 115//45
f 107//36 115//45 114//44
f 96//25 113//43 112//42
f 97//37 112//42 111//41
f 99//123 111//41 110//49
f 99//123 110//49 109//40
f 101//18 109//40 108//39
f 123//50 119//51 115//45
f 120//52 121//53 108//39
f 114//44 115//45 119//51
f 122//54 123//50 117//47
f 119//51 124//55 114//44
f 124//55 125//56 113//43
f 125//56 126//57 112//42
f 126//57 127//58 110//49
f 121//53 122//54 118//48
f 116//46 117//47 123//50
f 126//57 111//41 112//42
f 110//49 111//41 126//57
f 127//58 109//40 110//49
f 118//48 108//39 121//53
f 117//47 118//48 122//54
f 113//43 114//44 124//55
f 112//42 113//43 125//56
f 115//45 116//46 123//50
f 108//39 109//40 120//52
f 109//40 127//58 120//52
f 129//59 120//60 127//61
f 132//62 127//61 126//63
f 134//64 126//63 125//65
f 134//64 125//65 124//66
f 136//67 124//66 119//68
f 138//69 119//68 123//70
f 141//71 123//70 122//72
f 142//73 122//72 121//74
f 143//75 121//74 120//60
f 120//60 128//76 143//75
f 121//74 143//75 142//73
f 122//72 142//73 141//71
f 123//70 141//71 140//77
f 123//70 140//77 139//78
f 123//70 139//78 138//69
f 119//68 138//69 137//79
f 119//68 137//79 136//67
f 124//66 136//67 135//80
f 124//66 135//80 134//64
f 126//63 134//64 133//81
f 126//63 133//81 132//62
f 127//61 132//62 131//82
f 127//61 131//82 130//83
f 127//61 130//83 129//59
f 120//60 129//59 128//76
f 144//84 129//59 130//83
f 144//84 130//83 131//82
f 145//85 134//64 135//80
f 146//86 141//71 142//73
f 147//87 142//73 143//75
f 147//87 143//75 128//76
f 144//84 131//82 132//62
f 145//85 135//80 136//67
f 140//77 146//86 139//78
f 138//69 139//78 137//79
f 134//64 145//85 133//81
f 142//73 147//87 146//86
f 141//71 146//86 140//77
f 129//59 144//84 128//76
f 148//88 133//81 145//85
f 149//89 150//90 136//67
f 145//85 150//90 148//88
f 151//91 152//92 147//87
f 148//88 144//84 132//62
f 148//88 132//62 133//81
f 145//85 136//67 150//90
f 153//93 149//89 139//78
f 152//92 153//93 146//86
f 147//87 128//76 151//91
f 144//84 148//88 151//91
f 151//91 128//76 144//84
f 136//67 137//79 149//89
f 149//89 137//79 139//78
f 139//78 146//86 153//93
f 146//86 147//87 152//92
f 151//94 154//95 155//96
f 155//96 152//97 151//94
f 151//98 148//99 156//100
f 156//100 154//101 151//98
f 148//99 150//102 156//100
f 150//102 157//103 156//100
f 150//104 149//105 158//106
f 158//106 157//107 150//104
f 149//105 153//108 159//109
f 159//109 158//106 149//105
f 153//108 152//97 155//96
f 155//96 159//109 153//108
f 160//110 157//124 158//112
f 160//113 159//109 155//96
f 160//114 158//106 159//109
f 160//115 156//100 157//103
f 160//116 154//101 156//100
f 160//117 155//118 154//119
f 6289//7275 6284//7276 6287//7277
f 6284//7276 6285//7278 6287//7277
f 6285//7278 6286//7279 6287//7277
f 6288//7280 6289//7275 6287//7277
f 6290//7281 6289//7282 6288//7280
f 6292//7283 6288//7280 6287//7277
f 6293//7284 6287//7277 6286//7279
f 6294//12 6286//7279 6285//13
f 6296//14 6285//13 6284//7285
f 6296//14 6284//7285 6289//7282
f 6289//7282 6290//7281 6297//7286
f 6289//7282 6297//7286 6296//14
f 6285//13 6296//14 6295//16
f 6285//13 6295//16 6294//12
f 6286//7279 6294//12 6293//7284
f 6287//7277 6293//7284 6292//7283
f 6288//7280 6292//7283 6291//7287
f 6288//7280 6291//7287 6290//7281
f 6303//7288 6290//7289 6291//7290
f 6302//7291 6291//7290 6292//7292
f 6301//7293 6292//7292 6293//7294
f 6299//25 6293//7294 6294//26
f 6298//27 6294//26 6295//28
f 6309//29 6295//28 6296//30
f 6307//122 6296//30 6297//7295
f 6306//7296 6297//7295 6290//7289
f 6290//7289 6305//7297 6306//7296
f 6297//7295 6306//7296 6307//122
f 6296//30 6307//122 6308//35
f 6296//30 6308//35 6309//29
f 6295//28 6309//29 6310//36
f 6295//28 6310//36 6298//27
f 6294//26 6298//27 6299//25
f 6293//7294 6299//25 6300//37
f 6293//7294 6300//37 6301//7293
f 6292//7292 6301//7293 6302//7291
f 6291//7290 6302//7291 6303//7288
f 6290//7289 6303//7288 6304//7298
f 6290//7289 6304//7298 6305//7297
f 6311//39 6305//7297 6304//7298
f 6312//7299 6304//7298 6303//7288
f 6312//7299 6303//7288 6302//7291
f 6314//41 6302//7291 6301//7293
f 6314//41 6301//7293 6300//37
f 6315//42 6300//37 6299//25
f 6316//43 6299//25 6298//27
f 6317//44 6316//43 6298//27
f 6317//44 6298//27 6310//36
f 6318//45 6310//36 6309//29
f 6319//46 6309//29 6308//35
f 6320//7300 6308//35 6307//122
f 6321//7301 6307//122 6306//7296
f 6311//39 6306//7296 6305//7297
f 6306//7296 6311//39 6321//7301
f 6307//122 6321//7301 6320//7300
f 6308//35 6320//7300 6319//46
f 6309//29 6319//46 6318//45
f 6310//36 6318//45 6317//44
f 6299//25 6316//43 6315//42
f 6300//37 6315//42 6314//41
f 6302//7291 6314//41 6313//49
f 6302//7291 6313//49 6312//7299
f 6304//7298 6312//7299 6311//39
f 6326//50 6322//51 6318//45
f 6323//52 6324//53 6311//39
f 6317//44 6318//45 6322//51
f 6325//54 6326//50 6320//7300
f 6322//51 6327//55 6317//44
f 6327//55 6328//56 6316//43
f 6328//56 6329//57 6315//42
f 6329//57 6330//58 6313//49
f 6324//53 6325//54 6321//7301
f 6319//46 6320//7300 6326//50
f 6329//57 6314//41 6315//42
f 6313//49 6314//41 6329//57
f 6330//58 6312//7299 6313//49
f 6321//7301 6311//39 6324//53
f 6320//7300 6321//7301 6325//54
f 6316//43 6317//44 6327//55
f 6315//42 6316//43 6328//56
f 6318//45 6319//46 6326//50
f 6311//39 6312//7299 6323//52
f 6312//7299 6330//58 6323//52
f 6332//59 6323//60 6330//61
f 6335//62 6330//61 6329//63
f 6337//7302 6329//63 6328//65
f 6337//7302 6328//65 6327//66
f 6339//67 6327//66 6322//68
f 6341//69 6322//68 6326//70
f 6344//71 6326//70 6325//72
f 6345//73 6325//72 6324//74
f 6346//7303 6324//74 6323//60
f 6323//60 6331//76 6346//7303
f 6324//74 6346//7303 6345//73
f 6325//72 6345//73 6344//71
f 6326//70 6344//71 6343//77
f 6326//70 6343//77 6342//78
f 6326//70 6342//78 6341//69
f 6322//68 6341//69 6340//79
f 6322//68 6340//79 6339//67
f 6327//66 6339//67 6338//80
f 6327//66 6338//80 6337//7302
f 6329//63 6337//7302 6336//81
f 6329//63 6336//81 6335//62
f 6330//61 6335//62 6334//82
f 6330//61 6334//82 6333//83
f 6330//61 6333//83 6332//59
f 6323//60 6332//59 6331//76
f 6347//84 6332//59 6333//83
f 6347//84 6333//83 6334//82
f 6348//85 6337//7302 6338//80
f 6349//86 6344//71 6345//73
f 6350//87 6345//73 6346//7303
f 6350//87 6346//7303 6331//76
f 6347//84 6334//82 6335//62
f 6348//85 6338//80 6339//67
f 6343//77 6349//86 6342//78
f 6341//69 6342//78 6340//79
f 6337//7302 6348//85 6336//81
f 6345//73 6350//87 6349//86
f 6344//71 6349//86 6343//77
f 6332//59 6347//84 6331//76
f 6351//88 6336//81 6348//85
f 6352//89 6353//90 6339//67
f 6348//85 6353//90 6351//88
f 6354//91 6355//92 6350//87
f 6351//88 6347//84 6335//62
f 6351//88 6335//62 6336//81
f 6348//85 6339//67 6353//90
f 6356//93 6352//89 6342//78
f 6355//92 6356//93 6349//86
f 6350//87 6331//76 6354//91
f 6347//84 6351//88 6354//91
f 6354//91 6331//76 6347//84
f 6339//67 6340//79 6352//89
f 6352//89 6340//79 6342//78
f 6342//78 6349//86 6356//93
f 6349//86 6350//87 6355//92
f 6354//94 6357//95 6358//96
f 6358//96 6355//97 6354//94
f 6354//98 6351//99 6359//7304
f 6359//7304 6357//101 6354//98
f 6351//99 6353//7305 6359//7304
f 6353//7305 6360//7306 6359//7304
f 6353//7305 6352//7307 6360//7306
f 6352//7307 6361//7308 6360//7306
f 6352//7309 6356//108 6362//7310
f 6362//7310 6361//7311 6352//7309
f 6356//108 6355//97 6358//96
f 6358//96 6362//7310 6356//108
f 6363//113 6362//7310 6358//96
f 6363//7312 6361//7311 6362//7310
f 6360//7313 6361//7314 6363//7315
f 6363//7316 6359//7304 6360//7306
f 6363//116 6357//101 6359//7304
f 6363//117 6358//118 6357//119
f 6369//7275 6364//7276 6367//7277
f 6364//7276 6365//7278 6367//7277
f 6365//7278 6366//7279 6367//7277
f 6368//7280 6369//7275 6367//7277
f 6370//7281 6369//7282 6368//7280
f 6372//7283 6368//7280 6367//7277
f 6373//7284 6367//7277 6366//7279
f 6374//12 6366//7279 6365//13
f 6376//14 6365//13 6364//7285
f 6376//14 6364//7285 6369//7282
f 6369//7282 6370//7281 6377//7286
f 6369//7282 6377//7286 6376//14
f 6365//13 6376//14 6375//16
f 6365//13 6375//16 6374//12
f 6366//7279 6374//12 6373//7284
f 6367//7277 6373//7284 6372//7283
f 6368//7280 6372//7283 6371//7287
f 6368//7280 6371//7287 6370//7281
f 6383//7288 6370//7289 6371//7290
f 6382//7291 6371//7290 6372//7292
f 6381//7293 6372//7292 6373//7294
f 6379//25 6373//7294 6374//26
f 6378//27 6374//26 6375//28
f 6389//29 6375//28 6376//30
f 6387//122 6376//30 6377//7295
f 6386//7296 6377//7295 6370//7289
f 6370//7289 6385//7297 6386//7296
f 6377//7295 6386//7296 6387//122
f 6376//30 6387//122 6388//35
f 6376//30 6388//35 6389//29
f 6375//28 6389//29 6390//36
f 6375//28 6390//36 6378//27
f 6374//26 6378//27 6379//25
f 6373//7294 6379//25 6380//37
f 6373//7294 6380//37 6381//7293
f 6372//7292 6381//7293 6382//7291
f 6371//7290 6382//7291 6383//7288
f 6370//7289 6383//7288 6384//7317
f 6370//7289 6384//7317 6385//7297
f 6391//39 6385//7297 6384//7317
f 6392//7299 6384//7317 6383//7288
f 6392//7299 6383//7288 6382//7291
f 6394//41 6382//7291 6381//7293
f 6394//41 6381//7293 6380//37
f 6395//7318 6380//37 6379//25
f 6396//7319 6379//25 6378//27
f 6397//7320 6396//7319 6378//27
f 6397//7320 6378//27 6390//36
f 6398//45 6390//36 6389//29
f 6399//46 6389//29 6388//35
f 6400//7300 6388//35 6387//122
f 6401//7301 6387//122 6386//7296
f 6391//39 6386//7296 6385//7297
f 6386//7296 6391//39 6401//7301
f 6387//122 6401//7301 6400//7300
f 6388//35 6400//7300 6399//46
f 6389//29 6399//46 6398//45
f 6390//36 6398//45 6397//7320
f 6379//25 6396//7319 6395//7318
f 6380//37 6395//7318 6394//41
f 6382//7291 6394//41 6393//49
f 6382//7291 6393//49 6392//7299
f 6384//7317 6392//7299 6391//39
f 6406//50 6402//7321 6398//45
f 6403//52 6404//53 6391//39
f 6397//7320 6398//45 6402//7321
f 6405//54 6406//50 6400//7300
f 6402//7321 6407//7322 6397//7320
f 6407//7322 6408//7323 6396//7319
f 6408//7323 6409//7324 6395//7318
f 6409//7324 6410//58 6393//49
f 6404//53 6405//54 6401//7301
f 6399//46 6400//7300 6406//50
f 6409//7324 6394//41 6395//7318
f 6393//49 6394//41 6409//7324
f 6410//58 6392//7299 6393//49
f 6401//7301 6391//39 6404//53
f 6400//7300 6401//7301 6405//54
f 6396//7319 6397//7320 6407//7322
f 6395//7318 6396//7319 6408//7323
f 6398//45 6399//46 6406//50
f 6391//39 6392//7299 6403//52
f 6392//7299 6410//58 6403//52
f 6412//59 6403//60 6410//61
f 6415//62 6410//61 6409//7325
f 6417//7326 6409//7325 6408//7327
f 6418//7328 6408//7327 6407//7329
f 6419//7330 6407//7329 6402//7331
f 6421//69 6402//7331 6406//70
f 6424//71 6406//70 6405//72
f 6425//73 6405//72 6404//74
f 6426//7303 6404//74 6403//60
f 6403//60 6411//76 6426//7303
f 6404//74 6426//7303 6425//73
f 6405//72 6425//73 6424//71
f 6406//70 6424//71 6423//77
f 6406//70 6423//77 6422//78
f 6406//70 6422//78 6421//69
f 6402//7331 6421//69 6420//79
f 6402//7331 6420//79 6419//7330
f 6407//7329 6419//7330 6418//7328
f 6408//7327 6418//7328 6417//7326
f 6409//7325 6417//7326 6416//81
f 6409//7325 6416//81 6415//62
f 6410//61 6415//62 6414//82
f 6410//61 6414//82 6413//83
f 6410//61 6413//83 6412//59
f 6403//60 6412//59 6411//76
f 6427//84 6412//59 6413//83
f 6427//84 6413//83 6414//82
f 6428//85 6417//7326 6418//7328
f 6429//86 6424//71 6425//73
f 6430//87 6425//73 6426//7303
f 6430//87 6426//7303 6411//76
f 6427//84 6414//82 6415//62
f 6428//85 6418//7328 6419//7330
f 6423//77 6429//86 6422//78
f 6421//69 6422//78 6420//79
f 6417//7326 6428//85 6416//81
f 6425//73 6430//87 6429//86
f 6424//71 6429//86 6423//77
f 6412//59 6427//84 6411//76
f 6431//88 6416//81 6428//85
f 6432//89 6433//90 6419//7330
f 6428//85 6433//90 6431//88
f 6434//91 6435//92 6430//87
f 6431//88 6427//84 6415//62
f 6431//88 6415//62 6416//81
f 6428//85 6419//7330 6433//90
f 6436//93 6432//89 6422//78
f 6435//92 6436//93 6429//86
f 6430//87 6411//76 6434//91
f 6427//84 6431//88 6434//91
f 6434//91 6411//76 6427//84
f 6419//7330 6420//79 6432//89
f 6432//89 6420//79 6422//78
f 6422//78 6429//86 6436//93
f 6429//86 6430//87 6435//92
f 6437//7332 6435//7333 6434//7334
f 6437//7332 6438//7335 6435//7333
f 6434//7334 6431//7336 6437//7332
f 6431//7336 6439//7337 6437//7332
f 6431//7336 6433//7338 6439//7337
f 6433//7338 6440//7339 6439//7337
f 6433//7338 6432//7307 6440//7339
f 6432//7307 6441//7308 6440//7339
f 6432//7340 6436//7341 6442//7342
f 6442//7342 6441//7343 6432//7340
f 6436//7341 6435//7344 6442//7342
f 6435//7344 6438//7345 6442//7342
f 6443//7346 6438//7347 6437//7348
f 6443//7349 6442//7342 6438//7345
f 6443//7350 6441//7343 6442//7342
f 6440//7351 6441//7352 6443//7353
f 6443//7354 6439//7337 6440//7339
f 6443//7355 6437//7332 6439//7337
usemtl 0.647059_0.647059_0.647059_0.000000_0.010
f 162//125 163//126 161//127
f 163//126 164//126 161//127
f 164//126 165//126 161//127
f 165//126 166//128 161//127
f 165//129 164//130 171//131
f 166//128 165//129 167//132
f 161//127 166//128 168//133
f 162//125 161//127 169//134
f 163//135 162//125 170//136
f 164//130 163//135 171//131
f 170//136 171//131 163//135
f 169//134 170//136 162//125
f 168//133 169//134 161//127
f 167//132 168//133 166//128
f 171//131 167//132 165//129
f 177//137 172//138 169//139
f 172//138 173//140 169//139
f 173//140 174//141 170//142
f 174//141 175//143 171//144
f 175//143 176//145 167//146
f 176//145 177//137 168//147
f 168//147 167//146 176//145
f 167//146 171//144 175//143
f 171//144 170//142 174//141
f 170//142 169//139 173//140
f 169//139 168//147 177//137
f 178//148 179//149 180//150
f 184//151 185//152 186//153
f 185//152 178//148 186//153
f 178//148 185//152 179//149
f 180//150 181//154 182//155
f 184//151 183//156 227//157
f 181//154 188//158 187//159
f 188//158 189//160 187//159
f 184//151 186//153 183//156
f 182//155 178//148 180//150
f 187//159 182//155 181//154
f 189//160 191//161 183//156
f 183//156 187//159 189//160
f 183//156 191//161 190//162
f 190//162 227//157 183//156
f 189//160 188//158 197//163
f 192//164 193//165 196//166
f 202//167 203//168 197//163
f 212//169 214//170 199//171
f 199//171 201//172 202//167
f 194//173 195//174 198//175
f 193//165 192//164 195//174
f 199//171 200//176 212//169
f 198//175 197//163 194//173
f 195//174 194//173 193//165
f 196//166 204//177 192//164
f 206//178 200//176 205//179
f 199//171 202//167 200//176
f 202//167 201//172 203//168
f 197//163 198//175 202//167
f 205//179 204//177 206//178
f 206//178 212//169 200//176
f 205//179 192//164 204//177
f 173//180 207//181 209//182
f 209//182 174//183 173//180
f 211//184 207//181 177//185
f 174//183 209//182 208//186
f 208//186 210//187 175//188
f 210//187 211//184 176//189
f 175//188 174//183 208//186
f 177//185 176//189 211//184
f 176//189 175//188 210//187
f 207//181 172//190 177//185
f 173//180 172//190 207//181
f 213//191 214//170 212//169
f 217//192 224//193 218//194
f 216//195 218//194 215//196
f 215//196 214//170 216//195
f 213//191 216//195 214//170
f 219//197 220//198 213//191
f 221//199 225//200 226//201
f 222//202 217//192 223//203
f 213//191 212//169 219//197
f 217//192 222//202 224//193
f 218//194 216//195 217//192
f 221//199 220//198 219//197
f 219//197 225//200 221//199
f 223//203 226//201 222//202
f 226//201 223//203 221//199
f 240//204 239//205 218//194
f 228//206 229//207 227//157
f 229//207 184//151 227//157
f 227//157 231//208 228//206
f 228//206 236//209 229//207
f 235//210 236//209 232//211
f 233//212 234//213 232//211
f 235//210 229//207 236//209
f 230//214 239//205 231//208
f 232//211 237//215 233//212
f 232//211 234//213 235//210
f 231//208 227//157 230//214
f 238//216 231//208 239//205
f 239//205 240//204 238//216
f 240//204 241//217 242//218
f 241//217 233//212 237//215
f 242//218 238//216 240//204
f 237//215 242//218 241//217
f 233//212 243//219 244//220
f 244//220 234//213 233//212
f 243//219 245//221 244//220
f 243//219 316//222 245//221
f 316//222 246//223 245//221
f 247//224 248//225 249//226
f 250//227 247//224 251//228
f 246//223 248//225 245//221
f 250//227 251//228 252//229
f 249//226 251//228 247//224
f 252//229 254//230 255//231
f 254//230 256//232 257//233
f 255//231 253//234 252//229
f 256//232 260//235 257//233
f 257//233 255//231 254//230
f 256//232 259//236 258//237
f 256//232 262//238 259//236
f 179//149 258//237 259//236
f 258//237 260//235 256//232
f 259//236 180//150 179//149
f 262//238 256//232 261//239
f 263//240 277//241 264//242
f 264//242 265//243 263//240
f 264//242 261//239 265//243
f 272//244 267//245 268//246
f 268//246 266//247 272//244
f 277//241 269//248 270//249
f 276//250 272//244 266//247
f 274//251 275//252 273//253
f 266//247 271//254 276//250
f 274//251 276//250 271//254
f 273//253 269//248 274//251
f 271//254 275//252 274//251
f 263//240 269//248 277//241
f 270//249 267//245 277//241
f 267//245 270//249 268//246
f 278//255 279//256 280//257
f 269//248 263//240 278//255
f 278//255 280//257 269//248
f 279//256 281//258 282//259
f 281//258 283//260 282//259
f 283//260 284//261 282//259
f 283//260 285//262 284//261
f 193//165 287//263 289//264
f 286//265 285//262 288//266
f 287//263 285//262 286//265
f 287//263 284//261 285//262
f 286//265 289//264 287//263
f 289//264 196//166 193//165
f 290//267 291//268 292//269
f 290//267 293//270 291//268
f 292//269 286//265 288//266
f 293//270 290//267 489//271
f 292//269 288//266 290//267
f 489//271 290//267 490//272
f 489//271 294//273 297//274
f 295//275 297//274 294//273
f 296//276 298//277 295//275
f 295//275 294//273 296//276
f 296//276 299//278 298//277
f 299//278 302//279 298//277
f 225//200 300//280 301//281
f 302//279 299//278 488//282
f 488//282 301//281 302//279
f 301//281 300//280 302//279
f 301//281 226//201 225//200
f 301//281 488//282 303//283
f 303//283 305//284 301//281
f 303//283 304//285 305//284
f 304//285 306//286 307//287
f 308//288 307//287 306//286
f 309//289 311//290 308//288
f 308//288 306//286 309//289
f 310//291 207//181 211//184
f 310//291 312//292 207//181
f 211//184 311//290 310//291
f 310//291 313//293 312//292
f 311//290 309//289 310//291
f 313//293 314//294 315//295
f 315//295 312//292 313//293
f 316//222 317//296 318//297
f 318//297 314//294 316//222
f 318//297 315//295 314//294
f 307//287 305//284 304//285
f 297//274 293//270 489//271
f 282//259 280//257 279//256
f 273//253 270//249 269//248
f 264//242 262//238 261//239
f 253//234 250//227 252//229
f 246//223 249//226 248//225
f 243//219 317//296 316//222
f 218//194 224//193 240//204
f 197//163 203//168 189//160
f 212//298 319//299 320//300
f 212//298 206//301 319//299
f 321//302 322//303 320//304
f 320//304 319//305 321//302
f 327//306 225//307 219//308
f 324//309 219//308 212//298
f 212//298 320//300 324//309
f 219//308 324//309 323//310
f 219//308 323//310 327//306
f 328//311 327//312 323//313
f 325//314 323//313 324//315
f 326//316 324//315 320//304
f 320//304 322//303 326//316
f 324//315 326//316 325//314
f 323//313 325//314 328//311
f 331//317 300//318 225//307
f 225//307 327//306 331//317
f 328//311 329//319 331//320
f 331//320 327//312 328//311
f 302//279 300//318 331//317
f 331//317 330//321 302//279
f 330//322 331//320 329//319
f 329//319 332//323 330//322
f 292//269 337//324 286//265
f 302//279 330//321 298//277
f 298//277 330//322 332//323
f 295//275 298//277 333//325
f 297//274 295//275 334//326
f 293//270 297//274 334//326
f 291//268 293//270 335//327
f 292//269 291//268 336//328
f 337//329 292//269 336//328
f 336//328 343//330 337//329
f 335//327 336//328 291//268
f 334//326 335//327 293//270
f 333//325 334//326 295//275
f 332//323 333//325 298//277
f 337//324 289//264 286//265
f 319//299 206//301 204//331
f 339//332 204//331 196//166
f 196//166 340//333 339//332
f 204//331 339//332 338//334
f 204//331 338//334 319//299
f 321//302 319//305 338//335
f 341//336 338//335 339//337
f 342//338 339//337 340//339
f 340//339 345//340 342//338
f 339//337 342//338 341//336
f 338//335 341//336 321//302
f 334//126 322//126 321//126
f 341//126 342//126 336//126
f 334//126 326//126 322//126
f 334//126 333//126 325//126
f 335//126 334//126 341//126
f 336//126 335//126 341//126
f 345//126 344//341 336//126
f 334//126 325//126 326//126
f 333//126 329//319 328//126
f 329//319 333//126 332//323
f 336//126 342//126 345//126
f 321//126 341//126 334//126
f 328//126 325//126 333//126
f 343//330 336//126 344//341
f 344//341 345//340 340//339
f 340//339 289//342 344//341
f 289//342 337//329 343//330
f 343//330 344//341 289//342
f 289//264 340//333 196//166
f 346//343 347//344 189//160
f 189//160 203//345 346//343
f 348//346 349//347 347//348
f 347//348 346//343 348//346
f 351//349 190//350 191//351
f 189//160 347//344 191//161
f 352//352 351//349 191//351
f 350//353 191//351 347//348
f 347//348 349//347 350//353
f 191//351 350//353 352//352
f 227//157 351//349 353//354
f 227//157 190//350 351//349
f 352//352 354//355 353//356
f 353//356 351//349 352//352
f 356//357 239//358 230//359
f 227//157 353//354 230//214
f 357//360 356//357 230//359
f 355//361 230//359 353//356
f 353//356 354//355 355//361
f 230//359 355//361 357//360
f 356//357 359//362 218//194
f 218//194 239//358 356//357
f 357//360 358//363 359//364
f 359//364 356//357 357//360
f 346//343 203//345 201//365
f 199//171 360//366 201//172
f 348//346 346//343 201//365
f 361//367 201//365 360//368
f 360//368 362//369 361//367
f 201//365 361//367 348//346
f 360//366 199//171 214//370
f 214//370 363//371 360//366
f 364//372 362//369 360//368
f 360//368 363//371 364//372
f 355//126 361//126 362//369
f 361//126 350//126 349//347
f 361//126 354//355 350//126
f 361//126 355//126 354//355
f 355//126 365//126 358//363
f 355//126 362//369 365//126
f 352//352 350//126 354//355
f 348//346 361//126 349//347
f 364//372 365//126 362//369
f 357//360 355//126 358//363
f 364//372 363//371 215//373
f 365//374 215//373 359//364
f 359//364 358//363 365//374
f 215//373 365//374 364//372
f 363//371 214//370 215//373
f 218//194 359//362 215//196
f 184//375 366//376 367//377
f 184//375 229//378 366//376
f 368//379 385//380 367//381
f 367//381 366//382 368//379
f 366//376 229//378 235//383
f 370//384 235//383 234//385
f 234//385 371//386 370//384
f 235//383 370//384 369//387
f 235//383 369//387 366//376
f 368//379 366//382 369//388
f 372//389 369//388 370//390
f 373//391 370//390 371//392
f 371//392 374//393 373//391
f 370//390 373//391 372//389
f 369//388 372//389 368//379
f 375//394 371//386 234//385
f 234//385 244//395 375//394
f 374//393 371//392 375//396
f 375//396 378//397 374//393
f 244//395 245//221 375//394
f 376//398 375//394 245//221
f 375//396 376//399 377//400
f 377//400 378//397 375//396
f 248//225 376//398 245//221
f 260//235 379//401 257//233
f 257//233 379//402 392//403
f 255//231 257//233 380//404
f 253//234 255//231 381//405
f 250//227 253//234 381//405
f 247//224 250//227 382//406
f 248//225 247//224 383//407
f 376//399 248//225 383//407
f 383//407 377//400 376//399
f 382//406 383//407 247//224
f 381//405 382//406 250//227
f 380//404 381//405 255//231
f 392//403 380//404 257//233
f 260//235 258//408 384//409
f 384//409 379//401 260//235
f 390//410 179//411 185//412
f 387//413 185//412 184//375
f 184//375 367//377 387//413
f 185//412 387//413 386//414
f 185//412 386//414 390//410
f 393//415 390//416 386//417
f 388//418 386//417 387//419
f 389//420 387//419 367//381
f 367//381 385//380 389//420
f 387//419 389//420 388//418
f 386//417 388//418 393//415
f 379//402 384//421 391//422
f 391//422 392//403 379//402
f 393//415 391//422 384//421
f 384//421 390//416 393//415
f 384//409 258//408 179//411
f 179//411 390//410 384//409
f 395//423 394//424 180//425
f 180//425 259//426 395//423
f 402//427 188//428 181//429
f 397//430 181//429 180//425
f 180//425 394//424 397//430
f 181//429 397//430 396//431
f 181//429 396//431 402//427
f 404//432 398//433 394//434
f 394//434 395//435 404//432
f 259//426 262//436 399//437
f 399//437 395//423 259//426
f 415//438 402//439 396//440
f 400//441 396//440 397//442
f 401//443 397//442 394//434
f 394//434 398//433 401//443
f 397//442 401//443 400//441
f 396//440 400//441 415//438
f 395//435 399//444 403//445
f 403//445 404//432 395//435
f 405//446 399//437 262//436
f 277//241 406//447 264//242
f 262//436 264//448 405//446
f 264//448 406//449 410//450
f 405//446 264//448 407//451
f 399//444 405//446 407//451
f 407//451 403//445 399//444
f 410//450 407//451 264//448
f 277//241 267//452 408//453
f 408//453 406//447 277//241
f 406//449 408//454 410//450
f 409//455 410//450 408//454
f 408//453 267//452 272//456
f 411//457 409//455 408//454
f 412//458 272//456 276//459
f 413//460 276//459 274//461
f 274//461 414//462 413//460
f 276//459 413//460 412//458
f 272//456 412//458 408//453
f 416//463 197//464 188//428
f 188//428 402//427 416//463
f 422//465 193//466 194//467
f 419//468 194//467 197//464
f 197//464 416//463 419//468
f 194//467 419//468 418//469
f 194//467 418//469 422//465
f 423//470 422//471 418//472
f 420//473 418//472 419//474
f 421//475 419//474 416//476
f 416//476 417//477 421//475
f 419//474 421//475 420//473
f 418//472 420//473 423//470
f 426//478 287//479 193//466
f 193//466 422//465 426//478
f 423//470 424//480 426//481
f 426//481 422//471 423//470
f 284//261 287//479 426//478
f 426//478 425//482 284//261
f 425//483 426//481 424//480
f 424//480 427//484 425//483
f 428//485 432//486 280//487
f 284//261 425//482 282//259
f 280//487 282//488 428//485
f 282//488 425//483 427//484
f 428//485 282//488 429//489
f 432//490 428//485 429//489
f 429//489 430//491 432//490
f 427//484 429//489 282//488
f 269//492 280//487 432//486
f 432//486 431//493 269//492
f 431//494 432//490 433//495
f 430//491 433//495 432//490
f 433//495 901//496 414//497
f 414//497 431//494 433//495
f 431//493 414//462 274//461
f 274//461 269//492 431//493
f 435//498 434//499 226//500
f 226//500 301//501 435//498
f 441//502 224//503 222//504
f 437//505 222//504 226//500
f 226//500 434//499 437//505
f 222//504 437//505 436//506
f 222//504 436//506 441//502
f 466//507 441//508 436//509
f 439//510 436//509 437//511
f 440//512 437//511 434//513
f 434//513 438//514 440//512
f 437//511 440//512 439//510
f 436//509 439//510 466//507
f 444//515 438//514 434//513
f 434//513 435//516 444//515
f 301//501 305//284 442//517
f 442//517 435//498 301//501
f 435//516 442//518 443//519
f 443//519 444//515 435//516
f 307//287 442//517 305//284
f 308//288 311//520 445//521
f 308//288 445//521 449//522
f 307//287 308//288 446//523
f 442//518 307//287 446//523
f 446//523 443//519 442//518
f 449//522 446//523 308//288
f 447//524 311//520 211//525
f 447//524 445//521 311//520
f 445//521 447//526 449//522
f 448//527 449//522 447//526
f 447//524 211//525 210//528
f 210//528 450//529 447//524
f 451//530 448//527 447//526
f 447//526 450//531 451//530
f 452//532 210//528 208//533
f 453//534 208//533 209//535
f 209//535 454//536 453//534
f 208//533 453//534 452//532
f 210//528 452//532 450//529
f 455//537 450//531 452//538
f 456//539 452//538 453//540
f 457//541 453//540 454//542
f 453//540 457//541 456//539
f 452//538 456//539 455//537
f 450//531 455//537 451//530
f 458//543 454//536 209//535
f 209//535 207//544 458//543
f 461//545 457//541 454//542
f 454//542 458//546 461//545
f 459//547 458//543 207//544
f 207//544 312//548 459//547
f 458//546 459//547 461//545
f 460//549 461//545 459//547
f 459//547 312//548 315//295
f 317//296 462//550 318//297
f 318//297 462//551 463//552
f 315//295 318//297 464//553
f 459//547 315//295 464//553
f 464//553 460//549 459//547
f 463//552 464//553 318//297
f 465//554 462//550 243//555
f 317//296 243//555 462//550
f 468//556 240//557 224//503
f 224//503 441//502 468//556
f 466//507 467//558 468//559
f 468//559 441//508 466//507
f 473//560 233//561 241//562
f 470//563 241//562 240//557
f 240//557 468//556 470//563
f 241//562 470//563 469//564
f 241//562 469//564 473//560
f 475//565 473//566 469//567
f 471//568 469//567 470//569
f 472//570 470//569 468//559
f 468//559 467//558 472//570
f 470//569 472//570 471//568
f 469//567 471//568 475//565
f 448//126 451//126 439//126
f 439//126 451//126 455//126
f 456//126 472//126 439//126
f 455//126 456//126 439//126
f 472//126 457//126 461//126
f 456//126 457//126 472//126
f 439//126 472//126 467//558
f 461//126 460//126 472//126
f 471//126 460//126 464//126
f 466//507 439//126 467//558
f 460//126 471//126 472//126
f 464//126 474//571 475//126
f 474//571 464//126 463//552
f 439//126 440//126 446//126
f 449//126 448//126 439//126
f 438//126 444//515 446//126
f 446//126 449//126 439//126
f 475//126 471//126 464//126
f 446//126 440//126 438//126
f 443//519 446//126 444//515
f 475//565 474//571 465//572
f 465//572 473//566 475//565
f 462//551 465//572 474//571
f 474//571 463//552 462//551
f 465//554 243//555 233//561
f 233//561 473//560 465//554
f 268//573 476//574 479//575
f 479//575 266//576 268//573
f 275//577 271//578 478//579
f 271//578 266//576 479//575
f 479//575 478//579 271//578
f 478//579 477//580 275//577
f 268//573 270//581 480//582
f 270//581 273//583 481//584
f 481//584 480//582 270//581
f 480//582 476//574 268//573
f 482//585 487//586 479//587
f 479//587 476//588 482//585
f 483//589 482//585 480//590
f 484//591 483//589 481//592
f 480//590 481//592 483//589
f 476//588 480//590 482//585
f 486//593 485//594 477//595
f 487//586 486//593 478//596
f 478//596 479//587 487//586
f 477//595 478//596 486//593
f 485//594 484//591 481//592
f 481//592 477//595 485//594
f 485//594 486//593 487//126
f 483//589 484//126 482//585
f 487//126 482//585 484//126
f 484//126 485//594 487//126
f 273//583 275//577 477//580
f 477//580 481//584 273//583
f 489//271 491//597 294//273
f 491//597 489//271 490//272
f 491//597 490//272 492//598
f 637//599 638//600 636//601
f 636//601 635//602 637//599
f 638//600 637//599 639//603
f 641//604 639//603 640//605
f 641//604 640//605 642//606
f 642//606 643//607 641//604
f 643//607 642//606 644//608
f 279//256 499//609 498//610
f 498//610 281//258 279//256
f 278//255 500//611 501//612
f 263//240 502//613 500//611
f 500//611 278//255 263//240
f 263//240 503//614 502//613
f 263//240 265//243 504//615
f 261//239 505//616 504//615
f 791//617 506//618 505//616
f 505//616 261//239 791//617
f 791//617 792//619 508//620
f 792//619 507//621 508//620
f 254//230 509//622 507//621
f 507//621 792//619 254//230
f 509//622 254//230 510//623
f 510//623 793//624 511//625
f 794//626 512//627 511//625
f 512//627 794//626 513//628
f 795//629 514//630 515//631
f 653//632 516//633 514//630
f 514//630 795//629 653//632
f 516//633 653//632 517//634
f 517//634 812//635 518//636
f 654//637 519//638 518//636
f 519//638 654//637 520//639
f 520//639 656//640 522//641
f 658//642 523//643 521//644
f 658//642 524//645 523//643
f 524//645 660//646 525//647
f 661//648 526//649 525//647
f 526//649 661//648 528//650
f 528//650 663//651 527//652
f 665//653 530//654 529//655
f 665//653 666//656 531//657
f 669//658 535//659 533//660
f 672//661 537//662 536//663
f 672//661 673//664 538//665
f 675//666 540//667 539//668
f 540//667 675//666 542//669
f 542//669 677//670 541//671
f 679//672 544//673 543//674
f 679//672 680//675 545//676
f 683//677 549//678 547//679
f 686//680 551//681 550//682
f 552//683 688//684 553//685
f 689//686 554//687 553//685
f 554//687 689//686 556//688
f 556//688 691//689 555//690
f 693//691 558//692 557//693
f 697//694 563//695 561//696
f 699//697 564//698 562//699
f 564//698 699//697 565//700
f 565//700 701//701 566//702
f 703//703 568//704 567//705
f 568//704 703//703 570//706
f 570//706 705//707 569//708
f 707//709 572//710 571//711
f 711//712 577//713 575//714
f 714//715 579//716 578//717
f 718//718 584//719 582//720
f 721//721 586//722 585//723
f 724//724 589//725 588//726
f 724//724 591//727 589//725
f 728//728 593//729 592//730
f 596//731 732//732 598//733
f 735//734 600//735 599//736
f 603//737 739//738 605//739
f 742//740 607//741 606//742
f 610//743 746//744 612//745
f 749//746 614//747 613//748
f 752//749 617//750 616//751
f 754//752 618//753 619//754
f 618//753 754//752 620//755
f 756//756 621//757 620//755
f 759//758 624//759 623//760
f 761//761 627//762 625//763
f 627//762 761//761 628//764
f 765//765 631//766 630//767
f 768//768 634//769 632//770
f 768//768 635//602 634//769
f 772//771 639//603 637//599
f 778//772 645//773 644//608
f 645//773 778//772 646//774
f 780//775 648//776 647//777
f 783//778 650//779 649//780
f 650//779 783//778 651//781
f 517//634 653//632 812//635
f 520//639 655//782 656//640
f 657//783 521//644 656//640
f 658//642 521//644 657//783
f 659//784 524//645 658//642
f 524//645 659//784 660//646
f 528//650 662//785 663//651
f 664//786 529//655 663//651
f 665//653 529//655 664//786
f 667//787 532//788 666//656
f 668//789 533//660 532//788
f 669//658 533//660 668//789
f 670//790 534//791 669//658
f 671//792 536//663 534//791
f 672//661 536//663 671//792
f 674//793 539//668 673//664
f 542//669 676//794 677//670
f 678//795 543//674 677//670
f 679//672 543//674 678//795
f 681//796 546//797 680//675
f 682//798 547//679 546//797
f 683//677 547//679 682//798
f 684//799 548//800 683//677
f 685//801 550//682 548//800
f 686//680 550//682 685//801
f 687//802 552//683 686//680
f 552//683 687//802 688//684
f 556//688 690//803 691//689
f 692//804 557//693 691//689
f 693//691 557//693 692//804
f 694//805 559//806 693//691
f 695//807 560//808 559//806
f 561//696 560//808 695//807
f 697//694 561//696 696//809
f 698//810 562//699 697//694
f 565//700 700//811 701//701
f 702//812 567//705 701//701
f 703//703 567//705 702//812
f 570//706 704//813 705//707
f 706//814 571//711 705//707
f 707//709 571//711 706//814
f 708//815 573//816 707//709
f 709//817 574//818 573//816
f 575//714 574//818 709//817
f 711//712 575//714 710//819
f 712//820 576//821 711//712
f 713//822 578//717 576//821
f 714//715 578//717 713//822
f 715//823 580//824 714//715
f 716//825 581//826 580//824
f 582//720 581//826 716//825
f 718//718 582//720 717//827
f 719//828 583//829 718//718
f 720//830 585//723 583//829
f 721//721 585//723 720//830
f 722//831 587//832 721//721
f 723//833 588//726 587//832
f 724//724 588//726 723//833
f 591//727 725//834 726//835
f 726//835 590//836 591//727
f 727//837 592//730 590//836
f 728//728 592//730 727//837
f 729//838 594//839 728//728
f 730//840 595//841 594//839
f 596//731 595//841 730//840
f 731//842 732//732 596//731
f 733//843 597//844 732//732
f 734//845 599//736 597//844
f 735//734 599//736 734//845
f 736//846 601//847 735//734
f 737//848 602//849 601//847
f 603//737 602//849 737//848
f 738//850 739//738 603//737
f 740//851 604//852 739//738
f 741//853 606//742 604//852
f 742//740 606//742 741//853
f 743//854 608//855 742//740
f 744//856 609//857 608//855
f 610//743 609//857 744//856
f 610//743 745//858 746//744
f 747//859 611//860 746//744
f 748//861 613//748 611//860
f 749//746 613//748 748//861
f 750//862 615//863 749//746
f 751//864 616//751 615//863
f 752//749 616//751 751//864
f 753//865 619//754 752//749
f 754//752 755//866 620//755
f 756//756 620//755 755//866
f 757//867 622//868 756//756
f 758//869 623//760 622//868
f 759//758 623//760 758//869
f 760//870 626//871 759//758
f 760//870 625//763 626//871
f 761//761 625//763 760//870
f 628//764 762//872 763//873
f 763//873 629//874 628//764
f 764//875 630//767 629//874
f 765//765 630//767 764//875
f 766//876 633//877 765//765
f 767//878 632//770 633//877
f 768//768 632//770 767//878
f 635//602 769//879 770//880
f 771//881 637//599 635//602
f 772//771 637//599 771//881
f 773//882 640//605 772//771
f 642//606 640//605 774//883
f 775//884 776//885 642//606
f 777//886 644//608 776//885
f 807//887 647//777 779//888
f 780//775 647//777 807//887
f 781//889 648//776 780//775
f 648//776 781//889 782//890
f 782//890 649//780 648//776
f 651//781 784//891 785//892
f 652//893 786//894 787//895
f 787//895 806//896 652//893
f 788//897 789//898 805//899
f 804//900 805//899 789//898
f 492//598 490//272 290//267
f 290//267 494//901 492//598
f 494//901 290//267 288//266
f 288//266 493//902 494//901
f 493//902 288//266 285//262
f 285//262 495//903 493//902
f 285//262 496//904 495//903
f 497//905 496//904 285//262
f 498//610 497//905 283//260
f 510//623 254//230 793//624
f 513//628 794//626 795//629
f 795//629 515//631 513//628
f 803//906 802//907 801//908
f 803//906 790//909 802//907
f 651//781 786//894 652//893
f 803//906 804//900 790//909
f 283//260 281//258 498//610
f 285//262 283//260 497//905
f 789//898 790//909 804//900
f 805//899 806//896 788//897
f 787//895 788//897 806//896
f 651//781 785//892 786//894
f 783//778 784//891 651//781
f 649//780 782//890 783//778
f 778//772 779//888 646//774
f 644//608 777//886 778//772
f 774//883 775//884 642//606
f 640//605 773//882 774//883
f 635//602 770//880 771//881
f 768//768 769//879 635//602
f 633//877 766//876 767//878
f 629//874 763//873 764//875
f 761//761 762//872 628//764
f 622//868 757//867 758//869
f 619//754 753//865 754//752
f 615//863 750//862 751//864
f 611//860 747//859 748//861
f 744//856 745//858 610//743
f 608//855 743//854 744//856
f 604//852 740//851 741//853
f 737//848 738//850 603//737
f 601//847 736//846 737//848
f 597//844 733//843 734//845
f 730//840 731//842 596//731
f 594//839 729//838 730//840
f 590//836 726//835 727//837
f 724//724 725//834 591//727
f 587//832 722//831 723//833
f 583//829 719//828 720//830
f 716//825 717//827 582//720
f 580//824 715//823 716//825
f 576//821 712//820 713//822
f 709//817 710//819 575//714
f 573//816 708//815 709//817
f 703//703 704//813 570//706
f 699//697 700//811 565//700
f 562//699 698//810 699//697
f 695//807 696//809 561//696
f 559//806 694//805 695//807
f 689//686 690//803 556//688
f 548//800 684//799 685//801
f 546//797 681//796 682//798
f 675//666 676//794 542//669
f 539//668 674//793 675//666
f 534//791 670//790 671//792
f 532//788 667//787 668//789
f 661//648 662//785 528//650
f 654//637 655//782 520//639
f 646//774 779//888 647//777
f 644//608 642//606 776//885
f 640//605 639//603 772//771
f 633//877 631//766 765//765
f 626//871 624//759 759//758
f 622//868 621//757 756//756
f 619//754 617//750 752//749
f 615//863 614//747 749//746
f 611//860 612//745 746//744
f 608//855 607//741 742//740
f 604//852 605//739 739//738
f 601//847 600//735 735//734
f 597//844 598//733 732//732
f 594//839 593//729 728//728
f 587//832 586//722 721//721
f 583//829 584//719 718//718
f 580//824 579//716 714//715
f 576//821 577//713 711//712
f 573//816 572//710 707//709
f 569//708 705//707 571//711
f 566//702 701//701 567//705
f 562//699 563//695 697//694
f 559//806 558//692 693//691
f 555//690 691//689 557//693
f 553//685 688//684 689//686
f 552//683 551//681 686//680
f 548//800 549//678 683//677
f 546//797 545//676 680//675
f 545//676 544//673 679//672
f 541//671 677//670 543//674
f 539//668 538//665 673//664
f 538//665 537//662 672//661
f 534//791 535//659 669//658
f 532//788 531//657 666//656
f 531//657 530//654 665//653
f 527//652 663//651 529//655
f 525//647 660//646 661//648
f 522//641 656//640 521//644
f 518//636 812//635 654//637
f 511//625 793//624 794//626
f 508//620 506//618 791//617
f 504//615 265//243 261//239
f 504//615 503//614 263//240
f 501//612 279//256 278//255
f 501//612 499//609 279//256
f 656//640 310//291 657//783
f 657//783 310//291 309//289
f 658//642 309//289 659//784
f 659//784 306//286 660//646
f 660//646 306//286 304//285
f 661//648 304//285 303//283
f 303//283 662//785 661//648
f 662//785 303//283 663//651
f 663//651 299//278 664//786
f 664//786 299//278 296//276
f 665//653 296//276 666//656
f 666//656 491//597 667//787
f 668//789 491//597 669//658
f 670//790 493//902 671//792
f 671//792 493//902 495//903
f 672//661 495//903 673//664
f 673//664 497//905 674//793
f 674//793 497//905 675//666
f 499//609 676//794 675//666
f 676//794 499//609 677//670
f 677//670 500//611 678//795
f 678//795 500//611 679//672
f 503//614 680//675 679//672
f 682//798 505//616 683//677
f 684//799 507//621 685//801
f 685//801 507//621 509//622
f 686//680 509//622 687//802
f 687//802 511//625 688//684
f 688//684 511//625 512//627
f 689//686 512//627 690//803
f 691//689 514//630 692//804
f 692//804 514//630 693//691
f 517//634 694//805 693//691
f 696//809 519//638 697//694
f 698//810 521//644 699//697
f 699//697 521//644 523//643
f 700//811 523//643 701//701
f 701//701 525//647 702//812
f 702//812 525//647 526//649
f 703//703 526//649 704//813
f 705//707 529//655 706//814
f 706//814 529//655 530//654
f 707//709 530//654 708//815
f 708//815 532//788 709//817
f 709//817 532//788 533//660
f 710//819 533//660 711//712
f 712//820 536//663 713//822
f 713//822 536//663 537//662
f 714//715 537//662 715//823
f 715//823 539//668 716//825
f 716//825 539//668 540//667
f 717//827 540//667 718//718
f 719//828 543//674 720//830
f 720//830 543//674 544//673
f 721//721 544//673 722//831
f 722//831 546//797 723//833
f 723//833 546//797 547//679
f 724//724 547//679 725//834
f 725//834 548//800 726//835
f 548//800 550//682 727//837
f 727//837 550//682 551//681
f 728//728 551//681 729//838
f 729//838 553//685 730//840
f 730//840 553//685 554//687
f 731//842 554//687 732//732
f 732//732 555//690 733//843
f 555//690 557//693 734//845
f 734//845 557//693 558//692
f 735//734 558//692 736//846
f 736//846 560//808 737//848
f 737//848 560//808 561//696
f 738//850 561//696 739//738
f 739//738 562//699 740//851
f 740//851 562//699 564//698
f 741//853 564//698 565//700
f 565//700 742//740 741//853
f 742//740 565//700 743//854
f 743//854 567//705 744//856
f 744//856 567//705 568//704
f 745//858 568//704 746//744
f 746//744 569//708 747//859
f 747//859 569//708 571//711
f 748//861 571//711 749//746
f 750//862 749//746 573//816
f 573//816 574//818 751//864
f 751//864 574//818 575//714
f 752//749 575//714 753//865
f 753//865 576//821 754//752
f 754//752 576//821 755//866
f 579//716 756//756 755//866
f 757//867 581//826 758//869
f 758//869 581//826 582//720
f 759//758 582//720 760//870
f 583//829 761//761 760//870
f 586//722 762//872 761//761
f 763//873 588//726 764//875
f 764//875 588//726 589//725
f 765//765 589//725 766//876
f 766//876 590//836 767//878
f 767//878 590//836 592//730
f 768//768 592//730 769//879
f 770//880 769//879 594//839
f 594//839 595//841 771//881
f 771//881 595//841 596//731
f 772//771 596//731 773//882
f 773//882 597//844 774//883
f 774//883 597//844 599//736
f 775//884 599//736 776//885
f 777//886 776//885 601//847
f 601//847 602//849 778//772
f 778//772 602//849 603//737
f 779//888 603//737 807//887
f 807//887 604//852 780//775
f 780//775 604//852 606//742
f 782//890 781//889 608//855
f 608//855 609//857 783//778
f 783//778 609//857 610//743
f 784//891 610//743 785//892
f 785//892 611//860 786//894
f 786//894 611//860 787//895
f 614//747 788//897 787//895
f 614//747 789//898 788//897
f 789//898 616//751 617//750
f 790//909 617//750 802//907
f 802//907 618//753 620//755
f 801//908 620//755 799//910
f 622//868 798//911 799//910
f 622//868 623//760 797//912
f 797//912 623//760 624//759
f 796//913 625//763 808//914
f 808//914 625//763 627//762
f 810//915 627//762 809//916
f 316//222 812//635 811//917
f 812//635 316//222 314//294
f 656//640 313//293 310//291
f 663//651 488//282 299//278
f 666//656 294//273 491//597
f 670//790 669//658 492//598
f 670//790 494//901 493//902
f 673//664 496//904 497//905
f 499//609 675//666 498//610
f 677//670 501//612 500//611
f 503//614 679//672 502//613
f 504//615 681//796 503//614
f 681//796 504//615 505//616
f 684//799 683//677 506//618
f 684//799 508//620 507//621
f 687//802 510//623 511//625
f 691//689 690//803 513//628
f 691//689 515//631 514//630
f 517//634 693//691 516//633
f 518//636 695//807 517//634
f 695//807 518//636 519//638
f 698//810 697//694 520//639
f 698//810 522//641 521//644
f 701//701 524//645 525//647
f 705//707 704//813 527//652
f 704//813 528//650 527//652
f 705//707 527//652 529//655
f 708//815 531//657 532//788
f 711//712 535//659 534//791
f 534//791 712//820 711//712
f 712//820 534//791 536//663
f 715//823 538//665 539//668
f 718//718 542//669 541//671
f 541//671 719//828 718//718
f 719//828 541//671 543//674
f 722//831 545//676 546//797
f 725//834 549//678 548//800
f 729//838 552//683 553//685
f 732//732 556//688 555//690
f 736//846 559//806 560//808
f 739//738 563//695 562//699
f 743//854 566//702 567//705
f 746//744 570//706 569//708
f 573//816 749//746 572//710
f 753//865 577//713 576//821
f 579//716 755//866 578//717
f 757//867 580//824 581//826
f 760//870 584//719 583//829
f 586//722 761//761 585//723
f 763//873 587//832 588//726
f 766//876 591//727 590//836
f 594//839 769//879 593//729
f 773//882 598//733 597//844
f 776//885 600//735 601//847
f 807//887 605//739 604//852
f 781//889 607//741 608//855
f 785//892 612//745 611//860
f 614//747 787//895 613//748
f 615//863 789//898 614//747
f 789//898 615//863 616//751
f 802//907 619//754 618//753
f 799//910 621//757 622//868
f 796//913 626//871 625//763
f 809//916 628//764 629//874
f 809//916 629//874 630//767
f 814//918 633//877 632//770
f 814//918 632//770 634//769
f 813//919 635//602 636//601
f 655//782 313//293 656//640
f 314//294 313//293 655//782
f 812//635 314//294 654//637
f 811//917 246//223 316//222
f 630//767 631//766 815//920
f 631//766 814//918 815//920
f 809//916 630//767 815//920
f 655//782 654//637 314//294
f 634//769 635//602 813//919
f 634//769 813//919 814//918
f 631//766 633//877 814//918
f 627//762 628//764 809//916
f 624//759 626//871 796//913
f 620//755 621//757 799//910
f 617//750 619//754 802//907
f 613//748 787//895 611//860
f 610//743 612//745 785//892
f 606//742 607//741 781//889
f 603//737 605//739 807//887
f 599//736 600//735 776//885
f 596//731 598//733 773//882
f 592//730 593//729 769//879
f 589//725 591//727 766//876
f 586//722 587//832 763//873
f 585//723 761//761 583//829
f 582//720 584//719 760//870
f 579//716 580//824 757//867
f 578//717 755//866 576//821
f 575//714 577//713 753//865
f 571//711 572//710 749//746
f 568//704 570//706 746//744
f 565//700 566//702 743//854
f 561//696 563//695 739//738
f 558//692 559//806 736//846
f 554//687 556//688 732//732
f 551//681 552//683 729//838
f 547//679 549//678 725//834
f 544//673 545//676 722//831
f 540//667 542//669 718//718
f 537//662 538//665 715//823
f 533//660 535//659 711//712
f 530//654 531//657 708//815
f 526//649 528//650 704//813
f 523//643 524//645 701//701
f 520//639 522//641 698//810
f 519//638 520//639 697//694
f 516//633 693//691 514//630
f 513//628 515//631 691//689
f 512//627 513//628 690//803
f 509//622 510//623 687//802
f 506//618 508//620 684//799
f 505//616 506//618 683//677
f 502//613 679//672 500//611
f 499//609 501//612 677//670
f 498//610 675//666 497//905
f 495//903 496//904 673//664
f 492//598 494//901 670//790
f 491//597 492//598 669//658
f 296//276 294//273 666//656
f 303//283 488//282 663//651
f 309//289 306//286 659//784
f 627//762 810//915 808//914
f 624//759 796//913 797//912
f 797//912 798//911 622//868
f 620//755 801//908 802//907
f 617//750 790//909 789//898
f 610//743 784//891 783//778
f 783//778 782//890 608//855
f 606//742 781//889 780//775
f 603//737 779//888 778//772
f 778//772 777//886 601//847
f 599//736 775//884 774//883
f 596//731 772//771 771//881
f 771//881 770//880 594//839
f 592//730 768//768 767//878
f 589//725 765//765 764//875
f 763//873 762//872 586//722
f 582//720 759//758 758//869
f 757//867 756//756 579//716
f 575//714 752//749 751//864
f 751//864 750//862 573//816
f 571//711 748//861 747//859
f 568//704 745//858 744//856
f 564//698 741//853 740//851
f 561//696 738//850 737//848
f 558//692 735//734 734//845
f 734//845 733//843 555//690
f 554//687 731//842 730//840
f 551//681 728//728 727//837
f 727//837 726//835 548//800
f 547//679 724//724 723//833
f 544//673 721//721 720//830
f 540//667 717//827 716//825
f 537//662 714//715 713//822
f 533//660 710//819 709//817
f 530//654 707//709 706//814
f 526//649 703//703 702//812
f 523//643 700//811 699//697
f 519//638 696//809 695//807
f 695//807 694//805 517//634
f 512//627 689//686 688//684
f 509//622 686//680 685//801
f 505//616 682//798 681//796
f 681//796 680//675 503//614
f 495//903 672//661 671//792
f 491//597 668//789 667//787
f 296//276 665//653 664//786
f 304//285 661//648 660//646
f 309//289 658//642 657//783
f 800//921 801//908 799//910
f 252//229 251//228 794//626
f 252//229 794//626 793//624
f 252//229 793//624 254//230
f 254//230 792//619 256//232
f 792//619 791//617 256//232
f 261//239 256//232 791//617
f 251//228 795//629 794//626
f 795//629 251//228 249//226
f 246//223 653//632 795//629
f 812//635 653//632 811//917
f 246//223 811//917 653//632
f 795//629 249//226 246//223
f 200//922 202//923 816//924
f 202//923 198//925 817//926
f 198//925 195//927 818//928
f 195//927 192//929 820//930
f 192//929 205//931 822//932
f 205//931 200//922 823//933
f 823//933 822//932 205//931
f 822//932 821//934 192//929
f 821//934 820//930 192//929
f 820//930 819//935 195//927
f 819//935 818//928 195//927
f 818//928 817//926 198//925
f 817//926 816//924 202//923
f 816//924 823//933 200//922
f 822//936 823//937 824//938
f 821//939 822//936 825//940
f 820//941 821//939 826//942
f 819//943 820//941 828//944
f 818//945 819//943 829//946
f 817//947 818//945 830//948
f 816//949 817//947 831//950
f 823//937 816//949 832//951
f 832//951 824//938 823//937
f 831//950 832//951 816//949
f 830//948 831//950 817//947
f 829//946 830//948 818//945
f 828//944 829//946 819//943
f 827//952 828//944 820//941
f 826//942 827//952 820//941
f 825//940 826//942 821//939
f 824//938 825//940 822//936
f 838//953 833//954 829//955
f 833//954 834//956 830//957
f 834//956 831//958 830//957
f 834//956 835//959 832//960
f 835//959 836//961 824//962
f 836//961 825//963 824//962
f 836//961 837//964 825//963
f 837//964 827//952 826//942
f 828//965 827//966 838//953
f 826//942 825//963 837//964
f 824//962 832//960 835//959
f 832//960 831//958 834//956
f 830//957 829//955 833//954
f 829//955 828//965 838//953
f 223//967 217//968 840//969
f 217//968 216//970 841//971
f 216//970 213//972 842//973
f 213//972 220//974 843//975
f 220//974 221//976 844//977
f 221//976 223//967 845//978
f 845//978 844//977 221//976
f 844//977 843//975 220//974
f 843//975 842//973 213//972
f 842//973 841//971 216//970
f 841//971 840//969 217//968
f 840//969 839//979 223//967
f 839//979 845//978 223//967
f 844//980 845//981 846//982
f 843//983 844//980 847//984
f 842//985 843//983 848//986
f 841//987 842//985 849//988
f 840//989 841//987 850//990
f 839//991 840//989 851//992
f 845//981 839//991 852//993
f 852//993 846//982 845//981
f 851//992 852//993 839//991
f 850//990 851//992 840//989
f 849//988 850//990 841//987
f 848//986 849//988 842//985
f 847//984 848//986 843//983
f 846//982 847//984 844//980
f 858//994 853//995 849//996
f 853//995 854//997 850//998
f 854//997 852//993 851//992
f 846//999 855//1000 856//1001
f 856//1001 857//1002 847//1003
f 857//1002 858//994 848//1004
f 849//996 848//1004 858//994
f 848//1004 847//1003 857//1002
f 847//1003 846//999 856//1001
f 846//999 852//1005 855//1000
f 851//992 850//998 854//997
f 850//998 849//996 853//995
f 237//215 232//1006 860//1007
f 232//1006 236//1008 861//1009
f 236//1008 228//1010 862//1011
f 228//1010 231//1012 863//1013
f 231//1012 238//1014 864//1015
f 238//1014 242//1016 865//1017
f 859//1018 242//218 237//215
f 865//1017 864//1015 238//1014
f 864//1015 863//1013 231//1012
f 863//1013 862//1011 228//1010
f 862//1011 861//1009 236//1008
f 861//1009 860//1007 232//1006
f 860//1007 859//1018 237//215
f 242//1016 859//1019 866//1020
f 865//1017 242//1016 867//1021
f 864//1022 865//1017 868//1023
f 863//1024 864//1022 869//1025
f 862//1026 863//1024 870//1027
f 861//1028 862//1026 870//1027
f 860//1029 861//1028 871//1030
f 859//1019 860//1029 872//1031
f 872//1031 866//1020 859//1019
f 871//1030 872//1031 860//1029
f 870//1027 871//1030 861//1028
f 869//1025 870//1027 863//1024
f 868//1023 869//1025 864//1022
f 867//1021 868//1023 865//1017
f 866//1020 867//1021 242//1016
f 878//1032 873//1033 871//1034
f 873//1033 874//1035 872//1036
f 874//1035 875//1037 866//1038
f 875//1037 876//1039 868//1040
f 876//1039 877//1041 869//1042
f 877//1041 878//1032 870//1043
f 870//1043 869//1042 877//1041
f 869//1042 868//1040 876//1039
f 868//1040 867//1044 875//1037
f 867//1044 866//1038 875//1037
f 866//1038 872//1036 874//1035
f 872//1036 871//1034 873//1033
f 871//1034 870//1043 878//1032
f 183//1045 186//1046 879//1047
f 186//1046 178//1048 881//1049
f 178//1048 182//1050 882//1051
f 182//1050 187//1052 883//1053
f 187//1052 183//1045 885//1054
f 879//1047 885//1054 183//1045
f 885//1054 884//1055 187//1052
f 884//1055 883//1053 187//1052
f 883//1053 882//1051 182//1050
f 882//1051 881//1049 178//1048
f 881//1049 880//1056 186//1046
f 880//1056 879//1047 186//1046
f 885//1057 879//1058 893//1059
f 884//1060 885//1057 886//1061
f 883//1062 884//1060 887//1063
f 882//1064 883//1062 889//1065
f 881//1066 882//1064 890//1067
f 880//1068 881//1066 891//1069
f 879//1058 880//1068 892//1070
f 892//1070 893//1059 879//1058
f 891//1069 892//1070 880//1068
f 890//1067 891//1069 881//1066
f 889//1065 890//1067 882//1064
f 888//1071 889//1065 883//1062
f 887//1063 888//1071 883//1062
f 886//1061 887//1063 884//1060
f 893//1059 886//1061 885//1057
f 899//1072 894//1073 890//1074
f 894//1073 895//1075 891//1076
f 895//1075 896//1077 892//1078
f 896//1077 897//1079 893//1080
f 897//1079 898//1081 887//1082
f 898//1081 899//1072 888//1083
f 889//1084 888//1083 899//1072
f 888//1083 887//1082 898//1081
f 887//1082 886//1085 897//1079
f 886//1085 893//1080 897//1079
f 893//1080 892//1078 896//1077
f 892//1078 891//1076 895//1075
f 891//1076 890//1074 894//1073
f 890//1074 889//1084 899//1072
f 900//1086 413//1087 414//497
f 900//1086 905//1088 906//1089
f 906//1089 413//1087 900//1086
f 902//1090 412//1091 413//1087
f 411//457 408//454 903//1092
f 903//1092 408//454 412//1091
f 412//1091 902//1090 903//1092
f 413//1087 906//1089 902//1090
f 414//497 901//496 900//1086
f 904//1093 411//457 903//1092
f 913//1094 906//1089 905//1088
f 904//1093 903//1092 907//1095
f 908//1096 907//1095 909//1097
f 910//1098 909//1097 911//1099
f 912//1100 911//1099 913//1094
f 913//1094 905//1088 912//1100
f 911//1099 912//1100 910//1098
f 909//1097 910//1098 908//1096
f 907//1095 908//1096 904//1093
f 907//126 903//126 917//126
f 915//126 906//126 913//126
f 909//126 914//126 916//126
f 909//126 907//126 914//126
f 917//126 914//126 907//126
f 913//126 916//126 915//126
f 916//126 911//126 909//126
f 916//126 913//126 911//126
f 917//126 903//126 902//126
f 902//126 906//126 915//126
f 902//126 915//126 917//126
f 919//1101 918//1102 915//1103
f 920//1104 919//1101 915//1103
f 921//1105 920//1104 916//1106
f 922//1107 921//1105 914//1108
f 918//1102 922//1107 917//1109
f 914//1108 917//1109 922//1107
f 916//1106 914//1108 921//1105
f 915//1103 916//1106 920//1104
f 917//1109 915//1103 918//1102
f 417//477 416//476 923//1110
f 402//439 934//1111 923//1110
f 923//1110 416//476 402//439
f 415//438 933//1112 934//1111
f 934//1111 402//439 415//438
f 923//1110 924//1113 417//477
f 926//1114 924//1113 925//1115
f 925//1115 927//1116 926//1114
f 923//1110 925//1115 924//1113
f 926//1114 927//1116 928//1117
f 929//1118 928//1117 930//1119
f 930//1119 931//1120 929//1118
f 928//1117 929//1118 926//1114
f 933//1112 931//1120 932//1121
f 932//1121 934//1111 933//1112
f 930//1119 932//1121 931//1120
f 927//126 925//126 935//126
f 928//126 927//126 937//126
f 925//126 938//126 935//126
f 936//126 932//126 930//126
f 935//126 937//126 927//126
f 938//126 925//126 934//1111
f 936//126 930//126 928//126
f 937//126 936//126 928//126
f 938//126 934//1111 932//126
f 932//126 936//126 938//126
f 925//126 923//1110 934//1111
f 940//1122 939//1123 937//1124
f 941//1125 940//1122 938//1126
f 942//1127 941//1125 938//1126
f 939//1123 942//1127 936//1128
f 938//1126 936//1128 942//1127
f 935//1129 938//1126 940//1122
f 937//1124 935//1129 940//1122
f 936//1128 937//1124 939//1123
f 424//1130 423//1131 943//1132
f 963//1133 427//1134 424//1130
f 943//1132 963//1133 424//1130
f 943//1132 423//1131 420//1135
f 964//1136 944//1137 429//1138
f 944//1137 430//1139 429//1138
f 964//1136 429//1138 427//1134
f 957//1140 433//495 430//1139
f 427//1134 963//1133 964//1136
f 420//1135 952//1141 943//1132
f 944//1137 957//1140 430//1139
f 957//1140 926//1142 901//496
f 900//1086 901//496 926//1142
f 946//1143 417//1144 924//1145
f 912//126 926//1142 929//126
f 929//126 910//126 912//126
f 900//1086 912//126 905//1088
f 901//496 433//495 957//1140
f 946//1143 421//1146 417//1144
f 926//1142 947//1147 946//1143
f 421//1146 946//1143 952//1141
f 946//1143 924//1145 926//1142
f 926//1142 957//1140 947//1147
f 931//1120 933//1112 415//126
f 912//126 900//1086 926//1142
f 400//126 910//126 931//1120
f 400//126 904//1093 908//126
f 400//126 409//126 904//1093
f 409//126 411//457 904//1093
f 910//126 929//126 931//1120
f 908//126 910//126 400//126
f 420//1135 421//1146 952//1141
f 400//126 401//126 407//126
f 410//126 409//126 400//126
f 415//126 400//126 931//1120
f 398//126 404//432 407//126
f 407//126 401//126 398//126
f 407//126 410//126 400//126
f 403//445 407//126 404//432
f 947//1147 945//1148 946//1143
f 946//1143 950//1149 952//1141
f 957//1140 945//1148 947//1147
f 949//1150 948//1151 945//1148
f 946//1143 945//1148 948//1151
f 952//1141 950//1149 951//1152
f 943//1132 952//1141 951//1152
f 953//1153 950//1149 946//1143
f 946//1143 948//1151 953//1153
f 954//1154 948//1151 949//1150
f 945//1148 957//1140 955//1155
f 955//1155 949//1150 945//1148
f 944//1137 956//1156 957//1140
f 953//1153 948//1151 954//1154
f 953//1153 958//1157 950//1149
f 951//1152 950//1149 958//1157
f 963//1133 943//1132 951//1152
f 951//1152 961//1158 963//1133
f 959//1159 955//1155 957//1140
f 957//1140 956//1156 959//1159
f 944//1137 964//1136 962//1160
f 962//1160 956//1156 944//1137
f 958//1157 953//1153 960//1161
f 951//1152 958//1157 966//1162
f 966//1162 961//1158 951//1152
f 963//1133 961//1158 962//1160
f 964//1136 963//1133 962//1160
f 966//1162 965//1163 962//1160
f 962//1160 961//1158 966//1162
f 969//1164 958//1157 960//1161
f 958//1157 969//1164 966//1162
f 920//1104 921//1105 940//1122
f 940//1122 919//1165 920//1104
f 809//916 922//1166 918//1167
f 921//1105 922//1166 809//916
f 810//915 918//1167 919//1165
f 919//1165 940//1122 810//915
f 921//1105 942//1166 939//1123
f 939//1123 940//1122 921//1105
f 877//1041 940//1122 941//1166
f 941//1166 942//1166 877//1041
f 942//1166 921//1105 877//1041
f 800//921 969//1164 960//1161
f 969//1164 800//921 797//912
f 960//1161 953//1153 800//921
f 968//1168 969//1164 797//912
f 953//1153 940//1122 800//921
f 810//915 940//1122 949//1150
f 940//1122 954//1154 949//1150
f 800//921 940//1122 838//953
f 800//921 838//953 827//966
f 940//1122 833//1169 838//953
f 940//1122 834//1170 833//1169
f 804//900 836//1171 835//1172
f 877//1041 835//1172 834//1170
f 835//1172 877//1041 804//900
f 834//1170 940//1122 877//1041
f 877//1041 647//777 648//776
f 877//1041 648//776 649//780
f 877//1041 853//1173 858//1174
f 855//1000 649//780 650//779
f 855//1000 650//779 651//781
f 858//1174 804//900 877//1041
f 877//1041 649//780 854//1175
f 855//1000 852//1005 649//780
f 858//1174 857//1176 804//900
f 854//1175 853//1173 877//1041
f 651//781 856//1177 855//1000
f 852//1005 854//1175 649//780
f 857//1176 856//1177 652//893
f 651//781 652//893 856//1177
f 652//893 806//896 857//1176
f 805//899 804//900 857//1176
f 806//896 805//899 857//1176
f 837//1178 803//906 801//908
f 837//1178 804//900 803//906
f 804//900 837//1178 836//1171
f 837//1178 801//908 800//921
f 800//921 827//966 837//1178
f 800//921 799//910 798//911
f 796//913 808//914 967//1179
f 968//1168 797//912 796//913
f 808//914 810//915 967//1179
f 955//1155 967//1179 810//915
f 815//920 814//918 809//916
f 921//1105 814//918 813//919
f 921//1105 809//916 814//918
f 899//1180 921//1105 813//919
f 813//919 894//1181 899//1180
f 921//1105 899//1180 898//1182
f 898//1182 877//1041 921//1105
f 895//1183 894//1181 813//919
f 896//1184 895//1183 813//919
f 638//600 877//1041 896//1184
f 636//601 638//600 896//1184
f 877//1041 898//1182 897//1185
f 897//1185 896//1184 877//1041
f 813//919 636//601 896//1184
f 873//1186 639//603 641//604
f 873//1186 638//600 639//603
f 873//1186 641//604 643//607
f 877//1041 638//600 878//1032
f 643//607 874//1187 873//1186
f 645//773 875//1188 874//1187
f 874//1187 644//608 645//773
f 875//1188 645//773 646//774
f 647//777 876//1039 875//1188
f 873//1186 878//1032 638//600
f 874//1187 643//607 644//608
f 646//774 647//777 875//1188
f 876//1039 647//777 877//1041
f 967//1179 968//1168 796//913
f 798//911 797//912 800//921
f 949//1150 955//1155 810//915
f 953//1153 954//1154 940//1122
f 918//1167 810//915 809//916
f 959//1159 956//1156 962//1160
f 962//1160 965//1163 959//1159
f 967//1179 955//1155 959//1159
f 967//1179 965//1163 968//1168
f 965//1163 967//1179 959//1159
f 968//1168 965//1163 969//1164
f 966//1162 969//1164 965//1163
f 978//1189 971//1190 381//1191
f 382//1192 381//1191 971//1190
f 385//1193 368//1194 972//1195
f 973//1196 383//1197 382//1192
f 381//1191 380//1198 978//1189
f 980//1199 974//1200 975//1201
f 971//1190 970//1202 382//1192
f 385//1193 976//1203 977//1204
f 972//1195 976//1203 385//1193
f 980//1199 975//1201 368//1194
f 382//1192 970//1202 973//1196
f 978//1189 391//422 388//1205
f 368//1194 975//1201 972//1195
f 980//1199 372//1206 373//1207
f 380//1198 392//1208 978//1189
f 978//1189 392//1208 391//422
f 391//422 393//415 388//1205
f 388//1205 389//1209 978//1189
f 385//1193 977//1204 979//1210
f 373//1207 378//397 980//1199
f 979//1210 389//1209 385//1193
f 389//1209 979//1210 978//1189
f 977//1204 981//1211 979//1210
f 368//1194 372//1206 980//1199
f 373//1207 374//393 378//397
f 378//397 377//1212 973//1196
f 973//1196 980//1199 378//397
f 973//1196 377//1212 383//1197
f 975//1201 977//1204 976//1203
f 975//1201 974//1200 981//1211
f 976//1203 972//1195 975//1201
f 981//1211 970//1202 971//1190
f 970//1202 974//1200 980//1199
f 981//1211 977//1204 975//1201
f 971//1190 978//1189 981//1211
f 974//1200 970//1202 981//1211
f 979//1210 981//1211 978//1189
f 973//1196 970//1202 980//1199
usemtl 0.745098_0.737255_0.729412_0.000000_0.000000
f 988//1213 1056//1214 1057//1215
f 992//1216 1059//1217 993//1218
f 999//1219 991//1220 992//1216
f 1000//1221 985//1222 986//1223
f 1003//1224 1063//1225 998//1226
f 1004//1227 998//1226 1064//1228
f 1001//1229 986//1223 987//1230
f 1005//1231 987//1230 988//1213
f 1006//1232 984//1233 1000//1221
f 1007//1234 990//1235 999//1219
f 1008//1236 992//1216 993//1218
f 1009//1237 995//1238 996//1239
f 1011//1240 982//1241 983//1242
f 1011//1240 983//1242 1006//1232
f 1012//1243 1000//1221 1001//1229
f 1013//1244 999//1219 1008//1236
f 1014//1245 993//1218 995//1238
f 1014//1245 995//1238 1009//1237
f 1009//1237 996//1239 1002//1246
f 1015//1247 1003//1224 1004//1227
f 1016//1248 1004//1227 982//1241
f 1019//1249 1005//1231 1010//1250
f 1021//1251 1008//1236 1014//1245
f 1023//1252 1015//1247 1016//1248
f 1024//1253 1016//1248 1011//1240
f 1030//1254 1012//1243 1025//1255
f 1031//1256 1010//1250 1020//1257
f 1032//1258 1014//1245 1027//1259
f 1033//1260 1009//1237 1028//1261
f 1034//1262 1011//1240 1017//1263
f 1025//1255 1001//1229 1018//1264
f 1035//1265 1002//1246 1015//1247
f 1036//1266 1016//1248 1024//1253
f 1037//1267 1007//1234 1026//1268
f 1026//1268 1013//1244 1021//1251
f 1038//1269 1021//1251 1022//1270
f 1035//1265 1015//1247 1023//1252
f 1041//1271 1021//1251 1038//1269
f 1042//1272 1023//1252 1036//1266
f 1044//1273 1017//1263 1029//1274
f 1046//1275 1028//1261 1035//1265
f 1043//1276 1024//1253 1034//1262
f 1047//1277 1018//1264 1039//1278
f 1039//1278 1019//1249 1031//1256
f 1048//1279 1022//1270 1032//1258
f 1045//1280 1025//1255 1047//1277
f 1049//1281 1037//1267 1040//1282
f 1040//1282 1026//1268 1041//1271
f 1050//1283 1029//1274 1030//1254
f 1050//1283 1030//1254 1045//1280
f 1039//1278 1031//1256 1037//1267
f 1041//1271 1038//1269 1048//1279
f 1048//1279 1032//1258 1027//1259
f 1051//1284 1033//1260 1046//1275
f 1052//1285 1042//1272 1036//1266
f 1052//1285 1036//1266 1043//1276
f 1053//1286 1043//1276 1044//1273
f 1054//1287 1044//1273 1050//1283
f 1055//1288 1045//1280 1047//1277
f 1057//1215 1039//1278 1049//1281
f 1058//1289 1040//1282 1041//1271
f 1059//1217 1041//1271 1048//1279
f 1060//1290 1048//1279 1051//1284
f 1062//1291 1046//1275 1042//1272
f 1063//1225 1042//1272 1052//1285
f 1056//1214 1047//1277 1057//1215
f 990//1235 1049//1281 1058//1289
f 998//1226 1052//1285 1064//1228
f 985//1222 1050//1283 1055//1288
f 983//1242 1053//1286 1054//1287
f 984//1233 1054//1287 1050//1283
f 986//1223 1055//1288 1056//1214
f 991//1220 1058//1289 1059//1217
f 997//1292 1062//1291 1063//1225
f 993//1218 1060//1290 994//1293
f 995//1238 994//1293 1061//1294
f 996//1239 1061//1294 997//1292
f 1060//1290 993//1218 1059//1217
f 990//1235 989//1295 1057//1215
f 1058//1289 991//1220 990//1235
f 1053//1286 982//1241 1064//1228
f 1062//1291 997//1292 1061//1294
f 1056//1214 987//1230 986//1223
f 1055//1288 986//1223 985//1222
f 1050//1283 985//1222 984//1233
f 1054//1287 984//1233 983//1242
f 1053//1286 983//1242 982//1241
f 1051//1284 1061//1294 994//1293
f 1052//1285 998//1226 1063//1225
f 1051//1284 994//1293 1060//1290
f 1041//1271 1059//1217 1058//1289
f 1049//1281 990//1235 1057//1215
f 1048//1279 1060//1290 1059//1217
f 1043//1276 1053//1286 1064//1228
f 1043//1276 1064//1228 1052//1285
f 1042//1272 1063//1225 1062//1291
f 1046//1275 1062//1291 1061//1294
f 1046//1275 1061//1294 1051//1284
f 1040//1282 1058//1289 1049//1281
f 1039//1278 1057//1215 1047//1277
f 1047//1277 1056//1214 1055//1288
f 1045//1280 1055//1288 1050//1283
f 1044//1273 1054//1287 1053//1286
f 1027//1259 1051//1284 1048//1279
f 1035//1265 1042//1272 1046//1275
f 1033//1260 1051//1284 1027//1259
f 1037//1267 1049//1281 1039//1278
f 1029//1274 1050//1283 1044//1273
f 1034//1262 1044//1273 1043//1276
f 1023//1252 1042//1272 1035//1265
f 1022//1270 1048//1279 1038//1269
f 1018//1264 1047//1277 1025//1255
f 1024//1253 1043//1276 1036//1266
f 1028//1261 1046//1275 1033//1260
f 1025//1255 1045//1280 1030//1254
f 1017//1263 1044//1273 1034//1262
f 1021//1251 1041//1271 1026//1268
f 1026//1268 1040//1282 1037//1267
f 1020//1257 1037//1267 1031//1256
f 1019//1249 1039//1278 1018//1264
f 1007//1234 1037//1267 1020//1257
f 1006//1232 1029//1274 1017//1263
f 1011//1240 1034//1262 1024//1253
f 1016//1248 1036//1266 1023//1252
f 1002//1246 1035//1265 1028//1261
f 1009//1237 1033//1260 1027//1259
f 1014//1245 1032//1258 1022//1270
f 1010//1250 1031//1256 1019//1249
f 1012//1243 1030//1254 1029//1274
f 1012//1243 1029//1274 1006//1232
f 1002//1246 1028//1261 1009//1237
f 1009//1237 1027//1259 1014//1245
f 1008//1236 1021//1251 1013//1244
f 1013//1244 1026//1268 1007//1234
f 1001//1229 1025//1255 1012//1243
f 1014//1245 1022//1270 1021//1251
f 1007//1234 1020//1257 1010//1250
f 1005//1231 1019//1249 1018//1264
f 1005//1231 1018//1264 1001//1229
f 1006//1232 1017//1263 1011//1240
f 982//1241 1011//1240 1016//1248
f 1004//1227 1016//1248 1015//1247
f 1003//1224 1015//1247 1002//1246
f 993//1218 1014//1245 1008//1236
f 999//1219 1013//1244 1007//1234
f 989//1295 1007//1234 1010//1250
f 988//1213 1010//1250 1005//1231
f 1000//1221 1012//1243 1006//1232
f 989//1295 1010//1250 988//1213
f 992//1216 1008//1236 999//1219
f 990//1235 1007//1234 989//1295
f 984//1233 1006//1232 983//1242
f 997//1292 1003//1224 1002//1246
f 987//1230 1005//1231 1001//1229
f 1064//1228 982//1241 1004//1227
f 998//1226 1004//1227 1003//1224
f 1063//1225 1003//1224 997//1292
f 997//1292 1002//1246 996//1239
f 1061//1294 996//1239 995//1238
f 994//1293 995//1238 993//1218
f 991//1220 999//1219 990//1235
f 986//1223 1001//1229 1000//1221
f 985//1222 1000//1221 984//1233
f 1059//1217 992//1216 991//1220
f 1057//1215 989//1295 988//1213
f 1056//1214 988//1213 987//1230
f 1067//1296 1068//1297 1066//1298
f 1068//1297 1069//1299 1066//1298
f 1069//1299 1070//1300 1066//1298
f 1070//1300 1065//1301 1066//1298
f 1071//1302 1065//1301 1070//1300
f 1072//1303 1067//1296 1066//1298
f 1066//1298 1073//1304 1074//1305
f 1072//1303 1074//1305 1075//1306
f 1067//1296 1075//1306 1076//1307
f 1068//1297 1076//1307 1077//1308
f 1070//1300 1077//1308 1078//1309
f 1071//1302 1078//1309 1073//1304
f 1073//1304 1065//1301 1071//1302
f 1078//1309 1071//1302 1070//1300
f 1077//1308 1070//1300 1069//1299
f 1077//1308 1069//1299 1068//1297
f 1076//1307 1068//1297 1067//1296
f 1075//1306 1067//1296 1072//1303
f 1074//1305 1072//1303 1066//1298
f 1073//1304 1066//1298 1065//1301
f 1075//1310 1074//1311 1084//1312
f 1073//1313 1078//1314 1080//1315
f 1079//1316 1074//1311 1073//1313
f 1077//1317 1082//1318 1081//1319
f 1079//1316 1084//1312 1074//1311
f 1078//1314 1081//1319 1080//1315
f 1077//1317 1083//1320 1082//1318
f 1078//1314 1077//1317 1081//1319
f 1083//1320 1077//1317 1076//1321
f 1080//1315 1079//1316 1073//1313
f 1076//1321 1075//1310 1084//1312
f 1084//1312 1083//1320 1076//1321
f 1085//1322 1086//1323 1083//1320
f 1089//1324 1079//1316 1080//1315
f 1079//1316 1089//1324 1087//1325
f 1079//1316 1087//1325 1088//1326
f 1083//1320 1084//1312 1085//1322
f 1090//1327 1081//1319 1082//1318
f 1088//1326 1092//1328 1084//1312
f 1082//1318 1083//1320 1086//1323
f 1081//1319 1090//1327 1091//1329
f 1091//1329 1080//1315 1081//1319
f 1092//1328 1085//1322 1084//1312
f 1082//1318 1086//1323 1090//1327
f 1084//1312 1079//1316 1088//1326
f 1080//1315 1091//1329 1089//1324
f 1086//1330 1093//1331 1094//1332
f 1090//1333 1094//1332 1095//1334
f 1091//1335 1095//1334 1096//1336
f 1089//1337 1096//1336 1097//1338
f 1087//1339 1097//1338 1098//1340
f 1088//1341 1098//1340 1099//1342
f 1085//1343 1099//1342 1093//1331
f 1099//1342 1085//1343 1092//1344
f 1099//1342 1092//1344 1088//1341
f 1098//1340 1088//1341 1087//1339
f 1097//1338 1087//1339 1089//1337
f 1096//1336 1089//1337 1091//1335
f 1095//1334 1091//1335 1090//1333
f 1094//1332 1090//1333 1086//1330
f 1093//1331 1086//1330 1085//1343
f 1096//1345 1095//1345 1100//1345
f 1097//1345 1096//1345 1101//1345
f 1099//1345 1103//1345 1102//1345
f 1099//1345 1104//1345 1103//1345
f 1098//1345 1097//1345 1104//1345
f 1101//1345 1104//1345 1097//1345
f 1100//1345 1101//1345 1096//1345
f 1093//1345 1102//1345 1105//1345
f 1095//1345 1094//1345 1100//1345
f 1102//1345 1093//1345 1099//1345
f 1105//1345 1100//1345 1094//1345
f 1105//1345 1094//1345 1093//1345
f 1099//1345 1098//1345 1104//1345
f 1101//1346 1115//1347 1106//1348
f 1101//1346 1106//1348 1107//1349
f 1104//1350 1107//1349 1108//1351
f 1104//1350 1108//1351 1109//1352
f 1103//1353 1109//1352 1110//1354
f 1103//1353 1110//1354 1111//1355
f 1102//1356 1111//1355 1112//1357
f 1105//1358 1112//1357 1113//1359
f 1100//1360 1113//1359 1114//1361
f 1100//1360 1114//1361 1115//1347
f 1115//1347 1101//1346 1100//1360
f 1113//1359 1100//1360 1105//1358
f 1112//1357 1105//1358 1102//1356
f 1111//1355 1102//1356 1103//1353
f 1109//1352 1103//1353 1104//1350
f 1107//1349 1104//1350 1101//1346
f 1175//1423 1170//1424 1171//1425
f 1176//1426 1171//1425 1168//1427
f 1177//1428 1168//1427 1169//1429
f 1179//1430 1169//1429 1173//1431
f 1181//1432 1180//1433 1173//1431
f 1182//1434 1181//1432 1172//1435
f 1183//1436 1182//1434 1167//1437
f 1184//1438 1183//1436 1167//1437
f 1175//1423 1184//1438 1170//1424
f 1167//1437 1170//1424 1184//1438
f 1172//1435 1167//1437 1182//1434
f 1173//1431 1172//1435 1181//1432
f 1173//1431 1180//1433 1179//1430
f 1169//1429 1179//1430 1178//1439
f 1169//1429 1178//1439 1177//1428
f 1168//1427 1177//1428 1176//1426
f 1171//1425 1176//1426 1175//1423
f 1182//1434 1183//1436 1181//1432
f 1179//1430 1180//1433 1178//1439
f 1184//1438 1175//1423 1176//1426
f 1176//1426 1177//1428 1184//1438
f 1177//1428 1178//1439 1184//1438
f 1178//1439 1180//1433 1184//1438
f 1180//1433 1181//1432 1184//1438
f 1181//1432 1183//1436 1184//1438
f 1378//1671 1374//1666 1373//1664
f 1379//1672 1373//1664 1372//1670
f 1380//1673 1372//1670 1371//1662
f 1380//1673 1371//1662 1377//1660
f 1381//1674 1377//1660 1376//1669
f 1382//1675 1376//1669 1375//1668
f 1383//1676 1375//1668 1374//1666
f 1374//1666 1378//1671 1383//1676
f 1375//1668 1383//1676 1382//1675
f 1376//1669 1382//1675 1381//1674
f 1377//1660 1381//1674 1380//1673
f 1372//1670 1380//1673 1379//1672
f 1373//1664 1379//1672 1378//1671
f 1384//1345 1385//1345 1381//1345
f 1385//1345 1386//1345 1381//1345
f 1380//1345 1381//1345 1386//1345
f 1386//1345 1387//1345 1380//1345
f 1389//1345 1384//1345 1382//1345
f 1388//1345 1378//1345 1379//1345
f 1389//1345 1382//1345 1383//1345
f 1381//1345 1382//1345 1384//1345
f 1387//1345 1379//1345 1380//1345
f 1379//1345 1387//1345 1388//1345
f 1378//1345 1391//1345 1390//1345
f 1390//1345 1383//1345 1378//1345
f 1383//1345 1390//1345 1389//1345
f 1378//1345 1388//1345 1391//1345
f 1392//1677 1385//1678 1384//1679
f 1393//1680 1384//1679 1389//1681
f 1394//1682 1389//1681 1390//1683
f 1395//1684 1390//1683 1391//1685
f 1395//1684 1391//1685 1388//1686
f 1397//1687 1388//1686 1387//1688
f 1398//1689 1387//1688 1386//1690
f 1399//1691 1386//1690 1385//1678
f 1385//1678 1392//1677 1399//1691
f 1386//1690 1399//1691 1398//1689
f 1387//1688 1398//1689 1397//1687
f 1388//1686 1397//1687 1396//1692
f 1388//1686 1396//1692 1395//1684
f 1390//1683 1395//1684 1394//1682
f 1389//1681 1394//1682 1393//1680
f 1384//1679 1393//1680 1392//1677
f 1396//1693 1397//1694 1400//1695
f 1397//1694 1398//1696 1401//1697
f 1392//1698 1402//1699 1403//1700
f 1393//1701 1394//1702 1404//1703
f 1394//1702 1395//1704 1404//1703
f 1404//1703 1402//1699 1393//1701
f 1401//1697 1400//1695 1397//1694
f 1399//1705 1403//1700 1405//1706
f 1395//1704 1396//1693 1406//1707
f 1398//1696 1405//1706 1401//1697
f 1402//1699 1392//1698 1393//1701
f 1405//1706 1398//1696 1399//1705
f 1403//1700 1399//1705 1392//1698
f 1406//1707 1404//1703 1395//1704
f 1400//1695 1406//1707 1396//1693
f 1403//1700 1402//1699 1408//1708
f 1403//1700 1408//1708 1407//1709
f 1409//1710 1401//1697 1405//1706
f 1409//1710 1400//1695 1401//1697
f 1410//1711 1402//1699 1404//1703
f 1405//1706 1403//1700 1407//1709
f 1407//1709 1409//1710 1405//1706
f 1411//1712 1406//1707 1400//1695
f 1400//1695 1409//1710 1411//1712
f 1404//1703 1406//1707 1411//1712
f 1402//1699 1410//1711 1408//1708
f 1404//1703 1411//1712 1410//1711
f 1412//1713 1411//1714 1409//1715
f 1415//1716 1409//1715 1407//1717
f 1416//1718 1407//1717 1408//1719
f 1417//1720 1408//1719 1410//1721
f 1419//1722 1410//1721 1411//1714
f 1411//1714 1412//1713 1419//1722
f 1410//1721 1419//1722 1418//1723
f 1410//1721 1418//1723 1417//1720
f 1408//1719 1417//1720 1416//1718
f 1407//1717 1416//1718 1415//1716
f 1409//1715 1415//1716 1414//1724
f 1409//1715 1414//1724 1413//1725
f 1409//1715 1413//1725 1412//1713
f 1419//1726 1420//1727 1421//1728
f 1417//1720 1421//1728 1416//1718
f 1415//1716 1416//1718 1414//1724
f 1420//1727 1412//1729 1413//1725
f 1421//1728 1417//1720 1418//1730
f 1421//1728 1418//1730 1419//1726
f 1420//1727 1419//1726 1412//1729
f 1420//1727 1413//1725 1421//1728
f 1413//1725 1414//1724 1421//1728
f 1414//1724 1416//1718 1421//1728
f 1496//1804 1447//1763 1446//1764
f 1497//1805 1443//1759 1445//1761
f 1499//1806 1496//1804 1446//1764
f 1500//1807 1446//1764 1440//1762
f 1501//1808 1440//1762 1444//1760
f 1502//1809 1444//1760 1442//1755
f 1503//1810 1442//1755 1441//1758
f 1504//1811 1441//1758 1443//1759
f 1505//1812 1443//1759 1497//1805
f 1506//1813 1497//1805 1445//1761
f 1507//1814 1445//1761 1447//1763
f 1507//1814 1447//1763 1496//1804
f 1496//1804 1498//1815 1507//1814
f 1445//1761 1507//1814 1506//1813
f 1497//1805 1506//1813 1505//1812
f 1443//1759 1505//1812 1504//1811
f 1441//1758 1504//1811 1503//1810
f 1442//1755 1503//1810 1502//1809
f 1444//1760 1502//1809 1501//1808
f 1440//1762 1501//1808 1500//1807
f 1446//1764 1500//1807 1499//1806
f 1496//1804 1499//1806 1498//1815
f 1504//1811 1505//1812 1503//1810
f 1499//1806 1500//1807 1498//1815
f 1501//1808 1502//1809 1500//1807
f 1502//1809 1503//1810 1500//1807
f 1503//1810 1505//1812 1500//1807
f 1505//1812 1506//1813 1500//1807
f 1506//1813 1507//1814 1500//1807
f 1507//1814 1498//1815 1500//1807
f 1842//2218 1843//2219 1841//2220
f 1843//2219 1844//2221 1841//2220
f 1844//2221 1845//2222 1841//2220
f 1845//2222 1846//2223 1841//2220
f 1847//2224 1846//2223 1845//2222
f 1841//2220 1848//2225 1849//2226
f 1842//2218 1849//2226 1850//2227
f 1843//2219 1850//2227 1851//2228
f 1844//2221 1851//2228 1852//2229
f 1847//2224 1852//2229 1853//2230
f 1846//2223 1853//2230 1848//2225
f 1853//2230 1846//2223 1847//2224
f 1852//2229 1847//2224 1845//2222
f 1852//2229 1845//2222 1844//2221
f 1851//2228 1844//2221 1843//2219
f 1850//2227 1843//2219 1842//2218
f 1849//2226 1842//2218 1841//2220
f 1848//2225 1841//2220 1846//2223
f 1849//2231 1854//2232 1855//2233
f 1848//2234 1853//2235 1856//2236
f 1855//2233 1857//2237 1850//2238
f 1856//2236 1854//2232 1848//2234
f 1857//2237 1851//2239 1850//2238
f 1853//2235 1852//2240 1858//2241
f 1855//2233 1850//2238 1849//2231
f 1854//2232 1849//2231 1848//2234
f 1858//2241 1856//2236 1853//2235
f 1852//2240 1859//2242 1858//2241
f 1857//2237 1859//2242 1851//2239
f 1859//2242 1852//2240 1851//2239
f 1860//2243 1857//2237 1855//2233
f 1861//2244 1862//2245 1857//2237
f 1857//2237 1860//2243 1861//2244
f 1865//2246 1863//2247 1854//2232
f 1863//2247 1855//2233 1854//2232
f 1859//2242 1857//2237 1862//2245
f 1866//2248 1864//2249 1858//2241
f 1862//2245 1866//2248 1859//2242
f 1856//2236 1858//2241 1864//2249
f 1864//2249 1865//2246 1856//2236
f 1865//2246 1854//2232 1856//2236
f 1855//2233 1863//2247 1860//2243
f 1858//2241 1859//2242 1866//2248
f 1862//2250 1867//2251 1868//2252
f 1866//2253 1868//2252 1869//2254
f 1866//2253 1869//2254 1870//2255
f 1864//2256 1870//2255 1871//2257
f 1865//2258 1871//2257 1872//2259
f 1872//2259 1863//2260 1865//2258
f 1863//2260 1872//2259 1873//2261
f 1863//2260 1873//2261 1874//2262
f 1860//2263 1874//2262 1867//2251
f 1867//2251 1861//2264 1860//2263
f 1874//2262 1860//2263 1863//2260
f 1871//2257 1865//2258 1864//2256
f 1870//2255 1864//2256 1866//2253
f 1868//2252 1866//2253 1862//2250
f 1867//2251 1862//2250 1861//2264
f 1872//2265 1871//1345 1875//2266
f 1872//2265 1875//2266 1882//2267
f 1869//2268 1876//2269 1878//2270
f 1868//2271 1877//2272 1876//2269
f 1871//1345 1878//2270 1875//2266
f 1876//2269 1869//2268 1868//2271
f 1868//2271 1879//2273 1877//2272
f 1867//2274 1874//2275 1880//2276
f 1878//2270 1871//1345 1870//1345
f 1881//2277 1880//2276 1874//2275
f 1874//2275 1873//2278 1881//2277
f 1873//2278 1872//2265 1882//2267
f 1882//2267 1881//2277 1873//2278
f 1878//2270 1870//1345 1869//2268
f 1879//2273 1868//2271 1867//2274
f 1880//2276 1879//2273 1867//2274
f 1875//2279 1883//2280 1884//2281
f 1884//2281 1882//2282 1875//2279
f 1878//2283 1885//2284 1886//2285
f 1875//2279 1886//2285 1883//2280
f 1885//2284 1876//2269 1887//2286
f 1887//2286 1876//2269 1888//2287
f 1888//2287 1876//2269 1890//2288
f 1890//2288 1889//2289 1888//2287
f 1876//2269 1877//2272 1890//2288
f 1889//2289 1891//2290 1888//2287
f 1892//2291 1893//2292 1891//2290
f 1894//2293 1895//2294 1893//2292
f 1896//2295 1897//2296 1894//2293
f 1895//2294 1894//2293 1897//2296
f 1882//2282 1897//2296 1896//2295
f 1897//2296 1882//2282 1884//2281
f 1893//2292 1892//2291 1894//2293
f 1891//2290 1889//2289 1892//2291
f 1886//2285 1875//2279 1878//2283
f 1885//2284 1878//2283 1876//2269
f 2201//2693 2212//2700 2206//2701
f 2202//2695 2206//2701 2207//2702
f 2203//2697 2207//2702 2208//2703
f 2204//2698 2208//2703 2209//2704
f 2205//2689 2209//2704 2210//2705
f 2200//2699 2210//2705 2211//2706
f 2200//2699 2211//2706 2212//2700
f 2212//2700 2201//2693 2200//2699
f 2210//2705 2200//2699 2199//2691
f 2210//2705 2199//2691 2205//2689
f 2209//2704 2205//2689 2204//2698
f 2208//2703 2204//2698 2203//2697
f 2207//2702 2203//2697 2202//2695
f 2206//2701 2202//2695 2201//2693
f 2338//2861 2344//2862 2345//2863
f 2340//2857 2345//2863 2346//2864
f 2340//2857 2346//2864 2343//2860
f 2339//2865 2347//2866 2348//2867
f 2336//2852 2337//2853 2344//2862
f 2348//2867 2342//2859 2341//2868
f 2348//2867 2341//2868 2339//2865
f 2347//2866 2339//2865 2343//2869
f 2345//2863 2340//2857 2338//2861
f 2344//2862 2338//2861 2336//2852
f 2351//2870 2352//2871 2348//2867
f 2358//2872 2346//2873 2345//2874
f 2361//2875 2347//2866 2343//2869
f 2350//2876 2351//2870 2347//2866
f 2349//2877 2358//2872 2345//2874
f 2346//2873 2358//2872 2359//2878
f 2343//2869 2360//2879 2361//2875
f 2348//2867 2352//2871 2353//2880
f 2343//2869 2346//2873 2360//2879
f 2342//2859 2348//2867 2353//2880
f 2347//2866 2361//2875 2350//2876
f 2353//2880 2354//2881 2342//2859
f 2356//2882 2344//2883 2337//2853
f 2359//2878 2360//2879 2346//2873
f 2348//2867 2347//2866 2351//2870
f 2337//2853 2355//2884 2356//2882
f 2337//2853 2342//2859 2354//2881
f 2344//2883 2356//2882 2357//2885
f 2349//2877 2345//2874 2344//2883
f 2337//2853 2354//2881 2355//2884
f 2344//2883 2357//2885 2349//2877
f 2349//2877 2357//2885 2358//2872
f 2377//2886 2360//2879 2359//2878
f 2362//2887 2350//2876 2361//2875
f 2350//2876 2363//2888 2364//2889
f 2365//2890 2351//2870 2350//2876
f 2360//2879 2377//2886 2378//2891
f 2379//2892 2361//2875 2360//2879
f 2374//2893 2358//2872 2357//2885
f 2376//2894 2359//2878 2358//2872
f 2360//2879 2378//2891 2379//2892
f 2361//2875 2379//2892 2362//2887
f 2350//2876 2364//2889 2365//2890
f 2366//2895 2352//2871 2351//2870
f 2358//2872 2374//2893 2375//2896
f 2351//2870 2365//2890 2366//2895
f 2367//2897 2353//2880 2352//2871
f 2368//2898 2354//2881 2353//2880
f 2357//2885 2373//2899 2374//2893
f 2359//2878 2376//2894 2377//2886
f 2350//2876 2362//2887 2363//2888
f 2354//2881 2368//2898 2369//2900
f 2369//2900 2370//2901 2354//2881
f 2358//2872 2375//2896 2376//2894
f 2352//2871 2366//2895 2367//2897
f 2371//2902 2355//2884 2354//2881
f 2371//2902 2356//2882 2355//2884
f 2373//2899 2357//2885 2356//2882
f 2356//2882 2372//2903 2373//2899
f 2353//2880 2367//2897 2368//2898
f 2356//2882 2371//2902 2372//2903
f 2354//2881 2370//2901 2371//2902
f 2380//2904 2372//2903 2371//2902
f 2371//2902 2381//2905 2380//2904
f 2373//2899 2380//2904 2382//2906
f 2382//2906 2374//2893 2373//2899
f 2383//2907 2375//2896 2374//2893
f 2374//2893 2382//2906 2383//2907
f 2383//2907 2376//2894 2375//2896
f 2384//2908 2377//2886 2376//2894
f 2376//2894 2383//2907 2384//2908
f 2377//2886 2384//2908 2385//2909
f 2379//2892 2385//2909 2386//2910
f 2387//2911 2363//2888 2362//2887
f 2362//2887 2386//2910 2387//2911
f 2387//2911 2364//2889 2363//2888
f 2388//2912 2365//2890 2364//2889
f 2364//2889 2387//2911 2388//2912
f 2365//2890 2388//2912 2389//2913
f 2390//2914 2367//2897 2366//2895
f 2366//2895 2389//2913 2390//2914
f 2390//2914 2368//2898 2367//2897
f 2368//2898 2390//2914 2391//2915
f 2369//2900 2391//2915 2392//2916
f 2392//2916 2370//2901 2369//2900
f 2370//2901 2392//2916 2381//2905
f 2381//2905 2371//2902 2370//2901
f 2369//2900 2368//2898 2391//2915
f 2366//2895 2365//2890 2389//2913
f 2362//2887 2379//2892 2386//2910
f 2379//2892 2378//2891 2385//2909
f 2378//2891 2377//2886 2385//2909
f 2373//2899 2372//2903 2380//2904
f 2381//2905 2392//2916 2408//2917
f 2390//2914 2389//2913 2409//2918
f 2389//2913 2388//2912 2409//2918
f 2388//2912 2387//2911 2410//2919
f 2387//2911 2386//2910 2412//2920
f 2384//2908 2383//2907 2413//2921
f 2383//2907 2382//2906 2414//2922
f 2392//2916 2406//2923 2416//2924
f 2386//2910 2407//2925 2417//2926
f 2407//2925 2384//2908 2418//2927
f 2380//2904 2381//2905 2419//2928
f 2419//2928 2381//2905 2420//2929
f 2381//2905 2408//2917 2420//2929
f 2416//2924 2406//2923 2421//2930
f 2406//2923 2409//2918 2422//2931
f 2409//2918 2410//2919 2424//2932
f 2410//2919 2411//2933 2425//2934
f 2411//2933 2412//2920 2426//2935
f 2417//2926 2407//2925 2427//2936
f 2418//2927 2413//2921 2428//2937
f 2413//2921 2414//2922 2429//2938
f 2414//2922 2415//2939 2430//2940
f 2426//2935 2417//2926 2431//2941
f 2420//2929 2408//2917 2432//2942
f 2408//2917 2416//2924 2432//2942
f 2430//2940 2415//2939 2434//2943
f 2415//2939 2419//2928 2434//2943
f 2434//2943 2420//2929 2393//2944
f 2421//2930 2422//2931 2396//2945
f 2422//2931 2423//2946 2397//2947
f 2423//2946 2424//2932 2397//2947
f 2424//2932 2425//2934 2398//2948
f 2425//2934 2426//2935 2399//2949
f 2427//2936 2428//2937 2402//2950
f 2428//2937 2429//2938 2403//2951
f 2429//2938 2430//2940 2404//2952
f 2393//2944 2432//2942 2394//2953
f 2433//2954 2421//2930 2395//2955
f 2431//2941 2427//2936 2401//2956
f 2401//2956 2400//2957 2431//2941
f 2400//2957 2399//2949 2431//2941
f 2405//2958 2404//2952 2434//2943
f 2402//2950 2401//2956 2427//2936
f 2396//2945 2395//2955 2421//2930
f 2433//2954 2394//2953 2432//2942
f 2393//2944 2405//2958 2434//2943
f 2434//2943 2404//2952 2430//2940
f 2404//2952 2403//2951 2429//2938
f 2403//2951 2402//2950 2428//2937
f 2431//2941 2399//2949 2426//2935
f 2399//2949 2398//2948 2425//2934
f 2398//2948 2397//2947 2424//2932
f 2397//2947 2396//2945 2422//2931
f 2432//2942 2393//2944 2420//2929
f 2428//2937 2427//2936 2418//2927
f 2427//2936 2431//2941 2417//2926
f 2421//2930 2433//2954 2416//2924
f 2433//2954 2432//2942 2416//2924
f 2420//2929 2434//2943 2419//2928
f 2417//2926 2426//2935 2412//2920
f 2422//2931 2421//2930 2406//2923
f 2430//2940 2429//2938 2414//2922
f 2429//2938 2428//2937 2413//2921
f 2418//2927 2427//2936 2407//2925
f 2426//2935 2425//2934 2411//2933
f 2425//2934 2424//2932 2410//2919
f 2424//2932 2423//2946 2409//2918
f 2423//2946 2422//2931 2409//2918
f 2419//2928 2415//2939 2380//2904
f 2413//2921 2418//2927 2384//2908
f 2417//2926 2412//2920 2386//2910
f 2416//2924 2408//2917 2392//2916
f 2380//2904 2415//2939 2382//2906
f 2415//2939 2414//2922 2382//2906
f 2414//2922 2413//2921 2383//2907
f 2384//2908 2407//2925 2385//2909
f 2412//2920 2411//2933 2387//2911
f 2411//2933 2410//2919 2387//2911
f 2410//2919 2409//2918 2388//2912
f 2409//2918 2406//2923 2390//2914
f 2407//2925 2386//2910 2385//2909
f 2390//2914 2406//2923 2391//2915
f 2406//2923 2392//2916 2391//2915
f 2405//2958 2435//2959 2436//2960
f 2403//2951 2436//2960 2437//2961
f 2402//2950 2437//2961 2438//2962
f 2401//2956 2438//2962 2439//2963
f 2401//2956 2439//2963 2440//2964
f 2400//2965 2440//2964 2441//2966
f 2399//2949 2441//2966 2442//2967
f 2397//2947 2442//2967 2443//2968
f 2396//2945 2443//2968 2444//2969
f 2395//2955 2444//2969 2445//2970
f 2433//2954 2445//2970 2446//2971
f 2394//2953 2446//2971 2447//2972
f 2393//2944 2447//2972 2435//2959
f 2435//2959 2405//2958 2393//2944
f 2447//2972 2393//2944 2394//2953
f 2446//2971 2394//2953 2433//2954
f 2445//2970 2433//2954 2395//2955
f 2444//2969 2395//2955 2396//2945
f 2443//2968 2396//2945 2397//2947
f 2442//2967 2397//2947 2398//2948
f 2442//2967 2398//2948 2399//2949
f 2441//2966 2399//2949 2400//2965
f 2440//2964 2400//2965 2401//2956
f 2438//2962 2401//2956 2402//2950
f 2437//2961 2402//2950 2403//2951
f 2436//2960 2403//2951 2404//2952
f 2436//2960 2404//2952 2405//2958
f 2602//3169 2603//3180 2604//3181
f 2588//3171 2604//3181 2629//3182
f 2589//3172 2629//3182 2605//3183
f 2590//3184 2605//3183 2606//3185
f 2590//3184 2606//3185 2607//3186
f 2546//3174 2607//3186 2608//3187
f 2591//3173 2608//3187 2609//3188
f 2583//3165 2609//3188 2610//3189
f 2584//3166 2610//3189 2611//3190
f 2586//3168 2611//3190 2612//3191
f 2602//3169 2612//3191 2603//3180
f 2612//3191 2602//3169 2586//3168
f 2611//3190 2586//3168 2585//3167
f 2611//3190 2585//3167 2584//3166
f 2610//3189 2584//3166 2583//3165
f 2609//3188 2583//3165 2591//3173
f 2608//3187 2591//3173 2546//3174
f 2607//3186 2546//3174 2590//3184
f 2605//3183 2590//3184 2589//3172
f 2629//3182 2589//3172 2588//3171
f 2604//3181 2588//3171 2587//3170
f 2604//3181 2587//3170 2602//3169
f 2603//3192 2612//3191 2624//3193
f 2610//3189 2609//3188 2626//3194
f 2608//3187 2607//3186 2627//3195
f 2606//3185 2605//3183 2628//3196
f 2604//3181 2603//3192 2630//3197
f 2609//3188 2608//3187 2632//3198
f 2627//3195 2607//3186 2634//3199
f 2628//3196 2605//3183 2635//3200
f 2629//3182 2604//3181 2636//3201
f 2624//3193 2611//3190 2637//3202
f 2610//3189 2626//3194 2638//3203
f 2606//3185 2628//3196 2639//3204
f 2638//3203 2626//3194 2651//3205
f 2626//3194 2632//3198 2641//3206
f 2632//3198 2633//3207 2642//3208
f 2633//3207 2634//3199 2643//3209
f 2628//3196 2635//3200 2644//3210
f 2635//3200 2629//3182 2645//3211
f 2629//3182 2636//3201 2645//3211
f 2637//3202 2625//3212 2647//3213
f 2636//3201 2630//3197 2653//3214
f 2651//3205 2626//3194 2648//3215
f 2634//3199 2639//3204 2649//3216
f 2653//3214 2630//3197 2650//3217
f 2639//3204 2628//3196 2652//3218
f 2645//3211 2636//3201 2653//3214
f 2646//3219 2640//3220 2613//3221
f 2641//3206 2642//3208 2618//3222
f 2642//3208 2643//3209 2655//3223
f 2644//3210 2645//3211 2656//3224
f 2650//3217 2646//3219 2654//3225
f 2613//3221 2640//3220 2614//3226
f 2640//3220 2647//3213 2614//3226
f 2647//3213 2651//3205 2616//3227
f 2652//3218 2644//3210 2621//3228
f 2656//3224 2653//3214 2622//3229
f 2651//3205 2648//3215 2616//3227
f 2648//3215 2618//3222 2617//3230
f 2655//3223 2649//3216 2620//3231
f 2623//3232 2622//3229 2650//3217
f 2622//3229 2621//3228 2656//3224
f 2620//3231 2619//3233 2655//3223
f 2617//3230 2616//3227 2648//3215
f 2613//3221 2623//3232 2654//3225
f 2654//3225 2623//3232 2650//3217
f 2650//3217 2622//3229 2653//3214
f 2656//3224 2621//3228 2644//3210
f 2652//3218 2620//3231 2649//3216
f 2655//3223 2619//3233 2642//3208
f 2619//3233 2618//3222 2642//3208
f 2616//3227 2615//3234 2647//3213
f 2615//3234 2614//3226 2647//3213
f 2653//3214 2656//3224 2645//3211
f 2649//3216 2655//3223 2643//3209
f 2618//3222 2648//3215 2641//3206
f 2613//3221 2654//3225 2646//3219
f 2646//3219 2650//3217 2631//3235
f 2645//3211 2644//3210 2635//3200
f 2644//3210 2652//3218 2628//3196
f 2652//3218 2649//3216 2639//3204
f 2643//3209 2642//3208 2633//3207
f 2651//3205 2647//3213 2638//3203
f 2647//3213 2640//3220 2637//3202
f 2631//3235 2650//3217 2630//3197
f 2649//3216 2643//3209 2634//3199
f 2641//3206 2648//3215 2626//3194
f 2638//3203 2647//3213 2625//3212
f 2640//3220 2646//3219 2624//3193
f 2642//3208 2641//3206 2632//3198
f 2637//3202 2640//3220 2624//3193
f 2624//3193 2646//3219 2631//3235
f 2639//3204 2634//3199 2606//3185
f 2634//3199 2633//3207 2627//3195
f 2638//3203 2625//3212 2610//3189
f 2625//3212 2637//3202 2611//3190
f 2629//3182 2635//3200 2605//3183
f 2606//3185 2634//3199 2607//3186
f 2627//3195 2633//3207 2608//3187
f 2633//3207 2632//3198 2608//3187
f 2632//3198 2626//3194 2609//3188
f 2611//3190 2624//3193 2612//3191
f 2624//3193 2631//3235 2603//3192
f 2631//3235 2630//3197 2603//3192
f 2630//3197 2636//3201 2604//3181
f 2610//3189 2625//3212 2611//3190
f 2623//3236 2657//3237 2658//3238
f 2622//3239 2658//3238 2659//3240
f 2622//3239 2659//3240 2660//3241
f 2621//3228 2660//3241 2661//3242
f 2621//3228 2661//3242 2662//3243
f 2652//3218 2662//3243 2663//3244
f 2620//3231 2663//3244 2664//3245
f 2619//3233 2664//3245 2665//3246
f 2619//3233 2665//3246 2666//3247
f 2618//3222 2666//3247 2667//3248
f 2618//3222 2667//3248 2668//3249
f 2617//3230 2668//3249 2669//3250
f 2616//3227 2669//3250 2670//3251
f 2615//3234 2670//3251 2671//3252
f 2614//3226 2671//3252 2672//3253
f 2614//3226 2672//3253 2673//3254
f 2613//3221 2673//3254 2674//3255
f 2623//3236 2674//3255 2657//3237
f 2674//3255 2623//3236 2613//3221
f 2673//3254 2613//3221 2614//3226
f 2671//3252 2614//3226 2615//3234
f 2670//3251 2615//3234 2616//3227
f 2669//3250 2616//3227 2617//3230
f 2668//3249 2617//3230 2618//3222
f 2666//3247 2618//3222 2619//3233
f 2664//3245 2619//3233 2620//3231
f 2663//3244 2620//3231 2652//3218
f 2662//3243 2652//3218 2621//3228
f 2660//3241 2621//3228 2622//3239
f 2658//3238 2622//3239 2623//3236
f 2666//3247 2665//3246 2667//3248
f 2657//3237 2675//3256 2676//3257
f 2662//3243 2677//3258 2678//3259
f 2676//3257 2658//3238 2657//3237
f 2671//3252 2670//3251 2679//3260
f 2661//3242 2682//3261 2677//3258
f 2660//3241 2683//3262 2682//3261
f 2658//3238 2676//3257 2683//3262
f 2657//3237 2674//3255 2675//3256
f 2684//3263 2672//3253 2671//3252
f 2680//3264 2679//3260 2670//3251
f 2670//3251 2669//3250 2680//3264
f 2681//3265 2669//3250 2668//3249
f 2677//3258 2662//3243 2661//3242
f 2682//3261 2661//3242 2660//3241
f 2674//3255 2673//3254 2685//3266
f 2681//3265 2680//3264 2669//3250
f 2664//3245 2678//3259 2686//3267
f 2683//3262 2659//3240 2658//3238
f 2685//3266 2675//3256 2674//3255
f 2673//3254 2672//3253 2685//3266
f 2679//3260 2684//3263 2671//3252
f 2665//3246 2664//3245 2686//3267
f 2683//3262 2660//3241 2659//3240
f 2668//3249 2667//3248 2687//3268
f 2678//3259 2663//3244 2662//3243
f 2684//3263 2685//3266 2672//3253
f 2678//3259 2664//3245 2663//3244
f 2687//3268 2681//3265 2668//3249
f 2687//3268 2667//3248 2665//3246
f 2686//3267 2687//3268 2665//3246
f 2678//3259 2677//3258 2702//3269
f 2679//3260 2680//3264 2701//3270
f 2680//3264 2681//3265 2689//3271
f 2682//3261 2683//3262 2696//3272
f 2684//3263 2679//3260 2701//3270
f 2689//3271 2701//3270 2680//3264
f 2702//3269 2677//3258 2682//3261
f 2696//3272 2702//3269 2682//3261
f 2676//3257 2675//3256 2695//3273
f 2693//3274 2695//3273 2675//3256
f 2685//3266 2684//3263 2693//3274
f 2701//3270 2692//3275 2684//3263
f 2688//3276 2689//3271 2681//3265
f 2700//3277 2688//3276 2687//3268
f 2695//3273 2696//3272 2676//3257
f 2692//3275 2693//3274 2684//3263
f 2688//3276 2681//3265 2687//3268
f 2696//3272 2683//3262 2676//3257
f 2693//3274 2675//3256 2685//3266
f 2702//3269 2699//3278 2678//3259
f 2700//3277 2687//3268 2686//3267
f 2699//3278 2686//3267 2678//3259
f 2699//3278 2700//3277 2686//3267
f 2690//3279 2691//3280 2701//3270
f 2697//3281 2698//3282 2702//3269
f 2689//3271 2690//3279 2701//3270
f 2696//3272 2697//3281 2702//3269
f 2699//3278 2702//3269 2698//3282
f 2695//3273 2693//3274 2694//3283
f 2692//3275 2701//3270 2691//3280
f 2703//3284 2704//3285 2695//3273
f 2704//3285 2705//3286 2697//3281
f 2705//3286 2706//3287 2698//3282
f 2706//3287 2699//3278 2698//3282
f 2706//3287 2700//3277 2699//3278
f 2706//3287 2707//3288 2700//3277
f 2707//3288 2688//3276 2700//3277
f 2707//3288 2708//3289 2688//3276
f 2708//3289 2689//3271 2688//3276
f 2690//3279 2708//3289 2709//3290
f 2709//3290 2691//3280 2690//3279
f 2691//3280 2709//3290 2710//3291
f 2693//3274 2710//3291 2703//3284
f 2703//3284 2694//3283 2693//3274
f 2693//3274 2692//3275 2710//3291
f 2692//3275 2691//3280 2710//3291
f 2690//3279 2689//3271 2708//3289
f 2698//3282 2697//3281 2705//3286
f 2697//3281 2696//3272 2704//3285
f 2696//3272 2695//3273 2704//3285
f 2695//3273 2694//3283 2703//3284
f 2975//3670 3107//3803 3104//3804
f 3106//3805 3107//3803 2970//3669
f 3106//3805 2970//3669 2969//3668
f 2975//3670 2970//3669 3107//3803
f 3104//3804 3108//3806 2975//3670
f 2974//3675 2975//3670 3108//3806
f 3108//3806 3110//3807 2974//3675
f 3105//3808 2969//3668 2971//3671
f 2969//3668 3105//3808 3106//3805
f 3110//3807 2972//3672 2973//3674
f 2972//3672 3110//3807 3111//3809
f 3111//3809 2971//3671 2972//3672
f 2971//3671 3109//3810 3105//3808
f 2973//3674 2974//3675 3110//3807
f 2971//3671 3111//3809 3109//3810
f 3112//3811 3109//3812 3111//3813
f 3114//3814 3111//3813 3110//3815
f 3114//3814 3110//3815 3108//3816
f 3115//3817 3108//3816 3104//3818
f 3117//3819 3116//3820 3104//3818
f 3117//3819 3107//3821 3106//3822
f 3119//3823 3106//3822 3105//3824
f 3119//3823 3105//3824 3109//3812
f 3109//3812 3112//3811 3119//3823
f 3106//3822 3119//3823 3118//3825
f 3106//3822 3118//3825 3117//3819
f 3104//3818 3107//3821 3117//3819
f 3104//3818 3116//3820 3115//3817
f 3108//3816 3115//3817 3114//3814
f 3111//3813 3114//3814 3113//3826
f 3111//3813 3113//3826 3112//3811
f 3112//3827 3113//3828 3121//3829
f 3119//3830 3112//3827 3120//3831
f 3121//3829 3120//3831 3112//3827
f 3117//3832 3118//3833 3123//3834
f 3122//3835 3118//3833 3119//3830
f 3120//3831 3122//3835 3119//3830
f 3116//3836 3123//3834 3124//3837
f 3116//3836 3117//3832 3123//3834
f 3121//3829 3113//3828 3114//3838
f 3122//3835 3123//3834 3118//3833
f 3125//3839 3121//3829 3114//3838
f 3115//3840 3124//3837 3125//3839
f 3125//3839 3114//3838 3115//3840
f 3124//3837 3115//3840 3116//3836
f 3129//3841 3126//3842 3123//3834
f 3128//3843 3127//3844 3122//3835
f 3128//3843 3120//3831 3121//3829
f 3122//3835 3120//3831 3128//3843
f 3124//3837 3123//3834 3126//3842
f 3127//3844 3129//3841 3122//3835
f 3123//3834 3122//3835 3129//3841
f 3124//3837 3126//3842 3130//3845
f 3130//3845 3125//3839 3124//3837
f 3131//3846 3121//3829 3125//3839
f 3125//3839 3130//3845 3131//3846
f 3121//3829 3131//3846 3128//3843
f 3132//3847 3126//3848 3129//3849
f 3133//3850 3129//3849 3127//3851
f 3134//3852 3127//3851 3128//3853
f 3136//3854 3128//3853 3131//3855
f 3138//3856 3131//3855 3130//3857
f 3139//3858 3130//3857 3126//3848
f 3130//3857 3139//3858 3138//3856
f 3131//3855 3138//3856 3137//3859
f 3131//3855 3137//3859 3136//3854
f 3128//3853 3136//3854 3135//3860
f 3128//3853 3135//3860 3134//3852
f 3127//3851 3134//3852 3133//3850
f 3129//3849 3133//3850 3132//3847
f 3126//3848 3132//3847 3139//3858
f 3138//3856 3139//3858 3140//3861
f 3137//3859 3140//3861 3136//3854
f 3134//3852 3135//3860 3136//3862
f 3140//3861 3137//3859 3138//3856
f 3133//3850 3134//3852 3132//3847
f 3134//3852 3136//3862 3132//3847
f 3136//3862 3140//3863 3132//3847
f 3140//3863 3139//3858 3132//3847
f 3144//3864 3145//3865 2980//3660
f 2978//3680 3142//3866 3143//3867
f 3142//3866 2978//3680 2979//3679
f 3143//3867 2976//3676 2978//3680
f 2981//3681 3145//3865 3141//3868
f 2976//3676 3143//3867 3144//3864
f 2981//3681 2980//3660 3145//3865
f 3141//3868 3146//3869 2981//3681
f 3146//3869 3147//3870 2982//3682
f 2977//3678 2982//3682 3147//3870
f 3147//3870 3148//3871 2977//3678
f 3148//3871 2979//3679 2977//3678
f 2980//3660 2976//3676 3144//3864
f 2982//3682 2981//3681 3146//3869
f 2979//3679 3148//3871 3142//3866
f 3150//3872 3142//3873 3148//3874
f 3150//3872 3148//3874 3147//3875
f 3151//3876 3147//3875 3146//3877
f 3153//3878 3146//3877 3141//3879
f 3154//3880 3153//3878 3141//3879
f 3154//3880 3145//3821 3144//3822
f 3156//3881 3144//3822 3143//3882
f 3156//3881 3143//3882 3142//3873
f 3142//3873 3149//3883 3156//3881
f 3144//3822 3156//3881 3155//3825
f 3144//3822 3155//3825 3154//3880
f 3141//3879 3145//3821 3154//3880
f 3146//3877 3153//3878 3152//3884
f 3146//3877 3152//3884 3151//3876
f 3147//3875 3151//3876 3150//3872
f 3142//3873 3150//3872 3149//3883
f 3156//3885 3149//3886 3157//3887
f 3149//3886 3150//3888 3157//3887
f 3152//3889 3160//3890 3159//3891
f 3153//3892 3161//3893 3162//3894
f 3154//3895 3155//3896 3161//3893
f 3155//3896 3156//3885 3158//3897
f 3159//3891 3157//3887 3150//3888
f 3159//3891 3151//3898 3152//3889
f 3153//3892 3162//3894 3160//3890
f 3153//3892 3154//3895 3161//3893
f 3157//3887 3158//3897 3156//3885
f 3160//3890 3152//3889 3153//3892
f 3159//3891 3150//3888 3151//3898
f 3158//3897 3161//3893 3155//3896
f 3168//3899 3163//3900 3161//3893
f 3163//3900 3162//3894 3161//3893
f 3157//3887 3166//3901 3164//3902
f 3164//3902 3158//3897 3157//3887
f 3164//3902 3167//3903 3158//3897
f 3162//3894 3163//3900 3165//3904
f 3167//3903 3168//3899 3158//3897
f 3165//3904 3160//3890 3162//3894
f 3169//3905 3166//3901 3159//3891
f 3161//3893 3158//3897 3168//3899
f 3159//3891 3160//3890 3169//3905
f 3157//3887 3159//3891 3166//3901
f 3160//3890 3165//3904 3169//3905
f 3171//3906 3163//3907 3168//3908
f 3172//3909 3168//3908 3167//3910
f 3173//3911 3167//3910 3164//3912
f 3175//3913 3164//3912 3166//3914
f 3176//3915 3166//3914 3169//3916
f 3177//3917 3169//3916 3165//3918
f 3170//3919 3165//3918 3163//3907
f 3165//3918 3170//3919 3177//3917
f 3169//3916 3177//3917 3176//3915
f 3166//3914 3176//3915 3175//3913
f 3164//3912 3175//3913 3174//3920
f 3164//3912 3174//3920 3173//3911
f 3167//3910 3173//3911 3172//3909
f 3168//3908 3172//3909 3171//3906
f 3163//3907 3171//3906 3170//3919
f 3177//3917 3170//3919 3178//3921
f 3176//3915 3178//3921 3175//3913
f 3173//3911 3174//3920 3172//3909
f 3178//3921 3176//3915 3177//3917
f 3172//3909 3174//3920 3171//3906
f 3174//3920 3175//3913 3171//3906
f 3175//3913 3178//3922 3171//3906
f 3178//3922 3170//3919 3171//3906
f 3182//3923 3180//3924 3020//3694
f 3022//3698 3183//3925 3179//3926
f 3180//3924 3183//3925 3020//3694
f 3181//3927 3182//3923 3021//3695
f 3179//3926 3025//3703 3022//3698
f 3020//3694 3021//3695 3182//3923
f 3022//3698 3020//3694 3183//3925
f 3025//3703 3179//3926 3184//3928
f 3184//3928 3024//3697 3025//3703
f 3186//3929 3026//3701 3024//3697
f 3186//3929 3023//3699 3026//3701
f 3024//3697 3184//3928 3185//3930
f 3024//3697 3185//3930 3186//3929
f 3023//3699 3186//3929 3181//3927
f 3021//3695 3023//3699 3181//3927
f 3188//3931 3181//3932 3186//3933
f 3188//3931 3186//3933 3185//3934
f 3189//3935 3185//3934 3184//3936
f 3190//3937 3184//3936 3179//3938
f 3192//3939 3191//3820 3179//3938
f 3192//3939 3183//3940 3180//3941
f 3193//3942 3180//3941 3182//3943
f 3194//3944 3182//3943 3181//3932
f 3181//3932 3187//3883 3194//3944
f 3182//3943 3194//3944 3193//3942
f 3180//3941 3193//3942 3192//3939
f 3179//3938 3183//3940 3192//3939
f 3179//3938 3191//3820 3190//3937
f 3184//3936 3190//3937 3189//3935
f 3185//3934 3189//3935 3188//3931
f 3181//3932 3188//3931 3187//3883
f 3188//3945 3189//3946 3195//3947
f 3189//3946 3190//3948 3196//3949
f 3197//3950 3187//3886 3188//3945
f 3196//3949 3195//3947 3189//3946
f 3194//3885 3197//3950 3199//3951
f 3195//3947 3197//3950 3188//3945
f 3191//3952 3192//3953 3198//3954
f 3193//3955 3199//3951 3198//3954
f 3198//3954 3192//3953 3193//3955
f 3197//3950 3194//3885 3187//3886
f 3191//3952 3198//3954 3196//3949
f 3199//3951 3193//3955 3194//3885
f 3196//3949 3190//3948 3191//3952
f 3202//3956 3200//3957 3198//3954
f 3195//3947 3196//3949 3201//3958
f 3204//3959 3205//3960 3197//3950
f 3205//3960 3199//3951 3197//3950
f 3205//3960 3202//3956 3199//3951
f 3196//3949 3198//3954 3200//3957
f 3201//3958 3204//3959 3195//3947
f 3198//3954 3199//3951 3202//3956
f 3196//3949 3203//3961 3201//3958
f 3197//3950 3195//3947 3204//3959
f 3196//3949 3200//3957 3203//3961
f 3206//3962 3200//3848 3202//2226
f 3207//2218 3202//2226 3205//3963
f 3208//2219 3205//3963 3204//2228
f 3209//3964 3204//2228 3201//3965
f 3211//3966 3201//3965 3203//3967
f 3212//3968 3203//3967 3200//3848
f 3203//3967 3212//3968 3211//3966
f 3201//3965 3211//3966 3210//3969
f 3201//3965 3210//3969 3209//3964
f 3204//2228 3209//3964 3208//2219
f 3205//3963 3208//2219 3207//2218
f 3202//2226 3207//2218 3206//3962
f 3200//3848 3206//3962 3212//3968
f 3211//3966 3212//3968 3213//3970
f 3210//3969 3213//3970 3209//3964
f 3213//3970 3210//3969 3211//3966
f 3207//2218 3208//2219 3206//3962
f 3208//2219 3209//3964 3206//3962
f 3209//3964 3213//3971 3206//3962
f 3213//3971 3212//3968 3206//3962
f 3215//3972 2948//3645 2950//3649
f 3215//3972 3218//3973 2948//3645
f 3218//3973 3219//3974 2952//3651
f 3216//3975 2949//3648 2951//3647
f 2950//3649 3214//3976 3215//3972
f 2952//3651 2948//3645 3218//3973
f 3217//3977 2950//3649 2949//3648
f 2951//3647 2953//3652 3220//3978
f 2953//3652 2952//3651 3219//3974
f 2953//3652 3219//3974 3220//3978
f 2949//3648 3216//3975 3217//3977
f 2951//3647 3220//3978 3216//3975
f 2950//3649 3217//3977 3214//3976
f 3221//3979 3214//3980 3217//3981
f 3223//3982 3217//3981 3216//3983
f 3224//3984 3216//3983 3220//3985
f 3225//3986 3220//3985 3219//3987
f 3226//3988 3219//3987 3218//3989
f 3228//3990 3218//3989 3215//3991
f 3221//3979 3215//3991 3214//3980
f 3215//3991 3221//3979 3228//3990
f 3218//3989 3228//3990 3227//3992
f 3218//3989 3227//3992 3226//3988
f 3219//3987 3226//3988 3225//3986
f 3220//3985 3225//3986 3224//3984
f 3216//3983 3224//3984 3223//3982
f 3217//3981 3223//3982 3222//3993
f 3217//3981 3222//3993 3221//3979
f 3222//3994 3223//3995 3229//3996
f 3223//3995 3224//3997 3229//3996
f 3227//3998 3232//3999 3233//4000
f 3228//4001 3221//4002 3230//4003
f 3224//3997 3225//4004 3231//4005
f 3221//4002 3222//3994 3230//4003
f 3231//4005 3229//3996 3224//3997
f 3225//4004 3234//4006 3231//4005
f 3232//3999 3227//3998 3228//4001
f 3229//3996 3230//4003 3222//3994
f 3225//4004 3226//4007 3234//4006
f 3233//4000 3226//4007 3227//3998
f 3226//4007 3233//4000 3234//4006
f 3230//4003 3232//3999 3228//4001
f 3236//4008 3237//4009 3232//3999
f 3237//4009 3233//4000 3232//3999
f 3229//3996 3239//4010 3235//4011
f 3238//4012 3239//4010 3231//4005
f 3237//4009 3234//4006 3233//4000
f 3234//4006 3237//4009 3238//4012
f 3229//3996 3231//4005 3239//4010
f 3240//4013 3236//4008 3232//3999
f 3232//3999 3230//4003 3240//4013
f 3231//4005 3234//4006 3238//4012
f 3240//4013 3230//4003 3229//3996
f 3229//3996 3235//4011 3240//4013
f 3241//4014 3238//4015 3237//4016
f 3243//4017 3237//4016 3236//4018
f 3244//4019 3236//4018 3240//4020
f 3246//4021 3240//4020 3235//4022
f 3247//4023 3235//4022 3239//4024
f 3249//4025 3239//4024 3238//4015
f 3238//4015 3241//4014 3249//4025
f 3239//4024 3249//4025 3248//4026
f 3239//4024 3248//4026 3247//4023
f 3235//4022 3247//4023 3246//4021
f 3240//4020 3246//4021 3245//4027
f 3240//4020 3245//4027 3244//4019
f 3236//4018 3244//4019 3243//4017
f 3237//4016 3243//4017 3242//4028
f 3237//4016 3242//4028 3241//4014
f 3249//4025 3241//4014 3248//4026
f 3247//4023 3248//4026 3246//4021
f 3244//4019 3245//4027 3243//4017
f 3242//4028 3243//4017 3241//4014
f 3241//4014 3243//4029 3248//4026
f 3243//4029 3245//4027 3248//4026
f 3245//4027 3246//4021 3248//4026
f 3901//4597 3786//4483 3781//4477
f 3902//4598 3782//4478 3783//4476
f 3904//4599 3779//4475 3785//4481
f 3905//4600 3785//4481 3784//4482
f 3907//4601 3784//4482 3786//4483
f 3907//4601 3786//4483 3901//4597
f 3909//4602 3901//4597 3781//4477
f 3909//4602 3781//4477 3780//4479
f 3910//4603 3780//4479 3782//4478
f 3911//4604 3782//4478 3902//4598
f 3912//4605 3902//4598 3783//4476
f 3913//4606 3783//4476 3779//4475
f 3779//4475 3903//4607 3913//4606
f 3783//4476 3913//4606 3912//4605
f 3902//4598 3912//4605 3911//4604
f 3782//4478 3911//4604 3910//4603
f 3780//4479 3910//4603 3909//4602
f 3901//4597 3909//4602 3908//4608
f 3901//4597 3908//4608 3907//4601
f 3784//4482 3907//4601 3906//4609
f 3784//4482 3906//4609 3905//4600
f 3785//4481 3905//4600 3904//4599
f 3779//4475 3904//4599 3903//4607
f 3913//4606 3903//4607 3912//4605
f 3909//4602 3910//4603 3908//4608
f 3904//4599 3905//4600 3903//4607
f 3905//4600 3906//4609 3903//4607
f 3906//4609 3907//4601 3903//4607
f 3907//4601 3908//4608 3903//4607
f 3908//4608 3910//4603 3903//4607
f 3910//4603 3911//4604 3903//4607
f 3911//4604 3912//4605 3903//4607
f 3914//4610 3752//4455 3753//4454
f 3915//4611 3749//4452 3750//4453
f 3916//4612 3751//4450 3748//4449
f 3917//4613 3748//4449 3752//4455
f 3918//4614 3752//4455 3914//4610
f 3919//4615 3914//4610 3753//4454
f 3920//4616 3753//4454 3749//4452
f 3921//4617 3749//4452 3915//4611
f 3921//4617 3915//4611 3750//4453
f 3922//4618 3750//4453 3754//4457
f 3923//4619 3754//4457 3755//4456
f 3924//4620 3755//4456 3751//4450
f 3925//4621 3751//4450 3916//4612
f 3926//4622 3916//4612 3748//4449
f 3748//4449 3917//4613 3926//4622
f 3916//4612 3926//4622 3925//4621
f 3751//4450 3925//4621 3924//4620
f 3755//4456 3924//4620 3923//4619
f 3754//4457 3923//4619 3922//4618
f 3750//4453 3922//4618 3921//4617
f 3749//4452 3921//4617 3920//4616
f 3753//4454 3920//4616 3919//4615
f 3914//4610 3919//4615 3918//4614
f 3752//4455 3918//4614 3917//4613
f 3926//4622 3917//4613 3925//4621
f 3924//4620 3925//4621 3923//4619
f 3919//4615 3920//4616 3918//4614
f 3918//4614 3920//4616 3917//4613
f 3920//4616 3921//4617 3917//4613
f 3921//4617 3922//4618 3917//4613
f 3922//4618 3923//4619 3917//4613
f 3923//4619 3925//4621 3917//4613
f 3927//4623 3791//4489 3793//4488
f 3928//4624 3790//4490 3792//4491
f 3929//4625 3787//4485 3788//4484
f 3930//4626 3788//4484 3791//4489
f 3930//4626 3791//4489 3927//4623
f 3931//4627 3927//4623 3793//4488
f 3933//4628 3793//4488 3790//4490
f 3935//4629 3790//4490 3928//4624
f 3936//4630 3928//4624 3792//4491
f 3937//4631 3792//4491 3794//4492
f 3938//4632 3794//4492 3789//4486
f 3939//4633 3789//4486 3787//4485
f 3787//4485 3929//4625 3939//4633
f 3789//4486 3939//4633 3938//4632
f 3794//4492 3938//4632 3937//4631
f 3792//4491 3937//4631 3936//4630
f 3928//4624 3936//4630 3935//4629
f 3790//4490 3935//4629 3934//4634
f 3790//4490 3934//4634 3933//4628
f 3793//4488 3933//4628 3932//4635
f 3793//4488 3932//4635 3931//4627
f 3927//4623 3931//4627 3930//4626
f 3788//4484 3930//4626 3929//4625
f 3937//4631 3938//4632 3936//4630
f 3933//4628 3934//4634 3932//4635
f 3930//4626 3931//4627 3929//4625
f 3929//4625 3931//4627 3939//4633
f 3931//4627 3932//4635 3939//4633
f 3932//4635 3934//4634 3939//4633
f 3934//4634 3935//4629 3939//4633
f 3935//4629 3936//4630 3939//4633
f 3936//4630 3938//4632 3939//4633
f 3940//4636 3801//4501 3802//4407
f 3941//4637 3800//4497 3798//4496
f 3800//4497 3941//4637 3802//4407
f 3801//4501 3940//4636 3797//4499
f 3942//4638 3799//4498 3796//4495
f 3944//4639 3796//4495 3795//4493
f 3946//4640 3795//4493 3797//4499
f 3946//4640 3797//4499 3940//4636
f 3948//4641 3940//4636 3802//4407
f 3949//4642 3802//4407 3941//4637
f 3950//4643 3941//4637 3798//4496
f 3951//4644 3798//4496 3799//4498
f 3799//4498 3942//4638 3951//4644
f 3798//4496 3951//4644 3950//4643
f 3941//4637 3950//4643 3949//4642
f 3802//4407 3949//4642 3948//4641
f 3940//4636 3948//4641 3947//4645
f 3940//4636 3947//4645 3946//4640
f 3795//4493 3946//4640 3945//4646
f 3795//4493 3945//4646 3944//4639
f 3796//4495 3944//4639 3943//4647
f 3796//4495 3943//4647 3942//4638
f 3946//4640 3947//4645 3945//4646
f 3943//4647 3944//4639 3942//4638
f 3944//4639 3945//4646 3942//4638
f 3945//4646 3947//4645 3942//4638
f 3947//4645 3948//4641 3942//4638
f 3948//4641 3949//4642 3942//4638
f 3949//4642 3950//4643 3942//4638
f 3950//4643 3951//4644 3942//4638
f 3952//4648 3756//4286 3757//4458
f 3756//4286 3952//4648 3759//4461
f 3953//4649 3763//4463 3762//4462
f 3954//4650 3762//4462 3760//4460
f 3955//4651 3760//4460 3758//4459
f 3956//4652 3758//4459 3759//4461
f 3957//4653 3759//4461 3952//4648
f 3959//4654 3952//4648 3757//4458
f 3960//4655 3757//4458 3761//4464
f 3961//4656 3761//4464 3763//4463
f 3761//4464 3961//4656 3960//4655
f 3757//4458 3960//4655 3959//4654
f 3952//4648 3959//4654 3958//4657
f 3952//4648 3958//4657 3957//4653
f 3759//4461 3957//4653 3956//4652
f 3758//4459 3956//4652 3955//4651
f 3760//4460 3955//4651 3954//4650
f 3762//4462 3954//4650 3953//4649
f 3763//4463 3953//4649 3961//4656
f 3959//4654 3960//4655 3958//4657
f 3955//4651 3956//4652 3954//4650
f 3956//4652 3957//4653 3954//4650
f 3957//4653 3958//4657 3954//4650
f 3958//4657 3960//4655 3954//4650
f 3960//4655 3961//4656 3954//4650
f 3961//4656 3953//4649 3954//4650
f 4284//4997 4354//4998 4285//4999
f 4286//5000 4285//4999 4287//5001
f 4289//5002 4356//5003 4290//5004
f 4295//5005 4288//5006 4289//5002
f 4296//5007 4360//5008 4283//5009
f 4297//5010 4361//5011 4362//5012
f 4298//5013 4362//5012 4293//5014
f 4299//5015 4293//5014 4294//5016
f 4300//5017 4294//5016 4358//5018
f 4301//5019 4283//5009 4284//4997
f 4302//5020 4281//5021 4282//5022
f 4301//5019 4284//4997 4286//5000
f 4303//5023 4287//5001 4295//5005
f 4304//5024 4289//5002 4290//5004
f 4305//5025 4286//5000 4287//5001
f 4306//5026 4279//5027 4280//5028
f 4306//5026 4280//5028 4302//5020
f 4307//5029 4282//5022 4296//5007
f 4308//5030 4296//5007 4301//5019
f 4309//5031 4295//5005 4304//5024
f 4310//5032 4290//5004 4292//5033
f 4310//5032 4292//5033 4297//5010
f 4311//5034 4298//5013 4299//5015
f 4312//5035 4299//5015 4300//5017
f 4313//5036 4300//5017 4279//5027
f 4314//5037 4301//5019 4305//5025
f 4316//5038 4307//5029 4308//5030
f 4317//5039 4301//5019 4314//5037
f 4320//5040 4304//5024 4310//5032
f 4322//5041 4312//5035 4313//5036
f 4323//5042 4313//5036 4306//5026
f 4326//5043 4307//5029 4316//5038
f 4328//5044 4297//5010 4325//5045
f 4329//5046 4306//5026 4315//5047
f 4330//5048 4308//5030 4317//5039
f 4331//5049 4311//5034 4312//5035
f 4332//5050 4313//5036 4323//5042
f 4333//5051 4303//5023 4324//5052
f 4324//5052 4309//5031 4320//5040
f 4334//5053 4320//5040 4321//5054
f 4327//5055 4310//5032 4328//5044
f 4331//5049 4312//5035 4322//5041
f 4336//5056 4319//5057 4333//5051
f 4338//5058 4320//5040 4334//5053
f 4339//5059 4322//5041 4332//5050
f 4341//5060 4315//5047 4326//5043
f 4342//5061 4316//5038 4330//5048
f 4343//5062 4325//5045 4331//5049
f 4340//5063 4323//5042 4329//5046
f 4344//5064 4317//5039 4314//5037
f 4345//5065 4318//5066 4336//5056
f 4346//5067 4321//5054 4327//5055
f 4347//5068 4322//5041 4339//5059
f 4342//5061 4330//5048 4344//5064
f 4337//5069 4324//5052 4338//5058
f 4348//5070 4336//5056 4337//5069
f 4338//5058 4334//5053 4346//5067
f 4349//5071 4327//5055 4328//5044
f 4349//5071 4328//5044 4343//5062
f 4339//5059 4332//5050 4340//5063
f 4350//5072 4340//5063 4341//5060
f 4351//5073 4341//5060 4335//5074
f 4352//5075 4335//5074 4342//5061
f 4353//5076 4342//5061 4344//5064
f 4354//4998 4345//5065 4348//5070
f 4355//5077 4337//5069 4338//5058
f 4356//5003 4338//5058 4346//5067
f 4357//5078 4346//5067 4349//5071
f 4359//5079 4348//5070 4337//5069
f 4359//5079 4337//5069 4355//5077
f 4294//5016 4339//5059 4358//5018
f 4360//5008 4352//5075 4353//5076
f 4285//4999 4348//5070 4359//5079
f 4361//5011 4349//5071 4343//5062
f 4280//5028 4350//5072 4351//5073
f 4281//5021 4351//5073 4352//5075
f 4282//5022 4352//5075 4360//5008
f 4283//5009 4353//5076 4344//5064
f 4284//4997 4344//5064 4354//4998
f 4288//5006 4355//5077 4356//5003
f 4362//5012 4343//5062 4347//5068
f 4293//5014 4347//5068 4294//5016
f 4287//5001 4359//5079 4288//5006
f 4290//5004 4357//5078 4291//5080
f 4292//5033 4291//5080 4361//5011
f 4357//5078 4290//5004 4356//5003
f 4359//5079 4287//5001 4285//4999
f 4355//5077 4288//5006 4359//5079
f 4350//5072 4279//5027 4358//5018
f 4347//5068 4293//5014 4362//5012
f 4344//5064 4284//4997 4283//5009
f 4353//5076 4283//5009 4360//5008
f 4352//5075 4282//5022 4281//5021
f 4351//5073 4281//5021 4280//5028
f 4350//5072 4280//5028 4279//5027
f 4343//5062 4362//5012 4361//5011
f 4349//5071 4361//5011 4291//5080
f 4348//5070 4285//4999 4354//4998
f 4339//5059 4294//5016 4347//5068
f 4349//5071 4291//5080 4357//5078
f 4338//5058 4356//5003 4355//5077
f 4345//5065 4354//4998 4344//5064
f 4346//5067 4357//5078 4356//5003
f 4340//5063 4350//5072 4358//5018
f 4340//5063 4358//5018 4339//5059
f 4342//5061 4353//5076 4352//5075
f 4335//5074 4352//5075 4351//5073
f 4341//5060 4351//5073 4350//5072
f 4336//5056 4348//5070 4345//5065
f 4331//5049 4347//5068 4343//5062
f 4327//5055 4349//5071 4346//5067
f 4326//5043 4335//5074 4341//5060
f 4329//5046 4341//5060 4340//5063
f 4333//5051 4337//5069 4336//5056
f 4314//5037 4345//5065 4344//5064
f 4322//5041 4347//5068 4331//5049
f 4321//5054 4346//5067 4334//5053
f 4318//5066 4345//5065 4314//5037
f 4317//5039 4344//5064 4330//5048
f 4323//5042 4340//5063 4332//5050
f 4325//5045 4343//5062 4328//5044
f 4316//5038 4342//5061 4335//5074
f 4315//5047 4341//5060 4329//5046
f 4320//5040 4338//5058 4324//5052
f 4324//5052 4337//5069 4333//5051
f 4319//5057 4336//5056 4318//5066
f 4316//5038 4335//5074 4326//5043
f 4303//5023 4333//5051 4319//5057
f 4307//5029 4326//5043 4315//5047
f 4306//5026 4329//5046 4323//5042
f 4313//5036 4332//5050 4322//5041
f 4311//5034 4331//5049 4325//5045
f 4308//5030 4330//5048 4316//5038
f 4297//5010 4328//5044 4310//5032
f 4310//5032 4327//5055 4321//5054
f 4305//5025 4319//5057 4318//5066
f 4311//5034 4325//5045 4297//5010
f 4304//5024 4320//5040 4309//5031
f 4309//5031 4324//5052 4303//5023
f 4310//5032 4321//5054 4320//5040
f 4303//5023 4319//5057 4305//5025
f 4305//5025 4318//5066 4314//5037
f 4301//5019 4317//5039 4308//5030
f 4302//5020 4307//5029 4315//5047
f 4302//5020 4315//5047 4306//5026
f 4279//5027 4306//5026 4313//5036
f 4300//5017 4313//5036 4312//5035
f 4299//5015 4312//5035 4311//5034
f 4298//5013 4311//5034 4297//5010
f 4290//5004 4310//5032 4304//5024
f 4295//5005 4309//5031 4303//5023
f 4287//5001 4303//5023 4305//5025
f 4286//5000 4305//5025 4301//5019
f 4296//5007 4308//5030 4307//5029
f 4282//5022 4307//5029 4302//5020
f 4289//5002 4304//5024 4295//5005
f 4281//5021 4302//5020 4280//5028
f 4293//5014 4299//5015 4298//5013
f 4283//5009 4301//5019 4296//5007
f 4358//5018 4279//5027 4300//5017
f 4294//5016 4300//5017 4299//5015
f 4362//5012 4298//5013 4297//5010
f 4361//5011 4297//5010 4292//5033
f 4291//5080 4292//5033 4290//5004
f 4288//5006 4295//5005 4287//5001
f 4285//4999 4286//5000 4284//4997
f 4360//5008 4296//5007 4282//5022
f 4356//5003 4289//5002 4288//5006
f 4651//5396 4647//5397 4649//5398
f 4647//5397 4648//5399 4649//5398
f 4650//5400 4651//5396 4649//5398
f 4652//5401 4651//5402 4650//5400
f 4653//5403 4649//5398 4648//5399
f 4654//5404 4647//5397 4651//5402
f 4651//5402 4655//5405 4656//5406
f 4654//5404 4656//5406 4657//5407
f 4648//5399 4657//5407 4658//5408
f 4649//5398 4658//5408 4659//5409
f 4652//5401 4659//5409 4655//5405
f 4655//5405 4651//5402 4652//5401
f 4659//5409 4652//5401 4650//5400
f 4659//5409 4650//5400 4649//5398
f 4658//5408 4649//5398 4653//5403
f 4658//5408 4653//5403 4648//5399
f 4657//5407 4648//5399 4647//5397
f 4657//5407 4647//5397 4654//5404
f 4656//5406 4654//5404 4651//5402
f 4657//5410 4656//5411 4666//5412
f 4656//5411 4661//5413 4660//5414
f 4655//5415 4659//5416 4662//5417
f 4660//5414 4666//5412 4656//5411
f 4661//5413 4656//5411 4655//5415
f 4662//5417 4661//5413 4655//5415
f 4659//5416 4663//5418 4662//5417
f 4658//5419 4664//5420 4663//5418
f 4658//5419 4665//5421 4664//5420
f 4665//5421 4658//5419 4657//5410
f 4663//5418 4659//5416 4658//5419
f 4666//5412 4665//5421 4657//5410
f 4668//5422 4667//5423 4665//5421
f 4667//5423 4669//5424 4664//5420
f 4670//5425 4660//5414 4661//5413
f 4665//5421 4666//5412 4668//5422
f 4670//5425 4661//5413 4662//5417
f 4660//5414 4670//5425 4671//5426
f 4669//5424 4663//5418 4664//5420
f 4662//5417 4673//5427 4670//5425
f 4671//5426 4668//5422 4666//5412
f 4664//5420 4665//5421 4667//5423
f 4663//5418 4669//5424 4672//5428
f 4663//5418 4672//5428 4673//5427
f 4673//5427 4662//5417 4663//5418
f 4666//5412 4660//5414 4671//5426
f 4667//5429 4674//5430 4675//5431
f 4672//5432 4675//5431 4676//5433
f 4673//5434 4676//5433 4677//5435
f 4673//5434 4677//5435 4678//5436
f 4670//5437 4678//5436 4679//5438
f 4671//5439 4679//5438 4680//5440
f 4668//5441 4680//5440 4681//5442
f 4667//5429 4681//5442 4674//5430
f 4681//5442 4667//5429 4668//5441
f 4680//5440 4668//5441 4671//5439
f 4679//5438 4671//5439 4670//5437
f 4678//5436 4670//5437 4673//5434
f 4676//5433 4673//5434 4672//5432
f 4675//5431 4672//5432 4669//5443
f 4675//5431 4669//5443 4667//5429
f 4677//1873 4676//1873 4682//1873
f 4678//1873 4677//1873 4683//1873
f 4679//1873 4678//1873 4685//1873
f 4680//1873 4685//1873 4684//1873
f 4683//1873 4685//1873 4678//1873
f 4682//1873 4683//1873 4677//1873
f 4676//1873 4675//1873 4682//1873
f 4674//1873 4684//1873 4686//1873
f 4686//1873 4682//1873 4675//1873
f 4684//1873 4681//1873 4680//1873
f 4686//1873 4675//1873 4674//1873
f 4680//1873 4679//1873 4685//1873
f 4684//1873 4674//1873 4681//1873
f 4683//5444 4687//5445 4688//5446
f 4683//5444 4688//5446 4689//5447
f 4685//5448 4689//5447 4690//5449
f 4684//5450 4690//5449 4691//5451
f 4684//5450 4691//5451 4692//5452
f 4686//5453 4692//5452 4693//5454
f 4686//5453 4693//5454 4694//5455
f 4682//5456 4694//5455 4695//5457
f 4682//5456 4695//5457 4696//5458
f 4682//5456 4696//5458 4687//5445
f 4687//5445 4683//5444 4682//5456
f 4694//5455 4682//5456 4686//5453
f 4692//5452 4686//5453 4684//5450
f 4690//5449 4684//5450 4685//5448
f 4689//5447 4685//5448 4683//5444
f 4756//5520 4754//5521 4750//5522
f 4758//5523 4750//5522 4749//5524
f 4760//5525 4749//5524 4753//5526
f 4762//5527 4761//5528 4753//5526
f 4763//5529 4762//5527 4748//5530
f 4764//5531 4763//5529 4748//5530
f 4765//5532 4764//5531 4751//5533
f 4756//5520 4765//5532 4751//5533
f 4751//5533 4754//5521 4756//5520
f 4748//5530 4751//5533 4764//5531
f 4752//5534 4748//5530 4762//5527
f 4753//5526 4752//5534 4762//5527
f 4753//5526 4761//5528 4760//5525
f 4749//5524 4760//5525 4759//5535
f 4749//5524 4759//5535 4758//5523
f 4750//5522 4758//5523 4757//5536
f 4750//5522 4757//5536 4756//5520
f 4764//5531 4765//5532 4763//5529
f 4758//5523 4759//5535 4757//5536
f 4760//5525 4756//5520 4757//5536
f 4757//5536 4759//5535 4760//5525
f 4761//5528 4762//5527 4760//5525
f 4762//5527 4763//5529 4760//5525
f 4763//5529 4765//5532 4760//5525
f 4765//5532 4756//5520 4760//5525
f 4964//5766 4960//5759 4959//5765
f 4965//5767 4959//5765 4958//5757
f 4965//5767 4958//5757 4957//5755
f 4967//5768 4957//5755 4963//5764
f 4968//5769 4963//5764 4962//5763
f 4969//5770 4962//5763 4961//5761
f 4969//5770 4961//5761 4960//5759
f 4960//5759 4964//5766 4969//5770
f 4962//5763 4969//5770 4968//5769
f 4963//5764 4968//5769 4967//5768
f 4957//5755 4967//5768 4966//5771
f 4957//5755 4966//5771 4965//5767
f 4959//5765 4965//5767 4964//5766
f 4967//1873 4968//1873 4970//1873
f 4970//1873 4971//1873 4967//1873
f 4971//1873 4972//1873 4967//1873
f 4972//1873 4973//1873 4965//1873
f 4974//1873 4970//1873 4968//1873
f 4966//1873 4967//1873 4972//1873
f 4965//1873 4966//1873 4972//1873
f 4975//1873 4964//1873 4965//1873
f 4976//1873 4969//1873 4964//1873
f 4974//1873 4968//1873 4969//1873
f 4965//1873 4973//1873 4975//1873
f 4969//1873 4977//1873 4974//1873
f 4969//1873 4976//1873 4977//1873
f 4964//1873 4975//1873 4976//1873
f 4978//5772 4971//5773 4970//5774
f 4979//5775 4970//5774 4974//5776
f 4981//5777 4974//5776 4977//5778
f 4981//5777 4977//5778 4976//5779
f 4982//5780 4976//5779 4975//5781
f 4983//5782 4975//5781 4973//5783
f 4984//5784 4973//5783 4972//5785
f 4985//5786 4972//5785 4971//5773
f 4971//5773 4978//5772 4985//5786
f 4972//5785 4985//5786 4984//5784
f 4973//5783 4984//5784 4983//5782
f 4975//5781 4983//5782 4982//5780
f 4976//5779 4982//5780 4981//5777
f 4974//5776 4981//5777 4980//5787
f 4974//5776 4980//5787 4979//5775
f 4970//5774 4979//5775 4978//5772
f 4983//5788 4984//5789 4987//5790
f 4979//5791 4989//5792 4988//5793
f 4980//5794 4981//5795 4986//5796
f 4981//5795 4982//5797 4990//5798
f 4987//5790 4991//5799 4983//5788
f 4980//5794 4986//5796 4989//5792
f 4990//5798 4986//5796 4981//5795
f 4987//5790 4984//5789 4985//5800
f 4988//5793 4978//5801 4979//5791
f 4982//5797 4983//5788 4990//5798
f 4985//5800 4992//5802 4987//5790
f 4978//5801 4988//5793 4992//5802
f 4992//5802 4985//5800 4978//5801
f 4989//5792 4979//5791 4980//5794
f 4991//5799 4990//5798 4983//5788
f 4994//5803 4993//5804 4988//5793
f 4994//5803 4988//5793 4989//5792
f 4992//5802 4988//5793 4993//5804
f 4995//5805 4991//5799 4987//5790
f 4997//5806 4986//5796 4990//5798
f 4993//5804 4995//5805 4987//5790
f 4989//5792 4996//5807 4994//5803
f 4987//5790 4992//5802 4993//5804
f 4990//5798 4991//5799 4998//5808
f 4989//5792 4986//5796 4996//5807
f 4991//5799 4995//5805 4998//5808
f 4998//5808 4997//5806 4990//5798
f 4986//5796 4997//5806 4996//5807
f 4999//5809 4998//5810 4995//5811
f 5001//5812 4995//5811 4993//5813
f 5003//5814 4993//5813 4994//5815
f 5003//5814 4994//5815 4996//5816
f 5005//5817 4996//5816 4997//5818
f 5006//5819 4997//5818 4998//5810
f 4998//5810 4999//5809 5006//5819
f 4997//5818 5006//5819 5005//5817
f 4996//5816 5005//5817 5004//5820
f 4996//5816 5004//5820 5003//5814
f 4993//5813 5003//5814 5002//5821
f 4993//5813 5002//5821 5001//5812
f 4995//5811 5001//5812 5000//5822
f 4995//5811 5000//5822 4999//5809
f 5006//5819 4999//5809 5005//5817
f 5001//5812 5002//5821 5000//5822
f 5002//5821 5003//5814 5000//5822
f 5003//5814 5004//5820 5000//5822
f 5004//5820 5005//5817 5000//5822
f 5005//5817 4999//5809 5000//5822
f 5083//5900 5031//5856 5030//5858
f 5084//5901 5026//5857 5028//5902
f 5085//5903 5028//5902 5027//5904
f 5086//5905 5027//5904 5029//5851
f 5027//5904 5086//5905 5085//5903
f 5087//5906 5031//5856 5083//5900
f 5088//5907 5083//5900 5030//5858
f 5089//5908 5030//5858 5032//5859
f 5090//5909 5032//5859 5026//5857
f 5090//5909 5026//5857 5084//5901
f 5091//5910 5084//5901 5028//5902
f 5092//5911 5028//5902 5085//5903
f 5093//5912 5085//5903 5086//5905
f 5094//5913 5086//5905 5029//5851
f 5095//5914 5029//5851 5031//5856
f 5031//5856 5087//5906 5095//5914
f 5029//5851 5095//5914 5094//5913
f 5086//5905 5094//5913 5093//5912
f 5085//5903 5093//5912 5092//5911
f 5028//5902 5092//5911 5091//5910
f 5084//5901 5091//5910 5090//5909
f 5032//5859 5090//5909 5089//5908
f 5030//5858 5089//5908 5088//5907
f 5083//5900 5088//5907 5087//5906
f 5088//5907 5089//5908 5087//5906
f 5087//5906 5089//5908 5094//5913
f 5089//5908 5090//5909 5094//5913
f 5090//5909 5091//5910 5094//5913
f 5091//5910 5092//5911 5094//5913
f 5092//5911 5093//5912 5094//5913
f 5095//5914 5087//5906 5094//5913
f 5426//6299 5427//6300 5432//6301
f 5427//6300 5428//6302 5432//6301
f 5428//6302 5429//6303 5432//6301
f 5429//6303 5430//3551 5432//6301
f 5430//3551 5431//6304 5432//6301
f 5434//6305 5432//6301 5431//6304
f 5435//6306 5431//6304 5430//6307
f 5436//6308 5430//6307 5429//6309
f 5437//6310 5429//6309 5428//6311
f 5439//6312 5428//6311 5427//6313
f 5433//6314 5426//6299 5432//6301
f 5426//6299 5433//6314 5440//6315
f 5426//6299 5440//6315 5427//6300
f 5428//6311 5439//6312 5438//6316
f 5428//6311 5438//6316 5437//6310
f 5429//6309 5437//6310 5436//6308
f 5430//6307 5436//6308 5435//6306
f 5431//6304 5435//6306 5434//6305
f 5432//6301 5434//6305 5433//6314
f 5440//6317 5441//6318 5442//6319
f 5439//6312 5442//6319 5443//6320
f 5438//6321 5443//6320 5444//6322
f 5437//6323 5444//6322 5445//6324
f 5436//6325 5445//6324 5446//6326
f 5435//6327 5446//6326 5447//6328
f 5434//6329 5447//6328 5441//6318
f 5441//6318 5433//6330 5434//6329
f 5447//6328 5434//6329 5435//6327
f 5446//6326 5435//6327 5436//6325
f 5445//6324 5436//6325 5437//6323
f 5444//6322 5437//6323 5438//6321
f 5443//6320 5438//6321 5439//6312
f 5442//6319 5439//6312 5427//6313
f 5442//6319 5427//6313 5440//6317
f 5441//6318 5440//6317 5433//6330
f 5500//6400 5495//6391 5496//6392
f 5501//6401 5496//6392 5497//6394
f 5502//6402 5498//6396 5499//6397
f 5502//6402 5499//6397 5492//6387
f 5502//6402 5492//6387 5493//6386
f 5497//6394 5498//6396 5504//6403
f 5504//6403 5505//6404 5497//6394
f 5501//6401 5505//6404 5506//6405
f 5501//6401 5497//6394 5505//6404
f 5506//6405 5509//6406 5507//6407
f 5508//6408 5507//6407 5509//6406
f 5498//6396 5502//6402 5510//6409
f 5502//6402 5509//6406 5510//6409
f 5502//6402 5508//6408 5509//6406
f 5511//6410 5515//6411 5512//6412
f 5511//6410 5512//6412 5513//6413
f 5513//6413 5514//6414 5495//6391
f 5495//6391 5500//6400 5513//6413
f 5500//6400 5511//6410 5513//6413
f 5514//6414 5494//6389 5495//6391
f 5494//6389 5514//6414 5516//6415
f 5503//6416 5493//6386 5515//6411
f 5493//6386 5494//6389 5516//6415
f 5516//6415 5515//6411 5493//6386
f 5515//6411 5511//6410 5503//6416
f 5510//6409 5504//6403 5498//6396
f 5506//6405 5507//6407 5501//6401
f 5493//6386 5503//6416 5502//6402
f 5496//6392 5501//6401 5500//6400
f 5503//6417 5521//6418 5517//6419
f 5502//6420 5517//6419 5518//6421
f 5508//6422 5518//6421 5519//6423
f 5501//6424 5519//6423 5520//6425
f 5500//6426 5520//6425 5521//6418
f 5521//6418 5511//6427 5500//6426
f 5520//6425 5500//6426 5501//6424
f 5519//6423 5501//6424 5507//6428
f 5519//6423 5507//6428 5508//6422
f 5518//6421 5508//6422 5502//6420
f 5517//6419 5502//6420 5503//6417
f 5521//6418 5503//6417 5511//6427
f 5519//6423 5518//6429 5520//6425
f 5518//6429 5517//3535 5520//6425
f 5517//3535 5521//6418 5520//6425
f 5527//6430 5504//6431 5510//6432
f 5522//6433 5527//6430 5510//6432
f 5523//6434 5522//6433 5510//6432
f 5510//6432 5509//6435 5523//6434
f 5524//6436 5523//6434 5509//6435
f 5524//6436 5509//6435 5506//6437
f 5506//6437 5525//6438 5524//6436
f 5525//6438 5506//6437 5505//6439
f 5526//6440 5525//6438 5505//6439
f 5504//6431 5527//6430 5526//6440
f 5526//6440 5505//6439 5504//6431
f 5528//6441 5522//6442 5523//6443
f 5528//6441 5527//6444 5522//6442
f 5527//6444 5528//6441 5529//6445
f 5526//6446 5529//6445 5530//6447
f 5526//6446 5530//6447 5531//6448
f 5531//6448 5525//6449 5526//6446
f 5531//6448 5524//6450 5525//6449
f 5532//6451 5523//6443 5524//6450
f 5523//6443 5532//6451 5533//6452
f 5523//6443 5533//6452 5528//6441
f 5531//6448 5532//6451 5524//6450
f 5526//6446 5527//6444 5529//6445
f 5515//6453 5516//6454 5528//6455
f 5516//6454 5514//6456 5528//6455
f 5529//6457 5528//6455 5514//6456
f 5530//6458 5529//6457 5514//6456
f 5514//6456 5513//6459 5530//6458
f 5513//6459 5531//6460 5530//6458
f 5513//6459 5512//6461 5531//6460
f 5532//6462 5531//6460 5512//6461
f 5532//6462 5512//6461 5515//6453
f 5533//6463 5532//6462 5515//6453
f 5528//6455 5533//6463 5515//6453
f 5622//6569 5611//6570 5612//6571
f 5624//6572 5623//6573 5612//6571
f 5625//6574 5609//6575 5606//6576
f 5626//6577 5606//6576 5607//6578
f 5627//6579 5607//6578 5610//6580
f 5628//6581 5610//6580 5608//6582
f 5629//6583 5608//6582 5611//6570
f 5611//6570 5621//6584 5629//6583
f 5608//6582 5629//6583 5628//6581
f 5610//6580 5628//6581 5627//6579
f 5607//6578 5627//6579 5626//6577
f 5606//6576 5626//6577 5625//6574
f 5609//6575 5625//6574 5624//6572
f 5612//6571 5609//6575 5624//6572
f 5612//6571 5623//6573 5622//6569
f 5611//6570 5622//6569 5621//6584
f 5629//6585 5630//6586 5631//6587
f 5628//6588 5631//6587 5632//6589
f 5627//6590 5632//6589 5633//6591
f 5626//6592 5633//6591 5634//6593
f 5624//6594 5634//6593 5635//6595
f 5623//6573 5635//6595 5622//6569
f 5621//6584 5622//6569 5630//6586
f 5635//6595 5623//6573 5624//6594
f 5634//6593 5624//6594 5625//6596
f 5634//6593 5625//6596 5626//6592
f 5633//6591 5626//6592 5627//6590
f 5632//6589 5627//6590 5628//6588
f 5631//6587 5628//6588 5629//6585
f 5630//6586 5629//6585 5621//6584
f 5622//6569 5635//6597 5630//6586
f 5635//6597 5634//4716 5630//6586
f 5634//4716 5633//6598 5630//6586
f 5633//6598 5632//6599 5630//6586
f 5632//6599 5631//6587 5630//6586
f 5636//6600 5617//6562 5618//6563
f 5637//6601 5618//6563 5619//6565
f 5638//6602 5614//6555 5615//6558
f 5620//6567 5613//6556 5640//6603
f 5640//6603 5641//6604 5620//6567
f 5637//6601 5641//6604 5642//6605
f 5637//6601 5619//6565 5641//6604
f 5619//6565 5620//6567 5641//6604
f 5642//6605 5645//6606 5643//6607
f 5644//6608 5643//6607 5645//6606
f 5646//6609 5613//6556 5614//6555
f 5614//6555 5638//6602 5646//6609
f 5638//6602 5645//6606 5646//6609
f 5638//6602 5644//6608 5645//6606
f 5647//6610 5651//6611 5648//6612
f 5647//6610 5648//6612 5649//6613
f 5649//6613 5650//6614 5617//6562
f 5617//6562 5636//6600 5649//6613
f 5636//6600 5647//6610 5649//6613
f 5650//6614 5616//6560 5617//6562
f 5616//6560 5650//6614 5652//6615
f 5639//6616 5615//6558 5651//6611
f 5615//6558 5616//6560 5652//6615
f 5652//6615 5651//6611 5615//6558
f 5651//6611 5647//6610 5639//6616
f 5646//6609 5640//6603 5613//6556
f 5642//6605 5643//6607 5637//6601
f 5615//6558 5639//6616 5638//6602
f 5618//6563 5637//6601 5636//6600
f 5639//6617 5657//6618 5653//6619
f 5638//6620 5653//6619 5654//6621
f 5644//6622 5654//6621 5655//6623
f 5637//6624 5655//6623 5656//6625
f 5636//6626 5656//6625 5657//6618
f 5657//6618 5647//6627 5636//6626
f 5656//6625 5636//6626 5637//6624
f 5655//6623 5637//6624 5643//6628
f 5655//6623 5643//6628 5644//6622
f 5654//6621 5644//6622 5638//6620
f 5653//6619 5638//6620 5639//6617
f 5657//6618 5639//6617 5647//6627
f 5657//6618 5656//6629 5653//6619
f 5656//6629 5655//6630 5653//6619
f 5655//6630 5654//6621 5653//6619
f 5663//6631 5640//6632 5646//6633
f 5658//6634 5663//6631 5646//6633
f 5659//6635 5658//6634 5646//6633
f 5646//6633 5645//6636 5659//6635
f 5660//6637 5659//6635 5645//6636
f 5660//6637 5645//6636 5642//6638
f 5642//6638 5661//6639 5660//6637
f 5661//6639 5642//6638 5641//6640
f 5662//6641 5661//6639 5641//6640
f 5640//6632 5663//6631 5662//6641
f 5662//6641 5641//6640 5640//6632
f 5664//6642 5658//6643 5659//6644
f 5664//6642 5663//6645 5658//6643
f 5663//6645 5664//6642 5665//6646
f 5662//6647 5665//6646 5666//6648
f 5662//6647 5666//6648 5667//6649
f 5667//6649 5661//6650 5662//6647
f 5667//6649 5660//6651 5661//6650
f 5668//6652 5659//6644 5660//6651
f 5659//6644 5668//6652 5669//6653
f 5659//6644 5669//6653 5664//6642
f 5667//6649 5668//6652 5660//6651
f 5662//6647 5663//6645 5665//6646
f 5651//6654 5652//6655 5664//6656
f 5652//6655 5650//6657 5664//6656
f 5665//6658 5664//6656 5650//6657
f 5666//6659 5665//6658 5650//6657
f 5650//6657 5649//6660 5666//6659
f 5649//6660 5667//6661 5666//6659
f 5649//6660 5648//6662 5667//6661
f 5668//6663 5667//6661 5648//6662
f 5668//6663 5648//6662 5651//6654
f 5669//6664 5668//6663 5651//6654
f 5664//6656 5669//6664 5651//6654
usemtl 0.600000_0.600000_0.600000_0.000000_0.000000
f 1113//1359 1112//1357 1116//1362
f 1112//1357 1117//1363 1116//1362
f 1112//1357 1118//1364 1117//1363
f 1112//1357 1111//1355 1118//1364
f 1111//1355 1119//1365 1118//1364
f 1111//1355 1110//1354 1119//1365
f 1119//1365 1110//1354 1109//1352
f 1109//1352 1120//1366 1119//1365
f 1109//1352 1108//1351 1120//1366
f 1121//1367 1120//1366 1108//1351
f 1108//1351 1107//1349 1121//1367
f 1122//1368 1121//1367 1107//1349
f 1123//1369 1122//1368 1106//1348
f 1106//1348 1115//1347 1123//1369
f 1124//1370 1123//1369 1115//1347
f 1115//1347 1114//1361 1124//1370
f 1116//1362 1124//1370 1114//1361
f 1116//1362 1114//1361 1113//1359
f 1107//1349 1106//1348 1122//1368
f 1128//1371 1123//1369 1124//1370
f 1129//1372 1116//1362 1117//1363
f 1125//1373 1119//1365 1127//1374
f 1127//1374 1120//1366 1121//1367
f 1128//1371 1126//1375 1123//1369
f 1129//1372 1117//1363 1118//1364
f 1121//1367 1126//1375 1127//1374
f 1116//1362 1129//1372 1124//1370
f 1122//1368 1126//1375 1121//1367
f 1119//1365 1125//1373 1118//1364
f 1120//1366 1127//1374 1119//1365
f 1123//1369 1126//1375 1122//1368
f 1128//1371 1124//1370 1140//1376
f 1133//1377 1130//1378 1126//1375
f 1127//1374 1126//1375 1130//1378
f 1127//1374 1130//1378 1137//1379
f 1125//1373 1127//1374 1137//1379
f 1156//1380 1140//1376 1129//1372
f 1128//1371 1140//1376 1131//1381
f 1131//1381 1132//1382 1128//1371
f 1118//1364 1137//1379 1156//1380
f 1132//1382 1133//1377 1126//1375
f 1118//1364 1125//1373 1137//1379
f 1124//1370 1129//1372 1140//1376
f 1129//1372 1118//1364 1156//1380
f 1132//1382 1126//1375 1128//1371
f 1134//1383 1133//1377 1132//1382
f 1135//1384 1130//1378 1133//1377
f 1142//1385 1134//1383 1132//1382
f 1142//1385 1148//1386 1134//1383
f 1134//1383 1148//1386 1149//1387
f 1149//1387 1133//1377 1134//1383
f 1135//1384 1133//1377 1149//1387
f 1149//1387 1150//1388 1135//1384
f 1135//1384 1150//1388 1146//1389
f 1136//1390 1130//1378 1135//1384
f 1130//1378 1136//1390 1137//1379
f 1140//1376 1138//1391 1131//1381
f 1139//1392 1138//1391 1140//1376
f 1132//1382 1131//1381 1141//1393
f 1141//1393 1142//1385 1132//1382
f 1141//1393 1143//1394 1142//1385
f 1145//1395 1144//1396 1141//1393
f 1148//1386 1142//1385 1143//1394
f 1143//1394 1149//1387 1148//1386
f 1150//1388 1149//1387 1147//1397
f 1147//1397 1149//1387 1143//1394
f 1151//1398 1146//1389 1150//1388
f 1151//1398 1186//1399 1146//1389
f 1135//1384 1146//1389 1186//1399
f 1186//1399 1136//1390 1135//1384
f 1152//1400 1137//1379 1136//1390
f 1137//1379 1152//1400 1153//1401
f 1155//1402 1137//1379 1153//1401
f 1155//1402 1156//1380 1137//1379
f 1156//1380 1139//1392 1140//1376
f 1156//1380 1154//1403 1139//1392
f 1156//1380 1155//1402 1154//1403
f 1154//1403 1157//1404 1160//1405
f 1160//1405 1139//1392 1154//1403
f 1155//1402 1158//1406 1157//1404
f 1157//1404 1154//1403 1155//1402
f 1158//1406 1159//1407 1157//1404
f 1160//1405 1165//1408 1139//1392
f 1138//1391 1165//1408 1164//1409
f 1138//1391 1139//1392 1165//1408
f 1160//1405 1157//1404 1159//1407
f 1159//1407 1163//1410 1160//1405
f 1162//1411 1161//1412 1159//1407
f 1159//1407 1158//1406 1162//1411
f 1163//1410 1165//1408 1160//1405
f 1164//1409 1165//1408 1163//1410
f 1164//1409 1163//1410 1166//1413
f 1151//1398 1150//1388 1167//1414
f 1167//1414 1150//1388 1147//1397
f 1144//1396 1169//1415 1168//1416
f 1141//1393 1144//1396 1171//1417
f 1167//1414 1172//1418 1151//1398
f 1147//1397 1170//1419 1167//1414
f 1168//1416 1171//1417 1144//1396
f 1170//1419 1147//1397 1143//1394
f 1144//1396 1173//1420 1169//1415
f 1144//1396 1151//1398 1173//1420
f 1143//1394 1141//1393 1170//1419
f 1172//1418 1173//1420 1151//1398
f 1171//1417 1170//1419 1141//1393
f 1192//1421 1174//1422 1145//1395
f 1144//1396 1145//1395 1174//1422
f 1186//1399 1151//1398 1185//1440
f 1152//1400 1136//1390 1186//1399
f 1152//1400 1186//1399 1187//1441
f 1185//1440 1187//1441 1186//1399
f 1188//1442 1187//1441 1185//1440
f 1256//1443 1187//1441 1188//1442
f 1187//1441 1256//1443 1254//1444
f 1191//1445 1189//1446 1269//1447
f 1151//1398 1144//1396 1174//1422
f 1174//1422 1185//1440 1151//1398
f 1185//1440 1174//1422 1191//1445
f 1174//1422 1192//1421 1191//1445
f 1192//1421 1189//1446 1191//1445
f 1195//1448 1194//1449 1211//1450
f 1194//1449 1166//1413 1215//1451
f 1195//1448 1203//1452 1212//1453
f 1215//1451 1211//1450 1194//1449
f 1212//1453 1161//1412 1196//1454
f 1212//1453 1196//1454 1195//1448
f 1211//1450 1203//1452 1195//1448
f 1166//1413 1163//1410 1215//1451
f 1216//1455 1159//1407 1161//1412
f 1163//1410 1209//1456 1215//1451
f 1163//1410 1159//1407 1214//1457
f 1214//1457 1209//1456 1163//1410
f 1216//1455 1214//1457 1159//1407
f 1212//1453 1213//1458 1161//1412
f 1213//1458 1216//1455 1161//1412
f 1198//1459 1194//1449 1195//1448
f 1161//1412 1200//1460 1197//1461
f 1197//1461 1196//1454 1161//1412
f 1239//1462 1196//1454 1197//1461
f 1195//1448 1196//1454 1241//1463
f 1239//1462 1241//1463 1196//1454
f 1198//1459 1195//1448 1241//1463
f 1241//1463 1242//1464 1198//1459
f 1198//1459 1242//1464 1199//1465
f 1199//1465 1194//1449 1198//1459
f 1162//1411 1200//1460 1161//1412
f 1201//1466 1200//1460 1162//1411
f 1211//1450 1202//1467 1203//1452
f 1214//1457 1207//1468 1208//1469
f 1215//1451 1210//1470 1202//1467
f 1216//1455 1206//1471 1207//1468
f 1216//1455 1207//1468 1214//1457
f 1214//1457 1208//1469 1209//1456
f 1202//1467 1211//1450 1215//1451
f 1206//1471 1216//1455 1213//1458
f 1210//1470 1215//1451 1209//1456
f 1205//1472 1213//1458 1212//1453
f 1205//1472 1212//1453 1204//1473
f 1204//1473 1212//1453 1203//1452
f 1206//1471 1213//1458 1205//1472
f 1202//1467 1221//1474 1234//1475
f 1203//1452 1202//1467 1234//1475
f 1234//1475 1217//1476 1203//1452
f 1203//1452 1217//1476 1233//1477
f 1204//1473 1203//1452 1233//1477
f 1205//1472 1204//1473 1233//1477
f 1206//1471 1205//1472 1218//1478
f 1218//1478 1228//1479 1206//1471
f 1207//1468 1206//1471 1228//1479
f 1207//1468 1228//1479 1219//1480
f 1208//1469 1207//1468 1219//1480
f 1208//1469 1227//1481 1225//1482
f 1225//1482 1209//1456 1208//1469
f 1209//1456 1225//1482 1223//1483
f 1223//1483 1210//1470 1209//1456
f 1210//1470 1223//1483 1220//1484
f 1210//1470 1220//1484 1221//1474
f 1221//1474 1202//1467 1210//1470
f 1219//1480 1227//1481 1208//1469
f 1231//1485 1218//1478 1205//1472
f 1233//1477 1231//1485 1205//1472
f 1222//1486 1235//1487 1221//1474
f 1222//1486 1220//1484 1223//1483
f 1226//1488 1225//1482 1227//1481
f 1230//1489 1229//1490 1218//1478
f 1230//1489 1231//1485 1232//1491
f 1232//1491 1231//1485 1233//1477
f 1232//1491 1233//1477 1217//1476
f 1235//1487 1217//1476 1234//1475
f 1235//1487 1234//1475 1221//1474
f 1217//1476 1235//1487 1232//1491
f 1218//1478 1231//1485 1230//1489
f 1228//1479 1218//1478 1229//1490
f 1228//1479 1229//1490 1226//1488
f 1219//1480 1228//1479 1226//1488
f 1219//1480 1226//1488 1227//1481
f 1225//1482 1226//1488 1224//1492
f 1225//1482 1224//1492 1223//1483
f 1223//1483 1224//1492 1222//1486
f 1221//1474 1220//1484 1222//1486
f 1194//1449 1199//1465 1236//1493
f 1236//1493 1166//1413 1194//1449
f 1236//1493 1199//1465 1243//1494
f 1236//1493 1246//1495 1237//1496
f 1239//1462 1238//1497 1241//1463
f 1241//1463 1238//1497 1240//1498
f 1242//1464 1241//1463 1240//1498
f 1243//1494 1242//1464 1240//1498
f 1243//1494 1199//1465 1242//1464
f 1232//1491 1238//1497 1245//1499
f 1230//1489 1232//1491 1245//1499
f 1226//1488 1229//1490 1246//1495
f 1224//1492 1226//1488 1246//1495
f 1222//1486 1224//1492 1236//1493
f 1232//1491 1235//1487 1240//1498
f 1236//1493 1243//1494 1235//1487
f 1230//1489 1245//1499 1246//1495
f 1240//1498 1238//1497 1232//1491
f 1246//1495 1229//1490 1230//1489
f 1224//1492 1246//1495 1236//1493
f 1243//1494 1240//1498 1235//1487
f 1235//1487 1222//1486 1236//1493
f 1197//1461 1200//1460 1244//1500
f 1200//1460 1249//1501 1244//1500
f 1244//1500 1239//1462 1197//1461
f 1238//1497 1239//1462 1245//1499
f 1244//1500 1245//1499 1239//1462
f 1244//1500 1247//1502 1245//1499
f 1247//1502 1244//1500 1250//1503
f 1250//1503 1244//1500 1249//1501
f 1200//1460 1201//1466 1248//1504
f 1248//1504 1249//1501 1200//1460
f 1249//1501 1251//1505 1250//1503
f 1249//1501 1248//1504 1251//1505
f 1251//1505 1253//1506 1252//1507
f 1251//1505 1248//1504 1253//1506
f 1155//1402 1153//1401 1162//1411
f 1162//1411 1158//1406 1155//1402
f 1162//1411 1153//1401 1152//1400
f 1152//1400 1187//1441 1254//1444
f 1254//1444 1253//1506 1152//1400
f 1253//1506 1201//1466 1162//1411
f 1162//1411 1152//1400 1253//1506
f 1253//1506 1248//1504 1201//1466
f 1255//1508 1254//1444 1256//1443
f 1257//1509 1253//1506 1255//1508
f 1254//1444 1255//1508 1253//1506
f 1264//1510 1255//1508 1256//1443
f 1264//1510 1265//1511 1255//1508
f 1253//1506 1257//1509 1252//1507
f 1258//1512 1257//1509 1255//1508
f 1255//1508 1265//1511 1258//1512
f 1258//1512 1252//1507 1257//1509
f 1252//1507 1258//1512 1260//1513
f 1259//1514 1258//1512 1263//1515
f 1258//1512 1265//1511 1263//1515
f 1259//1514 1260//1513 1258//1512
f 1261//1516 1260//1513 1259//1514
f 1262//1517 1261//1516 1259//1514
f 1263//1515 1265//1511 1264//1510
f 1188//1442 1185//1440 1191//1445
f 1191//1445 1268//1518 1188//1442
f 1264//1510 1256//1443 1188//1442
f 1188//1442 1268//1518 1264//1510
f 1191//1445 1269//1447 1268//1518
f 1263//1515 1264//1510 1266//1519
f 1264//1510 1268//1518 1266//1519
f 1266//1519 1268//1518 1267//1520
f 1189//1446 1190//1521 1269//1447
f 1267//1520 1269//1447 1270//1522
f 1269//1447 1267//1520 1268//1518
f 1266//1519 1267//1520 1273//1523
f 1275//1524 1273//1523 1267//1520
f 1269//1447 1190//1521 1270//1522
f 1275//1524 1267//1520 1270//1522
f 1270//1522 1278//1525 1275//1524
f 1275//1524 1274//1526 1271//1527
f 1275//1524 1271//1527 1273//1523
f 1271//1527 1274//1526 1272//1528
f 1192//1421 1277//1529 1189//1446
f 1190//1521 1189//1446 1277//1529
f 1276//1530 1277//1529 1192//1421
f 1276//1530 1192//1421 1193//1531
f 1277//1529 1276//1530 1278//1525
f 1278//1525 1270//1522 1190//1521
f 1277//1529 1278//1525 1190//1521
f 1274//1526 1275//1524 1276//1530
f 1276//1530 1193//1531 1274//1526
f 1272//1528 1274//1526 1193//1531
f 1275//1524 1278//1525 1276//1530
f 1271//1527 1272//1528 1285//1532
f 1285//1532 1284//1533 1271//1527
f 1279//1534 1280//1535 1281//1536
f 1279//1534 1281//1536 1262//1517
f 1261//1516 1262//1517 1281//1536
f 1282//1537 1250//1503 1251//1505
f 1261//1516 1288//1538 1282//1537
f 1251//1505 1260//1513 1282//1537
f 1282//1537 1260//1513 1261//1516
f 1251//1505 1252//1507 1260//1513
f 1285//1532 1283//1539 1279//1534
f 1279//1534 1284//1533 1285//1532
f 1279//1534 1283//1539 1280//1535
f 1285//1532 1272//1528 1193//1531
f 1193//1531 1294//1540 1285//1532
f 1280//1535 1291//1541 1286//1542
f 1286//1542 1281//1536 1280//1535
f 1250//1503 1282//1537 1287//1543
f 1282//1537 1288//1538 1289//1544
f 1286//1542 1261//1516 1281//1536
f 1286//1542 1288//1538 1261//1516
f 1287//1543 1282//1537 1289//1544
f 1286//1542 1289//1544 1288//1538
f 1290//1545 1293//1546 1287//1543
f 1287//1543 1289//1544 1290//1545
f 1293//1546 1250//1503 1287//1543
f 1245//1499 1247//1502 1246//1495
f 1247//1502 1237//1496 1246//1495
f 1247//1502 1250//1503 1237//1496
f 1293//1546 1237//1496 1250//1503
f 1291//1541 1289//1544 1286//1542
f 1289//1544 1291//1541 1290//1545
f 1291//1541 1292//1547 1290//1545
f 1290//1545 1292//1547 1293//1546
f 1294//1540 1293//1546 1292//1547
f 1291//1541 1280//1535 1283//1539
f 1294//1540 1292//1547 1285//1532
f 1292//1547 1283//1539 1285//1532
f 1283//1539 1292//1547 1291//1541
f 1294//1540 1193//1531 1192//1421
f 1192//1421 1293//1546 1294//1540
f 1237//1496 1300//1548 1296//1549
f 1296//1549 1236//1493 1237//1496
f 1300//1548 1237//1496 1293//1546
f 1145//1395 1141//1393 1295//1550
f 1192//1421 1145//1395 1297//1551
f 1192//1421 1297//1551 1300//1548
f 1236//1493 1296//1549 1164//1409
f 1296//1549 1295//1550 1138//1391
f 1300//1548 1293//1546 1192//1421
f 1138//1391 1164//1409 1296//1549
f 1141//1393 1131//1381 1138//1391
f 1295//1550 1297//1551 1145//1395
f 1138//1391 1295//1550 1141//1393
f 1164//1409 1166//1413 1236//1493
f 1295//1550 1298//1552 1297//1551
f 1299//1553 1300//1548 1297//1551
f 1297//1551 1298//1553 1299//1553
f 1296//1549 1298//1554 1295//1550
f 1296//1549 1299//1555 1298//1554
f 1300//1548 1299//1556 1296//1549
f 1302//1557 1303//1558 1301//1559
f 1303//1558 1304//1560 1301//1559
f 1305//1561 1304//1560 1306//1562
f 1305//1561 1301//1559 1304//1560
f 1302//1557 1301//1559 1307//1563
f 1301//1559 1305//1564 1307//1563
f 1307//1563 1309//1565 1308//1566
f 1308//1566 1302//1557 1307//1563
f 1308//1566 1303//1567 1302//1557
f 1309//1565 1306//1568 1304//1569
f 1308//1566 1304//1569 1303//1567
f 1304//1569 1308//1566 1309//1565
f 1310//1570 1311//1571 1312//1572
f 1314//1573 1313//1574 1306//1568
f 1309//1565 1310//1570 1314//1573
f 1312//1572 1314//1573 1310//1570
f 1306//1568 1309//1565 1314//1573
f 1314//1575 1315//1576 1316//1577
f 1317//1578 1316//1577 1315//1576
f 1320//1579 1316//1577 1317//1578
f 1318//1580 1313//1581 1319//1582
f 1313//1581 1320//1579 1319//1582
f 1316//1577 1320//1579 1314//1575
f 1319//1582 1324//1583 1318//1580
f 1313//1581 1314//1575 1320//1579
f 1319//1582 1320//1579 1321//1584
f 1340//1585 1341//1586 1317//1578
f 1317//1578 1315//1576 1340//1585
f 1343//1587 1320//1579 1317//1578
f 1317//1578 1341//1586 1343//1587
f 1319//1582 1322//1588 1324//1583
f 1319//1582 1342//1589 1323//1590
f 1342//1589 1319//1582 1321//1584
f 1321//1584 1320//1579 1343//1587
f 1343//1587 1342//1589 1321//1584
f 1325//1591 1326//1592 1327//1593
f 1322//1588 1328//1594 1324//1583
f 1329//1595 1336//1596 1330//1597
f 1330//1597 1331//1598 1329//1595
f 1331//1598 1330//1597 1332//1599
f 1333//1600 1318//1580 1328//1594
f 1333//1600 1327//1593 1326//1592
f 1326//1592 1334//1601 1333//1600
f 1326//1592 1338//1602 1334//1601
f 1329//1595 1338//1602 1336//1596
f 1329//1595 1334//1601 1338//1602
f 1328//1594 1327//1593 1333//1600
f 1324//1583 1328//1594 1318//1580
f 1332//1599 1335//1603 1331//1598
f 1337//1604 1336//1596 1338//1602
f 1338//1602 1326//1592 1325//1591
f 1338//1602 1325//1591 1337//1604
f 1344//1605 1336//1596 1337//1604
f 1341//1586 1339//1606 1343//1587
f 1339//1606 1341//1586 1340//1585
f 1340//1585 1469//1607 1470//1608
f 1434//1609 1323//1590 1342//1589
f 1335//1603 1347//1610 1346//1611
f 1346//1611 1331//1598 1335//1603
f 1330//1597 1336//1596 1344//1605
f 1345//1612 1335//1603 1332//1599
f 1335//1603 1345//1612 1347//1610
f 1345//1612 1426//1613 1348//1614
f 1347//1610 1345//1612 1348//1614
f 1349//1615 1306//1562 1313//1616
f 1350//1617 1351//1618 1318//1619
f 1306//1562 1352//1620 1355//1621
f 1313//1616 1353//1622 1349//1615
f 1318//1619 1351//1618 1353//1622
f 1349//1615 1352//1620 1306//1562
f 1353//1622 1313//1616 1318//1619
f 1309//1565 1307//1616 1331//1623
f 1350//1617 1318//1619 1333//1624
f 1354//1625 1333//1624 1305//1561
f 1305//1561 1355//1621 1356//1626
f 1305//1561 1356//1626 1354//1625
f 1329//1627 1331//1623 1307//1616
f 1333//1624 1354//1625 1350//1617
f 1357//1628 1331//1623 1346//1629
f 1334//1630 1329//1627 1305//1561
f 1333//1624 1334//1630 1305//1561
f 1307//1616 1305//1561 1329//1627
f 1331//1623 1357//1628 1309//1565
f 1355//1621 1305//1561 1306//1562
f 1357//1628 1358//1631 1310//1570
f 1310//1570 1309//1565 1357//1628
f 1358//1631 1357//1628 1346//1629
f 1356//1632 1359//1633 1360//1634
f 1350//1635 1360//1634 1361//1636
f 1351//1637 1361//1636 1362//1638
f 1353//1639 1362//1638 1363//1640
f 1349//1641 1363//1640 1364//1642
f 1355//1643 1364//1642 1359//1633
f 1364//1642 1355//1643 1352//1644
f 1364//1642 1352//1644 1349//1641
f 1363//1640 1349//1641 1353//1639
f 1362//1638 1353//1639 1351//1637
f 1361//1636 1351//1637 1350//1635
f 1360//1634 1350//1635 1354//1645
f 1360//1634 1354//1645 1356//1632
f 1359//1633 1356//1632 1355//1643
f 1362//1646 1365//1647 1366//1648
f 1361//1649 1367//1650 1365//1647
f 1361//1649 1360//1651 1367//1650
f 1366//1648 1363//1652 1362//1646
f 1369//1653 1359//1654 1364//1655
f 1364//1655 1370//1656 1369//1653
f 1365//1647 1362//1646 1361//1649
f 1368//1657 1360//1651 1359//1654
f 1359//1654 1369//1653 1368//1657
f 1366//1648 1370//1656 1363//1652
f 1368//1657 1367//1650 1360//1651
f 1370//1656 1364//1655 1363//1652
f 1368//1658 1369//1659 1377//1660
f 1367//1661 1368//1658 1371//1662
f 1365//1663 1367//1661 1373//1664
f 1366//1665 1365//1663 1374//1666
f 1370//1667 1366//1665 1375//1668
f 1369//1659 1370//1667 1376//1669
f 1376//1669 1377//1660 1369//1659
f 1375//1668 1376//1669 1370//1667
f 1374//1666 1375//1668 1366//1665
f 1373//1664 1374//1666 1365//1663
f 1372//1670 1373//1664 1367//1661
f 1371//1662 1372//1670 1367//1661
f 1377//1660 1371//1662 1368//1658
f 1348//1614 1422//1731 1346//1611
f 1346//1611 1347//1610 1348//1614
f 1358//1631 1346//1629 1422//1732
f 1423//1733 1424//1734 1348//1614
f 1425//1735 1422//1731 1348//1614
f 1424//1734 1425//1735 1348//1614
f 1348//1614 1468//1736 1467//1737
f 1348//1614 1426//1613 1468//1736
f 1344//1605 1332//1599 1330//1597
f 1429//1738 1452//1739 1345//1612
f 1345//1612 1344//1605 1429//1738
f 1345//1612 1332//1599 1344//1605
f 1456//1740 1454//1741 1427//1742
f 1454//1741 1428//1743 1455//1744
f 1454//1741 1452//1739 1428//1743
f 1452//1739 1429//1738 1428//1743
f 1452//1739 1468//1736 1426//1613
f 1456//1740 1452//1739 1454//1741
f 1426//1613 1345//1612 1452//1739
f 1429//1738 1430//1745 1432//1746
f 1337//1604 1325//1591 1433//1747
f 1433//1747 1437//1748 1337//1604
f 1340//1585 1470//1608 1449//1749
f 1449//1749 1339//1606 1340//1585
f 1449//1749 1343//1587 1339//1606
f 1343//1587 1449//1749 1450//1750
f 1342//1589 1343//1587 1450//1750
f 1342//1589 1450//1750 1434//1609
f 1430//1745 1436//1751 1434//1609
f 1434//1609 1450//1750 1430//1745
f 1430//1745 1435//1752 1436//1751
f 1430//1745 1344//1605 1435//1752
f 1344//1605 1437//1748 1435//1752
f 1344//1605 1337//1604 1437//1748
f 1430//1745 1429//1738 1344//1605
f 1438//1753 1435//1752 1437//1748
f 1438//1753 1439//1754 1435//1752
f 1439//1754 1436//1751 1435//1752
f 1439//1754 1434//1609 1436//1751
f 1437//1748 1433//1747 1438//1753
f 1442//1755 1439//1756 1438//1757
f 1438//1757 1441//1758 1442//1755
f 1434//1609 1439//1756 1442//1755
f 1443//1759 1441//1758 1433//1747
f 1442//1755 1444//1760 1434//1609
f 1327//1593 1445//1761 1443//1759
f 1445//1761 1327//1593 1328//1594
f 1434//1609 1444//1760 1440//1762
f 1443//1759 1325//1591 1327//1593
f 1328//1594 1322//1588 1445//1761
f 1433//1747 1325//1591 1443//1759
f 1441//1758 1438//1757 1433//1747
f 1322//1588 1447//1763 1445//1761
f 1446//1764 1447//1763 1319//1582
f 1319//1582 1323//1590 1434//1609
f 1434//1609 1446//1764 1319//1582
f 1447//1763 1322//1588 1319//1582
f 1440//1762 1446//1764 1434//1609
f 1448//1765 1449//1749 1470//1608
f 1450//1750 1449//1749 1448//1765
f 1450//1750 1431//1766 1430//1745
f 1431//1766 1450//1750 1448//1765
f 1453//1767 1427//1742 1454//1741
f 1457//1768 1456//1740 1427//1742
f 1460//1769 1454//1741 1455//1744
f 1459//1770 1454//1741 1460//1769
f 1462//1771 1455//1744 1428//1743
f 1461//1772 1457//1768 1427//1742
f 1464//1773 1427//1742 1453//1767
f 1478//1774 1457//1768 1461//1772
f 1457//1768 1478//1774 1479//1775
f 1479//1775 1451//1776 1457//1768
f 1452//1739 1456//1740 1451//1776
f 1428//1743 1429//1738 1432//1746
f 1432//1746 1430//1745 1428//1743
f 1428//1743 1430//1745 1431//1766
f 1428//1743 1431//1766 1462//1771
f 1427//1742 1464//1773 1463//1777
f 1427//1742 1463//1777 1461//1772
f 1455//1744 1462//1771 1460//1769
f 1456//1740 1457//1768 1451//1776
f 1454//1741 1459//1770 1458//1778
f 1454//1741 1458//1778 1453//1767
f 1468//1736 1465//1779 1467//1737
f 1475//1780 1470//1608 1469//1607
f 1469//1607 1474//1781 1475//1780
f 1471//1782 1477//1783 1476//1784
f 1473//1785 1477//1783 1472//1786
f 1472//1786 1477//1783 1471//1782
f 1465//1779 1468//1736 1451//1776
f 1468//1736 1452//1739 1451//1776
f 1466//1787 1479//1775 1478//1774
f 1479//1775 1466//1787 1465//1779
f 1466//1787 1478//1774 1480//1788
f 1451//1776 1479//1775 1465//1779
f 1471//1782 1464//1773 1453//1767
f 1458//1778 1472//1786 1471//1782
f 1459//1770 1473//1785 1472//1786
f 1474//1781 1473//1785 1459//1770
f 1475//1780 1474//1781 1459//1770
f 1470//1608 1475//1780 1460//1769
f 1431//1766 1448//1765 1462//1771
f 1470//1608 1462//1771 1448//1765
f 1471//1782 1476//1784 1483//1789
f 1483//1789 1464//1773 1471//1782
f 1464//1773 1483//1789 1481//1790
f 1461//1772 1463//1777 1480//1788
f 1481//1790 1480//1788 1463//1777
f 1463//1777 1464//1773 1481//1790
f 1480//1788 1478//1774 1461//1772
f 1460//1769 1462//1771 1470//1608
f 1459//1770 1460//1769 1475//1780
f 1472//1786 1458//1778 1459//1770
f 1471//1782 1453//1767 1458//1778
f 1482//1791 1481//1790 1483//1789
f 1490//1792 1466//1787 1480//1788
f 1480//1788 1484//1793 1490//1792
f 1480//1788 1481//1790 1484//1793
f 1482//1791 1485//1794 1481//1790
f 1484//1793 1481//1790 1485//1794
f 1484//1793 1489//1795 1486//1796
f 1489//1795 1488//1797 1486//1796
f 1486//1796 1488//1797 1487//1798
f 1489//1795 1484//1793 1485//1794
f 1483//1789 1485//1794 1482//1791
f 1476//1784 1489//1795 1485//1794
f 1483//1789 1476//1784 1485//1794
f 1488//1797 1489//1795 1476//1784
f 1494//1799 1490//1792 1484//1793
f 1494//1799 1484//1793 1486//1796
f 1486//1796 1493//1800 1494//1799
f 1493//1800 1486//1796 1487//1798
f 1487//1798 1492//1801 1493//1800
f 1490//1792 1465//1779 1466//1787
f 1493//1800 1490//1792 1494//1799
f 1490//1792 1493//1800 1491//1802
f 1492//1801 1491//1802 1493//1800
f 1491//1802 1492//1801 1495//1803
f 1495//1803 1508//1816 1513//1817
f 1509//1818 1514//1819 1508//1816
f 1527//1820 1529//1821 1473//1785
f 1477//1783 1529//1821 1488//1797
f 1473//1785 1315//1576 1527//1820
f 1315//1576 1474//1781 1469//1607
f 1526//1822 1527//1820 1315//1576
f 1315//1576 1524//1823 1525//1824
f 1517//1825 1515//1826 1522//1827
f 1515//1826 1512//1828 1537//1829
f 1495//1803 1533//1830 1534//1831
f 1495//1803 1532//1832 1533//1830
f 1488//1797 1476//1784 1477//1783
f 1473//1785 1474//1781 1315//1576
f 1525//1824 1526//1822 1315//1576
f 1517//1825 1523//1833 1524//1823
f 1517//1825 1522//1827 1523//1833
f 1521//1834 1522//1827 1515//1826
f 1511//1835 1510//1836 1536//1837
f 1509//1818 1534//1831 1535//1838
f 1495//1803 1492//1801 1532//1832
f 1537//1829 1521//1834 1515//1826
f 1536//1837 1537//1829 1511//1835
f 1509//1818 1535//1838 1536//1837
f 1524//1823 1315//1576 1517//1825
f 1512//1828 1511//1835 1537//1829
f 1536//1837 1510//1836 1509//1818
f 1492//1801 1531//1839 1532//1832
f 1492//1801 1530//1840 1531//1839
f 1487//1798 1529//1821 1530//1840
f 1469//1607 1340//1585 1315//1576
f 1534//1831 1508//1816 1495//1803
f 1530//1840 1492//1801 1487//1798
f 1529//1821 1487//1798 1488//1797
f 1509//1818 1508//1816 1534//1831
f 1477//1783 1473//1785 1529//1821
f 1511//1835 1512//1828 1516//1841
f 1528//1842 1529//1821 1527//1820
f 1547//1843 1533//1830 1532//1832
f 1532//1832 1538//1844 1547//1843
f 1538//1844 1532//1832 1531//1839
f 1531//1839 1539//1845 1538//1844
f 1539//1845 1531//1839 1530//1840
f 1530//1840 1540//1846 1539//1845
f 1540//1846 1530//1840 1529//1821
f 1540//1846 1529//1821 1528//1842
f 1528//1842 1541//1847 1540//1846
f 1541//1847 1528//1842 1527//1820
f 1541//1847 1527//1820 1526//1822
f 1526//1822 1542//1848 1541//1847
f 1542//1848 1526//1822 1525//1824
f 1525//1824 1543//1849 1542//1848
f 1543//1849 1525//1824 1524//1823
f 1543//1849 1524//1823 1523//1833
f 1523//1833 1544//1850 1543//1849
f 1544//1850 1523//1833 1522//1827
f 1544//1850 1522//1827 1521//1834
f 1521//1834 1545//1851 1544//1850
f 1521//1834 1537//1829 1545//1851
f 1545//1851 1537//1829 1536//1837
f 1536//1837 1546//1852 1545//1851
f 1546//1852 1536//1837 1535//1838
f 1535//1838 1547//1843 1546//1852
f 1547//1843 1535//1838 1534//1831
f 1547//1843 1534//1831 1533//1830
f 1548//1853 1547//1843 1538//1844
f 1548//1853 1538//1844 1539//1845
f 1549//1854 1539//1845 1540//1846
f 1550//1855 1540//1846 1541//1847
f 1550//1855 1541//1847 1542//1848
f 1551//1856 1542//1848 1543//1849
f 1552//1857 1543//1849 1544//1850
f 1553//1858 1544//1850 1545//1851
f 1555//1859 1545//1851 1546//1852
f 1555//1859 1546//1852 1547//1843
f 1547//1843 1548//1853 1556//1860
f 1547//1843 1556//1860 1555//1859
f 1545//1851 1555//1859 1554//1861
f 1545//1851 1554//1861 1553//1858
f 1544//1850 1553//1858 1552//1857
f 1543//1849 1552//1857 1551//1856
f 1542//1848 1551//1856 1550//1855
f 1540//1846 1550//1855 1549//1854
f 1539//1845 1549//1854 1548//1853
f 1554//1345 1557//1345 1560//1345
f 1551//1345 1552//1345 1558//1345
f 1554//1345 1555//1345 1557//1345
f 1552//1345 1553//1345 1558//1345
f 1553//1345 1554//1345 1560//1345
f 1551//1345 1558//1345 1559//1345
f 1555//1345 1556//1345 1557//1345
f 1561//1345 1557//1345 1556//1345
f 1559//1345 1561//1345 1549//1345
f 1560//1345 1558//1345 1553//1345
f 1561//1345 1548//1345 1549//1345
f 1549//1345 1550//1345 1559//1345
f 1559//1345 1550//1345 1551//1345
f 1561//1345 1556//1345 1548//1345
f 1557//1862 1561//1863 1562//1864
f 1563//1865 1560//1866 1557//1862
f 1558//1867 1560//1866 1563//1865
f 1559//1868 1558//1867 1565//1869
f 1561//1863 1559//1868 1566//1870
f 1566//1870 1567//1871 1561//1863
f 1565//1869 1566//1870 1559//1868
f 1564//1872 1565//1869 1558//1867
f 1563//1865 1564//1872 1558//1867
f 1562//1864 1563//1865 1557//1862
f 1567//1871 1562//1864 1561//1863
f 1570//1873 1564//1873 1563//1873
f 1570//1873 1569//1873 1564//1873
f 1568//1873 1570//1873 1563//1873
f 1565//1873 1564//1873 1569//1873
f 1573//1873 1571//1873 1566//1873
f 1572//1873 1562//1873 1567//1873
f 1566//1873 1565//1873 1573//1873
f 1567//1873 1566//1873 1574//1873
f 1562//1873 1572//1873 1575//1873
f 1565//1873 1569//1873 1573//1873
f 1568//1873 1563//1873 1562//1873
f 1567//1873 1574//1873 1572//1873
f 1566//1873 1571//1873 1574//1873
f 1562//1873 1575//1873 1568//1873
f 1576//1874 1572//1875 1574//1876
f 1577//1877 1574//1876 1571//1878
f 1577//1877 1571//1878 1573//1879
f 1578//1880 1573//1879 1569//1881
f 1579//1882 1569//1881 1570//1883
f 1580//1884 1570//1883 1568//1885
f 1581//1886 1568//1885 1575//1887
f 1581//1886 1575//1887 1572//1875
f 1572//1875 1576//1874 1582//1888
f 1572//1875 1582//1888 1581//1886
f 1568//1885 1581//1886 1580//1884
f 1570//1883 1580//1884 1579//1882
f 1569//1881 1579//1882 1578//1880
f 1573//1879 1578//1880 1577//1877
f 1574//1876 1577//1877 1576//1874
f 1576//1874 1577//1877 1584//1889
f 1577//1877 1578//1880 1585//1890
f 1578//1880 1579//1882 1586//1891
f 1579//1882 1580//1884 1586//1891
f 1580//1884 1581//1886 1587//1892
f 1581//1886 1582//1888 1589//1893
f 1582//1888 1576//1874 1589//1893
f 1589//1893 1588//1894 1581//1886
f 1588//1894 1587//1892 1581//1886
f 1587//1892 1586//1891 1580//1884
f 1586//1891 1585//1890 1578//1880
f 1585//1890 1584//1889 1577//1877
f 1584//1889 1583//1895 1576//1874
f 1583//1895 1589//1893 1576//1874
f 1583//1345 1584//1345 1588//1894
f 1584//1345 1585//1345 1588//1894
f 1585//1345 1586//1345 1588//1894
f 1586//1345 1587//1892 1588//1894
f 1589//1893 1583//1345 1588//1894
f 1590//1896 1516//1841 1512//1828
f 1591//1897 1590//1896 1515//1826
f 1517//1825 1520//1898 1591//1897
f 1592//1899 1520//1898 1519//1900
f 1519//1900 1518//1901 1592//1899
f 1518//1901 1593//1902 1592//1899
f 1520//1898 1592//1899 1591//1897
f 1515//1826 1517//1825 1591//1897
f 1512//1828 1515//1826 1590//1896
f 1593//1902 1594//1903 1595//1904
f 1593//1902 1518//1901 1594//1903
f 1593//1902 1595//1904 1597//1905
f 1597//1905 1596//1906 1593//1902
f 1591//1907 1601//1908 1598//1909
f 1598//1909 1590//1910 1591//1907
f 1590//1910 1598//1909 1599//1911
f 1599//1911 1516//1841 1590//1910
f 1592//1912 1596//1906 1600//1913
f 1592//1912 1593//1902 1596//1906
f 1592//1912 1600//1913 1602//1914
f 1591//1907 1592//1912 1602//1914
f 1602//1914 1601//1908 1591//1907
f 1596//1906 1602//1914 1600//1913
f 1422//1732 1603//1915 1358//1631
s 0
f 1425//1916 1607//1166 1606//1917
s 1
f 1606//1918 1422//1919 1425//1920
f 1424//1921 1608//1922 1607//1923
s 0
f 1423//1924 1609//1166 1608//1921
s 1
f 1608//1922 1424//1921 1423//1925
f 1348//1614 1610//1926 1609//1927
f 1610//1926 1348//1614 1604//1928
f 1423//1733 1348//1614 1609//1927
f 1425//1929 1424//1921 1607//1923
f 1605//1930 1610//1926 1604//1928
f 1611//1931 1612//1932 1607//1932
s 0
f 1611//1933 1608//1166 1609//1933
f 1609//1933 1613//1166 1611//1933
f 1606//1934 1612//1166 1614//1934
s 1
f 1614//1935 1422//1919 1606//1918
s 0
f 1606//1166 1607//1936 1612//1936
s 1
f 1610//1926 1605//1930 1615//1937
f 1609//1927 1610//1926 1615//1937
f 1615//1937 1613//1938 1609//1927
f 1614//1939 1603//1915 1422//1732
f 1607//1932 1608//1931 1611//1931
f 1603//1915 1616//1940 1358//1631
f 1618//1941 1310//1570 1358//1631
f 1358//1631 1616//1940 1618//1941
f 1310//1570 1618//1941 1617//1942
f 1810//1943 1311//1571 1310//1570
f 1619//1944 1603//1915 1614//1939
s 0
f 1614//1166 1612//1945 1619//1946
s 1
f 1604//1928 1620//1947 1615//1937
f 1620//1948 1621//1949 1611//1946
s 0
f 1611//1166 1613//1950 1620//1948
s 1
f 1621//1949 1619//1946 1611//1946
f 1613//1938 1615//1937 1620//1947
f 1604//1928 1615//1937 1605//1930
f 1612//1951 1611//1946 1619//1946
f 1640//1952 1620//1947 1604//1928
f 1640//1952 1619//1953 1621//1954
f 1640//1952 1603//1955 1619//1953
f 1640//1952 1621//1954 1620//1947
f 1622//1956 1467//1737 1465//1779
f 1622//1956 1490//1792 1491//1802
f 1465//1779 1490//1792 1622//1956
f 1604//1928 1348//1614 1467//1737
f 1623//1957 1622//1956 1491//1802
f 1467//1737 1622//1956 1604//1928
f 1491//1802 1495//1803 1623//1957
f 1516//1841 1624//1958 1625//1959
f 1511//1835 1516//1841 1625//1959
f 1510//1836 1625//1959 1626//1960
f 1514//1819 1626//1960 1627//1961
f 1513//1817 1627//1961 1623//1957
f 1495//1803 1513//1817 1623//1957
f 1513//1817 1508//1816 1627//1961
f 1508//1816 1514//1819 1627//1961
f 1514//1819 1509//1818 1626//1960
f 1509//1818 1510//1836 1626//1960
f 1510//1836 1511//1835 1625//1959
f 1628//1962 1599//1911 1598//1909
f 1634//1963 1631//1964 1632//1965
f 1599//1911 1628//1962 1633//1966
f 1629//1967 1633//1966 1628//1962
f 1636//1968 1634//1963 1632//1965
f 1634//1963 1636//1968 1637//1969
f 1637//1969 1631//1964 1634//1963
f 1638//1970 1630//1971 1631//1964
f 1631//1964 1637//1969 1638//1970
f 1638//1970 1629//1967 1630//1971
f 1629//1967 1638//1970 1624//1958
f 1624//1958 1633//1966 1629//1967
f 1633//1966 1624//1958 1599//1911
f 1516//1841 1599//1911 1624//1958
f 1626//1960 1638//1970 1637//1969
f 1627//1961 1637//1969 1636//1968
f 1624//1958 1638//1970 1625//1959
f 1636//1968 1623//1957 1627//1961
f 1637//1969 1627//1961 1626//1960
f 1638//1970 1626//1960 1625//1959
f 1623//1957 1636//1968 1622//1956
f 1636//1968 1639//1972 1622//1956
f 1640//1952 1650//1973 1616//1974
f 1616//1974 1603//1955 1640//1952
f 1639//1972 1642//1975 1644//1976
f 1639//1972 1641//1977 1642//1975
f 1639//1972 1635//1978 1641//1977
f 1636//1968 1632//1965 1635//1978
f 1604//1928 1639//1972 1644//1976
f 1635//1978 1639//1972 1636//1968
f 1604//1928 1622//1956 1639//1972
f 1644//1976 1640//1952 1604//1928
f 1645//1979 1644//1976 1643//1980
f 1644//1976 1645//1979 1646//1981
f 1642//1975 1643//1980 1644//1976
f 1643//1980 1641//1977 1648//1982
f 1641//1977 1643//1980 1642//1975
f 1648//1982 1641//1977 1647//1983
f 1635//1978 1647//1983 1641//1977
f 1647//1983 1635//1978 1681//1984
f 1681//1984 1683//1985 1647//1983
f 1683//1985 1678//1986 1648//1982
f 1648//1982 1647//1983 1683//1985
f 1640//1952 1644//1976 1646//1981
f 1640//1952 1649//1987 1650//1973
f 1651//1988 1772//1989 1616//1974
f 1616//1974 1650//1973 1651//1988
f 1650//1973 1649//1987 1651//1988
f 1704//1990 1652//1991 1653//1992
f 1643//1980 1677//1993 1676//1994
f 1655//1995 1658//1996 1643//1980
f 1643//1980 1676//1994 1655//1995
f 1658//1996 1656//1997 1646//1981
f 1658//1996 1646//1981 1645//1979
f 1645//1979 1643//1980 1658//1996
f 1676//1994 1657//1998 1655//1995
f 1660//1999 1654//2000 1651//1988
f 1660//1999 1649//1987 1640//1952
f 1656//1997 1662//2001 1667//2002
f 1656//1997 1664//2003 1662//2001
f 1660//1999 1646//1981 1656//1997
f 1651//1988 1649//1987 1660//1999
f 1659//2004 1665//2005 1656//1997
f 1656//1997 1667//2002 1659//2004
f 1660//1999 1653//1992 1654//2000
f 1656//1997 1665//2005 1660//1999
f 1660//1999 1704//1990 1653//1992
f 1640//1952 1646//1981 1660//1999
f 1663//2006 1662//2001 1664//2003
f 1666//2007 1665//2005 1659//2004
f 1671//2008 1662//2001 1663//2006
f 1672//2009 1663//2006 1657//1998
f 1673//2010 1665//2005 1666//2007
f 1674//2011 1659//2004 1668//2012
f 1669//2013 1667//2002 1662//2001
f 1675//2014 1666//2007 1674//2011
f 1658//1996 1664//2003 1656//1997
f 1665//2005 1661//2015 1660//1999
f 1667//2002 1669//2013 1668//2012
f 1659//2004 1674//2011 1666//2007
f 1665//2005 1673//2010 1661//2015
f 1663//2006 1672//2009 1671//2008
f 1662//2001 1671//2008 1670//2016
f 1662//2001 1670//2016 1669//2013
f 1667//2002 1668//2012 1659//2004
f 1664//2003 1658//1996 1655//1995
f 1664//2003 1655//1995 1657//1998
f 1664//2003 1657//1998 1663//2006
f 1677//1993 1648//1982 1678//1986
f 1677//1993 1678//1986 1680//2017
f 1677//1993 1643//1980 1648//1982
f 1684//2018 1680//2017 1678//1986
f 1678//1986 1679//2019 1684//2018
f 1683//1985 1681//1984 1682//2020
f 1683//1985 1682//2020 1678//1986
f 1678//1986 1682//2020 1679//2019
f 1684//2018 1679//2019 1687//2021
f 1686//2022 1679//2019 1682//2020
f 1686//2022 1687//2021 1679//2019
f 1685//2023 1682//2020 1681//1984
f 1697//2024 1686//2022 1685//2023
f 1686//2022 1682//2020 1685//2023
f 1660//1999 1688//2025 1704//1990
f 1660//1999 1661//2015 1689//2026
f 1691//2027 1673//2010 1666//2007
f 1666//2007 1690//2028 1691//2027
f 1690//2028 1666//2007 1675//2014
f 1675//2014 1692//2029 1690//2028
f 1692//2029 1675//2014 1674//2011
f 1674//2011 1693//2030 1692//2029
f 1674//2011 1668//2012 1700//2031
f 1700//2031 1693//2030 1674//2011
f 1694//2032 1700//2031 1668//2012
f 1668//2012 1669//2013 1694//2032
f 1695//2033 1694//2032 1669//2013
f 1669//2013 1670//2016 1695//2033
f 1672//2009 1657//1998 1676//1994
f 1672//2009 1676//1994 1677//1993
f 1677//1993 1671//2008 1672//2009
f 1671//2008 1677//1993 1680//2017
f 1670//2016 1684//2018 1687//2021
f 1670//2016 1680//2017 1684//2018
f 1680//2017 1670//2016 1671//2008
f 1695//2033 1670//2016 1687//2021
f 1691//2027 1696//2034 1673//2010
f 1696//2034 1661//2015 1673//2010
f 1687//2021 1686//2022 1695//2033
f 1690//2028 1692//2029 1693//2030
f 1693//2030 1700//2031 1698//2035
f 1700//2031 1694//2032 1698//2035
f 1686//2022 1697//2024 1695//2033
f 1699//2036 1691//2027 1690//2028
f 1695//2033 1698//2035 1694//2032
f 1696//2034 1701//2037 1661//2015
f 1696//2034 1702//2038 1701//2037
f 1689//2026 1661//2015 1701//2037
f 1702//2038 1696//2034 1691//2027
f 1703//2039 1691//2027 1699//2036
f 1685//2023 1681//1984 1717//2040
f 1695//2033 1697//2024 1685//2023
f 1717//2040 1707//2041 1698//2035
f 1685//2023 1717//2040 1695//2033
f 1707//2041 1703//2039 1699//2036
f 1693//2030 1698//2035 1707//2041
f 1699//2036 1690//2028 1707//2041
f 1711//2042 1712//2043 1632//1965
f 1631//1964 1630//1971 1710//2044
f 1698//2035 1695//2033 1717//2040
f 1681//1984 1635//1978 1715//2045
f 1712//2043 1713//2046 1632//1965
f 1601//1908 1707//2041 1720//2047
f 1690//2028 1693//2030 1707//2041
f 1713//2046 1635//1978 1632//1965
f 1710//2044 1711//2042 1631//1964
f 1601//1908 1721//2048 1722//2049
f 1720//2047 1721//2048 1601//1908
f 1714//2050 1715//2045 1635//1978
f 1711//2042 1632//1965 1631//1964
f 1710//2044 1630//1971 1629//1967
f 1709//2051 1629//1967 1628//1962
f 1628//1962 1723//2052 1708//2053
f 1601//1908 1722//2049 1723//2052
f 1707//2041 1719//2054 1720//2047
f 1717//2040 1718//2055 1707//2041
f 1713//2046 1714//2050 1635//1978
f 1629//1967 1709//2051 1710//2044
f 1708//2053 1709//2051 1628//1962
f 1723//2052 1628//1962 1598//1909
f 1718//2055 1719//2054 1707//2041
f 1715//2045 1716//2056 1681//1984
f 1723//2052 1598//1909 1601//1908
f 1716//2056 1717//2040 1681//1984
f 1798//2057 1706//2058 1705//2059
f 1725//2060 1724//2061 1711//2042
f 1726//2062 1725//2060 1710//2044
f 1727//2063 1726//2062 1708//2053
f 1728//2064 1727//2063 1722//2049
f 1729//2065 1728//2064 1719//2054
f 1730//2066 1729//2065 1717//2040
f 1731//2067 1730//2066 1716//2056
f 1732//2068 1731//2067 1714//2050
f 1724//2061 1732//2068 1713//2046
f 1713//2046 1712//2043 1724//2061
f 1714//2050 1713//2046 1732//2068
f 1715//2045 1714//2050 1731//2067
f 1716//2056 1715//2045 1731//2067
f 1717//2040 1716//2056 1730//2066
f 1718//2055 1717//2040 1729//2065
f 1719//2054 1718//2055 1729//2065
f 1720//2047 1719//2054 1728//2064
f 1721//2048 1720//2047 1728//2064
f 1722//2049 1721//2048 1728//2064
f 1723//2052 1722//2049 1727//2063
f 1708//2053 1723//2052 1727//2063
f 1709//2051 1708//2053 1726//2062
f 1710//2044 1709//2051 1726//2062
f 1711//2042 1710//2044 1725//2060
f 1712//2043 1711//2042 1724//2061
f 1732//2068 1733//2069 1734//2070
f 1731//2067 1734//2070 1735//2071
f 1729//2065 1735//2071 1736//2072
f 1728//2064 1736//2072 1737//2073
f 1727//2063 1737//2073 1738//2074
f 1727//2063 1738//2074 1739//2075
f 1726//2062 1739//2075 1740//2076
f 1725//2060 1740//2076 1733//2069
f 1733//2069 1724//2061 1725//2060
f 1740//2076 1725//2060 1726//2062
f 1739//2075 1726//2062 1727//2063
f 1737//2073 1727//2063 1728//2064
f 1736//2072 1728//2064 1729//2065
f 1735//2071 1729//2065 1730//2066
f 1735//2071 1730//2066 1731//2067
f 1734//2070 1731//2067 1732//2068
f 1733//2069 1732//2068 1724//2061
f 1742//1873 1741//1873 1738//1873
f 1738//1873 1737//1873 1742//1873
f 1743//1630 1742//1873 1736//1630
f 1742//1873 1737//1873 1736//1630
f 1735//1630 1744//2077 1743//1630
f 1740//1873 1746//1873 1745//1873
f 1743//1630 1736//1630 1735//1630
f 1745//1873 1744//2077 1734//2078
f 1740//1873 1739//1873 1746//1873
f 1744//2077 1735//1630 1734//2078
f 1745//1873 1734//2078 1733//1873
f 1741//1873 1746//1873 1739//1873
f 1745//1873 1733//1873 1740//1873
f 1741//1873 1739//1873 1738//1873
f 1748//2079 1747//2080 1746//2081
f 1749//2082 1748//2079 1742//2083
f 1750//2084 1749//2082 1743//2085
f 1751//2086 1750//2084 1744//2087
f 1747//2080 1751//2086 1745//2088
f 1744//2087 1745//2088 1751//2086
f 1743//2085 1744//2087 1750//2084
f 1742//2083 1743//2085 1749//2082
f 1741//2089 1742//2083 1748//2079
f 1746//2081 1741//2089 1748//2079
f 1745//2088 1746//2081 1747//2080
f 1752//1345 1749//1345 1750//1345
f 1752//1345 1753//1345 1749//1345
f 1750//1345 1758//1345 1752//1345
f 1751//1345 1747//1345 1756//1345
f 1754//1345 1747//1345 1748//1345
f 1750//1345 1751//1345 1758//1345
f 1749//1345 1753//1345 1757//1345
f 1748//1345 1757//1345 1755//1345
f 1755//1345 1754//1345 1748//1345
f 1751//1345 1756//1345 1758//1345
f 1748//1345 1749//1345 1757//1345
f 1747//1345 1754//1345 1756//1345
f 1756//2090 1765//2091 1759//2092
f 1758//2093 1759//2092 1760//2094
f 1758//2093 1760//2094 1761//2095
f 1753//2096 1761//2095 1762//2097
f 1757//2098 1762//2097 1763//2099
f 1755//2100 1763//2099 1764//2101
f 1754//2102 1764//2101 1765//2091
f 1765//2091 1756//2090 1754//2102
f 1764//2101 1754//2102 1755//2100
f 1763//2099 1755//2100 1757//2098
f 1762//2097 1757//2098 1753//2096
f 1761//2095 1753//2096 1752//2103
f 1761//2095 1752//2103 1758//2093
f 1759//2092 1758//2093 1756//2090
f 1765//2091 1764//2101 1771//2104
f 1764//2101 1763//2099 1766//2105
f 1763//2099 1762//2097 1767//2106
f 1762//2097 1761//2095 1768//2107
f 1761//2095 1760//2094 1769//2108
f 1760//2094 1759//2092 1770//2109
f 1759//2092 1765//2091 1771//2104
f 1771//2104 1770//2109 1759//2092
f 1770//2109 1769//2108 1760//2094
f 1769//2108 1768//2107 1761//2095
f 1768//2107 1767//2106 1762//2097
f 1767//2106 1766//2105 1763//2099
f 1766//2105 1771//2104 1764//2101
f 1767//2106 1768//1873 1766//2105
f 1768//1873 1769//1873 1766//2105
f 1769//1873 1770//1873 1766//2105
f 1770//1873 1771//2104 1766//2105
f 1773//2110 1772//1989 1653//1992
f 1652//1991 1774//2111 1773//2110
f 1775//2112 1774//2111 1781//2113
f 1776//2114 1775//2112 1781//2113
f 1781//2113 1777//2115 1776//2114
f 1776//2114 1777//2115 1778//2116
f 1776//2114 1778//2116 1783//2117
f 1783//2117 1779//2118 1776//2114
f 1779//2118 1783//2117 1784//2119
f 1774//2111 1775//2112 1773//2110
f 1653//1992 1652//1991 1773//2110
f 1654//2000 1653//1992 1772//1989
f 1651//1988 1654//2000 1772//1989
f 1782//2120 1780//2121 1774//2111
f 1780//2121 1781//2113 1774//2111
f 1704//1990 1782//2120 1774//2111
f 1688//2025 1782//2120 1704//1990
f 1774//2111 1652//1991 1704//1990
f 1777//2115 1781//2113 1780//2121
f 1784//2119 1785//2122 1786//2123
f 1702//2038 1691//2027 1703//2039
f 1706//2058 1798//2057 1702//2038
f 1703//2039 1706//2058 1702//2038
f 1701//2037 1797//2124 1787//2125
f 1798//2057 1797//2124 1701//2037
f 1701//2037 1702//2038 1798//2057
f 1788//2126 1689//2026 1787//2125
f 1787//2125 1689//2026 1701//2037
f 1788//2126 1790//2127 1689//2026
f 1790//2127 1794//2128 1689//2026
f 1789//2129 1780//2121 1782//2120
f 1782//2120 1791//2130 1789//2129
f 1782//2120 1688//2025 1791//2130
f 1688//2025 1792//2131 1791//2130
f 1688//2025 1794//2128 1792//2131
f 1688//2025 1660//1999 1794//2128
f 1794//2128 1660//1999 1689//2026
f 1792//2131 1794//2128 1793//2132
f 1795//2133 1789//2129 1791//2130
f 1795//2133 1791//2130 1792//2131
f 1792//2131 1793//2132 1795//2133
f 1795//2133 1793//2132 1794//2128
f 1796//2134 1794//2128 1790//2127
f 1790//2127 1788//2126 1796//2134
f 1794//2128 1796//2134 1795//2133
f 1806//2135 1798//2057 1705//2059
f 1786//2123 1787//2125 1797//2124
f 1797//2124 1806//2135 1786//2123
f 1787//2125 1786//2123 1785//2122
f 1797//2124 1798//2057 1806//2135
f 1785//2122 1801//2136 1788//2126
f 1784//2119 1802//2137 1801//2136
f 1804//2138 1777//2115 1780//2121
f 1780//2121 1800//2139 1804//2138
f 1783//2117 1778//2116 1804//2138
f 1780//2121 1789//2129 1800//2139
f 1795//2140 1796//2141 1803//2142
f 1796//2141 1788//2126 1803//2142
f 1788//2126 1799//2143 1803//2142
f 1801//2136 1785//2122 1784//2119
f 1784//2119 1783//2117 1804//2138
f 1788//2126 1801//2136 1799//2143
f 1804//2138 1802//2137 1784//2119
f 1800//2139 1789//2129 1795//2140
f 1804//2138 1778//2116 1777//2115
f 1803//2142 1800//2139 1795//2140
f 1788//2126 1787//2125 1785//2122
f 1805//2144 1806//2135 1705//2059
f 1703//2039 1707//2041 1807//2145
f 1705//2059 1706//2058 1805//2144
f 1807//2145 1805//2144 1706//2058
f 1807//2145 1706//2058 1703//2039
f 1806//2135 1809//2146 1808//2147
f 1808//2147 1786//2123 1806//2135
f 1779//2118 1784//2119 1786//2123
f 1786//2123 1808//2147 1779//2118
f 1806//2135 1805//2144 1809//2146
f 1805//2144 1807//2145 1809//2146
f 1310//1570 1809//2148 1810//1943
f 1809//2148 1617//1942 1811//2149
f 1811//2149 1808//2150 1809//2148
f 1809//2148 1310//1570 1617//1942
f 1807//2145 1707//2041 1809//2146
f 1804//2151 1800//2152 1812//2153
f 1802//2154 1804//2151 1813//2155
f 1801//2156 1802//2154 1814//2157
f 1799//2158 1801//2156 1816//2159
f 1803//2160 1799//2158 1817//2161
f 1800//2152 1803//2160 1812//2153
f 1817//2161 1812//2153 1803//2160
f 1816//2159 1817//2161 1799//2158
f 1815//2162 1816//2159 1801//2156
f 1814//2157 1815//2162 1801//2156
f 1813//2155 1814//2157 1802//2154
f 1812//2153 1813//2155 1804//2151
f 1818//2163 1819//2164 1817//2165
f 1819//2164 1812//2166 1817//2165
f 1819//2164 1820//2167 1812//2166
f 1821//2168 1822//2169 1814//2170
f 1813//2171 1824//2172 1821//2168
f 1824//2172 1813//2171 1812//2166
f 1815//2173 1822//2169 1823//2174
f 1816//2175 1815//2173 1823//2174
f 1814//2170 1813//2171 1821//2168
f 1817//2165 1816//2175 1818//2163
f 1812//2166 1820//2167 1824//2172
f 1816//2175 1823//2174 1818//2163
f 1815//2173 1814//2170 1822//2169
f 1825//2176 1819//2177 1818//2178
f 1827//2179 1818//2178 1823//2180
f 1828//2181 1823//2180 1822//2182
f 1828//2181 1822//2182 1821//2183
f 1830//2184 1821//2183 1824//2185
f 1830//2184 1824//2185 1820//2186
f 1831//2187 1820//2186 1819//2177
f 1819//2177 1825//2176 1831//2187
f 1820//2186 1831//2187 1830//2184
f 1821//2183 1830//2184 1829//2188
f 1821//2183 1829//2188 1828//2181
f 1823//2180 1828//2181 1827//2179
f 1818//2178 1827//2179 1826//2189
f 1818//2178 1826//2189 1825//2176
f 1707//2041 1601//1908 1602//1914
f 1707//2041 1602//1914 1809//2146
f 1602//1914 1596//1906 1810//1943
f 1596//1906 1597//1905 1810//1943
f 1810//1943 1597//1905 1595//1904
f 1595//1904 1594//1903 1311//1571
f 1311//1571 1832//2190 1595//1904
f 1315//1576 1314//1575 1520//1898
f 1520//1898 1517//1825 1315//1576
f 1314//1575 1519//1900 1520//1898
f 1314//1575 1312//2191 1519//1900
f 1312//2191 1518//1901 1519//1900
f 1312//2191 1311//1571 1518//1901
f 1594//1903 1518//1901 1311//1571
f 1595//1904 1832//2190 1810//1943
f 1602//1914 1810//1943 1809//2146
f 1810//1943 1832//2190 1311//1571
f 1808//2192 1827//2193 1828//2194
f 1808//2192 1811//2195 1827//2193
f 1617//1942 1618//1941 1772//2196
f 1833//2197 1776//2198 1831//2199
f 1772//2196 1834//2200 1617//1942
f 1779//2201 1808//2192 1828//2194
f 1826//2202 1827//2193 1811//2195
f 1811//2195 1825//2203 1826//2202
f 1811//2195 1833//2197 1825//2203
f 1776//2198 1830//2204 1831//2199
f 1773//2205 1833//2197 1834//2200
f 1776//2198 1779//2201 1830//2204
f 1833//2197 1773//2205 1775//2206
f 1834//2200 1772//2196 1773//2205
f 1829//2207 1830//2204 1779//2201
f 1833//2197 1775//2206 1776//2198
f 1831//2199 1825//2203 1833//2197
f 1828//2194 1829//2207 1779//2201
f 1618//1941 1616//1940 1772//2196
f 1837//2208 1835//2209 1838//2210
f 1838//2210 1811//2149 1837//2208
f 1617//1942 1837//2208 1811//2149
f 1836//2211 1838//2210 1835//2209
f 1834//2212 1839//2213 1835//2209
f 1835//2209 1617//1942 1834//2212
f 1837//2208 1617//1942 1835//2209
f 1834//2212 1840//2214 1839//2213
f 1834//2212 1833//2215 1840//2214
f 1839//2213 1836//2211 1835//2209
f 1811//2195 1838//2216 1833//2197
f 1840//2214 1838//2216 1836//2217
f 1840//2214 1836//2217 1839//2213
f 1838//2216 1840//2214 1833//2197
f 1899//2298 1896//2295 1905//2304
f 1900//2300 1899//2298 1906//2305
f 1901//2301 1900//2300 1906//2305
f 1890//2288 1901//2301 1907//2306
f 1907//2306 1889//2289 1890//2288
f 1906//2305 1907//2306 1901//2301
f 1905//2304 1906//2305 1899//2298
f 1894//2293 1905//2304 1896//2295
f 1908//2307 1895//2294 1897//2296
f 1909//2308 1908//2307 1903//2302
f 1888//2287 1909//2308 1904//2303
f 1904//2303 1887//2286 1888//2287
f 1903//2302 1904//2303 1909//2308
f 1897//2296 1903//2302 1908//2307
f 1894//2309 1911//2310 1910//2311
f 1913//2312 1906//2313 1905//2314
f 1906//2313 1913//2312 1912//2315
f 1914//2316 1915//2317 1907//2318
f 1910//2311 1905//2314 1894//2309
f 1905//2314 1910//2311 1913//2312
f 1906//2313 1912//2315 1914//2316
f 1907//2318 1906//2313 1914//2316
f 1915//2317 1917//2319 1889//2320
f 1917//2319 1916//2321 1889//2320
f 1892//2322 1889//2320 1916//2321
f 1892//2322 1916//2321 1918//2323
f 1918//2323 1894//2309 1892//2322
f 1889//2320 1907//2318 1915//2317
f 1894//2309 1918//2323 1911//2310
f 1908//2324 1909//2325 1919//2326
f 1919//2326 1921//2327 1908//2324
f 1925//2328 1909//2325 1888//2329
f 1926//2330 1919//2326 1909//2325
f 1895//2331 1921//2327 1920//2332
f 1922//2333 1923//2334 1893//2335
f 1891//2336 1923//2334 1924//2337
f 1888//2329 1927//2338 1925//2328
f 1909//2325 1925//2328 1926//2330
f 1895//2331 1908//2324 1921//2327
f 1920//2332 1922//2333 1895//2331
f 1891//2336 1893//2335 1923//2334
f 1927//2338 1888//2329 1891//2336
f 1893//2335 1895//2331 1922//2333
f 1891//2336 1924//2337 1927//2338
f 1928//2339 1913//2312 1910//2311
f 1929//2340 1910//2311 1911//2310
f 1930//2341 1911//2310 1918//2323
f 1930//2341 1918//2323 1916//2321
f 1931//2342 1916//2321 1917//2319
f 1932//2343 1917//2319 1915//2317
f 1933//2344 1915//2317 1914//2316
f 1934//2345 1914//2316 1912//2315
f 1934//2345 1912//2315 1913//2312
f 1913//2312 1928//2339 1934//2345
f 1914//2316 1934//2345 1933//2344
f 1915//2317 1933//2344 1932//2343
f 1917//2319 1932//2343 1931//2342
f 1916//2321 1931//2342 1930//2341
f 1911//2310 1930//2341 1929//2340
f 1910//2311 1929//2340 1928//2339
f 1935//2346 1921//2327 1919//2326
f 1936//2347 1919//2326 1926//2330
f 1937//2348 1926//2330 1925//2328
f 1938//2349 1925//2328 1927//2338
f 1938//2349 1927//2338 1924//2337
f 1939//2350 1924//2337 1923//2334
f 1939//2350 1923//2334 1922//2333
f 1941//2351 1922//2333 1920//2332
f 1941//2351 1920//2332 1921//2327
f 1921//2327 1935//2346 1942//2352
f 1921//2327 1942//2352 1941//2351
f 1922//2333 1941//2351 1940//2353
f 1922//2333 1940//2353 1939//2350
f 1924//2337 1939//2350 1938//2349
f 1925//2328 1938//2349 1937//2348
f 1926//2330 1937//2348 1936//2347
f 1919//2326 1936//2347 1935//2346
f 1951//2354 1950//2355 1930//2356
f 1943//2357 1951//2354 1930//2356
f 1929//2358 1930//2356 1950//2355
f 1950//2355 1928//2359 1929//2358
f 1950//2355 1945//2360 1928//2359
f 1966//2361 1933//2362 1934//2363
f 1969//2364 1932//2365 1933//2362
f 1944//2366 1931//2367 1932//2365
f 1934//2363 1928//2359 1945//2360
f 1933//2362 1966//2361 1969//2364
f 1934//2363 1967//2368 1968//2369
f 1934//2363 1968//2369 1966//2361
f 1969//2364 1944//2366 1932//2365
f 1930//2356 1931//2367 1943//2357
f 1944//2366 1946//2370 1947//2371
f 1934//2363 1945//2360 1967//2368
f 1947//2371 1931//2367 1944//2366
f 1950//2355 1948//2372 1945//2360
f 1931//2367 1947//2371 1943//2357
f 1950//2355 1951//2354 1949//2373
f 1947//2371 1953//2374 1943//2357
f 1953//2374 1947//2371 1952//2375
f 1954//2376 1945//2360 1948//2372
f 1955//2377 1948//2372 1950//2355
f 1950//2355 1956//2378 1955//2377
f 1957//2379 1952//2380 1947//2371
f 1946//2370 1957//2379 1947//2371
f 1958//2381 1944//2366 1959//2382
f 1944//2366 1958//2381 1946//2370
f 1958//2381 1957//2379 1946//2370
f 1966//2361 1963//2383 1964//2384
f 1945//2360 1954//2376 1960//2385
f 1967//2368 1961//2386 1962//2387
f 1968//2369 1962//2387 1966//2361
f 1966//2361 1964//2384 1965//2388
f 1969//2364 1965//2388 1959//2389
f 1959//2389 1944//2366 1969//2364
f 1960//2385 1967//2368 1945//2360
f 1965//2388 1969//2364 1966//2361
f 1962//2387 1968//2369 1967//2368
f 1961//2386 1967//2368 1960//2385
f 1963//2383 1966//2361 1962//2387
f 1954//2376 1970//2390 1960//2385
f 1972//2391 1961//2386 1960//2385
f 1960//2385 1971//2392 1972//2391
f 1972//2391 1962//2387 1961//2386
f 1973//2393 1963//2383 1962//2387
f 1962//2387 1972//2391 1973//2393
f 1973//2393 1964//2384 1963//2383
f 1973//2393 1974//2394 1964//2384
f 1960//2385 1970//2390 1971//2392
f 1965//2388 1974//2394 1959//2389
f 1974//2394 1975//2395 1959//2389
f 1965//2388 1964//2384 1974//2394
f 1958//2381 1976//2396 1977//2397
f 1977//2397 1978//2398 1958//2381
f 1959//2382 1976//2396 1958//2381
f 1980//2399 1979//2400 1970//2390
f 1979//2400 1971//2392 1970//2390
f 1970//2390 1954//2376 1948//2372
f 1980//2399 1948//2372 1955//2377
f 1948//2372 1980//2399 1970//2390
f 1955//2377 2004//2401 1980//2399
f 1980//2399 1981//2402 1982//2403
f 1982//2403 1979//2400 1980//2399
f 1984//2404 1983//2405 1982//2403
f 1982//2403 1981//2402 1984//2404
f 1988//2406 1989//2407 1986//2408
f 1989//2407 1990//2409 1986//2408
f 1990//2409 1991//2410 1987//2411
f 1991//2410 1983//2405 1984//2404
f 1984//2404 1987//2411 1991//2410
f 1987//2411 1986//2408 1990//2409
f 1986//2408 1985//2412 1988//2406
f 1985//2412 1993//2413 1992//2414
f 1992//2414 1988//2406 1985//2412
f 1994//2415 1996//2416 1997//2417
f 1996//2416 1998//2418 1997//2417
f 1998//2418 1999//2419 2000//2420
f 1999//2419 1992//2414 1993//2413
f 1993//2413 2000//2420 1999//2419
f 2000//2420 1997//2417 1998//2418
f 1997//2417 1995//2421 1994//2415
f 1995//2421 2007//2422 2001//2423
f 2001//2423 1994//2415 1995//2421
f 1981//2402 2003//2424 2002//2425
f 2003//2424 1981//2402 1980//2399
f 1980//2399 2004//2401 2003//2424
f 2007//2422 2005//2426 2001//2423
f 2005//2426 2006//2427 2001//2423
f 2006//2427 2020//2428 1994//2415
f 1972//2429 1989//2407 1988//2406
f 1971//2430 1990//2409 1989//2407
f 1971//2430 1991//2410 1990//2409
f 1971//2430 1983//2405 1991//2410
f 1982//2403 1983//2405 1979//2400
f 1998//2418 1996//2416 2020//2428
f 1974//2431 1973//2432 1988//2406
f 1989//2407 1972//2429 1971//2430
f 2020//2428 1996//2416 1994//2415
f 1988//2406 1975//2433 1974//2431
f 1983//2405 1971//2430 1979//2400
f 2020//2428 2009//2434 1999//2419
f 2008//2435 2010//2436 1992//2414
f 1988//2406 1973//2432 1972//2429
f 1992//2414 1999//2419 2009//2434
f 2009//2434 2008//2435 1992//2414
f 1988//2406 1992//2414 2011//2437
f 1999//2419 1998//2418 2020//2428
f 2010//2436 2011//2437 1992//2414
f 2011//2437 1975//2433 1988//2406
f 2006//2427 1994//2415 2001//2423
f 2010//2436 2012//2438 2013//2439
f 2008//2440 2014//2441 2012//2438
f 2012//2438 2010//2436 2008//2440
f 2008//2440 2009//2442 2015//2443
f 2009//2442 2020//2444 2017//2445
f 2013//2439 2018//2446 2011//2437
f 2011//2437 2010//2436 2013//2439
f 2020//2444 2019//2447 2017//2445
f 2017//2445 2016//2448 2009//2442
f 2016//2448 2015//2443 2009//2442
f 2015//2443 2014//2441 2008//2440
f 2019//2447 2006//2427 2005//2426
f 2019//2447 2020//2444 2006//2427
f 2022//2449 2021//2450 2005//2426
f 2023//2451 2022//2449 2007//2452
f 2005//2426 2007//2452 2022//2449
f 2040//2453 2032//2454 2019//2447
f 2011//2455 2024//2456 1976//2396
f 2011//2455 2018//2457 2024//2456
f 1976//2396 1959//2382 2011//2455
f 1959//2382 1975//2458 2011//2455
f 2012//2438 2025//2459 2013//2439
f 2012//2438 2014//2441 2025//2459
f 2017//2445 2019//2447 2032//2454
f 2026//2460 1976//2461 2024//2462
f 2024//2462 2027//2463 2026//2460
f 2026//2460 2027//2463 2028//2464
f 2029//2465 2031//2466 2030//2467
f 2030//2467 2024//2468 2029//2465
f 2029//2465 2024//2468 2018//2469
f 2035//2470 2018//2446 2013//2439
f 2035//2470 2013//2439 2025//2459
f 2036//2471 2014//2441 2015//2443
f 2037//2472 2016//2448 2017//2445
f 2038//2473 2017//2445 2032//2454
f 2035//2470 2034//2474 2018//2446
f 2025//2459 2036//2471 2035//2470
f 2032//2454 2033//2475 2038//2473
f 2015//2443 2037//2472 2036//2471
f 2017//2445 2038//2473 2037//2472
f 2016//2448 2037//2472 2015//2443
f 2014//2441 2036//2471 2025//2459
f 2039//2476 2029//2465 2034//2474
f 2018//2469 2034//2474 2029//2465
f 2039//2476 2044//2477 2029//2465
f 2033//2475 2032//2454 2040//2453
f 2040//2453 2041//2478 2042//2479
f 2042//2479 2033//2475 2040//2453
f 2019//2447 2005//2426 2041//2478
f 2005//2426 2021//2450 2043//2480
f 2043//2480 2041//2478 2005//2426
f 2041//2478 2040//2453 2019//2447
f 2044//2477 2039//2476 2045//2481
f 2045//2481 2046//2482 2044//2477
f 2169//2483 2170//2484 2045//2481
f 2046//2485 2045//2481 2170//2484
f 2050//2486 1956//2487 2047//2488
f 1950//2355 1949//2373 2047//2488
f 2047//2488 1956//2487 1950//2355
f 2047//2488 2048//2489 2050//2486
f 2049//2490 2050//2486 2048//2489
f 2049//2490 2051//2491 2052//2492
f 2049//2490 2048//2489 2051//2491
f 2052//2492 2053//2493 2049//2490
f 1952//2375 2052//2492 1953//2374
f 1952//2375 2054//2494 2052//2492
f 2051//2491 1953//2374 2052//2492
f 2054//2495 1952//2380 1957//2379
f 2055//2496 1958//2381 1978//2398
f 1957//2379 2055//2496 2054//2495
f 1978//2398 2056//2497 2055//2496
f 2056//2497 2057//2498 2055//2496
f 1957//2379 1958//2381 2055//2496
f 1955//2377 1956//2378 2058//2499
f 2058//2499 2059//2500 1955//2377
f 2061//2501 2060//2502 2058//2503
f 2062//2504 2059//2500 2058//2503
f 2058//2503 2081//2505 2062//2504
f 2058//2503 1956//2487 2063//2506
f 2050//2486 2064//2507 2063//2506
f 2063//2506 1956//2487 2050//2486
f 2066//2508 2065//2509 2064//2507
f 2064//2507 2050//2486 2066//2508
f 2063//2506 2061//2501 2058//2503
f 2066//2508 2067//2510 2065//2509
f 2050//2486 2049//2490 2068//2511
f 2068//2511 2066//2508 2050//2486
f 2067//2510 2066//2508 2068//2511
f 2067//2510 2068//2511 2070//2512
f 2069//2513 2070//2512 2068//2511
f 2071//2514 2064//2507 2072//2515
f 2071//2514 2063//2506 2064//2507
f 2074//2516 2064//2507 2065//2509
f 2076//2517 2075//2518 2077//2519
f 2078//2520 2076//2517 2079//2521
f 2080//2522 2078//2520 2060//2523
f 2061//2501 2063//2506 2073//2524
f 2073//2524 2080//2522 2061//2501
f 2060//2523 2061//2501 2080//2522
f 2079//2521 2060//2523 2078//2520
f 2077//2519 2079//2521 2076//2517
f 2065//2509 2077//2519 2075//2518
f 2065//2509 2075//2518 2074//2516
f 2072//2515 2064//2507 2074//2516
f 2063//2506 2071//2514 2073//2524
f 2074//2516 2073//2524 2071//2514
f 2071//2514 2072//2515 2074//2516
f 2076//2517 2078//2520 2080//2525
f 2076//2517 2080//2525 2073//2524
f 2075//2526 2076//2517 2073//2524
f 2074//2516 2075//2526 2073//2524
f 1940//2527 2060//2502 2079//2528
f 2079//2528 2086//2529 1939//2530
f 2098//2531 2081//2505 1936//2532
f 1941//2533 2058//2503 2060//2502
f 2081//2505 1935//2534 1936//2532
f 2058//2503 1942//2535 1935//2534
f 1940//2527 1941//2533 2060//2502
f 1939//2530 1940//2527 2079//2528
f 2097//2536 2098//2531 1936//2532
f 1941//2533 1942//2535 2058//2503
f 1938//2537 2086//2529 2095//2538
f 1935//2534 2081//2505 2058//2503
f 1937//2539 1938//2537 2095//2538
f 2095//2538 2096//2540 1937//2539
f 1936//2532 1937//2539 2097//2536
f 2070//2512 2077//2541 2065//2509
f 2079//2528 2077//2541 2070//2512
f 1938//2537 1939//2530 2086//2529
f 2086//2529 2079//2528 2070//2512
f 2065//2509 2067//2510 2070//2512
f 2070//2512 2085//2542 2086//2529
f 1937//2539 2096//2540 2097//2536
f 2081//2505 2082//2543 2062//2504
f 2057//2498 2083//2544 2055//2496
f 2084//2545 2085//2542 2070//2512
f 2070//2512 2069//2546 2084//2545
f 2085//2542 2087//2547 2086//2529
f 2088//2548 2086//2529 2087//2547
f 2085//2542 2084//2545 2087//2547
f 2095//2538 2088//2549 2089//2550
f 2095//2538 2089//2550 2090//2551
f 2096//2540 2091//2552 2092//2553
f 2097//2536 2093//2554 2094//2555
f 2098//2531 2094//2555 2082//2543
f 2095//2538 2086//2529 2088//2549
f 2090//2551 2096//2540 2095//2538
f 2082//2543 2081//2505 2098//2531
f 2092//2553 2097//2536 2096//2540
f 2094//2555 2098//2531 2097//2536
f 2093//2554 2097//2536 2092//2553
f 2091//2552 2096//2540 2090//2551
f 2099//2556 2062//2504 2082//2543
f 2100//2557 2090//2551 2089//2550
f 2100//2557 2091//2552 2090//2551
f 2094//2555 2099//2556 2082//2543
f 2099//2556 2101//2558 2059//2500
f 2101//2558 2004//2401 1955//2377
f 1955//2377 2059//2500 2101//2558
f 2059//2500 2062//2504 2099//2556
f 2103//2559 2100//2557 2089//2550
f 2104//2560 2091//2552 2100//2557
f 2100//2557 2103//2559 2104//2560
f 2104//2560 2105//2561 2092//2553
f 2105//2561 2102//2562 2094//2555
f 2089//2550 2088//2549 2106//2563
f 2106//2563 2103//2559 2089//2550
f 2102//2562 2099//2556 2094//2555
f 2094//2555 2093//2554 2105//2561
f 2093//2554 2092//2553 2105//2561
f 2092//2553 2091//2552 2104//2560
f 2087//2547 2107//2564 2108//2565
f 2108//2565 2109//2566 2087//2547
f 2087//2547 2109//2566 2088//2548
f 2099//2556 2110//2567 2101//2558
f 2099//2556 2102//2562 2110//2567
f 2003//2424 2004//2401 2101//2558
f 2002//2425 2003//2424 2111//2568
f 2101//2558 2111//2568 2003//2424
f 2111//2569 2101//2558 2113//2570
f 2101//2558 2110//2567 2113//2570
f 2114//2571 2111//2569 2113//2570
f 2113//2570 2115//2572 2114//2571
f 2115//2572 2116//2573 2117//2574
f 2116//2573 2118//2575 2119//2576
f 2118//2575 2120//2577 2119//2576
f 2120//2577 2121//2578 2122//2579
f 2122//2579 2119//2576 2120//2577
f 2119//2576 2117//2574 2116//2573
f 2117//2574 2114//2571 2115//2572
f 2122//2579 2121//2578 2123//2580
f 2123//2580 2124//2581 2122//2579
f 2123//2580 2128//2582 2125//2583
f 2128//2582 2129//2584 2125//2583
f 2129//2584 2130//2585 2126//2586
f 2130//2585 2131//2587 2127//2588
f 2127//2588 2126//2586 2130//2585
f 2126//2586 2125//2583 2129//2584
f 2125//2583 2124//2581 2123//2580
f 2127//2588 2131//2587 2133//2589
f 2133//2589 2132//2590 2127//2588
f 2134//2591 2132//2590 2133//2589
f 2133//2589 2135//2592 2134//2591
f 2132//2590 2022//2449 2023//2451
f 2022//2449 2132//2590 2134//2591
f 2134//2591 2021//2450 2022//2449
f 2134//2591 2135//2592 2147//2593
f 2135//2592 2136//2594 2147//2593
f 2136//2595 2129//2584 2128//2582
f 2110//2567 2102//2596 2115//2572
f 2137//2597 2128//2582 2123//2580
f 2136//2595 2130//2585 2129//2584
f 2102//2596 2116//2573 2115//2572
f 2118//2575 2116//2573 2102//2596
f 2102//2596 2105//2598 2120//2577
f 2121//2578 2104//2599 2103//2559
f 2123//2580 2138//2600 2139//2601
f 2128//2582 2137//2597 2136//2595
f 2133//2589 2131//2587 2135//2592
f 2120//2577 2118//2575 2102//2596
f 2121//2578 2120//2577 2105//2598
f 2105//2598 2104//2599 2121//2578
f 2123//2580 2140//2602 2138//2600
f 2136//2595 2131//2587 2130//2585
f 2131//2587 2136//2595 2135//2592
f 2103//2559 2106//2563 2121//2578
f 2123//2580 2139//2601 2137//2597
f 2121//2578 2106//2563 2140//2602
f 2110//2567 2115//2572 2113//2570
f 2140//2602 2123//2580 2121//2578
f 2137//2603 2141//2604 2142//2605
f 2142//2605 2136//2594 2137//2603
f 2137//2603 2143//2606 2141//2604
f 2139//2607 2144//2608 2143//2606
f 2143//2606 2137//2603 2139//2607
f 2139//2607 2145//2609 2144//2608
f 2139//2607 2138//2610 2145//2609
f 2142//2605 2147//2593 2136//2594
f 2146//2611 2138//2610 2148//2612
f 2138//2610 2140//2613 2148//2612
f 2146//2611 2145//2609 2138//2610
f 2112//2614 1981//2402 2002//2425
f 2270//2615 1981//2402 2112//2614
f 2112//2614 2150//2616 2270//2615
f 2023//2451 2150//2616 2149//2617
f 2023//2451 2007//2452 2278//2618
f 2278//2618 2150//2616 2023//2451
f 2150//2616 2278//2618 2270//2615
f 2149//2617 2132//2590 2023//2451
f 2002//2425 2151//2619 2112//2614
f 2897//2620 2132//2590 2149//2617
f 2002//2425 2111//2568 2888//2621
f 2149//2617 2151//2619 2897//2620
f 2888//2621 2151//2619 2002//2425
f 2888//2621 2897//2620 2151//2619
f 2147//2593 2154//2622 2153//2623
f 2134//2591 2153//2623 2043//2480
f 2153//2623 2134//2591 2147//2593
f 2043//2480 2021//2450 2134//2591
f 2154//2622 2155//2624 2153//2623
f 2154//2622 2147//2593 2142//2605
f 2106//2625 2109//2626 2249//2627
f 2106//2625 2088//2628 2109//2626
f 2249//2627 2148//2629 2106//2625
f 2148//2629 2140//2630 2106//2625
f 2043//2480 2152//2631 2042//2632
f 2042//2632 2041//2478 2043//2480
f 2157//2633 2156//2634 2042//2479
f 2042//2479 2159//2635 2160//2636
f 2038//2473 2033//2475 2158//2637
f 2036//2471 2037//2472 2158//2637
f 2033//2475 2160//2636 2158//2637
f 2160//2636 2033//2475 2042//2479
f 2164//2638 2034//2474 2035//2470
f 2158//2637 2161//2639 2036//2471
f 2037//2472 2038//2473 2158//2637
f 2161//2639 2164//2638 2035//2470
f 2035//2470 2036//2471 2161//2639
f 2042//2479 2162//2640 2159//2635
f 2162//2640 2042//2479 2156//2634
f 2167//2641 2156//2634 2163//2642
f 2045//2481 2165//2643 2166//2644
f 2163//2642 2034//2474 2167//2641
f 2164//2638 2167//2641 2034//2474
f 2163//2642 2165//2643 2045//2481
f 2034//2474 2163//2642 2045//2481
f 2166//2644 2169//2483 2045//2481
f 2045//2481 2039//2476 2034//2474
f 2167//2641 2162//2640 2156//2634
f 2168//2645 2169//2483 2166//2644
f 2169//2483 2168//2645 2170//2484
f 2042//2479 2152//2646 2171//2647
f 2173//2648 2172//2649 2171//2647
f 2171//2647 2152//2646 2173//2648
f 2168//2645 2166//2644 2172//2649
f 2172//2649 2173//2648 2168//2645
f 2171//2647 2157//2633 2042//2479
f 2173//2648 2174//2650 2170//2484
f 2170//2484 2168//2645 2173//2648
f 2171//2647 2172//2649 2175//2651
f 2176//2652 2171//2647 2175//2651
f 2178//2653 2172//2649 2166//2644
f 2180//2654 2179//2655 2165//2656
f 2181//2657 2180//2654 2163//2658
f 2182//2659 2181//2657 2156//2660
f 2157//2633 2171//2647 2177//2661
f 2177//2661 2182//2659 2157//2633
f 2156//2660 2157//2633 2182//2659
f 2163//2658 2156//2660 2181//2657
f 2165//2656 2163//2658 2180//2654
f 2166//2644 2165//2656 2179//2655
f 2166//2644 2179//2655 2178//2653
f 2175//2651 2172//2649 2178//2653
f 2171//2647 2176//2652 2177//2661
f 2178//2653 2177//2661 2176//2652
f 2176//2652 2175//2651 2178//2653
f 2182//2659 2177//2661 2181//2657
f 2179//2662 2180//2663 2177//2661
f 2180//2663 2181//2657 2177//2661
f 2178//2653 2179//2662 2177//2661
f 2160//2664 2183//2665 2184//2666
f 2158//2667 2184//2666 2185//2668
f 2158//2667 2185//2668 2186//2669
f 2161//2670 2186//2669 2187//2671
f 2164//2672 2187//2671 2188//2673
f 2167//2674 2188//2673 2189//2675
f 2167//2674 2189//2675 2190//2676
f 2190//2676 2191//2677 2162//2678
f 2162//2678 2191//2677 2192//2679
f 2159//2680 2192//2679 2183//2665
f 2183//2665 2160//2664 2159//2680
f 2192//2679 2159//2680 2162//2678
f 2162//2678 2167//2674 2190//2676
f 2188//2673 2167//2674 2164//2672
f 2187//2671 2164//2672 2161//2670
f 2186//2669 2161//2670 2158//2667
f 2184//2666 2158//2667 2160//2664
f 2189//2675 2188//2673 2194//2681
f 2193//2682 2186//2669 2185//2668
f 2185//2668 2196//2683 2193//2682
f 2190//2676 2189//2675 2194//2681
f 2195//2684 2194//2681 2188//2673
f 2188//2673 2187//2671 2195//2684
f 2184//2666 2198//2685 2196//2683
f 2192//2679 2191//2677 2198//2685
f 2191//2677 2190//2676 2197//2686
f 2193//2682 2187//2671 2186//2669
f 2196//2683 2185//2668 2184//2666
f 2198//2685 2184//2666 2183//2665
f 2197//2686 2198//2685 2191//2677
f 2194//2681 2197//2686 2190//2676
f 2198//2685 2183//2665 2192//2679
f 2193//2682 2195//2684 2187//2671
f 2196//2687 2198//2688 2205//2689
f 2193//2690 2196//2687 2199//2691
f 2195//2692 2193//2690 2201//2693
f 2194//2694 2195//2692 2202//2695
f 2197//2696 2194//2694 2203//2697
f 2198//2688 2197//2696 2204//2698
f 2204//2698 2205//2689 2198//2688
f 2203//2697 2204//2698 2197//2696
f 2202//2695 2203//2697 2194//2694
f 2201//2693 2202//2695 2195//2692
f 2200//2699 2201//2693 2193//2690
f 2199//2691 2200//2699 2193//2690
f 2205//2689 2199//2691 2196//2687
f 2210//2705 2209//2704 2213//2707
f 2211//2706 2210//2705 2214//2708
f 2212//2700 2211//2706 2214//2708
f 2206//2701 2212//2700 2215//2709
f 2207//2702 2206//2701 2216//2710
f 2208//2703 2207//2702 2217//2711
f 2209//2704 2208//2703 2218//2712
f 2218//2712 2213//2707 2209//2704
f 2217//2711 2218//2712 2208//2703
f 2216//2710 2217//2711 2207//2702
f 2215//2709 2216//2710 2206//2701
f 2214//2708 2215//2709 2212//2700
f 2213//2707 2214//2708 2210//2705
f 2216//2713 2226//2714 2219//2715
f 2219//2715 2220//2716 2217//2717
f 2217//2717 2216//2713 2219//2715
f 2217//2717 2220//2716 2221//2718
f 2218//2719 2217//2717 2221//2718
f 2221//2718 2222//2720 2218//2719
f 2223//2721 2213//2722 2218//2719
f 2225//2723 2224//2724 2215//2725
f 2218//2719 2222//2720 2223//2721
f 2223//2721 2227//2726 2213//2722
f 2227//2726 2214//2727 2213//2722
f 2215//2725 2214//2727 2225//2723
f 2216//2713 2215//2725 2226//2714
f 2214//2727 2227//2726 2225//2723
f 2215//2725 2224//2724 2226//2714
f 2228//2728 2223//2721 2222//2720
f 2229//2729 2222//2720 2221//2718
f 2229//2729 2221//2718 2220//2716
f 2231//2730 2220//2716 2219//2715
f 2231//2730 2219//2715 2226//2714
f 2232//2731 2226//2714 2224//2724
f 2233//2732 2224//2724 2225//2723
f 2234//2733 2225//2723 2227//2726
f 2235//2734 2227//2726 2223//2721
f 2223//2721 2228//2728 2235//2734
f 2227//2726 2235//2734 2234//2733
f 2225//2723 2234//2733 2233//2732
f 2224//2724 2233//2732 2232//2731
f 2226//2714 2232//2731 2231//2730
f 2220//2716 2231//2730 2230//2735
f 2220//2716 2230//2735 2229//2729
f 2222//2720 2229//2729 2228//2728
f 2043//2480 2153//2623 2236//2736
f 2236//2736 2152//2631 2043//2480
f 2236//2736 2254//2737 2237//2738
f 2173//2648 2152//2646 2238//2739
f 2236//2736 2237//2738 2238//2739
f 2238//2739 2152//2646 2236//2736
f 2238//2739 2239//2740 2173//2648
f 2174//2650 2173//2648 2239//2740
f 2241//2741 2144//2608 2145//2609
f 2155//2624 2154//2622 2142//2605
f 2242//2742 2141//2604 2143//2606
f 2243//2743 2143//2606 2241//2741
f 2241//2741 2145//2609 2146//2611
f 2244//2744 2146//2611 2148//2612
f 2148//2612 2240//2745 2244//2744
f 2142//2605 2242//2742 2155//2624
f 2146//2611 2244//2744 2241//2741
f 2143//2606 2243//2743 2242//2742
f 2141//2604 2242//2742 2142//2605
f 2144//2608 2241//2741 2143//2606
f 2246//2746 2240//2745 2148//2629
f 2240//2745 2246//2746 2245//2747
f 2246//2746 2253//2748 2245//2747
f 2248//2749 2247//2750 2246//2746
f 2246//2746 2249//2627 2248//2749
f 2148//2629 2249//2627 2246//2746
f 2250//2751 2249//2752 2109//2753
f 2109//2753 2251//2754 2250//2751
f 2250//2751 2251//2754 2252//2755
f 2236//2736 2155//2624 2228//2756
f 2234//2757 2235//2758 2155//2624
f 2230//2759 2257//2760 2254//2737
f 2257//2760 2255//2761 2254//2737
f 2244//2744 2232//2762 2233//2763
f 2235//2758 2228//2756 2155//2624
f 2234//2757 2242//2742 2243//2743
f 2240//2745 2231//2764 2232//2762
f 2254//2737 2236//2736 2229//2765
f 2234//2757 2155//2624 2242//2742
f 2244//2744 2240//2745 2232//2762
f 2229//2765 2230//2759 2254//2737
f 2240//2745 2245//2747 2257//2760
f 2228//2756 2229//2765 2236//2736
f 2230//2759 2231//2764 2257//2760
f 2241//2741 2233//2763 2234//2757
f 2257//2760 2231//2764 2240//2745
f 2233//2763 2241//2741 2244//2744
f 2234//2757 2243//2743 2241//2741
f 2236//2736 2153//2623 2155//2624
f 2253//2748 2256//2766 2257//2760
f 2245//2747 2253//2748 2257//2760
f 2255//2761 2257//2760 2256//2767
f 2174//2650 2258//2768 2259//2769
f 2174//2650 2239//2740 2258//2768
f 2259//2769 2260//2770 2174//2650
f 2256//2767 2259//2769 2255//2761
f 2256//2767 2261//2771 2259//2769
f 2258//2768 2255//2761 2259//2769
f 2261//2772 2256//2766 2253//2748
f 2262//2773 2246//2746 2247//2750
f 2253//2748 2262//2773 2261//2772
f 2247//2750 2263//2774 2262//2773
f 2263//2774 2264//2775 2262//2773
f 2253//2748 2246//2746 2262//2773
f 2264//2775 2265//2776 2262//2773
f 1984//2404 1981//2402 2269//2783
f 2270//2615 2269//2783 1981//2402
f 2279//2791 2278//2618 2007//2452
f 2279//2791 2007//2452 1995//2421
f 2286//2797 2053//2493 2052//2492
f 2287//2798 2288//2799 2052//2492
f 2287//2798 2052//2492 2054//2494
f 2289//2800 2055//1345 2083//2801
f 2054//2494 2289//2800 2287//2798
f 2054//2494 2055//1345 2289//2800
f 2286//2797 2052//2492 2290//2802
f 2052//2492 2288//2799 2290//2802
f 2291//2803 2049//2490 2053//2493
f 2292//2804 2291//2803 2053//2493
f 2053//2493 2286//2797 2292//2804
f 2286//2797 2290//2802 2292//2804
f 2297//2805 2299//2806 2298//2807
f 2301//2808 2302//2809 2303//2810
f 2301//2811 2300//2812 2299//2806
f 2300//2812 2298//2807 2299//2806
f 2298//2807 2296//2813 2297//2805
f 2293//2814 2083//2544 2057//2498
f 2305//2815 2304//2816 2307//2817
f 2304//2816 2306//2818 2307//2817
f 2307//2817 2308//2819 2290//2802
f 2308//2819 2307//2817 2309//2820
f 2290//2802 2305//2815 2307//2817
f 2290//2802 2288//2799 2305//2815
f 2310//2821 2311//2822 2309//2820
f 2309//2820 2307//2817 2310//2821
f 2309//2820 2312//2823 2308//2819
f 2311//2822 2313//1345 2314//2824
f 2311//2822 2310//2270 2313//1345
f 2048//2489 2309//1873 2315//2077
f 2048//2489 2047//2488 2316//2825
f 2316//2825 2312//1873 2048//2489
f 2048//2489 2312//1873 2309//1873
f 2315//2077 2051//2078 2048//2489
f 2317//2826 2312//1873 2316//2825
f 2319//2827 2322//2828 2315//2829
f 2320//2830 2047//2488 1949//2373
f 2321//2831 1949//2373 1951//2832
f 2322//2828 2321//2831 1951//2832
f 1943//2833 1953//2834 2322//2828
f 1953//2834 2315//2829 2322//2828
f 2318//2835 2319//2827 2311//2822
f 2311//2822 2319//2827 2309//2820
f 2312//2823 2318//2835 2311//2822
f 1953//2834 2051//2836 2315//2829
f 1951//2832 1943//2833 2322//2828
f 1949//2373 2321//2831 2320//2830
f 2316//2825 2047//2488 2320//2830
f 2315//2829 2309//2820 2319//2827
f 2312//2823 2317//2826 2318//2835
f 2318//2835 2317//2826 2316//2825
f 2316//2825 2320//2830 2318//2835
f 2320//2830 2321//2837 2318//2835
f 2321//2837 2322//2828 2318//2835
f 2319//2827 2318//2835 2322//2828
f 2313//2838 2310//2839 2306//2818
f 2306//2818 2303//2810 2313//2838
f 2306//2818 2310//2839 2307//2817
f 2314//2824 2323//2840 2312//2823
f 2312//2823 2323//2840 2308//2819
f 2312//2823 2311//2822 2314//2824
f 2290//2802 2308//2819 2292//2804
f 2287//2798 2324//2841 2325//2842
f 2325//2842 2305//2815 2288//2799
f 2305//2815 2325//2842 2326//2843
f 2326//2843 2327//2844 2306//2818
f 2327//2844 2301//2808 2303//2810
f 2300//2812 2328//2845 2298//2807
f 2295//2846 2296//2813 2294//2847
f 2329//2848 2289//2800 2083//2801
f 2289//2800 2329//2848 2324//2841
f 2324//2841 2287//2798 2289//2800
f 2329//2848 2083//2801 2293//2814
f 2328//2845 2300//2812 2301//2849
f 2327//2844 2303//2810 2306//2818
f 2306//2818 2304//2816 2326//2843
f 2326//2843 2304//2816 2305//2815
f 2325//2842 2288//2799 2287//2798
f 2330//2850 2291//2803 2292//2804
f 2292//2804 2331//2850 2330//2850
f 2332//1873 2333//1873 2330//1873
f 2330//1873 2331//1873 2332//1873
f 2332//2851 2334//2851 2335//2851
f 2335//2851 2333//2851 2332//2851
f 2324//1345 2329//2848 2336//2852
f 2329//2848 2293//2814 2337//2853
f 2325//2196 2324//1345 2338//2200
f 2337//2853 2336//2852 2329//2848
f 2293//2814 2294//2847 2337//2853
f 2298//2807 2328//2845 2339//2854
f 2327//2855 2326//2856 2340//2857
f 2326//2856 2325//2196 2340//2857
f 2296//2813 2298//2807 2341//2858
f 2328//2845 2301//2849 2339//2854
f 2294//2847 2296//2813 2342//2859
f 2301//2849 2327//2855 2343//2860
f 2336//2852 2338//2200 2324//1345
f 2340//2857 2343//2860 2327//2855
f 2338//2200 2340//2857 2325//2196
f 2339//2854 2341//2858 2298//2807
f 2342//2859 2337//2853 2294//2847
f 2343//2860 2339//2854 2301//2849
f 2341//2858 2342//2859 2296//2813
f 2069//2513 2333//2973 2450//2974
f 2450//2974 2448//2975 2069//2513
f 2335//2976 2449//2977 2450//2974
f 2068//2511 2330//2978 2333//2973
f 2049//2490 2291//2803 2330//2978
f 2450//2974 2333//2973 2335//2976
f 2330//2978 2068//2511 2049//2490
f 2333//2973 2069//2513 2068//2511
f 2451//2980 2450//2974 2449//2977
f 2451//2980 2452//2981 2450//2974
f 2454//2982 2442//2967 2441//2966
f 2455//2983 2441//2966 2440//2964
f 2456//2984 2440//2964 2439//2963
f 2457//2985 2439//2963 2438//2962
f 2458//2986 2438//2962 2437//2961
f 2452//2981 2437//2961 2436//2960
f 2459//2987 2436//2960 2435//2959
f 2459//2987 2435//2959 2447//2972
f 2461//2988 2447//2972 2446//2971
f 2462//2989 2446//2971 2445//2970
f 2463//2990 2445//2970 2444//2969
f 2464//2991 2444//2969 2443//2968
f 2465//2992 2443//2968 2442//2967
f 2442//2967 2453//2993 2465//2992
f 2443//2968 2465//2992 2464//2991
f 2444//2969 2464//2991 2463//2990
f 2445//2970 2463//2990 2462//2989
f 2446//2971 2462//2989 2461//2988
f 2447//2972 2461//2988 2460//2994
f 2447//2972 2460//2994 2459//2987
f 2436//2960 2459//2987 2452//2981
f 2437//2961 2452//2981 2458//2986
f 2438//2962 2458//2986 2457//2985
f 2439//2963 2457//2985 2456//2984
f 2440//2964 2456//2984 2455//2983
f 2441//2966 2455//2983 2454//2982
f 2442//2967 2454//2982 2453//2993
f 2466//2995 2467//2996 2458//2986
f 2466//2995 2458//2986 2452//2981
f 2457//2985 2458//2986 2467//2996
f 2468//2997 2467//2996 2466//2995
f 2334//2979 2468//2997 2451//2980
f 2468//2997 2466//2995 2451//2980
f 2332//2998 2469//2998 2468//2997
f 2469//2998 2332//2998 2331//2999
f 2468//2997 2334//2979 2332//2998
f 2308//2819 2470//3000 2331//2999
f 2331//2999 2470//3000 2469//2998
f 2331//2999 2292//2804 2308//2819
f 2466//2995 2452//2981 2451//2980
f 2314//3001 2313//2838 2303//2810
f 2323//3002 2314//3001 2471//3003
f 2303//2810 2471//3003 2314//3001
f 2303//2810 2302//2809 2471//3003
f 2471//3003 2472//3004 2323//3002
f 2323//2840 2473//3005 2470//3006
f 2470//3006 2308//2819 2323//2840
f 2469//1873 2470//1873 2473//1873
f 2473//1873 2474//1873 2469//1873
f 2456//2984 2457//2985 2474//3007
f 2468//2997 2469//3008 2457//2985
f 2457//2985 2469//3008 2474//3007
f 2457//2985 2467//2996 2468//2997
f 2472//3009 2471//3010 2479//3011
f 2479//3011 2483//3012 2472//3009
f 2476//3013 2475//3014 2299//2806
f 2301//2811 2299//2806 2475//3014
f 2302//2196 2477//3015 2479//3011
f 2478//3016 2476//3013 2297//2805
f 2057//2498 2056//3017 2293//2814
f 2481//3018 2478//3016 2295//2846
f 2299//2806 2297//2805 2476//3013
f 2475//3014 2477//3015 2301//2811
f 2480//3019 2479//3011 2477//3015
f 2056//3017 2481//3018 2294//2847
f 2296//2813 2295//2846 2478//3016
f 2294//2847 2293//2814 2056//3017
f 2295//2846 2294//2847 2481//3018
f 2297//2805 2296//2813 2478//3016
f 2477//3015 2302//2196 2301//2811
f 2479//3011 2471//3010 2302//2196
f 2482//3020 2479//3011 2480//3019
f 2482//3020 2483//3012 2479//3011
f 2448//2975 2450//2974 2452//2981
f 2459//2987 2484//3021 2448//2975
f 2460//2994 2484//3021 2459//2987
f 2452//2981 2459//2987 2448//2975
f 2484//3021 2087//2547 2084//2545
f 2484//3021 2485//3022 2107//2564
f 2484//3021 2486//3023 2485//3022
f 2448//2975 2484//3021 2084//2545
f 2084//2545 2069//2546 2448//2975
f 2107//2564 2087//2547 2484//3021
f 2487//3024 2488//3025 2454//2982
f 2488//3025 2489//3026 2453//2993
f 2489//3026 2490//3027 2465//2992
f 2490//3027 2491//3028 2463//2990
f 2491//3028 2492//3029 2462//2989
f 2461//2988 2492//3029 2486//3023
f 2487//3024 2455//2983 2456//2984
f 2486//3023 2460//2994 2461//2988
f 2461//2988 2462//2989 2492//3029
f 2462//2989 2463//2990 2491//3028
f 2463//2990 2464//2991 2490//3027
f 2464//2991 2465//2992 2490//3027
f 2465//2992 2453//2993 2489//3026
f 2453//2993 2454//2982 2488//3025
f 2454//2982 2455//2983 2487//3024
f 2484//3021 2460//2994 2486//3023
f 2473//3030 2472//3004 2456//2984
f 2472//3004 2487//3024 2456//2984
f 2472//3004 2473//3030 2323//3002
f 2456//2984 2474//3007 2473//3030
f 2472//3009 2483//3012 2495//3031
f 2493//3032 2494//3033 2488//3034
f 2496//3035 2493//3032 2487//3036
f 2489//3037 2488//3034 2494//3033
f 2494//3033 2497//3038 2490//3038
f 2496//3035 2495//3031 2499//3039
f 2497//3038 2498//3040 2490//3038
f 2492//3029 2485//3041 2486//3023
f 2495//3031 2496//3035 2487//3036
f 2490//3038 2489//3037 2494//3033
f 2491//3042 2490//3038 2498//3040
f 2498//3040 2500//3043 2492//3029
f 2500//3043 2485//3041 2492//3029
f 2488//3034 2487//3036 2493//3032
f 2487//3036 2472//3009 2495//3031
f 2492//3029 2491//3042 2498//3040
f 2483//3012 2482//3020 2499//3039
f 2499//3039 2495//3031 2483//3012
f 2481//3044 2056//2497 1978//2398
f 1978//2398 1977//3045 2481//3044
f 2478//3046 2481//3044 1977//3045
f 2026//2460 2478//3046 1976//2461
f 2478//3046 2026//2460 2028//2464
f 2476//3047 2028//2464 2501//3048
f 2476//3047 2501//3048 2502//3049
f 2475//3050 2476//3047 2502//3049
f 2502//3049 2503//3051 2475//3050
f 2503//3051 2504//3052 2475//3050
f 2504//3052 2477//3015 2475//3050
f 2477//3015 2504//3052 2505//3053
f 2028//2464 2476//3047 2478//3046
f 1977//3045 1976//2461 2478//3046
f 2504//3052 2503//3051 2506//3054
f 2506//3054 2507//3055 2504//3052
f 2507//3055 2505//3056 2504//3052
f 2507//3055 2508//3057 2505//3056
f 2509//3058 2263//2774 2247//2750
f 2247//2750 2248//3059 2509//3058
f 2510//3060 2509//3058 2248//3059
f 2250//2751 2510//3060 2249//2752
f 2510//3060 2250//2751 2252//2755
f 2511//3061 2252//2755 2512//3062
f 2511//3061 2512//3062 2514//3063
f 2513//3064 2511//3061 2514//3063
f 2514//3063 2515//3065 2513//3064
f 2515//3065 2516//3066 2513//3064
f 2516//3066 2517//3067 2513//3064
f 2517//3067 2516//3066 2518//3068
f 2252//2755 2511//3061 2510//3060
f 2248//3059 2249//2752 2510//3060
f 2519//3069 2518//3070 2516//3066
f 2516//3066 2515//3065 2520//3071
f 2520//3071 2519//3069 2516//3066
f 2519//3069 2521//3072 2518//3070
f 2515//3065 2493//3073 2520//3071
f 2493//3073 2515//3065 2514//3074
f 2514//3074 2494//3075 2493//3073
f 2494//3075 2514//3074 2512//3076
f 2497//3077 2494//3075 2512//3076
f 2512//3076 2252//3078 2497//3077
f 2109//2753 2498//3079 2251//2754
f 2497//3077 2252//3078 2251//2754
f 2251//2754 2498//3079 2497//3077
f 2498//3079 2109//2753 2108//3080
f 2498//3079 2108//3080 2107//2564
f 2107//2564 2500//3081 2498//3079
f 2485//3022 2500//3081 2107//2564
f 2520//3071 2493//3073 2523//3082
f 2523//3082 2493//3073 2496//3035
f 2496//3035 2522//3083 2523//3082
f 2522//3083 2526//3084 2525//3085
f 2522//3083 2527//3086 2524//3087
f 2524//3087 2526//3084 2522//3083
f 2525//3085 2523//3082 2522//3083
f 2522//3083 2499//3039 2528//3088
f 2499//3039 2522//3083 2496//3035
f 2528//3088 2499//3039 2482//3020
f 2528//3088 2529//3089 2522//3083
f 2530//3090 2528//3088 2482//3020
f 2530//3090 2480//3019 2505//3053
f 2477//3015 2505//3053 2480//3019
f 2482//3020 2480//3019 2530//3090
f 2531//3091 2532//3092 2528//3088
f 2528//3088 2530//3090 2531//3091
f 2533//3093 2532//3094 2531//3091
f 2532//3092 2529//3089 2528//3088
f 2532//3092 2534//3095 2529//3089
f 2535//3096 2532//3094 2533//3093
f 2534//3095 2532//3092 2536//3097
f 2535//3096 2537//3098 2536//3097
f 2536//3097 2532//3094 2535//3096
f 2538//3099 2260//2770 2259//2769
f 2539//3100 2540//3101 2259//2769
f 2541//3102 2262//1873 2265//3103
f 2539//3100 2259//2769 2261//2771
f 2261//2771 2541//3102 2539//3100
f 2261//2771 2262//1873 2541//3102
f 2538//3099 2259//2769 2542//3104
f 2259//2769 2540//3101 2542//3104
f 2543//3105 2174//2650 2260//2770
f 2544//3106 2543//3105 2260//2770
f 2260//2770 2538//3099 2544//3106
f 2538//3099 2542//3104 2544//3106
f 2264//2775 2545//3107 2546//3108
f 2551//3109 2552//3110 2553//3111
f 2554//3112 2555//3113 2556//3114
f 2554//3115 2553//3111 2552//3110
f 2551//3116 2549//3117 2550//3118
f 2549//3117 2547//3119 2548//3120
f 2546//3108 2265//2776 2264//2775
f 2510//3121 2511//3122 2550//3118
f 2509//3123 2510//3121 2548//3120
f 2550//3118 2549//3117 2510//3121
f 2549//3117 2548//3120 2510//3121
f 2511//3122 2513//3124 2552//3110
f 2555//2078 2517//3067 2557//3125
f 2552//3110 2551//3116 2511//3122
f 2517//3067 2558//3126 2557//3125
f 2551//3116 2550//3118 2511//3122
f 2264//2775 2263//3127 2545//3107
f 2263//3127 2509//3123 2547//3119
f 2554//3115 2552//3110 2513//3124
f 2513//3124 2517//3067 2554//3115
f 2547//3119 2545//3107 2263//3127
f 2517//3067 2555//2078 2554//3115
f 2548//3120 2547//3119 2509//3123
f 2557//3125 2559//3128 2555//2078
f 2560//3129 2559//3128 2557//3125
f 2557//3125 2750//3130 2560//3129
f 2750//3130 2557//3125 2558//3126
f 2561//3131 2750//3130 2558//3126
f 2563//3132 2562//3133 2565//3134
f 2562//3133 2564//3135 2565//3134
f 2565//3134 2566//3136 2542//3104
f 2566//3136 2565//3134 2567//3137
f 2542//3104 2563//3132 2565//3134
f 2542//3104 2540//3101 2563//3132
f 2568//3138 2569//3139 2567//3137
f 2567//3137 2565//3134 2568//3138
f 2567//3137 2570//3140 2566//3136
f 2569//3139 2571//1873 2572//3141
f 2569//3139 2568//3142 2571//1873
f 2239//2740 2567//1345 2573//3143
f 2239//2740 2238//2739 2574//3144
f 2574//3144 2570//1345 2239//2740
f 2239//2740 2570//1345 2567//1345
f 2573//3143 2258//2196 2239//2740
f 2575//3145 2570//1345 2574//3144
f 2577//3146 2578//3147 2573//3148
f 2579//3149 2238//2739 2237//2738
f 2580//3150 2237//2738 2254//3151
f 2581//3152 2580//3150 2254//3151
f 2581//3152 2254//3151 2255//3153
f 2578//3147 2581//3152 2255//3153
f 2255//3153 2573//3148 2578//3147
f 2576//3154 2577//3146 2569//3139
f 2569//3139 2577//3146 2567//3137
f 2570//3140 2576//3154 2569//3139
f 2255//3153 2258//3155 2573//3148
f 2237//2738 2580//3150 2579//3149
f 2574//3144 2238//2739 2579//3149
f 2573//3148 2567//3137 2577//3146
f 2570//3140 2575//3145 2576//3154
f 2576//3154 2575//3145 2574//3144
f 2574//3144 2579//3149 2576//3154
f 2580//3150 2581//3152 2578//3156
f 2580//3150 2577//3157 2576//3154
f 2580//3150 2578//3156 2577//3157
f 2579//3149 2580//3150 2576//3154
f 2571//3158 2568//3159 2564//3135
f 2564//3135 2556//3114 2571//3158
f 2564//3135 2568//3159 2565//3134
f 2572//3160 2571//3158 2556//3114
f 2582//3161 2572//3160 2559//3162
f 2556//3114 2559//3162 2572//3160
f 2556//3114 2555//3113 2559//3162
f 2559//3162 2560//3163 2582//3161
f 2572//3141 2582//3164 2570//3140
f 2570//3140 2582//3164 2566//3136
f 2570//3140 2569//3139 2572//3141
f 2542//3104 2566//3136 2544//3106
f 2539//3100 2583//3165 2584//3166
f 2584//3166 2563//3132 2540//3101
f 2563//3132 2584//3166 2585//3167
f 2585//3167 2586//3168 2564//3135
f 2556//3114 2586//3168 2602//3169
f 2602//3169 2554//3112 2556//3114
f 2553//3111 2587//3170 2588//3171
f 2551//3109 2588//3171 2589//3172
f 2545//3107 2547//3119 2546//3108
f 2591//3173 2541//3102 2265//3103
f 2541//3102 2591//3173 2583//3165
f 2583//3165 2539//3100 2541//3102
f 2591//3173 2265//3103 2546//3174
f 2590//3175 2547//3119 2549//3176
f 2589//3172 2549//3176 2551//3109
f 2588//3171 2551//3109 2553//3111
f 2587//3170 2553//3111 2554//3112
f 2586//3168 2556//3114 2564//3135
f 2564//3135 2562//3133 2585//3167
f 2585//3167 2562//3133 2563//3132
f 2584//3166 2540//3101 2539//3100
f 2592//3177 2593//3177 2543//3105
f 2543//3105 2544//3106 2592//3177
f 2594//1345 2595//1345 2593//1345
f 2593//1345 2592//1345 2594//1345
f 2595//3178 2594//3178 2596//3178
f 2596//3178 2597//3178 2595//3178
f 2566//3136 2582//3164 2598//3179
f 2598//3179 2599//3179 2566//3136
f 2598//1345 2600//1345 2601//1345
f 2601//1345 2599//1345 2598//1345
f 2602//3169 2587//3170 2554//3112
f 2589//3172 2590//3175 2549//3176
f 2590//3175 2546//3108 2547//3119
f 2711//2200 2712//1345 2704//2196
f 2713//1345 2714//1345 2708//1345
f 2712//1345 2715//1345 2705//1345
f 2709//1345 2708//1345 2714//1345
f 2715//1345 2716//1345 2706//1345
f 2717//1345 2713//1345 2708//1345
f 2714//1345 2718//3292 2710//3293
f 2708//1345 2707//1345 2717//1345
f 2703//2270 2710//3293 2718//3292
f 2705//1345 2704//2196 2712//1345
f 2716//1345 2717//1345 2707//1345
f 2718//3292 2719//2268 2703//2270
f 2706//1345 2705//1345 2715//1345
f 2719//2268 2711//2200 2703//2270
f 2707//1345 2706//1345 2716//1345
f 2710//3293 2709//1345 2714//1345
f 2704//2196 2703//2270 2711//2200
f 2046//2485 2595//3294 2721//3295
f 2721//3295 2720//3296 2046//2485
f 2597//3297 2722//3298 2721//3295
f 2170//2484 2593//3299 2595//3294
f 2174//2650 2543//3105 2593//3299
f 2721//3295 2595//3294 2597//3297
f 2593//3299 2170//2484 2174//2650
f 2595//3294 2046//2485 2170//2484
f 2723//3300 2721//3295 2722//3298
f 2723//3300 2724//3302 2721//3295
f 2596//3301 2725//3303 2723//3300
f 2725//3303 2726//3304 2723//3300
f 2594//3305 2601//3305 2725//3303
f 2601//3305 2594//3305 2592//3306
f 2725//3303 2596//3301 2594//3305
f 2566//3136 2599//3307 2592//3306
f 2592//3306 2599//3307 2601//3305
f 2592//3306 2544//3106 2566//3136
f 2726//3304 2724//3302 2723//3300
f 2726//3304 2727//3308 2728//3309
f 2726//3304 2728//3309 2724//3302
f 2729//3310 2728//3309 2727//3308
f 2725//3303 2727//3308 2726//3304
f 2731//3311 2712//3312 2711//3313
f 2732//3314 2711//3313 2719//3315
f 2733//3316 2719//3315 2718//3317
f 2728//3309 2718//3317 2714//3318
f 2734//3319 2714//3318 2713//3320
f 2734//3319 2713//3320 2717//3321
f 2736//3322 2717//3321 2716//3323
f 2738//3324 2716//3323 2715//3325
f 2740//3326 2715//3325 2712//3312
f 2712//3312 2730//3327 2740//3326
f 2715//3325 2740//3326 2739//3328
f 2715//3325 2739//3328 2738//3324
f 2716//3323 2738//3324 2737//3329
f 2716//3323 2737//3329 2736//3322
f 2717//3321 2736//3322 2735//3330
f 2717//3321 2735//3330 2734//3319
f 2714//3318 2734//3319 2724//3302
f 2714//3318 2724//3302 2728//3309
f 2718//3317 2728//3309 2729//3310
f 2718//3317 2729//3310 2733//3316
f 2719//3315 2733//3316 2732//3314
f 2711//3313 2732//3314 2731//3311
f 2712//3312 2731//3311 2730//3327
f 2733//3316 2729//3310 2600//3331
f 2725//3303 2601//3332 2729//3310
f 2729//3310 2601//3332 2600//3331
f 2729//3310 2727//3308 2725//3303
f 2720//3296 2721//3295 2724//3302
f 2734//3319 2741//3333 2720//3296
f 2735//3330 2741//3333 2734//3319
f 2724//3302 2734//3319 2720//3296
f 2741//3333 2029//2465 2044//2477
f 2741//3333 2742//3334 2031//2466
f 2741//3333 2743//3335 2742//3334
f 2720//3296 2741//3333 2044//2477
f 2044//2477 2046//2482 2720//3296
f 2031//2466 2029//2465 2741//3333
f 2744//3336 2745//3337 2731//3311
f 2745//3337 2746//3338 2730//3327
f 2746//3338 2747//3339 2740//3326
f 2747//3339 2748//3340 2738//3324
f 2748//3340 2749//3341 2737//3329
f 2736//3322 2749//3341 2743//3335
f 2744//3336 2732//3314 2733//3316
f 2743//3335 2735//3330 2736//3322
f 2736//3322 2737//3329 2749//3341
f 2737//3329 2738//3324 2748//3340
f 2738//3324 2739//3328 2747//3339
f 2739//3328 2740//3326 2747//3339
f 2740//3326 2730//3327 2746//3338
f 2730//3327 2731//3311 2745//3337
f 2731//3311 2732//3314 2744//3336
f 2741//3333 2735//3330 2743//3335
f 2598//3342 2560//3163 2733//3316
f 2560//3163 2744//3336 2733//3316
f 2560//3163 2598//3342 2582//3161
f 2733//3316 2600//3331 2598//3342
f 2560//3129 2750//3130 2751//3343
f 2752//3344 2753//3345 2744//3346
f 2753//3345 2754//3347 2745//3348
f 2746//3349 2745//3348 2754//3347
f 2755//3350 2756//3351 2747//3350
f 2752//3344 2751//3343 2758//3352
f 2745//3348 2744//3346 2753//3345
f 2754//3347 2755//3350 2747//3350
f 2757//2205 2742//3353 2749//3341
f 2751//3343 2752//3344 2744//3346
f 2756//3351 2757//2205 2749//3341
f 2749//3341 2742//3353 2743//3335
f 2747//3350 2746//3349 2754//3347
f 2744//3346 2560//3129 2751//3343
f 2748//3354 2747//3350 2756//3351
f 2749//3341 2748//3354 2756//3351
f 2751//3343 2561//3131 2758//3352
f 2561//3131 2751//3343 2750//3130
f 2503//3051 2753//3355 2506//3054
f 2753//3355 2503//3051 2502//3356
f 2502//3356 2754//3357 2753//3355
f 2754//3357 2502//3356 2501//3358
f 2755//3359 2754//3357 2501//3358
f 2501//3358 2028//3360 2755//3359
f 2024//2462 2756//3361 2027//2463
f 2755//3359 2028//3360 2027//2463
f 2027//2463 2756//3361 2755//3359
f 2756//3361 2024//2462 2030//3362
f 2756//3361 2030//3362 2031//2466
f 2031//2466 2757//3363 2756//3361
f 2742//3334 2757//3363 2031//2466
f 2506//3054 2753//3355 2760//3364
f 2760//3364 2753//3355 2752//3344
f 2752//3344 2759//3365 2760//3364
f 2761//3366 2762//3367 2759//3365
f 2759//3365 2764//3368 2763//3369
f 2763//3369 2761//3366 2759//3365
f 2762//3367 2760//3364 2759//3365
f 2759//3365 2758//3352 2765//3370
f 2758//3352 2759//3365 2752//3344
f 2765//3370 2758//3352 2561//3131
f 2765//3370 2766//3371 2759//3365
f 2767//3372 2766//3371 2765//3370
f 2767//3372 2768//3373 2766//3371
f 2769//3374 2765//3370 2561//3131
f 2769//3374 2558//3126 2518//3068
f 2517//3067 2518//3068 2558//3126
f 2561//3131 2558//3126 2769//3374
f 2770//3375 2767//3372 2765//3370
f 2765//3370 2769//3374 2770//3375
f 2771//3376 2767//3377 2770//3375
f 2772//3378 2767//3377 2771//3376
f 2768//3373 2767//3372 2773//3379
f 2772//3378 2774//3380 2773//3379
f 2773//3379 2767//3377 2772//3378
f 2529//3381 2533//3093 2531//3091
f 2766//3382 2771//3376 2770//3375
f 2508//3383 2529//3381 2530//3090
f 2529//3381 2534//3095 2533//3093
f 2534//3095 2536//3097 2537//3098
f 2768//3373 2773//3379 2774//3380
f 2521//3384 2766//3382 2769//3374
f 2766//3382 2768//3373 2771//3376
f 2531//3091 2530//3090 2529//3381
f 2529//3381 2508//3383 2766//3382
f 2533//3093 2537//3098 2535//3096
f 2771//3376 2774//3380 2772//3378
f 2770//3375 2769//3374 2766//3382
f 2766//3382 2521//3384 2529//3381
f 2537//3098 2533//3093 2534//3095
f 2774//3380 2771//3376 2768//3373
f 2505//3053 2508//3383 2530//3090
f 2522//3083 2529//3381 2521//3384
f 2775//3385 2527//3086 2522//3083
f 2759//3365 2766//3382 2508//3383
f 2776//3386 2764//3368 2759//3365
f 2522//3083 2777//3387 2775//3385
f 2518//3068 2521//3384 2769//3374
f 2759//3365 2778//3388 2776//3386
f 2521//3384 2777//3387 2522//3083
f 2508//3383 2778//3388 2759//3365
f 2779//3389 2778//3390 2507//3055
f 2779//3389 2507//3055 2506//3054
f 2780//3391 2779//3389 2760//3364
f 2760//3364 2762//3367 2780//3391
f 2763//3369 2764//3368 2776//3386
f 2506//3054 2760//3364 2779//3389
f 2778//3390 2508//3392 2507//3055
f 2781//3393 2777//3394 2519//3069
f 2781//3393 2519//3069 2520//3071
f 2782//3395 2781//3393 2523//3082
f 2523//3082 2525//3085 2782//3395
f 2524//3087 2527//3086 2775//3385
f 2520//3071 2523//3082 2781//3393
f 2777//3394 2521//3396 2519//3069
f 2783//3397 2802//3398 2763//3369
f 2783//3397 2784//3399 2802//3398
f 2763//3369 2776//3386 2783//3397
f 2784//3399 2783//3400 2785//3401
f 2785//3401 2786//3402 2784//3399
f 2786//3402 2785//3401 2787//3403
f 2789//3404 2787//3403 2790//3405
f 2792//3406 2790//3405 2793//3407
f 2792//3406 2793//3407 2794//3408
f 2794//3408 2795//3409 2792//3406
f 2790//3405 2792//3406 2791//3410
f 2790//3405 2791//3410 2789//3404
f 2787//3403 2789//3404 2788//3411
f 2787//3403 2788//3411 2786//3402
f 2795//3409 2794//3408 2796//3412
f 2797//3413 2784//3399 2788//3156
f 2798//3414 2799//3415 2791//3416
f 2800//3417 2797//3413 2789//3032
f 2784//3399 2786//3402 2788//3156
f 2789//3032 2791//3416 2799//3415
f 2799//3415 2800//3417 2789//3032
f 2788//3156 2789//3032 2797//3413
f 2795//3409 2801//3418 2792//3406
f 2791//3416 2792//3406 2798//3414
f 2784//3399 2797//3413 2802//3398
f 2792//3406 2801//3418 2798//3414
f 2796//3412 2803//3419 2801//3420
f 2801//3420 2795//3409 2796//3412
f 2803//3421 2804//3422 2798//3423
f 2798//3423 2801//3424 2803//3421
f 2804//3425 2805//3426 2800//3427
f 2806//3428 2780//3391 2802//3398
f 2762//3367 2761//3366 2802//3398
f 2762//3367 2802//3398 2780//3391
f 2802//3398 2761//3366 2763//3369
f 2800//3427 2805//3426 2807//3429
f 2807//3429 2806//3428 2797//3430
f 2807//3429 2797//3430 2800//3427
f 2798//3414 2804//3425 2799//3415
f 2802//3398 2797//3430 2806//3428
f 2800//3427 2799//3415 2804//3425
f 2808//3431 2827//3432 2524//3087
f 2808//3431 2809//3433 2827//3432
f 2524//3087 2775//3385 2808//3431
f 2809//3433 2808//3434 2810//3435
f 2810//3435 2811//3436 2809//3433
f 2811//3436 2810//3435 2812//3437
f 2814//3438 2812//3437 2815//3439
f 2817//3440 2815//3439 2818//3441
f 2817//3440 2818//3441 2819//3442
f 2819//3442 2820//3443 2817//3440
f 2815//3439 2817//3440 2816//3444
f 2815//3439 2816//3444 2814//3438
f 2812//3437 2814//3438 2813//3445
f 2812//3437 2813//3445 2811//3436
f 2820//3443 2819//3442 2821//3446
f 2826//3447 2809//3433 2813//3448
f 2822//3449 2826//3447 2814//3345
f 2809//3433 2811//3436 2813//3448
f 2826//3447 2813//3448 2814//3345
f 2816//3450 2817//3440 2823//3451
f 2824//3452 2822//3449 2814//3345
f 2820//3443 2825//3453 2817//3440
f 2817//3440 2825//3453 2823//3451
f 2823//3451 2824//3452 2816//3450
f 2814//3345 2816//3450 2824//3452
f 2826//3447 2827//3432 2809//3433
f 2821//3446 2828//3454 2825//3455
f 2825//3455 2820//3443 2821//3446
f 2828//3456 2829//3457 2823//3458
f 2823//3458 2825//3459 2828//3456
f 2829//3460 2830//3461 2822//3462
f 2831//3463 2782//3395 2827//3432
f 2525//3085 2526//3084 2827//3432
f 2525//3085 2827//3432 2782//3395
f 2827//3432 2526//3084 2524//3087
f 2822//3462 2830//3461 2832//3464
f 2832//3464 2831//3463 2826//3465
f 2832//3464 2826//3465 2822//3462
f 2823//3451 2829//3460 2824//3452
f 2827//3432 2826//3465 2831//3463
f 2822//3462 2824//3452 2829//3460
f 2833//3466 2834//3467 2835//3468
f 2834//3467 2806//3469 2835//3468
f 2806//3469 2807//3470 2835//3468
f 2807//3470 2805//3471 2838//3472
f 2837//3473 2838//3472 2805//3471
f 2836//3474 2839//3475 2837//3473
f 2805//3471 2836//3474 2837//3473
f 2807//3470 2838//3472 2835//3468
f 2835//3468 2840//3476 2833//3466
f 2841//3477 2833//3466 2840//3476
f 2840//3476 2842//3478 2841//3477
f 2842//3478 2852//3479 2843//3480
f 2843//3480 2841//3477 2842//3478
f 2846//3481 2845//3482 2847//3483
f 2848//3484 2847//3483 2849//3485
f 2850//3486 2849//3485 2851//3487
f 2852//3479 2851//3487 2843//3480
f 2851//3487 2852//3479 2850//3486
f 2849//3485 2850//3486 2848//3484
f 2847//3483 2848//3484 2846//3481
f 2845//3482 2846//3481 2844//3488
f 2805//3489 2790//3490 2787//3491
f 2836//3474 2851//3492 2849//3493
f 2851//3492 2836//3474 2841//3477
f 2843//3480 2851//3492 2841//3477
f 2783//3400 2787//3491 2785//3401
f 2790//3490 2805//3489 2804//3422
f 2804//3422 2803//3421 2790//3490
f 2796//3412 2794//3408 2793//3143
f 2853//3494 2847//3495 2845//3482
f 2787//3491 2783//3400 2805//3489
f 2841//3477 2806//3496 2834//3497
f 2783//3400 2780//3498 2806//3496
f 2783//3400 2776//3386 2780//3498
f 2793//3143 2803//3421 2796//3412
f 2854//3499 2853//3494 2845//3482
f 2847//3495 2853//3494 2836//3474
f 2849//3493 2847//3495 2836//3474
f 2793//3143 2790//3490 2803//3421
f 2779//3500 2780//3498 2776//3386
f 2834//3497 2833//3466 2841//3477
f 2841//3477 2836//3474 2806//3496
f 2778//3388 2779//3500 2776//3386
f 2806//3496 2836//3474 2805//3489
f 2806//3496 2805//3489 2783//3400
f 2838//3501 2850//3502 2852//3479
f 2852//3479 2842//3478 2838//3501
f 2837//3503 2848//3504 2850//3502
f 2839//3505 2855//3506 2846//3481
f 2842//3478 2835//3507 2838//3501
f 2850//3502 2838//3501 2837//3503
f 2846//3481 2848//3504 2839//3505
f 2842//3478 2840//3476 2835//3507
f 2848//3504 2837//3503 2839//3505
f 2846//3481 2855//3506 2844//3488
f 2854//3499 2844//3488 2855//3508
f 2855//3508 2853//3509 2854//3499
f 2854//3499 2845//3482 2844//3488
f 2853//3494 2839//3475 2836//3474
f 2853//3494 2855//3510 2839//3475
f 2856//3511 2857//3512 2858//3513
f 2857//3512 2831//3514 2858//3513
f 2831//3514 2832//3515 2858//3513
f 2832//3515 2830//3516 2861//3517
f 2860//3518 2861//3517 2830//3516
f 2859//3519 2862//3520 2860//3518
f 2830//3516 2859//3519 2860//3518
f 2832//3515 2861//3517 2858//3513
f 2858//3513 2863//3521 2856//3511
f 2864//3522 2856//3511 2863//3521
f 2863//3521 2865//3523 2864//3522
f 2865//3523 2875//3524 2866//3525
f 2866//3525 2864//3522 2865//3523
f 2869//3526 2868//3527 2870//3528
f 2871//3529 2870//3528 2872//3530
f 2873//3531 2872//3530 2874//3532
f 2875//3524 2874//3532 2866//3525
f 2874//3532 2875//3524 2873//3531
f 2872//3530 2873//3531 2871//3529
f 2870//3528 2871//3529 2869//3526
f 2868//3527 2869//3526 2867//3533
f 2830//3534 2815//3535 2812//3536
f 2876//3537 2877//3538 2868//3527
f 2815//3535 2830//3534 2829//3457
f 2829//3457 2828//3456 2815//3535
f 2821//3446 2819//3442 2818//2077
f 2808//3434 2812//3536 2810//3435
f 2828//3456 2818//2077 2815//3535
f 2877//3538 2870//3539 2868//3527
f 2870//3539 2877//3538 2859//3519
f 2872//3540 2870//3539 2859//3519
f 2859//3519 2874//3541 2872//3540
f 2812//3536 2808//3434 2830//3534
f 2818//2077 2828//3456 2821//3446
f 2874//3541 2859//3519 2864//3522
f 2808//3434 2782//3542 2831//3543
f 2808//3434 2775//3385 2782//3542
f 2864//3522 2831//3543 2857//3544
f 2781//3545 2782//3542 2775//3385
f 2857//3544 2856//3511 2864//3522
f 2864//3522 2859//3519 2831//3543
f 2866//3525 2874//3541 2864//3522
f 2777//3387 2781//3545 2775//3385
f 2831//3543 2859//3519 2830//3534
f 2831//3543 2830//3534 2808//3434
f 2860//3546 2871//3547 2873//3548
f 2873//3548 2875//3524 2861//3549
f 2873//3548 2861//3549 2860//3546
f 2875//3524 2865//3523 2861//3549
f 2871//3547 2860//3546 2862//3550
f 2858//3551 2861//3549 2865//3523
f 2862//3550 2878//2194 2869//3526
f 2865//3523 2863//3521 2858//3551
f 2869//3526 2871//3547 2862//3550
f 2869//3526 2878//2194 2867//3533
f 2876//3537 2867//3533 2878//3552
f 2878//3552 2877//3553 2876//3537
f 2876//3537 2868//3527 2867//3533
f 2877//3538 2878//3554 2862//3520
f 2877//3538 2862//3520 2859//3519
f 2111//2568 2886//3565 2888//2621
f 2127//2588 2132//2590 2896//3572
f 2886//3565 2111//2568 2114//2571
f 2897//2620 2896//3572 2132//2590
f 2903//3577 2149//3578 2150//3579
f 2903//3577 2150//3579 2904//3580
f 2905//3581 2904//3580 2150//3579
f 2150//3579 2112//3582 2905//3581
f 2149//3578 2903//3577 2902//3583
f 2903//3577 2904//3580 2906//3584
f 2906//3584 2907//3585 2903//3577
f 2907//3586 2906//3587 2908//3588
f 2904//3580 2905//3581 2906//3584
f 2909//3589 2908//3588 2906//3587
f 2909//3589 2906//3587 2910//3590
f 2911//3591 2910//3590 2906//3584
f 2906//3584 2905//3581 2911//3591
f 2905//3581 2112//3582 2912//3592
f 2912//3592 2911//3591 2905//3581
f 2908//3588 2149//3578 2902//3583
f 2902//3583 2907//3586 2908//3588
f 2920//3593 2903//3577 2907//3585
f 2907//3585 2913//3594 2920//3593
f 2920//3593 2914//3595 2902//3596
f 2902//3596 2903//3577 2920//3593
f 2916//3597 2917//3598 2918//3599
f 2916//3597 2918//3599 2919//3600
f 2919//3600 2921//3601 2920//3593
f 2921//3601 2914//3595 2920//3593
f 2920//3593 2916//3597 2919//3600
f 2916//3597 2915//3602 2917//3598
f 2916//3603 2924//3604 2923//3605
f 2925//3606 2924//3604 2916//3603
f 2916//3603 2926//3607 2925//3606
f 2913//3594 2926//3607 2920//3593
f 2916//3603 2920//3593 2926//3607
f 2916//3597 2927//3608 2922//3609
f 2922//3609 2915//3602 2916//3597
f 2929//3610 2923//1873 2915//3602
f 2915//3602 2922//3609 2929//3610
f 2922//3609 2927//3608 2928//3611
f 2928//3611 2929//3610 2922//3609
f 2907//3612 2902//3596 2914//3595
f 2914//3595 2921//3601 2926//3613
f 2921//3601 2919//3600 2926//3613
f 2919//3600 2918//3599 2925//3614
f 2918//3599 2917//3598 2924//3615
f 2917//3598 2915//3602 2923//1873
f 2926//3613 2913//3616 2914//3595
f 2925//3614 2926//3613 2919//3600
f 2923//1873 2924//3615 2917//3598
f 2924//3615 2925//3614 2918//3599
f 2914//3595 2913//3616 2907//3612
f 2927//3608 2929//3617 2928//3611
f 2929//3617 2927//3608 2916//3603
f 2916//3603 2923//3605 2929//3617
f 2930//3618 2112//3582 2151//3619
f 2910//3590 2151//3619 2909//3589
f 2908//3588 2909//3589 2151//3619
f 2151//3619 2149//3578 2908//3588
f 2151//3619 2910//3590 2930//3618
f 2112//3582 2930//3618 2912//3592
f 2931//3620 2938//3621 2911//3591
f 2911//3591 2938//3621 2910//3590
f 2938//3621 2932//3622 2912//3623
f 2912//3623 2930//3618 2938//3621
f 2910//3590 2938//3621 2930//3618
f 2934//3624 2935//3625 2936//3626
f 2934//3624 2936//3626 2937//3627
f 2937//3627 2939//3628 2938//3621
f 2939//3628 2932//3622 2938//3621
f 2938//3621 2934//3624 2937//3627
f 2934//3624 2933//3629 2935//3625
f 2934//3630 2942//3631 2941//3632
f 2943//3633 2942//3631 2934//3630
f 2934//3630 2944//3634 2943//3633
f 2931//3620 2944//3634 2938//3621
f 2934//3630 2938//3621 2944//3634
f 2934//3624 2945//3635 2940//3636
f 2940//3636 2933//3629 2934//3624
f 2946//3637 2941//1345 2933//3629
f 2940//3636 2945//3635 2947//3638
f 2933//3629 2940//3636 2946//3637
f 2911//3591 2912//3623 2932//3622
f 2937//3627 2936//3626 2943//3639
f 2932//3622 2939//3628 2944//3640
f 2939//3628 2937//3627 2944//3640
f 2942//3641 2943//3639 2936//3626
f 2935//3625 2933//3629 2941//1345
f 2947//3638 2946//3637 2940//3636
f 2944//3640 2931//3620 2932//3622
f 2943//3639 2944//3640 2937//3627
f 2936//3626 2935//3625 2942//3641
f 2941//1345 2942//3641 2935//3625
f 2932//3622 2931//3620 2911//3591
f 2945//3635 2946//3642 2947//3638
f 2946//3642 2945//3635 2934//3630
f 2934//3630 2941//3632 2946//3642
f 3035//1873 3045//1873 3054//1873
f 3032//1873 3036//1873 3053//1873
f 3054//1873 3036//1873 3035//1873
f 3037//3716 3042//1873 3040//3721
f 3051//1873 3034//1873 3033//1873
f 3036//1873 3054//1873 3053//1873
f 3051//1873 3048//1873 3034//1873
f 3033//1873 3032//1873 3053//1873
f 3037//3716 3038//1873 3042//1873
f 3038//1873 3034//1873 3048//1873
f 3053//1873 3051//1873 3033//1873
f 3035//1873 3039//3717 3045//1873
f 3047//3719 3045//1873 3039//3717
f 3048//1873 3042//1873 3038//1873
f 3059//1873 3063//1873 3061//3743
f 3063//1873 3062//3745 3061//3743
f 3060//3741 3059//1873 3061//3743
f 3067//3754 3066//1873 3068//3753
f 3066//1873 3065//1873 3068//3753
f 3065//1873 3064//3748 3068//3753
f 3069//1873 3073//1873 3071//3743
f 3073//1873 3072//3745 3071//3743
f 3070//3741 3069//1873 3071//3743
f 3078//1873 3077//1873 3075//3760
f 3077//1873 3076//3762 3075//3760
f 3074//3757 3078//1873 3075//3760
f 3082//3773 3081//1873 3083//3774
f 3081//1873 3080//1873 3083//3774
f 3080//1873 3079//3767 3083//3774
f 3088//1873 3087//3777 3086//3762
f 3085//3760 3084//1873 3086//3762
f 3084//1873 3088//1873 3086//3762
f 3090//3779 3089//3789 3250//4030
f 3091//3780 3090//3779 3252//4031
f 3092//3781 3091//3780 3252//4031
f 3093//3783 3092//3781 3253//4032
f 3094//3785 3093//3783 3254//4033
f 3096//3788 3095//3786 3255//4034
f 3089//3789 3096//3788 3256//4035
f 3256//4035 3250//4030 3089//3789
f 3255//4034 3256//4035 3096//3788
f 3095//3786 3094//3785 3255//4034
f 3254//4033 3255//4034 3094//3785
f 3253//4032 3254//4033 3093//3783
f 3252//4031 3253//4032 3092//3781
f 3251//4036 3252//4031 3090//3779
f 3250//4030 3251//4036 3090//3779
f 3251//4036 3250//1873 3252//4031
f 3250//1873 3256//1873 3252//4031
f 3256//1873 3255//1873 3252//4031
f 3255//1873 3254//2078 3252//4031
f 3254//2078 3253//4032 3252//4031
f 3257//4037 3263//4038 3100//3797
f 3258//4039 3257//4037 3099//3802
f 3259//4040 3258//4039 3097//3790
f 3260//4041 3259//4040 3097//3790
f 3261//4042 3260//4041 3103//3801
f 3262//4043 3261//4042 3102//3799
f 3263//4038 3262//4043 3101//3798
f 3101//3798 3100//3797 3263//4038
f 3102//3799 3101//3798 3262//4043
f 3103//3801 3102//3799 3261//4042
f 3097//3790 3103//3801 3260//4041
f 3098//3794 3097//3790 3258//4039
f 3099//3802 3098//3794 3258//4039
f 3100//3797 3099//3802 3257//4037
f 3259//4040 3260//1873 3258//4039
f 3260//1873 3261//1873 3258//4039
f 3261//1873 3262//1873 3258//4039
f 3262//1873 3263//1873 3258//4039
f 3263//1873 3257//4037 3258//4039
f 3836//4527 3837//4528 3962//4658
f 3835//4523 3836//4527 3963//4659
f 3834//4524 3835//4523 3963//4659
f 3841//4535 3834//4524 3964//4660
f 3840//4533 3841//4535 3965//4661
f 3966//4662 3839//4532 3840//4533
f 3838//4530 3839//4532 3966//4662
f 3837//4528 3838//4530 3967//4663
f 3967//4663 3962//4658 3837//4528
f 3966//4662 3967//4663 3838//4530
f 3965//4661 3966//4662 3840//4533
f 3964//4660 3965//4661 3841//4535
f 3963//4659 3964//4660 3834//4524
f 3962//4658 3963//4659 3836//4527
f 3965//4661 3964//2196 3966//4662
f 3964//2196 3963//1345 3966//4662
f 3963//1345 3962//1345 3966//4662
f 3962//1345 3967//4663 3966//4662
f 3968//4664 3974//4665 3826//4510
f 3969//4666 3968//4664 3828//4512
f 3970//4667 3969//4666 3829//4515
f 3971//4668 3970//4667 3830//4516
f 3972//4669 3971//4668 3831//4517
f 3832//4519 3833//4521 3972//4669
f 3973//4670 3972//4669 3833//4521
f 3974//4665 3973//4670 3833//4521
f 3833//4521 3826//4510 3974//4665
f 3831//4517 3832//4519 3972//4669
f 3830//4516 3831//4517 3971//4668
f 3829//4515 3830//4516 3970//4667
f 3828//4512 3829//4515 3969//4666
f 3827//4509 3828//4512 3968//4664
f 3826//4510 3827//4509 3968//4664
f 3973//4670 3974//1345 3972//4669
f 3974//1345 3968//1345 3972//4669
f 3968//1345 3969//1345 3972//4669
f 3969//1345 3970//1345 3972//4669
f 3970//1345 3971//4668 3972//4669
f 3996//4691 3995//1345 3991//4692
f 3995//1345 3994//1345 3991//4692
f 3994//1345 3993//1345 3991//4692
f 3993//1345 3992//4683 3991//4692
f 4363//5081 4364//1873 4368//5082
f 4364//1873 4365//1873 4368//5082
f 4365//1873 4366//1873 4368//5082
f 4366//1873 4367//5083 4368//5082
f 4370//5084 4369//5085 4364//5086
f 4371//5087 4370//5084 4363//5081
f 4372//5088 4371//5087 4367//5083
f 4373//5089 4372//5088 4367//5083
f 4374//5090 4373//5089 4366//5091
f 4369//5085 4374//5090 4365//5092
f 4365//5092 4364//5086 4369//5085
f 4366//5091 4365//5092 4374//5090
f 4367//5083 4366//5091 4373//5089
f 4368//5082 4367//5083 4371//5087
f 4363//5081 4368//5082 4371//5087
f 4364//5086 4363//5081 4370//5084
f 4371//1345 4376//1345 4375//1345
f 4369//1345 4379//1345 4380//1345
f 4369//1345 4370//1345 4379//1345
f 4377//1345 4376//1345 4372//1345
f 4370//1345 4375//1345 4379//1345
f 4377//1345 4372//1345 4373//1345
f 4373//1345 4378//1345 4377//1345
f 4370//1345 4371//1345 4375//1345
f 4376//1345 4371//1345 4372//1345
f 4380//1345 4378//1345 4374//1345
f 4380//1345 4374//1345 4369//1345
f 4378//1345 4373//1345 4374//1345
f 4379//5093 4382//5094 4381//5095
f 4382//5094 4379//5093 4375//5096
f 4375//5096 4383//5097 4382//5094
f 4375//5096 4384//5098 4383//5097
f 4384//5098 4375//5096 4376//5099
f 4376//5099 4385//5100 4384//5098
f 4385//5100 4376//5099 4377//5101
f 4377//5101 4386//5102 4385//5100
f 4377//5101 4387//5103 4386//5102
f 4387//5103 4377//5101 4378//5104
f 4378//5104 4388//5105 4387//5103
f 4378//5104 4389//5106 4388//5105
f 4389//5106 4378//5104 4380//5107
f 4380//5107 4390//5108 4389//5106
f 4390//5108 4380//5107 4379//5093
f 4379//5093 4381//5095 4390//5108
f 4381//5095 4382//5094 4390//5108
f 4397//5109 4410//5110 4411//5111
f 4397//5109 4409//5112 4410//5110
f 4406//5113 4525//5114 4390//5108
f 4535//5115 4546//5116 4400//5117
f 4565//5118 4391//5119 4413//5120
f 4411//5111 4395//5121 4397//5109
f 4400//5117 4402//5122 4535//5115
f 4546//5116 4398//5123 4399//5124
f 4546//5116 4565//5118 4414//5125
f 4413//5120 4414//5125 4565//5118
f 4394//5126 4411//5111 4412//5127
f 4397//5109 4408//5128 4409//5112
f 4525//5114 4407//5129 4408//5128
f 4402//5122 4384//5098 4385//5100
f 4394//5126 4412//5127 4413//5120
f 4411//5111 4394//5126 4395//5121
f 4414//5125 4398//5123 4546//5116
f 4413//5120 4391//5119 4394//5126
f 4408//5128 4397//5109 4525//5114
f 4390//5108 4405//5130 4406//5113
f 4406//5113 4407//5129 4525//5114
f 4385//5100 4535//5115 4402//5122
f 4535//5115 4385//5100 4386//5102
f 4399//5124 4400//5117 4546//5116
f 4383//5097 4384//5098 4405//5130
f 4384//5098 4403//5131 4404//5132
f 4382//5094 4383//5097 4405//5130
f 4526//5133 4387//5103 4388//5105
f 4526//5133 4535//5115 4387//5103
f 4404//5132 4405//5130 4384//5098
f 4402//5122 4403//5131 4384//5098
f 4405//5130 4390//5108 4382//5094
f 4535//5115 4386//5102 4387//5103
f 4525//5114 4389//5106 4390//5108
f 4525//5114 4388//5105 4389//5106
f 4388//5105 4525//5114 4526//5133
f 4396//5134 4397//5109 4395//5121
f 4393//5135 4394//5126 4391//5119
f 4401//5136 4402//5122 4400//5117
f 4410//5110 4409//5112 4415//5137
f 4409//5112 4408//5128 4415//5137
f 4416//5138 4415//5137 4408//5128
f 4408//5128 4407//5129 4416//5138
f 4407//5129 4406//5113 4416//5138
f 4417//5139 4416//5138 4406//5113
f 4406//5113 4405//5130 4417//5139
f 4405//5130 4404//5132 4417//5139
f 4418//5140 4417//5139 4404//5132
f 4404//5132 4403//5131 4418//5140
f 4419//5141 4418//5140 4403//5131
f 4403//5131 4402//5122 4419//5141
f 4402//5122 4401//5136 4419//5141
f 4420//5142 4419//5141 4401//5136
f 4401//5136 4400//5117 4420//5142
f 4400//5117 4399//5124 4420//5142
f 4421//5143 4420//5142 4399//5124
f 4399//5124 4398//5123 4421//5143
f 4398//5123 4414//5125 4421//5143
f 4422//5144 4421//5143 4414//5125
f 4414//5125 4413//5120 4422//5144
f 4413//5120 4412//5127 4422//5144
f 4423//5145 4422//5144 4412//5127
f 4412//5127 4411//5111 4423//5145
f 4411//5111 4410//5110 4423//5145
f 4415//5137 4423//5145 4410//5110
f 4456//5176 4461//5184 4462//5185
f 4458//5180 4462//5185 4463//5186
f 4462//5185 4458//5180 4457//5178
f 4458//5180 4463//5186 4464//5187
f 4464//5187 4459//5181 4458//5180
f 4460//5182 4459//5181 4465//5188
f 4465//5188 4466//5189 4460//5182
f 4452//5171 4460//5182 4466//5189
f 4466//5189 4467//5190 4453//5183
f 4453//5183 4452//5171 4466//5189
f 4467//5190 4468//5191 4454//5173
f 4454//5173 4453//5183 4467//5190
f 4455//5174 4454//5173 4468//5191
f 4469//5192 4461//5184 4455//5174
f 4461//5184 4456//5176 4455//5174
f 4468//5191 4469//5192 4455//5174
f 4464//5187 4465//5188 4459//5181
f 4462//5185 4457//5178 4456//5176
f 4501//5219 4505//5228 4506//5229
f 4501//5219 4506//5229 4507//5230
f 4501//5219 4507//5230 4508//5231
f 4502//5221 4508//5231 4509//5232
f 4502//5221 4509//5232 4510//5233
f 4503//5223 4510//5233 4511//5234
f 4503//5223 4511//5234 4512//5235
f 4504//5225 4512//5235 4513//5236
f 4504//5225 4513//5236 4514//5237
f 4496//5212 4514//5237 4515//5238
f 4496//5212 4515//5238 4516//5239
f 4497//5214 4516//5239 4517//5240
f 4498//5227 4517//5240 4518//5241
f 4518//5241 4519//5242 4498//5227
f 4499//5216 4519//5242 4520//5243
f 4499//5216 4520//5243 4521//5244
f 4499//5216 4521//5244 4522//5245
f 4500//5226 4522//5245 4505//5228
f 4522//5245 4500//5226 4499//5216
f 4519//5242 4499//5216 4498//5227
f 4517//5240 4498//5227 4497//5214
f 4516//5239 4497//5214 4496//5212
f 4514//5237 4496//5212 4504//5225
f 4512//5235 4504//5225 4503//5223
f 4510//5233 4503//5223 4502//5221
f 4508//5231 4502//5221 4501//5219
f 4505//5228 4501//5219 4500//5226
f 4524//5246 4525//5114 4397//5109
f 4523//5247 4525//5114 4524//5246
f 4525//5114 4523//5247 4526//5133
f 4527//5248 4528//5249 4526//5133
f 4527//5248 4533//5250 4534//5251
f 4534//5251 4528//5249 4527//5248
f 4529//5252 4533//5250 4527//5248
f 4523//5247 4524//5246 4530//5253
f 4530//5253 4527//5248 4526//5133
f 4526//5133 4523//5247 4530//5253
f 4530//5253 4540//5254 4531//5255
f 4531//5255 4527//5248 4530//5253
f 4531//5255 4540//5254 4542//5256
f 4537//5257 4538//5258 4527//5248
f 4527//5248 4532//5259 4537//5257
f 4531//5255 4532//5259 4527//5248
f 4538//5258 4529//5252 4527//5248
f 4535//5115 4526//5133 4528//5249
f 4532//5259 4531//5255 4536//5260
f 4530//5253 4541//5261 4540//5254
f 4542//5256 4540//5254 4541//5261
f 4537//5257 4532//5259 4556//5262
f 4532//5259 4539//5263 4556//5262
f 4556//5262 4547//5264 4537//5257
f 4547//5264 4538//5258 4537//5257
f 4547//5264 4559//5265 4538//5258
f 4529//5252 4538//5258 4559//5265
f 4559//5265 4548//5266 4529//5252
f 4529//5252 4548//5266 4555//5267
f 4555//5267 4533//5250 4529//5252
f 4533//5250 4555//5267 4549//5268
f 4549//5268 4534//5251 4533//5250
f 4551//5269 4528//5249 4534//5251
f 4534//5251 4549//5268 4551//5269
f 4546//5116 4535//5115 4528//5249
f 4551//5269 4546//5116 4528//5249
f 4532//5259 4536//5260 4539//5263
f 4551//5269 4549//5268 4552//5270
f 4549//5268 4555//5267 4553//5271
f 4553//5271 4554//5272 4552//5270
f 4555//5267 4548//5266 4550//5273
f 4551//5269 4552//5270 4545//5274
f 4545//5274 4546//5116 4551//5269
f 4543//5275 4545//5274 4552//5270
f 4544//5276 4543//5275 4552//5270
f 4550//5273 4554//5272 4553//5271
f 4550//5273 4553//5271 4555//5267
f 4554//5272 4544//5276 4552//5270
f 4553//5271 4552//5270 4549//5268
f 4556//5262 4557//5277 4547//5264
f 4547//5264 4557//5277 4560//5278
f 4559//5265 4560//5278 4550//5273
f 4560//5278 4558//5279 4550//5273
f 4556//5262 4539//5263 4572//5280
f 4557//5277 4572//5280 4573//5281
f 4572//5280 4557//5277 4556//5262
f 4554//5272 4550//5273 4558//5279
f 4550//5273 4548//5266 4559//5265
f 4557//5277 4558//5279 4560//5278
f 4560//5278 4559//5265 4547//5264
f 4558//5279 4557//5277 4573//5281
f 4561//5282 4562//5283 4544//5276
f 4544//5276 4554//5272 4561//5282
f 4562//5283 4543//5275 4544//5276
f 4563//5284 4545//5274 4543//5275
f 4563//5284 4565//5118 4545//5274
f 4565//5118 4546//5116 4545//5274
f 4562//5283 4563//5284 4543//5275
f 4565//5118 4392//5285 4391//5119
f 4564//5286 4565//5118 4563//5284
f 4392//5285 4565//5118 4564//5286
f 4396//5134 4395//5121 4566//5287
f 4394//5126 4567//5288 4566//5287
f 4566//5287 4395//5121 4394//5126
f 4567//5288 4393//5135 4391//5119
f 4568//5289 4391//5119 4392//5285
f 4396//5134 4569//5290 4397//5109
f 4569//5290 4396//5134 4566//5287
f 4568//5289 4567//5288 4391//5119
f 4394//5126 4393//5135 4567//5288
f 4397//5109 4569//5291 4570//5292
f 4530//5253 4524//5246 4570//5292
f 4570//5292 4524//5246 4397//5109
f 4570//5292 4571//5293 4530//5253
f 4561//5282 4563//5284 4562//5283
f 4561//5282 4558//5279 4573//5281
f 4561//5282 4554//5272 4558//5279
f 4573//5281 4575//5294 4561//5282
f 4572//5280 4539//5263 4574//5295
f 4574//5295 4539//5263 4579//5296
f 4572//5280 4574//5295 4575//5294
f 4573//5281 4572//5280 4575//5294
f 4575//5294 4574//5295 4561//5282
f 4576//5297 4564//5286 4563//5284
f 4577//5298 4564//5286 4576//5297
f 4577//5298 4568//5289 4564//5286
f 4392//5285 4564//5286 4568//5289
f 4563//5284 4561//5299 4576//5297
f 4579//5296 4578//5300 4574//5295
f 4578//5300 4579//5296 4580//5301
f 4580//5301 4579//5296 4581//5302
f 4536//5260 4515//5238 4514//5237
f 4515//5238 4536//5260 4599//5303
f 4582//5304 4583//5305 4592//5306
f 4592//5306 4583//5305 4522//5245
f 4583//5305 4506//5229 4505//5228
f 4517//5240 4600//5307 4591//5308
f 4539//5263 4512//5235 4511//5234
f 4505//5228 4522//5245 4583//5305
f 4583//5305 4585//5309 4506//5229
f 4581//5302 4509//5232 4508//5231
f 4539//5263 4511//5234 4510//5233
f 4513//5236 4512//5235 4539//5263
f 4514//5237 4539//5263 4536//5260
f 4507//5230 4506//5229 4585//5309
f 4585//5309 4581//5302 4508//5231
f 4591//5308 4520//5243 4519//5242
f 4536//5260 4598//5310 4599//5303
f 4593//5311 4542//5256 4582//5304
f 4579//5296 4510//5233 4509//5232
f 4600//5307 4517//5240 4516//5239
f 4518//5241 4517//5240 4591//5308
f 4539//5263 4514//5237 4513//5236
f 4598//5310 4536//5260 4531//5255
f 4522//5245 4591//5308 4592//5306
f 4509//5232 4581//5302 4579//5296
f 4591//5308 4521//5244 4520//5243
f 4599//5303 4600//5307 4515//5238
f 4531//5255 4542//5256 4597//5312
f 4542//5256 4594//5313 4595//5314
f 4593//5311 4594//5313 4542//5256
f 4508//5231 4507//5230 4585//5309
f 4516//5239 4515//5238 4600//5307
f 4591//5308 4522//5245 4521//5244
f 4592//5306 4593//5311 4582//5304
f 4519//5242 4518//5241 4591//5308
f 4597//5312 4598//5310 4531//5255
f 4595//5314 4596//5315 4542//5256
f 4510//5233 4579//5296 4539//5263
f 4596//5315 4597//5312 4542//5256
f 4582//5304 4542//5256 4541//5261
f 4582//5304 4586//5316 4583//5305
f 4584//5317 4585//5309 4583//5305
f 4580//5301 4581//5302 4588//5318
f 4581//5302 4587//5319 4588//5318
f 4581//5302 4585//5309 4587//5319
f 4587//5319 4585//5309 4584//5317
f 4584//5317 4583//5305 4589//5320
f 4589//5320 4583//5305 4586//5316
f 4589//5320 4586//5316 4590//5321
f 4582//5304 4590//5321 4586//5316
f 4589//5320 4587//5319 4584//5317
f 4576//5297 4561//5322 4574//5295
f 4574//5295 4578//5300 4576//5297
f 4588//5318 4578//5300 4580//5301
f 4578//5300 4588//5318 4576//5297
f 4582//5304 4541//5261 4571//5293
f 4571//5293 4541//5261 4530//5253
f 4571//5293 4590//5323 4582//5304
f 4588//5318 4568//5289 4576//5297
f 4568//5289 4577//5298 4576//5297
f 4571//5293 4569//5291 4590//5323
f 4571//5293 4570//5292 4569//5291
f 4566//5287 4567//5288 4589//5320
f 4567//5288 4587//5319 4589//5320
f 4568//5289 4588//5318 4587//5319
f 4587//5319 4567//5288 4568//5289
f 4590//5321 4569//5290 4566//5287
f 4566//5287 4589//5320 4590//5321
f 4602//5324 4601//5325 4592//5306
f 4603//5326 4602//5324 4600//5307
f 4604//5327 4603//5326 4599//5303
f 4605//5328 4604//5327 4597//5312
f 4606//5329 4605//5328 4596//5315
f 4601//5325 4606//5329 4594//5313
f 4595//5314 4594//5313 4606//5329
f 4596//5315 4595//5314 4606//5329
f 4597//5312 4596//5315 4605//5328
f 4598//5310 4597//5312 4604//5327
f 4599//5303 4598//5310 4604//5327
f 4600//5307 4599//5303 4603//5326
f 4591//5308 4600//5307 4602//5324
f 4592//5306 4591//5308 4602//5324
f 4593//5311 4592//5306 4601//5325
f 4594//5313 4593//5311 4601//5325
f 4609//1873 4610//1873 4604//1873
f 4601//1873 4602//1873 4608//1873
f 4601//1873 4608//1873 4607//1873
f 4610//1873 4603//1873 4604//1873
f 4606//1873 4601//1873 4607//1873
f 4607//1873 4612//1873 4606//1873
f 4602//1873 4603//1873 4611//1873
f 4602//1873 4611//1873 4608//1873
f 4612//1873 4609//1873 4605//1873
f 4604//1873 4605//1873 4609//1873
f 4603//1873 4610//1873 4611//1873
f 4612//1873 4605//1873 4606//1873
f 4614//5330 4613//5331 4607//5332
f 4615//5333 4614//5330 4608//5334
f 4616//5335 4615//5333 4611//5336
f 4617//5337 4616//5335 4610//5338
f 4618//5339 4617//5337 4609//5340
f 4613//5331 4618//5339 4612//5341
f 4612//5341 4607//5332 4613//5331
f 4609//5340 4612//5341 4618//5339
f 4610//5338 4609//5340 4617//5337
f 4611//5336 4610//5338 4616//5335
f 4608//5334 4611//5336 4615//5333
f 4607//5332 4608//5334 4614//5330
f 4618//5339 4613//5331 4614//1345
f 4614//1345 4615//1345 4618//5339
f 4615//1345 4616//1345 4618//5339
f 4616//1345 4617//5337 4618//5339
f 4697//5459 4708//5460 4694//5455
f 4694//5455 4698//5461 4697//5459
f 4693//5454 4699//5462 4698//5461
f 4693//5454 4692//5452 4699//5462
f 4692//5452 4700//5463 4699//5462
f 4692//5452 4691//5451 4700//5463
f 4691//5451 4701//5464 4700//5463
f 4691//5451 4702//5465 4701//5464
f 4702//5465 4691//5451 4690//5449
f 4703//5466 4690//5449 4689//5447
f 4704//5467 4703//5466 4689//5447
f 4705//5468 4704//5467 4689//5447
f 4688//5446 4687//5445 4705//5468
f 4706//5469 4705//5468 4687//5445
f 4706//5469 4687//5445 4696//5458
f 4707//5470 4706//5469 4696//5458
f 4695//5457 4708//5460 4707//5470
f 4708//5460 4695//5457 4694//5455
f 4707//5470 4696//5458 4695//5457
f 4689//5447 4688//5446 4705//5468
f 4690//5449 4703//5466 4702//5465
f 4694//5455 4693//5454 4698//5461
f 4709//5471 4708//5460 4697//5459
f 4710//5472 4699//5462 4700//5463
f 4710//5472 4700//5463 4701//5464
f 4711//5473 4704//5467 4705//5468
f 4707//5470 4708//5460 4709//5471
f 4709//5471 4697//5459 4698//5461
f 4698//5461 4710//5472 4709//5471
f 4703//5466 4711//5473 4702//5465
f 4705//5468 4706//5469 4711//5473
f 4704//5467 4711//5473 4703//5466
f 4699//5462 4710//5472 4698//5461
f 4702//5465 4711//5473 4712//5474
f 4702//5465 4712//5474 4719//5475
f 4710//5472 4701//5464 4719//5475
f 4738//5476 4721//5477 4709//5471
f 4707//5470 4709//5471 4721//5477
f 4707//5470 4721//5477 4713//5478
f 4713//5478 4706//5469 4707//5470
f 4713//5478 4714//5479 4711//5473
f 4701//5464 4702//5465 4719//5475
f 4710//5472 4719//5475 4738//5476
f 4711//5473 4706//5469 4713//5478
f 4709//5471 4710//5472 4738//5476
f 4711//5473 4714//5479 4712//5474
f 4715//5480 4714//5479 4713//5478
f 4717//5481 4712//5474 4714//5479
f 4724//5482 4714//5479 4715//5480
f 4717//5481 4714//5479 4724//5482
f 4724//5482 4729//5483 4717//5481
f 4712//5474 4717//5481 4730//5484
f 4717//5481 4729//5483 4730//5484
f 4732//5485 4716//5486 4712//5474
f 4712//5474 4730//5484 4732//5485
f 4716//5486 4718//5487 4719//5475
f 4719//5475 4712//5474 4716//5486
f 4721//5477 4722//5488 4713//5478
f 4715//5480 4713//5478 4723//5489
f 4723//5489 4724//5482 4715//5480
f 4723//5489 4725//5490 4724//5482
f 4727//5491 4726//5492 4723//5489
f 4728//5493 4724//5482 4725//5490
f 4729//5483 4728//5493 4730//5484
f 4731//5494 4730//5484 4728//5493
f 4730//5484 4731//5494 4732//5485
f 4728//5493 4729//5483 4724//5482
f 4733//5495 4732//5485 4731//5494
f 4733//5495 4734//5496 4732//5485
f 4716//5486 4732//5485 4734//5496
f 4734//5496 4718//5487 4716//5486
f 4734//5496 4768//5497 4718//5487
f 4735//5498 4719//5475 4718//5487
f 4736//5499 4738//5476 4719//5475
f 4719//5475 4735//5498 4736//5499
f 4738//5476 4720//5500 4721//5477
f 4720//5500 4738//5476 4737//5501
f 4738//5476 4736//5499 4737//5501
f 4737//5501 4739//5502 4745//5503
f 4745//5503 4720//5500 4737//5501
f 4739//5502 4737//5501 4736//5499
f 4736//5499 4741//5504 4739//5502
f 4741//5504 4740//5505 4739//5502
f 4722//5488 4745//5503 4744//5506
f 4722//5488 4721//5477 4745//5503
f 4721//5477 4720//5500 4745//5503
f 4746//5507 4745//5503 4739//5502
f 4739//5502 4740//5505 4746//5507
f 4740//5505 4741//5504 4743//5508
f 4742//5509 4743//5508 4741//5504
f 4744//5506 4745//5503 4746//5507
f 4744//5506 4746//5507 4747//5510
f 4733//5495 4731//5494 4748//5511
f 4748//5511 4731//5494 4728//5493
f 4749//5512 4750//5513 4726//5492
f 4723//5489 4726//5492 4750//5513
f 4728//5493 4751//5514 4748//5511
f 4748//5511 4752//5515 4733//5495
f 4726//5492 4753//5516 4749//5512
f 4728//5493 4725//5490 4751//5514
f 4750//5513 4754//5517 4723//5489
f 4726//5492 4733//5495 4753//5516
f 4725//5490 4754//5517 4751//5514
f 4725//5490 4723//5489 4754//5517
f 4752//5515 4753//5516 4733//5495
f 4775//5518 4755//5519 4727//5491
f 4726//5492 4727//5491 4755//5519
f 4768//5497 4734//5496 4773//5537
f 4766//5538 4773//5537 4733//5495
f 4733//5495 4773//5537 4734//5496
f 4767//5539 4735//5498 4718//5487
f 4718//5487 4768//5497 4767//5539
f 4773//5537 4767//5539 4768//5497
f 4769//5540 4767//5539 4773//5537
f 4770//5541 4767//5539 4769//5540
f 4769//5540 4838//5542 4770//5541
f 4772//5543 4773//5537 4766//5538
f 4773//5537 4772//5543 4771//5544
f 4775//5518 4772//5543 4766//5538
f 4772//5543 4775//5518 4860//5545
f 4733//5495 4726//5492 4755//5519
f 4755//5519 4766//5538 4733//5495
f 4755//5519 4775//5518 4766//5538
f 4747//5510 4776//5546 4779//5547
f 4786//5548 4797//5549 4777//5550
f 4776//5546 4747//5510 4794//5551
f 4777//5550 4776//5546 4786//5548
f 4797//5549 4743//5508 4777//5550
f 4794//5551 4786//5548 4776//5546
f 4747//5510 4798//5552 4794//5551
f 4747//5510 4746//5507 4798//5552
f 4795//5553 4740//5505 4743//5508
f 4746//5507 4740//5505 4796//5554
f 4740//5505 4795//5553 4796//5554
f 4796//5554 4798//5552 4746//5507
f 4743//5508 4797//5549 4795//5553
f 4780//5555 4776//5546 4777//5550
f 4776//5546 4780//5555 4779//5547
f 4777//5550 4778//5556 4781//5557
f 4777//5550 4781//5557 4780//5555
f 4778//5556 4743//5508 4783//5558
f 4778//5556 4777//5550 4743//5508
f 4821//5559 4781//5557 4778//5556
f 4821//5559 4823//5560 4781//5557
f 4780//5555 4781//5557 4823//5560
f 4823//5560 4824//5561 4780//5555
f 4779//5547 4780//5555 4824//5561
f 4779//5547 4824//5561 4782//5562
f 4783//5558 4743//5508 4742//5509
f 4795//5553 4789//5563 4790//5564
f 4796//5554 4790//5564 4791//5565
f 4797//5549 4787//5566 4788//5567
f 4797//5549 4788//5567 4789//5563
f 4795//5553 4790//5564 4796//5554
f 4798//5552 4792//5568 4793//5569
f 4798//5552 4793//5569 4784//5570
f 4798//5552 4784//5570 4794//5551
f 4796//5554 4791//5565 4792//5568
f 4794//5551 4785//5571 4786//5548
f 4792//5568 4798//5552 4796//5554
f 4789//5563 4795//5553 4797//5549
f 4787//5566 4797//5549 4786//5548
f 4785//5571 4794//5551 4784//5570
f 4785//5571 4806//5572 4818//5573
f 4806//5572 4785//5571 4784//5570
f 4818//5573 4799//5574 4785//5571
f 4786//5548 4785//5571 4799//5574
f 4799//5574 4800//5575 4786//5548
f 4787//5566 4786//5548 4800//5575
f 4800//5575 4815//5576 4787//5566
f 4788//5567 4787//5566 4801//5577
f 4787//5566 4815//5576 4801//5577
f 4789//5563 4788//5567 4801//5577
f 4790//5564 4789//5563 4803//5578
f 4803//5578 4802//5579 4790//5564
f 4802//5579 4804//5580 4790//5564
f 4804//5580 4791//5565 4790//5564
f 4811//5581 4792//5568 4791//5565
f 4792//5568 4811//5581 4809//5582
f 4809//5582 4793//5569 4792//5568
f 4809//5582 4805//5583 4793//5569
f 4793//5569 4805//5583 4806//5572
f 4806//5572 4784//5570 4793//5569
f 4804//5580 4811//5581 4791//5565
f 4801//5577 4803//5578 4789//5563
f 4807//5584 4806//5572 4805//5583
f 4808//5585 4805//5583 4809//5582
f 4810//5586 4808//5585 4809//5582
f 4810//5586 4809//5582 4811//5581
f 4810//5586 4811//5581 4804//5580
f 4813//5587 4812//5588 4804//5580
f 4813//5587 4802//5579 4803//5578
f 4814//5589 4813//5587 4803//5578
f 4814//5589 4803//5578 4801//5577
f 4814//5589 4801//5577 4815//5576
f 4816//5590 4814//5589 4815//5576
f 4816//5590 4800//5575 4799//5574
f 4817//5591 4818//5573 4807//5584
f 4806//5572 4807//5584 4818//5573
f 4799//5574 4818//5573 4817//5591
f 4799//5574 4817//5591 4816//5590
f 4815//5576 4800//5575 4816//5590
f 4804//5580 4802//5579 4813//5587
f 4804//5580 4812//5588 4810//5586
f 4805//5583 4808//5585 4807//5584
f 4779//5547 4782//5562 4819//5592
f 4819//5592 4747//5510 4779//5547
f 4819//5592 4782//5562 4825//5593
f 4819//5592 4830//5594 4829//5595
f 4821//5559 4820//5596 4823//5560
f 4823//5560 4820//5596 4822//5597
f 4824//5561 4823//5560 4822//5597
f 4825//5593 4824//5561 4822//5597
f 4825//5593 4782//5562 4824//5561
f 4820//5596 4814//5589 4816//5590
f 4814//5589 4820//5596 4827//5598
f 4819//5592 4808//5585 4810//5586
f 4817//5591 4807//5584 4825//5593
f 4813//5587 4814//5589 4827//5598
f 4810//5586 4812//5588 4830//5594
f 4816//5590 4817//5591 4822//5597
f 4819//5592 4825//5593 4807//5584
f 4813//5587 4827//5598 4830//5594
f 4822//5597 4820//5596 4816//5590
f 4830//5594 4812//5588 4813//5587
f 4810//5586 4830//5594 4819//5592
f 4825//5593 4822//5597 4817//5591
f 4807//5584 4808//5585 4819//5592
f 4778//5556 4783//5558 4826//5599
f 4834//5600 4826//5599 4783//5558
f 4826//5599 4821//5559 4778//5556
f 4821//5559 4826//5599 4827//5598
f 4827//5598 4820//5596 4821//5559
f 4830//5594 4828//5601 4829//5595
f 4826//5599 4834//5600 4831//5602
f 4832//5603 4826//5599 4831//5602
f 4832//5603 4827//5598 4826//5599
f 4783//5558 4742//5509 4833//5604
f 4833//5604 4834//5600 4783//5558
f 4834//5600 4833//5604 4835//5605
f 4836//5606 4835//5605 4833//5604
f 4833//5604 4839//5607 4836//5606
f 4736//5499 4735//5498 4742//5509
f 4742//5509 4741//5504 4736//5499
f 4735//5498 4767//5539 4770//5541
f 4770//5541 4839//5607 4735//5498
f 4742//5509 4735//5498 4839//5607
f 4839//5607 4833//5604 4742//5509
f 4838//5542 4837//5608 4770//5541
f 4837//5608 4840//5609 4839//5607
f 4839//5607 4770//5541 4837//5608
f 4847//5610 4837//5608 4838//5542
f 4847//5610 4848//5611 4837//5608
f 4836//5606 4839//5607 4840//5609
f 4841//5612 4840//5609 4837//5608
f 4837//5608 4848//5611 4841//5612
f 4841//5612 4836//5606 4840//5609
f 4836//5606 4841//5612 4843//5613
f 4842//5614 4841//5612 4846//5615
f 4841//5612 4848//5611 4846//5615
f 4842//5614 4843//5613 4841//5612
f 4844//5616 4843//5613 4842//5614
f 4845//5617 4844//5616 4842//5614
f 4846//5615 4848//5611 4847//5610
f 4773//5537 4851//5618 4769//5540
f 4847//5610 4838//5542 4769//5540
f 4769//5540 4851//5618 4847//5610
f 4773//5537 4771//5544 4851//5618
f 4851//5618 4846//5615 4847//5610
f 4846//5615 4851//5618 4849//5619
f 4850//5620 4849//5619 4851//5618
f 4850//5620 4771//5544 4853//5621
f 4771//5544 4850//5620 4851//5618
f 4849//5619 4850//5620 4857//5622
f 4850//5620 4858//5623 4857//5622
f 4852//5624 4771//5544 4772//5543
f 4852//5624 4853//5621 4771//5544
f 4858//5623 4850//5620 4853//5621
f 4853//5621 4861//5625 4858//5623
f 4857//5622 4856//5626 4854//5627
f 4856//5626 4857//5622 4858//5623
f 4854//5627 4856//5626 4855//5628
f 4860//5545 4852//5624 4772//5543
f 4859//5629 4861//5625 4860//5545
f 4859//5629 4860//5545 4774//5630
f 4774//5630 4860//5545 4775//5518
f 4861//5625 4853//5621 4852//5624
f 4852//5624 4860//5545 4861//5625
f 4856//5626 4858//5623 4861//5625
f 4861//5625 4859//5629 4856//5626
f 4859//5629 4774//5630 4856//5626
f 4855//5628 4856//5626 4774//5630
f 4866//5631 4854//5627 4855//5628
f 4855//5628 4867//5632 4866//5631
f 4845//5617 4862//5633 4863//5634
f 4863//5634 4864//5635 4845//5617
f 4844//5616 4845//5617 4864//5635
f 4868//5636 4834//5600 4835//5605
f 4844//5616 4871//5637 4868//5636
f 4835//5605 4843//5613 4868//5636
f 4868//5636 4843//5613 4844//5616
f 4835//5605 4836//5606 4843//5613
f 4866//5631 4863//5634 4862//5633
f 4865//5638 4866//5631 4867//5632
f 4863//5634 4866//5631 4865//5638
f 4867//5632 4855//5628 4774//5630
f 4774//5630 4876//5639 4867//5632
f 4863//5634 4874//5640 4870//5641
f 4870//5641 4864//5635 4863//5634
f 4868//5636 4871//5637 4869//5642
f 4868//5636 4831//5602 4834//5600
f 4870//5641 4844//5616 4864//5635
f 4870//5641 4871//5637 4844//5616
f 4871//5637 4870//5641 4869//5642
f 4872//5643 4873//5644 4869//5642
f 4828//5601 4868//5636 4873//5644
f 4828//5601 4831//5602 4868//5636
f 4827//5598 4832//5603 4830//5594
f 4832//5603 4828//5601 4830//5594
f 4832//5603 4831//5602 4828//5601
f 4868//5636 4869//5642 4873//5644
f 4874//5640 4869//5642 4870//5641
f 4869//5642 4874//5640 4872//5643
f 4874//5640 4873//5644 4872//5643
f 4874//5640 4875//5645 4873//5644
f 4876//5639 4873//5644 4875//5645
f 4876//5639 4875//5645 4867//5632
f 4865//5638 4875//5645 4874//5640
f 4874//5640 4863//5634 4865//5638
f 4865//5638 4867//5632 4875//5645
f 4873//5644 4876//5639 4774//5630
f 4774//5630 4775//5518 4873//5644
f 4882//5646 4829//5595 4828//5601
f 4829//5595 4882//5646 4878//5647
f 4878//5647 4819//5592 4829//5595
f 4727//5491 4723//5489 4877//5648
f 4775//5518 4727//5491 4879//5649
f 4775//5518 4879//5649 4882//5646
f 4819//5592 4878//5647 4744//5506
f 4878//5647 4877//5648 4722//5488
f 4882//5646 4873//5644 4775//5518
f 4722//5488 4744//5506 4878//5647
f 4723//5489 4713//5478 4722//5488
f 4877//5648 4879//5649 4727//5491
f 4722//5488 4877//5648 4723//5489
f 4744//5506 4747//5510 4819//5592
f 4873//5644 4882//5646 4828//5601
f 4877//5648 4880//5650 4879//5649
f 4881//5651 4882//5646 4879//5649
f 4879//5649 4880//5651 4881//5651
f 4878//5647 4880//5652 4877//5648
f 4878//5647 4881//5653 4880//5652
f 4882//5646 4881//5654 4878//5647
f 4884//5655 4885//5656 4883//5657
f 4885//5656 4886//5658 4883//5657
f 4887//5659 4886//5658 4888//5660
f 4887//5659 4883//5657 4886//5658
f 4884//5655 4883//5657 4889//5661
f 4883//5657 4887//5662 4889//5661
f 4889//5661 4891//5663 4890//5664
f 4890//5664 4884//5655 4889//5661
f 4890//5664 4885//5665 4884//5655
f 4891//5663 4888//5666 4886//5667
f 4890//5664 4886//5667 4885//5665
f 4886//5667 4890//5664 4891//5663
f 4892//5668 4893//5669 4894//5670
f 4896//5671 4895//5672 4888//5666
f 4891//5663 4892//5668 4896//5671
f 4894//5670 4896//5671 4892//5668
f 4888//5666 4891//5663 4896//5671
f 4896//5673 4899//5674 4898//5675
f 4897//5676 4898//5675 4899//5674
f 4905//5677 4898//5675 4900//5678
f 4898//5675 4897//5676 4900//5678
f 4898//5675 4905//5677 4902//5679
f 4901//5680 4895//5681 4902//5679
f 4898//5675 4902//5679 4896//5673
f 4902//5679 4908//5682 4901//5680
f 4895//5681 4896//5673 4902//5679
f 4904//5683 4903//5684 4902//5679
f 4902//5679 4905//5677 4904//5683
f 4925//5685 4926//5686 4897//5676
f 4897//5676 4899//5674 4925//5685
f 4924//5687 4900//5678 4897//5676
f 4897//5676 4926//5686 4924//5687
f 4924//5687 4905//5677 4900//5678
f 4906//5688 4902//5679 4903//5684
f 4906//5688 4908//5682 4902//5679
f 4903//5684 4927//5689 4907//5690
f 4927//5689 4903//5684 4904//5683
f 4904//5683 4905//5677 4928//5691
f 4928//5691 4927//5689 4904//5683
f 4924//5687 4928//5691 4905//5677
f 4908//5682 4906//5688 4913//5692
f 4909//5693 4910//5694 4911//5695
f 4913//5692 4906//5688 4912//5696
f 4914//5697 4920//5698 4915//5699
f 4914//5697 4915//5699 4916//5700
f 4916//5700 4917//5701 4914//5697
f 4917//5701 4916//5700 4929//5702
f 4918//5703 4901//5680 4913//5692
f 4918//5703 4911//5695 4910//5694
f 4910//5694 4919//5704 4918//5703
f 4910//5694 4922//5705 4919//5704
f 4914//5697 4922//5705 4920//5698
f 4914//5697 4919//5704 4922//5705
f 4912//5696 4911//5695 4918//5703
f 4913//5692 4912//5696 4918//5703
f 4908//5682 4913//5692 4901//5680
f 4922//5705 4923//5706 4921//5707
f 4923//5706 4922//5705 4910//5694
f 4921//5707 4920//5698 4922//5705
f 4910//5694 4909//5693 4923//5706
f 4926//5686 4925//5685 4924//5687
f 4925//5685 5055//5708 5056//5709
f 4927//5689 4928//5691 4924//5687
f 4929//5702 4932//5710 4931//5711
f 4931//5711 4917//5701 4929//5702
f 4915//5699 4920//5698 4921//5707
f 4929//5702 4930//5712 4932//5710
f 4932//5710 4930//5712 5012//5713
f 4934//5714 4888//5660 4895//2193
f 4935//4777 4936//4441 4901//5715
f 4895//2193 4939//4698 4934//5714
f 4888//5660 4934//5714 4937//5716
f 4895//2193 4938//4698 4939//4698
f 4938//4698 4895//2193 4901//5715
f 4891//5663 4889//5717 4917//5718
f 4888//5660 4937//5716 4941//5719
f 4936//4441 4938//4698 4901//5715
f 4935//4777 4901//5715 4918//5720
f 4940//5721 4918//5720 4887//5659
f 4887//5659 4941//5719 4940//5721
f 4914//4437 4917//5718 4889//5717
f 4942//5722 4917//5718 4931//5723
f 4919//2206 4914//4437 4887//5659
f 4940//5721 4935//4777 4918//5720
f 4918//5720 4919//2206 4887//5659
f 4889//5717 4887//5659 4914//4437
f 4917//5718 4942//5722 4891//5663
f 4941//5719 4887//5659 4888//5660
f 4942//5722 4943//5724 4892//5668
f 4892//5668 4891//5663 4942//5722
f 4943//5724 4942//5722 4931//5723
f 4941//5725 4944//5726 4945//5727
f 4940//5728 4945//5727 4946//5729
f 4935//5730 4946//5729 4947//5731
f 4938//5732 4947//5731 4948//5733
f 4939//5734 4948//5733 4949//5735
f 4934//5736 4949//5735 4950//5737
f 4937//5738 4950//5737 4944//5726
f 4944//5726 4941//5725 4937//5738
f 4950//5737 4937//5738 4934//5736
f 4949//5735 4934//5736 4939//5734
f 4948//5733 4939//5734 4938//5732
f 4947//5731 4938//5732 4936//5739
f 4947//5731 4936//5739 4935//5730
f 4946//5729 4935//5730 4940//5728
f 4945//5727 4940//5728 4941//5725
f 4948//5740 4947//5741 4951//5742
f 4952//5743 4949//5744 4948//5740
f 4948//5740 4951//5742 4952//5743
f 4947//5741 4953//5745 4951//5742
f 4953//5745 4947//5741 4946//5746
f 4944//5747 4956//5748 4955//5749
f 4946//5746 4945//5750 4953//5745
f 4949//5744 4952//5743 4956//5748
f 4945//5750 4954//5751 4953//5745
f 4944//5747 4955//5749 4954//5751
f 4956//5748 4944//5747 4950//5752
f 4956//5748 4950//5752 4949//5744
f 4954//5751 4945//5750 4944//5747
f 4954//5753 4955//5754 4957//5755
f 4953//5756 4954//5753 4958//5757
f 4951//5758 4953//5756 4960//5759
f 4952//5760 4951//5758 4961//5761
f 4956//5762 4952//5760 4962//5763
f 4955//5754 4956//5762 4963//5764
f 4955//5754 4963//5764 4957//5755
f 4962//5763 4963//5764 4956//5762
f 4961//5761 4962//5763 4952//5760
f 4960//5759 4961//5761 4951//5758
f 4959//5765 4960//5759 4953//5756
f 4958//5757 4959//5765 4953//5756
f 4957//5755 4958//5757 4954//5753
f 5012//5713 5007//5823 4931//5711
f 4931//5711 4932//5710 5012//5713
f 4943//5724 4931//5723 5007//5824
f 5007//5824 5008//5825 4943//5724
f 5009//5826 5010//5827 5012//5713
f 5010//5827 5011//5828 5012//5713
f 5011//5828 5007//5823 5012//5713
f 5012//5713 5054//5829 5053//5830
f 4933//5831 5037//5832 4930//5712
f 4929//5702 4916//5700 4921//5707
f 4930//5712 4921//5707 4933//5831
f 4930//5712 4929//5702 4921//5707
f 4916//5700 4915//5699 4921//5707
f 5038//5833 5041//5834 5013//5835
f 5013//5835 5039//5836 5038//5833
f 5015//5837 5039//5836 5014//5838
f 5039//5836 5037//5832 5014//5838
f 5013//5835 5037//5832 5039//5836
f 5037//5832 4933//5831 5014//5838
f 5037//5832 5054//5829 5012//5713
f 5012//5713 4930//5712 5037//5832
f 5017//5839 5018//5840 5016//5841
f 4923//5706 4909//5693 5019//5842
f 5019//5842 5023//5843 4923//5706
f 4925//5685 5056//5709 5033//5844
f 5033//5844 4924//5687 4925//5685
f 5033//5844 4927//5689 4924//5687
f 4927//5689 5033//5844 5035//5845
f 4907//5690 5035//5845 5020//5846
f 4907//5690 4927//5689 5035//5845
f 5016//5841 5022//5847 5020//5846
f 5020//5846 5035//5845 5016//5841
f 5016//5841 5018//5840 5022//5847
f 5018//5840 5021//5848 5022//5847
f 5018//5840 4921//5707 5021//5848
f 4921//5707 5023//5843 5021//5848
f 4921//5707 4923//5706 5023//5843
f 5018//5840 4933//5831 4921//5707
f 5024//5849 5021//5848 5023//5843
f 5024//5849 5025//5850 5021//5848
f 5025//5850 5022//5847 5021//5848
f 5025//5850 5020//5846 5022//5847
f 5023//5843 5019//5842 5024//5849
f 5029//5851 5027//5852 4909//5693
f 5028//5853 5025//5854 5024//5855
f 5020//5846 5025//5854 5028//5853
f 5029//5851 4912//5696 4906//5688
f 5024//5855 5027//5852 5028//5853
f 5029//5851 4909//5693 4911//5695
f 5019//5842 4909//5693 5027//5852
f 5027//5852 5024//5855 5019//5842
f 4906//5688 5031//5856 5029//5851
f 5028//5853 5026//5857 5020//5846
f 5030//5858 5031//5856 4903//5684
f 4903//5684 4907//5690 5020//5846
f 5026//5857 5032//5859 5020//5846
f 5020//5846 5032//5859 4903//5684
f 5029//5851 4911//5695 4912//5696
f 5032//5859 5030//5858 4903//5684
f 5031//5856 4906//5688 4903//5684
f 5034//5860 5033//5844 5056//5709
f 5033//5844 5034//5860 5035//5845
f 5016//5841 5035//5845 5034//5860
f 5034//5860 5017//5839 5016//5841
f 5042//5861 5041//5834 5038//5833
f 5043//5862 5013//5835 5041//5834
f 5036//5863 5013//5835 5043//5862
f 5046//5864 5039//5836 5040//5865
f 5047//5866 5040//5865 5015//5837
f 5048//5867 5015//5837 5014//5838
f 5050//5868 5041//5834 5042//5861
f 5065//5869 5043//5862 5049//5870
f 5043//5862 5065//5869 5036//5863
f 5037//5832 5013//5835 5036//5863
f 5014//5838 4933//5831 5018//5840
f 5014//5838 5018//5840 5017//5839
f 5014//5838 5017//5839 5048//5867
f 5038//5833 5045//5871 5042//5861
f 5041//5834 5050//5868 5049//5870
f 5041//5834 5049//5870 5043//5862
f 5015//5837 5048//5867 5047//5866
f 5039//5836 5046//5864 5044//5872
f 5038//5833 5044//5872 5045//5871
f 5039//5836 5044//5872 5038//5833
f 5015//5837 5040//5865 5039//5836
f 5054//5829 5051//5873 5053//5830
f 5057//5874 5058//5875 5064//5876
f 5064//5876 5062//5877 5057//5874
f 5063//5878 5059//5879 5061//5880
f 5061//5880 5059//5879 5060//5881
f 5055//5708 5063//5878 5061//5880
f 5059//5879 5064//5876 5058//5875
f 5036//5863 5065//5869 5066//5882
f 5051//5873 5054//5829 5036//5863
f 5054//5829 5037//5832 5036//5863
f 5066//5882 5052//5883 5051//5873
f 5052//5883 5065//5869 5067//5884
f 5066//5882 5065//5869 5052//5883
f 5036//5863 5066//5882 5051//5873
f 5045//5871 5058//5875 5057//5874
f 5057//5874 5042//5861 5045//5871
f 5044//5872 5059//5879 5058//5875
f 5044//5872 5060//5881 5059//5879
f 5055//5708 5061//5880 5047//5866
f 5056//5709 5055//5708 5047//5866
f 5017//5839 5034//5860 5048//5867
f 5056//5709 5048//5867 5034//5860
f 5069//5885 5042//5861 5057//5874
f 5042//5861 5069//5885 5068//5886
f 5049//5870 5050//5868 5067//5884
f 5068//5886 5067//5884 5050//5868
f 5050//5868 5042//5861 5068//5886
f 5067//5884 5065//5869 5049//5870
f 5047//5866 5048//5867 5056//5709
f 5040//5865 5047//5866 5061//5880
f 5046//5864 5040//5865 5061//5880
f 5046//5864 5061//5880 5060//5881
f 5060//5881 5044//5872 5046//5864
f 5058//5875 5045//5871 5044//5872
f 5070//5887 5068//5886 5069//5885
f 5077//5888 5052//5883 5067//5884
f 5067//5884 5071//5889 5077//5888
f 5067//5884 5068//5886 5071//5889
f 5071//5889 5070//5887 5072//5890
f 5068//5886 5070//5887 5071//5889
f 5071//5889 5076//5891 5073//5892
f 5076//5891 5075//5893 5073//5892
f 5073//5892 5075//5893 5074//5894
f 5076//5891 5071//5889 5072//5890
f 5069//5885 5072//5890 5070//5887
f 5057//5874 5076//5891 5072//5890
f 5069//5885 5057//5874 5072//5890
f 5057//5874 5062//5877 5075//5893
f 5075//5893 5076//5891 5057//5874
f 5081//5895 5077//5888 5071//5889
f 5081//5895 5071//5889 5073//5892
f 5073//5892 5080//5896 5081//5895
f 5080//5896 5073//5892 5074//5894
f 5074//5894 5079//5897 5080//5896
f 5077//5888 5051//5873 5052//5883
f 5080//5896 5077//5888 5081//5895
f 5077//5888 5080//5896 5078//5898
f 5079//5897 5078//5898 5080//5896
f 5078//5898 5079//5897 5082//5899
f 5100//5915 5103//5916 5099//5917
f 5082//5899 5096//5918 5101//5919
f 5097//5920 5102//5921 5096//5918
f 5116//5922 5118//5923 5059//5879
f 5064//5876 5118//5923 5075//5893
f 5059//5879 4899//5674 5116//5922
f 4899//5674 5063//5878 5055//5708
f 4899//5674 5059//5879 5063//5878
f 4899//5674 5115//5924 5116//5922
f 5106//5925 5113//5926 5114//5927
f 5106//5925 5104//5928 5111//5929
f 5104//5928 5100//5915 5110//5930
f 5082//5899 5122//5931 5123//5932
f 5075//5893 5062//5877 5064//5876
f 5114//5927 5115//5924 4899//5674
f 5126//5933 5110//5930 5100//5915
f 5097//5920 5123//5932 5124//5934
f 5082//5899 5079//5897 5121//5935
f 5112//5936 5113//5926 5106//5925
f 5110//5930 5111//5929 5104//5928
f 5125//5937 5126//5933 5099//5917
f 5097//5920 5124//5934 5125//5937
f 5121//5935 5122//5931 5082//5899
f 5114//5927 4899//5674 5106//5925
f 5100//5915 5099//5917 5126//5933
f 5125//5937 5098//5938 5097//5920
f 5079//5897 5120//5939 5121//5935
f 5079//5897 5119//5940 5120//5939
f 5074//5894 5118//5923 5119//5940
f 5055//5708 4925//5685 4899//5674
f 5099//5917 5098//5938 5125//5937
f 5123//5932 5096//5918 5082//5899
f 5119//5940 5079//5897 5074//5894
f 5111//5929 5112//5936 5106//5925
f 5118//5923 5074//5894 5075//5893
f 5097//5920 5096//5918 5123//5932
f 5064//5876 5059//5879 5118//5923
f 5103//5916 5100//5915 5105//5941
f 5117//5942 5118//5923 5116//5922
f 5127//5943 5122//5931 5121//5935
f 5121//5935 5128//5944 5127//5943
f 5128//5944 5121//5935 5120//5939
f 5128//5944 5120//5939 5119//5940
f 5128//5944 5119//5940 5118//5923
f 5118//5923 5129//5945 5128//5944
f 5129//5945 5118//5923 5117//5942
f 5117//5942 5130//5946 5129//5945
f 5130//5946 5117//5942 5116//5922
f 5130//5946 5116//5922 5115//5924
f 5115//5924 5131//5947 5130//5946
f 5131//5947 5115//5924 5114//5927
f 5131//5947 5114//5927 5113//5926
f 5113//5926 5132//5948 5131//5947
f 5132//5948 5113//5926 5112//5936
f 5112//5936 5133//5949 5132//5948
f 5133//5949 5112//5936 5111//5929
f 5111//5929 5134//5950 5133//5949
f 5134//5950 5111//5929 5110//5930
f 5110//5930 5126//5933 5134//5950
f 5126//5933 5135//5951 5134//5950
f 5135//5951 5126//5933 5125//5937
f 5135//5951 5125//5937 5124//5934
f 5124//5934 5136//5952 5135//5951
f 5136//5952 5124//5934 5123//5932
f 5123//5932 5127//5943 5136//5952
f 5127//5943 5123//5932 5122//5931
f 5137//5953 5127//5943 5128//5944
f 5138//5954 5128//5944 5129//5945
f 5139//5955 5129//5945 5130//5946
f 5140//5956 5130//5946 5131//5947
f 5141//5957 5131//5947 5132//5948
f 5142//5958 5132//5948 5133//5949
f 5143//5959 5133//5949 5134//5950
f 5143//5959 5134//5950 5135//5951
f 5144//5960 5135//5951 5136//5952
f 5145//5961 5136//5952 5127//5943
f 5127//5943 5137//5953 5145//5961
f 5136//5952 5145//5961 5144//5960
f 5135//5951 5144//5960 5143//5959
f 5133//5949 5143//5959 5142//5958
f 5132//5948 5142//5958 5141//5957
f 5131//5947 5141//5957 5140//5956
f 5130//5946 5140//5956 5139//5955
f 5129//5945 5139//5955 5138//5954
f 5128//5944 5138//5954 5137//5953
f 5140//1873 5141//1873 5147//1873
f 5143//1873 5144//1873 5146//1873
f 5143//1873 5146//1873 5147//1873
f 5144//1873 5145//1873 5149//1873
f 5147//1873 5141//1873 5142//1873
f 5147//1873 5142//1873 5143//1873
f 5149//1873 5146//1873 5144//1873
f 5138//1873 5150//1873 5149//1873
f 5139//1873 5148//1873 5150//1873
f 5148//1873 5139//1873 5140//1873
f 5147//1873 5148//1873 5140//1873
f 5149//1873 5137//1873 5138//1873
f 5149//1873 5145//1873 5137//1873
f 5150//1873 5138//1873 5139//1873
f 5146//5962 5149//5963 5152//5964
f 5147//5965 5146//5962 5152//5964
f 5148//5966 5147//5965 5154//5967
f 5150//5968 5148//5966 5155//5969
f 5149//5963 5150//5968 5155//5969
f 5155//5969 5151//5970 5149//5963
f 5154//5967 5155//5969 5148//5966
f 5153//5971 5154//5967 5147//5965
f 5152//5964 5153//5971 5147//5965
f 5151//5970 5152//5964 5149//5963
f 5152//1345 5162//1345 5156//1345
f 5153//1345 5152//1345 5156//1345
f 5157//1345 5154//1345 5153//1345
f 5157//1345 5158//1345 5154//1345
f 5159//1345 5155//1345 5154//1345
f 5160//1345 5152//1345 5151//1345
f 5161//1345 5160//1345 5151//1345
f 5153//1345 5156//1345 5157//1345
f 5154//1345 5158//1345 5159//1345
f 5151//1345 5155//1345 5161//1345
f 5152//1345 5160//1345 5162//1345
f 5155//1345 5159//1345 5161//1345
f 5163//5972 5160//5973 5161//5974
f 5164//5975 5161//5974 5159//5976
f 5165//5977 5159//5976 5158//5978
f 5166//5979 5158//5978 5157//5980
f 5167//5981 5157//5980 5156//5982
f 5168//5983 5156//5982 5162//5984
f 5169//5985 5162//5984 5160//5973
f 5160//5973 5170//5986 5169//5985
f 5162//5984 5169//5985 5168//5983
f 5156//5982 5168//5983 5167//5981
f 5157//5980 5167//5981 5166//5979
f 5158//5978 5166//5979 5165//5977
f 5159//5976 5165//5977 5164//5975
f 5161//5974 5164//5975 5163//5972
f 5160//5973 5163//5972 5170//5986
f 5170//5986 5163//5972 5171//5987
f 5163//5972 5164//5975 5171//5987
f 5164//5975 5165//5977 5172//5988
f 5165//5977 5166//5979 5173//5989
f 5166//5979 5167//5981 5174//5990
f 5167//5981 5168//5983 5174//5990
f 5168//5983 5169//5985 5175//5991
f 5169//5985 5170//5986 5176//5992
f 5176//5992 5175//5991 5169//5985
f 5175//5991 5174//5990 5168//5983
f 5174//5990 5173//5989 5166//5979
f 5173//5989 5172//5988 5165//5977
f 5172//5988 5171//5987 5164//5975
f 5171//5987 5176//5992 5170//5986
f 5171//1873 5172//1873 5174//5990
f 5172//1873 5173//5989 5174//5990
f 5175//5991 5176//1873 5174//5990
f 5176//1873 5171//1873 5174//5990
f 5177//5993 5105//5941 5100//5915
f 5178//5994 5177//5993 5104//5928
f 5178//5994 5106//5925 5109//5995
f 5179//5996 5109//5995 5108//5997
f 5108//5997 5107//5998 5179//5996
f 5107//5998 5180//5999 5179//5996
f 5109//5995 5179//5996 5178//5994
f 5104//5928 5106//5925 5178//5994
f 5100//5915 5104//5928 5177//5993
f 5180//5999 5181//6000 5182//6001
f 5180//5999 5107//5998 5181//6000
f 5180//5999 5182//6001 5184//6002
f 5184//6002 5183//6003 5180//5999
f 5178//6004 5189//6005 5185//6006
f 5185//6006 5177//6007 5178//6004
f 5177//6007 5185//6006 5186//6008
f 5177//6007 5186//6008 5187//6009
f 5187//6009 5105//5941 5177//6007
f 5179//6010 5183//6003 5188//6011
f 5179//6010 5180//5999 5183//6003
f 5179//6010 5188//6011 5190//6012
f 5178//6004 5179//6010 5190//6012
f 5190//6012 5189//6005 5178//6004
f 5189//6005 5190//6012 5191//6013
f 5008//5825 5192//6014 4943//5724
f 5011//6015 5194//6016 5008//5825
s 0
f 5010//6017 5195//1166 5194//6018
s 1
f 5194//6016 5011//6015 5010//6019
f 5010//6020 5009//5826 5195//6021
f 5007//5824 5011//6015 5008//5825
f 5196//6022 5192//6014 5008//5825
s 0
f 5196//6023 5194//1166 5195//6023
f 5195//6023 5197//1166 5196//6023
s 1
f 5195//6021 5009//5826 5193//6024
f 5193//6024 5197//6025 5195//6021
f 5008//5825 5194//6026 5196//6022
f 4943//5724 5192//6027 5201//6028
f 5201//6028 5199//6029 4943//5724
f 5198//6030 4892//5668 4943//5724
f 4943//5724 5199//6029 5198//6030
f 5394//6031 4893//5669 4892//5668
f 5202//6032 5201//6028 5196//6033
s 0
f 5196//1166 5197//6034 5202//6035
s 1
f 5197//6025 5193//6024 5202//6036
f 5192//6027 5196//6033 5201//6028
f 5200//6037 5202//6036 5193//6024
f 5220//6038 5201//6039 5202//6040
f 5220//6038 5202//6040 5200//6037
f 5203//6041 5053//5830 5051//5873
f 5203//6041 5077//5888 5078//5898
f 5051//5873 5077//5888 5203//6041
f 5193//6024 5009//5826 5053//5830
f 5208//6042 5203//6041 5078//5898
f 5053//5830 5203//6041 5193//6024
f 5078//5898 5082//5899 5208//6042
f 5009//5826 5012//5713 5053//5830
f 5105//5941 5205//6043 5204//6044
f 5103//5916 5105//5941 5204//6044
f 5099//5917 5204//6044 5206//6045
f 5097//5920 5206//6045 5207//6046
f 5096//5918 5207//6046 5208//6042
f 5082//5899 5101//5919 5208//6042
f 5101//5919 5096//5918 5208//6042
f 5096//5918 5102//5921 5207//6046
f 5102//5921 5097//5920 5207//6046
f 5097//5920 5098//5938 5206//6045
f 5098//5938 5099//5917 5206//6045
f 5099//5917 5103//5916 5204//6044
f 5189//6005 5191//6013 5185//6006
f 5186//6008 5185//6006 5191//6013
f 5213//6047 5209//6048 5210//6049
f 5214//6050 5211//6051 5212//6052
f 5187//6009 5186//6008 5209//6048
f 5216//6053 5214//6050 5212//6052
f 5214//6050 5216//6053 5217//6054
f 5217//6054 5211//6051 5214//6050
f 5218//6055 5210//6049 5211//6051
f 5211//6051 5217//6054 5218//6055
f 5218//6055 5213//6047 5210//6049
f 5213//6047 5218//6055 5205//6043
f 5205//6043 5209//6048 5213//6047
f 5209//6048 5205//6043 5187//6009
f 5105//5941 5187//6009 5205//6043
f 5207//6046 5218//6055 5217//6054
f 5208//6042 5217//6054 5216//6053
f 5206//6045 5204//6044 5205//6043
f 5205//6043 5218//6055 5206//6045
f 5217//6054 5208//6042 5207//6046
f 5218//6055 5207//6046 5206//6045
f 5208//6042 5216//6053 5203//6041
f 5216//6053 5219//6056 5203//6041
f 5220//6038 5228//6057 5199//6058
f 5199//6058 5201//6039 5220//6038
f 5219//6056 5222//6059 5224//6060
f 5219//6056 5221//6061 5222//6059
f 5219//6056 5215//6062 5221//6061
f 5216//6053 5212//6052 5215//6062
f 5193//6024 5219//6056 5224//6060
f 5215//6062 5219//6056 5216//6053
f 5193//6024 5203//6041 5219//6056
f 5224//6060 5220//6038 5200//6037
f 5224//6060 5200//6037 5193//6024
f 5224//6060 5222//6059 5225//6063
f 5223//6064 5222//6059 5227//6065
f 5222//6059 5221//6061 5227//6065
f 5227//6065 5221//6061 5226//6066
f 5215//6062 5226//6066 5221//6061
f 5226//6066 5215//6062 5262//6067
f 5262//6067 5264//6068 5226//6066
f 5264//6068 5258//6069 5227//6065
f 5227//6065 5226//6066 5264//6068
f 5220//6038 5224//6060 5225//6063
f 5220//6038 5229//6070 5228//6057
f 5230//6071 5354//6072 5199//6058
f 5199//6058 5228//6057 5230//6071
f 5228//6057 5229//6070 5230//6071
f 5229//6070 5234//6073 5230//6071
f 5235//6074 5231//6075 5232//6076
f 5237//6077 5236//6078 5223//6064
f 5223//6064 5257//6079 5237//6077
f 5240//6080 5239//6081 5223//6064
f 5236//6078 5240//6080 5223//6064
f 5239//6081 5238//6082 5225//6063
f 5239//6081 5225//6063 5222//6059
f 5222//6059 5223//6064 5239//6081
f 5244//6083 5233//6084 5234//6073
f 5244//6083 5229//6070 5220//6038
f 5238//6082 5246//6085 5245//6086
f 5238//6082 5245//6086 5241//6087
f 5244//6083 5225//6063 5238//6082
f 5234//6073 5229//6070 5244//6083
f 5238//6082 5247//6088 5242//6089
f 5244//6083 5232//6076 5233//6084
f 5238//6082 5243//6090 5244//6083
f 5242//6089 5246//6085 5238//6082
f 5241//6087 5243//6090 5238//6082
f 5244//6083 5235//6074 5232//6076
f 5220//6038 5225//6063 5244//6083
f 5248//6091 5241//6087 5245//6086
f 5250//6092 5245//6086 5246//6085
f 5252//6093 5246//6085 5242//6089
f 5254//6094 5243//6090 5241//6087
f 5255//6095 5241//6087 5248//6091
f 5256//6096 5248//6091 5249//6097
f 5239//6081 5247//6088 5238//6082
f 5240//6080 5236//6078 5253//6098
f 5243//6090 5269//6099 5270//6100
f 5244//6083 5243//6090 5270//6100
f 5243//6090 5254//6094 5269//6099
f 5245//6086 5250//6092 5249//6097
f 5248//6091 5256//6096 5255//6095
f 5241//6087 5255//6095 5254//6094
f 5242//6089 5240//6080 5253//6098
f 5242//6089 5253//6098 5252//6093
f 5246//6085 5252//6093 5251//6101
f 5246//6085 5251//6101 5250//6092
f 5245//6086 5249//6097 5248//6091
f 5247//6088 5239//6081 5240//6080
f 5247//6088 5240//6080 5242//6089
f 5257//6079 5227//6065 5258//6069
f 5257//6079 5258//6069 5261//6102
f 5257//6079 5223//6064 5227//6065
f 5260//6103 5261//6102 5258//6069
f 5258//6069 5259//6104 5260//6103
f 5264//6068 5262//6067 5263//6105
f 5264//6068 5263//6105 5258//6069
f 5258//6069 5263//6105 5259//6104
f 5260//6103 5259//6104 5267//6106
f 5266//6107 5259//6104 5263//6105
f 5266//6107 5267//6106 5259//6104
f 5265//6108 5263//6105 5262//6067
f 5277//6109 5266//6107 5265//6108
f 5266//6107 5263//6105 5265//6108
f 5270//6100 5269//6099 5268//6110
f 5244//6083 5270//6100 5268//6110
f 5271//6111 5254//6094 5255//6095
f 5255//6095 5281//6112 5271//6111
f 5255//6095 5272//6113 5281//6112
f 5272//6113 5255//6095 5256//6096
f 5256//6096 5273//6114 5272//6113
f 5256//6096 5249//6097 5274//6115
f 5274//6115 5273//6114 5256//6096
f 5249//6097 5250//6092 5274//6115
f 5275//6116 5274//6115 5250//6092
f 5250//6092 5251//6101 5275//6116
f 5253//6098 5236//6078 5237//6077
f 5253//6098 5237//6077 5257//6079
f 5257//6079 5252//6093 5253//6098
f 5252//6093 5257//6079 5261//6102
f 5251//6101 5260//6103 5267//6106
f 5251//6101 5261//6102 5260//6103
f 5261//6102 5251//6101 5252//6093
f 5275//6116 5251//6101 5267//6106
f 5280//6117 5254//6094 5271//6111
f 5280//6117 5276//6118 5254//6094
f 5276//6118 5269//6099 5254//6094
f 5267//6106 5266//6107 5275//6116
f 5272//6113 5273//6114 5278//6119
f 5273//6114 5274//6115 5278//6119
f 5278//6119 5274//6115 5275//6116
f 5266//6107 5277//6109 5275//6116
f 5278//6119 5281//6112 5272//6113
f 5276//6118 5279//6120 5269//6099
f 5276//6118 5280//6117 5279//6120
f 5268//6110 5269//6099 5279//6120
f 5271//6111 5281//6112 5282//6121
f 5282//6121 5283//6122 5271//6111
f 5265//6108 5262//6067 5296//6123
f 5275//6116 5277//6109 5265//6108
f 5296//6123 5278//6119 5275//6116
f 5296//6123 5286//6124 5278//6119
f 5265//6108 5296//6123 5275//6116
f 5286//6124 5281//6112 5278//6119
f 5286//6124 5282//6121 5281//6112
f 5290//6125 5291//6126 5212//6052
f 5211//6051 5210//6049 5289//6127
f 5262//6067 5215//6062 5294//6128
f 5291//6126 5292//6129 5212//6052
f 5191//6013 5286//6124 5299//6130
f 5292//6129 5215//6062 5212//6052
f 5289//6127 5290//6125 5211//6051
f 5191//6013 5300//6131 5301//6132
f 5299//6130 5300//6131 5191//6013
f 5293//6133 5294//6128 5215//6062
f 5290//6125 5212//6052 5211//6051
f 5289//6127 5210//6049 5209//6048
f 5288//6134 5209//6048 5186//6008
f 5186//6008 5302//6135 5303//6136
f 5191//6013 5301//6132 5302//6135
f 5286//6124 5298//6137 5299//6130
f 5296//6123 5297//6138 5286//6124
f 5292//6129 5293//6133 5215//6062
f 5209//6048 5288//6134 5289//6127
f 5303//6136 5288//6134 5186//6008
f 5297//6138 5298//6137 5286//6124
f 5294//6128 5295//6139 5262//6067
f 5302//6135 5186//6008 5191//6013
f 5295//6139 5296//6123 5262//6067
f 5283//6122 5284//6140 5379//6141
f 5282//6121 5285//6142 5283//6122
f 5284//6140 5283//6122 5285//6142
f 5287//6143 5288//6134 5303//6136
f 5305//6144 5304//6145 5290//6125
f 5306//6146 5305//6144 5289//6127
f 5307//6147 5306//6146 5287//6143
f 5308//6148 5307//6147 5302//6135
f 5309//6149 5308//6148 5300//6131
f 5310//6150 5309//6149 5298//6137
f 5311//6151 5310//6150 5296//6123
f 5312//6152 5311//6151 5295//6139
f 5313//6153 5312//6152 5293//6133
f 5304//6145 5313//6153 5292//6129
f 5292//6129 5291//6126 5304//6145
f 5293//6133 5292//6129 5313//6153
f 5294//6128 5293//6133 5312//6152
f 5295//6139 5294//6128 5312//6152
f 5296//6123 5295//6139 5311//6151
f 5297//6138 5296//6123 5310//6150
f 5298//6137 5297//6138 5310//6150
f 5299//6130 5298//6137 5309//6149
f 5300//6131 5299//6130 5309//6149
f 5301//6132 5300//6131 5308//6148
f 5302//6135 5301//6132 5308//6148
f 5303//6136 5302//6135 5307//6147
f 5287//6143 5303//6136 5307//6147
f 5288//6134 5287//6143 5306//6146
f 5289//6127 5288//6134 5306//6146
f 5290//6125 5289//6127 5305//6144
f 5291//6126 5290//6125 5304//6145
f 5304//6145 5322//6154 5314//6155
f 5313//6153 5314//6155 5315//6156
f 5312//6152 5315//6156 5316//6157
f 5311//6151 5316//6157 5317//6158
f 5310//6150 5317//6158 5318//6159
f 5308//6148 5318//6159 5319//6160
f 5307//6147 5319//6160 5320//6161
f 5307//6147 5320//6161 5321//6162
f 5305//6144 5321//6162 5322//6154
f 5322//6154 5304//6145 5305//6144
f 5321//6162 5305//6144 5306//6146
f 5321//6162 5306//6146 5307//6147
f 5319//6160 5307//6147 5308//6148
f 5318//6159 5308//6148 5309//6149
f 5318//6159 5309//6149 5310//6150
f 5317//6158 5310//6150 5311//6151
f 5316//6157 5311//6151 5312//6152
f 5315//6156 5312//6152 5313//6153
f 5314//6155 5313//6153 5304//6145
f 5320//1345 5319//1345 5323//1345
f 5323//1345 5327//1345 5320//1345
f 5323//1345 5319//1345 5318//1345
f 5318//1345 5324//1345 5323//1345
f 5318//1345 5317//2206 5324//1345
f 5317//2206 5316//6163 5325//2206
f 5325//2206 5324//1345 5317//2206
f 5314//1345 5322//1345 5326//1345
f 5321//1345 5327//1345 5326//1345
f 5326//1345 5325//2206 5314//1345
f 5326//1345 5322//1345 5321//1345
f 5325//2206 5316//6163 5315//2196
f 5325//2206 5315//2196 5314//1345
f 5321//1345 5320//1345 5327//1345
f 5329//6164 5328//6165 5327//6166
f 5330//6167 5329//6164 5327//6166
f 5331//5966 5330//6167 5324//5967
f 5332//5968 5331//5966 5325//5969
f 5328//6165 5332//5968 5325//5969
f 5325//5969 5326//6168 5328//6165
f 5324//5967 5325//5969 5331//5966
f 5323//6169 5324//5967 5330//6167
f 5327//6166 5323//6169 5330//6167
f 5326//6168 5327//6166 5328//6165
f 5333//1873 5331//1873 5332//1873
f 5331//1873 5333//1873 5334//1873
f 5334//1873 5330//1873 5331//1873
f 5335//1873 5336//1873 5328//1873
f 5337//1873 5329//1873 5330//1873
f 5336//1873 5338//1873 5328//1873
f 5334//1873 5339//1873 5330//1873
f 5328//1873 5329//1873 5335//1873
f 5338//1873 5332//1873 5328//1873
f 5338//1873 5333//1873 5332//1873
f 5339//1873 5337//1873 5330//1873
f 5337//1873 5335//1873 5329//1873
f 5336//6170 5346//6171 5340//6172
f 5333//6173 5340//6172 5341//6174
f 5333//6173 5341//6174 5342//6175
f 5334//6176 5342//6175 5343//6177
f 5337//6178 5343//6177 5344//6179
f 5337//6178 5344//6179 5345//6180
f 5335//6181 5345//6180 5346//6171
f 5346//6171 5336//6170 5335//6181
f 5345//6180 5335//6181 5337//6178
f 5343//6177 5337//6178 5339//6182
f 5343//6177 5339//6182 5334//6176
f 5342//6175 5334//6176 5333//6173
f 5340//6172 5333//6173 5338//6183
f 5340//6172 5338//6183 5336//6170
f 5346//6171 5345//6180 5348//6184
f 5345//6180 5344//6179 5348//6184
f 5344//6179 5343//6177 5349//6185
f 5343//6177 5342//6175 5351//6186
f 5342//6175 5341//6174 5352//6187
f 5341//6174 5340//6172 5352//6187
f 5340//6172 5346//6171 5353//6188
f 5347//6189 5353//6188 5346//6171
f 5353//6188 5352//6187 5340//6172
f 5352//6187 5351//6186 5342//6175
f 5351//6186 5350//6190 5343//6177
f 5350//6190 5349//6185 5343//6177
f 5349//6185 5348//6184 5344//6179
f 5348//6184 5347//6189 5346//6171
f 5347//1345 5348//6184 5349//6185
f 5350//6190 5351//1345 5349//6185
f 5351//1345 5352//1345 5349//6185
f 5352//1345 5353//1345 5349//6185
f 5353//1345 5347//1345 5349//6185
f 5355//6191 5354//6072 5233//6084
f 5231//6075 5356//6192 5355//6191
f 5357//6193 5356//6192 5361//6194
f 5358//6195 5357//6193 5361//6194
f 5361//6194 5359//6196 5358//6195
f 5358//6195 5359//6196 5365//6197
f 5365//6197 5360//6198 5358//6195
f 5360//6198 5365//6197 5366//6199
f 5356//6192 5357//6193 5355//6191
f 5232//6076 5231//6075 5355//6191
f 5233//6084 5232//6076 5355//6191
f 5234//6073 5233//6084 5354//6072
f 5230//6071 5234//6073 5354//6072
f 5363//6200 5356//6192 5362//6201
f 5356//6192 5363//6200 5361//6194
f 5231//6075 5235//6074 5356//6192
f 5235//6074 5362//6201 5356//6192
f 5364//6202 5365//6197 5359//6196
f 5366//6199 5365//6197 5364//6202
f 5361//6194 5363//6200 5359//6196
f 5367//6203 5366//6199 5364//6202
f 5366//6199 5367//6203 5368//6204
f 5280//6117 5379//6141 5369//6205
f 5280//6117 5271//6111 5283//6122
f 5283//6122 5379//6141 5280//6117
f 5279//6120 5369//6205 5371//6206
f 5279//6120 5280//6117 5369//6205
f 5370//6207 5268//6110 5371//6206
f 5371//6206 5268//6110 5279//6120
f 5370//6207 5376//6208 5268//6110
f 5268//6110 5376//6208 5375//6209
f 5363//6200 5362//6201 5372//6210
f 5362//6201 5373//6211 5372//6210
f 5362//6201 5235//6074 5373//6211
f 5235//6074 5375//6209 5373//6211
f 5235//6074 5244//6083 5375//6209
f 5375//6209 5244//6083 5268//6110
f 5373//6211 5375//6209 5374//6212
f 5377//6213 5372//6210 5373//6211
f 5377//6213 5373//6211 5374//6212
f 5374//6212 5375//6209 5377//6213
f 5377//6213 5375//6209 5376//6208
f 5376//6208 5370//6207 5378//6214
f 5376//6208 5378//6214 5377//6213
f 5389//6215 5379//6141 5284//6140
f 5368//6204 5371//6206 5369//6205
f 5369//6205 5389//6215 5368//6204
f 5371//6206 5368//6204 5367//6203
f 5369//6205 5379//6141 5389//6215
f 5367//6203 5383//6216 5370//6207
f 5367//6203 5384//6217 5383//6216
f 5382//6218 5359//6196 5363//6200
f 5363//6200 5381//6219 5382//6218
f 5364//6202 5386//6220 5384//6217
f 5359//6196 5382//6218 5386//6220
f 5363//6200 5372//6210 5381//6219
f 5377//6221 5385//6222 5381//6219
f 5377//6221 5378//6223 5385//6222
f 5378//6223 5370//6207 5385//6222
f 5384//6217 5367//6203 5364//6202
f 5386//6220 5364//6202 5359//6196
f 5370//6207 5383//6216 5380//6224
f 5380//6224 5385//6222 5370//6207
f 5381//6219 5372//6210 5377//6221
f 5370//6207 5371//6206 5367//6203
f 5368//6204 5389//6215 5388//6225
f 5387//6226 5389//6215 5284//6140
f 5282//6121 5286//6124 5390//6227
f 5284//6140 5285//6142 5387//6226
f 5390//6227 5387//6226 5285//6142
f 5390//6227 5285//6142 5282//6121
f 5387//6226 5388//6225 5389//6215
f 5392//6228 5388//6225 5387//6226
f 5387//6226 5390//6227 5392//6228
f 5388//6225 5393//6229 5391//6230
f 5391//6230 5368//6204 5388//6225
f 5360//6198 5366//6199 5368//6204
f 5368//6204 5391//6230 5360//6198
f 5388//6225 5392//6228 5393//6229
f 5286//6124 5392//6228 5390//6227
f 4892//5668 5393//6231 5394//6031
f 5393//6231 5198//6030 5395//6232
f 5395//6232 5391//6233 5393//6231
f 5393//6231 4892//5668 5198//6030
f 5392//6228 5286//6124 5393//6229
f 5381//6234 5385//6235 5401//6236
f 5382//6237 5381//6234 5396//6238
f 5386//6239 5382//6237 5397//6240
f 5384//6241 5386//6239 5398//6242
f 5383//6243 5384//6241 5399//6244
f 5380//6245 5383//6243 5400//6246
f 5385//6235 5380//6245 5400//6246
f 5400//6246 5401//6236 5385//6235
f 5399//6244 5400//6246 5383//6243
f 5398//6242 5399//6244 5384//6241
f 5397//6240 5398//6242 5386//6239
f 5396//6238 5397//6240 5382//6237
f 5401//6236 5396//6238 5381//6234
f 5402//6247 5403//6248 5401//6249
f 5404//6250 5402//6247 5400//6251
f 5406//6252 5407//6253 5397//6254
f 5407//6253 5398//6255 5397//6254
f 5404//6250 5400//6251 5399//6256
f 5401//6249 5400//6251 5402//6247
f 5396//6257 5401//6249 5403//6248
f 5408//6258 5399//6256 5398//6255
f 5408//6258 5404//6250 5399//6256
f 5396//6257 5403//6248 5405//6259
f 5406//6252 5397//6254 5396//6257
f 5407//6253 5408//6258 5398//6255
f 5396//6257 5405//6259 5406//6252
f 5410//6260 5403//6261 5402//6262
f 5411//6263 5402//6262 5404//6264
f 5411//6263 5404//6264 5408//6265
f 5413//6266 5408//6265 5407//6267
f 5414//6268 5407//6267 5406//6269
f 5416//6270 5406//6269 5405//6271
f 5416//6270 5405//6271 5403//6261
f 5403//6261 5409//6272 5416//6270
f 5406//6269 5416//6270 5415//6273
f 5406//6269 5415//6273 5414//6268
f 5407//6267 5414//6268 5413//6266
f 5408//6265 5413//6266 5412//6274
f 5408//6265 5412//6274 5411//6263
f 5402//6262 5411//6263 5410//6260
f 5403//6261 5410//6260 5409//6272
f 5286//6124 5191//6013 5190//6012
f 5286//6124 5190//6012 5393//6229
f 5190//6012 5188//6011 5393//6229
f 5188//6011 5183//6003 5394//6031
f 5183//6003 5184//6002 5394//6031
f 5394//6031 5184//6002 5182//6001
f 5182//6001 5181//6000 4893//5669
f 4893//5669 5417//6275 5182//6001
f 4899//5674 4896//5673 5109//5995
f 5109//5995 5106//5925 4899//5674
f 4896//5673 5108//5997 5109//5995
f 4896//5673 4894//6276 5108//5997
f 4894//6276 5107//5998 5108//5997
f 4894//6276 4893//5669 5107//5998
f 5181//6000 5107//5998 4893//5669
f 5182//6001 5417//6275 5394//6031
f 5188//6011 5394//6031 5393//6229
f 5394//6031 5417//6275 4893//5669
f 5391//6277 5395//6278 5411//6279
f 5418//6280 5358//6281 5416//6282
f 5354//6072 5419//4876 5198//6283
f 5360//3032 5391//6277 5413//3610
f 5391//6277 5411//6279 5412//6284
f 5395//6278 5418//6280 5409//6285
f 5355//3043 5418//6280 5419//4876
f 5409//6285 5410//6286 5395//6278
f 5418//6280 5416//6282 5409//6285
f 5358//6281 5360//3032 5415//6287
f 5418//6280 5355//3043 5357//1630
f 5419//4876 5354//6072 5355//3043
f 5412//6284 5413//3610 5391//6277
f 5414//6288 5415//6287 5360//3032
f 5198//6283 5199//6058 5354//6072
f 5418//6280 5357//1630 5358//6281
f 5410//6286 5411//6279 5395//6278
f 5415//6287 5416//6282 5358//6281
f 5413//3610 5414//6288 5360//3032
f 5422//6289 5420//6290 5423//6291
f 5423//6291 5395//6232 5422//6289
f 5198//6030 5422//6289 5395//6232
f 5421//6292 5423//6291 5420//6290
f 5419//6293 5424//6294 5420//6290
f 5420//6290 5198//6030 5419//6293
f 5422//6289 5198//6030 5420//6290
f 5419//6293 5425//6295 5424//6294
f 5419//6293 5418//6296 5425//6295
f 5424//6294 5421//6292 5420//6290
f 5395//6278 5423//6297 5418//6280
f 5425//6295 5423//6297 5421//6298
f 5425//6295 5421//6298 5424//6294
f 5423//6297 5425//6295 5418//6280
f 5996//6955 5997//1345 5995//6956
f 5997//1345 5998//1345 5995//6956
f 5998//1345 5999//1345 5995//6956
f 5999//1345 6000//1345 5995//6956
f 6000//1345 6001//6957 5995//6956
f 6002//6958 6008//6959 5997//6960
f 6003//6961 6002//6958 5996//6955
f 6004//6962 6003//6961 5995//6956
f 6005//6963 6004//6962 6001//6957
f 6006//6964 6005//6963 6000//6965
f 6007//6966 6006//6964 5999//6967
f 6008//6959 6007//6966 5997//6960
f 5998//6968 5997//6960 6007//6966
f 5999//6967 5998//6968 6007//6966
f 6000//6965 5999//6967 6006//6964
f 6001//6957 6000//6965 6005//6963
f 5995//6956 6001//6957 6004//6962
f 5996//6955 5995//6956 6003//6961
f 5997//6960 5996//6955 6002//6958
f 6004//1873 6010//1873 6009//1873
f 6004//1873 6005//1873 6010//1873
f 6011//1873 6010//1873 6005//1873
f 6005//1873 6006//1873 6011//1873
f 6008//1873 6013//1873 6012//1873
f 6009//1873 6003//1873 6004//1873
f 6012//1873 6006//1873 6007//1630
f 6013//1873 6008//1873 6002//1873
f 6002//1873 6014//1873 6013//1873
f 6012//1873 6011//1873 6006//1873
f 6009//1873 6014//1873 6003//1873
f 6012//1873 6007//1630 6008//1873
f 6014//1873 6002//1873 6003//1873
f 6015//6969 6013//6970 6014//6971
f 6014//6971 6016//6972 6015//6969
f 6014//6971 6017//6973 6016//6972
f 6017//6973 6014//6971 6009//6974
f 6009//6974 6018//6975 6017//6973
f 6009//6974 6019//6976 6018//6975
f 6019//6976 6009//6974 6010//6977
f 6010//6977 6020//6978 6019//6976
f 6020//6978 6010//6977 6011//6979
f 6011//6979 6021//6980 6020//6978
f 6011//6979 6022//6981 6021//6980
f 6022//6981 6011//6979 6012//6982
f 6012//6982 6023//6983 6022//6981
f 6012//6982 6024//6984 6023//6983
f 6024//6984 6012//6982 6013//6970
f 6013//6970 6015//6969 6024//6984
f 6030//6985 6043//6986 6044//6987
f 6030//6985 6042//6988 6043//6986
f 6040//6989 6025//6990 6015//6969
f 6170//6991 6174//6992 6035//6993
f 6044//6987 6028//6994 6030//6985
f 6174//6992 6199//6995 6047//6996
f 6046//6997 6047//6996 6199//6995
f 6199//6995 6031//6998 6046//6997
f 6028//6994 6044//6987 6045//6999
f 6030//6985 6041//7000 6042//6988
f 6025//6990 6024//6984 6015//6969
f 6174//6992 6032//7001 6033//7002
f 6031//6998 6045//6999 6046//6997
f 6025//6990 6040//6989 6041//7000
f 6174//6992 6034//7003 6035//6993
f 6047//6996 6032//7001 6174//6992
f 6041//7000 6030//6985 6025//6990
f 6015//6969 6039//7004 6040//6989
f 6170//6991 6019//6976 6020//6978
f 6033//7002 6034//7003 6174//6992
f 6039//7004 6017//6973 6018//6975
f 6019//6976 6170//6991 6035//6993
f 6045//6999 6031//6998 6028//6994
f 6019//6976 6037//7005 6038//7006
f 6039//7004 6015//6969 6016//6972
f 6019//6976 6035//6993 6036//7007
f 6160//7008 6170//6991 6021//6980
f 6038//7006 6039//7004 6019//6976
f 6016//6972 6017//6973 6039//7004
f 6021//6980 6022//6981 6160//7008
f 6036//7007 6037//7005 6019//6976
f 6170//6991 6020//6978 6021//6980
f 6025//6990 6022//6981 6023//6983
f 6018//6975 6019//6976 6039//7004
f 6023//6983 6024//6984 6025//6990
f 6022//6981 6025//6990 6160//7008
f 6031//6998 6027//7009 6028//6994
f 6031//6998 6199//6995 6026//7010
f 6029//7011 6030//6985 6028//6994
f 6048//7012 6057//7013 6043//6986
f 6043//6986 6042//6988 6048//7012
f 6042//6988 6041//7000 6048//7012
f 6049//7014 6048//7012 6041//7000
f 6041//7000 6040//6989 6049//7014
f 6050//7015 6049//7014 6040//6989
f 6040//6989 6039//7004 6050//7015
f 6039//7004 6038//7006 6050//7015
f 6038//7006 6037//7005 6050//7015
f 6051//7016 6050//7015 6037//7005
f 6037//7005 6036//7007 6051//7016
f 6052//7017 6051//7016 6036//7007
f 6036//7007 6035//6993 6052//7017
f 6053//7018 6052//7017 6035//6993
f 6035//6993 6034//7003 6053//7018
f 6034//7003 6033//7002 6053//7018
f 6054//7019 6053//7018 6033//7002
f 6033//7002 6032//7001 6054//7019
f 6055//7020 6054//7019 6032//7001
f 6032//7001 6047//6996 6055//7020
f 6047//6996 6046//6997 6055//7020
f 6056//7021 6055//7020 6046//6997
f 6046//6997 6045//6999 6056//7021
f 6045//6999 6044//6987 6056//7021
f 6057//7013 6056//7021 6044//6987
f 6044//6987 6043//6986 6057//7013
f 6088//7050 6102//7057 6093//7058
f 6089//7056 6093//7058 6094//7059
f 6093//7058 6089//7056 6088//7050
f 6090//7052 6089//7056 6095//7060
f 6094//7059 6095//7060 6089//7056
f 6095//7060 6096//7061 6091//7053
f 6096//7061 6092//7055 6091//7053
f 6096//7061 6097//7062 6092//7055
f 6097//7062 6098//7063 6092//7055
f 6085//7044 6092//7055 6098//7063
f 6086//7046 6085//7044 6099//7064
f 6087//7047 6086//7046 6100//7065
f 6101//7066 6102//7057 6087//7047
f 6088//7050 6087//7047 6102//7057
f 6100//7065 6101//7066 6087//7047
f 6099//7064 6100//7065 6086//7046
f 6098//7063 6099//7064 6085//7044
f 6095//7060 6091//7053 6090//7052
f 6136//7095 6141//7105 6142//7106
f 6137//7097 6142//7106 6143//7107
f 6137//7097 6143//7107 6144//7108
f 6138//7099 6144//7108 6145//7109
f 6138//7099 6145//7109 6146//7110
f 6139//7100 6146//7110 6147//7111
f 6139//7100 6147//7111 6148//7112
f 6140//7102 6148//7112 6149//7113
f 6140//7102 6149//7113 6150//7114
f 6130//7087 6150//7114 6151//7115
f 6131//7089 6151//7115 6152//7116
f 6131//7089 6152//7116 6153//7117
f 6132//7104 6153//7117 6154//7118
f 6133//7090 6154//7118 6155//7119
f 6134//7103 6155//7119 6156//7120
f 6135//7092 6156//7120 6157//7121
f 6135//7092 6157//7121 6141//7105
f 6141//7105 6136//7095 6135//7092
f 6156//7120 6135//7092 6134//7103
f 6155//7119 6134//7103 6133//7090
f 6154//7118 6133//7090 6132//7104
f 6153//7117 6132//7104 6131//7089
f 6151//7115 6131//7089 6130//7087
f 6150//7114 6130//7087 6140//7102
f 6148//7112 6140//7102 6139//7100
f 6146//7110 6139//7100 6138//7099
f 6144//7108 6138//7099 6137//7097
f 6142//7106 6137//7097 6136//7095
f 6158//7122 6025//6990 6030//6985
f 6159//7123 6025//6990 6158//7122
f 6025//6990 6159//7123 6160//7008
f 6161//7124 6162//7125 6160//7008
f 6161//7124 6168//7126 6169//7127
f 6169//7127 6162//7125 6161//7124
f 6163//7128 6168//7126 6161//7124
f 6159//7123 6158//7122 6164//7129
f 6164//7129 6161//7124 6160//7008
f 6160//7008 6159//7123 6164//7129
f 6164//7129 6166//7130 6165//7131
f 6165//7131 6161//7124 6164//7129
f 6166//7130 6176//7132 6165//7131
f 6161//7124 6167//7133 6172//7134
f 6165//7131 6167//7133 6161//7124
f 6172//7134 6173//7135 6161//7124
f 6161//7124 6173//7135 6163//7128
f 6170//6991 6160//7008 6162//7125
f 6167//7133 6165//7131 6171//7136
f 6164//7129 6177//7137 6166//7130
f 6166//7130 6177//7137 6176//7132
f 6172//7134 6167//7133 6189//7138
f 6167//7133 6175//7139 6189//7138
f 6189//7138 6180//7140 6172//7134
f 6180//7140 6173//7135 6172//7134
f 6180//7140 6193//7141 6173//7135
f 6173//7135 6193//7141 6194//7142
f 6194//7142 6181//7143 6173//7135
f 6181//7143 6163//7128 6173//7135
f 6163//7128 6181//7143 6187//7144
f 6168//7126 6163//7128 6187//7144
f 6168//7126 6187//7144 6182//7145
f 6182//7145 6169//7127 6168//7126
f 6184//7146 6162//7125 6169//7127
f 6169//7127 6182//7145 6184//7146
f 6174//6992 6170//6991 6162//7125
f 6184//7146 6174//6992 6162//7125
f 6167//7133 6171//7136 6175//7139
f 6184//7146 6182//7145 6185//7147
f 6182//7145 6187//7144 6186//7148
f 6187//7144 6181//7143 6188//7149
f 6184//7146 6185//7147 6174//6992
f 6179//7150 6174//6992 6185//7147
f 6178//7151 6179//7150 6185//7147
f 6183//7152 6186//7148 6188//7149
f 6183//7152 6178//7151 6186//7148
f 6188//7149 6186//7148 6187//7144
f 6186//7148 6178//7151 6185//7147
f 6186//7148 6185//7147 6182//7145
f 6180//7140 6190//7153 6192//7154
f 6190//7153 6191//7155 6192//7154
f 6193//7141 6192//7154 6194//7142
f 6194//7142 6192//7154 6183//7152
f 6192//7154 6191//7155 6183//7152
f 6189//7138 6175//7139 6207//7156
f 6190//7153 6207//7156 6206//7157
f 6206//7157 6191//7155 6190//7153
f 6207//7156 6190//7153 6189//7138
f 6183//7152 6188//7149 6194//7142
f 6188//7149 6181//7143 6194//7142
f 6192//7154 6193//7141 6180//7140
f 6190//7153 6180//7140 6189//7138
f 6195//7158 6196//7159 6178//7151
f 6195//7158 6178//7151 6183//7152
f 6196//7159 6179//7150 6178//7151
f 6197//7160 6199//6995 6174//6992
f 6197//7160 6174//6992 6179//7150
f 6196//7159 6197//7160 6179//7150
f 6198//7161 6199//6995 6197//7160
f 6199//6995 6198//7161 6026//7010
f 6029//7011 6028//6994 6200//7162
f 6027//7009 6201//7163 6200//7162
f 6200//7162 6028//6994 6027//7009
f 6201//7163 6027//7009 6031//6998
f 6202//7164 6031//6998 6026//7010
f 6031//6998 6202//7164 6201//7163
f 6029//7011 6203//7165 6030//6985
f 6203//7165 6029//7011 6200//7162
f 6030//6985 6203//7166 6204//7167
f 6164//7129 6158//7122 6204//7167
f 6204//7167 6158//7122 6030//6985
f 6204//7167 6205//7168 6164//7129
f 6195//7158 6197//7160 6196//7159
f 6195//7158 6191//7155 6206//7157
f 6195//7158 6183//7152 6191//7155
f 6206//7157 6208//7169 6195//7158
f 6175//7139 6211//7170 6212//7171
f 6207//7156 6175//7139 6209//7172
f 6209//7172 6175//7139 6212//7171
f 6207//7156 6209//7172 6208//7169
f 6206//7157 6207//7156 6208//7169
f 6208//7169 6209//7172 6195//7158
f 6210//7173 6202//7164 6198//7161
f 6026//7010 6198//7161 6202//7164
f 6198//7161 6197//7160 6210//7173
f 6197//7160 6195//7174 6210//7173
f 6212//7171 6211//7170 6213//7175
f 6150//7114 6171//7136 6231//7176
f 6214//7177 6215//7178 6225//7179
f 6225//7179 6215//7178 6157//7121
f 6215//7178 6142//7106 6141//7105
f 6154//7118 6233//7180 6224//7181
f 6175//7139 6146//7110 6145//7109
f 6175//7139 6148//7112 6147//7111
f 6175//7139 6149//7113 6148//7112
f 6231//7176 6232//7182 6150//7114
f 6141//7105 6157//7121 6215//7178
f 6215//7178 6216//7183 6143//7107
f 6211//7170 6144//7108 6143//7107
f 6153//7117 6232//7182 6233//7180
f 6175//7139 6147//7111 6146//7110
f 6150//7114 6175//7139 6171//7136
f 6157//7121 6224//7181 6225//7179
f 6143//7107 6142//7106 6215//7178
f 6143//7107 6216//7183 6211//7170
f 6232//7182 6152//7116 6151//7115
f 6226//7184 6176//7132 6214//7177
f 6211//7170 6145//7109 6144//7108
f 6154//7118 6153//7117 6233//7180
f 6224//7181 6156//7120 6155//7119
f 6175//7139 6150//7114 6149//7113
f 6230//7185 6231//7176 6171//7136
f 6230//7185 6171//7136 6165//7131
f 6153//7117 6152//7116 6232//7182
f 6165//7131 6229//7186 6230//7185
f 6165//7131 6176//7132 6229//7186
f 6224//7181 6157//7121 6156//7120
f 6176//7132 6227//7187 6228//7188
f 6226//7184 6227//7187 6176//7132
f 6155//7119 6154//7118 6224//7181
f 6228//7188 6229//7186 6176//7132
f 6225//7179 6226//7184 6214//7177
f 6145//7109 6211//7170 6175//7139
f 6151//7115 6150//7114 6232//7182
f 6214//7177 6176//7132 6177//7137
f 6216//7183 6213//7175 6211//7170
f 6213//7175 6216//7183 6217//7189
f 6218//7190 6215//7178 6214//7177
f 6213//7175 6217//7189 6220//7191
f 6217//7189 6219//7192 6220//7191
f 6217//7189 6216//7183 6219//7192
f 6219//7192 6216//7183 6215//7178
f 6215//7178 6218//7190 6221//7193
f 6221//7193 6218//7190 6222//7194
f 6214//7177 6222//7194 6218//7190
f 6221//7193 6219//7192 6215//7178
f 6210//7173 6195//7195 6209//7172
f 6209//7172 6212//7171 6210//7173
f 6210//7173 6212//7171 6223//7196
f 6220//7191 6212//7171 6213//7175
f 6212//7171 6220//7191 6223//7196
f 6214//7177 6177//7137 6205//7168
f 6205//7168 6177//7137 6164//7129
f 6205//7168 6222//7197 6214//7177
f 6220//7191 6202//7164 6210//7173
f 6210//7173 6223//7196 6220//7191
f 6205//7168 6203//7166 6222//7197
f 6205//7168 6204//7167 6203//7166
f 6200//7162 6201//7163 6221//7193
f 6201//7163 6219//7192 6221//7193
f 6202//7164 6220//7191 6219//7192
f 6222//7194 6203//7165 6200//7162
f 6200//7162 6221//7193 6222//7194
f 6201//7163 6202//7164 6219//7192
f 6234//7198 6240//7199 6226//7184
f 6235//7200 6234//7198 6224//7181
f 6236//7201 6235//7200 6233//7180
f 6237//7202 6236//7201 6231//7176
f 6238//7203 6237//7202 6230//7185
f 6239//7204 6238//7203 6229//7186
f 6240//7199 6239//7204 6228//7188
f 6227//7187 6226//7184 6240//7199
f 6228//7188 6227//7187 6240//7199
f 6229//7186 6228//7188 6239//7204
f 6230//7185 6229//7186 6238//7203
f 6231//7176 6230//7185 6237//7202
f 6232//7182 6231//7176 6236//7201
f 6233//7180 6232//7182 6236//7201
f 6224//7181 6233//7180 6235//7200
f 6225//7179 6224//7181 6234//7198
f 6226//7184 6225//7179 6234//7198
f 6242//1345 6241//1345 6240//1345
f 6242//1345 6240//1345 6234//1345
f 6244//1345 6236//1345 6237//1345
f 6245//1345 6234//1345 6235//1345
f 6244//1345 6245//1345 6235//1345
f 6237//1345 6243//1345 6244//1345
f 6235//1345 6236//1345 6244//1345
f 6234//1345 6245//1345 6242//1345
f 6246//1345 6239//1345 6240//1345
f 6246//1345 6247//1345 6238//1345
f 6237//1345 6238//1345 6247//1345
f 6240//1345 6241//1345 6246//1345
f 6237//1345 6247//1345 6243//1345
f 6238//1345 6239//1345 6246//1345
f 6248//7205 6254//7206 6241//7207
f 6249//7208 6248//7205 6245//7209
f 6250//7210 6249//7208 6245//7209
f 6251//7211 6250//7210 6244//7212
f 6252//7213 6251//7211 6243//7214
f 6253//7215 6252//7213 6246//7216
f 6254//7206 6253//7215 6246//7216
f 6246//7216 6241//7207 6254//7206
f 6247//7217 6246//7216 6252//7213
f 6243//7214 6247//7217 6252//7213
f 6244//7212 6243//7214 6251//7211
f 6245//7209 6244//7212 6250//7210
f 6242//7218 6245//7209 6248//7205
f 6241//7207 6242//7218 6248//7205
f 6248//1873 6249//1873 6252//7213
f 6249//1873 6250//1873 6252//7213
f 6250//1873 6251//7211 6252//7213
f 6253//7215 6254//1873 6252//7213
f 6254//1873 6248//1873 6252//7213
usemtl 0.301961_0.301961_0.301961_0.000000_0.014
f 1263//1515 1266//1519 1284//1533
f 1279//1534 1262//1517 1263//1515
f 1284//1533 1279//1534 1263//1515
f 1266//1519 1273//1523 1284//1533
f 1273//1523 1271//1527 1284//1533
f 1259//1514 1263//1515 1262//1517
f 4846//5615 4866//5631 4862//5633
f 4846//5615 4849//5619 4866//5631
f 4862//5633 4845//5617 4846//5615
f 4849//5619 4857//5622 4866//5631
f 4866//5631 4857//5622 4854//5627
f 4842//5614 4846//5615 4845//5617
usemtl 0.094118_0.301961_0.776471_0.000000_0.000000
f 1898//2297 1882//2282 1899//2298
f 1902//2299 1898//2297 1900//2300
f 1902//2299 1900//2300 1901//2301
f 1877//2272 1902//2299 1890//2288
f 1901//2301 1890//2288 1902//2299
f 1899//2298 1900//2300 1898//2297
f 1896//2295 1899//2298 1882//2282
f 1903//2302 1897//2296 1883//2280
f 1904//2303 1903//2302 1883//2280
f 1887//2286 1904//2303 1885//2284
f 1886//2285 1885//2284 1904//2303
f 1883//2280 1886//2285 1904//2303
f 1884//2281 1883//2280 1897//2296
f 2270//2777 2266//2778 2271//2779
f 2266//2778 2270//2777 2278//2780
f 2278//2780 2267//2781 2266//2778
f 2268//2782 2269//2783 2270//2777
f 2270//2777 2271//2779 2268//2782
f 1984//2404 2269//2783 2268//2782
f 2268//2782 2272//2784 1984//2404
f 1985//2412 2273//2785 2277//2786
f 2273//2785 1985//2412 1986//2408
f 2274//2787 1986//2408 1987//2411
f 2274//2787 1987//2411 1984//2404
f 1984//2404 2272//2784 2274//2787
f 1986//2408 2274//2787 2273//2785
f 1993//2413 2276//2788 2275//2789
f 1993//2413 1985//2412 2276//2788
f 1985//2412 2277//2786 2276//2788
f 2275//2789 2285//2790 1993//2413
f 2267//2781 2278//2780 2279//2791
f 2279//2791 2280//2792 2267//2781
f 1995//2421 2281//2793 2282//2794
f 2282//2794 2279//2791 1995//2421
f 1995//2421 2283//2795 2281//2793
f 2282//2794 2280//2792 2279//2791
f 2283//2795 1995//2421 1997//2417
f 2284//2796 1997//2417 2000//2420
f 2285//2790 2000//2420 1993//2413
f 2000//2420 2285//2790 2284//2796
f 1997//2417 2284//2796 2283//2795
f 2897//3555 2880//3556 2879//3557
f 2897//3555 2881//3556 2880//3556
f 2897//3555 2882//3558 2881//3556
f 2897//3555 2883//3559 2882//3558
f 2883//3559 2897//3555 2888//3560
f 2888//3560 2884//3561 2883//3559
f 2888//3560 2889//3562 2884//3561
f 2879//3557 2885//3563 2897//3555
f 2888//3560 2887//3564 2889//3562
f 2887//3564 2888//3560 2886//3565
f 2886//3565 2114//2571 2890//3566
f 2890//3566 2887//3564 2886//3565
f 2122//2579 2891//3567 2892//3568
f 2117//2574 2119//2576 2892//3568
f 2114//2571 2893//3569 2890//3566
f 2893//3569 2114//2571 2117//2574
f 2892//3568 2893//3569 2117//2574
f 2892//3568 2119//2576 2122//2579
f 2122//2579 2894//3570 2891//3567
f 2894//3570 2122//2579 2124//2581
f 2124//2581 2895//3571 2894//3570
f 2897//3555 2885//3563 2898//3573
f 2898//3573 2896//3572 2897//3555
f 2896//3572 2898//3573 2899//3574
f 2899//3574 2127//2588 2896//3572
f 2900//3575 2126//2586 2127//2588
f 2126//2586 2900//3575 2901//3576
f 2901//3576 2125//2583 2126//2586
f 2125//2583 2901//3576 2895//3571
f 2895//3571 2124//2581 2125//2583
f 2899//3574 2900//3575 2127//2588
f 2985//3643 3027//3644 2948//3645
f 2993//3646 2951//3647 2949//3648
f 2993//3646 2949//3648 2950//3649
f 2993//3646 2990//3650 2951//3647
f 2950//3649 3027//3644 2993//3646
f 2985//3643 2952//3651 2953//3652
f 2950//3649 2948//3645 3027//3644
f 2953//3652 2990//3650 2985//3643
f 2990//3650 2953//3652 2951//3647
f 2948//3645 2952//3651 2985//3643
f 3029//1873 2996//3653 2282//1873
f 2272//2784 2268//1873 3028//1873
f 2954//3654 3030//1616 2956//3655
f 3030//1616 2954//3654 2955//1873
f 3030//1616 2955//1873 2957//1873
f 3008//3656 2957//1873 2958//3657
f 2957//1873 3008//3656 3030//1616
f 2959//3658 2966//3659 2980//3660
f 3030//1616 2961//1873 2960//1873
f 2959//3658 2961//1873 2966//3659
f 3030//1616 2960//1873 2963//3661
f 2961//1873 3030//1616 2966//3659
f 2980//3660 2963//3661 2962//3662
f 2963//3661 2980//3660 3030//1616
f 2962//3662 2959//3658 2980//3660
f 3010//3663 3031//3664 2964//1873
f 3010//3663 2964//1873 2965//1873
f 3010//3663 2965//1873 2966//3659
f 2967//1873 2964//1873 3031//3664
f 2968//3665 2967//1873 3031//3664
f 3031//3664 3010//3663 2281//3666
f 2277//3667 2958//3657 2956//3655
f 2956//3655 2980//3660 2969//3668
f 2956//3655 2970//3669 2975//3670
f 2971//3671 2969//3668 2980//3660
f 2980//3660 2972//3672 2971//3671
f 2969//3668 2970//3669 2956//3655
f 2972//3672 2980//3660 2276//3673
f 2276//3673 2277//3667 2973//3674
f 2973//3674 2972//3672 2276//3673
f 2974//3675 2973//3674 2277//3667
f 2975//3670 2974//3675 2277//3667
f 2975//3670 2277//3667 2956//3655
f 2980//3660 2968//3665 2976//3676
f 2275//3677 2977//3678 2979//3679
f 2968//3665 2978//3680 2976//3676
f 2968//3665 2979//3679 2978//3680
f 2979//3679 2968//3665 2275//3677
f 2276//3673 2981//3681 2982//3682
f 2276//3673 2980//3660 2981//3681
f 2982//3682 2977//3678 2276//3673
f 2977//3678 2275//3677 2276//3673
f 2275//3677 2968//3665 3031//3664
f 2983//1873 2996//3653 2266//1873
f 2984//3683 2983//1873 2266//1873
f 3015//1873 2986//3684 3028//1873
f 2266//1873 2988//1873 2987//1873
f 2987//1873 2271//1873 2266//1873
f 2985//3643 2988//1873 2266//1873
f 2986//3684 2985//3643 3028//1873
f 2271//1873 2987//1873 2989//1873
f 2991//3685 3028//1873 2990//3650
f 2992//1873 2993//3646 2996//3653
f 3029//1873 2997//1873 2995//1873
f 2995//1873 2996//3653 3029//1873
f 3029//1873 3014//1873 2997//1873
f 2999//3686 3014//1873 2998//1873
f 3014//1873 3000//1873 2997//1873
f 2999//3686 2998//1873 2996//3653
f 2999//3686 3000//1873 3014//1873
f 2998//1873 3001//1873 2992//1873
f 3002//1873 2993//3646 2994//3687
f 2998//1873 3003//1873 3001//1873
f 3003//1873 2998//1873 3002//1873
f 2992//1873 2996//3653 2998//1873
f 2994//3687 3003//1873 3002//1873
f 3002//1873 2990//3650 2993//3646
f 3002//1873 3004//1873 3005//3688
f 2990//3650 3002//1873 3005//3688
f 3002//1873 3009//3689 3004//1873
f 3009//3689 3028//1873 3006//1873
f 3006//1873 3004//1873 3009//3689
f 3028//1873 2991//3685 3006//1873
f 1881//2277 3028//1873 3009//3689
f 3009//3689 3007//3690 1881//2277
f 3007//3690 3008//3656 1881//2277
f 3030//1616 3008//3656 3010//3663
f 2281//3666 3011//1873 3012//1873
f 2281//3666 3013//3691 3011//1873
f 3012//1873 2282//1873 2281//3666
f 3012//1873 3014//1873 2282//1873
f 2281//3666 3010//3663 3013//3691
f 1880//2276 1881//2277 2958//3657
f 2958//3657 1879//2273 1880//2276
f 2277//3667 1902//3692 1877//2272
f 2277//3667 1877//2272 1879//2273
f 1879//2273 2958//3657 2277//3667
f 2273//1873 2272//2784 1898//3693
f 2273//1873 1898//3693 1902//3692
f 2272//2784 1882//2267 1898//3693
f 1902//3692 2277//3667 2273//1873
f 2272//2784 1881//2277 1882//2267
f 2273//1873 2274//2787 2272//2784
f 2989//1873 3015//1873 2268//1873
f 2989//1873 2268//1873 2271//1873
f 2280//1873 2282//1873 3017//1873
f 2267//1873 2280//1873 3016//1873
f 2996//3653 3018//1873 3019//1873
f 2280//1873 3017//1873 3016//1873
f 2282//1873 3019//1873 3017//1873
f 3019//1873 2282//1873 2996//3653
f 2996//3653 2983//1873 3018//1873
f 2266//1873 2267//1873 3016//1873
f 3016//1873 2984//3683 2266//1873
f 3031//3664 2281//3666 3020//3694
f 3021//3695 3020//3694 2281//3666
f 2285//3696 2275//3677 3024//3697
f 3020//3694 3022//3698 3031//3664
f 3023//3699 2281//3666 2283//3700
f 2283//3700 3026//3701 3023//3699
f 2284//3702 3024//3697 3026//3701
f 3024//3697 2284//3702 2285//3696
f 2275//3677 3031//3664 3022//3698
f 3023//3699 3021//3695 2281//3666
f 3026//3701 2283//3700 2284//3702
f 3022//3698 3025//3703 2275//3677
f 3025//3703 3024//3697 2275//3677
f 3015//1873 3028//1873 2268//1873
f 3014//1873 3029//1873 2282//1873
f 3010//3663 2966//3659 3030//1616
f 2966//3659 2968//3665 2980//3660
f 3030//1616 2980//3660 2956//3655
f 3008//3656 2958//3657 1881//2277
f 3028//1873 1881//2277 2272//2784
f 3027//3644 2996//3653 2993//3646
f 2985//3643 2990//3650 3028//1873
f 2266//1873 2996//3653 3027//3644
f 2266//1873 3027//3644 2985//3643
f 3007//3704 3009//3705 3032//3706
f 3032//3706 3033//3707 3007//3704
f 3008//3708 3007//3704 3033//3707
f 3033//3707 3034//3709 3008//3708
f 3035//3710 3036//3711 3002//3712
f 3002//3712 2998//3713 3035//3710
f 3009//3705 3002//3712 3036//3711
f 2998//3713 3014//3714 3035//3710
f 3036//3711 3032//3706 3009//3705
f 3034//3709 3010//3663 3008//3708
f 3010//3663 3034//3709 3038//3715
f 3038//3715 3037//3716 3010//3663
f 3013//3691 3010//3663 3037//3716
f 3039//3717 3035//3710 3014//3714
f 3012//3718 3047//3719 3039//3717
f 3039//3717 3014//3714 3012//3718
f 3011//3720 3013//3691 3037//3716
f 3037//3716 3040//3721 3011//3720
f 2999//3686 2996//3653 3059//3739
f 3000//3740 2999//3686 3060//3741
f 2997//3742 3000//3740 3061//3743
f 2995//3744 2997//3742 3062//3745
f 2996//3653 2995//3744 3063//3746
f 3063//3746 3059//3739 2996//3653
f 3062//3745 3063//3746 2995//3744
f 3061//3743 3062//3745 2997//3742
f 3060//3741 3061//3743 3000//3740
f 3059//3739 3060//3741 2999//3686
f 3003//3747 2994//3687 3064//3748
f 3001//3749 3003//3747 3065//3750
f 2992//3751 3001//3749 3066//3752
f 2993//3646 2992//3751 3068//3753
f 2994//3687 2993//3646 3068//3753
f 3068//3753 3064//3748 2994//3687
f 3067//3754 3068//3753 2992//3751
f 3066//3752 3067//3754 2992//3751
f 3065//3750 3066//3752 3001//3749
f 3064//3748 3065//3750 3003//3747
f 3006//3755 2991//3685 3069//3739
f 3004//3756 3006//3755 3070//3741
f 3005//3688 3004//3756 3071//3743
f 2990//3650 3005//3688 3072//3745
f 2991//3685 2990//3650 3073//3746
f 3073//3746 3069//3739 2991//3685
f 3072//3745 3073//3746 2990//3650
f 3071//3743 3072//3745 3005//3688
f 3070//3741 3071//3743 3004//3756
f 3069//3739 3070//3741 3006//3755
f 2968//3665 2966//3659 3074//3757
f 2967//3758 2968//3665 3074//3757
f 2964//3759 2967//3758 3075//3760
f 2965//3761 2964//3759 3076//3762
f 2966//3659 2965//3761 3077//3763
f 3078//3764 3074//3757 2966//3659
f 3077//3763 3078//3764 2966//3659
f 3076//3762 3077//3763 2965//3761
f 3075//3760 3076//3762 2964//3759
f 3074//3757 3075//3760 2967//3758
f 2963//3765 2960//3766 3079//3767
f 2962//3768 2963//3765 3080//3769
f 2959//3770 2962//3768 3081//3771
f 2961//3772 2959//3770 3082//3773
f 2960//3766 2961//3772 3083//3774
f 3083//3774 3079//3767 2960//3766
f 3082//3773 3083//3774 2961//3772
f 3081//3771 3082//3773 2959//3770
f 3080//3769 3081//3771 2962//3768
f 3079//3767 3080//3769 2963//3765
f 2958//3657 2957//3775 3084//3776
f 2956//3655 2958//3657 3084//3776
f 2954//3654 2956//3655 3085//3760
f 2955//3761 2954//3654 3086//3762
f 2957//3775 2955//3761 3087//3777
f 3088//3764 3084//3776 2957//3775
f 3087//3777 3088//3764 2957//3775
f 3086//3762 3087//3777 2955//3761
f 3085//3760 3086//3762 2954//3654
f 3084//3776 3085//3760 2956//3655
f 2986//3684 3015//3778 3090//3779
f 2986//3684 3090//3779 3091//3780
f 2985//3643 2986//3684 3092//3781
f 2988//3782 2985//3643 3093//3783
f 2987//3784 2988//3782 3093//3783
f 3094//3785 3095//3786 2987//3784
f 2989//3787 2987//3784 3095//3786
f 3015//3778 2989//3787 3096//3788
f 3096//3788 3089//3789 3015//3778
f 3095//3786 3096//3788 2989//3787
f 3093//3783 3094//3785 2987//3784
f 3092//3781 3093//3783 2985//3643
f 3091//3780 3092//3781 2986//3684
f 3089//3789 3090//3779 3015//3778
f 3097//3790 3018//3791 2983//3792
f 3019//3793 3018//3791 3098//3794
f 3017//3795 3019//3793 3098//3794
f 3016//3796 3017//3795 3100//3797
f 3016//3796 3101//3798 3102//3799
f 3102//3799 2984//3800 3016//3796
f 2983//3792 2984//3800 3103//3801
f 3102//3799 3103//3801 2984//3800
f 3100//3797 3101//3798 3016//3796
f 3099//3802 3100//3797 3017//3795
f 3098//3794 3099//3802 3017//3795
f 3097//3790 3098//3794 3018//3791
f 3103//3801 3097//3790 2983//3792
f 3817//4227 3814//4228 3820//4229
f 3766//4230 3519//4231 3560//4232
f 3823//3292 3676//4233 3677//4234
f 3519//4231 3766//4230 3768//4235
f 3768//4235 3518//4236 3519//4231
f 3533//4237 3520//4238 3521//4239
f 3540//4240 3523//4241 3522//3448
f 3522//3448 3541//4242 3540//4240
f 3537//4243 3525//4244 3545//4245
f 3524//4246 3526//4247 3525//4244
f 3527//4248 3529//4249 3528//4250
f 3527//4248 3823//3292 3529//4249
f 3530//4251 3529//4249 3823//3292
f 3533//4237 3535//4252 3532//4253
f 3532//4253 3531//4254 3533//4237
f 3531//4254 3532//4253 3534//4255
f 3521//4239 3535//4252 3533//4237
f 3524//4246 3533//4237 3536//4256
f 3533//4237 3531//4254 3536//4256
f 3531//4254 3534//4255 3823//3292
f 3536//4256 3526//4247 3524//4246
f 3527//4248 3531//4254 3823//3292
f 3545//4245 3538//4257 3537//4243
f 3822//4258 3823//3292 3538//4257
f 3539//4259 3544//4260 3822//4258
f 3538//4257 3539//4259 3822//4258
f 3538//4257 3541//4242 3537//4243
f 3541//4242 3543//4261 3540//4240
f 3538//4257 3542//4262 3543//4261
f 3534//4255 3542//4262 3823//3292
f 3541//4242 3538//4257 3543//4261
f 3542//4262 3538//4257 3823//3292
f 3764//4263 3546//4264 3545//4245
f 3546//4264 3548//4265 3549//4266
f 3547//4267 3548//4265 3546//4264
f 3545//4245 3546//4264 3550//4268
f 3550//4268 3546//4264 3549//4266
f 3549//4266 3551//4269 3544//4260
f 3544//4260 3550//4268 3549//4266
f 3550//4268 3552//4270 3545//4245
f 3557//4271 3544//4260 3551//4269
f 3557//4271 3551//4269 3553//4272
f 3556//4273 3557//4271 3553//4272
f 3553//4272 3554//4274 3555//4275
f 3554//4274 3563//4276 3555//4275
f 3560//4232 3822//4258 3558//4277
f 3822//4258 3557//4271 3558//4277
f 3766//4230 3560//4232 3561//4278
f 3560//4232 3559//4279 3561//4278
f 3561//4278 3559//4279 3562//4280
f 3561//4278 3563//4276 3766//4230
f 3769//4281 3821//4282 3767//4283
f 3769//4281 3564//4284 3821//4282
f 3568//4285 3756//4286 3566//4287
f 3565//4288 3756//4286 3821//4282
f 3565//4288 3566//4287 3756//4286
f 3821//4282 3564//4284 3565//4288
f 3568//4285 3569//4289 3756//4286
f 3584//4290 3756//4286 3569//4289
f 3569//4289 3587//2196 3584//4290
f 3590//4291 3570//4292 3571//4293
f 3571//4293 2883//4294 3590//4291
f 3573//4295 3574//4296 3575//4297
f 3824//4298 3576//4299 3577//4300
f 3573//4295 3575//4297 3578//4301
f 3571//4293 3580//4302 3576//4299
f 3576//4299 3824//4298 3571//4293
f 3580//4302 3579//4303 3574//4296
f 3573//4295 3580//4302 3574//4296
f 3571//4293 3572//4304 3579//4303
f 3577//4300 3581//4305 3582//4306
f 3579//4303 3580//4302 3571//4293
f 3584//4290 3586//4307 3582//4306
f 3773//4308 3824//4298 3577//4300
f 3576//4299 3581//4305 3577//4300
f 3579//4303 3583//4309 3574//4296
f 3816//4310 3585//4311 3583//4309
f 3584//4290 3582//4306 3585//4311
f 3579//4303 3816//4310 3583//4309
f 3585//4311 3816//4310 3584//4290
f 3582//4306 3586//4307 3577//4300
f 3816//4310 3579//4303 3593//4312
f 3588//4313 2883//4294 3599//4314
f 3590//4291 2883//4294 3589//4315
f 3588//4313 3589//4315 2883//4294
f 3816//4310 3592//4316 3591//4317
f 3592//4316 3816//4310 3593//4312
f 3593//4312 3570//4292 3592//4316
f 3595//4318 3596//4319 3594//4320
f 3594//4320 3597//4321 3595//4318
f 3602//4322 3597//4321 3594//4320
f 3816//4310 3591//4317 3598//4323
f 3602//4322 3816//4310 3598//4323
f 3598//4323 3597//4321 3602//4322
f 3599//4314 3602//4322 3600//4324
f 3599//4314 3600//4324 3588//4313
f 3602//4322 3594//4320 3600//4324
f 3601//4325 3602//4322 3599//4314
f 3602//4322 3603//4326 3816//4310
f 3812//4327 3603//4326 3605//4234
f 3603//4326 3607//3449 3605//4234
f 3606//1345 2887//3564 3812//4327
f 3605//4234 3606//1345 3812//4327
f 3777//4234 3603//4326 3775//4321
f 3777//4234 3607//3449 3603//4326
f 3603//4326 3812//4327 3608//4328
f 3812//4327 3609//4329 3608//4328
f 3623//4330 3609//4329 3812//4327
f 3608//4328 3610//4331 3603//4326
f 3816//4310 3603//4326 3610//4331
f 3610//4331 3611//4332 3816//4310
f 3819//4333 3818//4334 3612//4335
f 3818//4334 3611//4332 3613//4336
f 3818//4334 3614//4337 3612//4335
f 3613//4336 3614//4337 3818//4334
f 3819//4333 3615//4338 3616//4339
f 3612//4335 3615//4338 3819//4333
f 3817//4227 3819//4333 3617//4340
f 3616//4339 3618//4341 3819//4333
f 3618//4341 3617//4340 3819//4333
f 3817//4227 3619//4342 3620//4343
f 3620//4343 3813//4344 3817//4227
f 3620//4343 3621//4345 3813//4344
f 3617//4340 3619//4342 3817//4227
f 3622//4346 3623//4330 3812//4327
f 3813//4344 3624//4347 3622//4346
f 3622//4346 3812//4327 3813//4344
f 3813//4344 3621//4345 3625//4348
f 3625//4348 3624//4347 3813//4344
f 3626//4349 3739//4350 3627//3345
f 3629//4351 3631//2367 3630//4352
f 3629//4351 3632//4353 3631//2367
f 3818//4334 3632//4353 3633//4354
f 3632//4353 3818//4334 3634//4355
f 3819//4333 3736//4356 3628//4259
f 3634//4355 3631//2367 3632//4353
f 3818//4334 3633//4354 3636//4357
f 3818//4334 3819//4333 3635//4358
f 3628//4259 3635//4358 3819//4333
f 3635//4358 3634//4355 3818//4334
f 3642//4359 3643//3143 3639//4360
f 3641//4361 3644//4362 3666//4363
f 3639//4360 3822//4258 3645//4364
f 3639//4360 3640//4365 3642//4359
f 3639//4360 3645//4364 3640//4365
f 3644//4362 3641//4361 3643//3143
f 3747//4366 3666//4363 3644//4362
f 3642//4359 3644//4362 3643//3143
f 3822//4258 3639//4360 3646//4367
f 3653//4368 3652//4369 3650//4370
f 3650//4370 3651//4371 3653//4368
f 3650//4370 3822//4258 3651//4371
f 3822//4258 3654//4372 3651//4371
f 3646//4367 3654//4372 3822//4258
f 3822//4258 3650//4370 3655//2856
f 3822//4258 3655//2856 3647//4373
f 3683//4374 3656//4375 3669//4376
f 3657//4377 3648//4378 3656//4375
f 3657//4377 3822//4258 3648//4378
f 3659//4379 3649//4380 3825//4381
f 3669//4376 3656//4375 3648//4378
f 3648//4378 3660//4382 3669//4376
f 3669//4376 3661//4383 3668//4384
f 3662//4385 3664//4386 3663//4387
f 3653//4368 3667//4388 3652//4369
f 3667//4388 3649//4380 3652//4369
f 3825//4381 3649//4380 3667//4388
f 3670//4389 3683//4374 3671//4390
f 3669//4376 3671//4390 3683//4374
f 3673//4391 3672//4392 3684//4298
f 3677//4234 3676//4233 3675//4393
f 3678//4394 3679//4395 3680//4396
f 3682//4397 3679//4395 3678//4394
f 3681//4398 3680//4396 3683//4374
f 3681//4398 3678//4394 3680//4396
f 3678//4394 3684//4298 3682//4397
f 3823//3292 3685//3293 3682//4397
f 3823//3292 3822//4258 3685//3293
f 3682//4397 3686//4399 3679//4395
f 3682//4397 3685//3293 3686//4399
f 3673//4391 3823//3292 3672//4392
f 3822//4258 3657//4377 3685//3293
f 3682//4397 3672//4392 3823//3292
f 3687//4400 3712//4401 3689//4402
f 3687//4400 3689//4402 3688//3349
f 3687//4400 3690//4403 3712//4401
f 3712//4401 3690//4403 3691//4404
f 3693//4405 3692//4406 3802//4407
f 3691//4404 3802//4407 3712//4401
f 3691//4404 3693//4405 3802//4407
f 3692//4406 3820//4229 3802//4407
f 3692//4406 3694//4408 3820//4229
f 3694//4408 3697//4409 3820//4229
f 3694//4408 3696//3548 3697//4409
f 3701//4410 3696//3548 3695//4411
f 3701//4410 3697//4409 3696//3548
f 3698//4412 3699//4413 3695//4411
f 3701//4410 3699//4413 3700//4352
f 3701//4410 3695//4411 3699//4413
f 3697//4409 3702//4388 3703//4414
f 3683//4374 3670//4389 3704//4415
f 3670//4389 3705//4416 3706//4417
f 3697//4409 3701//4410 3702//4388
f 3707//4418 3704//4415 3706//4417
f 3706//4417 3704//4415 3670//4389
f 3708//2171 3707//4418 3709//4419
f 3706//4417 3709//4419 3707//4418
f 3709//4419 3703//4414 3708//2171
f 3703//4414 3709//4419 3697//4409
f 3704//4415 3681//4398 3683//4374
f 3710//4420 3708//2171 3711//4421
f 3708//2171 3710//4420 3707//4418
f 3677//4234 3710//4420 3711//4421
f 3712//4401 3677//4234 3713//4422
f 3711//4421 3713//4422 3677//4234
f 3819//4333 3716//4423 3717//4424
f 3716//4423 3715//4425 3714//4426
f 3714//4426 3717//4424 3716//4423
f 3817//4227 3716//4423 3819//4333
f 3717//4424 3719//4427 3819//4333
f 3736//4356 3819//4333 3723//4428
f 3723//4428 3722//4429 3736//4356
f 3723//4428 3819//4333 3719//4427
f 3724//4430 3666//4363 3747//4366
f 3665//4285 3666//4363 3724//4430
f 3724//4430 3718//4431 3665//4285
f 3820//4229 3662//4385 3663//4387
f 3663//4387 3718//4431 3820//4229
f 3822//4258 3727//4432 3734//4433
f 3822//4258 3726//4383 3727//4432
f 3736//4356 3732//4434 3735//4435
f 3733//4436 3822//4258 3734//4433
f 3818//4334 3636//4357 3726//4383
f 3729//4274 3627//3345 3739//4350
f 3731//4233 3730//4437 3729//4274
f 3726//4383 3822//4258 3818//4334
f 3735//4435 3731//4233 3628//4259
f 3737//4438 3732//4434 3736//4356
f 3731//4233 3729//4274 3739//4350
f 3734//4433 3737//4438 3733//4436
f 3729//4274 3730//4437 3741//2268
f 3725//4439 3740//4440 3728//4441
f 3735//4435 3628//4259 3736//4356
f 3736//4356 3722//4429 3743//4442
f 3738//4443 3733//4436 3737//4438
f 3741//2268 3728//4441 3729//4274
f 3737//4438 3736//4356 3738//4443
f 3740//4440 3729//4274 3728//4441
f 3742//4444 3743//4442 3722//4429
f 3638//4445 3744//4304 3637//4446
f 3745//4447 3742//4444 3638//4445
f 3638//4445 3746//4448 3744//4304
f 3742//4444 3746//4448 3638//4445
f 3742//4444 3722//4429 3746//4448
f 3746//4448 3722//4429 3747//4366
f 3747//4366 3744//4304 3746//4448
f 3733//4436 3745//4447 3822//4258
f 3745//4447 3645//4364 3822//4258
f 3748//4449 3751//4450 3815//4451
f 3749//4452 3814//4228 3750//4453
f 2891//3567 3753//4454 3752//4455
f 3753//4454 2891//3567 3749//4452
f 3814//4228 3815//4451 3755//4456
f 3754//4457 3750//4453 3814//4228
f 3751//4450 3755//4456 3815//4451
f 3755//4456 3754//4457 3814//4228
f 3757//4458 3756//4286 3816//4310
f 3822//4258 3758//4459 3760//4460
f 3759//4461 3758//4459 3822//4258
f 3759//4461 3822//4258 3756//4286
f 3818//4334 3762//4462 3763//4463
f 3818//4334 3822//4258 3760//4460
f 3816//4310 3818//4334 3763//4463
f 3760//4460 3762//4462 3818//4334
f 3816//4310 3761//4464 3757//4458
f 3816//4310 3763//4463 3761//4464
f 3823//3292 3677//4234 2879//4465
f 3526//4247 3530//4251 2879//4465
f 3525//4244 2879//4465 2880//4466
f 2880//4466 3545//4245 3525//4244
f 2880//4466 3765//4467 3764//4263
f 3545//4245 2880//4466 3764//4263
f 3765//4467 2880//4466 3554//4274
f 3563//4276 3554//4274 2880//4466
f 3766//4230 3563//4276 2880//4466
f 3769//4281 3767//4283 2881//4291
f 3772//4468 3769//4281 2881//4291
f 3770//4469 3771//4470 3567//3345
f 3567//3345 3566//4287 3770//4469
f 3772//4468 2881//4291 2882//4471
f 2882//4471 3770//4469 3772//4468
f 3774//4472 3771//4470 2882//4471
f 3771//4470 3770//4469 2882//4471
f 2882//4471 3773//4308 3774//4472
f 2882//4471 3824//4298 3773//4308
f 3571//4293 3824//4298 2882//4471
f 2882//4471 2883//4294 3571//4293
f 3776//1345 3777//4234 2884//3561
f 3776//1345 2884//3561 2889//3562
f 3775//4321 2884//3561 3777//4234
f 2889//3562 3778//1345 3776//1345
f 2887//3564 3606//1345 3778//1345
f 3778//1345 2889//3562 2887//3564
f 3813//4344 3812//4327 2890//4473
f 2890//4473 2893//4474 3779//4475
f 3779//4475 3783//4476 2890//4473
f 3814//4228 3813//4344 3781//4477
f 3813//4344 2890//4473 3782//4478
f 3780//4479 3781//4477 3813//4344
f 3813//4344 3782//4478 3780//4479
f 2890//4473 3783//4476 3782//4478
f 2893//4474 2892//4480 3785//4481
f 3784//4482 2892//4480 3815//4451
f 3784//4482 3785//4481 2892//4480
f 3815//4451 3814//4228 3781//4477
f 3815//4451 3786//4483 3784//4482
f 3781//4477 3786//4483 3815//4451
f 3748//4449 2892//4480 2891//3567
f 3749//4452 2891//3567 2894//3570
f 3814//4228 3749//4452 2894//3570
f 2894//3570 3788//4484 3787//4485
f 3787//4485 3789//4486 3814//4228
f 3787//4485 3814//4228 2894//3570
f 2895//4487 3793//4488 3791//4489
f 3790//4490 2895//4487 3820//4229
f 3791//4489 2894//3570 2895//4487
f 3792//4491 3790//4490 3820//4229
f 3820//4229 3794//4492 3792//4491
f 3820//4229 3814//4228 3794//4492
f 3789//4486 3794//4492 3814//4228
f 3790//4490 3793//4488 2895//4487
f 3795//4493 2895//4487 2901//4494
f 2895//4487 3795//4493 3796//4495
f 3820//4229 3798//4496 3800//4497
f 3800//4497 3802//4407 3820//4229
f 2895//4487 3796//4495 3799//4498
f 3799//4498 3798//4496 3820//4229
f 3820//4229 2895//4487 3799//4498
f 3797//4499 3795//4493 2901//4494
f 2900//4500 3802//4407 3801//4501
f 2900//4500 3801//4501 3797//4499
f 3797//4499 2901//4494 2900//4500
f 3802//4407 2900//4500 2899//4502
f 3712//4401 3802//4407 2899//4502
f 2879//4465 3803//1345 3804//1345
f 2885//1345 2879//4465 3804//1345
f 3805//1345 2898//1345 2885//1345
f 3804//1345 3806//1345 2885//1345
f 2879//4465 3677//4234 3807//1345
f 3677//4234 3809//1345 3808//1345
f 3808//1345 3807//1345 3677//4234
f 2898//1345 3805//1345 3809//1345
f 2879//4465 3807//1345 3803//1345
f 3809//1345 3677//4234 2898//1345
f 3806//1345 3805//1345 2885//1345
f 2899//4502 2898//1345 3677//4234
f 2899//4502 3677//4234 3712//4401
f 3791//4489 3788//4484 2894//3570
f 2892//4480 3748//4449 3815//4451
f 3785//4481 3779//4475 2893//4474
f 2887//3564 2890//4473 3812//4327
f 3775//4321 3599//4314 2884//3561
f 2883//4294 2884//3561 3599//4314
f 3767//4283 3766//4230 2881//4291
f 2880//4466 2881//4291 3766//4230
f 2879//4465 3525//4244 3526//4247
f 2879//4465 3530//4251 3823//3292
f 3752//4455 3748//4449 2891//3567
f 3722//4429 3724//4430 3747//4366
f 3721//4503 3723//4428 3719//4427
f 3719//4427 3720//4504 3721//4503
f 3673//4391 3676//4233 3823//3292
f 3684//4298 3674//4505 3673//4391
f 3671//4390 3810//4506 3670//4389
f 3666//4363 3667//4388 3653//4368
f 3660//4382 3825//4381 3658//4507
f 3658//4507 3825//4381 3667//4388
f 3647//4373 3648//4378 3822//4258
f 3653//4368 3641//4361 3666//4363
f 3611//4332 3818//4334 3816//4310
f 3603//4326 3604//4508 3775//4321
f 3599//4314 3604//4508 3601//4325
f 3577//4300 3811//4440 3773//4308
f 3567//3345 3568//4285 3566//4287
f 3558//4277 3559//4279 3560//4232
f 3555//4275 3556//4273 3553//4272
f 3821//4282 3768//4235 3767//4283
f 3820//4229 3697//4409 3668//4384
f 3822//4258 3544//4260 3557//4271
f 3820//4229 3668//4384 3661//4383
f 3822//4258 3560//4232 3519//4231
f 3820//4229 3661//4383 3662//4385
f 3822//4258 3519//4231 3821//4282
f 3822//4258 3821//4282 3756//4286
f 3820//4229 3718//4431 3817//4227
f 3756//4286 3584//4290 3816//4310
f 3814//4228 3817//4227 3813//4344
f 3827//4509 3826//4510 3778//4511
f 3828//4512 3827//4509 3606//4513
f 3605//4514 3829//4515 3828//4512
f 3828//4512 3606//4513 3605//4514
f 3830//4516 3829//4515 3605//4514
f 3831//4517 3830//4516 3607//4518
f 3832//4519 3831//4517 3777//4520
f 3833//4521 3832//4519 3776//4522
f 3826//4510 3833//4521 3776//4522
f 3776//4522 3778//4511 3826//4510
f 3777//4520 3776//4522 3832//4519
f 3607//4518 3777//4520 3831//4517
f 3605//4514 3607//4518 3830//4516
f 3778//4511 3606//4513 3827//4509
f 3835//4523 3834//4524 3807//4525
f 3808//4526 3836//4527 3835//4523
f 3837//4528 3836//4527 3809//4529
f 3838//4530 3837//4528 3805//4531
f 3839//4532 3838//4530 3805//4531
f 3840//4533 3839//4532 3806//4534
f 3841//4535 3840//4533 3804//4536
f 3834//4524 3841//4535 3803//4537
f 3803//4537 3807//4525 3834//4524
f 3804//4536 3803//4537 3841//4535
f 3806//4534 3804//4536 3840//4533
f 3805//4531 3806//4534 3839//4532
f 3809//4529 3805//4531 3837//4528
f 3808//4526 3809//4529 3836//4527
f 3807//4525 3808//4526 3835//4523
f 3579//4303 3572//4304 3593//4312
f 3587//2196 3811//4440 3584//4290
f 3997//4693 3999//4695 3998//4694
f 4003//3349 4004//4398 4000//4697
f 4001//4698 4000//4697 4004//4398
f 4002//4696 4003//3349 4000//4697
f 4008//4701 4009//4702 4005//4700
f 4006//4702 4005//4700 4009//4702
f 4007//4699 4008//4701 4005//4700
f 4011//4261 4012//4704 4010//4703
f 4012//4704 3547//4267 4010//4703
f 4016//4429 4014//2171 4013//4705
f 4017//4707 4016//4429 4015//4706
f 4013//4705 4015//4706 4016//4429
f 4020//4424 4021//4709 4018//4702
f 4019//4708 3674//4505 4021//4709
f 4021//4709 4020//4424 4019//4708
f 4022//4352 4023//4710 3596//4319
f 4024//2663 4022//4352 4025//4711
f 4022//4352 3596//4319 4025//4711
f 4028//4364 4029//4712 4026//4284
f 4026//4284 4027//4370 3578//4301
f 4026//4284 3578//4301 4028//4364
f 3538//4257 3552//4270 4030//3447
f 4030//3447 4031//4713 3538//4257
f 4035//4717 4033//4716 4034//4715
f 4034//4715 4032//4714 4035//4717
f 4036//2662 4033//4716 4035//4717
f 4037//4719 4038//4718 4039//4720
f 4040//4256 4037//4719 4039//4720
f 5456//6331 5451//6332 5442//6333
f 5443//1345 5451//6332 5448//1345
f 5448//1345 5444//1345 5443//1345
f 5445//1345 5449//1345 5450//6334
f 5457//6335 5447//6336 5446//6337
f 5450//6334 5446//6337 5445//1345
f 5446//6337 5450//6334 5457//6335
f 5444//1345 5448//1345 5449//1345
f 5442//6333 5441//6338 5456//6331
f 5445//1345 5444//1345 5449//1345
f 5457//6335 5441//6338 5447//6336
f 5451//6332 5443//1345 5442//6333
f 5441//6338 5457//6335 5456//6331
f 5452//6339 5475//6340 5453//6341
f 5454//6342 5453//6341 5455//6343
f 5454//6342 5455//6343 5456//6331
f 5456//6331 5457//6335 5454//6342
f 5453//6341 5454//6342 5452//6339
f 5458//6344 5450//6345 5449//6346
f 5449//6346 5459//6347 5458//6344
f 5449//6346 5448//6348 5460//6349
f 5460//6349 5459//6347 5449//6346
f 5460//6349 5448//6348 5451//6350
f 5451//6350 5461//6351 5460//6349
f 5463//6352 5458//6353 5464//6354
f 5458//6353 5462//1873 5464//6354
f 5465//1873 5467//1873 5460//1873
f 5462//1873 5458//6353 5459//1873
f 5465//1873 5460//1873 5461//6355
f 5464//6354 5466//6356 5463//6352
f 5459//1873 5467//1873 5462//1873
f 5461//6355 5470//6357 5468//6358
f 5468//6358 5465//1873 5461//6355
f 5466//6356 5470//6357 5463//6352
f 5459//1873 5460//1873 5467//1873
f 5466//6356 5468//6358 5470//6357
f 5451//6350 5456//6359 5470//6360
f 5469//6361 5470//6360 5453//6362
f 5470//6360 5455//6363 5453//6362
f 5469//6361 5453//6362 5475//6364
f 5470//6360 5456//6359 5455//6363
f 5470//6360 5461//6351 5451//6350
f 5471//6365 5463//6352 5470//6357
f 5472//6366 5471//6365 5469//6367
f 5470//6357 5469//6367 5471//6365
f 5475//6364 5473//6368 5474//6369
f 5474//6369 5469//6361 5475//6364
f 5479//6370 5474//6369 5473//6368
f 5473//6368 5478//6371 5479//6370
f 5478//6371 5476//6372 5479//6370
f 5476//6372 5478//6371 5477//6373
f 5477//6373 5480//6374 5481//6375
f 5482//6376 5481//6375 5480//6374
f 5480//6374 5483//6377 5482//6376
f 5485//6378 5482//6376 5483//6377
f 5483//6377 5484//6379 5485//6378
f 5481//6375 5476//6372 5477//6373
f 5486//6380 5484//6379 5487//6381
f 5484//6379 5486//6380 5485//6378
f 5487//6381 5490//6382 5491//6383
f 5491//6383 5486//6380 5487//6381
f 5490//6382 5488//6384 5489//6385
f 5489//6385 5491//6383 5490//6382
f 5493//6386 5492//6387 5468//6388
f 5494//6389 5493//6386 5466//6390
f 5495//6391 5494//6389 5466//6390
f 5496//6392 5495//6391 5464//6393
f 5497//6394 5496//6392 5462//6395
f 5498//6396 5497//6394 5462//6395
f 5499//6397 5498//6396 5467//6398
f 5492//6387 5499//6397 5465//6399
f 5465//6399 5468//6388 5492//6387
f 5467//6398 5465//6399 5499//6397
f 5462//6395 5467//6398 5498//6396
f 5464//6393 5462//6395 5496//6392
f 5466//6390 5464//6393 5495//6391
f 5468//6388 5466//6390 5493//6386
f 5472//6464 5534//6464 5452//6464
f 5539//6464 5452//6464 5534//6464
f 5535//6465 5536//6466 5537//6467
f 5538//6464 5539//6464 5540//6464
f 5454//6464 5471//6464 5472//6464
f 5454//6464 5463//6468 5471//6464
f 5454//6464 5457//6466 5463//6468
f 5536//6466 5538//6464 5537//6467
f 5534//6464 5540//6464 5539//6464
f 5458//6344 5463//6468 5457//6466
f 5540//6464 5537//6467 5538//6464
f 5472//6464 5452//6464 5454//6464
f 5457//6466 5450//6345 5458//6344
f 5537//6467 5541//6469 5535//6465
f 5542//6470 5539//6471 5538//6472
f 5543//6473 5538//6472 5536//6474
f 5536//6474 5544//6475 5543//6473
f 5538//6472 5543//6473 5542//6470
f 5539//6471 5542//6470 5566//6476
f 5546//6477 5545//6478 5537//6479
f 5547//6480 5546//6477 5534//6481
f 5540//6482 5534//6481 5546//6477
f 5537//6479 5540//6482 5546//6477
f 5535//6465 5541//6469 5548//6346
f 5548//6346 5549//6347 5535//6465
f 5550//6349 5549//6347 5548//6346
f 5548//6346 5551//6483 5550//6349
f 5550//6349 5551//6483 5552//6484
f 5552//6484 5553//6485 5550//6349
f 5554//1345 5548//1345 5541//6486
f 5541//6486 5556//6487 5554//1345
f 5556//6487 5541//6486 5537//6479
f 5551//1345 5559//1345 5555//1345
f 5537//6479 5557//6488 5556//6487
f 5537//6479 5545//6478 5557//6488
f 5552//6489 5555//1345 5558//6490
f 5552//6489 5551//1345 5555//1345
f 5558//6490 5545//6478 5552//6489
f 5559//1345 5551//1345 5548//1345
f 5554//1345 5559//1345 5548//1345
f 5558//6490 5557//6488 5545//6478
f 5560//6491 5563//1873 5550//1873
f 5560//6491 5550//1873 5553//6492
f 5536//6474 5565//6493 5561//6494
f 5544//6475 5561//6494 5564//6495
f 5561//6494 5544//6475 5536//6474
f 5536//6474 5535//6496 5565//6493
f 5562//1873 5535//6496 5549//1873
f 5553//6492 5544//6475 5560//6491
f 5535//6496 5562//1873 5565//6493
f 5549//1873 5563//1873 5562//1873
f 5544//6475 5564//6495 5560//6491
f 5549//1873 5550//1873 5563//1873
f 5557//6497 5558//6498 5564//6499
f 5556//6500 5557//6497 5561//6501
f 5554//6502 5556//6500 5565//6503
f 5559//6504 5554//6502 5562//6505
f 5555//6506 5559//6504 5563//6507
f 5558//6498 5555//6506 5560//6508
f 5563//6507 5560//6508 5555//6506
f 5562//6505 5563//6507 5559//6504
f 5565//6503 5562//6505 5554//6502
f 5561//6501 5565//6503 5556//6500
f 5564//6499 5561//6501 5557//6497
f 5560//6508 5564//6499 5558//6498
f 5552//6484 5545//6509 5544//6510
f 5544//6510 5553//6485 5552//6484
f 5542//6511 5543//6363 5546//6512
f 5543//6363 5545//6509 5546//6512
f 5545//6509 5543//6363 5544//6510
f 5566//6513 5542//6511 5546//6512
f 5546//6512 5547//6514 5566//6513
f 5568//6515 5566//6513 5567//6516
f 5547//6514 5567//6516 5566//6513
f 5572//6517 5568//6515 5567//6516
f 5567//6516 5571//6518 5572//6517
f 5571//6518 5570//6519 5572//6517
f 5570//6519 5571//6518 5569//6520
f 5569//6520 5573//6521 5574//6522
f 5575//6523 5574//6522 5573//6521
f 5574//6522 5570//6519 5569//6520
f 5576//6524 5573//6521 5577//6525
f 5573//6521 5576//6524 5575//6523
f 5577//6525 5578//6526 5579//6527
f 5579//6527 5576//6524 5577//6525
f 5581//6528 5579//6527 5580//6529
f 5578//6526 5580//6529 5579//6527
f 5582//6530 5584//6464 5583//6531
f 5584//6464 5585//6468 5583//6531
f 5584//6464 5586//6466 5585//6468
f 5594//6344 5585//6468 5586//6466
f 5488//6384 5582//6530 5583//6531
f 5586//6466 5595//6345 5594//6344
f 5583//6531 5489//6385 5488//6384
f 5583//6532 5585//6533 5587//6534
f 5489//6535 5583//6532 5588//6536
f 5587//6534 5588//6536 5583//6532
f 5488//6537 5671//6538 5589//6539
f 5582//6540 5589//6539 5590//6541
f 5584//6542 5590//6541 5591//6543
f 5591//6543 5586//6544 5584//6542
f 5590//6541 5584//6542 5582//6540
f 5589//6539 5582//6540 5488//6537
f 5592//6346 5593//6347 5594//6344
f 5594//6344 5595//6345 5592//6346
f 5592//6346 5596//6348 5597//6349
f 5597//6349 5593//6347 5592//6346
f 5597//6349 5596//6348 5598//6350
f 5598//6350 5599//6351 5597//6349
f 5600//1873 5594//6353 5593//1873
f 5601//6545 5603//1873 5597//1873
f 5585//6533 5594//6353 5605//6546
f 5593//1873 5603//1873 5600//1873
f 5593//1873 5597//1873 5603//1873
f 5597//1873 5599//6547 5601//6545
f 5587//6534 5602//6548 5604//6549
f 5585//6533 5605//6546 5602//6548
f 5600//1873 5605//6546 5594//6353
f 5599//6547 5587//6534 5601//6545
f 5602//6548 5587//6534 5585//6533
f 5604//6549 5601//6545 5587//6534
f 5606//6550 5591//6543 5598//6332
f 5591//6543 5606//6550 5609//6551
f 5598//6332 5607//1345 5606//6550
f 5607//1345 5598//6332 5596//1345
f 5608//1345 5592//1345 5595//6552
f 5596//1345 5592//1345 5610//1345
f 5596//1345 5610//1345 5607//1345
f 5592//1345 5608//1345 5610//1345
f 5586//6544 5591//6543 5612//6553
f 5595//6552 5611//6554 5608//1345
f 5586//6544 5612//6553 5611//6554
f 5611//6554 5595//6552 5586//6544
f 5609//6551 5612//6553 5591//6543
f 5614//6555 5613//6556 5604//6557
f 5615//6558 5614//6555 5602//6559
f 5616//6560 5615//6558 5605//6561
f 5617//6562 5616//6560 5605//6561
f 5618//6563 5617//6562 5600//6564
f 5619//6565 5618//6563 5603//6566
f 5620//6567 5619//6565 5603//6566
f 5613//6556 5620//6567 5601//6568
f 5603//6566 5601//6568 5620//6567
f 5600//6564 5603//6566 5618//6563
f 5605//6561 5600//6564 5617//6562
f 5602//6559 5605//6561 5615//6558
f 5604//6557 5602//6559 5614//6555
f 5601//6568 5604//6557 5613//6556
f 5673//6363 5588//6363 5670//6363
f 5671//6363 5670//6363 5588//6363
f 5670//6363 5672//6363 5673//6363
f 5676//6665 5675//6666 5684//6667
f 5598//6350 5591//6359 5587//6668
f 5588//6363 5587//6668 5589//6363
f 5673//6363 5672//6363 5674//6363
f 5684//6667 5683//6669 5676//6665
f 5587//6668 5590//6363 5589//6363
f 5588//6363 5589//6363 5671//6363
f 5674//6363 5676//6665 5673//6363
f 5587//6668 5591//6359 5590//6363
f 5676//6665 5674//6363 5675//6666
f 5587//6668 5599//6351 5598//6350
f 5673//6670 5676//6671 5677//6672
f 5677//6672 5580//6529 5673//6670
f 5670//6673 5581//6674 5678//6675
f 5672//6676 5678//6675 5679//6677
f 5674//6473 5679//6677 5680//6474
f 5680//6474 5675//6678 5674//6473
f 5679//6677 5674//6473 5672//6676
f 5678//6675 5672//6676 5670//6673
f 5687//6679 5680//6680 5677//6681
f 5679//6464 5678//6682 5677//6681
f 5680//6680 5679//6464 5677//6681
f 5580//6529 5677//6681 5678//6682
f 5580//6529 5678//6682 5581//6528
f 5677//6681 5688//6683 5687//6679
f 5681//6684 5682//6685 5683//6669
f 5683//6669 5684//6667 5681//6684
f 5685//6346 5682//6685 5681//6684
f 5681//6684 5686//6347 5685//6346
f 5685//6346 5686//6347 5687//6679
f 5687//6679 5688//6683 5685//6346
f 5690//1345 5689//6686 5683//6687
f 5691//1345 5690//1345 5685//1345
f 5690//1345 5682//1345 5685//1345
f 5683//6687 5682//1345 5690//1345
f 5691//1345 5685//1345 5688//6688
f 5688//6688 5693//6689 5691//1345
f 5693//6689 5688//6688 5677//6672
f 5677//6672 5676//6671 5692//6690
f 5676//6671 5689//6686 5694//6691
f 5692//6690 5693//6689 5677//6672
f 5694//6691 5692//6690 5676//6671
f 5689//6686 5676//6671 5683//6687
f 5695//1873 5687//6496 5686//1873
f 5680//6474 5698//6493 5697//6692
f 5680//6474 5687//6496 5698//6493
f 5681//1873 5684//6693 5696//1873
f 5697//6692 5675//6678 5680//6474
f 5687//6496 5695//1873 5698//6493
f 5686//1873 5699//1873 5695//1873
f 5681//1873 5696//1873 5699//1873
f 5684//6693 5700//6694 5696//1873
f 5684//6693 5675//6678 5700//6694
f 5675//6678 5697//6692 5700//6694
f 5699//1873 5686//1873 5681//1873
f 5694//6695 5689//6696 5700//6697
f 5692//6698 5694//6695 5700//6697
f 5693//6699 5692//6698 5697//6700
f 5691//6701 5693//6699 5698//6702
f 5690//6703 5691//6701 5695//6704
f 5689//6696 5690//6703 5696//6705
f 5696//6705 5700//6697 5689//6696
f 5699//6706 5696//6705 5690//6703
f 5695//6704 5699//6706 5690//6703
f 5698//6702 5695//6704 5691//6701
f 5697//6700 5698//6702 5693//6699
f 5700//6697 5697//6700 5692//6698
f 5710//6707 5703//6708 5701//6709
f 5701//6709 5702//1166 5710//6707
f 5702//1166 5711//6710 5710//6707
f 5702//1166 5705//6711 5711//6710
f 5704//6712 5711//6710 5705//6711
f 5711//6710 5704//6712 5834//1166
f 5712//6713 5835//1166 5708//1166
f 5835//1166 5706//1166 5707//1166
f 5712//6713 5708//1166 5710//6707
f 5835//1166 5707//1166 5708//1166
f 5706//1166 5835//1166 5833//1166
f 5833//1166 5710//6707 5709//6714
f 5709//6714 5706//1166 5833//1166
f 5712//6713 5710//6707 5711//6710
f 5836//1166 5714//6715 5713//1166
f 5714//6715 5836//1166 5712//6713
f 5711//6710 5834//1166 5715//6716
f 5713//1166 5715//6716 5834//1166
f 5716//6717 5732//6718 5718//6719
f 5719//1166 5717//1166 5837//1166
f 5837//1166 5835//1166 5719//1166
f 5837//1166 5717//1166 5720//1166
f 5720//1166 5718//6719 5732//6718
f 5720//1166 5732//6718 5837//1166
f 5716//6717 5719//1166 5835//1166
f 5716//6717 5835//1166 5712//6713
f 5723//6720 5712//6713 5836//1166
f 5838//1166 5723//6720 5722//6721
f 5722//6721 5721//1166 5838//1166
f 5725//1166 5724//1166 5836//1166
f 5836//1166 5839//1166 5725//1166
f 5724//1166 5723//6720 5836//1166
f 5721//1166 5726//1166 5838//1166
f 5726//1166 5725//1166 5839//1166
f 5838//1166 5839//1166 5534//6481
f 5578//6526 5729//6722 5730//1166
f 5728//1166 5727//6723 5840//3164
f 5578//6526 5732//6718 5729//6722
f 5727//6723 5731//6724 5840//3164
f 5840//3164 5578//6526 5730//1166
f 5730//1166 5728//1166 5840//3164
f 5731//6724 5732//6718 5716//6717
f 5534//6481 5735//6725 5734//1170
f 5746//6726 5838//1166 5733//1166
f 5838//1166 5734//1170 5733//1166
f 5734//1170 5838//1166 5534//6481
f 5534//6481 5737//1174 5735//6725
f 5534//6481 5472//6366 5737//1174
f 5472//6366 5738//1174 5737//1174
f 5733//1166 5736//1166 5746//6726
f 5738//1174 5472//6366 5746//6726
f 5736//1166 5738//1174 5746//6726
f 5842//1166 5731//6724 5741//1166
f 5740//1166 5742//1166 5731//6724
f 5739//1166 5843//1166 5842//1166
f 5731//6724 5742//1166 5741//1166
f 5843//1166 5739//1166 5743//1166
f 5740//1166 5731//6724 5716//6717
f 5716//6717 5843//1166 5743//1166
f 5741//1166 5739//1166 5842//1166
f 5743//1166 5740//1166 5716//6717
f 5843//1166 5716//6717 5768//6727
f 5753//6707 5768//6727 5841//1166
f 5753//6707 5841//1166 5723//6720
f 5844//1166 5723//6720 5745//1166
f 5748//6728 5747//1166 5723//6720
f 5747//1166 5745//1166 5723//6720
f 5748//6728 5723//6720 5746//6726
f 5745//1166 5744//6719 5844//1166
f 5744//6719 5746//6726 5472//6366
f 5750//6729 5843//1166 5749//6730
f 5752//6731 5749//6730 5843//1166
f 5752//6731 5843//1166 5753//6707
f 5755//6729 5753//6707 5754//6730
f 5753//6707 5844//1166 5757//1166
f 5757//1166 5754//6730 5753//6707
f 5844//1166 5756//6715 5758//6732
f 5758//6732 5757//1166 5844//1166
f 5482//1166 5804//6733 5750//6729
f 5482//1166 5750//6729 5751//6715
f 5751//6715 5759//1166 5760//1166
f 5751//6715 5761//1166 5759//1166
f 5751//6715 5755//6729 5761//1166
f 5760//1166 5482//1166 5751//6715
f 5762//1166 5761//1166 5755//6729
f 5482//1166 5760//1166 5763//1166
f 5763//1166 5762//1166 5481//1166
f 5763//1166 5481//1166 5482//1166
f 5481//1166 5755//6729 5756//6715
f 5481//1166 5756//6715 5805//6734
f 5723//6720 5764//1166 5765//1166
f 5712//6713 5723//6720 5765//1166
f 5712//6713 5765//1166 5766//1166
f 5716//6717 5766//1166 5767//6735
f 5716//6717 5712//6713 5766//1166
f 5769//6736 5841//1166 5768//6727
f 5841//1166 5769//6736 5770//1166
f 5841//1166 5770//1166 5764//1166
f 5764//1166 5723//6720 5841//1166
f 5772//6737 5771//6738 5773//6739
f 5773//6739 5834//1166 5772//6737
f 5774//6740 5775//1166 5773//6739
f 5834//1166 5775//1166 5776//1166
f 5834//1166 5773//6739 5775//1166
f 5836//1166 5776//1166 5777//1166
f 5776//1166 5836//1166 5834//1166
f 5839//1166 5778//1166 5779//1166
f 5839//1166 5836//1166 5778//1166
f 5777//1166 5778//1166 5836//1166
f 5818//6741 5779//1166 5780//6742
f 5813//6743 5833//1166 5781//6744
f 5781//6744 5782//6745 5813//6743
f 5784//6746 5783//6747 5785//6748
f 5785//6748 5578//6526 5784//6746
f 5786//6749 5787//1166 5785//6748
f 5837//1166 5787//1166 5788//1166
f 5837//1166 5785//6748 5787//1166
f 5788//1166 5835//1166 5837//1166
f 5788//1166 5789//1166 5835//1166
f 5833//1166 5790//1166 5791//1166
f 5833//1166 5835//1166 5790//1166
f 5789//1166 5790//1166 5835//1166
f 5781//6744 5791//1166 5792//6750
f 5802//6751 5793//1166 5804//6733
f 5794//1166 5843//1166 5750//6729
f 5750//6729 5804//6733 5793//1166
f 5793//1166 5794//1166 5750//6729
f 5794//1166 5795//1166 5843//1166
f 5842//1166 5843//1166 5796//1166
f 5795//1166 5796//1166 5843//1166
f 5796//1166 5797//1166 5842//1166
f 5798//6752 5797//1166 5799//6753
f 5801//6754 5840//3164 5798//6752
f 5798//6752 5800//6755 5801//6754
f 5803//1166 5804//6733 5482//1166
f 5481//1166 5805//6734 5825//6756
f 5820//6757 5807//1166 5819//6758
f 5844//1166 5808//1166 5809//1166
f 5744//6719 5819//6758 5807//1166
f 5808//1166 5844//1166 5744//6719
f 5807//1166 5808//1166 5744//6719
f 5756//6715 5811//1166 5810//1166
f 5756//6715 5844//1166 5811//1166
f 5809//1166 5811//1166 5844//1166
f 5805//6734 5810//1166 5806//6759
f 5813//6743 5812//1166 5573//1166
f 5814//1166 5569//1166 5571//1166
f 5573//1166 5569//1166 5814//1166
f 5815//1166 5814//1166 5571//1166
f 5814//1166 5772//6737 5573//1166
f 5816//1166 5817//1166 5567//6760
f 5815//1166 5571//1166 5567//6760
f 5817//1166 5815//1166 5567//6760
f 5567//6760 5818//6741 5816//1166
f 5534//6481 5567//6760 5547//6480
f 5534//6481 5839//1166 5567//6760
f 5839//1166 5818//6741 5567//6760
f 5744//6719 5469//6367 5474//6761
f 5469//6367 5744//6719 5472//6366
f 5821//6762 5819//6758 5474//6761
f 5474//6761 5479//1166 5823//1166
f 5822//1166 5823//1166 5479//1166
f 5822//1166 5479//1166 5476//1166
f 5474//6761 5823//1166 5824//6763
f 5476//1166 5826//1166 5822//1166
f 5481//1166 5827//6764 5826//1166
f 5481//1166 5825//6756 5827//6764
f 5826//1166 5476//1166 5481//1166
f 5824//6763 5821//6762 5474//6761
f 5482//1166 5485//1166 5828//1166
f 5485//1166 5829//1166 5828//1166
f 5482//1166 5828//1166 5803//1166
f 5491//6765 5801//6754 5831//1166
f 5831//1166 5486//1166 5491//6765
f 5829//1166 5485//1166 5486//1166
f 5831//1166 5830//1166 5486//1166
f 5830//1166 5829//1166 5486//1166
f 5491//6765 5840//3164 5801//6754
f 5489//6535 5588//6536 5840//3164
f 5491//6765 5489//6535 5840//3164
f 5578//6526 5588//6536 5580//6529
f 5588//6536 5673//6670 5580//6529
f 5578//6526 5577//1166 5832//1166
f 5832//1166 5784//6746 5578//6526
f 5812//1166 5832//1166 5577//1166
f 5812//1166 5577//1166 5573//1166
f 5474//6761 5819//6758 5744//6719
f 5810//1166 5805//6734 5756//6715
f 5797//1166 5798//6752 5842//1166
f 5791//1166 5781//6744 5833//1166
f 5779//1166 5818//6741 5839//1166
f 5767//6735 5768//6727 5716//6717
f 5762//1166 5755//6729 5481//1166
f 5753//6707 5755//6729 5751//6715
f 5842//1166 5798//6752 5840//3164
f 5723//6720 5844//1166 5753//6707
f 5768//6727 5753//6707 5843//1166
f 5731//6724 5842//1166 5840//3164
f 5838//1166 5746//6726 5723//6720
f 5578//6526 5840//3164 5588//6536
f 5726//1166 5839//1166 5838//1166
f 5837//1166 5732//6718 5578//6526
f 5785//6748 5837//1166 5578//6526
f 5713//1166 5834//1166 5836//1166
f 5703//6708 5710//6707 5833//1166
f 5573//1166 5772//6737 5834//1166
f 5573//1166 5834//1166 5704//6712
f 5573//1166 5704//6712 5703//6708
f 5573//1166 5703//6708 5833//1166
f 5573//1166 5833//1166 5813//6743
f 5857//6766 5845//126 5846//126
f 5857//6766 5854//6767 5845//126
f 5857//6766 5846//126 5847//126
f 5854//6767 5849//6768 5845//126
f 5848//6769 5849//6768 5980//126
f 5847//126 5980//126 5857//6766
f 5847//126 5848//6769 5980//126
f 5857//6766 5980//126 5981//126
f 5982//126 5852//6770 5850//6771
f 5851//126 5855//6772 5982//126
f 5851//126 5853//6773 5855//6772
f 5850//6771 5851//126 5982//126
f 5854//6767 5855//6772 5853//6773
f 5855//6772 5854//6767 5857//6766
f 5983//126 5855//6772 5856//6774
f 5981//126 5859//126 5857//6766
f 5856//6774 5858//126 5983//126
f 5981//126 5858//126 5859//126
f 5981//126 5983//126 5858//126
f 5861//126 5860//6775 5871//6776
f 5860//6775 5862//6777 5871//6776
f 5982//126 5864//6778 5863//126
f 5871//6776 5984//126 5861//126
f 5984//126 5863//126 5861//126
f 5982//126 5862//6777 5864//6778
f 5863//126 5984//126 5982//126
f 5862//6777 5982//126 5855//6772
f 5985//126 5869//126 5866//126
f 5890//6779 5867//126 5865//126
f 5890//6779 5983//126 5867//126
f 5983//126 5866//126 5867//126
f 5865//126 5986//126 5890//6779
f 5866//126 5983//126 5985//126
f 5986//126 5865//126 5868//126
f 5985//126 5986//126 5869//126
f 5986//126 5985//126 5670//6673
f 5984//126 5870//6780 5872//126
f 5987//6781 5872//126 5873//126
f 5870//6780 5984//126 5871//6776
f 5874//6782 5987//6781 5875//6783
f 5873//126 5875//6783 5987//6781
f 5872//126 5987//6781 5984//126
f 5874//6782 5871//6776 5862//6777
f 5670//6673 5880//126 5876//126
f 5671//6538 5878//126 5877//126
f 5671//6538 5988//126 5878//126
f 5876//126 5879//126 5986//126
f 5881//126 5878//126 5988//126
f 5988//126 5986//126 5879//126
f 5876//126 5986//126 5670//6673
f 5988//126 5879//126 5881//126
f 5670//6673 5671//6538 5877//126
f 5877//126 5880//126 5670//6673
f 5989//126 5990//126 5882//126
f 5990//126 5883//126 5882//126
f 5862//6777 5886//126 5885//126
f 5883//126 5990//126 5874//6782
f 5874//6782 5885//126 5883//126
f 5874//6782 5862//6777 5885//126
f 5989//126 5882//126 5884//126
f 5886//126 5862//6777 5989//126
f 5989//126 5862//6777 5896//6784
f 5992//126 5991//126 5887//126
f 5890//6779 5988//126 5888//6785
f 5988//126 5891//126 5888//6785
f 5992//126 5887//126 5889//126
f 5891//126 5988//126 5992//126
f 5890//6779 5887//126 5991//126
f 5992//126 5988//126 5671//6538
f 5989//126 5892//126 5893//126
f 5993//126 5994//126 5894//126
f 5893//126 5994//126 5989//126
f 5894//126 5895//6786 5993//126
f 5893//126 5894//126 5994//126
f 5896//6784 5892//126 5989//126
f 5895//6786 5896//6784 5993//126
f 5896//6784 5899//126 5897//6771
f 5897//6771 5898//6787 5896//6784
f 5991//126 5901//126 5899//126
f 5899//126 5896//6784 5991//126
f 5991//126 5900//6786 5901//126
f 5480//126 5940//6788 5994//126
f 5480//126 5994//126 5993//126
f 5480//126 5993//126 5902//126
f 5993//126 5903//126 5902//126
f 5904//126 5903//126 5898//6787
f 5903//126 5993//126 5898//6787
f 5483//126 5480//126 5905//126
f 5898//6787 5483//126 5904//126
f 5902//126 5905//126 5480//126
f 5905//126 5906//126 5483//126
f 5483//126 5898//6787 5900//6786
f 5483//126 5900//6786 5914//6789
f 5907//126 5908//126 5896//6784
f 5890//6779 5896//6784 5908//126
f 5890//6779 5908//126 5909//126
f 5855//6772 5890//6779 5910//126
f 5890//6779 5909//126 5910//126
f 5855//6772 5910//126 5911//126
f 5911//126 5912//126 5862//6777
f 5862//6777 5912//126 5907//126
f 5483//126 5914//6789 5965//6790
f 5917//126 5991//126 5992//126
f 5992//126 5915//6791 5916//6792
f 5991//126 5917//126 5918//126
f 5992//126 5916//6792 5917//126
f 5900//6786 5991//126 5920//126
f 5900//6786 5920//126 5919//126
f 5991//126 5918//126 5920//126
f 5914//6789 5919//126 5913//6793
f 5983//126 5922//126 5921//126
f 5922//126 5983//126 5981//126
f 5981//126 5929//6794 5923//6795
f 5923//6795 5922//126 5981//126
f 5985//126 5925//126 5924//126
f 5985//126 5983//126 5925//126
f 5983//126 5921//126 5925//126
f 5962//6796 5924//126 5926//6797
f 5981//126 5930//126 5929//6794
f 5928//6798 5927//6799 5930//126
f 5930//126 5981//126 5928//6798
f 5994//126 5940//6788 5931//6800
f 5932//126 5989//126 5994//126
f 5989//126 5932//126 5935//126
f 5931//6800 5932//126 5994//126
f 5990//126 5934//126 5933//126
f 5990//126 5989//126 5934//126
f 5935//126 5934//126 5989//126
f 5937//6801 5933//126 5936//6802
f 5939//6803 5987//6781 5937//6801
f 5937//6801 5938//6804 5939//6803
f 5941//126 5940//6788 5480//126
f 5942//6805 5941//126 5480//126
f 5982//126 5944//126 5943//126
f 5944//126 5982//126 5984//126
f 5984//126 5954//6806 5945//6807
f 5945//6807 5944//126 5984//126
f 5852//6770 5982//126 5947//126
f 5947//126 5946//126 5852//6770
f 5943//126 5947//126 5982//126
f 5949//6808 5946//126 5948//6809
f 5951//6810 5852//6770 5949//6808
f 5949//6808 5950//6811 5951//6810
f 5953//6812 5952//6813 5955//126
f 5955//126 5984//126 5953//6812
f 5955//126 5954//6806 5984//126
f 5574//126 5575//126 5956//126
f 5575//126 5957//126 5956//126
f 5957//126 5575//126 5576//126
f 5958//126 5957//126 5576//126
f 5574//126 5956//126 5928//6798
f 5579//6814 5959//6815 5961//6816
f 5576//126 5960//126 5958//126
f 5960//126 5576//126 5579//6814
f 5961//6816 5960//126 5579//6814
f 5579//6814 5962//6796 5959//6815
f 5670//6673 5579//6814 5581//6674
f 5670//6673 5985//126 5579//6814
f 5985//126 5962//6796 5579//6814
f 5992//126 5488//6537 5490//6817
f 5488//6537 5992//126 5671//6538
f 5490//6817 5964//126 5915//6791
f 5963//6818 5964//126 5490//6817
f 5966//126 5967//126 5487//126
f 5490//6817 5487//126 5967//126
f 5490//6817 5967//126 5968//6819
f 5966//126 5487//126 5484//126
f 5969//126 5484//126 5483//126
f 5483//126 5965//6790 5970//6820
f 5969//126 5966//126 5484//126
f 5970//6820 5969//126 5483//126
f 5968//6819 5963//6818 5490//6817
f 5480//126 5972//126 5973//6821
f 5480//126 5477//126 5972//126
f 5971//126 5972//126 5477//126
f 5973//6821 5942//6805 5480//126
f 5971//126 5477//126 5478//126
f 5478//126 5975//126 5974//126
f 5975//126 5478//126 5473//6822
f 5939//6803 5975//126 5473//6822
f 5974//126 5971//126 5478//126
f 5473//6822 5987//6781 5939//6803
f 5475//6340 5452//6339 5987//6781
f 5473//6822 5475//6340 5987//6781
f 5984//126 5566//6476 5568//6823
f 5984//126 5452//6339 5566//6476
f 5452//6339 5539//6471 5566//6476
f 5953//6812 5984//126 5568//6823
f 5568//6823 5572//126 5976//126
f 5572//126 5977//126 5976//126
f 5976//126 5953//6812 5568//6823
f 5978//126 5572//126 5570//126
f 5978//126 5977//126 5572//126
f 5979//126 5570//126 5574//126
f 5979//126 5978//126 5570//126
f 5951//6810 5979//126 5574//126
f 5490//6817 5915//6791 5992//126
f 5946//126 5949//6808 5852//6770
f 5933//126 5937//6801 5990//126
f 5924//126 5962//6796 5985//126
f 5919//126 5914//6789 5900//6786
f 5907//126 5896//6784 5862//6777
f 5911//126 5862//6777 5855//6772
f 5906//126 5904//126 5483//126
f 5896//6784 5898//6787 5993//126
f 5990//126 5937//6801 5987//6781
f 5889//126 5891//126 5992//126
f 5890//6779 5991//126 5896//6784
f 5884//126 5886//126 5989//126
f 5874//6782 5990//126 5987//6781
f 5986//126 5988//126 5890//6779
f 5984//126 5987//6781 5452//6339
f 5868//126 5869//126 5986//126
f 5983//126 5890//6779 5855//6772
f 5849//6768 5854//6767 5852//6770
f 5574//126 5928//6798 5981//126
f 5574//126 5981//126 5980//126
f 5574//126 5980//126 5849//6768
f 5574//126 5849//6768 5852//6770
f 5574//126 5852//6770 5951//6810
f 5970//6820 5965//6790 5803//6824
f 5969//6825 5970//6820 5828//6826
f 5966//6827 5969//6825 5828//6826
f 5967//6828 5966//6827 5830//6829
f 5968//6819 5967//6828 5831//6830
f 5963//6818 5968//6819 5801//6754
f 5801//6754 5800//6755 5963//6818
f 5831//6830 5801//6754 5968//6819
f 5830//6829 5831//6830 5967//6828
f 5829//6831 5830//6829 5966//6827
f 5828//6826 5829//6831 5966//6827
f 5803//6824 5828//6826 5970//6820
f 5961//6816 5959//6815 5783//6747
f 5960//6832 5961//6816 5784//6746
f 5958//6833 5960//6832 5832//6834
f 5957//6835 5958//6833 5812//6836
f 5956//6837 5957//6835 5812//6836
f 5928//6798 5956//6837 5813//6743
f 5927//6799 5928//6798 5813//6743
f 5813//6743 5782//6745 5927//6799
f 5812//6836 5813//6743 5956//6837
f 5832//6834 5812//6836 5958//6833
f 5784//6746 5832//6834 5960//6832
f 5783//6747 5784//6746 5961//6816
f 5939//6803 5938//6804 5821//6762
f 5975//6838 5939//6803 5824//6763
f 5974//6839 5975//6838 5823//6840
f 5971//6841 5974//6839 5822//6842
f 5972//6843 5971//6841 5826//6844
f 5973//6821 5972//6843 5827//6764
f 5942//6805 5973//6821 5827//6764
f 5827//6764 5825//6756 5942//6805
f 5826//6844 5827//6764 5972//6843
f 5822//6842 5826//6844 5971//6841
f 5823//6840 5822//6842 5974//6839
f 5824//6763 5823//6840 5975//6838
f 5821//6762 5824//6763 5939//6803
f 5951//6810 5950//6811 5771//6738
f 5979//6845 5951//6810 5772//6737
f 5978//6846 5979//6845 5814//6847
f 5977//6848 5978//6846 5815//6849
f 5976//6850 5977//6848 5815//6849
f 5953//6812 5976//6850 5817//6851
f 5952//6813 5953//6812 5816//6852
f 5817//6851 5816//6852 5953//6812
f 5815//6849 5817//6851 5976//6850
f 5814//6847 5815//6849 5978//6846
f 5772//6737 5814//6847 5979//6845
f 5771//6738 5772//6737 5951//6810
f 5930//6853 5927//6799 5782//6745
f 5929//6794 5930//6853 5781//6744
f 5781//6744 5792//6750 5929//6794
f 5782//6745 5781//6744 5930//6853
f 5941//6854 5942//6805 5825//6756
f 5940//6788 5941//6854 5805//6734
f 5805//6734 5806//6759 5940//6788
f 5825//6756 5805//6734 5941//6854
f 5914//6789 5913//6793 5802//6751
f 5965//6790 5914//6789 5804//6733
f 5804//6733 5803//6824 5965//6790
f 5802//6751 5804//6733 5914//6789
f 5962//6796 5926//6797 5786//6749
f 5959//6815 5962//6796 5785//6748
f 5785//6748 5783//6747 5959//6815
f 5786//6749 5785//6748 5962//6796
f 5937//6801 5936//6802 5820//6757
f 5938//6804 5937//6801 5819//6758
f 5819//6758 5821//6762 5938//6804
f 5820//6757 5819//6758 5937//6801
f 5945//6807 5954//6806 5780//6742
f 5944//6855 5945//6807 5779//6856
f 5943//6857 5944//6855 5778//6858
f 5947//6859 5943//6857 5777//6860
f 5946//6861 5947//6859 5776//6862
f 5948//6809 5946//6861 5775//6863
f 5775//6863 5774//6740 5948//6809
f 5776//6862 5775//6863 5946//6861
f 5777//6860 5776//6862 5947//6859
f 5778//6858 5777//6860 5943//6857
f 5779//6856 5778//6858 5944//6855
f 5780//6742 5779//6856 5945//6807
f 5949//6808 5948//6809 5774//6740
f 5950//6811 5949//6808 5773//6739
f 5773//6739 5771//6738 5950//6811
f 5774//6740 5773//6739 5949//6808
f 5955//6864 5952//6813 5816//6852
f 5954//6806 5955//6864 5818//6741
f 5818//6741 5780//6742 5954//6806
f 5816//6852 5818//6741 5955//6864
f 5923//6795 5929//6794 5792//6750
f 5922//6865 5923//6795 5791//6866
f 5921//6867 5922//6865 5790//6868
f 5925//6869 5921//6867 5789//6870
f 5924//6871 5925//6869 5788//6872
f 5926//6797 5924//6871 5787//6873
f 5787//6873 5786//6749 5926//6797
f 5788//6872 5787//6873 5924//6871
f 5789//6870 5788//6872 5925//6869
f 5790//6868 5789//6870 5921//6867
f 5791//6866 5790//6868 5922//6865
f 5792//6750 5791//6866 5923//6795
f 5964//6874 5963//6818 5800//6755
f 5915//6791 5964//6874 5798//6752
f 5798//6752 5799//6753 5915//6791
f 5800//6755 5798//6752 5964//6874
f 5916//6792 5915//6791 5799//6753
f 5917//6875 5916//6792 5797//6876
f 5918//6877 5917//6875 5796//6878
f 5920//6879 5918//6877 5795//6880
f 5919//6881 5920//6879 5794//6882
f 5913//6793 5919//6881 5793//6883
f 5793//6883 5802//6751 5913//6793
f 5794//6882 5793//6883 5919//6881
f 5795//6880 5794//6882 5920//6879
f 5796//6878 5795//6880 5918//6877
f 5797//6876 5796//6878 5917//6875
f 5799//6753 5797//6876 5916//6792
f 5931//6800 5940//6788 5806//6759
f 5932//6884 5931//6800 5810//6885
f 5935//6886 5932//6884 5811//6887
f 5934//6888 5935//6886 5809//6889
f 5933//6890 5934//6888 5808//6891
f 5936//6802 5933//6890 5807//6892
f 5807//6892 5820//6757 5936//6802
f 5808//6891 5807//6892 5933//6890
f 5809//6889 5808//6891 5934//6888
f 5811//6887 5809//6889 5935//6886
f 5810//6885 5811//6887 5932//6884
f 5806//6759 5810//6885 5931//6800
f 5851//6893 5850//6771 5714//6715
f 5853//6773 5851//6893 5712//6713
f 5854//6767 5853//6773 5711//6710
f 5852//6770 5854//6767 5715//6716
f 5850//6771 5852//6770 5713//6894
f 5715//6716 5713//6894 5852//6770
f 5711//6710 5715//6716 5854//6767
f 5712//6713 5711//6710 5853//6773
f 5714//6715 5712//6713 5851//6893
f 5713//6894 5714//6715 5850//6771
f 5894//6893 5893//6895 5756//6715
f 5895//6786 5894//6893 5755//6729
f 5896//6784 5895//6786 5754//6730
f 5892//6896 5896//6784 5757//6897
f 5893//6895 5892//6896 5758//6732
f 5757//6897 5758//6732 5892//6896
f 5754//6730 5757//6897 5896//6784
f 5755//6729 5754//6730 5895//6786
f 5756//6715 5755//6729 5894//6893
f 5758//6732 5756//6715 5893//6895
f 5865//6898 5867//6899 5716//6717
f 5868//6900 5865//6898 5718//6719
f 5869//6901 5868//6900 5720//6902
f 5866//6903 5869//6901 5717//6904
f 5867//6899 5866//6903 5719//6905
f 5719//6905 5716//6717 5867//6899
f 5717//6904 5719//6905 5866//6903
f 5720//6902 5717//6904 5869//6901
f 5718//6719 5720//6902 5868//6900
f 5716//6717 5718//6719 5865//6898
f 5887//6898 5890//6779 5743//6906
f 5889//6907 5887//6898 5739//6908
f 5891//6901 5889//6907 5741//6902
f 5888//6785 5891//6901 5742//6909
f 5890//6779 5888//6785 5740//6905
f 5740//6905 5743//6906 5890//6779
f 5742//6909 5740//6905 5888//6785
f 5741//6902 5742//6909 5891//6901
f 5739//6908 5741//6902 5889//6907
f 5743//6906 5739//6908 5887//6898
f 5898//6787 5897//6771 5751//6715
f 5900//6786 5898//6787 5750//6729
f 5901//6910 5900//6786 5749//6730
f 5899//6896 5901//6910 5752//6731
f 5897//6771 5899//6896 5753//6707
f 5752//6731 5753//6707 5899//6896
f 5749//6730 5752//6731 5901//6910
f 5750//6729 5749//6730 5900//6786
f 5751//6715 5750//6729 5898//6787
f 5753//6707 5751//6715 5897//6771
f 5882//6898 5883//6899 5746//6726
f 5884//6907 5882//6898 5744//6719
f 5886//6901 5884//6907 5745//6902
f 5885//6903 5886//6901 5747//6909
f 5883//6899 5885//6903 5748//6728
f 5748//6728 5746//6726 5883//6899
f 5747//6909 5748//6728 5885//6903
f 5745//6902 5747//6909 5886//6901
f 5744//6719 5745//6902 5884//6907
f 5746//6726 5744//6719 5882//6898
f 5860//6775 5861//6911 5721//6912
f 5862//6777 5860//6775 5722//6721
f 5864//6778 5862//6777 5723//6720
f 5863//6903 5864//6778 5724//6904
f 5861//6911 5863//6903 5725//6913
f 5725//6913 5726//6914 5861//6911
f 5724//6904 5725//6913 5863//6903
f 5723//6720 5724//6904 5864//6778
f 5722//6721 5723//6720 5862//6777
f 5721//6912 5722//6721 5860//6775
f 5726//6914 5721//6912 5861//6911
f 5856//6774 5855//6772 5708//6915
f 5858//6916 5856//6774 5707//6917
f 5859//6910 5858//6916 5706//6918
f 5857//6766 5859//6910 5709//6714
f 5855//6772 5857//6766 5710//6707
f 5709//6714 5710//6707 5857//6766
f 5706//6918 5709//6714 5859//6910
f 5707//6917 5706//6918 5858//6916
f 5708//6915 5707//6917 5856//6774
f 5710//6707 5708//6915 5855//6772
f 5908//6919 5907//6920 5770//6921
f 5909//6922 5908//6919 5768//6727
f 5909//6922 5768//6727 5767//6735
f 5910//6923 5909//6922 5767//6735
f 5911//6924 5910//6923 5766//6925
f 5911//6924 5766//6925 5765//6926
f 5912//6927 5911//6924 5765//6926
f 5907//6920 5912//6927 5764//6928
f 5765//6926 5764//6928 5912//6927
f 5767//6735 5766//6925 5910//6923
f 5769//6736 5768//6727 5908//6919
f 5770//6921 5769//6736 5908//6919
f 5764//6928 5770//6921 5907//6920
f 5881//6929 5879//6930 5731//6724
f 5878//6931 5881//6929 5731//6724
f 5877//6932 5878//6931 5727//6723
f 5880//6933 5877//6932 5730//6934
f 5876//6935 5880//6933 5730//6934
f 5879//6930 5876//6935 5729//6722
f 5732//6718 5731//6724 5879//6930
f 5729//6722 5732//6718 5879//6930
f 5730//6934 5729//6722 5876//6935
f 5728//6936 5730//6934 5877//6932
f 5727//6723 5728//6936 5877//6932
f 5731//6724 5727//6723 5878//6931
f 5905//6937 5902//6938 5762//6939
f 5906//6940 5905//6937 5763//6941
f 5904//6942 5906//6940 5760//6943
f 5903//6944 5904//6942 5759//6945
f 5902//6938 5903//6944 5761//6946
f 5761//6946 5762//6939 5902//6938
f 5759//6945 5761//6946 5903//6944
f 5760//6943 5759//6945 5904//6942
f 5763//6941 5760//6943 5906//6940
f 5762//6939 5763//6941 5905//6937
f 5873//6929 5872//6930 5737//6947
f 5875//6783 5873//6929 5737//6947
f 5874//6782 5875//6783 5738//6948
f 5871//6776 5874//6782 5733//6934
f 5870//6780 5871//6776 5733//6934
f 5872//6930 5870//6780 5734//6949
f 5735//6950 5737//6947 5872//6930
f 5734//6949 5735//6950 5872//6930
f 5733//6934 5734//6949 5870//6780
f 5736//6936 5733//6934 5874//6782
f 5738//6948 5736//6936 5874//6782
f 5737//6947 5738//6948 5875//6783
f 5845//6951 5849//6768 5705//6711
f 5846//6952 5845//6951 5702//6953
f 5847//6954 5846//6952 5701//6709
f 5848//6769 5847//6954 5703//6708
f 5849//6768 5848//6769 5704//6712
f 5704//6712 5705//6711 5849//6768
f 5703//6708 5704//6712 5848//6769
f 5701//6709 5703//6708 5847//6954
f 5702//6953 5701//6709 5846//6952
f 5705//6711 5702//6953 5845//6951
usemtl 0.960784_0.960784_0.960784_0.000000_0.000000
f 2334//2979 2451//2980 2449//2977
f 2449//2977 2335//1873 2334//2979
f 2723//3300 2722//3298 2596//3301
f 2722//3298 2597//1345 2596//3301
f 3739//4350 3626//4349 3632//4353
f 3633//4354 3626//4349 3627//3345
f 3632//4353 3629//4351 3739//4350
f 3731//4233 3739//4350 3629//4351
f 3629//4351 3630//4352 3731//4233
f 3633//4354 3632//4353 3626//4349
f 3627//3345 3726//4383 3636//4357
f 3727//4432 3726//4383 3729//4274
f 3636//4357 3633//4354 3627//3345
f 3630//4352 3631//2367 3628//4259
f 3627//3345 3729//4274 3726//4383
f 3635//4358 3631//2367 3634//4355
f 3630//4352 3628//4259 3731//4233
f 3631//2367 3635//4358 3628//4259
f 3743//4442 3742//4444 3738//4443
f 3738//4443 3736//4356 3743//4442
f 3640//4365 3645//4364 3637//4446
f 3638//4445 3645//4364 3745//4447
f 3638//4445 3637//4446 3645//4364
f 3642//4359 3640//4365 3637//4446
f 3744//4304 3644//4362 3642//4359
f 3747//4366 3644//4362 3744//4304
f 3637//4446 3744//4304 3642//4359
f 3663//4387 3658//4507 3665//4285
f 3665//4285 3658//4507 3667//4388
f 3669//4376 3660//4382 3658//4507
f 3667//4388 3666//4363 3665//4285
f 3658//4507 3664//4386 3669//4376
f 3661//4383 3669//4376 3664//4386
f 3658//4507 3663//4387 3664//4386
f 3665//4285 3718//4431 3663//4387
f 3664//4386 3662//4385 3661//4383
f 3670//4389 3810//4506 3705//4416
f 3700//4352 3690//4403 3687//4400
f 3687//4400 3701//4410 3700//4352
f 3703//4414 3702//4388 3688//3349
f 3687//4400 3688//3349 3702//4388
f 3700//4352 3699//4413 3691//4404
f 3694//4408 3692//4406 3695//4411
f 3698//4412 3695//4411 3692//4406
f 3693//4405 3691//4404 3699//4413
f 3687//4400 3702//4388 3701//4410
f 3691//4404 3690//4403 3700//4352
f 3711//4421 3708//2171 3688//3349
f 3688//3349 3689//4402 3711//4421
f 3692//4406 3693//4405 3698//4412
f 3708//2171 3703//4414 3688//3349
f 3694//4408 3695//4411 3696//3548
f 3699//4413 3698//4412 3693//4405
f 3713//4422 3689//4402 3712//4401
f 3689//4402 3713//4422 3711//4421
f 3817//4227 3718//4431 3715//4425
f 3718//4431 3720//4504 3714//4426
f 3714//4426 3715//4425 3718//4431
f 3717//4424 3714//4426 3720//4504
f 3720//4504 3719//4427 3717//4424
f 3724//4430 3721//4503 3720//4504
f 3720//4504 3718//4431 3724//4430
f 3722//4429 3723//4428 3721//4503
f 3721//4503 3724//4430 3722//4429
f 3715//4425 3716//4423 3817//4227
f 3733//4436 3738//4443 3742//4444
f 3742//4444 3745//4447 3733//4436
f 3732//4434 3737//4438 3741//2268
f 3728//4441 3741//2268 3737//4438
f 3734//4433 3740//4440 3725//4439
f 3735//4435 3732//4434 3730//4437
f 3734//4433 3727//4432 3740//4440
f 3741//2268 3730//4437 3732//4434
f 3728//4441 3737//4438 3734//4433
f 3735//4435 3730//4437 3731//4233
f 3734//4433 3725//4439 3728//4441
f 3729//4274 3740//4440 3727//4432
f 3604//4508 3603//4326 3601//4325
f 3603//4326 3602//4322 3601//4325
f 3604//4508 3599//4314 3775//4321
f 3556//4273 3555//4275 3562//4280
f 3559//4279 3557//4271 3556//4273
f 3555//4275 3563//4276 3562//4280
f 3561//4278 3562//4280 3563//4276
f 3558//4277 3557//4271 3559//4279
f 3562//4280 3559//4279 3556//4273
f 3527//4248 3528//4250 3526//4247
f 3526//4247 3536//4256 3527//4248
f 3529//4249 3530//4251 3528//4250
f 3528//4250 3530//4251 3526//4247
f 3531//4254 3527//4248 3536//4256
f 3522//3448 3535//4252 3521//4239
f 3521//4239 3541//4242 3522//3448
f 3537//4243 3541//4242 3521//4239
f 3523//4241 3540//4240 3534//4255
f 3522//3448 3523//4241 3532//4253
f 3532//4253 3535//4252 3522//3448
f 3540//4240 3543//4261 3542//4262
f 3521//4239 3520//4238 3537//4243
f 3525//4244 3520//4238 3533//4237
f 3540//4240 3542//4262 3534//4255
f 3534//4255 3532//4253 3523//4241
f 3533//4237 3524//4246 3525//4244
f 3520//4238 3525//4244 3537//4243
f 3768//4235 3821//4282 3518//4236
f 3821//4282 3519//4231 3518//4236
f 3768//4235 3766//4230 3767//4283
f 3571//4293 3570//4292 3572//4304
f 3570//4292 3590//4291 3592//4316
f 3593//4312 3572//4304 3570//4292
f 3577//4300 3586//4307 3811//4440
f 3587//2196 3773//4308 3811//4440
f 3584//4290 3811//4440 3586//4307
f 3669//4376 3997//4693 3810//4506
f 3705//4416 3810//4506 3997//4693
f 3997//4693 3998//4694 3705//4416
f 3709//4419 3706//4417 3705//4416
f 3668//4384 3999//4695 3997//4693
f 3705//4416 3998//4694 3709//4419
f 3668//4384 3697//4409 3999//4695
f 3997//4693 3669//4376 3668//4384
f 3697//4409 3709//4419 3998//4694
f 3998//4694 3999//4695 3697//4409
f 3810//4506 3671//4390 3669//4376
f 3641//4361 4002//4696 4000//4697
f 4000//4697 3639//4360 3643//3143
f 3651//4371 4003//3349 4002//4696
f 4000//4697 4001//4698 3639//4360
f 3641//4361 3653//4368 4002//4696
f 4002//4696 3653//4368 3651//4371
f 4003//3349 3651//4371 3654//4372
f 4001//4698 4004//4398 3646//4367
f 3646//4367 3639//4360 4001//4698
f 4000//4697 3643//3143 3641//4361
f 3654//4372 4004//4398 4003//3349
f 4004//4398 3654//4372 3646//4367
f 3683//4374 4007//4699 4005//4700
f 4005//4700 3657//4377 3656//4375
f 3679//4395 4008//4701 4007//4699
f 4005//4700 4006//4702 3657//4377
f 4007//4699 3680//4396 3679//4395
f 3683//4374 3680//4396 4007//4699
f 3685//3293 3657//4377 4006//4702
f 4008//4701 3679//4395 3686//4399
f 4006//4702 4009//4702 3685//3293
f 4005//4700 3656//4375 3683//4374
f 3686//4399 4009//4702 4008//4701
f 4009//4702 3686//4399 3685//3293
f 3546//4264 3764//4263 4010//4703
f 3551//4269 3549//4266 3548//4265
f 4011//4261 4010//4703 3764//4263
f 3553//4272 3551//4269 3548//4265
f 4010//4703 3547//4267 3546//4264
f 3764//4263 3765//4467 4012//4704
f 4012//4704 4011//4261 3764//4263
f 3553//4272 3547//4267 4012//4704
f 3548//4265 3547//4267 3553//4272
f 4012//4704 3765//4467 3553//4272
f 3554//4274 3553//4272 3765//4467
f 4013//4705 4014//2171 3650//4370
f 3647//4373 3655//2856 4016//4429
f 4013//4705 3650//4370 3652//4369
f 3649//4380 3659//4379 4015//4706
f 3655//2856 3650//4370 4016//4429
f 4015//4706 4013//4705 3649//4380
f 4016//4429 4017//4707 3647//4373
f 4013//4705 3652//4369 3649//4380
f 3648//4378 4017//4707 4015//4706
f 4014//2171 4016//4429 3650//4370
f 3647//4373 4017//4707 3648//4378
f 4015//4706 3659//4379 3648//4378
f 3660//4382 3648//4378 3659//4379
f 3659//4379 3825//4381 3660//4382
f 4018//4702 3684//4298 3678//4394
f 3704//4415 3707//4418 4019//4708
f 3681//4398 4020//4424 4018//4702
f 4019//4708 4020//4424 3704//4415
f 4020//4424 3681//4398 3704//4415
f 3684//4298 4018//4702 4021//4709
f 3710//4420 3674//4505 4019//4708
f 3676//4233 3673//4391 3674//4505
f 4021//4709 3674//4505 3684//4298
f 3674//4505 3710//4420 3675//4393
f 3677//4234 3675//4393 3710//4420
f 4019//4708 3707//4418 3710//4420
f 3678//4394 3681//4398 4018//4702
f 3672//4392 3682//4397 3684//4298
f 3674//4505 3675//4393 3676//4233
f 3600//4324 3594//4320 4022//4352
f 3588//4313 3600//4324 4024//2663
f 4022//4352 4024//2663 3600//4324
f 4023//4710 3594//4320 3596//4319
f 3592//4316 3590//4291 3596//4319
f 3598//4323 3591//4317 3595//4318
f 4023//4710 4022//4352 3594//4320
f 3590//4291 4025//4711 3596//4319
f 4025//4711 3590//4291 3589//4315
f 3595//4318 3597//4321 3598//4323
f 3596//4319 3591//4317 3592//4316
f 3588//4313 4024//2663 4025//4711
f 3589//4315 3588//4313 4025//4711
f 3591//4317 3596//4319 3595//4318
f 3576//4299 3580//4302 4029//4712
f 4026//4284 4029//4712 3580//4302
f 4026//4284 3580//4302 3573//4295
f 4027//4370 3573//4295 3578//4301
f 3583//4309 3585//4311 3575//4297
f 4027//4370 4026//4284 3573//4295
f 3582//4306 4028//4364 3578//4301
f 4028//4364 3582//4306 3581//4305
f 3575//4297 3574//4296 3583//4309
f 3578//4301 3585//4311 3582//4306
f 3581//4305 3576//4299 4028//4364
f 3585//4311 3578//4301 3575//4297
f 4029//4712 4028//4364 3576//4299
f 3550//4268 3544//4260 4030//3447
f 3544//4260 4031//4713 4030//3447
f 4031//4713 3544//4260 3539//4259
f 3538//4257 4031//4713 3539//4259
f 3552//4270 3550//4268 4030//3447
f 3552//4270 3538//4257 3545//4245
f 3569//4289 3568//4285 4032//4714
f 3587//2196 4034//4715 4033//4716
f 4032//4714 4034//4715 3569//4289
f 4033//4716 3773//4308 3587//2196
f 4034//4715 3587//2196 3569//4289
f 3774//4472 3773//4308 4036//2662
f 4035//4717 4032//4714 3567//3345
f 4033//4716 4036//2662 3773//4308
f 4032//4714 3568//4285 3567//3345
f 4035//4717 3567//3345 3771//4470
f 3771//4470 4036//2662 4035//4717
f 4036//2662 3771//4470 3774//4472
f 4038//4718 4037//4719 3565//4288
f 3565//4288 3564//4284 4038//4718
f 4037//4719 4040//4256 3770//4469
f 3772//4468 3770//4469 4040//4256
f 4039//4720 4038//4718 3564//4284
f 4040//4256 4039//4720 3772//4468
f 4037//4719 3566//4287 3565//4288
f 4039//4720 3769//4281 3772//4468
f 3770//4469 3566//4287 4037//4719
f 3564//4284 3769//4281 4039//4720
usemtl 0.325490_0.329412_0.345098_0.000000_0.000000
f 3012//3718 3011//3720 3046//3722
f 3011//3720 3041//3723 3046//3722
f 3040//3721 3041//3723 3011//3720
f 3041//3723 3040//3721 3042//3724
f 3042//3724 3043//3725 3041//3723
f 3046//3722 3045//3726 3047//3719
f 3012//3718 3046//3722 3047//3719
f 3045//3726 3046//3722 3044//3727
f 3042//3724 3048//3728 3049//3729
f 3048//3728 3050//3730 3049//3729
f 3049//3729 3043//3725 3042//3724
f 3050//3730 3048//3728 3051//3731
f 3051//3731 3052//3732 3050//3730
f 3045//3726 3055//3733 3056//3734
f 3056//3734 3054//3735 3045//3726
f 3045//3726 3044//3727 3055//3733
f 3056//3734 3058//3736 3054//3735
f 3058//3736 3053//3737 3054//3735
f 3053//3737 3058//3736 3057//3738
f 3278//4044 3057//3738 3264//4045
f 3278//4044 3053//3737 3057//3738
f 3264//4045 3316//4046 3277//4047
f 3265//4048 3277//4047 3316//4046
f 3052//3732 3278//4044 3266//4049
f 3316//4046 3267//4050 3265//4048
f 3268//4051 3317//4052 3316//4046
f 3264//4045 3057//3738 3269//4053
f 3268//4051 3270//4054 3271//4055
f 3053//3737 3278//4044 3052//3732
f 3266//4049 3272//4056 3052//3732
f 3316//4046 3264//4045 3268//4051
f 3269//4053 3273//4057 3264//4045
f 3317//4052 3268//4051 3274//4058
f 3271//4055 3274//4058 3268//4051
f 3264//4045 3277//4047 3278//4044
f 3052//3732 3051//3731 3053//3737
f 3274//4058 3324//4059 3317//4052
f 3277//4047 3276//4060 3278//4044
f 3276//4060 3277//4047 3275//4061
f 3279//4062 3280//4063 3281//4064
f 3280//4063 3285//4065 3281//4064
f 3275//4061 3279//4062 3282//4066
f 3282//4066 3276//4060 3275//4061
f 3281//4064 3282//4066 3279//4062
f 3280//4063 3284//4067 3285//4065
f 3284//4067 3280//4063 3283//4068
f 3288//4069 3284//4067 3283//4068
f 3283//4068 3289//4070 3288//4069
f 3286//4071 3287//4072 3288//4069
f 3288//4069 3289//4070 3286//4071
f 3290//4073 3287//4072 3286//4071
f 3291//4074 3292//4075 3290//4073
f 3290//4073 3293//4076 3291//4074
f 3295//4077 3294//4078 3292//4075
f 3292//4075 3291//4074 3295//4077
f 3286//4071 3293//4076 3290//4073
f 3295//4077 3264//4045 3294//4078
f 3264//4045 3295//4077 3268//4051
f 3266//4049 3296//4079 3272//4056
f 3297//4079 3272//4056 3296//4079
f 3298//4080 3299//4080 3273//4057
f 3273//4057 3269//4053 3298//4080
f 3300//4081 3299//4080 3301//126
f 3300//4081 3302//126 3303//4081
f 3299//4080 3298//4080 3301//126
f 3301//126 3302//126 3300//4081
f 3304//4082 3305//4083 3306//4084
f 3304//4082 3306//4084 3300//4081
f 3300//4081 3303//4081 3304//4082
f 3307//4085 3305//4083 3304//4082
f 3304//4082 3308//4086 3307//4085
f 3307//4085 3308//4086 3309//4087
f 3307//4085 3309//4087 3310//4088
f 3310//4088 3311//4088 3307//4085
f 3297//4079 3312//1166 3313//1166
f 3313//1166 3311//4088 3310//4088
f 3313//1166 3310//4088 3297//4079
f 3296//4079 3312//1166 3297//4079
f 3314//4089 3315//4090 3316//4046
f 3316//4046 3317//4052 3314//4089
f 3318//4091 3319//4092 3320//4093
f 3320//4093 3314//4089 3318//4091
f 3320//4093 3315//4090 3314//4089
f 3321//4094 3322//4095 3319//4092
f 3319//4092 3318//4091 3321//4094
f 3321//4094 3323//4096 3328//4097
f 3328//4097 3322//4095 3321//4094
f 3323//4096 3318//4091 3314//4089
f 3318//4091 3323//4096 3321//4094
f 3323//4096 3324//4059 3325//4098
f 3314//4089 3324//4059 3323//4096
f 3325//4098 3326//4099 3323//4096
f 3317//4052 3324//4059 3314//4089
f 3323//4096 3327//4100 3328//4097
f 3327//4100 3323//4096 3326//4099
f 3326//4099 3325//4098 3329//4101
f 3325//4098 3330//4102 3329//4101
f 3329//4101 3327//4100 3326//4099
f 3325//4098 3274//4058 3330//4102
f 3274//4058 3325//4098 3324//4059
f 3331//4079 3332//4079 3265//4048
f 3265//4048 3267//4050 3331//4079
f 3333//4088 3334//4088 3332//4079
f 3332//4079 3331//4079 3333//4088
f 3335//4087 3334//4088 3333//4088
f 3333//4088 3336//4087 3335//4087
f 3337//4085 3335//4087 3336//4087
f 3336//4087 3338//4085 3337//4085
f 3338//4085 3342//4082 3341//4082
f 3341//4082 3337//4085 3338//4085
f 3339//4084 3340//4084 3341//4082
f 3341//4082 3342//4082 3339//4084
f 3343//126 3344//126 3345//126
f 3346//126 3345//126 3344//126
f 3339//126 3346//126 3347//126
f 3344//126 3347//126 3346//126
f 3345//126 3348//126 3343//126
f 3347//126 3340//126 3339//126
f 3343//4103 3348//4103 3271//4055
f 3271//4055 3270//4054 3343//4103
f 3307//1873 3350//1873 3349//4104
f 3284//4067 3364//4105 3351//1873
f 3352//4106 3364//4105 3349//4104
f 3352//4106 3351//1873 3364//4105
f 3284//4067 3353//1873 3350//1873
f 3350//1873 3307//1873 3284//4067
f 3299//1873 3300//1873 3362//4107
f 3362//4107 3356//1873 3355//4108
f 3362//4107 3387//1873 3356//1873
f 3357//1873 3273//4057 3299//1873
f 3358//1873 3299//1873 3355//4108
f 3359//1873 3358//1873 3355//4108
f 3359//1873 3355//4108 3354//4109
f 3358//1873 3357//1873 3299//1873
f 3300//1873 3360//1873 3362//4107
f 3361//1873 3300//1873 3306//1873
f 3361//1873 3360//1873 3300//1873
f 3349//4104 3365//4110 3367//1873
f 3363//1873 3306//1873 3305//1873
f 3305//1873 3367//1873 3363//1873
f 3305//1873 3349//4104 3367//1873
f 3365//4110 3349//4104 3364//4105
f 3306//1873 3366//1873 3364//4105
f 3306//1873 3363//1873 3366//1873
f 3266//4049 3278//4044 3276//1873
f 3312//1873 3296//1873 3370//1873
f 3368//1873 3266//4049 3276//1873
f 3282//1873 3312//1873 3369//1873
f 3369//1873 3371//1873 3282//1873
f 3370//1873 3369//1873 3312//1873
f 3296//1873 3372//1873 3370//1873
f 3296//1873 3266//4049 3372//1873
f 3276//1873 3371//1873 3368//1873
f 3276//1873 3282//1873 3371//1873
f 3368//1873 3372//1873 3266//4049
f 3373//1873 3282//1873 3281//1873
f 3313//1873 3312//1873 3375//1873
f 3281//1873 3313//1873 3377//1873
f 3374//1873 3376//1873 3282//1873
f 3373//1873 3374//1873 3282//1873
f 3376//1873 3375//1873 3312//1873
f 3378//1873 3377//1873 3313//1873
f 3281//1873 3377//1873 3373//1873
f 3375//1873 3378//1873 3313//1873
f 3284//4067 3307//1873 3379//1873
f 3380//1873 3379//1873 3307//1873
f 3380//1873 3307//1873 3311//1873
f 3285//4065 3284//4067 3382//1873
f 3311//1873 3383//1873 3380//1873
f 3379//1873 3382//1873 3284//4067
f 3311//1873 3313//1873 3383//1873
f 3382//1873 3381//1873 3281//1873
f 3382//1873 3281//1873 3285//4065
f 3313//1873 3381//1873 3383//1873
f 3306//1873 3288//1873 3384//1873
f 3288//1873 3306//1873 3364//4105
f 3288//1873 3385//1873 3384//1873
f 3290//1873 3386//4111 3385//1873
f 3385//1873 3288//1873 3287//1873
f 3290//1873 3362//4107 3386//4111
f 3385//1873 3287//1873 3290//1873
f 3384//1873 3361//1873 3306//1873
f 3290//1873 3388//1873 3387//1873
f 3387//1873 3362//4107 3290//1873
f 3290//1873 3292//1873 3388//1873
f 3389//1873 3388//1873 3292//1873
f 3354//4109 3389//1873 3292//1873
f 3273//4057 3392//1873 3294//1873
f 3292//1873 3294//1873 3392//1873
f 3392//1873 3390//1873 3292//1873
f 3273//4057 3294//1873 3264//4045
f 3273//4057 3391//1873 3392//1873
f 3292//1873 3390//1873 3359//1873
f 3359//1873 3354//4109 3292//1873
f 3284//4067 3288//1873 3364//4105
f 3381//1873 3313//1873 3281//1873
f 3376//1873 3312//1873 3282//1873
f 3305//1873 3307//1873 3349//4104
f 3357//1873 3391//1873 3273//4057
f 3362//4107 3355//4108 3299//1873
f 3351//1873 3353//1873 3284//4067
f 3419//4112 3395//4113 3394//1345
f 3419//4112 3393//4114 3395//4113
f 3394//1345 3046//3722 3419//4112
f 3304//1345 3396//1345 3397//1345
f 3304//1345 3046//3722 3396//1345
f 3046//3722 3394//1345 3396//1345
f 3297//1345 3310//1345 3398//4115
f 3414//4116 3399//1345 3410//1345
f 3398//4115 3399//1345 3414//4116
f 3269//4053 3057//3738 3058//1345
f 3301//1345 3056//1345 3402//1345
f 3056//1345 3055//1345 3403//1345
f 3056//1345 3404//1345 3402//1345
f 3055//1345 3405//1345 3403//1345
f 3401//1345 3405//1345 3302//1345
f 3301//1345 3402//1345 3401//1345
f 3401//1345 3302//1345 3301//1345
f 3403//1345 3404//1345 3056//1345
f 3041//1345 3407//1345 3406//1345
f 3419//4112 3046//3722 3041//1345
f 3041//1345 3309//1345 3419//4112
f 3041//1345 3043//1345 3407//1345
f 3043//1345 3408//1345 3407//1345
f 3043//1345 3049//1345 3408//1345
f 3406//1345 3309//1345 3041//1345
f 3417//1345 3049//1345 3400//4117
f 3417//1345 3408//1345 3049//1345
f 3049//1345 3409//1345 3400//4117
f 3410//1345 3409//1345 3049//1345
f 3410//1345 3049//1345 3414//4116
f 3272//4056 3050//1345 3052//3732
f 3411//1345 3049//1345 3050//1345
f 3050//1345 3272//4056 3411//1345
f 3411//1345 3412//4118 3049//1345
f 3414//4116 3049//1345 3412//4118
f 3413//1345 3411//1345 3272//4056
f 3272//4056 3297//1345 3415//1345
f 3297//1345 3414//4116 3415//1345
f 3415//1345 3413//1345 3272//4056
f 3310//1345 3309//1345 3416//1345
f 3309//1345 3406//1345 3416//1345
f 3310//1345 3416//1345 3418//1345
f 3417//1345 3400//4117 3398//4115
f 3418//1345 3398//4115 3310//1345
f 3418//1345 3417//1345 3398//4115
f 3393//4114 3423//1345 3420//1345
f 3393//4114 3419//4112 3421//4119
f 3309//1345 3422//1345 3419//4112
f 3393//4114 3421//4119 3423//1345
f 3309//1345 3308//1345 3422//1345
f 3420//1345 3422//1345 3308//1345
f 3302//1345 3055//1345 3424//1345
f 3303//1345 3302//1345 3425//1345
f 3055//1345 3044//3727 3426//1345
f 3426//1345 3424//1345 3055//1345
f 3428//1345 3426//1345 3044//3727
f 3424//1345 3425//1345 3302//1345
f 3044//3727 3046//3722 3428//1345
f 3304//1345 3303//1345 3427//1345
f 3304//1345 3427//1345 3428//1345
f 3428//1345 3046//3722 3304//1345
f 3425//1345 3427//1345 3303//1345
f 3429//1345 3269//4053 3058//1345
f 3298//1345 3269//4053 3431//1345
f 3298//1345 3430//1345 3432//1345
f 3056//1345 3434//1345 3433//1345
f 3429//1345 3431//1345 3269//4053
f 3058//1345 3433//1345 3429//1345
f 3432//1345 3301//1345 3298//1345
f 3433//1345 3058//1345 3056//1345
f 3301//1345 3432//1345 3434//1345
f 3431//1345 3430//1345 3298//1345
f 3434//1345 3056//1345 3301//1345
f 3308//1345 3304//1345 3393//4114
f 3420//1345 3308//1345 3393//4114
f 3405//1345 3055//1345 3302//1345
f 3398//4115 3414//4116 3297//1345
f 3397//1345 3393//4114 3304//1345
f 3380//4120 3383//4121 3416//4122
f 3379//4123 3380//4120 3416//4122
f 3382//4124 3379//4123 3407//4125
f 3381//4126 3382//4124 3408//4127
f 3383//4121 3381//4126 3417//4128
f 3418//4129 3416//4122 3383//4121
f 3417//4128 3418//4129 3383//4121
f 3408//4127 3417//4128 3381//4126
f 3407//4125 3408//4127 3382//4124
f 3406//4130 3407//4125 3379//4123
f 3416//4122 3406//4130 3379//4123
f 3370//4120 3372//4131 3414//4116
f 3369//4132 3370//4120 3414//4116
f 3371//4133 3369//4132 3412//4118
f 3368//4134 3371//4133 3413//4135
f 3372//4131 3368//4134 3415//4136
f 3415//4136 3414//4116 3372//4131
f 3413//4135 3415//4136 3368//4134
f 3411//4137 3413//4135 3371//4133
f 3412//4118 3411//4137 3371//4133
f 3414//4116 3412//4118 3369//4132
f 3390//4138 3392//4139 3433//4140
f 3359//4141 3390//4138 3434//4142
f 3358//4143 3359//4141 3432//4144
f 3357//4145 3358//4143 3430//4146
f 3392//4139 3391//4147 3429//4148
f 3429//4148 3433//4140 3392//4139
f 3431//4149 3429//4148 3391//4147
f 3391//4147 3357//4145 3431//4149
f 3430//4146 3431//4149 3357//4145
f 3432//4144 3430//4146 3358//4143
f 3434//4142 3432//4144 3359//4141
f 3433//4140 3434//4142 3390//4138
f 3349//4104 3350//4150 3420//4151
f 3352//4106 3349//4104 3423//4152
f 3351//4153 3352//4106 3421//4119
f 3353//4154 3351//4153 3419//4112
f 3350//4150 3353//4154 3422//4155
f 3419//4112 3422//4155 3353//4154
f 3421//4119 3419//4112 3351//4153
f 3423//4152 3421//4119 3352//4106
f 3420//4151 3423//4152 3349//4104
f 3422//4155 3420//4151 3350//4150
f 3367//4156 3365//4110 3393//4114
f 3363//4157 3367//4156 3397//4152
f 3366//4153 3363//4157 3396//4158
f 3364//4105 3366//4153 3394//4159
f 3365//4110 3364//4105 3395//4113
f 3394//4159 3395//4113 3364//4105
f 3396//4158 3394//4159 3366//4153
f 3397//4152 3396//4158 3363//4157
f 3393//4114 3397//4152 3367//4156
f 3395//4113 3393//4114 3365//4110
f 3387//4160 3388//4161 3405//4162
f 3356//4163 3387//4160 3401//4164
f 3355//4108 3356//4163 3401//4164
f 3354//4109 3355//4108 3402//4165
f 3389//4166 3354//4109 3404//4167
f 3388//4161 3389//4166 3403//4168
f 3404//4167 3403//4168 3389//4166
f 3402//4165 3404//4167 3354//4109
f 3401//4164 3402//4165 3355//4108
f 3405//4162 3401//4164 3387//4160
f 3403//4168 3405//4162 3388//4161
f 3378//4169 3375//4170 3398//4115
f 3377//4171 3378//4169 3400//4117
f 3373//4172 3377//4171 3409//4173
f 3374//4174 3373//4172 3409//4173
f 3376//4175 3374//4174 3410//4176
f 3375//4170 3376//4175 3399//4177
f 3399//4177 3398//4115 3375//4170
f 3410//4176 3399//4177 3376//4175
f 3409//4173 3410//4176 3374//4174
f 3400//4117 3409//4173 3377//4171
f 3398//4115 3400//4117 3378//4169
f 3384//4178 3385//4179 3426//4180
f 3361//4181 3384//4178 3428//4182
f 3360//4183 3361//4181 3427//4184
f 3362//4107 3360//4183 3425//4185
f 3385//4179 3386//4111 3424//4186
f 3424//4186 3426//4180 3385//4179
f 3386//4111 3362//4107 3424//4186
f 3425//4185 3424//4186 3362//4107
f 3427//4184 3425//4185 3360//4183
f 3428//4182 3427//4184 3361//4181
f 3426//4180 3428//4182 3384//4178
f 3341//1345 3289//4070 3438//1345
f 3435//1345 3289//4070 3450//4112
f 3436//4113 3435//1345 3450//4112
f 3435//1345 3438//1345 3289//4070
f 3450//4112 3439//4114 3436//4113
f 3438//1345 3437//1345 3341//1345
f 3332//1345 3334//1345 3442//4187
f 3476//1345 3440//1345 3441//1345
f 3441//1345 3446//1345 3476//1345
f 3476//1345 3442//4187 3440//1345
f 3332//1345 3476//1345 3444//1345
f 3265//4048 3332//1345 3445//1345
f 3332//1345 3444//1345 3445//1345
f 3445//1345 3475//1345 3265//4048
f 3446//1345 3444//1345 3476//1345
f 3334//1345 3335//1345 3447//1345
f 3442//4187 3448//1345 3449//1345
f 3334//1345 3447//1345 3448//1345
f 3335//1345 3471//1345 3447//1345
f 3448//1345 3442//4187 3334//1345
f 3335//1345 3453//1345 3450//4112
f 3439//4114 3451//1345 3452//1345
f 3335//1345 3337//1345 3453//1345
f 3439//4114 3454//4119 3451//1345
f 3439//4114 3450//4112 3454//4119
f 3452//1345 3453//1345 3337//1345
f 3270//4054 3268//4051 3295//1345
f 3455//1345 3270//4054 3295//1345
f 3344//1345 3458//1345 3457//1345
f 3343//1345 3459//1345 3458//1345
f 3458//1345 3344//1345 3343//1345
f 3343//1345 3455//1345 3459//1345
f 3343//1345 3270//4054 3455//1345
f 3295//1345 3456//1345 3455//1345
f 3457//1345 3456//1345 3291//1345
f 3456//1345 3295//1345 3291//1345
f 3344//1345 3291//1345 3460//1345
f 3291//1345 3293//1345 3461//1345
f 3293//1345 3462//1345 3461//1345
f 3344//1345 3460//1345 3464//1345
f 3461//1345 3460//1345 3291//1345
f 3463//1345 3347//1345 3344//1345
f 3463//1345 3465//1345 3347//1345
f 3464//1345 3463//1345 3344//1345
f 3465//1345 3462//1345 3293//1345
f 3341//1345 3340//1345 3466//1345
f 3340//1345 3347//1345 3468//1345
f 3293//1345 3467//1345 3469//1345
f 3293//1345 3286//4071 3467//1345
f 3470//1345 3467//1345 3286//4071
f 3347//1345 3293//1345 3469//1345
f 3468//1345 3466//1345 3340//1345
f 3286//4071 3289//4070 3470//1345
f 3469//1345 3468//1345 3347//1345
f 3470//1345 3289//4070 3341//1345
f 3283//1345 3280//1345 3471//1345
f 3450//4112 3289//4070 3283//1345
f 3280//1345 3472//1345 3471//1345
f 3280//1345 3449//1345 3472//1345
f 3283//1345 3335//1345 3450//4112
f 3449//1345 3280//1345 3442//4187
f 3471//1345 3335//1345 3283//1345
f 3442//4187 3280//1345 3443//4188
f 3441//1345 3279//1345 3446//1345
f 3280//1345 3473//1345 3443//4188
f 3280//1345 3279//1345 3473//1345
f 3441//1345 3473//1345 3279//1345
f 3265//4048 3275//1345 3277//4047
f 3474//1345 3279//1345 3275//1345
f 3275//1345 3265//4048 3474//1345
f 3474//1345 3446//1345 3279//1345
f 3475//1345 3474//1345 3265//4048
f 3466//1345 3470//1345 3341//1345
f 3465//1345 3293//1345 3347//1345
f 3457//1345 3291//1345 3344//1345
f 3337//1345 3341//1345 3439//4114
f 3452//1345 3337//1345 3439//4114
f 3442//4187 3476//1345 3332//1345
f 3437//1345 3439//4114 3341//1345
f 3331//1873 3512//4189 3517//1873
f 3328//4097 3478//1873 3480//1873
f 3477//4110 3507//4104 3481//4105
f 3478//1873 3328//4097 3342//1873
f 3477//4110 3479//1873 3507//4104
f 3479//1873 3342//1873 3507//4104
f 3479//1873 3478//1873 3342//1873
f 3517//1873 3512//4189 3485//1873
f 3517//1873 3484//1873 3483//1873
f 3517//1873 3485//1873 3484//1873
f 3483//1873 3489//1873 3517//1873
f 3482//1873 3485//1873 3512//4189
f 3486//1873 3482//1873 3320//1873
f 3319//1873 3483//1873 3486//1873
f 3512//4189 3320//1873 3482//1873
f 3483//1873 3319//1873 3489//1873
f 3486//1873 3320//1873 3319//1873
f 3487//1873 3319//1873 3322//1873
f 3481//4105 3336//1873 3322//1873
f 3322//1873 3336//1873 3488//1873
f 3322//1873 3488//1873 3487//1873
f 3322//1873 3328//4097 3481//4105
f 3319//1873 3487//1873 3489//1873
f 3345//1873 3346//1873 3492//1873
f 3346//1873 3327//4100 3490//1873
f 3329//1873 3493//1873 3491//1873
f 3346//1873 3490//1873 3494//1873
f 3491//1873 3327//4100 3329//1873
f 3492//1873 3493//1873 3345//1873
f 3491//1873 3490//1873 3327//4100
f 3494//1873 3492//1873 3346//1873
f 3330//1873 3274//4058 3271//4055
f 3348//1873 3345//1873 3496//1873
f 3345//1873 3329//1873 3497//1873
f 3330//1873 3271//4055 3495//1873
f 3345//1873 3497//1873 3496//1873
f 3329//1873 3330//1873 3498//1873
f 3329//1873 3498//1873 3497//1873
f 3330//1873 3495//1873 3498//1873
f 3348//1873 3496//1873 3499//1873
f 3499//1873 3271//4055 3348//1873
f 3342//1873 3328//4097 3502//1873
f 3500//1873 3346//1873 3339//1873
f 3342//1873 3502//1873 3501//1873
f 3327//4100 3504//1873 3503//1873
f 3339//1873 3501//1873 3500//1873
f 3501//1873 3339//1873 3342//1873
f 3328//4097 3503//1873 3502//1873
f 3503//1873 3328//4097 3327//4100
f 3346//1873 3500//1873 3504//1873
f 3507//4104 3342//1873 3338//1873
f 3481//4105 3505//1873 3506//1873
f 3338//1873 3508//1873 3507//4104
f 3509//4106 3481//4105 3507//4104
f 3509//4106 3505//1873 3481//4105
f 3508//1873 3338//1873 3336//1873
f 3506//1873 3508//1873 3336//1873
f 3333//1873 3511//1873 3510//1873
f 3510//1873 3336//1873 3333//1873
f 3333//1873 3517//1873 3511//1873
f 3510//1873 3488//1873 3336//1873
f 3489//1873 3511//1873 3517//1873
f 3331//1873 3513//1873 3512//4189
f 3267//4050 3516//1873 3513//1873
f 3513//1873 3331//1873 3267//4050
f 3516//1873 3267//4050 3315//1873
f 3316//4046 3315//1873 3267//4050
f 3514//1873 3516//1873 3315//1873
f 3515//4190 3514//1873 3320//1873
f 3515//4190 3320//1873 3512//4189
f 3514//1873 3315//1873 3320//1873
f 3506//1873 3336//1873 3481//4105
f 3504//1873 3327//4100 3346//1873
f 3499//1873 3495//1873 3271//4055
f 3493//1873 3329//1873 3345//1873
f 3480//1873 3481//4105 3328//4097
f 3517//1873 3333//1873 3331//1873
f 3510//4191 3511//4192 3447//4193
f 3488//4194 3510//4191 3447//4193
f 3487//4195 3488//4194 3471//4196
f 3489//4197 3487//4195 3472//4198
f 3511//4192 3489//4197 3449//4199
f 3448//4200 3447//4193 3511//4192
f 3449//4199 3448//4200 3511//4192
f 3472//4198 3449//4199 3489//4197
f 3471//4196 3472//4198 3487//4195
f 3447//4193 3471//4196 3488//4194
f 3512//4189 3513//4192 3444//4193
f 3515//4190 3512//4189 3444//4193
f 3514//4195 3515//4190 3446//4196
f 3516//4197 3514//4195 3474//4198
f 3513//4192 3516//4197 3475//4199
f 3445//4200 3444//4193 3513//4192
f 3475//4199 3445//4200 3513//4192
f 3474//4198 3475//4199 3516//4197
f 3446//4196 3474//4198 3514//4195
f 3444//4193 3446//4196 3515//4190
f 3497//4156 3498//4150 3457//4151
f 3496//4157 3497//4156 3458//4152
f 3499//4153 3496//4157 3459//4158
f 3495//4154 3499//4153 3455//4159
f 3498//4150 3495//4154 3456//4155
f 3455//4159 3456//4155 3495//4154
f 3459//4158 3455//4159 3499//4153
f 3458//4152 3459//4158 3496//4157
f 3457//4151 3458//4152 3497//4156
f 3456//4155 3457//4151 3498//4150
f 3507//4104 3508//4150 3452//4151
f 3509//4106 3507//4104 3451//4152
f 3505//4153 3509//4106 3454//4119
f 3506//4154 3505//4153 3450//4112
f 3508//4150 3506//4154 3453//4155
f 3450//4112 3453//4155 3506//4154
f 3454//4119 3450//4112 3505//4153
f 3451//4152 3454//4119 3509//4106
f 3452//4151 3451//4152 3507//4104
f 3453//4155 3452//4151 3508//4150
f 3479//4156 3477//4110 3439//4114
f 3478//4157 3479//4156 3437//4152
f 3480//4153 3478//4157 3438//4158
f 3481//4105 3480//4153 3435//4159
f 3477//4110 3481//4105 3436//4113
f 3435//4159 3436//4113 3481//4105
f 3438//4158 3435//4159 3480//4153
f 3437//4152 3438//4158 3478//4157
f 3439//4114 3437//4152 3479//4156
f 3436//4113 3439//4114 3477//4110
f 3490//4201 3491//4202 3462//4203
f 3494//4204 3490//4201 3465//4205
f 3492//4206 3494//4204 3463//4207
f 3493//4208 3492//4206 3464//4209
f 3491//4202 3493//4208 3461//4210
f 3460//4211 3461//4210 3493//4208
f 3464//4209 3460//4211 3493//4208
f 3463//4207 3464//4209 3492//4206
f 3465//4205 3463//4207 3494//4204
f 3462//4203 3465//4205 3490//4201
f 3461//4210 3462//4203 3491//4202
f 3484//4212 3485//4213 3442//4187
f 3483//4214 3484//4212 3443//4188
f 3486//4215 3483//4214 3473//4216
f 3482//4217 3486//4215 3441//4218
f 3485//4213 3482//4217 3440//4219
f 3440//4219 3442//4187 3485//4213
f 3441//4218 3440//4219 3482//4217
f 3473//4216 3441//4218 3486//4215
f 3443//4188 3473//4216 3483//4214
f 3442//4187 3443//4188 3484//4212
f 3502//4156 3503//4150 3470//4151
f 3501//4220 3502//4156 3466//4221
f 3500//4222 3501//4220 3468//4223
f 3504//4224 3500//4222 3469//4225
f 3503//4150 3504//4224 3467//4226
f 3469//4225 3467//4226 3504//4224
f 3468//4223 3469//4225 3500//4222
f 3466//4221 3468//4223 3501//4220
f 3470//4151 3466//4221 3502//4156
f 3467//4226 3470//4151 3503//4150
usemtl 0.980392_0.713725_0.003922_0.000000_0.006
f 3616//4339 3615//4338 3618//4341
f 3869//4569 3870//4565 3874//4570
f 3865//4561 3864//4560 3873//4568
f 3982//1345 3981//1345 3985//1345
f 3983//1345 3982//1345 3986//1345
f 3981//1345 3987//1345 3985//1345
f 3978//1345 3989//1345 3988//1345
f 3985//1345 3986//1345 3982//1345
f 3989//1345 3978//1345 3977//1345
f 3981//1345 3980//1345 3987//1345
f 3979//1345 3988//1345 3987//1345
f 3976//1345 3975//1345 3989//1345
f 3988//1345 3979//1345 3978//1345
f 3977//1345 3976//1345 3989//1345
f 3975//1345 3984//1345 3990//1345
f 3986//1345 3990//1345 3984//1345
f 3984//1345 3983//1345 3986//1345
f 3987//1345 3980//1345 3979//1345
f 3990//1345 3989//1345 3975//1345
f 4041//4721 4042//1345 4046//4722
f 4042//1345 4043//1345 4046//4722
f 4043//1345 4044//1345 4046//4722
f 4044//1345 4045//4723 4046//4722
f 4048//4724 4047//4725 4044//4726
f 4049//4727 4048//4724 4043//4728
f 4050//4729 4049//4727 4042//4730
f 4051//4731 4050//4729 4041//4721
f 4052//4732 4051//4731 4046//4722
f 4047//4725 4052//4732 4045//4723
f 4045//4723 4044//4726 4047//4725
f 4046//4722 4045//4723 4052//4732
f 4041//4721 4046//4722 4051//4731
f 4042//4730 4041//4721 4050//4729
f 4043//4728 4042//4730 4049//4727
f 4044//4726 4043//4728 4048//4724
f 4050//4729 4051//1873 4049//4727
f 4051//1873 4052//1873 4049//4727
f 4052//1873 4047//1873 4049//4727
f 4047//1873 4048//4724 4049//4727
f 4053//1873 4054//1873 4056//4733
f 4054//1873 4055//4734 4056//4733
f 4057//4735 4058//1873 4056//4733
f 4058//1873 4053//1873 4056//4733
f 4054//4736 4053//4737 4060//4738
f 4055//4734 4054//4736 4061//4739
f 4056//4733 4055//4734 4062//4740
f 4057//4735 4056//4733 4063//4741
f 4058//4742 4057//4735 4064//4743
f 4053//4737 4058//4742 4059//4744
f 4064//4743 4059//4744 4058//4742
f 4063//4741 4064//4743 4057//4735
f 4062//4740 4063//4741 4056//4733
f 4061//4739 4062//4740 4055//4734
f 4060//4738 4061//4739 4054//4736
f 4059//4744 4060//4738 4053//4737
f 4059//1345 4064//1345 4062//4740
f 4064//1345 4063//4741 4062//4740
f 4061//4739 4060//1345 4062//4740
f 4060//1345 4059//1345 4062//4740
f 4065//4745 4066//4746 4067//4747
f 4068//4748 4067//4747 4069//4749
f 4070//4750 4069//4749 4071//4751
f 4072//4752 4071//4751 4073//4753
f 4074//4754 4073//4753 4075//4755
f 4074//4754 4075//4755 4076//4756
f 4078//4757 4077//4758 4076//4756
f 4078//4757 4076//4756 4079//4759
f 4065//4745 4079//4759 4066//4746
f 4079//4759 4065//4745 4078//4757
f 4076//4756 4077//4758 4074//4754
f 4073//4753 4074//4754 4072//4752
f 4071//4751 4072//4752 4070//4750
f 4069//4749 4070//4750 4068//4748
f 4067//4747 4068//4748 4065//4745
f 4080//4760 4081//4761 4067//4747
f 4081//4761 4082//4762 4067//4747
f 4082//4762 4083//4763 4069//4749
f 4083//4763 4084//4764 4069//4749
f 4084//4764 4085//4765 4071//4751
f 4085//4765 4086//4766 4073//4753
f 4086//4766 4087//4767 4073//4753
f 4087//4767 4088//4768 4075//4755
f 4088//4768 4089//4769 4076//4756
f 4089//4769 4090//4770 4079//4759
f 4090//4770 4091//4771 4079//4759
f 4091//4771 4092//4772 4079//4759
f 4092//4772 4080//4760 4066//4746
f 4066//4746 4079//4759 4092//4772
f 4079//4759 4076//4756 4089//4769
f 4076//4756 4075//4755 4088//4768
f 4075//4755 4073//4753 4087//4767
f 4073//4753 4071//4751 4085//4765
f 4071//4751 4069//4749 4084//4764
f 4069//4749 4067//4747 4082//4762
f 4067//4747 4066//4746 4080//4760
f 4081//1345 4080//4234 4068//3348
f 4090//3292 4089//2268 4078//2268
f 4088//2200 4087//1345 4074//4773
f 4086//1345 4085//4301 4072//4774
f 4084//1345 4083//2206 4070//2856
f 4083//2206 4082//1345 4070//2856
f 4080//4234 4092//2663 4065//3349
f 4091//1345 4090//3292 4078//2268
f 4077//4775 4078//2268 4089//2268
f 4089//2268 4088//2200 4077//4775
f 4074//4773 4077//4775 4088//2200
f 4087//1345 4086//1345 4074//4773
f 4085//4301 4084//1345 4072//4774
f 4082//1345 4081//1345 4068//3348
f 4092//2663 4091//1345 4065//3349
f 4072//4774 4074//4773 4086//1345
f 4078//2268 4065//3349 4091//1345
f 4070//2856 4072//4774 4084//1345
f 4068//3348 4070//2856 4082//1345
f 4065//3349 4068//3348 4080//4234
f 4093//4413 4094//4776 4095//1345
f 4096//3349 4097//2201 4098//1345
f 4096//3349 4099//4234 4097//2201
f 4103//4777 4104//4777 4094//4776
f 4105//2206 4106//2206 4107//1345
f 4108//1345 4098//1345 4106//2206
f 4099//4234 4096//3349 4100//4234
f 4099//4234 4100//4234 4101//3292
f 4101//3292 4109//3292 4099//4234
f 4095//1345 4102//2206 4093//4413
f 4110//2206 4107//1345 4104//4777
f 4101//3292 4095//1345 4109//3292
f 4104//4777 4103//4777 4110//2206
f 4107//1345 4110//2206 4105//2206
f 4098//1345 4108//1345 4096//3349
f 4095//1345 4101//3292 4102//2206
f 4094//4776 4093//4413 4103//4777
f 4106//2206 4105//2206 4108//1345
f 4093//4778 4102//4779 4112//4780
f 4101//4781 4114//4782 4113//4783
f 4113//4783 4102//4779 4101//4781
f 4101//4781 4100//4784 4115//4785
f 4100//4784 4096//4786 4116//4787
f 4096//4786 4108//4788 4117//4789
f 4108//4788 4105//4790 4117//4789
f 4105//4790 4110//4791 4118//4792
f 4110//4791 4103//4793 4119//4794
f 4103//4793 4093//4778 4111//4795
f 4111//4795 4119//4794 4103//4793
f 4119//4794 4118//4792 4110//4791
f 4118//4792 4117//4789 4105//4790
f 4117//4789 4116//4787 4096//4786
f 4116//4787 4115//4785 4100//4784
f 4115//4785 4114//4782 4101//4781
f 4113//4783 4112//4780 4102//4779
f 4112//4780 4111//4795 4093//4778
f 4099//4796 4115//4785 4116//4787
f 4097//4797 4116//4787 4117//4789
f 4106//4798 4117//4789 4118//4792
f 4107//4799 4118//4792 4119//4794
f 4104//4800 4119//4794 4111//4795
f 4094//4801 4111//4795 4112//4780
f 4095//4802 4112//4780 4113//4783
f 4099//4796 4114//4782 4115//4785
f 4114//4782 4099//4796 4109//4803
f 4114//4782 4109//4803 4095//4802
f 4113//4783 4114//4782 4095//4802
f 4112//4780 4095//4802 4094//4801
f 4111//4795 4094//4801 4104//4800
f 4119//4794 4104//4800 4107//4799
f 4118//4792 4107//4799 4106//4798
f 4117//4789 4106//4798 4098//4804
f 4117//4789 4098//4804 4097//4797
f 4116//4787 4097//4797 4099//4796
f 4120//2078 4121//4805 4122//1873
f 4123//1873 4122//1873 4141//4806
f 4125//1873 4126//2077 4121//4805
f 4122//1873 4123//1873 4124//1873
f 4127//2077 4128//4807 4126//2077
f 4129//4808 4131//4809 4130//4810
f 4132//1873 4133//4811 4131//4809
f 4121//4805 4120//2078 4125//1873
f 4138//3142 4123//1873 4141//4806
f 4122//1873 4124//1873 4120//2078
f 4139//1630 4140//1873 4128//4807
f 4139//1630 4136//1624 4140//1873
f 4135//4812 4130//4810 4136//1624
f 4131//4809 4129//4808 4132//1873
f 4133//4811 4134//1873 4137//3142
f 4137//3142 4141//4806 4133//4811
f 4126//2077 4125//1873 4127//2077
f 4133//4811 4132//1873 4134//1873
f 4128//4807 4127//2077 4139//1630
f 4130//4810 4135//4812 4129//4808
f 4141//4806 4137//3142 4138//3142
f 4136//1624 4139//1630 4135//4812
f 4120//4813 4124//4814 4142//4815
f 4124//4814 4123//4816 4143//4817
f 4123//4816 4138//4818 4143//4817
f 4144//4819 4143//4817 4138//4818
f 4138//4818 4137//4820 4144//4819
f 4137//4820 4134//4821 4144//4819
f 4134//4821 4132//4822 4145//4823
f 4132//4822 4129//4824 4146//4825
f 4129//4824 4135//4826 4146//4825
f 4135//4826 4139//4827 4147//4828
f 4139//4827 4127//4829 4148//4830
f 4127//4829 4125//4831 4149//4832
f 4125//4831 4120//4813 4149//4832
f 4149//4832 4148//4830 4127//4829
f 4148//4830 4147//4828 4139//4827
f 4147//4828 4146//4825 4135//4826
f 4146//4825 4145//4823 4132//4822
f 4145//4823 4144//4819 4134//4821
f 4143//4817 4142//4815 4124//4814
f 4142//4815 4149//4832 4120//4813
f 4149//4832 4121//4833 4126//4834
f 4149//4832 4126//4834 4128//4835
f 4148//4830 4128//4835 4140//4836
f 4140//4836 4136//4837 4147//4828
f 4147//4828 4136//4837 4130//4838
f 4146//4825 4130//4838 4131//4839
f 4145//4823 4131//4839 4133//4840
f 4144//4819 4133//4840 4141//4841
f 4143//4817 4144//4819 4141//4841
f 4143//4817 4141//4841 4122//4842
f 4142//4815 4122//4842 4121//4833
f 4122//4842 4142//4815 4143//4817
f 4133//4840 4144//4819 4145//4823
f 4131//4839 4145//4823 4146//4825
f 4130//4838 4146//4825 4147//4828
f 4147//4828 4148//4830 4140//4836
f 4128//4835 4148//4830 4149//4832
f 4121//4833 4149//4832 4142//4815
f 4161//4843 4157//4844 4150//4845
f 4159//4846 4151//4847 4152//4848
f 4160//4849 4154//4850 4155//4851
f 4165//4852 4156//4853 4157//4844
f 4165//4852 4157//4844 4161//4843
f 4158//4854 4150//4845 4151//4847
f 4159//4846 4152//4848 4153//4855
f 4159//4846 4153//4855 4162//4856
f 4155//4851 4164//4857 4163//4858
f 4156//4853 4165//4852 4164//4857
f 4150//4845 4158//4854 4161//4843
f 4156//4853 4164//4857 4155//4851
f 4155//4851 4163//4858 4160//4849
f 4151//4847 4159//4846 4158//4854
f 4154//4850 4160//4849 4162//4856
f 4154//4850 4162//4856 4153//4855
f 4167//4859 4166//4860 4155//4851
f 4168//4861 4167//4859 4154//4850
f 4169//4862 4168//4861 4153//4855
f 4170//4863 4169//4862 4153//4855
f 4171//4864 4170//4863 4152//4848
f 4172//4865 4171//4864 4150//4845
f 4173//4866 4172//4865 4157//4844
f 4166//4860 4173//4866 4156//4853
f 4157//4844 4156//4853 4173//4866
f 4150//4845 4157//4844 4172//4865
f 4151//4847 4150//4845 4171//4864
f 4152//4848 4151//4847 4171//4864
f 4153//4855 4152//4848 4170//4863
f 4154//4850 4153//4855 4168//4861
f 4155//4851 4154//4850 4167//4859
f 4156//4853 4155//4851 4166//4860
f 4164//4857 4166//4867 4167//4868
f 4158//4854 4171//4869 4172//4870
f 4160//4849 4167//4868 4168//4871
f 4159//4846 4170//4872 4171//4869
f 4162//4856 4168//4871 4169//4873
f 4167//4868 4160//4849 4163//4858
f 4159//4846 4169//4873 4170//4872
f 4169//4873 4159//4846 4162//4856
f 4165//4852 4173//4874 4166//4867
f 4161//4843 4172//4870 4173//4874
f 4171//4869 4158//4854 4159//4846
f 4167//4868 4163//4858 4164//4857
f 4172//4870 4161//4843 4158//4854
f 4166//4867 4164//4857 4165//4852
f 4173//4874 4165//4852 4161//4843
f 4168//4871 4162//4856 4160//4849
f 4176//1873 4177//4875 4175//4876
f 4180//1873 4181//1873 4179//1630
f 4184//1873 4185//1873 4183//4877
f 4188//1873 4175//4876 4187//4878
f 4175//4876 4174//2078 4176//1873
f 4179//1630 4178//1630 4180//1873
f 4180//1873 4190//4879 4181//1873
f 4193//1873 4194//1873 4192//3037
f 4195//1873 4196//4880 4197//1873
f 4183//4877 4182//1873 4184//1873
f 4184//1873 4187//4878 4185//1873
f 4187//4878 4186//2078 4188//1873
f 4177//4875 4176//1873 4189//1630
f 4202//1873 4203//1873 4177//4875
f 4202//1873 4204//4879 4203//1873
f 4206//1873 4192//3037 4190//4879
f 4192//3037 4191//1873 4193//1873
f 4193//1873 4207//3142 4194//1873
f 4195//1873 4197//1873 4207//3142
f 4196//4880 4195//1873 4198//2077
f 4209//4881 4199//4882 4196//4880
f 4200//4883 4199//4884 4201//2078
f 4210//1873 4183//4877 4200//4883
f 4175//4876 4188//1873 4174//2078
f 4190//4879 4180//1873 4205//4809
f 4192//3037 4206//1873 4191//1873
f 4207//3142 4193//1873 4208//1873
f 4200//4883 4201//2078 4210//1873
f 4187//4878 4184//1873 4186//2078
f 4204//4879 4202//1873 4211//1630
f 4190//4879 4205//4809 4206//1873
f 4207//3142 4208//1873 4195//1873
f 4177//4875 4189//1630 4202//1873
f 4183//4877 4210//1873 4182//1873
f 4212//1873 4179//1630 4204//4879
f 4196//4880 4198//2077 4209//4881
f 4179//1630 4212//1873 4178//1630
f 4204//4879 4211//1630 4212//1873
f 4214//4885 4213//4886 4205//4887
f 4215//4888 4214//4885 4212//4889
f 4216//4890 4215//4888 4174//4891
f 4217//4892 4216//4890 4184//4893
f 4199//4882 4209//4881 4217//4892
f 4218//4894 4217//4892 4209//4881
f 4213//4886 4218//4894 4195//4895
f 4208//4896 4193//4897 4213//4886
f 4195//4895 4208//4896 4213//4886
f 4198//4898 4195//4895 4218//4894
f 4209//4881 4198//4898 4218//4894
f 4201//4899 4199//4882 4217//4892
f 4210//4900 4201//4899 4217//4892
f 4182//4901 4210//4900 4217//4892
f 4184//4893 4182//4901 4217//4892
f 4186//4902 4184//4893 4216//4890
f 4188//4903 4186//4902 4216//4890
f 4174//4891 4188//4903 4216//4890
f 4176//4904 4174//4891 4215//4888
f 4189//4905 4176//4904 4215//4888
f 4202//4906 4189//4905 4215//4888
f 4211//4907 4202//4906 4215//4888
f 4212//4889 4211//4907 4215//4888
f 4178//4908 4212//4889 4214//4885
f 4180//4909 4178//4908 4214//4885
f 4205//4887 4180//4909 4214//4885
f 4206//4910 4205//4887 4213//4886
f 4191//4911 4206//4910 4213//4886
f 4193//4897 4191//4911 4213//4886
f 4213//4886 4192//4912 4194//4913
f 4213//4886 4194//4913 4207//4914
f 4213//4886 4207//4914 4197//4915
f 4218//4894 4197//4915 4196//4916
f 4218//4894 4196//4916 4199//4884
f 4218//4894 4199//4884 4200//4883
f 4217//4892 4200//4883 4183//4917
f 4217//4892 4183//4917 4185//4918
f 4216//4890 4185//4918 4187//4919
f 4216//4890 4187//4919 4175//4920
f 4215//4888 4175//4920 4177//4921
f 4215//4888 4177//4921 4203//4922
f 4215//4888 4203//4922 4204//4923
f 4215//4888 4204//4923 4179//4924
f 4214//4885 4179//4924 4181//4925
f 4214//4885 4181//4925 4190//4926
f 4213//4886 4190//4926 4192//4912
f 4190//4926 4213//4886 4214//4885
f 4179//4924 4214//4885 4215//4888
f 4175//4920 4215//4888 4216//4890
f 4185//4918 4216//4890 4217//4892
f 4200//4883 4217//4892 4218//4894
f 4197//4915 4218//4894 4213//4886
f 4220//4927 4219//4928 4221//4929
f 4220//4927 4221//4929 4222//4930
f 4223//4931 4222//4930 4224//4932
f 4225//4933 4224//4932 4226//4934
f 4227//4935 4226//4934 4228//4936
f 4227//4935 4228//4936 4229//4937
f 4230//4938 4229//4937 4231//4939
f 4234//4940 4233//4941 4219//4928
f 4233//4941 4234//4940 4232//4942
f 4231//4939 4233//4941 4232//4942
f 4231//4939 4232//4942 4230//4938
f 4229//4937 4230//4938 4227//4935
f 4226//4934 4227//4935 4225//4933
f 4224//4932 4225//4933 4223//4931
f 4222//4930 4223//4931 4220//4927
f 4219//4928 4220//4927 4234//4940
f 4235//4943 4236//4944 4227//4935
f 4236//4944 4237//4945 4225//4933
f 4237//4945 4238//4946 4223//4931
f 4238//4946 4239//4947 4220//4927
f 4239//4947 4240//4948 4234//4940
f 4240//4948 4241//4949 4234//4940
f 4241//4949 4242//4950 4234//4940
f 4242//4950 4243//4951 4232//4942
f 4243//4951 4244//4952 4230//4938
f 4244//4952 4235//4943 4230//4938
f 4227//4935 4230//4938 4235//4943
f 4230//4938 4232//4942 4243//4951
f 4232//4942 4234//4940 4242//4950
f 4234//4940 4220//4927 4239//4947
f 4220//4927 4223//4931 4238//4946
f 4223//4931 4225//4933 4237//4945
f 4225//4933 4227//4935 4236//4944
f 4239//4805 4238//2077 4222//2077
f 4240//2078 4239//4805 4219//2078
f 4222//2077 4221//4953 4239//4805
f 4235//4954 4244//1873 4229//4955
f 4242//1873 4241//1873 4233//4956
f 4241//1873 4240//2078 4219//2078
f 4221//4953 4219//2078 4239//4805
f 4236//4809 4235//4954 4226//4808
f 4244//1873 4243//1873 4231//1873
f 4243//1873 4242//1873 4231//1873
f 4219//2078 4233//4956 4241//1873
f 4238//2077 4237//4879 4224//4957
f 4226//4808 4224//4957 4237//4879
f 4237//4879 4236//4809 4226//4808
f 4228//4954 4226//4808 4235//4954
f 4229//4955 4228//4954 4235//4954
f 4224//4957 4222//2077 4238//2077
f 4231//1873 4229//4955 4244//1873
f 4233//4956 4231//1873 4242//1873
f 4245//4958 4246//4959 4247//4960
f 4247//4960 4251//4961 4245//4958
f 4248//4962 4246//4962 4245//4962
f 4245//4962 4249//4962 4248//4962
f 4250//4963 4249//4964 4245//4958
f 4251//4961 4250//4963 4245//4958
f 4250//4963 4248//4965 4249//4964
f 4250//4963 4252//4966 4248//4965
f 4251//4961 4247//4960 4253//4967
f 4250//4963 4253//4967 4252//4966
f 4253//4967 4250//4963 4251//4961
f 4246//4959 4248//4965 4252//4966
f 4252//4966 4253//4702 4246//4959
f 4253//4702 4247//4960 4246//4959
f 4256//4968 4257//4969 4254//4970
f 4255//4971 4256//4968 4254//4970
f 4257//4972 4258//4972 4259//4972
f 4259//4972 4254//4972 4257//4972
f 4258//4973 4257//4969 4260//4974
f 4257//4969 4256//4968 4260//4974
f 4259//4975 4258//4973 4260//4974
f 4259//4975 4260//4974 4261//4976
f 4260//4974 4256//4968 4255//4971
f 4255//4971 4261//4976 4260//4974
f 4259//4975 4261//4976 4255//4971
f 4255//4971 4254//4970 4259//4975
f 4263//4977 4264//4978 4262//4979
f 4262//4979 4265//4980 4263//4977
f 4264//4981 4266//4981 4267//4981
f 4267//4981 4262//4981 4264//4981
f 4266//4982 4264//4978 4268//4983
f 4264//4978 4263//4977 4268//4983
f 4267//4984 4266//4982 4268//4983
f 4268//4983 4269//4985 4267//4984
f 4268//4983 4263//4977 4265//4980
f 4265//4980 4269//4985 4268//4983
f 4267//4984 4269//4985 4265//4980
f 4265//4980 4262//4979 4267//4984
f 4270//4986 4271//4987 4272//4988
f 4272//4988 4273//4989 4270//4986
f 4274//4990 4271//4990 4270//4990
f 4270//4990 4275//4990 4274//4990
f 4276//4991 4275//4992 4270//4986
f 4270//4986 4273//4989 4276//4991
f 4276//4991 4274//4993 4275//4992
f 4276//4991 4277//4994 4274//4993
f 4273//4989 4272//4988 4278//4995
f 4276//4991 4278//4995 4277//4994
f 4278//4995 4276//4991 4273//4989
f 4271//4987 4274//4993 4277//4994
f 4277//4994 4278//4996 4271//4987
f 4278//4996 4272//4988 4271//4987
usemtl 0.580392_0.580392_0.580392_0.000000_0.000000
f 3619//4342 3857//4538 3842//4539
f 3846//4540 3624//4347 3625//4348
f 3857//4538 3619//4342 3617//4340
f 3618//4341 3856//4541 3857//4538
f 3625//4348 3845//4542 3846//4540
f 3620//4343 3842//4539 3843//4543
f 3857//4538 3617//4340 3618//4341
f 3613//4336 3851//4544 3852//4545
f 3622//4346 3624//4347 3846//4540
f 3625//4348 3844//4546 3845//4542
f 3621//4345 3843//4543 3844//4546
f 3614//4337 3853//4547 3854//4548
f 3614//4337 3852//4545 3853//4547
f 3610//4331 3850//4549 3851//4544
f 3846//4540 3847//4550 3622//4346
f 3842//4539 3620//4343 3619//4342
f 3618//4341 3855//4551 3856//4541
f 3854//4548 3612//4335 3614//4337
f 3852//4545 3614//4337 3613//4336
f 3851//4544 3611//4332 3610//4331
f 3608//4328 3849//4552 3850//4549
f 3609//4329 3848//4553 3849//4552
f 3843//4543 3621//4345 3620//4343
f 3855//4551 3618//4341 3615//4338
f 3615//4338 3854//4548 3855//4551
f 3850//4549 3610//4331 3608//4328
f 3849//4552 3608//4328 3609//4329
f 3623//4330 3847//4550 3848//4553
f 3847//4550 3623//4330 3622//4346
f 3854//4548 3615//4338 3612//4335
f 3848//4553 3609//4329 3623//4330
f 3844//4546 3625//4348 3621//4345
f 3851//4544 3613//4336 3611//4332
f 3848//4553 3847//4550 3858//4554
f 3844//4546 3843//4543 3861//4555
f 3847//4550 3863//4556 3858//4554
f 3846//4540 3859//4557 3863//4556
f 3859//4557 3846//4540 3845//4542
f 3861//4555 3860//4558 3844//4546
f 3862//4559 3861//4555 3843//4543
f 3845//4542 3860//4558 3859//4557
f 3851//4544 3864//4560 3865//4561
f 3850//4549 3866//4562 3864//4560
f 3849//4552 3848//4553 3868//4563
f 3863//4556 3847//4550 3846//4540
f 3860//4558 3845//4542 3844//4546
f 3853//4547 3852//4545 3865//4561
f 3867//4564 3866//4562 3850//4549
f 3868//4563 3867//4564 3849//4552
f 3842//4539 3857//4538 3870//4565
f 3854//4548 3871//4566 3872//4567
f 3853//4547 3873//4568 3871//4566
f 3864//4560 3851//4544 3850//4549
f 3858//4554 3868//4563 3848//4553
f 3842//4539 3869//4569 3862//4559
f 3870//4565 3869//4569 3842//4539
f 3865//4561 3873//4568 3853//4547
f 3867//4564 3850//4549 3849//4552
f 3857//4538 3874//4570 3870//4565
f 3855//4551 3872//4567 3874//4570
f 3871//4566 3854//4548 3853//4547
f 3862//4559 3843//4543 3842//4539
f 3874//4570 3857//4538 3856//4541
f 3865//4561 3852//4545 3851//4544
f 3874//4570 3856//4541 3855//4551
f 3872//4567 3855//4551 3854//4548
f 3859//4557 3879//4571 3880//4572
f 3879//4571 3859//4557 3860//4558
f 3866//4562 3885//4573 3886//4574
f 3866//4562 3884//4575 3885//4573
f 3868//4563 3882//4576 3883//4577
f 3860//4558 3878//4578 3879//4571
f 3861//4555 3877//4579 3878//4578
f 3871//4566 3888//4580 3889//4581
f 3871//4566 3887//4582 3888//4580
f 3873//4568 3886//4574 3887//4582
f 3867//4564 3883//4577 3884//4575
f 3883//4577 3867//4564 3868//4563
f 3863//4556 3880//4572 3881//4583
f 3878//4578 3860//4558 3861//4555
f 3862//4559 3876//4584 3877//4579
f 3874//4570 3890//4585 3891//4586
f 3886//4574 3864//4560 3866//4562
f 3877//4579 3861//4555 3862//4559
f 3876//4584 3862//4559 3869//4569
f 3869//4569 3875//4587 3876//4584
f 3869//4569 3891//4586 3875//4587
f 3887//4582 3871//4566 3873//4568
f 3884//4575 3866//4562 3867//4564
f 3858//4554 3881//4583 3882//4576
f 3880//4572 3863//4556 3859//4557
f 3890//4585 3874//4570 3872//4567
f 3872//4567 3889//4581 3890//4585
f 3886//4574 3873//4568 3864//4560
f 3881//4583 3858//4554 3863//4556
f 3868//4563 3858//4554 3882//4576
f 3891//4586 3869//4569 3874//4570
f 3889//4581 3872//4567 3871//4566
f 3892//4588 3893//4589 3880//4572
f 3893//4589 3894//4590 3882//4576
f 3894//4590 3895//4591 3884//4575
f 3895//4591 3896//4592 3886//4574
f 3896//4592 3897//4593 3888//4580
f 3897//4593 3898//4594 3890//4585
f 3898//4594 3899//4595 3891//4586
f 3899//4595 3900//4596 3876//4584
f 3900//4596 3892//4588 3878//4578
f 3879//4571 3878//4578 3892//4588
f 3878//4578 3877//4579 3900//4596
f 3877//4579 3876//4584 3900//4596
f 3876//4584 3875//4587 3899//4595
f 3875//4587 3891//4586 3899//4595
f 3891//4586 3890//4585 3898//4594
f 3890//4585 3889//4581 3897//4593
f 3889//4581 3888//4580 3897//4593
f 3888//4580 3887//4582 3896//4592
f 3887//4582 3886//4574 3896//4592
f 3886//4574 3885//4573 3895//4591
f 3885//4573 3884//4575 3895//4591
f 3884//4575 3883//4577 3894//4590
f 3883//4577 3882//4576 3894//4590
f 3882//4576 3881//4583 3893//4589
f 3881//4583 3880//4572 3893//4589
f 3880//4572 3879//4571 3892//4588
usemtl 0.898039_0.898039_0.898039_0.000000_0.000000
f 3899//4595 3975//4671 3976//4672
f 3900//4596 3976//4672 3977//4673
f 3892//4588 3977//4673 3978//4674
f 3893//4589 3978//4674 3979//4675
f 3894//4590 3979//4675 3980//4676
f 3894//4590 3980//4676 3981//4677
f 3895//4591 3981//4677 3982//4678
f 3896//4592 3982//4678 3983//4679
f 3897//4593 3983//4679 3984//4680
f 3898//4594 3984//4680 3975//4671
f 3984//4680 3898//4594 3897//4593
f 3983//4679 3897//4593 3896//4592
f 3982//4678 3896//4592 3895//4591
f 3981//4677 3895//4591 3894//4590
f 3979//4675 3894//4590 3893//4589
f 3978//4674 3893//4589 3892//4588
f 3977//4673 3892//4588 3900//4596
f 3976//4672 3900//4596 3899//4595
f 3975//4671 3899//4595 3898//4594
f 3985//4681 3987//4682 3992//4683
f 3986//4684 3985//4681 3993//4685
f 3990//4686 3986//4684 3994//4687
f 3989//4688 3990//4686 3995//4689
f 3988//4690 3989//4688 3996//4691
f 3987//4682 3988//4690 3991//4692
f 3996//4691 3991//4692 3988//4690
f 3995//4689 3996//4691 3989//4688
f 3994//4687 3995//4689 3990//4686
f 3993//4685 3994//4687 3986//4684
f 3992//4683 3993//4685 3985//4681
f 3991//4692 3992//4683 3987//4682
usemtl 0.231373_0.380392_0.705882_0.000000_0.004
f 4433//5146 4424//5147 4419//5141
f 4424//5147 4418//5140 4419//5141
f 4424//5147 4425//5148 4418//5140
f 4425//5148 4417//5139 4418//5140
f 4417//5139 4425//5148 4426//5149
f 4426//5149 4416//5138 4417//5139
f 4416//5138 4426//5149 4427//5150
f 4428//5151 4415//5137 4416//5138
f 4416//5138 4427//5150 4428//5151
f 4428//5151 4423//5145 4415//5137
f 4423//5145 4428//5151 4429//5152
f 4423//5145 4429//5152 4430//5153
f 4430//5153 4422//5144 4423//5145
f 4422//5144 4430//5153 4431//5154
f 4421//5143 4431//5154 4432//5155
f 4432//5155 4420//5142 4421//5143
f 4420//5142 4432//5155 4433//5146
f 4433//5146 4419//5141 4420//5142
f 4421//5143 4422//5144 4431//5154
f 4427//1873 4434//1873 4435//1873
f 4430//1873 4436//1873 4437//1873
f 4429//1873 4435//1873 4436//1873
f 4429//1873 4428//1873 4435//1873
f 4435//1873 4428//1873 4427//1873
f 4433//1873 4432//1873 4437//1873
f 4430//1873 4429//1873 4436//1873
f 4426//1873 4425//1873 4439//1873
f 4437//1873 4438//1873 4433//1873
f 4437//1873 4432//1873 4431//1630
f 4434//1873 4427//1873 4426//1873
f 4439//1873 4434//1873 4426//1873
f 4425//1873 4424//1873 4439//1873
f 4433//1873 4438//1873 4439//1873
f 4437//1873 4431//1630 4430//1873
f 4439//1873 4424//1873 4433//1873
f 4441//5156 4440//5157 4438//5158
f 4442//5159 4441//5156 4437//5160
f 4443//5161 4442//5159 4435//5162
f 4444//5163 4443//5161 4434//5164
f 4445//5165 4444//5163 4439//5166
f 4440//5157 4445//5165 4439//5166
f 4439//5166 4438//5158 4440//5157
f 4434//5164 4439//5166 4444//5163
f 4435//5162 4434//5164 4443//5161
f 4436//5167 4435//5162 4442//5159
f 4437//5160 4436//5167 4442//5159
f 4438//5158 4437//5160 4441//5156
f 4444//1345 4445//4234 4446//1345
f 4447//4234 4440//5168 4441//2206
f 4448//1345 4449//1345 4443//1345
f 4449//1345 4442//1345 4443//1345
f 4441//2206 4451//2206 4447//4234
f 4444//1345 4446//1345 4448//1345
f 4449//1345 4450//1345 4442//1345
f 4443//1345 4444//1345 4448//1345
f 4450//1345 4451//2206 4441//2206
f 4441//2206 4442//1345 4450//1345
f 4445//4234 4440//5168 4447//4234
f 4445//4234 4447//4234 4446//1345
f 4446//5169 4447//5170 4452//5171
f 4448//5172 4446//5169 4454//5173
f 4448//5172 4454//5173 4455//5174
f 4449//5175 4448//5172 4455//5174
f 4449//5175 4455//5174 4456//5176
f 4450//5177 4449//5175 4457//5178
f 4449//5175 4456//5176 4457//5178
f 4451//5179 4450//5177 4458//5180
f 4451//5179 4459//5181 4460//5182
f 4447//5170 4451//5179 4460//5182
f 4447//5170 4460//5182 4452//5171
f 4458//5180 4459//5181 4451//5179
f 4457//5178 4458//5180 4450//5177
f 4453//5183 4454//5173 4446//5169
f 4452//5171 4453//5183 4446//5169
f 4470//5193 4467//5190 4466//5189
f 4467//5190 4470//5193 4471//5194
f 4468//5191 4467//5190 4471//5194
f 4472//5195 4473//5196 4469//5192
f 4473//5196 4461//5184 4469//5192
f 4462//5185 4473//5196 4474//5197
f 4463//5186 4474//5197 4475//5198
f 4475//5198 4476//5199 4464//5187
f 4476//5199 4466//5189 4465//5188
f 4476//5199 4470//5193 4466//5189
f 4465//5188 4464//5187 4476//5199
f 4464//5187 4463//5186 4475//5198
f 4463//5186 4462//5185 4474//5197
f 4462//5185 4461//5184 4473//5196
f 4469//5192 4468//5191 4472//5195
f 4471//5194 4472//5195 4468//5191
f 4474//1873 4473//1873 4478//1873
f 4476//1873 4480//1873 4479//1873
f 4478//1873 4477//1873 4474//1873
f 4476//1873 4475//1873 4480//1873
f 4470//1873 4479//1873 4481//1630
f 4474//1873 4477//1873 4480//1873
f 4478//1873 4473//1873 4472//1873
f 4479//1873 4470//1873 4476//1873
f 4480//1873 4475//1873 4474//1873
f 4481//1630 4478//1873 4472//1873
f 4481//1630 4472//1873 4471//1630
f 4481//1630 4471//1630 4470//1873
f 4483//5200 4482//5201 4479//5202
f 4484//5203 4483//5200 4480//5204
f 4485//5205 4484//5203 4478//5206
f 4486//5207 4485//5205 4481//5208
f 4482//5201 4486//5207 4481//5208
f 4481//5208 4479//5202 4482//5201
f 4478//5206 4481//5208 4485//5205
f 4477//5209 4478//5206 4484//5203
f 4480//5204 4477//5209 4484//5203
f 4479//5202 4480//5204 4483//5200
f 4487//3293 4488//1345 4485//2270
f 4488//1345 4484//1345 4485//2270
f 4484//1345 4488//1345 4489//1345
f 4490//4421 4485//2270 4486//4352
f 4490//4421 4487//3293 4485//2270
f 4489//1345 4491//1345 4484//1345
f 4483//1345 4492//1345 4493//1345
f 4494//1345 4482//1345 4483//1345
f 4483//1345 4484//1345 4491//1345
f 4482//1345 4494//1345 4495//2270
f 4486//4352 4482//1345 4495//2270
f 4483//1345 4493//1345 4494//1345
f 4483//1345 4491//1345 4492//1345
f 4486//4352 4495//2270 4490//4421
f 4495//5210 4494//5211 4496//5212
f 4490//5213 4495//5210 4497//5214
f 4487//5215 4490//5213 4499//5216
f 4499//5216 4488//5217 4487//5215
f 4489//5218 4488//5217 4501//5219
f 4501//5219 4491//5220 4489//5218
f 4502//5221 4492//5222 4491//5220
f 4503//5223 4493//5224 4492//5222
f 4494//5211 4493//5224 4504//5225
f 4504//5225 4496//5212 4494//5211
f 4503//5223 4504//5225 4493//5224
f 4502//5221 4503//5223 4492//5222
f 4501//5219 4502//5221 4491//5220
f 4500//5226 4501//5219 4488//5217
f 4499//5216 4500//5226 4488//5217
f 4498//5227 4499//5216 4490//5213
f 4497//5214 4498//5227 4490//5213
f 4496//5212 4497//5214 4495//5210
f 4620//5342 4619//5343 4621//5344
f 4623//5345 4621//5344 4624//5346
f 4625//5347 4624//5346 4626//5348
f 4627//5349 4626//5348 4628//5350
f 4629//5351 4628//5350 4630//5352
f 4632//5353 4630//5352 4633//5354
f 4634//5355 4633//5354 4635//5356
f 4636//5357 4635//5356 4637//5358
f 4637//5358 4619//5359 4636//5357
f 4635//5356 4636//5357 4634//5355
f 4633//5354 4634//5355 4632//5353
f 4630//5352 4632//5353 4631//5360
f 4630//5352 4631//5360 4629//5351
f 4628//5350 4629//5351 4627//5349
f 4626//5348 4627//5349 4625//5347
f 4624//5346 4625//5347 4623//5345
f 4621//5344 4623//5345 4622//5361
f 4621//5344 4622//5361 4620//5342
f 4631//5362 4632//5363 4639//5364
f 4629//5365 4631//5362 4639//5364
f 4627//5366 4629//5365 4640//5367
f 4625//5368 4627//5366 4641//5369
f 4623//5370 4625//5368 4642//5371
f 4622//5372 4623//5370 4643//5373
f 4620//5342 4622//5372 4644//5374
f 4645//5375 4619//5343 4620//5342
f 4620//5342 4644//5374 4645//5375
f 4636//5376 4619//5343 4645//5375
f 4634//5377 4636//5376 4646//5378
f 4632//5363 4634//5377 4638//5379
f 4646//5378 4638//5379 4634//5377
f 4645//5375 4646//5378 4636//5376
f 4643//5373 4644//5374 4622//5372
f 4642//5371 4643//5373 4623//5370
f 4641//5369 4642//5371 4625//5368
f 4640//5367 4641//5369 4627//5366
f 4639//5364 4640//5367 4629//5365
f 4638//5379 4639//5364 4632//5363
f 4646//5380 4637//5358 4635//5381
f 4646//5380 4635//5381 4633//5382
f 4638//5383 4633//5382 4630//5384
f 4640//5385 4630//5384 4628//5386
f 4641//5387 4628//5386 4626//5388
f 4642//5389 4626//5388 4624//5390
f 4643//5391 4624//5390 4621//5392
f 4644//5393 4621//5392 4619//5359
f 4644//5393 4619//5359 4637//5358
f 4637//5358 4645//5394 4644//5393
f 4621//5392 4644//5393 4643//5391
f 4624//5390 4643//5391 4642//5389
f 4626//5388 4642//5389 4641//5387
f 4628//5386 4641//5387 4640//5385
f 4630//5384 4640//5385 4639//5395
f 4630//5384 4639//5395 4638//5383
f 4633//5382 4638//5383 4646//5380
f 4637//5358 4646//5380 4645//5394
f 6058//7022 6059//7023 6052//7017
f 6059//7023 6051//7016 6052//7017
f 6060//7024 6050//7015 6051//7016
f 6051//7016 6059//7023 6060//7024
f 6050//7015 6060//7024 6061//7025
f 6061//7025 6049//7014 6050//7015
f 6049//7014 6061//7025 6062//7026
f 6062//7026 6048//7012 6049//7014
f 6048//7012 6062//7026 6063//7027
f 6063//7027 6057//7013 6048//7012
f 6064//7028 6056//7021 6057//7013
f 6057//7013 6063//7027 6064//7028
f 6065//7029 6055//7020 6056//7021
f 6056//7021 6064//7028 6065//7029
f 6065//7029 6066//7030 6055//7020
f 6066//7030 6054//7019 6055//7020
f 6067//7031 6053//7018 6054//7019
f 6054//7019 6066//7030 6067//7031
f 6058//7022 6052//7017 6053//7018
f 6053//7018 6067//7031 6058//7022
f 6063//1345 6068//1345 6071//1345
f 6066//1345 6069//1345 6070//1345
f 6069//1345 6065//2270 6064//1345
f 6068//1345 6063//1345 6062//1345
f 6062//1345 6061//1345 6068//1345
f 6071//1345 6069//1345 6064//1345
f 6061//1345 6060//1345 6068//1345
f 6058//1345 6067//1345 6070//1345
f 6066//1345 6065//2270 6069//1345
f 6071//1345 6064//1345 6063//1345
f 6070//1345 6067//1345 6066//1345
f 6072//1345 6060//1345 6059//1345
f 6070//1345 6072//1345 6058//1345
f 6072//1345 6059//1345 6058//1345
f 6072//1345 6068//1345 6060//1345
f 6073//7032 6077//7033 6072//7034
f 6074//7035 6073//7032 6069//7036
f 6075//7037 6074//7035 6069//7036
f 6076//7038 6075//7037 6071//7039
f 6077//7033 6076//7038 6068//7040
f 6068//7040 6072//7034 6077//7033
f 6071//7039 6068//7040 6076//7038
f 6069//7036 6071//7039 6075//7037
f 6070//7041 6069//7036 6073//7032
f 6072//7034 6070//7041 6073//7032
f 6080//4809 6078//1873 6077//4809
f 6076//1873 6077//4809 6078//1873
f 6076//1873 6078//1873 6079//1873
f 6073//1873 6081//1873 6080//4809
f 6083//1873 6081//1873 6074//1873
f 6080//4809 6077//4809 6073//1873
f 6079//1873 6082//1873 6076//1873
f 6082//1873 6084//1873 6075//2078
f 6084//1873 6074//1873 6075//2078
f 6073//1873 6074//1873 6081//1873
f 6075//2078 6076//1873 6082//1873
f 6084//1873 6083//1873 6074//1873
f 6078//7042 6080//7043 6085//7044
f 6079//7045 6078//7042 6086//7046
f 6079//7045 6086//7046 6087//7047
f 6087//7047 6082//7048 6079//7045
f 6084//7049 6082//7048 6088//7050
f 6083//7051 6084//7049 6090//7052
f 6083//7051 6090//7052 6091//7053
f 6091//7053 6081//7054 6083//7051
f 6092//7055 6080//7043 6081//7054
f 6091//7053 6092//7055 6081//7054
f 6089//7056 6090//7052 6084//7049
f 6088//7050 6089//7056 6084//7049
f 6087//7047 6088//7050 6082//7048
f 6085//7044 6086//7046 6078//7042
f 6092//7055 6085//7044 6080//7043
f 6109//7067 6103//7068 6098//7063
f 6103//7068 6104//7069 6100//7065
f 6104//7069 6105//7070 6101//7066
f 6105//7070 6102//7057 6101//7066
f 6105//7070 6106//7071 6102//7057
f 6106//7071 6107//7072 6094//7059
f 6107//7072 6095//7060 6094//7059
f 6095//7060 6107//7072 6108//7073
f 6108//7073 6096//7061 6095//7060
f 6096//7061 6108//7073 6109//7067
f 6109//7067 6097//7062 6096//7061
f 6109//7067 6098//7063 6097//7062
f 6094//7059 6093//7058 6106//7071
f 6093//7058 6102//7057 6106//7071
f 6101//7066 6100//7065 6104//7069
f 6100//7065 6099//7064 6103//7068
f 6099//7064 6098//7063 6103//7068
f 6107//1345 6106//1345 6110//1345
f 6110//1345 6112//1345 6107//1345
f 6106//1345 6105//1345 6110//1345
f 6108//1345 6112//1345 6111//1345
f 6108//1345 6107//1345 6112//1345
f 6111//1345 6109//1345 6108//1345
f 6103//1345 6111//1345 6114//2270
f 6113//2270 6110//1345 6105//1345
f 6105//1345 6104//2270 6113//2270
f 6104//2270 6103//1345 6114//2270
f 6104//2270 6114//2270 6113//2270
f 6111//1345 6103//1345 6109//1345
f 6115//7074 6120//7075 6111//7076
f 6116//7077 6115//7074 6112//7078
f 6117//7079 6116//7077 6112//7078
f 6118//7080 6117//7079 6110//7081
f 6119//7082 6118//7080 6113//7083
f 6120//7075 6119//7082 6114//7084
f 6114//7084 6111//7076 6120//7075
f 6113//7083 6114//7084 6119//7082
f 6110//7081 6113//7083 6118//7080
f 6112//7078 6110//7081 6117//7079
f 6111//7076 6112//7078 6115//7074
f 6121//4879 6122//1873 6118//1630
f 6123//4879 6121//4879 6119//4879
f 6121//4879 6118//1630 6119//4879
f 6122//1873 6124//1873 6117//1873
f 6117//1873 6118//1630 6122//1873
f 6124//1873 6116//1873 6117//1873
f 6124//1873 6125//1873 6116//1873
f 6125//1873 6126//1873 6116//1873
f 6126//1873 6115//1873 6116//1873
f 6126//1873 6127//1873 6115//1873
f 6128//1873 6120//1630 6115//1873
f 6129//1630 6123//4879 6120//1630
f 6120//1630 6128//1873 6129//1630
f 6119//4879 6120//1630 6123//4879
f 6115//1873 6127//1873 6128//1873
f 6129//7085 6128//7086 6130//7087
f 6123//7088 6129//7085 6131//7089
f 6133//7090 6121//7091 6123//7088
f 6135//7092 6122//7093 6121//7091
f 6124//7094 6122//7093 6136//7095
f 6125//7096 6124//7094 6137//7097
f 6126//7098 6125//7096 6138//7099
f 6139//7100 6127//7101 6126//7098
f 6128//7086 6127//7101 6140//7102
f 6140//7102 6130//7087 6128//7086
f 6139//7100 6140//7102 6127//7101
f 6138//7099 6139//7100 6126//7098
f 6137//7097 6138//7099 6125//7096
f 6136//7095 6137//7097 6124//7094
f 6135//7092 6136//7095 6122//7093
f 6134//7103 6135//7092 6121//7091
f 6133//7090 6134//7103 6121//7091
f 6123//7088 6132//7104 6133//7090
f 6131//7089 6132//7104 6123//7088
f 6130//7087 6131//7089 6129//7085
f 6255//7219 6273//7220 6256//7221
f 6255//7219 6256//7221 6257//7222
f 6258//7223 6257//7222 6259//7224
f 6260//7225 6259//7224 6261//7226
f 6262//7227 6261//7226 6263//7228
f 6264//7229 6263//7228 6265//7230
f 6266//7231 6265//7230 6267//7232
f 6268//7233 6267//7232 6269//7234
f 6270//7235 6269//7234 6271//7236
f 6270//7235 6271//7236 6272//7237
f 6272//7237 6273//7238 6270//7235
f 6269//7234 6270//7235 6268//7233
f 6267//7232 6268//7233 6266//7231
f 6265//7230 6266//7231 6264//7229
f 6263//7228 6264//7229 6262//7227
f 6261//7226 6262//7227 6260//7225
f 6259//7224 6260//7225 6258//7223
f 6257//7222 6258//7223 6255//7219
f 6266//7239 6268//7240 6275//7241
f 6264//7242 6266//7239 6276//7243
f 6262//7244 6264//7242 6277//7245
f 6260//7246 6262//7244 6278//7247
f 6258//7248 6260//7246 6280//7249
f 6255//7219 6258//7248 6280//7249
f 6282//7250 6273//7220 6255//7219
f 6255//7219 6281//7251 6282//7250
f 6270//7252 6273//7220 6282//7250
f 6268//7240 6270//7252 6274//7253
f 6283//7254 6274//7253 6270//7252
f 6282//7250 6283//7254 6270//7252
f 6280//7249 6281//7251 6255//7219
f 6279//7255 6280//7249 6260//7246
f 6278//7247 6279//7255 6260//7246
f 6277//7245 6278//7247 6262//7244
f 6276//7243 6277//7245 6264//7242
f 6275//7241 6276//7243 6266//7239
f 6274//7253 6275//7241 6268//7240
f 6282//7256 6272//7237 6271//7257
f 6283//7258 6271//7257 6269//7259
f 6274//7260 6269//7259 6267//7261
f 6275//7262 6267//7261 6265//7263
f 6276//7264 6265//7263 6263//7265
f 6277//7266 6263//7265 6261//7267
f 6278//7268 6261//7267 6259//7269
f 6280//7270 6259//7269 6257//7271
f 6280//7270 6257//7271 6256//7272
f 6281//7273 6256//7272 6273//7238
f 6281//7273 6273//7238 6272//7237
f 6272//7237 6282//7256 6281//7273
f 6256//7272 6281//7273 6280//7270
f 6259//7269 6280//7270 6279//7274
f 6259//7269 6279//7274 6278//7268
f 6261//7267 6278//7268 6277//7266
f 6263//7265 6277//7266 6276//7264
f 6265//7263 6276//7264 6275//7262
f 6267//7261 6275//7262 6274//7260
f 6269//7259 6274//7260 6283//7258
f 6271//7257 6283//7258 6282//7256
