# Blender 5.1.1
# www.blender.org
mtllib neck_purdue.mtl
o neck_purdue
v 0.013326 0.003000 0.009005
v 0.013319 0.000000 0.008010
v 0.012958 0.000000 0.009782
v 0.012052 0.003000 0.010446
v 0.011300 0.000000 0.010630
v 0.010438 0.003000 0.010469
v 0.009505 0.000000 0.009924
v 0.009217 0.003000 0.009416
v 0.009040 0.000000 0.007890
v 0.009058 0.003000 0.007958
v 0.009757 0.003000 0.006748
v 0.010419 0.000000 0.006312
v 0.011470 0.003000 0.006234
v 0.012478 0.000000 0.006635
v 0.013038 0.003000 0.007227
v -0.011922 0.000000 0.011435
v -0.010764 0.000001 0.012037
v -0.009106 0.000001 0.011310
v 0.010569 0.000001 -0.012043
v 0.012086 0.000003 -0.011302
v 0.009223 0.000000 -0.011377
v 0.001269 -0.000000 -0.011692
v -0.000291 -0.000000 -0.012972
v 0.003863 -0.000000 -0.013474
v 0.003072 -0.000000 -0.012195
v -0.013267 -0.000000 -0.009065
v -0.013207 -0.000000 -0.007567
v -0.003682 0.000000 0.012906
v 0.000127 0.000000 0.012596
v -0.001974 0.000000 0.011680
v 0.000403 0.000000 0.014436
v 0.013008 0.000025 -0.003307
v 0.014620 -0.000000 -0.004054
v 0.014952 -0.000000 -0.006328
v 0.011403 -0.000000 -0.003832
v 0.010025 -0.000002 -0.003508
v 0.010678 -0.000000 -0.005541
v 0.007648 0.000000 -0.007137
v 0.011688 -0.000000 -0.007355
v 0.011239 0.000005 -0.008497
v 0.012333 0.000000 -0.009817
v 0.013515 -0.000000 -0.007553
v 0.008843 0.000000 -0.010106
v 0.009404 0.000001 -0.008913
v 0.000196 0.000000 -0.010449
v 0.004240 0.000001 -0.009532
v -0.003956 0.000001 -0.009687
v -0.009065 -0.000000 -0.009065
v -0.007476 0.000000 -0.007285
v -0.010508 -0.000000 -0.010569
v -0.009134 -0.000000 -0.007705
v -0.012457 -0.000000 -0.010215
v -0.011838 -0.000000 -0.006315
v -0.009998 -0.000000 -0.006558
v -0.010010 -0.000002 -0.003514
v -0.013831 0.000000 -0.003242
v -0.014419 0.000000 0.003927
v -0.012977 0.000025 0.003292
v -0.013080 0.000000 0.007661
v -0.014502 0.000000 0.006924
v -0.011054 0.000000 0.004170
v -0.010025 -0.000002 0.003508
v -0.012400 0.000001 0.010189
v -0.011585 0.000002 0.008701
v -0.011709 0.000000 0.007282
v -0.009893 0.000001 0.008598
v -0.010815 0.000000 0.006241
v -0.007700 0.000000 0.007123
v -0.008914 0.000001 0.009675
v -0.003956 0.000001 0.009687
v 0.000000 0.000000 0.010433
v 0.004068 0.000000 0.009627
v 0.010010 -0.000003 0.003514
v 0.013526 0.000000 0.003293
v 0.007552 0.000000 0.007243
v -0.034741 -0.000023 -0.008766
v -0.032509 -0.000000 -0.015040
v -0.023189 -0.000000 -0.027301
v -0.016778 -0.000000 -0.031647
v -0.028516 -0.000000 -0.021677
v -0.009583 -0.000000 -0.034514
v -0.001939 -0.000000 -0.035767
v 0.000955 -0.000000 -0.015944
v -0.000350 -0.000000 -0.014771
v 0.003680 -0.000000 -0.014809
v 0.005795 -0.000000 -0.035348
v 0.002588 -0.000000 -0.015923
v 0.013258 -0.000000 -0.033276
v 0.020102 -0.000000 -0.029648
v 0.026005 -0.000000 -0.024633
v 0.030693 -0.000000 -0.018467
v 0.033945 -0.000000 -0.011437
v 0.035780 -0.000000 0.002549
v 0.015126 0.000001 -0.002482
v 0.016124 0.000001 -0.000282
v 0.035610 -0.000000 -0.003873
v 0.033945 0.000000 0.011437
v 0.015416 0.000002 0.002197
v 0.026005 0.000000 0.024633
v 0.020102 0.000000 0.029648
v 0.030693 0.000000 0.018467
v 0.013258 0.000000 0.033276
v 0.005795 0.000000 0.035348
v -0.000720 0.000000 0.015915
v -0.001939 0.000000 0.035767
v -0.002584 0.000000 0.015887
v -0.009583 0.000000 0.034514
v -0.003776 0.000000 0.014704
v -0.016778 0.000000 0.031647
v -0.023189 0.000000 0.027301
v -0.028516 0.000000 0.021677
v -0.032509 0.000000 0.015040
v -0.034750 -0.000020 0.008750
v -0.029407 -0.000000 -0.002339
v -0.016067 0.000000 0.000599
v -0.028857 0.000011 0.006380
v -0.029407 0.000000 0.002339
v -0.015096 -0.000000 0.005401
v -0.015126 0.000001 0.002482
v -0.028996 -0.000020 0.007683
v -0.015845 0.000002 -0.001491
v -0.029054 -0.000049 -0.007452
v 0.015041 0.003000 -0.005207
v 0.014482 0.003000 -0.003955
v 0.013058 0.003000 -0.003302
v 0.011911 0.003000 -0.003542
v 0.010978 0.003000 -0.004382
v 0.010770 0.003000 -0.006184
v 0.012031 0.003000 -0.007473
v 0.013636 0.003000 -0.007544
v 0.014841 0.003000 -0.006433
v -0.011377 0.003000 0.007134
v -0.013187 0.003000 0.007627
v -0.014426 0.003000 0.007004
v -0.015096 0.003000 0.005539
v -0.014362 0.003000 0.003841
v -0.012361 0.003000 0.003294
v -0.010710 0.003000 0.004915
v 0.000432 0.003000 0.014311
v -0.000589 0.003000 0.015845
v -0.002469 0.003000 0.015930
v -0.003722 0.003000 0.014828
v -0.003740 0.003000 0.013031
v -0.002584 0.003000 0.011905
v -0.001398 0.003000 0.011756
v 0.000037 0.003000 0.012477
v -0.009300 0.003000 -0.007294
v -0.010342 0.003000 -0.006434
v -0.011705 0.003000 -0.006278
v -0.013013 0.003000 -0.007252
v -0.013344 0.003000 -0.008913
v -0.012612 0.003000 -0.010045
v -0.011369 0.003000 -0.010628
v -0.009625 0.003000 -0.009995
v -0.009021 0.003000 -0.008631
v 0.003883 0.003000 -0.013949
v 0.003358 0.003000 -0.012426
v 0.001884 0.003000 -0.011721
v 0.000329 0.003000 -0.012167
v -0.000409 0.003000 -0.013430
v -0.000328 0.003000 -0.014761
v 0.001270 0.003000 -0.016100
v 0.003263 0.003000 -0.015465
v 0.013740 0.000512 -0.002742
v 0.015259 0.000508 -0.001424
v 0.015600 0.000509 0.000637
v 0.014642 0.000507 0.002151
v 0.013451 0.000502 0.002794
v -0.013743 0.000510 0.002738
v -0.015259 0.000508 0.001424
v -0.015600 0.000509 -0.000637
v -0.014642 0.000507 -0.002151
v -0.013492 0.000493 -0.002791
v -0.013791 0.003000 -0.002718
v -0.015494 0.003000 -0.001016
v -0.015470 0.003000 0.000949
v -0.014602 0.003000 0.002189
v -0.013410 0.003000 0.002802
v -0.010229 0.000487 -0.002921
v -0.009317 0.000503 -0.003564
v 0.010235 0.003000 -0.002918
v 0.009309 0.000498 -0.003577
v 0.010230 0.000505 -0.002908
v 0.013812 0.003000 0.002717
v 0.015121 0.003000 0.001613
v 0.015650 0.003000 0.000000
v 0.015097 0.003000 -0.001660
v 0.013683 0.003000 -0.002759
v 0.010229 0.000487 0.002921
v 0.009314 0.000503 0.003566
v -0.010235 0.003000 0.002918
v -0.009313 0.000497 0.003573
v -0.010230 0.000505 0.002908
v -0.009321 0.003000 0.003558
v -0.007340 0.000473 0.006760
v -0.007215 0.003000 0.006861
v -0.004066 0.003000 0.009140
v -0.004946 0.000500 0.008576
v -0.002133 0.000506 0.009703
v 0.002006 0.000506 0.009746
v 0.000186 0.003000 0.009947
v 0.004946 0.000500 0.008576
v 0.004327 0.003000 0.008972
v 0.007284 0.000512 0.006793
v 0.006620 0.003000 0.007361
v 0.008005 0.003000 0.005825
v 0.009299 0.003000 0.003591
v 0.010216 0.003000 0.002912
v -0.009302 0.003000 -0.003588
v -0.010216 0.003000 -0.002912
v 0.007336 0.000458 -0.006764
v 0.007215 0.003000 -0.006861
v 0.004946 0.003000 -0.008576
v 0.004946 0.000500 -0.008576
v 0.002129 0.000506 -0.009720
v 0.001884 0.003000 -0.009768
v -0.001995 0.000506 -0.009733
v -0.002284 0.003000 -0.009656
v -0.005761 0.000518 -0.008080
v -0.004946 0.003000 -0.008576
v -0.007215 0.003000 -0.006861
v -0.008005 0.000500 -0.005825
v 0.009314 0.003000 -0.003565
v -0.029032 -0.000922 0.005250
v -0.029341 -0.000604 0.006345
v -0.029528 -0.002053 0.005307
v -0.029131 -0.002498 0.004651
v -0.029123 -0.002112 -0.004706
v -0.029524 -0.001947 -0.005333
v -0.028858 -0.000017 -0.006073
v -0.029346 -0.000654 -0.006319
v -0.011864 0.000503 0.009963
v -0.011312 0.000502 0.009190
v -0.010389 0.000503 0.008981
v -0.009416 0.000514 0.009723
v -0.009424 0.000503 0.010661
v -0.009903 0.000504 0.011317
v -0.010827 0.000502 0.011496
v -0.011645 0.000509 0.011000
v -0.009545 0.003000 0.010991
v -0.010640 0.003000 0.011531
v -0.011814 0.003000 0.010816
v -0.011588 0.003000 0.009380
v -0.010442 0.003000 0.008972
v -0.009438 0.003000 0.009664
v 0.009513 0.000504 -0.010942
v 0.010417 0.000502 -0.011500
v 0.011349 0.000510 -0.011295
v 0.011852 0.000502 -0.010507
v 0.011756 0.000502 -0.009703
v 0.011073 0.000503 -0.009048
v 0.010130 0.000502 -0.009072
v 0.009413 0.000507 -0.009762
v 0.011939 0.003000 -0.010147
v 0.011123 0.003000 -0.009068
v 0.010044 0.003000 -0.009093
v 0.009409 0.003000 -0.009828
v 0.009478 0.003000 -0.010881
v 0.010371 0.003000 -0.011492
v 0.011296 0.003000 -0.011332
v -0.035259 -0.002257 0.006289
v -0.035158 -0.001078 0.006891
v -0.034970 -0.000352 0.007777
v -0.029150 -0.011291 0.004513
v -0.029537 -0.011409 0.000940
v -0.029149 -0.011285 -0.004518
v -0.029547 -0.011184 0.005175
v -0.029587 -0.011620 0.004924
v -0.029686 -0.011879 0.004465
v -0.035277 -0.011231 0.006178
v -0.035815 -0.001718 0.005984
v -0.035628 -0.000308 0.007057
v -0.035353 0.000414 0.008369
v 0.036312 0.000471 -0.002201
v 0.034419 0.000500 -0.011597
v 0.031121 0.000500 -0.018725
v 0.026368 0.000500 -0.024977
v 0.020382 0.000500 -0.030062
v 0.013443 0.000500 -0.033740
v 0.005876 0.000500 -0.035841
v -0.001966 0.000500 -0.036267
v -0.009717 0.000500 -0.034996
v -0.017013 0.000500 -0.032089
v -0.023513 0.000500 -0.027682
v -0.028914 0.000500 -0.021980
v -0.032963 0.000500 0.015250
v -0.028914 0.000500 0.021980
v -0.023513 0.000500 0.027682
v -0.017013 0.000500 0.032089
v -0.009717 0.000500 0.034996
v -0.001966 0.000500 0.036267
v 0.013443 0.000500 0.033740
v 0.005876 0.000500 0.035841
v 0.020382 0.000500 0.030062
v 0.026368 0.000500 0.024977
v 0.031121 0.000500 0.018725
v 0.034419 0.000500 0.011597
v 0.036107 0.000500 0.003927
v -0.032963 0.000500 -0.015250
v -0.035025 -0.000481 -0.007520
v -0.035250 -0.002003 -0.006328
v -0.035356 0.000414 -0.008358
v -0.035699 -0.000582 -0.006732
v -0.035841 -0.002154 -0.005881
v -0.029658 -0.011860 -0.004550
v -0.029549 -0.011372 -0.005123
v -0.035875 -0.011292 -0.005692
v -0.035286 -0.011382 -0.006134
v -0.035386 -0.011866 -0.005524
v -0.035820 -0.011900 0.000000
v -0.035400 -0.011882 0.005454
v -0.035318 -0.011613 0.005942
v -0.036320 -0.011400 0.000000
v -0.035873 -0.011262 0.005713
v -0.033299 0.002881 0.014281
v -0.035246 0.002648 0.008683
v -0.030693 0.002662 0.019388
v -0.027178 0.002706 0.024057
v -0.022972 0.002663 0.028111
v -0.018169 0.002658 0.031433
v -0.012888 0.002662 0.033939
v -0.007258 0.002615 0.035579
v -0.001495 0.002709 0.036263
v 0.004362 0.002704 0.036034
v 0.010081 0.002710 0.034864
v 0.015562 0.002660 0.032800
v 0.020588 0.002708 0.029890
v 0.025134 0.002705 0.026186
v 0.029005 0.002710 0.021814
v 0.032048 0.002881 0.016904
v 0.034428 0.002662 0.011518
v 0.035833 0.002699 0.005803
v 0.036212 0.002892 -0.000000
v 0.035836 0.002699 -0.005782
v 0.034434 0.002662 -0.011502
v 0.032048 0.002881 -0.016904
v 0.025149 0.002705 -0.026171
v 0.028948 0.002895 -0.021761
v 0.020606 0.002708 -0.029878
v 0.015578 0.002659 -0.032793
v 0.004383 0.002705 -0.036031
v 0.010104 0.002710 -0.034858
v -0.001473 0.002708 -0.036265
v -0.007253 0.002705 -0.035564
v -0.018155 0.002659 -0.031441
v -0.012865 0.002710 -0.033936
v -0.022961 0.002708 -0.028108
v -0.027164 0.002706 -0.024073
v -0.033396 0.002662 -0.014238
v -0.030682 0.002662 -0.019405
v -0.035228 0.002798 -0.008631
v -0.036202 0.002500 -0.000000
v -0.036147 0.002795 -0.003000
v -0.036181 0.002700 0.002932
v -0.035589 0.002998 -0.005237
v -0.034981 0.002986 0.008695
v -0.007139 0.002988 0.035329
v 0.034144 0.002981 -0.011464
v 0.015382 0.002983 -0.032564
v -0.018063 0.002977 -0.031168
v -0.030477 0.002977 -0.019205
v -0.033159 0.002981 -0.014061
v -0.030404 0.002985 0.019298
v -0.022735 0.002979 0.027940
v -0.017964 0.002975 0.031229
v -0.012702 0.002986 0.033695
v 0.015499 0.002984 0.032507
v 0.034183 0.002981 0.011347
v 0.035498 0.002988 -0.005828
v 0.024875 0.002989 -0.025984
v 0.020387 0.002989 -0.029638
v 0.009959 0.002986 -0.034572
v 0.004280 0.002986 -0.035722
v -0.001501 0.002985 -0.035949
v -0.007252 0.002986 -0.035239
v -0.012801 0.002990 -0.033613
v -0.022796 0.002989 -0.027828
v -0.026965 0.002989 -0.023811
v -0.035863 0.002983 0.002947
v -0.026885 0.002989 0.023898
v -0.001395 0.002985 0.035953
v 0.004389 0.002986 0.035709
v 0.010064 0.002986 0.034541
v 0.020483 0.002988 0.029574
v 0.024961 0.002989 0.025903
v 0.028790 0.002989 0.021567
v 0.035521 0.002986 0.005715
v -0.020000 0.003000 -0.023000
v 0.022959 0.003000 -0.024852
v 0.020115 0.003000 -0.024904
v 0.020000 0.003000 -0.023000
v 0.020052 0.003000 0.022859
v 0.022943 0.003000 0.022872
v 0.020000 0.003000 -0.006109
v 0.020000 0.003000 -0.020000
v -0.020000 0.003000 -0.020000
v -0.022948 0.003000 0.022859
v -0.020057 0.003000 0.022872
v -0.022956 0.003000 -0.024865
v -0.020096 0.003000 -0.024885
v 0.009196 0.003000 -0.008308
v 0.015318 0.003000 -0.008308
v -0.020000 0.018477 -0.022942
v 0.020000 0.018807 -0.022935
v -0.020000 0.026956 -0.021117
v 0.020000 0.027337 -0.020955
v 0.020000 0.018523 -0.019941
v -0.020000 0.018223 -0.019947
v -0.020000 0.025965 -0.018278
v 0.020000 0.026297 -0.018135
v 0.020022 0.058105 0.022709
v 0.020040 0.060711 -0.002082
v -0.019997 0.062088 -0.001439
v -0.020002 0.062950 0.022664
v 0.022886 0.015675 -0.024904
v -0.020015 0.020301 -0.024370
v -0.020205 0.015676 -0.024946
v -0.020021 0.026706 -0.022801
v -0.020330 0.029650 -0.021876
v -0.020288 0.025146 -0.023583
v -0.020335 0.020462 -0.024634
v -0.019982 0.063275 -0.004196
v -0.022984 0.019193 -0.024504
v -0.022723 0.015676 -0.024967
v -0.022889 0.025072 -0.023528
v -0.022889 0.029499 -0.021849
v -0.022712 0.020456 -0.024623
v -0.022969 0.062790 0.022697
v -0.020006 0.063156 -0.005881
v -0.020279 0.062979 -0.006302
v -0.019612 0.089908 0.006282
v -0.019382 0.093507 0.009931
v -0.019357 0.089730 0.006522
v -0.022704 0.063298 -0.006153
v -0.022979 0.062769 -0.006054
v -0.022058 0.089907 0.006281
v -0.022308 0.089739 0.006508
v -0.022640 0.063497 0.022984
v 0.022889 0.020500 -0.024542
v 0.022712 0.025146 -0.023583
v 0.022716 0.029622 -0.021875
v 0.022982 0.026500 -0.022870
v 0.022958 0.058223 0.022787
v 0.020014 0.019192 -0.024501
v 0.020277 0.015676 -0.024967
v 0.020201 0.029558 -0.021872
v 0.020335 0.025144 -0.023595
v 0.020288 0.020456 -0.024623
v 0.022661 0.058357 -0.008471
v 0.022976 0.058297 -0.008208
v 0.020014 0.025175 -0.023287
v 0.020106 0.058212 -0.008452
v 0.020187 0.061422 -0.005056
v 0.025817 0.070297 -0.002607
v 0.023687 0.064195 -0.005290
v 0.025487 0.070576 -0.002779
v 0.023441 0.064463 -0.005598
v 0.021912 0.068804 -0.001613
v 0.023253 0.071547 -0.002232
v 0.020833 0.064854 -0.005344
v 0.035097 0.089878 0.006239
v 0.034250 0.093628 0.009987
v 0.032565 0.089950 0.006287
v 0.032330 0.089940 0.006508
v 0.023256 0.062256 0.022804
v 0.024206 0.066335 0.022808
v 0.025791 0.070138 0.022667
v 0.022693 0.061222 0.022996
v 0.020524 0.061914 0.022983
v 0.021664 0.068116 0.001375
v 0.021921 0.067948 0.022977
v 0.023170 0.071516 0.022704
v 0.020374 0.062761 0.022665
v 0.021430 0.067244 0.022665
v 0.044850 0.115142 0.022709
v 0.046830 0.119048 0.022975
v -0.020268 0.063195 0.022971
v -0.018316 0.130893 0.022647
v -0.018595 0.130837 0.022973
v -0.017717 0.136363 0.022683
v -0.016396 0.141470 0.022895
v -0.014117 0.146249 0.022681
v -0.011015 0.150963 0.022886
v -0.007421 0.154769 0.022887
v -0.003135 0.158059 0.022886
v 0.001739 0.160677 0.022892
v 0.006798 0.162310 0.022692
v 0.012265 0.163222 0.022659
v 0.017750 0.163235 0.022714
v 0.023050 0.162442 0.022895
v 0.027951 0.160717 0.022693
v 0.033104 0.158085 0.022889
v 0.037226 0.154944 0.022886
v 0.041056 0.150937 0.022895
v 0.044140 0.146335 0.022880
v 0.046291 0.141497 0.022664
v 0.047739 0.136264 0.022656
v 0.048398 0.130917 0.022882
v 0.048118 0.125473 0.022895
v 0.046880 0.120241 0.022672
v -0.014313 0.146441 0.022972
v 0.012185 0.163491 0.022972
v 0.046535 0.141642 0.022977
v 0.048007 0.136385 0.022978
v -0.018076 0.136226 0.022983
v 0.006793 0.162641 0.022983
v 0.017652 0.163552 0.022983
v 0.028237 0.160944 0.022983
v 0.033827 0.093014 0.013000
v -0.018310 0.130831 0.013000
v -0.019252 0.093014 0.013000
v -0.017575 0.136444 0.013000
v -0.015065 0.144355 0.013000
v -0.017366 0.137813 0.013000
v -0.011405 0.150322 0.013000
v -0.006568 0.155398 0.013000
v -0.000786 0.159343 0.013000
v 0.003968 0.161288 0.013000
v 0.006002 0.162045 0.013000
v 0.012551 0.163218 0.013000
v 0.019588 0.162999 0.013000
v 0.026355 0.161294 0.013000
v 0.032664 0.158252 0.013000
v 0.038177 0.153939 0.013000
v 0.042667 0.148568 0.013000
v 0.045959 0.142292 0.013000
v 0.047839 0.135643 0.013000
v 0.048276 0.128605 0.013000
v 0.047267 0.121787 0.013000
v 0.044843 0.115206 0.013000
v 0.025082 0.069259 0.022973
v 0.048287 0.115424 0.022688
v -0.021241 0.130710 0.022876
v -0.022131 0.093542 0.010000
v -0.021309 0.130903 0.010000
v -0.020293 0.138591 0.010000
v -0.016836 0.147448 0.022695
v -0.017571 0.146026 0.010000
v -0.013353 0.152699 0.010000
v -0.007808 0.158265 0.010000
v -0.001198 0.162508 0.010000
v 0.006181 0.165232 0.010000
v 0.014063 0.166285 0.010000
v 0.021929 0.165633 0.010000
v 0.028235 0.163786 0.022721
v 0.029220 0.163413 0.010000
v 0.036146 0.159529 0.010000
v 0.042015 0.154268 0.010000
v 0.046599 0.147808 0.010000
v 0.049811 0.140227 0.010000
v 0.051422 0.131707 0.022661
v 0.051444 0.131727 0.010000
v 0.037010 0.093624 0.010000
v 0.035407 0.089600 0.006427
v 0.037172 0.093074 0.010000
v 0.048317 0.115434 0.010000
v 0.052080 0.117719 0.010000
v 0.054460 0.117497 0.010000
v 0.052790 0.117741 0.022707
v 0.051062 0.117539 0.022663
v 0.049379 0.116695 0.022784
v 0.049868 0.117001 0.010000
v 0.052803 0.118029 0.022973
v 0.050991 0.117800 0.022970
v 0.048329 0.116077 0.022974
v 0.056957 0.128079 0.010000
v 0.059126 0.126319 0.010000
v 0.060116 0.124172 0.010000
v 0.060132 0.121938 0.010000
v 0.059232 0.119824 0.010000
v 0.056501 0.117771 0.010000
v 0.058094 0.118664 0.010000
v 0.058143 0.126927 0.022978
v 0.059596 0.124897 0.022972
v 0.059901 0.122777 0.022983
v 0.059130 0.120264 0.022993
v 0.055930 0.117922 0.022996
v 0.056317 0.127980 0.022961
v 0.056431 0.128215 0.022666
v 0.059312 0.125892 0.022807
v 0.060099 0.123748 0.022804
v 0.059939 0.121513 0.022807
v 0.058052 0.118704 0.022803
v 0.058217 0.127239 0.022699
v 0.059259 0.119904 0.022700
v 0.056626 0.117839 0.022698
v 0.054901 0.117530 0.022712
v 0.060177 0.122617 0.022665
v 0.059867 0.124877 0.022619
v 0.053008 0.129400 0.010000
v 0.052455 0.130010 0.022654
v 0.053960 0.128869 0.022697
v 0.051076 0.131979 0.022976
v 0.052967 0.129230 0.022952
v 0.054466 0.128377 0.022978
v 0.051696 0.130572 0.022963
v -0.020429 0.136559 0.022972
v -0.019088 0.142229 0.022895
v -0.016534 0.147333 0.022983
v -0.013450 0.152425 0.022889
v -0.009545 0.156649 0.022887
v -0.005070 0.160145 0.022895
v -0.000004 0.162759 0.022972
v 0.005411 0.164682 0.022983
v 0.011055 0.165999 0.022895
v 0.016786 0.165940 0.022983
v 0.022484 0.165245 0.022972
v 0.027980 0.163561 0.022983
v 0.033305 0.161249 0.022895
v 0.037973 0.158016 0.022886
v 0.042083 0.154063 0.022888
v 0.045423 0.149203 0.022986
v 0.048328 0.144170 0.022895
v 0.049978 0.138689 0.022965
v 0.005385 0.165002 0.022702
v 0.016761 0.166234 0.022736
v 0.045792 0.149230 0.022694
v -0.020669 0.136819 0.022637
v -0.000057 0.163038 0.022655
v 0.022527 0.165507 0.022680
v 0.050199 0.138810 0.022701
v 0.053453 0.126369 0.022998
v 0.051447 0.121593 0.022999
v 0.051327 0.124224 0.022998
v 0.052961 0.119907 0.022999
v 0.056110 0.126260 0.022999
v 0.055557 0.119499 0.022998
v 0.057936 0.121414 0.022998
v 0.058005 0.124433 0.022998
v 0.054725 0.119982 0.022499
v 0.055994 0.120271 0.022498
v 0.057020 0.121062 0.022498
v 0.057619 0.122210 0.022498
v 0.057681 0.123506 0.022498
v 0.057193 0.124708 0.022498
v 0.055962 0.125772 0.022496
v 0.054707 0.125999 0.022500
v 0.053401 0.125748 0.022496
v 0.052200 0.124675 0.022498
v 0.051728 0.123466 0.022498
v 0.051806 0.122172 0.022498
v 0.052420 0.121032 0.022498
v 0.053457 0.120254 0.022498
v 0.054085 0.125978 0.010504
v 0.052648 0.125203 0.010502
v 0.051783 0.123843 0.010500
v 0.051796 0.122210 0.010502
v 0.052395 0.121062 0.010502
v 0.053626 0.120158 0.010493
v 0.055523 0.120050 0.010513
v 0.057212 0.121268 0.010504
v 0.057749 0.123132 0.010500
v 0.057215 0.124675 0.010502
v 0.056013 0.125748 0.010504
v 0.055564 0.126444 0.010001
v 0.057476 0.125222 0.010001
v 0.058182 0.123484 0.010000
v 0.057968 0.121593 0.010001
v 0.056039 0.119642 0.010003
v 0.053499 0.119654 0.010001
v 0.051334 0.121654 0.010005
v 0.051509 0.124599 0.010001
v 0.053305 0.126260 0.010001
v -0.009152 0.051468 -0.009686
v -0.009093 0.062119 -0.004715
v 0.009028 0.061503 -0.004976
v 0.008977 0.052106 -0.009373
v 0.018761 0.073785 0.000711
v 0.016801 0.073607 0.000628
v 0.017825 0.073407 0.000535
v -0.011893 0.081387 0.004260
v -0.013853 0.081208 0.004177
v -0.014017 0.052107 -0.009369
v -0.012829 0.081008 0.004084
v 0.013841 0.051473 -0.009681
v -0.011339 0.082528 0.004793
v -0.013851 0.062157 -0.004696
v 0.018930 0.076188 0.001833
v 0.009972 0.051318 -0.009739
v 0.003822 0.093680 0.010000
v -0.011725 0.083790 0.005383
v -0.013027 0.051321 -0.009736
v 0.009963 0.062307 -0.004615
v 0.017955 0.076701 0.002072
v -0.012699 0.084302 0.005622
v -0.013764 0.084174 0.005562
v 0.019316 0.074927 0.001244
v 0.016890 0.076572 0.002013
v 0.016118 0.074420 0.001008
v 0.015999 0.075466 0.001496
v 0.013884 0.062096 -0.004719
v 0.013015 0.093684 0.010001
v -0.014655 0.083068 0.005045
v -0.014536 0.082021 0.004557
v -0.009103 0.050261 -0.006984
v 0.008843 0.050828 -0.006715
v -0.009147 0.060907 -0.002012
v -0.011704 0.081512 0.007629
v -0.013007 0.080985 0.007384
v 0.016948 0.076599 0.005336
v -0.013706 0.084200 0.008885
v 0.018006 0.076689 0.005378
v 0.013292 0.061133 -0.001902
v 0.017139 0.073480 0.003880
v 0.008807 0.060209 -0.002333
v -0.014311 0.081512 0.007629
v 0.019329 0.074842 0.004515
v 0.016249 0.074079 0.004159
v 0.016028 0.075568 0.004855
v -0.014627 0.083170 0.008404
v 0.013882 0.050276 -0.006982
v -0.014163 0.060316 -0.002284
v 0.009825 0.061018 -0.001979
v 0.018893 0.076214 0.005156
v -0.011388 0.083170 0.008404
v 0.018371 0.073508 0.003893
v -0.012366 0.084234 0.008900
v -0.012911 0.051743 -0.009143
v -0.012813 0.051860 -0.008501
v -0.012719 0.051740 -0.008043
v -0.012781 0.051212 -0.007347
v -0.013101 0.050250 -0.007039
v -0.013453 0.052285 -0.008904
v -0.013101 0.052193 -0.008384
v -0.012975 0.051961 -0.007823
v -0.013099 0.051666 -0.007290
v -0.013428 0.051281 -0.006916
v -0.014026 0.050938 -0.006689
v -0.010160 0.051164 -0.007308
v -0.013577 0.061373 -0.004845
v -0.013291 0.060988 -0.004682
v -0.012967 0.060491 -0.004019
v -0.013100 0.060190 -0.003307
v -0.013539 0.060139 -0.002659
v -0.009431 0.052299 -0.009024
v -0.009914 0.052144 -0.008395
v -0.010025 0.051961 -0.007822
v -0.009850 0.051594 -0.007175
v -0.009299 0.051208 -0.006739
v -0.009974 0.051600 -0.009426
v -0.010236 0.051834 -0.008740
v -0.010295 0.051686 -0.007903
v -0.009935 0.050543 -0.007067
v -0.012885 0.061901 -0.004618
v -0.012771 0.061161 -0.004354
v -0.012708 0.060685 -0.003755
v -0.012760 0.060536 -0.003160
v -0.012894 0.060634 -0.002550
v -0.013141 0.061023 -0.001978
v -0.009936 0.061827 -0.004634
v -0.010190 0.061295 -0.004430
v -0.010327 0.060853 -0.004014
v -0.010278 0.060579 -0.003455
v -0.010184 0.060549 -0.002854
v -0.009988 0.060709 -0.002354
v -0.009299 0.061162 -0.004963
v -0.009767 0.060904 -0.004610
v -0.010005 0.060596 -0.004136
v -0.009994 0.060287 -0.003593
v -0.009768 0.060173 -0.003024
v -0.009303 0.060080 -0.002595
v 0.013569 0.052299 -0.009024
v 0.013086 0.052144 -0.008395
v 0.012975 0.051961 -0.007822
v 0.013150 0.051594 -0.007175
v 0.012840 0.051164 -0.007308
v 0.013701 0.051208 -0.006739
v 0.013026 0.051600 -0.009426
v 0.012764 0.051834 -0.008740
v 0.012705 0.051686 -0.007903
v 0.013065 0.050543 -0.007067
v 0.010089 0.051743 -0.009143
v 0.010364 0.051818 -0.008419
v 0.009956 0.050080 -0.007084
v 0.013018 0.061861 -0.004630
v 0.012772 0.061168 -0.004359
v 0.012703 0.060618 -0.003624
v 0.012804 0.060530 -0.002948
v 0.013026 0.060771 -0.002275
v 0.013699 0.061186 -0.004954
v 0.013233 0.060903 -0.004610
v 0.012995 0.060596 -0.004136
v 0.013006 0.060287 -0.003593
v 0.013322 0.060146 -0.002884
v 0.014047 0.060119 -0.002401
v 0.009547 0.052285 -0.008904
v 0.009949 0.052040 -0.008448
v 0.010296 0.051615 -0.007814
v 0.010029 0.051893 -0.007673
v 0.010261 0.051034 -0.007241
v 0.009777 0.051447 -0.007105
v 0.009376 0.051010 -0.006842
v 0.009678 0.061002 -0.004719
v 0.010033 0.060491 -0.004019
v 0.009949 0.060331 -0.003253
v 0.009461 0.060139 -0.002659
v 0.010196 0.061600 -0.004553
v 0.010258 0.061049 -0.004244
v 0.010281 0.060630 -0.003658
v 0.010157 0.060579 -0.002682
v -0.001065 0.131281 0.013000
v 0.003288 0.131176 0.013000
v -0.000625 0.133083 0.013000
v 0.002745 0.133187 0.013000
v 0.001032 0.133910 0.013000
v 0.000228 0.129639 0.013000
v 0.002072 0.129751 0.013000
v 0.005859 0.125936 0.013000
v 0.006425 0.134946 0.013000
v 0.005232 0.131885 0.013000
v 0.005154 0.128966 0.013000
v 0.008142 0.137218 0.013000
v 0.016036 0.145501 0.013000
v 0.017912 0.140216 0.013000
v 0.018592 0.139297 0.013000
v 0.017718 0.143790 0.013000
v 0.024947 0.130186 0.013000
v 0.023973 0.134326 0.013000
v 0.024141 0.125936 0.013000
v 0.015096 0.114340 0.013000
v 0.013004 0.115133 0.013000
v 0.011161 0.144359 0.013000
v 0.013731 0.145386 0.013000
v 0.009710 0.145061 0.013000
v 0.008419 0.144754 0.013000
v 0.012240 0.143670 0.013000
v 0.011706 0.142361 0.013000
v 0.007631 0.141813 0.013000
v 0.010301 0.140815 0.013000
v 0.012082 0.140235 0.013000
v 0.007396 0.143553 0.013000
v 0.011436 0.139314 0.013000
v 0.008669 0.140882 0.013000
v 0.021858 0.137218 0.013000
v 0.021399 0.140299 0.013000
v 0.021377 0.141931 0.013000
v 0.022243 0.143011 0.013000
v 0.022942 0.139018 0.013000
v 0.025242 0.142503 0.013000
v 0.025503 0.140427 0.013000
v 0.023612 0.143348 0.013000
v 0.024521 0.139308 0.013000
v 0.030386 0.129975 0.013000
v 0.031071 0.128255 0.013000
v 0.027297 0.129873 0.013000
v 0.026729 0.128132 0.013000
v 0.028848 0.130451 0.013000
v 0.030465 0.126737 0.013000
v 0.027273 0.126835 0.013000
v 0.028720 0.126093 0.013000
v 0.019253 0.115243 0.013000
v 0.016728 0.114966 0.013000
v 0.017787 0.116382 0.013000
v 0.018303 0.116768 0.013000
v 0.018745 0.118486 0.013000
v 0.017918 0.119765 0.013000
v 0.018561 0.120682 0.013000
v 0.022236 0.118385 0.013000
v 0.020645 0.119350 0.013000
v 0.021858 0.122782 0.013000
v 0.022648 0.116574 0.013000
v 0.021241 0.115041 0.013000
v 0.005498 0.116889 0.013000
v 0.004531 0.119562 0.013000
v 0.004505 0.118126 0.013000
v 0.005586 0.120796 0.013000
v 0.008392 0.120140 0.013000
v 0.011416 0.120695 0.013000
v 0.012181 0.116638 0.013000
v 0.012072 0.119816 0.013000
v 0.008687 0.118288 0.013000
v 0.008261 0.122641 0.013000
v 0.006976 0.120946 0.013000
v 0.007570 0.116803 0.013000
v 0.026527 0.119499 0.013000
v 0.026157 0.118492 0.013000
v 0.025882 0.120521 0.013000
v 0.024825 0.120589 0.013000
v 0.024093 0.119956 0.013000
v 0.024112 0.118742 0.013000
v 0.025146 0.118109 0.013000
v 0.003506 0.140916 0.013000
v 0.003880 0.139618 0.013000
v 0.004078 0.141679 0.013000
v 0.004997 0.141869 0.013000
v 0.006028 0.140442 0.013000
v 0.005783 0.141352 0.013000
v 0.005337 0.139440 0.013000
v 0.003944 0.116610 0.013000
v 0.026328 0.123556 0.013000
v 0.003379 0.139196 0.013000
v 0.022666 0.139116 0.010000
v 0.021348 0.140427 0.010000
v 0.021421 0.142042 0.010000
v 0.022794 0.143325 0.010000
v 0.024603 0.143018 0.010000
v 0.025474 0.141931 0.010000
v 0.025452 0.140299 0.010000
v 0.024290 0.139182 0.010000
v 0.028687 0.126134 0.010000
v 0.027527 0.126595 0.010000
v 0.026718 0.128014 0.010000
v 0.027257 0.129777 0.010000
v 0.028709 0.130461 0.010000
v 0.030494 0.129873 0.010000
v 0.031062 0.128133 0.010000
v 0.030249 0.126516 0.010000
v 0.006991 0.116681 0.010000
v 0.005237 0.117047 0.010000
v 0.004377 0.118715 0.010000
v 0.004935 0.120301 0.010000
v 0.006648 0.121022 0.010000
v 0.008119 0.120360 0.010000
v 0.008779 0.118882 0.010000
v 0.008203 0.117380 0.010000
v 0.001056 0.129532 0.010000
v -0.000265 0.130008 0.010000
v -0.001087 0.131417 0.010000
v -0.000536 0.133187 0.010000
v 0.001179 0.133905 0.010000
v 0.002834 0.133083 0.010000
v 0.003273 0.131281 0.010000
v 0.002377 0.129935 0.010000
v 0.012252 0.116293 0.010515
v 0.013828 0.114556 0.010492
v 0.016139 0.114558 0.010519
v 0.017760 0.116293 0.010511
v 0.018307 0.116992 0.010025
v 0.017484 0.114875 0.010002
v 0.015282 0.113876 0.010001
v 0.013223 0.114357 0.010001
v 0.011782 0.116104 0.010001
v 0.017908 0.119770 0.010505
v 0.019952 0.114998 0.010000
v 0.018777 0.115743 0.010000
v 0.018699 0.118375 0.010000
v 0.020067 0.119280 0.010000
v 0.021796 0.118867 0.010000
v 0.022553 0.117722 0.010000
v 0.022599 0.116593 0.010000
v 0.021616 0.115210 0.010000
v 0.018575 0.120689 0.010497
v 0.009175 0.138005 0.010500
v 0.007018 0.135896 0.010518
v 0.005280 0.132129 0.010506
v 0.005267 0.128005 0.010506
v 0.006424 0.125054 0.010500
v 0.008208 0.122715 0.010512
v 0.011436 0.120684 0.010503
v 0.012092 0.140230 0.010505
v 0.017745 0.143716 0.010503
v 0.016172 0.145444 0.010492
v 0.013861 0.145442 0.010519
v 0.012261 0.143741 0.010509
v 0.009699 0.140683 0.010000
v 0.007770 0.141489 0.010000
v 0.007455 0.143720 0.010000
v 0.008978 0.145053 0.010000
v 0.010913 0.144595 0.010000
v 0.011152 0.141428 0.010000
v 0.011708 0.142977 0.010025
v 0.012719 0.145400 0.010003
v 0.016167 0.146041 0.010005
v 0.018243 0.143813 0.010000
v 0.011424 0.139310 0.010498
v 0.011492 0.140025 0.009998
v 0.021762 0.122663 0.010458
v 0.023576 0.125054 0.010500
v 0.024703 0.127866 0.010506
v 0.024746 0.132006 0.010506
v 0.023079 0.135762 0.010518
v 0.020825 0.138005 0.010500
v 0.018567 0.139313 0.010503
v 0.018457 0.119921 0.009997
v 0.012091 0.119752 0.010492
v 0.011539 0.119938 0.009997
v 0.007755 0.122449 0.010000
v 0.005468 0.125760 0.010001
v 0.004512 0.129866 0.010000
v 0.005468 0.134239 0.010001
v 0.007962 0.137804 0.010000
v 0.017921 0.140228 0.010487
v 0.022021 0.137784 0.010000
v 0.024626 0.134067 0.010001
v 0.025459 0.129677 0.010000
v 0.024532 0.125760 0.010001
v 0.022139 0.122354 0.010000
v 0.018508 0.140026 0.009998
v 0.025373 0.118112 0.010503
v 0.024464 0.118392 0.010506
v 0.024020 0.119067 0.010500
v 0.024118 0.120003 0.010503
v 0.024988 0.120648 0.010503
v 0.026033 0.120401 0.010503
v 0.026530 0.119445 0.010503
v 0.026199 0.118556 0.010505
v 0.026707 0.120534 0.010003
v 0.026801 0.118429 0.010003
v 0.025184 0.117566 0.010003
v 0.023866 0.118276 0.010000
v 0.023456 0.119745 0.010003
v 0.024730 0.121142 0.010003
v 0.004215 0.139412 0.010490
v 0.003484 0.140416 0.010503
v 0.003782 0.141448 0.010503
v 0.004629 0.141871 0.010501
v 0.005663 0.141547 0.010506
v 0.006019 0.140389 0.010503
v 0.005406 0.139503 0.010502
v 0.004488 0.142421 0.010003
v 0.006160 0.141732 0.010001
v 0.006518 0.140265 0.010001
v 0.005521 0.138974 0.010002
v 0.004052 0.138976 0.010000
v 0.003163 0.139822 0.010001
v 0.003067 0.141282 0.010002
v 0.022718 0.101016 0.009992
v 0.021325 0.101159 0.010002
v 0.017339 0.100593 0.010000
v 0.006259 0.095253 0.009980
v 0.007602 0.094433 0.009980
v 0.012661 0.100593 0.010000
v 0.017800 0.093788 0.010000
v 0.023706 0.095247 0.009975
v 0.022289 0.094410 0.009958
v 0.036587 0.123293 0.010000
v 0.022771 0.095024 0.009644
v 0.021888 0.094841 0.008919
v 0.020882 0.094159 0.007859
v 0.021292 0.094738 0.007752
v 0.007475 0.094973 0.009523
v 0.009069 0.094167 0.008157
v 0.008675 0.094749 0.007986
v 0.020307 0.100475 0.007948
v 0.021344 0.100658 0.009396
v 0.007495 0.100967 0.009976
v 0.008682 0.100654 0.009345
v 0.009671 0.100473 0.008040
v 0.020702 0.094127 -0.001279
v 0.009307 0.094125 -0.001291
v 0.008866 0.094714 -0.001382
v 0.012199 0.093788 -0.001400
v 0.017800 0.093788 -0.001400
v 0.020654 0.094634 -0.001833
v 0.021169 0.094718 -0.001273
v 0.020239 0.100967 0.009067
v 0.019651 0.100868 0.007496
v 0.014494 0.094143 -0.001900
v 0.019591 0.100342 -0.001852
v 0.020143 0.100445 -0.001327
v 0.019511 0.100849 -0.001283
v 0.009466 0.094615 -0.001862
v 0.010560 0.100320 -0.001882
v 0.010281 0.100879 0.007922
v 0.008925 0.101147 0.009994
v 0.015171 0.100508 -0.001351
v 0.010469 0.100850 -0.001278
v 0.009903 0.100443 -0.001449
v 0.043171 0.077530 0.000500
v 0.043527 0.077530 -0.009500
v 0.041650 0.078311 0.000500
v 0.041707 0.078207 -0.009500
v 0.041036 0.079890 0.000500
v 0.041067 0.079776 -0.009500
v 0.041734 0.081450 0.000500
v 0.041634 0.081388 -0.009500
v 0.043277 0.082148 0.000500
v 0.043421 0.082148 -0.009500
v 0.044683 0.081663 0.000500
v 0.045158 0.081278 -0.009500
v 0.045656 0.080293 0.000500
v 0.045619 0.079391 -0.009500
v 0.044991 0.078208 0.000500
v 0.044872 0.078164 -0.009500
v 0.047052 0.077950 -0.009500
v 0.047496 0.079910 -0.009500
v 0.040952 0.083217 -0.009500
v 0.042663 0.083918 -0.009500
v 0.047055 0.081691 -0.009500
v 0.045669 0.076398 -0.009500
v 0.043546 0.075657 -0.009500
v 0.041333 0.076228 -0.009500
v 0.045921 0.083092 -0.009500
v 0.039791 0.077624 -0.009500
v 0.039177 0.080230 -0.009500
v 0.039935 0.082151 -0.009500
v 0.044339 0.083857 -0.009500
v 0.042245 0.075876 -0.024705
v 0.040810 0.076552 -0.027482
v 0.039747 0.077789 -0.029841
v 0.039268 0.079047 -0.031302
v 0.039414 0.081264 -0.032769
v 0.040766 0.083085 -0.032762
v 0.042922 0.083999 -0.031170
v 0.045151 0.083588 -0.027852
v 0.046589 0.082391 -0.024061
v 0.047302 0.081143 -0.021104
v 0.046512 0.077095 -0.017565
v 0.047435 0.079080 -0.018008
v 0.044117 0.075737 -0.021259
v -0.043450 0.085079 0.000500
v 0.046851 0.070927 0.000500
v 0.004269 0.061522 -0.043258
v 0.000636 0.059367 -0.043498
v 0.013603 0.060882 -0.041402
v 0.006993 0.058149 -0.042941
v 0.024732 0.058302 -0.035901
v 0.020001 0.057854 -0.038684
v 0.028547 0.058325 -0.032806
v 0.030774 0.058365 -0.030969
v 0.038271 0.058152 -0.021211
v 0.035485 0.057891 -0.025461
v 0.039423 0.058149 -0.018682
v 0.041497 0.058149 -0.014130
v 0.044859 0.065694 0.000500
v 0.043367 0.058291 -0.007070
v 0.044024 0.059654 0.000500
v -0.043556 0.057528 -0.005742
v -0.044001 0.057279 0.000500
v -0.041840 0.074713 -0.013026
v -0.039504 0.057524 -0.018840
v -0.035123 0.057029 -0.026011
v -0.031384 0.062202 -0.030286
v -0.028952 0.056826 -0.032532
v -0.023242 0.064587 -0.036982
v -0.013683 0.063622 -0.041386
v -0.020144 0.058627 -0.038630
v -0.010066 0.064563 -0.042379
v -0.004703 0.063095 -0.043250
v -0.042874 0.107949 0.000500
v -0.034763 0.100329 -0.034590
v -0.032993 0.101380 -0.037017
v -0.032047 0.102786 -0.038514
v -0.033674 0.107921 -0.039089
v -0.032258 0.106409 -0.039797
v -0.031722 0.104504 -0.039510
v -0.035342 0.108454 -0.037452
v -0.037076 0.108344 -0.034948
v -0.038505 0.107540 -0.031483
v -0.039606 0.106167 -0.026961
v -0.039763 0.102892 -0.024763
v -0.040024 0.104539 -0.024532
v -0.038790 0.101428 -0.027279
v -0.037280 0.100467 -0.030645
v -0.042353 0.129266 0.000500
v -0.042316 0.129161 -0.012679
v -0.042264 0.129256 -0.024981
v -0.042132 0.128901 -0.035323
v -0.041833 0.129075 -0.037839
v -0.040330 0.128174 -0.041329
v -0.041067 0.128945 -0.040281
v -0.039115 0.126881 -0.042540
v -0.037474 0.125381 -0.043716
v -0.034983 0.122637 -0.044753
v -0.031376 0.119096 -0.045740
v -0.027958 0.115314 -0.046079
v -0.022592 0.109540 -0.046128
v -0.019343 0.106735 -0.046009
v -0.011543 0.098715 -0.045364
v 0.005991 0.090041 -0.045137
v 0.017563 0.088998 -0.044694
v 0.022702 0.089720 -0.044319
v 0.045499 0.095162 -0.037632
v 0.041670 0.095073 -0.040364
v 0.057806 0.095180 -0.012343
v -0.015082 0.086280 -0.043050
v -0.013091 0.086814 -0.043510
v -0.010999 0.086335 -0.043798
v -0.015432 0.079253 -0.041957
v -0.017046 0.081495 -0.041727
v -0.016864 0.084307 -0.042236
v -0.011262 0.078866 -0.042934
v -0.013440 0.078534 -0.042414
v -0.009369 0.084659 -0.043825
v -0.008818 0.082362 -0.043668
v -0.009647 0.080235 -0.043348
v 0.014348 0.072497 -0.042618
v 0.013535 0.074547 -0.043092
v 0.013789 0.076643 -0.043352
v 0.015987 0.071275 -0.041959
v 0.019361 0.071252 -0.040894
v 0.017241 0.070932 -0.041553
v 0.021563 0.076411 -0.041520
v 0.021821 0.074690 -0.040930
v 0.021050 0.072676 -0.040631
v 0.017952 0.079241 -0.043098
v 0.020439 0.078163 -0.042330
v 0.015376 0.078567 -0.043404
v -0.043176 0.090619 -0.004196
v 0.001941 0.072524 -0.043820
v 0.008487 0.073436 -0.043588
v 0.039432 0.085449 -0.035676
v 0.013088 0.085269 -0.044498
v 0.034719 0.085442 -0.039031
v 0.029847 0.085429 -0.041503
v 0.027412 0.073945 -0.037862
v 0.032380 0.074589 -0.034725
v 0.052278 0.085479 -0.013823
v 0.054133 0.094268 -0.024019
v 0.050877 0.085473 -0.018438
v 0.045815 0.069205 -0.004093
v 0.046766 0.072552 -0.008547
v 0.034150 0.068883 -0.029971
v 0.011085 0.065801 -0.042400
v 0.024282 0.067690 -0.037524
v 0.029222 0.067709 -0.034104
v 0.022944 0.062974 -0.037369
v 0.019078 0.065904 -0.039748
v 0.027897 0.062986 -0.033942
v 0.032345 0.062996 -0.029855
v 0.046335 0.073819 -0.012831
v 0.039237 0.072247 -0.026029
v 0.043154 0.072613 -0.019748
v 0.040970 0.067761 -0.019564
v 0.037165 0.067741 -0.025768
v 0.044214 0.067778 -0.010810
v 0.042872 0.062821 -0.011004
v 0.039474 0.063005 -0.019914
v 0.035888 0.063005 -0.025607
v 0.044163 0.063036 -0.004086
v -0.028806 0.085039 -0.035676
v -0.031397 0.095087 -0.036316
v -0.026034 0.097391 -0.041081
v -0.040443 0.091403 -0.018785
v -0.038683 0.090605 -0.023495
v -0.042400 0.108515 -0.010401
v -0.041774 0.100208 -0.014772
v -0.038022 0.072903 -0.022039
v -0.035622 0.085425 -0.028283
v -0.036935 0.093874 -0.028572
v -0.032929 0.085005 -0.031658
v -0.035215 0.094125 -0.031561
v -0.035573 0.072815 -0.025916
v -0.032200 0.076101 -0.030663
v -0.027867 0.076137 -0.034719
v -0.040233 0.073803 -0.017493
v -0.027535 0.067208 -0.034104
v -0.024093 0.085076 -0.039031
v -0.022365 0.097151 -0.042852
v -0.022988 0.076177 -0.038114
v -0.019221 0.085111 -0.041503
v -0.003195 0.076290 -0.043831
v -0.017709 0.067277 -0.040022
v -0.018079 0.076214 -0.040602
v -0.042371 0.120540 -0.011133
v -0.041775 0.120546 -0.022685
v -0.041117 0.109022 -0.021219
v -0.041321 0.120552 -0.028205
v -0.040411 0.111652 -0.026694
v -0.039763 0.117026 -0.034418
v -0.041378 0.124868 -0.035116
v -0.038666 0.117509 -0.037351
v -0.039110 0.124069 -0.040705
v -0.031864 0.112335 -0.042686
v -0.016941 0.092893 -0.043761
v 0.026521 0.085913 -0.042817
v 0.038447 0.096623 -0.041657
v 0.038838 0.095948 -0.042113
v 0.044753 0.096647 -0.037649
v 0.050015 0.096661 -0.031980
v 0.054144 0.096663 -0.024066
v 0.057681 0.096605 -0.010852
v 0.058353 0.096650 0.000500
v 0.058841 0.096340 0.000497
v 0.059052 0.095479 0.000500
v 0.041787 0.096579 -0.039888
v 0.042154 0.095914 -0.040253
v 0.045045 0.095891 -0.038182
v 0.047595 0.096434 -0.035478
v 0.047837 0.095869 -0.035650
v 0.048314 0.095300 -0.035107
v 0.050055 0.096266 -0.032897
v 0.050209 0.095451 -0.032958
v 0.051726 0.096430 -0.030209
v 0.052028 0.095510 -0.030362
v 0.053587 0.096269 -0.026814
v 0.053625 0.095425 -0.027127
v 0.055414 0.096439 -0.021427
v 0.055978 0.095533 -0.020812
v 0.056767 0.096445 -0.016476
v 0.057145 0.095558 -0.016433
v 0.058199 0.095658 -0.010883
v 0.058548 0.096121 -0.007304
v 0.058689 0.095364 -0.006356
v 0.059026 0.095604 -0.001996
v 0.036939 0.096391 -0.042005
v 0.037252 0.095916 -0.042588
v 0.037734 0.095310 -0.042566
v 0.056364 0.096650 -0.005833
v 0.056323 0.096571 0.000500
v 0.050691 0.096657 -0.027861
v 0.054567 0.096670 -0.017416
v 0.042252 0.096636 -0.037192
v 0.037602 0.096565 -0.039901
v -0.011537 0.100018 -0.044757
v -0.014233 0.102671 -0.044853
v -0.012874 0.100598 -0.045337
v -0.008533 0.097629 -0.044578
v -0.004585 0.095068 -0.044531
v -0.000219 0.092993 -0.044464
v 0.003334 0.091715 -0.044453
v 0.007803 0.090604 -0.044371
v 0.012433 0.090018 -0.044443
v 0.016383 0.089983 -0.044113
v 0.021159 0.090437 -0.043692
v 0.025916 0.091506 -0.043207
v 0.029547 0.092725 -0.042870
v 0.033507 0.094501 -0.042372
v -0.008779 0.097332 -0.045129
v -0.004875 0.094824 -0.045052
v -0.005037 0.094433 -0.045249
v 0.001286 0.091922 -0.045046
v -0.001701 0.092608 -0.045221
v 0.007865 0.090285 -0.044868
v 0.013697 0.089245 -0.044886
v 0.021302 0.090052 -0.044253
v 0.027456 0.091607 -0.043643
v 0.029293 0.091501 -0.043745
v 0.033717 0.094259 -0.042924
v 0.033531 0.093264 -0.043229
v 0.036440 0.096171 -0.040256
v 0.055923 0.096295 -0.004694
v 0.054363 0.096412 -0.015568
v 0.053218 0.096421 -0.019875
v 0.051701 0.096333 -0.024042
v 0.050493 0.096356 -0.026898
v 0.049072 0.096291 -0.029388
v 0.047249 0.096218 -0.031809
v 0.045358 0.096197 -0.033860
v 0.043299 0.096132 -0.035672
v 0.036939 0.096100 -0.039722
v 0.055439 0.096425 -0.009888
v 0.046682 0.096637 -0.033255
v 0.040246 0.096353 -0.038041
v 0.032585 0.094055 -0.040897
v 0.029153 0.092565 -0.041356
v 0.024520 0.091090 -0.041778
v 0.019626 0.090248 -0.042215
v 0.015898 0.089973 -0.042422
v 0.011123 0.090119 -0.042632
v 0.006210 0.090950 -0.042796
v -0.001893 0.093687 -0.042885
v 0.002508 0.091961 -0.042832
v -0.009288 0.098183 -0.042987
v -0.006135 0.096003 -0.042921
v -0.012638 0.101015 -0.043113
v 0.032822 0.093783 -0.040329
v 0.029369 0.092206 -0.040775
v 0.024500 0.090637 -0.041237
v 0.019780 0.089791 -0.041625
v 0.015715 0.089440 -0.041844
v 0.010741 0.089643 -0.042081
v 0.004283 0.090840 -0.042241
v -0.002036 0.093180 -0.042299
v -0.006170 0.095428 -0.042336
v -0.011229 0.099038 -0.042447
v -0.022882 0.111920 -0.043904
v -0.029367 0.118911 -0.043575
v -0.034781 0.124663 -0.041649
v -0.037066 0.127133 -0.040075
v -0.038209 0.128346 -0.038577
v -0.019288 0.107306 -0.043082
v -0.024255 0.112927 -0.043422
v -0.027748 0.116836 -0.043264
v -0.031071 0.120525 -0.042816
v -0.035604 0.125606 -0.043465
v -0.039403 0.126970 0.000500
v -0.039078 0.127014 -0.026250
v -0.038559 0.127198 0.000500
v -0.038638 0.127160 -0.036009
v -0.038314 0.127520 -0.037547
v -0.038146 0.128152 0.000500
v -0.019100 0.107449 -0.045793
v -0.023719 0.111812 -0.046255
v -0.023703 0.112789 -0.045682
v -0.026841 0.114930 -0.046221
v -0.026447 0.115402 -0.045915
v -0.029632 0.118336 -0.045875
v -0.031375 0.120903 -0.045146
v -0.032590 0.121166 -0.045444
v -0.034911 0.123573 -0.044784
v -0.034401 0.124025 -0.044403
v -0.037301 0.126050 -0.043705
v -0.036867 0.126424 -0.043506
v -0.038999 0.127793 -0.042520
v -0.038349 0.128212 -0.042204
v -0.040130 0.129174 -0.041226
v -0.040176 0.129999 -0.040157
v -0.040591 0.129795 -0.040364
v -0.040921 0.129419 -0.040377
v -0.039634 0.129874 -0.040209
v -0.041795 0.129944 0.000500
v -0.041390 0.129948 -0.037331
v -0.042024 0.129592 -0.034873
v -0.039725 0.129952 0.000500
v -0.035595 0.100223 -0.009500
v -0.037260 0.100453 -0.009500
v -0.038758 0.101387 -0.009500
v -0.039854 0.103156 -0.009500
v -0.039876 0.105605 -0.009500
v -0.038175 0.107848 -0.009500
v -0.036001 0.108511 -0.009500
v -0.034235 0.108169 -0.009500
v -0.032813 0.107156 -0.009500
v -0.032042 0.105889 -0.009500
v -0.031711 0.103823 -0.009500
v -0.032553 0.101867 -0.009500
v -0.033940 0.100694 -0.009500
v -0.033627 0.104911 -0.009500
v -0.033790 0.103483 -0.009500
v -0.037435 0.106121 -0.009500
v -0.035050 0.106564 -0.009500
v -0.034958 0.102196 -0.009500
v -0.036891 0.102318 -0.009500
v -0.038159 0.103808 -0.009500
v -0.036790 0.102196 0.000500
v -0.038144 0.103916 0.000500
v -0.037547 0.106015 0.000500
v -0.035918 0.106624 0.000500
v -0.034531 0.106245 0.000500
v -0.033707 0.105010 0.000500
v -0.033699 0.103574 0.000500
v -0.034858 0.102318 0.000500
v -0.009312 0.084532 -0.004747
v -0.008867 0.082823 -0.004747
v -0.009447 0.080454 -0.004747
v -0.010956 0.079071 -0.004747
v -0.013218 0.078471 -0.004747
v -0.015292 0.079202 -0.004747
v -0.016683 0.080710 -0.004747
v -0.017126 0.082442 -0.004747
v -0.016930 0.084081 -0.004747
v -0.015668 0.085851 -0.004747
v -0.013645 0.086810 -0.004747
v -0.011356 0.086459 -0.004747
v -0.010170 0.085660 -0.004747
v -0.010886 0.081742 -0.004747
v -0.012764 0.084946 -0.004747
v -0.010864 0.083451 -0.004747
v -0.012505 0.080390 -0.004747
v -0.014518 0.080909 -0.004747
v -0.014016 0.084688 -0.004747
v -0.011611 0.084440 -0.004747
v -0.015283 0.082479 -0.004747
v -0.014932 0.083894 -0.004747
v -0.013494 0.084885 0.005894
v -0.014914 0.084040 0.005499
v -0.015182 0.081876 0.004489
v -0.014141 0.080699 0.003939
v -0.012757 0.080366 0.003784
v -0.011100 0.081323 0.004230
v -0.010799 0.083353 0.005178
v -0.012056 0.084764 0.005837
v 0.015063 0.078323 -0.008641
v 0.016787 0.079114 -0.008641
v 0.018491 0.079140 -0.008641
v 0.020103 0.078390 -0.008641
v 0.021318 0.077019 -0.008641
v 0.021800 0.074724 -0.008641
v 0.021068 0.072719 -0.008641
v 0.019879 0.071569 -0.008641
v 0.018198 0.070963 -0.008641
v 0.016147 0.071164 -0.008641
v 0.014080 0.072879 -0.008641
v 0.013528 0.074840 -0.008641
v 0.013735 0.076496 -0.008641
v 0.019791 0.075850 -0.008641
v 0.019768 0.074141 -0.008641
v 0.017891 0.077345 -0.008641
v 0.019043 0.076839 -0.008641
v 0.018519 0.072955 -0.008641
v 0.017150 0.072848 -0.008641
v 0.016198 0.076859 -0.008641
v 0.015795 0.073666 -0.008641
v 0.015385 0.075371 -0.008641
v 0.017160 0.077284 0.002345
v 0.016110 0.076747 0.002094
v 0.015342 0.075261 0.001400
v 0.016074 0.073346 0.000506
v 0.017897 0.072765 0.000235
v 0.019372 0.073547 0.000600
v 0.019954 0.075521 0.001521
v 0.018598 0.077163 0.002288
v 0.012667 0.003257 -0.041588
v 0.023768 0.003283 -0.036491
v 0.042555 0.003500 -0.010346
v 0.040275 0.020975 -0.017250
v 0.041040 0.018885 -0.015367
v 0.040766 0.016972 -0.016049
v 0.039713 0.015463 -0.018469
v 0.035119 0.022254 -0.026023
v 0.036812 0.022616 -0.023659
v 0.038525 0.022284 -0.020755
v 0.034636 0.015039 -0.026648
v 0.033514 0.016116 -0.027991
v 0.032828 0.017768 -0.028798
v 0.032844 0.019433 -0.028782
v 0.033817 0.021266 -0.027634
v 0.038286 0.014620 -0.021171
v 0.036405 0.014390 -0.024225
v -0.033169 0.022039 -0.028396
v -0.034892 0.022587 -0.026307
v -0.031731 0.020439 -0.029983
v -0.031276 0.018865 -0.030449
v -0.031469 0.017139 -0.030255
v -0.032852 0.015190 -0.028768
v -0.035053 0.014366 -0.026102
v -0.036791 0.014622 -0.023634
v -0.038230 0.015477 -0.021291
v -0.039206 0.016862 -0.019475
v -0.039537 0.018321 -0.018808
v -0.039243 0.020144 -0.019407
v -0.037809 0.021867 -0.022014
v -0.036429 0.022493 -0.024192
v 0.043937 0.003134 0.000500
v 0.043448 0.003108 -0.005782
v 0.042084 0.003107 -0.011992
v 0.039787 0.003028 -0.017601
v 0.036932 0.003108 -0.023233
v 0.033037 0.003017 -0.028050
v 0.028637 0.003017 -0.032461
v 0.023655 0.003017 -0.036201
v 0.018197 0.003108 -0.039451
v 0.012357 0.003017 -0.041379
v 0.006066 0.003113 -0.042989
v -0.000046 0.003105 -0.043395
v -0.006157 0.003017 -0.042728
v -0.012246 0.003017 -0.041411
v -0.018211 0.003105 -0.039439
v -0.023558 0.003017 -0.036264
v -0.028550 0.003017 -0.032537
v -0.032961 0.003017 -0.028137
v -0.036903 0.003108 -0.023277
v -0.039735 0.003028 -0.017715
v -0.041879 0.003017 -0.011857
v -0.043453 0.003108 -0.005748
v -0.043933 0.003131 0.000500
v 0.033312 0.003306 -0.028221
v 0.028781 0.003304 -0.032757
v -0.006201 0.003305 -0.043044
v -0.012464 0.003297 -0.041674
v -0.023781 0.003290 -0.036488
v -0.028802 0.003304 -0.032739
v -0.033268 0.003297 -0.028262
v -0.042207 0.003299 -0.011857
v 0.039988 0.003342 -0.017824
v -0.039673 0.003259 -0.018422
v 0.040648 0.003105 -0.005616
v 0.039231 0.003114 -0.011718
v 0.036946 0.003367 -0.017282
v 0.033936 0.003105 -0.022695
v 0.031105 0.003500 -0.026070
v 0.030136 0.003102 -0.027464
v 0.025545 0.003298 -0.031597
v 0.020542 0.003105 -0.035105
v 0.015134 0.003303 -0.037624
v 0.009123 0.003301 -0.039492
v 0.002765 0.003320 -0.040433
v -0.003049 0.003105 -0.040492
v -0.009165 0.003296 -0.039486
v -0.015001 0.003318 -0.037666
v -0.020544 0.003105 -0.035104
v -0.025132 0.003386 -0.031852
v -0.030056 0.003357 -0.027396
v -0.033943 0.003109 -0.022673
v -0.036963 0.003347 -0.017267
v -0.039222 0.003111 -0.011764
v -0.040648 0.003105 -0.005616
v 0.041068 0.003121 0.000500
v -0.041075 0.003117 0.000500
v 0.037226 0.003028 -0.017361
v 0.003145 0.003028 -0.040669
v -0.030227 0.003028 -0.027627
v -0.037175 0.003028 -0.017468
v 0.025816 0.003017 -0.031783
v 0.015153 0.003017 -0.037959
v 0.009252 0.003017 -0.039788
v -0.009144 0.003017 -0.039812
v -0.015050 0.003017 -0.037999
v -0.025729 0.003017 -0.031852
v 0.037148 0.014313 -0.009500
v 0.034890 0.014878 -0.009500
v 0.033565 0.016039 -0.009500
v 0.032779 0.017876 -0.009500
v 0.032963 0.019789 -0.009500
v 0.033796 0.021238 -0.009500
v 0.035240 0.022300 -0.009500
v 0.037042 0.022640 -0.009500
v 0.038715 0.022231 -0.009500
v 0.040163 0.021058 -0.009500
v 0.041007 0.019156 -0.009500
v 0.040808 0.017133 -0.009500
v 0.039628 0.015319 -0.009500
v 0.038260 0.016582 -0.009500
v 0.035185 0.020052 -0.009500
v 0.036972 0.020812 -0.009500
v 0.039213 0.018553 -0.009500
v 0.034615 0.017946 -0.009500
v 0.038515 0.020114 -0.009500
v 0.036094 0.016332 -0.009500
v 0.036471 0.016188 0.000500
v 0.035053 0.017194 0.000500
v 0.034587 0.018553 0.000500
v 0.035285 0.020114 0.000500
v 0.036828 0.020812 0.000500
v 0.038615 0.020052 0.000500
v 0.039193 0.018197 0.000500
v 0.038331 0.016721 0.000500
v -0.035586 0.014302 -0.009500
v -0.037644 0.015019 -0.009500
v -0.038890 0.016252 -0.009500
v -0.039554 0.018239 -0.009500
v -0.039122 0.020306 -0.009500
v -0.037775 0.021956 -0.009500
v -0.035597 0.022639 -0.009500
v -0.033836 0.022335 -0.009500
v -0.032352 0.021316 -0.009500
v -0.031446 0.019731 -0.009500
v -0.031291 0.017850 -0.009500
v -0.032025 0.016104 -0.009500
v -0.033337 0.014906 -0.009500
v -0.033087 0.018553 -0.009500
v -0.034040 0.016582 -0.009500
v -0.037115 0.020052 -0.009500
v -0.035328 0.020812 -0.009500
v -0.037685 0.017946 -0.009500
v -0.036206 0.016332 -0.009500
v -0.033785 0.020114 -0.009500
v -0.036760 0.016582 0.000500
v -0.037713 0.018553 0.000500
v -0.037015 0.020114 0.000500
v -0.035472 0.020812 0.000500
v -0.033685 0.020052 0.000500
v -0.033115 0.017946 0.000500
v -0.034594 0.016332 0.000500
v 0.017372 0.058138 -0.036596
v 0.024760 0.058000 -0.032163
v 0.012781 0.061139 -0.038507
v 0.008538 0.058502 -0.039586
v -0.000240 0.058562 -0.040502
v -0.012670 0.058149 -0.038493
v -0.017469 0.058956 -0.036614
v 0.041088 0.013003 0.000498
v 0.039461 0.013000 -0.010629
v 0.036433 0.013008 -0.018337
v 0.041082 0.024000 0.000497
v 0.041105 0.047027 0.000481
v 0.039461 0.024000 -0.010629
v 0.039966 0.048032 -0.009036
v 0.036439 0.023993 -0.018348
v 0.038031 0.049740 -0.014817
v 0.035133 0.052297 -0.020713
v 0.034111 0.023273 -0.022229
v 0.031177 0.055789 -0.026127
v 0.032407 0.021716 -0.024622
v 0.031469 0.019654 -0.025789
v 0.032407 0.015284 -0.024621
v 0.031514 0.017197 -0.025729
v 0.034136 0.013711 -0.022184
v 0.027454 0.059074 -0.029969
v -0.041109 0.024000 0.000494
v -0.040930 0.058178 -0.001907
v -0.039461 0.024000 -0.010629
v -0.039465 0.062919 -0.010672
v -0.035973 0.024024 -0.019232
v -0.036191 0.056776 -0.018755
v -0.031296 0.056603 -0.025937
v -0.033069 0.023565 -0.023756
v -0.030916 0.021720 -0.026424
v -0.033250 0.057616 -0.023478
v -0.030926 0.015267 -0.026420
v -0.029970 0.017344 -0.027483
v -0.024744 0.058177 -0.032192
v -0.030014 0.019800 -0.027436
v -0.035160 0.012970 -0.020659
v -0.032563 0.013757 -0.024414
v -0.039461 0.013000 -0.010629
v -0.041110 0.013002 0.000497
v -0.034710 0.013024 0.000500
v -0.032244 0.013904 0.000500
v -0.030439 0.016061 0.000500
v -0.029930 0.017925 0.000500
v -0.030032 0.019801 0.000500
v -0.030988 0.021799 0.000500
v -0.032727 0.023338 0.000500
v -0.034710 0.023976 0.000500
v 0.036190 0.023965 0.000500
v 0.034227 0.023338 0.000500
v 0.032488 0.021815 0.000500
v 0.031477 0.019642 0.000500
v 0.031532 0.017199 0.000500
v 0.032488 0.015185 0.000500
v 0.034227 0.013662 0.000500
v 0.036190 0.013035 0.000500
v 0.020613 0.065111 -0.006839
v 0.016181 0.069016 -0.038258
v 0.024270 0.061884 -0.008345
v 0.020289 0.065395 -0.035758
v 0.023219 0.062809 -0.033591
v 0.013025 0.071958 -0.039728
v 0.024270 0.061884 0.000500
v 0.013024 0.071964 -0.000139
v 0.020613 0.065111 -0.003339
v 0.005004 0.072868 0.000283
v 0.008056 0.072379 -0.040571
v 0.002562 0.073346 -0.040889
v -0.002554 0.074743 -0.040770
v -0.002855 0.074817 0.001193
v -0.006250 0.076043 -0.040500
v -0.010385 0.077764 0.002569
v -0.010350 0.077788 -0.039948
v -0.016391 0.076189 -0.038061
v -0.024954 0.074116 -0.032828
v -0.021491 0.074957 -0.035319
v -0.028388 0.073289 -0.029815
v -0.031287 0.072591 -0.026647
v -0.035103 0.071672 -0.021080
v -0.038017 0.070969 -0.014934
v -0.040157 0.070451 -0.007340
v -0.040869 0.070280 0.000494
v -0.008375 0.066262 -0.039700
v -0.001574 0.061990 -0.040502
v 0.008501 0.067239 -0.039977
v 0.004277 0.066993 -0.040504
v 0.015789 0.062381 -0.037487
v -0.019005 0.068766 -0.036246
v -0.013512 0.070213 -0.038543
v 0.022956 0.071590 -0.000314
v 0.022956 0.071590 -0.003814
v 0.026574 0.078871 -0.000414
v 0.026574 0.078871 0.003086
v 0.025407 0.066693 -0.006100
v 0.030836 0.078009 -0.000817
v 0.025593 0.067213 0.000500
v 0.030836 0.078009 0.000500
v 0.038265 0.077671 0.000500
v 0.039105 0.076338 0.000500
v 0.037832 0.079968 0.000500
v 0.039183 0.083478 0.000500
v 0.038196 0.081760 0.000500
v 0.045176 0.085051 0.000500
v 0.043059 0.085334 0.000500
v 0.049469 0.082937 0.000500
v 0.041030 0.084850 0.000500
v 0.045230 0.085023 -0.022393
v 0.043426 0.085340 -0.025966
v 0.041728 0.085124 -0.028194
v 0.040120 0.084301 -0.029415
v 0.038802 0.082972 -0.029812
v 0.037851 0.080611 -0.029066
v 0.038078 0.078235 -0.026914
v 0.039009 0.076372 -0.024015
v 0.048234 0.083552 -0.011836
v 0.049198 0.083071 -0.005546
v 0.047129 0.084102 -0.016503
v 0.036221 0.076921 -0.028103
v 0.032077 0.077768 -0.032533
v 0.027550 0.078674 -0.036209
v 0.020053 0.080215 -0.039731
v 0.024124 0.079372 -0.038128
v 0.014547 0.079688 -0.040628
v 0.012932 0.077988 -0.040637
v 0.012982 0.078171 0.002759
v 0.015092 0.079955 0.003592
v 0.017453 0.080598 0.003892
v 0.017206 0.080568 -0.040370
v -0.007527 0.083133 0.005076
v -0.001680 0.080733 -0.041200
v -0.000932 0.080501 0.003847
v 0.005960 0.078792 0.003049
v 0.003927 0.079189 -0.041253
v -0.007527 0.083133 -0.040871
v -0.010759 0.087716 -0.040945
v -0.010721 0.087685 0.007201
v -0.009191 0.086663 0.006724
v -0.008999 0.086470 -0.041025
v -0.007874 0.084723 0.005818
v -0.007813 0.084562 -0.040972
v -0.019121 0.090202 0.008376
v -0.019489 0.075442 0.001485
v -0.019121 0.090202 0.004876
v -0.019489 0.075442 -0.002015
v -0.022299 0.091139 0.000500
v -0.039291 0.096148 -0.011336
v -0.033639 0.094486 -0.028478
v -0.035336 0.094982 -0.025207
v -0.040223 0.096422 0.000493
v -0.037475 0.095613 -0.019416
v -0.031539 0.093864 -0.031228
v -0.027916 0.092805 -0.034510
v -0.023695 0.091550 -0.037261
v -0.016880 0.089542 -0.040033
v -0.022299 0.091139 0.005313
v -0.022556 0.080829 0.000500
v -0.023716 0.074422 -0.002492
v -0.023716 0.074422 0.000500
v -0.023556 0.080829 0.000500
v -0.033156 0.109163 0.000500
v -0.040110 0.098966 0.000500
v -0.034873 0.098874 0.000500
v -0.032439 0.100046 0.000500
v -0.031181 0.101495 0.000500
v -0.030564 0.102849 0.000500
v -0.031401 0.107610 0.000500
v -0.035099 0.109830 0.000500
v -0.039911 0.109961 0.000497
v -0.030414 0.105357 0.000500
v -0.039295 0.109951 -0.011676
v -0.038113 0.109920 -0.021518
v -0.036119 0.109878 -0.030441
v -0.035146 0.109830 -0.032815
v -0.033686 0.109418 -0.034945
v -0.032094 0.108418 -0.036430
v -0.030681 0.106244 -0.036944
v -0.030333 0.103787 -0.036240
v -0.031499 0.100976 -0.033911
v -0.034254 0.099095 -0.029200
v -0.032906 0.099720 -0.031636
v -0.036851 0.098871 -0.022508
v -0.039182 0.098943 -0.012168
v -0.039912 0.098961 -0.005213
v 0.011025 0.081415 -0.041180
v 0.039388 0.089355 -0.033982
v 0.043163 0.089443 -0.030309
v 0.022283 0.088415 -0.041059
v 0.033228 0.086215 -0.036404
v -0.024437 0.098584 -0.038806
v -0.020624 0.097325 -0.040287
v -0.018555 0.097350 -0.041045
v -0.016215 0.096872 -0.041487
v -0.002173 0.087925 -0.041740
v -0.038813 0.121157 -0.022540
v -0.039371 0.120943 -0.011062
v -0.038094 0.118451 -0.027409
v -0.037267 0.118017 -0.032668
v -0.036227 0.118931 -0.036099
v -0.034400 0.117332 -0.038075
v -0.030953 0.115574 -0.040752
v -0.035907 0.106624 0.006501
v -0.037098 0.106289 0.006502
v -0.037890 0.105389 0.006501
v -0.038146 0.103927 0.006503
v -0.037211 0.102512 0.006502
v -0.036079 0.102110 0.006501
v -0.034866 0.102314 0.006502
v -0.033704 0.103564 0.006503
v -0.033705 0.105003 0.006501
v -0.034522 0.106239 0.006503
v -0.035874 0.104362 0.007852
v -0.036891 0.102318 0.005200
v -0.038159 0.103808 0.005200
v -0.037435 0.106121 0.005200
v -0.035579 0.106626 0.005200
v -0.034470 0.106136 0.005200
v -0.033627 0.104911 0.005200
v -0.033790 0.103483 0.005200
v -0.034958 0.102196 0.005200
v -0.033035 0.103232 0.005200
v -0.034858 0.107196 0.005200
v -0.036680 0.107288 0.005200
v -0.033173 0.105793 0.005200
v -0.034904 0.101464 0.005200
v -0.037142 0.101626 0.005200
v -0.038713 0.103232 0.005200
v -0.038575 0.105793 0.005200
v -0.035874 0.101363 0.001922
v -0.037608 0.101834 0.000516
v -0.038593 0.102985 0.000512
v -0.038930 0.104424 0.000511
v -0.038684 0.105551 0.000510
v -0.037967 0.106572 0.000508
v -0.036720 0.107307 0.000516
v -0.034939 0.107210 0.001906
v -0.033782 0.106572 0.000506
v -0.033063 0.105541 0.000508
v -0.032825 0.104046 0.000511
v -0.033593 0.102424 0.001966
v -0.034594 0.101602 0.000507
v -0.035201 0.107406 0.000500
v -0.033295 0.102611 0.000500
v -0.036197 0.101261 0.000500
v -0.034710 0.023976 0.000500
v -0.036709 0.021329 0.000500
v -0.030988 0.021799 0.000500
v -0.032781 0.020094 0.000511
v -0.030032 0.019801 0.000500
v -0.032379 0.018928 0.000507
v -0.029930 0.017925 0.000500
v -0.032479 0.017631 0.000508
v -0.030439 0.016061 0.000500
v -0.033114 0.016484 0.000508
v -0.032244 0.013904 0.000500
v -0.034275 0.015659 0.000506
v -0.034710 0.013024 0.000500
v -0.035515 0.015451 0.000511
v -0.043932 0.003121 0.000500
v -0.041165 0.024000 0.000508
v -0.037888 0.020266 0.000510
v -0.032727 0.023338 0.000500
v -0.033831 0.021108 0.000507
v -0.035015 0.021522 0.000508
v -0.038889 0.127027 0.000500
v -0.038166 0.128191 0.000500
v -0.038380 0.019218 0.000507
v -0.043971 0.061296 0.000501
v -0.034923 0.098873 0.000500
v -0.038328 0.127476 0.000500
v -0.041063 0.003134 0.000500
v -0.036678 0.015738 0.000508
v -0.041086 0.013003 0.000503
v -0.040948 0.063475 0.000500
v -0.042914 0.108080 0.000502
v -0.040111 0.098966 0.000500
v -0.035102 0.109831 0.000500
v -0.030407 0.105168 0.000500
v -0.030420 0.103651 0.000500
v -0.030997 0.101763 0.000500
v -0.039435 0.127000 0.000500
v -0.041771 0.129953 0.000500
v -0.042332 0.129434 0.000500
v -0.037727 0.016502 0.000507
v -0.038231 0.017301 0.000513
v -0.039830 0.109964 0.000500
v -0.033084 0.109124 0.000500
v -0.031316 0.107524 0.000500
v -0.032483 0.100005 0.000500
v -0.039714 0.129945 0.000500
v -0.036010 0.024025 0.020146
v -0.033057 0.023560 0.024729
v -0.030916 0.021720 0.027424
v -0.030014 0.019800 0.028436
v -0.029970 0.017345 0.028483
v -0.030924 0.015269 0.027423
v -0.032559 0.013759 0.025433
v -0.035085 0.012979 0.021823
v -0.035000 0.109799 0.034064
v -0.033732 0.109435 0.035889
v -0.032013 0.108319 0.037460
v -0.030564 0.105970 0.037909
v -0.030369 0.103996 0.037307
v -0.030802 0.102226 0.036155
v -0.031802 0.100652 0.034417
v -0.032895 0.099723 0.032630
v -0.034371 0.099060 0.029961
v -0.036236 0.098864 0.025317
v -0.039311 0.127000 0.010769
v -0.039190 0.126999 0.022045
v -0.039461 0.024000 0.011629
v -0.039461 0.013000 0.011629
v -0.037832 0.109915 0.024096
v -0.039120 0.109945 0.014679
v -0.039700 0.109961 0.006974
v -0.036244 0.109889 0.031147
v -0.040024 0.098963 0.004277
v -0.039006 0.098939 0.014123
v -0.037747 0.098902 0.020095
v -0.038256 0.128410 0.039533
v -0.038278 0.127537 0.038671
v -0.038680 0.127140 0.036569
v -0.038923 0.127071 0.030342
v -0.032589 0.003028 0.029631
v -0.036609 0.003105 0.024718
v -0.022745 0.003010 0.037720
v -0.028185 0.003115 0.034173
v -0.039557 0.003017 0.018987
v -0.043428 0.003108 0.006923
v -0.042098 0.003114 0.012987
v -0.020294 0.108056 0.044073
v -0.012552 0.100280 0.043517
v -0.015483 0.103873 0.044215
v -0.023370 0.112461 0.044941
v -0.024200 0.112840 0.044406
v -0.027468 0.116398 0.044211
v -0.031198 0.120660 0.043797
v -0.034749 0.124620 0.042636
v -0.037125 0.127200 0.041032
v -0.030184 0.119786 0.044433
v -0.039611 0.129871 0.040972
v -0.042254 0.128930 0.017973
v -0.042261 0.129151 0.025865
v -0.041872 0.129088 0.038646
v -0.042168 0.129258 0.036127
v -0.041543 0.129954 0.036560
v -0.041518 0.129781 0.038599
v -0.040685 0.003105 0.006367
v -0.039366 0.003111 0.012296
v -0.037281 0.003296 0.017617
v -0.034500 0.003105 0.022846
v -0.030850 0.003258 0.027547
v -0.026763 0.003100 0.031710
v -0.024684 0.003500 0.033107
v -0.022048 0.003105 0.035192
v -0.037584 0.003017 0.017709
v -0.031200 0.003009 0.027686
v -0.015042 0.004572 0.038848
v -0.015200 0.004701 0.038595
v -0.015512 0.003631 0.038708
v -0.016481 0.003067 0.038345
v -0.015596 0.003834 0.038435
v -0.016379 0.003344 0.038121
v -0.022859 0.003266 0.038066
v -0.039785 0.003299 0.019242
v -0.032760 0.003295 0.029819
v -0.015060 0.019227 0.038699
v -0.015572 0.004138 0.041594
v -0.015217 0.004653 0.041553
v -0.015054 0.004551 0.041306
v -0.016667 0.003401 0.041220
v -0.016182 0.003333 0.041236
v -0.015540 0.003602 0.041120
v -0.016617 0.003048 0.040936
v -0.015016 0.019028 0.041313
v 0.015032 0.020019 0.038710
v 0.014838 0.021270 0.038923
v 0.014324 0.023673 0.038986
v 0.013311 0.025940 0.039498
v 0.011992 0.028037 0.039937
v 0.010512 0.029781 0.040230
v 0.008533 0.031374 0.040857
v 0.006330 0.032681 0.041122
v 0.003989 0.033500 0.041591
v 0.001442 0.033952 0.041773
v -0.001025 0.033998 0.041795
v -0.003384 0.033702 0.041473
v -0.005811 0.032925 0.041193
v -0.007939 0.031819 0.040812
v -0.009789 0.030456 0.040405
v -0.011474 0.028758 0.039953
v -0.012974 0.026674 0.039472
v -0.014031 0.024357 0.039197
v -0.014738 0.021884 0.038992
v 0.012812 0.027327 0.039468
v 0.008694 0.031587 0.040584
v 0.004055 0.033789 0.041321
v 0.001502 0.034259 0.041490
v -0.000892 0.034290 0.041518
v -0.014775 0.022586 0.038771
v -0.015356 0.020652 0.041694
v 0.014778 0.021760 0.041422
v 0.015055 0.018969 0.041435
v 0.014109 0.024195 0.041760
v 0.011599 0.028535 0.042484
v 0.009967 0.030225 0.042918
v 0.007997 0.031702 0.043355
v 0.005954 0.032807 0.043805
v 0.003585 0.033573 0.043975
v 0.001081 0.033984 0.044137
v -0.001423 0.033943 0.044115
v -0.003983 0.033488 0.043960
v -0.006421 0.032600 0.043741
v -0.010434 0.029786 0.042789
v -0.011994 0.028029 0.042359
v -0.013334 0.025945 0.042033
v -0.014296 0.023626 0.041601
v -0.014868 0.021221 0.041467
v 0.015017 0.004782 0.038882
v 0.015265 0.021266 0.041717
v -0.014668 0.023645 0.041929
v -0.013896 0.025846 0.042236
v -0.011688 0.029011 0.042885
v -0.008522 0.031373 0.043266
v -0.008031 0.032066 0.043729
v -0.004222 0.033702 0.044270
v -0.000133 0.034327 0.044487
v 0.003688 0.033829 0.044314
v 0.007199 0.032554 0.043878
v 0.011176 0.029557 0.043019
v 0.013070 0.026474 0.042142
v 0.013937 0.025787 0.042209
v 0.016471 0.003064 0.038395
v 0.016142 0.003389 0.038226
v 0.015757 0.003436 0.038627
v 0.015215 0.004088 0.038793
v 0.015207 0.004450 0.038599
v 0.015735 0.004203 0.041592
v 0.016598 0.003049 0.040910
v 0.022047 0.003105 0.035193
v 0.026589 0.003395 0.031693
v 0.030990 0.003396 0.027327
v 0.034492 0.003105 0.022859
v 0.037293 0.003310 0.017571
v 0.039366 0.003111 0.012296
v 0.040685 0.003105 0.006367
v 0.041070 0.003129 0.000500
v 0.026843 0.003028 0.031873
v 0.031056 0.003028 0.027709
v 0.037536 0.003017 0.017813
v 0.043614 0.057861 0.006260
v 0.043928 0.003119 0.000500
v 0.039451 0.058073 0.019962
v 0.042021 0.058192 0.013550
v 0.035069 0.057954 0.027086
v 0.029208 0.058107 0.033390
v 0.022499 0.003253 0.038251
v 0.023805 0.058840 0.037510
v -0.024803 0.057841 0.036828
v -0.020415 0.055004 0.039363
v -0.030638 0.057613 0.032051
v -0.038249 0.061065 0.022238
v -0.035233 0.062356 0.026869
v -0.041677 0.062166 0.014635
v -0.043358 0.062749 0.007909
v -0.013684 0.057974 0.042326
v -0.006873 0.060516 0.043956
v 0.005670 0.062248 0.044158
v -0.000214 0.061993 0.044507
v 0.013524 0.058185 0.042374
v 0.010207 0.063301 0.043455
v 0.020778 0.056894 0.039204
v 0.044169 0.061905 0.000500
v 0.041795 0.003017 0.013137
v 0.039509 0.003017 0.019089
v 0.036417 0.003028 0.024675
v 0.043433 0.003108 0.006889
v 0.032674 0.003105 0.029811
v 0.028247 0.003113 0.034119
v 0.022719 0.003017 0.037784
v 0.016959 0.003325 0.041082
v 0.039790 0.003292 0.019222
v 0.042128 0.003301 0.013130
v 0.036684 0.003336 0.024766
v 0.016069 0.003524 0.041348
v 0.015792 0.003413 0.041081
v 0.015340 0.003942 0.041329
v 0.015258 0.004714 0.041593
v 0.015043 0.004609 0.041299
v -0.040266 0.129993 0.041197
v -0.040809 0.129581 0.041424
v -0.041060 0.128985 0.041291
v -0.023312 0.112374 0.046668
v -0.032215 0.121942 0.045743
v -0.038431 0.128550 0.042750
v -0.036365 0.126401 0.044043
v -0.012843 0.101210 0.045764
v -0.013002 0.100930 0.046232
v -0.013767 0.100902 0.046500
v -0.019164 0.107632 0.046710
v -0.019136 0.106615 0.047004
v -0.024002 0.111855 0.047324
v -0.027846 0.116990 0.046780
v -0.027264 0.115103 0.047239
v -0.030120 0.118222 0.046978
v -0.032439 0.121281 0.046396
v -0.033006 0.120842 0.046383
v -0.034459 0.123887 0.045562
v -0.035509 0.123567 0.045678
v -0.036824 0.126381 0.044528
v -0.037297 0.126048 0.044707
v -0.037676 0.125618 0.044601
v -0.038830 0.127931 0.043501
v -0.039360 0.127339 0.043365
v -0.039873 0.129312 0.042171
v -0.040662 0.128728 0.041984
v -0.009217 0.098124 0.045669
v -0.008563 0.097641 0.043966
v -0.011525 0.100015 0.044055
v -0.006044 0.095942 0.045614
v -0.001779 0.093661 0.045400
v -0.004587 0.095055 0.043886
v -0.000218 0.092982 0.043888
v 0.002623 0.091922 0.045541
v 0.003303 0.091709 0.043821
v 0.006350 0.090918 0.045462
v 0.011267 0.090119 0.045288
v 0.007804 0.090589 0.043733
v 0.012493 0.090052 0.043609
v 0.016054 0.089989 0.045052
v 0.019868 0.090271 0.044808
v 0.021067 0.090415 0.043094
v 0.016313 0.089984 0.043397
v 0.024517 0.091089 0.044449
v 0.025856 0.091474 0.042664
v 0.029167 0.092565 0.044002
v 0.029480 0.092690 0.042316
v 0.032612 0.094055 0.043579
v 0.033396 0.094437 0.041746
v 0.036438 0.096150 0.043092
v 0.036560 0.096232 0.041238
v 0.036794 0.095586 0.043735
v 0.018364 0.089151 0.045657
v -0.009122 0.097171 0.046315
v 0.031421 0.092917 0.044360
v 0.031212 0.092140 0.044522
v 0.024746 0.090797 0.044914
v 0.026293 0.090567 0.045009
v 0.018009 0.089677 0.045470
v 0.011146 0.089775 0.045806
v 0.007728 0.089587 0.046114
v 0.004206 0.090894 0.046064
v -0.001925 0.093446 0.045921
v -0.004210 0.094003 0.046225
v 0.046200 0.069554 0.000500
v -0.004077 0.080640 0.045027
v -0.004706 0.067893 0.044355
v 0.003591 0.079860 0.045245
v -0.031278 0.084692 0.034381
v -0.033976 0.097317 0.035272
v -0.034433 0.088384 0.031648
v -0.013975 0.088616 0.044601
v -0.026173 0.085057 0.038721
v -0.020707 0.085128 0.041886
v -0.022485 0.094075 0.043108
v -0.019784 0.097802 0.044980
v -0.016468 0.079770 0.042632
v -0.027800 0.093963 0.039945
v -0.031309 0.093924 0.036980
v -0.009611 0.075308 0.043968
v -0.007644 0.085147 0.045083
v -0.024922 0.076135 0.037923
v -0.019510 0.076199 0.040990
v -0.030278 0.076019 0.033645
v -0.042765 0.090178 0.008856
v -0.041908 0.081300 0.013598
v -0.040525 0.090095 0.019341
v -0.038264 0.080295 0.023358
v -0.036182 0.088601 0.029111
v -0.039377 0.100142 0.025747
v -0.041924 0.100539 0.015027
v -0.043796 0.067704 0.003052
v -0.040230 0.073244 0.018482
v -0.034731 0.076443 0.028728
v -0.032341 0.066890 0.030624
v -0.015490 0.067293 0.041908
v -0.011142 0.069561 0.043302
v -0.020598 0.067257 0.039640
v -0.024972 0.067487 0.037072
v -0.028708 0.067200 0.034130
v 0.039347 0.085438 0.036783
v 0.043867 0.085429 0.032326
v 0.051501 0.084452 0.015883
v 0.047002 0.072544 0.008221
v 0.045951 0.069177 0.003252
v 0.044561 0.073113 0.017965
v 0.046034 0.072781 0.013105
v 0.047983 0.085696 0.026556
v 0.039637 0.073518 0.027440
v 0.042489 0.073435 0.022768
v 0.036926 0.073840 0.031094
v 0.044497 0.067777 0.010698
v 0.044160 0.063072 0.005991
v 0.042583 0.063029 0.013064
v 0.042107 0.067769 0.017916
v 0.040882 0.063022 0.017806
v 0.039823 0.067755 0.022601
v 0.036532 0.067042 0.027204
v 0.031915 0.067573 0.032755
v 0.038574 0.063014 0.022462
v 0.035581 0.063005 0.027021
v 0.030611 0.063666 0.032777
v 0.032619 0.074152 0.035351
v 0.034089 0.085443 0.040441
v 0.028757 0.086154 0.043229
v 0.024621 0.073924 0.040395
v 0.029163 0.073623 0.037651
v 0.020546 0.074452 0.042268
v 0.010590 0.074305 0.044498
v 0.014390 0.070797 0.043245
v 0.026460 0.067710 0.037181
v 0.016379 0.065114 0.041753
v 0.021257 0.065119 0.039560
v 0.024781 0.062906 0.037234
v -0.032273 0.111766 0.043108
v -0.034050 0.107064 0.039261
v -0.037498 0.114944 0.038790
v -0.029914 0.102886 0.041398
v -0.024460 0.102394 0.044541
v -0.036989 0.104965 0.034299
v -0.040085 0.120657 0.037236
v -0.041413 0.124855 0.035824
v -0.039740 0.115129 0.033937
v -0.040411 0.111652 0.027694
v -0.041321 0.120552 0.029205
v -0.041815 0.120546 0.023120
v -0.041147 0.107708 0.021446
v -0.042172 0.118584 0.016630
v -0.042516 0.111628 0.009894
v -0.038411 0.106420 0.032038
v 0.038825 0.096640 0.042428
v 0.039469 0.096119 0.042748
v 0.039774 0.095449 0.042643
v 0.037500 0.096540 0.042841
v 0.037840 0.096074 0.043404
v 0.037745 0.095314 0.043544
v 0.037320 0.096252 0.040626
v -0.008823 0.097207 0.043378
v -0.005224 0.094862 0.043342
v 0.001178 0.091843 0.043288
v 0.007703 0.090090 0.043174
v 0.013133 0.089485 0.042983
v 0.017591 0.089549 0.042767
v 0.021023 0.089919 0.042519
v 0.025750 0.091002 0.042128
v 0.029198 0.092124 0.041783
v 0.033178 0.093980 0.041296
v 0.037813 0.096609 0.040900
v 0.058644 0.096561 0.000500
v 0.059052 0.095532 0.000500
v 0.058293 0.096617 0.005610
v 0.057189 0.096630 0.014226
v 0.056039 0.096614 0.019430
v 0.053817 0.096657 0.025759
v 0.051577 0.096650 0.030745
v 0.044746 0.096669 0.038427
v 0.058929 0.095691 0.005579
v 0.058084 0.096298 0.011186
v 0.058339 0.095504 0.010770
v 0.057689 0.095673 0.015041
v 0.056491 0.095656 0.020143
v 0.054975 0.096277 0.024200
v 0.054978 0.095440 0.024694
v 0.053546 0.096269 0.027869
v 0.053654 0.095469 0.028027
v 0.052182 0.096072 0.030923
v 0.052221 0.095335 0.030864
v 0.050257 0.096431 0.033396
v 0.050568 0.095521 0.033547
v 0.048153 0.096460 0.035928
v 0.048252 0.095411 0.036229
v 0.045552 0.096278 0.038542
v 0.045533 0.095472 0.038784
v 0.042645 0.096445 0.040548
v 0.042664 0.095586 0.040971
v 0.041937 0.096651 0.038502
v 0.047730 0.096651 0.033196
v 0.048326 0.096351 0.031583
v 0.051157 0.096651 0.027723
v 0.054444 0.096661 0.018581
v 0.056264 0.096660 0.008688
v 0.056699 0.096659 0.000500
v 0.056189 0.096378 0.000501
v 0.041129 0.096297 0.038407
v 0.043810 0.096452 0.036506
v 0.046203 0.096345 0.034139
v 0.049997 0.096407 0.028985
v 0.051648 0.096343 0.025234
v 0.053352 0.096389 0.020386
v 0.054616 0.096383 0.015392
v 0.055730 0.096347 0.008434
v -0.038389 0.018338 0.001966
v -0.036521 0.021302 0.001839
v -0.035728 0.015461 0.005200
v -0.037699 0.016547 0.005200
v -0.038348 0.018017 0.005200
v -0.038100 0.019931 0.005200
v -0.036204 0.021426 0.005200
v -0.034383 0.021333 0.005200
v -0.032700 0.019931 0.005200
v -0.032561 0.017369 0.005200
v -0.033860 0.015940 0.005200
v -0.035325 0.020802 0.005200
v -0.033087 0.018553 0.005200
v -0.034040 0.016582 0.005200
v -0.037115 0.020052 0.005200
v -0.033785 0.020114 0.005200
v -0.037685 0.017946 0.005200
v -0.036206 0.016332 0.005200
v -0.036310 0.016406 0.006502
v -0.037525 0.017587 0.006503
v -0.037540 0.019295 0.006502
v -0.036622 0.020428 0.006502
v -0.035210 0.020772 0.006502
v -0.033678 0.020043 0.006503
v -0.033118 0.018430 0.006502
v -0.033507 0.017261 0.006501
v -0.034604 0.016329 0.006503
v -0.035400 0.018500 0.007852
v -0.017099 0.057718 0.037756
v -0.024755 0.058124 0.033174
v 0.017058 0.057904 0.037770
v 0.024773 0.058601 0.033173
v 0.031180 0.058199 0.027124
v 0.012547 0.058343 0.039544
v 0.008397 0.057893 0.040621
v -0.000016 0.060066 0.041503
v -0.008346 0.059229 0.040658
v -0.013751 0.065561 0.039252
v -0.031222 0.056686 0.027016
v -0.036214 0.056705 0.019699
v -0.032785 0.065399 0.025256
v -0.039522 0.059690 0.011435
v -0.040854 0.065192 0.003138
v 0.041141 0.024000 0.000508
v 0.040914 0.057824 0.003040
v 0.039465 0.058021 0.011568
v 0.039461 0.024000 0.011629
v 0.036356 0.023981 0.019517
v 0.036141 0.058072 0.019846
v 0.036308 0.013026 0.019556
v 0.034101 0.013734 0.023248
v 0.032407 0.015284 0.025622
v 0.031514 0.017197 0.026729
v 0.032407 0.021716 0.025622
v 0.031470 0.019658 0.026783
v 0.034137 0.023288 0.023195
v 0.033171 0.058152 0.024598
v 0.039461 0.013000 0.011629
v 0.041107 0.013002 0.000503
v 0.041056 0.060315 0.000500
v 0.036190 0.013035 0.000500
v 0.034227 0.013662 0.000500
v 0.032488 0.015185 0.000500
v 0.031532 0.017199 0.000500
v 0.031477 0.019642 0.000500
v 0.032488 0.021815 0.000500
v 0.034227 0.023338 0.000500
v 0.036190 0.023965 0.000500
v 0.049206 0.083066 0.006420
v 0.049457 0.082942 0.000500
v 0.048532 0.083407 0.011380
v 0.047338 0.083997 0.016807
v 0.045335 0.084982 0.023177
v 0.043012 0.085364 0.027680
v 0.040639 0.084652 0.030107
v 0.038261 0.082015 0.030663
v 0.039204 0.083470 0.030791
v 0.038088 0.078215 0.027878
v 0.037830 0.080021 0.029609
v 0.038974 0.076446 0.025165
v 0.040646 0.075043 0.020836
v 0.042198 0.074260 0.016428
v 0.043488 0.073600 0.011342
v 0.044347 0.073200 0.005466
v 0.044548 0.073098 0.000501
v 0.042690 0.068572 0.000503
v 0.041469 0.063550 0.000507
v -0.005232 0.074237 0.041549
v 0.002849 0.076487 0.041995
v -0.028836 0.084838 0.032557
v -0.031683 0.088330 0.030215
v -0.005322 0.085776 0.042375
v -0.015322 0.079935 0.039849
v -0.016950 0.096205 0.042253
v -0.011820 0.089287 0.041936
v -0.024072 0.084817 0.036401
v -0.025703 0.093824 0.037603
v -0.021111 0.096221 0.040860
v -0.019085 0.085013 0.039255
v -0.028977 0.093764 0.034890
v -0.010521 0.072184 0.040477
v -0.023257 0.075926 0.035382
v -0.017940 0.076104 0.038378
v -0.026839 0.076031 0.032633
v -0.030203 0.076249 0.029451
v -0.039812 0.088838 0.008434
v -0.038989 0.080650 0.012890
v -0.035788 0.089165 0.023269
v -0.033328 0.088004 0.027785
v -0.037543 0.077751 0.017290
v -0.035376 0.072528 0.021580
v -0.032753 0.075888 0.026187
v -0.028111 0.067641 0.030693
v -0.004300 0.063991 0.041313
v -0.024081 0.067142 0.033954
v -0.018943 0.067184 0.037112
v -0.040275 0.066796 0.007795
v 0.041794 0.068434 0.009288
v 0.040913 0.063396 0.006953
v 0.039927 0.063389 0.011510
v 0.039676 0.068480 0.016132
v 0.036577 0.073550 0.026134
v 0.037608 0.068457 0.020555
v 0.030499 0.068286 0.030071
v 0.032564 0.074930 0.031474
v 0.034915 0.068422 0.024874
v 0.037360 0.063510 0.018601
v 0.033627 0.063347 0.024643
v 0.029092 0.063241 0.029932
v 0.029907 0.085747 0.039125
v 0.035449 0.086130 0.035994
v 0.023919 0.074642 0.037482
v 0.028390 0.074808 0.034843
v 0.019835 0.074750 0.039308
v 0.015588 0.074194 0.040480
v 0.022941 0.085110 0.041250
v 0.009870 0.073561 0.041462
v 0.026616 0.068241 0.033381
v 0.020742 0.065574 0.036480
v 0.015805 0.065191 0.038741
v 0.012233 0.065380 0.039962
v 0.025308 0.063250 0.033168
v 0.005453 0.064447 0.041265
v -0.030369 0.112388 0.040856
v -0.035154 0.120436 0.039825
v -0.036640 0.123150 0.039068
v -0.025438 0.102722 0.040593
v -0.036702 0.117143 0.034923
v -0.038059 0.119102 0.029628
v -0.038741 0.119258 0.022808
v 0.040329 0.075217 0.000500
v 0.038813 0.076704 0.000500
v 0.037944 0.078706 0.000500
v 0.037948 0.080995 0.000500
v 0.038906 0.083125 0.000500
v 0.040881 0.084798 0.000500
v 0.042950 0.085331 0.000500
v 0.045064 0.085102 0.000500
v 0.042040 0.082665 0.000500
v 0.043674 0.082861 0.000507
v 0.045235 0.082318 0.000500
v 0.043528 0.076763 0.000507
v 0.046398 0.079737 0.000508
v 0.042071 0.077075 0.000508
v 0.041265 0.077636 0.000511
v 0.040299 0.079671 0.000510
v 0.034281 0.020094 0.000511
v 0.035591 0.021329 0.000500
v 0.039832 0.017686 0.000510
v 0.039921 0.018928 0.000508
v 0.036865 0.015441 0.000510
v 0.040619 0.081226 0.000507
v 0.046176 0.080963 0.000510
v 0.046163 0.078645 0.000508
v 0.045019 0.077265 0.000509
v 0.040660 0.078411 0.000507
v 0.033879 0.018928 0.000507
v 0.038469 0.021107 0.000510
v 0.037285 0.021522 0.000508
v 0.039519 0.020094 0.000516
v 0.039227 0.016523 0.000514
v 0.038014 0.015652 0.000507
v 0.035622 0.015738 0.000507
v 0.034572 0.016523 0.000510
v 0.033968 0.017686 0.000507
v 0.035779 0.021302 0.001839
v 0.037540 0.015553 0.005200
v 0.035946 0.015669 0.005200
v 0.034601 0.016547 0.005200
v 0.033952 0.018017 0.005200
v 0.034200 0.019931 0.005200
v 0.035883 0.021333 0.005200
v 0.037704 0.021426 0.005200
v 0.039600 0.019931 0.005200
v 0.039848 0.018017 0.005200
v 0.039199 0.016547 0.005200
v 0.036975 0.020802 0.005200
v 0.038260 0.016582 0.005200
v 0.035185 0.020052 0.005200
v 0.039213 0.018553 0.005200
v 0.038515 0.020114 0.005200
v 0.034615 0.017946 0.005200
v 0.036094 0.016332 0.005200
v 0.035990 0.016406 0.006502
v 0.037181 0.016256 0.006501
v 0.034775 0.017587 0.006503
v 0.034760 0.019295 0.006502
v 0.035678 0.020428 0.006502
v 0.037090 0.020772 0.006502
v 0.038622 0.020043 0.006503
v 0.039191 0.018187 0.006503
v 0.038324 0.016715 0.006502
v 0.036900 0.018500 0.007852
v 0.045180 0.082245 0.002025
v 0.045558 0.077830 0.001912
v 0.041302 0.081998 0.001861
v 0.042413 0.082684 0.001906
v 0.042709 0.076889 0.005200
v 0.041050 0.077884 0.005200
v 0.040401 0.079353 0.005200
v 0.040649 0.081268 0.005200
v 0.042332 0.082669 0.005200
v 0.044153 0.082763 0.005200
v 0.045845 0.081529 0.005200
v 0.046361 0.079673 0.005200
v 0.045822 0.078160 0.005200
v 0.044616 0.077099 0.005200
v 0.045619 0.079391 0.005200
v 0.044872 0.078164 0.005200
v 0.042990 0.082076 0.005200
v 0.044414 0.081886 0.005200
v 0.045368 0.080857 0.005200
v 0.043527 0.077530 0.005200
v 0.041707 0.078207 0.005200
v 0.041067 0.079776 0.005200
v 0.041634 0.081388 0.005200
v 0.043160 0.077531 0.006503
v 0.041644 0.078318 0.006502
v 0.041123 0.079434 0.006501
v 0.041209 0.080632 0.006502
v 0.042127 0.081765 0.006502
v 0.043539 0.082108 0.006502
v 0.044688 0.081659 0.006501
v 0.045449 0.080731 0.006502
v 0.045587 0.079507 0.006501
v 0.044983 0.078200 0.006503
v 0.043349 0.079836 0.007852
vn -0.2494 0.7958 -0.5519
vn -0.9582 -0.0435 -0.2829
vn -0.7936 0.0391 -0.6072
vn -0.0614 0.0655 -0.9960
vn 0.2114 0.7834 -0.5845
vn 0.5449 0.7931 -0.2721
vn 0.7567 0.0393 -0.6525
vn 0.9697 0.0468 0.2396
vn 0.6355 -0.0246 0.7717
vn 0.9779 -0.0561 0.2016
vn -0.1389 -0.0422 0.9894
vn 0.3429 0.0526 0.9379
vn -0.8367 -0.0426 0.5460
vn -0.5603 0.0456 0.8270
vn -0.9833 0.0439 0.1764
vn -0.3222 -0.9143 0.2454
vn 0.0004 -1.0000 -0.0000
vn 0.0002 -1.0000 0.0002
vn -0.2242 -0.9631 -0.1492
vn 0.0213 -0.9580 -0.2860
vn 0.1600 -0.9148 -0.3708
vn 0.2938 -0.9144 -0.2784
vn 0.0006 -1.0000 0.0003
vn -0.0006 -1.0000 -0.0004
vn 0.2263 -0.9539 0.1970
vn -0.0031 -0.9546 0.2977
vn -0.0002 -1.0000 0.0001
vn -0.0000 -1.0000 0.0001
vn -0.1074 -0.9154 -0.3880
vn -0.0000 -1.0000 -0.0000
vn 0.0001 -1.0000 0.0001
vn 0.0001 -1.0000 -0.0000
vn 0.0004 -1.0000 0.0002
vn -0.3593 -0.9170 -0.1733
vn -0.0002 -1.0000 -0.0000
vn 0.0016 -0.9530 -0.3030
vn -0.0001 -1.0000 -0.0003
vn -0.0002 -1.0000 -0.0001
vn -0.1234 -0.9481 -0.2931
vn 0.0054 -1.0000 0.0041
vn 0.2939 -0.9144 0.2784
vn -0.0719 -0.8057 0.5880
vn -0.0048 -1.0000 0.0020
vn -0.1983 -0.9578 0.2080
vn 0.0004 -1.0000 -0.0005
vn 0.0054 -0.9999 0.0162
vn 0.0019 -1.0000 0.0027
vn 0.0003 -1.0000 -0.0004
vn -0.0012 -1.0000 -0.0018
vn -0.0012 -1.0000 -0.0006
vn -0.5289 -0.8222 0.2103
vn -0.1688 -0.8056 0.5679
vn -0.0033 -1.0000 -0.0025
vn 0.3093 -0.9509 -0.0123
vn 0.0015 -1.0000 0.0009
vn -0.0000 -1.0000 0.0002
vn 0.1132 -0.9563 0.2696
vn 0.0001 -1.0000 -0.0001
vn 0.0002 -1.0000 -0.0000
vn 0.0002 -1.0000 0.0001
vn -0.0003 -1.0000 -0.0003
vn -0.0001 -1.0000 -0.0007
vn -0.0004 -1.0000 -0.0006
vn 0.1961 -0.9576 -0.2110
vn 0.0653 -0.8290 -0.5555
vn 0.0058 -1.0000 -0.0034
vn -0.0000 -1.0000 -0.0002
vn 0.0005 -1.0000 0.0004
vn 0.2579 -0.8890 -0.3784
vn -0.0047 -1.0000 -0.0045
vn 0.0007 -1.0000 0.0007
vn 0.0013 -1.0000 0.0015
vn 0.0001 -1.0000 0.0004
vn -0.0003 -1.0000 0.0004
vn -0.0002 -1.0000 0.0003
vn -0.2829 -0.9557 0.0811
vn 0.1196 -0.9495 -0.2901
vn 0.0007 -1.0000 0.0002
vn 0.0002 -1.0000 -0.0001
vn 0.0003 -1.0000 0.0005
vn -0.2435 -0.9369 -0.2509
vn 0.0007 -1.0000 0.0008
vn -0.0001 -1.0000 -0.0001
vn -0.1924 -0.9146 -0.3558
vn -0.3222 -0.9144 -0.2450
vn -0.0099 -0.9148 -0.4037
vn 0.0407 -0.9151 -0.4011
vn 0.2271 -0.9144 -0.3350
vn -0.0001 -1.0000 -0.0000
vn 0.3468 -0.9144 0.2087
vn -0.2620 -0.9144 0.3085
vn 0.4546 -0.8896 0.0436
vn 0.7171 -0.6948 -0.0562
vn -0.0004 -1.0000 0.0004
vn 0.7169 -0.6950 0.0545
vn 0.0790 -0.9940 0.0761
vn 0.0286 -0.9870 0.1581
vn 0.4956 -0.8661 -0.0647
vn 0.0005 -1.0000 0.0010
vn -0.3788 -0.8921 -0.2463
vn 0.1212 -0.9847 -0.1256
vn -0.3534 -0.9182 0.1788
vn 0.2271 -0.9144 0.3350
vn 0.3468 -0.9144 -0.2086
vn 0.0076 -0.9997 0.0253
vn -0.7889 0.0358 -0.6134
vn -0.4276 0.7930 -0.4340
vn -0.6261 0.7755 -0.0811
vn -0.1157 0.0050 -0.9933
vn 0.8925 -0.0540 -0.4478
vn 0.4407 -0.0124 -0.8976
vn 0.6724 0.0404 -0.7391
vn 0.9977 0.0503 0.0460
vn 0.9448 -0.0295 0.3262
vn 0.3820 -0.0073 0.9241
vn 0.5332 0.0228 0.8457
vn -0.3352 0.0154 0.9420
vn -0.5439 0.7837 0.3000
vn -0.0789 0.0391 -0.9961
vn -0.6813 -0.0434 -0.7307
vn -0.9674 -0.0644 0.2451
vn -0.9529 0.0325 -0.3016
vn 0.1078 -0.0074 -0.9941
vn 0.0946 -0.0049 -0.9955
vn 0.7160 -0.0019 -0.6981
vn 0.9999 -0.0113 -0.0130
vn 0.7431 0.0108 -0.6690
vn 0.6630 -0.0257 0.7482
vn 0.9993 0.0033 0.0367
vn -0.2432 -0.0445 0.9690
vn 0.0244 0.0351 0.9991
vn -0.8069 0.0483 0.5887
vn 0.7083 0.0068 0.7059
vn -0.5169 0.0149 -0.8559
vn -0.4946 -0.0129 -0.8690
vn -0.9823 -0.0125 -0.1871
vn -0.9689 0.0128 -0.2469
vn 0.3326 -0.0125 -0.9430
vn -0.4348 0.0121 -0.9004
vn 0.9083 -0.0117 -0.4182
vn 0.3876 0.0109 -0.9218
vn 0.9235 -0.0118 0.3835
vn 0.9209 0.0117 -0.3896
vn 0.4438 -0.0156 0.8960
vn 0.8825 0.0287 0.4694
vn -0.2046 0.0143 0.9787
vn 0.0964 0.0398 0.9946
vn -0.7751 0.0157 0.6316
vn -0.7956 0.0149 0.6056
vn -0.9450 0.0234 -0.3263
vn -0.8579 -0.0237 -0.5133
vn -0.6166 0.7860 0.0444
vn -0.9421 0.0370 0.3332
vn -0.3709 -0.0039 -0.9287
vn -0.4993 0.0206 -0.8662
vn 0.1476 0.8015 -0.5795
vn 0.5141 0.7910 -0.3318
vn 0.2962 0.0197 -0.9549
vn 0.9773 -0.0171 0.2112
vn 0.9080 0.0199 -0.4185
vn 0.9559 0.0097 0.2936
vn 0.5575 0.0356 0.8294
vn 0.6676 -0.0077 0.7444
vn 0.0375 0.7939 0.6069
vn -0.4182 0.7956 0.4384
vn -0.3053 0.0505 0.9509
vn -0.7431 -0.0262 -0.6686
vn -0.9989 -0.0373 0.0284
vn -0.9798 0.0342 -0.1972
vn -0.0963 -0.0327 -0.9948
vn -0.6009 0.0328 -0.7987
vn 0.6188 -0.0291 -0.7850
vn 0.1973 0.0432 -0.9794
vn 0.9753 -0.0166 -0.2201
vn 0.9014 0.0427 -0.4309
vn 0.9120 0.0250 0.4094
vn 0.8928 -0.0081 0.4504
vn 0.2120 -0.0302 0.9768
vn -0.6846 -0.0464 0.7274
vn -0.3916 0.0276 0.9197
vn -0.9010 0.0277 0.4329
vn 0.3771 0.0086 0.9261
vn 0.1668 -0.7313 -0.6613
vn 0.2868 -0.5809 -0.7618
vn -0.2879 -0.5950 0.7504
vn -0.6971 -0.7131 0.0744
vn -0.6738 -0.6562 0.3396
vn -0.5530 -0.7265 -0.4079
vn -0.7797 -0.5971 -0.1883
vn -0.1719 -0.7254 -0.6665
vn -0.1961 -0.6998 -0.6869
vn -0.4214 -0.6988 -0.5780
vn 0.6752 -0.7275 -0.1221
vn 0.6417 -0.6886 -0.3377
vn 0.6180 -0.7137 0.3298
vn 0.2289 -0.7311 0.6427
vn 0.5292 -0.6029 0.5970
vn 0.1347 -0.7198 0.6809
vn 0.7274 -0.6755 0.1207
vn -0.1648 -0.7327 0.6603
vn -0.3361 -0.7396 0.5832
vn 0.3841 -0.0227 0.9230
vn 0.6847 0.0049 0.7288
vn 0.2415 0.0347 0.9698
vn 0.9798 0.0288 0.1981
vn 0.9283 -0.0400 0.3696
vn 0.8725 0.0398 -0.4870
vn 0.9523 -0.0196 -0.3046
vn 0.3467 0.0259 -0.9376
vn 0.6586 -0.0155 -0.7524
vn 0.2226 -0.0385 -0.9741
vn 0.1612 -0.7205 0.6745
vn 0.4259 -0.6886 0.5868
vn 0.3075 -0.0054 0.9515
vn 0.3194 0.0214 0.9474
vn 0.5309 -0.7407 0.4117
vn -0.3275 -0.0285 0.9444
vn -0.3230 -0.0218 0.9461
vn -0.3047 0.0021 0.9524
vn -0.3520 0.0102 0.9360
vn -0.5690 -0.7137 0.4085
vn -0.6801 0.0273 -0.7326
vn -0.2323 0.0385 -0.9719
vn -0.3495 -0.0197 -0.9367
vn -0.9783 0.0326 -0.2046
vn -0.8227 -0.0298 -0.5677
vn -0.8687 0.0285 0.4945
vn -0.9997 -0.0219 0.0136
vn -0.8127 -0.0160 0.5825
vn -0.4192 -0.6917 -0.5881
vn -0.1576 -0.7224 -0.6733
vn -0.3076 -0.0053 -0.9515
vn -0.3195 0.0214 -0.9473
vn -0.5281 -0.7345 -0.4261
vn 0.3179 -0.0218 -0.9479
vn 0.3022 0.0050 -0.9532
vn 0.5691 -0.7158 -0.4046
vn 0.7623 -0.0028 -0.6472
vn 0.7330 0.0524 -0.6783
vn 0.7372 -0.0117 -0.6756
vn 0.4719 0.7482 -0.4664
vn 0.2595 0.7744 -0.5770
vn 0.5222 0.0086 -0.8528
vn 0.1952 0.0104 -0.9807
vn -0.1951 0.0011 -0.9808
vn -0.0103 0.7527 -0.6583
vn -0.5140 0.0089 -0.8578
vn -0.3065 0.7482 -0.5884
vn -0.7294 0.0046 -0.6840
vn -0.4399 0.7230 -0.5327
vn -0.7681 0.0079 -0.6403
vn -0.8173 -0.0010 -0.5762
vn -0.7457 -0.0526 -0.6642
vn -0.5316 -0.7026 -0.4730
vn -0.4134 -0.6453 -0.6424
vn -0.1580 -0.5736 -0.8037
vn 0.1507 -0.6121 -0.7763
vn 0.4212 -0.6335 -0.6490
vn 0.4986 -0.7339 -0.4613
vn 0.5056 -0.7335 -0.4543
vn 0.7621 -0.0019 0.6474
vn 0.7429 -0.0186 0.6691
vn -0.7414 -0.0062 0.6710
vn -0.7331 0.0525 0.6781
vn -0.5389 0.6654 0.5165
vn -0.5013 0.7446 0.4408
vn -0.3263 0.7249 0.6067
vn -0.4952 -0.0000 0.8688
vn -0.2008 0.0035 0.9796
vn 0.1987 0.0023 0.9801
vn -0.1116 0.7520 0.6496
vn 0.5588 0.0237 0.8289
vn 0.1502 0.7514 0.6425
vn 0.3269 0.7444 0.5823
vn 0.4878 0.7391 0.4644
vn 0.8069 0.0059 0.5907
vn 0.4775 -0.7546 0.4500
vn 0.6254 -0.6459 0.4378
vn 0.4568 -0.5936 0.6626
vn -0.2761 -0.7282 0.6273
vn -0.1770 -0.5722 0.8008
vn -0.4154 -0.6499 0.6364
vn -0.5013 -0.7274 0.4686
vn -0.5163 -0.7245 0.4567
vn 0.1488 -0.6069 0.7807
vn 0.8186 -0.3906 0.4210
vn 0.7732 -0.5687 0.2808
vn 0.7911 -0.2374 0.5637
vn 0.8294 -0.0799 0.5529
vn 0.7809 -0.2761 -0.5603
vn 0.8084 -0.1469 -0.5699
vn 0.8043 -0.4966 -0.3265
vn 0.7115 -0.7025 0.0181
vn 0.3811 -0.7040 0.5993
vn 0.6923 -0.6919 0.2049
vn -0.2871 -0.7031 0.6506
vn -0.0964 -0.6978 0.7098
vn -0.6548 -0.7017 0.2809
vn -0.7504 -0.6474 -0.1333
vn -0.3601 -0.6594 -0.6599
vn 0.5147 -0.7012 -0.4934
vn 0.5693 -0.7072 -0.4192
vn 0.1655 -0.7145 -0.6798
vn 0.3796 -0.7443 0.5495
vn -0.4675 0.8283 -0.3087
vn -0.4947 0.8365 0.2357
vn -0.9064 -0.0132 0.4223
vn 0.0522 -0.0354 -0.9980
vn -0.5326 0.0216 -0.8461
vn 0.9009 -0.0412 -0.4320
vn 0.1927 -0.0012 -0.9813
vn 0.4256 0.8295 0.3616
vn 0.9791 0.0418 0.1989
vn -0.0791 0.8199 0.5670
vn 0.5433 0.0201 0.8393
vn -0.2103 0.0082 0.9776
vn 0.8006 0.0099 -0.5991
vn -0.9571 -0.0081 -0.2895
vn 0.5864 -0.7240 0.3633
vn 0.0149 -0.6928 0.7210
vn 0.1507 -0.7205 0.6769
vn -0.5859 -0.6896 0.4256
vn -0.3874 -0.6762 0.6267
vn -0.7094 -0.6912 0.1378
vn -0.7128 -0.6755 -0.1889
vn -0.2349 -0.7106 -0.6632
vn -0.6319 -0.6866 -0.3596
vn 0.4664 -0.6872 -0.5569
vn 0.2424 -0.6598 -0.7113
vn 0.6512 -0.7159 -0.2518
vn -0.2485 -0.7548 -0.6071
vn -0.4240 -0.0250 -0.9053
vn -0.9975 -0.0300 -0.0641
vn -0.8885 0.0187 -0.4586
vn 0.4248 -0.0088 -0.9052
vn -0.3561 0.0002 -0.9344
vn 0.5687 0.8011 -0.1865
vn 0.9362 0.0109 -0.3513
vn 0.4998 0.8190 0.2818
vn 0.1268 0.8000 0.5865
vn 0.8544 0.0077 0.5196
vn -0.5815 -0.0077 0.8135
vn 0.1690 0.0071 0.9856
vn -0.5870 -0.0148 0.8094
vn -0.9676 -0.0026 0.2523
vn 0.3779 0.0054 -0.9258
vn 0.1221 -0.2766 0.9532
vn 0.1470 -0.6161 0.7738
vn 0.1707 -0.2657 0.9488
vn 0.1057 -0.7788 0.6183
vn 0.0621 -0.8830 0.4652
vn 0.8344 -0.1511 0.5300
vn 0.9189 -0.3473 0.1869
vn 0.9884 -0.1520 -0.0026
vn 0.9877 0.0042 -0.1563
vn 0.9833 0.0202 -0.1807
vn 0.9861 -0.0004 0.1661
vn 0.9949 0.0180 0.0997
vn 0.7606 -0.5302 0.3746
vn 0.7405 -0.6704 0.0463
vn 0.2055 -0.2784 0.9382
vn 0.1669 -0.2576 0.9517
vn -0.5918 -0.2158 0.7767
vn -0.5655 -0.0919 0.8196
vn -0.5871 -0.4506 0.6725
vn -0.6150 -0.5537 0.5614
vn -0.6084 -0.6189 0.4969
vn -0.6645 -0.6689 0.3331
vn -0.6583 -0.6947 0.2899
vn 0.6170 -0.7866 -0.0232
vn 0.7630 -0.6453 0.0374
vn 0.7519 -0.6425 -0.1479
vn 0.6725 -0.7047 -0.2264
vn 0.6510 -0.7316 -0.2025
vn 0.6058 -0.7072 -0.3645
vn 0.5134 -0.7071 -0.4863
vn 0.3968 -0.7071 -0.5852
vn 0.2617 -0.7071 -0.6569
vn 0.1144 -0.7071 -0.6978
vn -0.0383 -0.7071 -0.7061
vn -0.1892 -0.7071 -0.6814
vn -0.3312 -0.7071 -0.6247
vn -0.4578 -0.7071 -0.5389
vn -0.5629 -0.7071 -0.4279
vn -0.6415 -0.7073 0.2970
vn -0.5629 -0.7071 0.4279
vn -0.4578 -0.7071 0.5389
vn -0.3275 -0.7079 0.6259
vn -0.1892 -0.7071 0.6814
vn -0.3312 -0.7071 0.6247
vn -0.0383 -0.7071 0.7061
vn -0.1904 -0.7127 0.6751
vn -0.0009 -0.7096 0.7046
vn 0.1117 -0.7306 0.6736
vn 0.2617 -0.7071 0.6569
vn 0.1144 -0.7071 0.6978
vn 0.3968 -0.7071 0.5852
vn 0.2422 -0.7263 0.6433
vn 0.5134 -0.7071 0.4863
vn 0.6058 -0.7072 0.3645
vn 0.6399 -0.7372 0.2170
vn 0.6701 -0.7071 0.2258
vn 0.6583 -0.7463 0.0984
vn -0.6415 -0.7073 -0.2970
vn -0.6720 -0.6522 -0.3508
vn 0.1308 -0.8047 -0.5792
vn 0.1073 -0.7832 -0.6124
vn 0.1644 -0.3730 -0.9132
vn 0.1657 -0.3126 -0.9353
vn 0.8451 -0.4353 -0.3102
vn 0.8251 -0.2513 -0.5060
vn -0.5983 -0.6099 -0.5197
vn -0.6101 -0.4583 -0.6463
vn -0.5810 -0.1359 -0.8025
vn -0.5831 -0.2598 -0.7698
vn 0.1631 -0.3522 -0.9216
vn 0.1694 -0.4407 -0.8815
vn 0.7428 -0.6516 -0.1535
vn -0.8519 -0.2826 -0.4409
vn -0.6058 -0.2828 -0.7437
vn 0.0590 -0.9565 -0.2858
vn 0.0027 -0.9394 -0.3429
vn 0.0030 -1.0000 -0.0016
vn 0.0428 -0.9709 0.2356
vn 0.0440 -0.9694 0.2414
vn -0.7171 -0.6625 -0.2164
vn 0.1298 -0.7248 0.6766
vn 0.1115 -0.7162 0.6889
vn -0.7090 -0.7052 -0.0057
vn -0.9284 -0.3717 0.0003
vn -0.7173 -0.6490 0.2535
vn -0.7370 -0.4079 0.5390
vn -0.5933 -0.5273 0.6082
vn -0.6033 -0.1682 0.7796
vn -0.9732 -0.0181 0.2292
vn -0.9128 0.0251 0.4077
vn -0.7041 0.6285 0.3305
vn -0.7955 0.0058 0.6060
vn -0.7966 0.3226 0.5111
vn -0.6691 0.3948 0.6296
vn -0.6473 0.0076 0.7622
vn -0.5781 0.3207 0.7504
vn -0.4691 0.0053 0.8831
vn -0.4651 0.3244 0.8237
vn -0.2681 0.0032 0.9634
vn -0.3326 0.3305 0.8833
vn -0.1583 0.2910 0.9435
vn -0.0518 0.0100 0.9986
vn -0.0090 0.3864 0.9223
vn 0.1608 0.0087 0.9869
vn 0.1215 0.3815 0.9163
vn 0.3694 0.0060 0.9292
vn 0.2608 0.3844 0.8856
vn 0.4352 0.3457 0.8313
vn 0.5624 0.0108 0.8268
vn 0.5435 0.3890 0.7438
vn 0.7254 0.0084 0.6883
vn 0.6469 0.3828 0.6595
vn 0.8603 0.0221 0.5093
vn 0.7411 0.3821 0.5521
vn 0.6543 0.6943 0.2999
vn 0.9462 0.0120 0.3234
vn 0.9052 0.3184 0.2815
vn 0.9954 0.0345 0.0893
vn 0.9214 0.3657 0.1314
vn 0.9978 0.0269 -0.0601
vn 0.7502 0.6612 -0.0023
vn 0.9075 0.3765 -0.1862
vn 0.9469 0.0066 -0.3216
vn 0.8938 0.3177 -0.3164
vn 0.8564 0.0324 -0.5152
vn 0.6369 0.6706 -0.3804
vn 0.7300 0.0180 -0.6832
vn 0.6002 0.4045 -0.6900
vn 0.6121 0.6668 -0.4251
vn 0.5624 0.0107 -0.8268
vn 0.5092 0.3942 -0.7651
vn 0.3695 0.0059 -0.9292
vn 0.3962 0.3182 -0.8613
vn 0.1608 0.0087 -0.9870
vn 0.0711 0.4053 -0.9114
vn 0.2659 0.3821 -0.8850
vn -0.0531 0.0111 -0.9985
vn -0.0522 0.3860 -0.9210
vn -0.2674 0.0076 -0.9636
vn -0.1964 0.3792 -0.9042
vn -0.4683 0.0065 -0.8835
vn -0.5053 0.3529 -0.7875
vn -0.3181 0.3877 -0.8652
vn -0.6468 0.0104 -0.7626
vn -0.5938 0.3877 -0.7051
vn -0.7954 0.0057 -0.6060
vn -0.6978 0.3833 -0.6051
vn -0.9098 0.0036 -0.4150
vn -0.8713 0.3607 -0.3327
vn -0.7958 0.3217 -0.5131
vn -0.9752 -0.0096 -0.2211
vn -0.8105 0.5607 -0.1692
vn -0.9996 0.0262 -0.0082
vn -0.9862 -0.0055 -0.1654
vn -0.9847 -0.0008 -0.1742
vn -0.8533 0.5192 -0.0474
vn -0.9349 0.2716 0.2283
vn -0.9185 0.3909 0.0601
vn -0.9813 -0.0030 0.1926
vn -0.9880 -0.0162 0.1535
vn -0.9908 -0.0053 0.1356
vn -0.4490 0.8863 0.1136
vn -0.0916 0.8807 0.4648
vn 0.4006 0.9060 -0.1365
vn 0.1560 0.9140 -0.3744
vn -0.2020 0.9110 -0.3597
vn -0.3637 0.9060 -0.2166
vn -0.3835 0.9108 -0.1527
vn -0.3462 0.9069 0.2400
vn -0.2469 0.9149 0.3193
vn -0.1893 0.9086 0.3723
vn -0.1448 0.9060 0.3976
vn 0.1634 0.9155 0.3675
vn 0.4035 0.9076 0.1155
vn 0.3485 0.9354 -0.0592
vn 0.2319 0.9399 -0.2508
vn 0.1849 0.9426 -0.2780
vn 0.0853 0.9321 -0.3521
vn 0.0340 0.9335 -0.3570
vn -0.0287 0.9315 -0.3626
vn -0.0805 0.9335 -0.3493
vn -0.1430 0.9307 -0.3366
vn -0.2195 0.9408 -0.2584
vn -0.2823 0.9354 -0.2127
vn -0.3736 0.9269 0.0349
vn -0.2675 0.9387 0.2175
vn -0.0113 0.9346 0.3554
vn 0.0664 0.9313 0.3583
vn 0.1099 0.9348 0.3376
vn 0.2033 0.9401 0.2737
vn 0.2455 0.9380 0.2447
vn 0.2934 0.9362 0.1937
vn 0.3591 0.9321 0.0472
vn -0.3921 0.9177 -0.0636
vn -0.0000 1.0000 -0.0000
vn -0.0004 1.0000 0.0020
vn -0.5772 0.5763 0.5786
vn 0.0002 1.0000 0.0003
vn -0.0003 1.0000 0.0004
vn -0.0002 1.0000 0.0006
vn 0.0002 1.0000 0.0006
vn -0.0005 1.0000 0.0012
vn -0.0000 1.0000 0.0001
vn 0.0001 1.0000 -0.0004
vn -0.0000 1.0000 -0.0001
vn 0.5614 0.5808 -0.5894
vn 0.0066 1.0000 -0.0013
vn -0.0000 1.0000 -0.0016
vn 0.0025 1.0000 0.0010
vn -0.7068 0.7074 0.0008
vn -0.0012 1.0000 0.0029
vn 0.3013 0.9025 -0.3076
vn -0.0023 1.0000 -0.0031
vn 0.7287 0.0728 -0.6809
vn 0.0007 0.0968 -0.9953
vn -0.0000 0.0041 -1.0000
vn -0.0006 0.3426 -0.9395
vn 0.0184 0.3499 -0.9366
vn -0.6825 -0.0759 0.7269
vn 0.6786 -0.0843 0.7297
vn 0.7059 -0.0028 0.7083
vn 0.0010 -0.3433 0.9392
vn -0.0141 -0.3518 0.9360
vn -0.7010 -0.0118 0.7131
vn -0.8461 0.0011 0.5331
vn -0.9972 0.0698 -0.0253
vn -1.0000 0.0005 0.0009
vn 1.0000 -0.0000 -0.0002
vn 1.0000 -0.0053 0.0045
vn 0.7002 0.0202 0.7136
vn 0.9336 0.0189 0.3579
vn 0.5391 0.0693 -0.8394
vn -0.7132 0.0124 -0.7009
vn -0.4185 0.0099 -0.9082
vn 0.6270 0.0343 -0.7783
vn 0.7062 -0.0029 -0.7080
vn -0.6552 0.0253 -0.7550
vn -0.4201 0.0094 -0.9074
vn 0.8958 0.0690 -0.4391
vn 0.4561 0.2381 -0.8575
vn 0.8706 0.2066 -0.4466
vn 0.4531 0.3859 -0.8036
vn 0.3257 0.1168 -0.9382
vn 0.9425 0.1133 -0.3143
vn 0.9998 -0.0129 -0.0154
vn 0.9999 0.0046 -0.0129
vn -0.9258 0.0146 -0.3777
vn -0.7365 0.2915 -0.6104
vn -0.6672 0.1943 -0.7190
vn -0.3878 0.1460 -0.9101
vn 0.3991 0.4038 -0.8232
vn -0.9381 0.1843 -0.2934
vn -0.7013 -0.0124 0.7127
vn -0.9113 0.0488 0.4088
vn 0.9520 0.1748 -0.2512
vn 0.2461 0.7440 -0.6212
vn -0.3964 0.3887 -0.8317
vn 0.3151 0.5511 -0.7727
vn -0.3172 0.5805 -0.7499
vn -0.9296 0.2508 -0.2700
vn -0.3432 0.0374 0.9385
vn 0.8907 0.1802 -0.4174
vn 0.4439 0.2254 -0.8673
vn 0.4387 0.3959 -0.8067
vn 0.6978 0.0666 -0.7132
vn 0.9069 0.0884 -0.4119
vn 0.9101 0.0133 0.4141
vn 0.7108 0.0204 0.7031
vn -0.9049 0.0611 -0.4212
vn -0.5555 0.3690 -0.7452
vn -0.3343 0.2339 -0.9130
vn -0.4179 0.1170 -0.9009
vn 0.2778 0.4068 -0.8703
vn -0.9142 0.1304 -0.3838
vn -0.6841 0.3215 -0.6548
vn -0.9999 0.0078 -0.0128
vn -1.0000 0.0008 -0.0086
vn -0.9984 -0.0044 -0.0569
vn -0.9949 0.0918 -0.0408
vn 0.2249 0.3112 -0.9233
vn 0.8884 -0.0776 -0.4524
vn 0.4362 0.2797 -0.8553
vn 0.9458 -0.0381 -0.3224
vn -0.7127 0.4766 -0.5148
vn -0.9056 0.4217 -0.0461
vn -0.5602 0.5845 -0.5870
vn -0.2147 0.6594 -0.7205
vn 0.3081 0.4979 -0.8107
vn -0.1205 0.7665 -0.6309
vn -0.7816 0.5737 -0.2447
vn 0.8958 -0.0717 -0.4386
vn 0.9553 -0.2934 0.0356
vn 0.8393 -0.4433 0.3147
vn 0.8304 -0.1451 0.5379
vn 0.2010 -0.0060 0.9796
vn -0.4364 0.0337 0.8991
vn -0.8934 0.2836 0.3484
vn -0.7699 0.4164 0.4837
vn -0.9425 0.3341 -0.0046
vn -0.9155 0.1830 0.3584
vn -0.4382 0.1616 0.8842
vn -0.8812 0.4581 0.1170
vn -0.3049 0.1451 0.9413
vn 0.4104 0.0225 0.9116
vn 0.9530 -0.0363 0.3009
vn 0.3721 0.0016 0.9282
vn 0.8963 -0.1478 0.4180
vn 0.3020 -0.2051 0.9310
vn 0.7967 -0.4665 0.3843
vn 0.5812 -0.4028 0.7071
vn 0.0555 -0.3799 0.9234
vn 0.0683 -0.9141 0.3997
vn -0.0568 -0.9164 0.3962
vn -0.3447 -0.1619 0.9246
vn -0.8907 -0.3129 0.3296
vn -0.9048 -0.1784 0.3866
vn -0.3663 -0.0981 0.9253
vn -0.6856 -0.0462 0.7265
vn -0.9040 0.2671 0.3340
vn 0.3145 -0.0267 0.9489
vn 0.6646 -0.1962 0.7210
vn 0.1125 -0.3117 0.9435
vn 0.2374 -0.8645 0.4431
vn 0.0056 -0.3138 0.9495
vn -0.1277 -0.6648 0.7360
vn -0.1060 -0.3149 0.9432
vn -0.3643 -0.8256 0.4309
vn -0.3384 -0.6222 0.7059
vn 0.2236 -0.6648 0.7128
vn -0.7185 0.1240 0.6843
vn -0.6577 -0.3126 0.6853
vn -0.6503 0.3008 0.6976
vn -0.6967 0.2382 0.6766
vn 0.7571 -0.1613 0.6331
vn 0.7117 -0.0526 0.7005
vn 0.6918 -0.0982 0.7154
vn 0.6437 -0.3313 0.6898
vn 0.6960 -0.1530 0.7015
vn 0.5834 -0.4302 0.6889
vn 0.5109 -0.4643 0.7235
vn 0.6472 -0.7622 0.0094
vn 0.3357 -0.6393 0.6918
vn 0.3370 -0.5530 0.7620
vn 0.2513 -0.6557 0.7119
vn 0.2063 -0.6901 0.6937
vn 0.0945 -0.9955 0.0053
vn -0.1176 -0.7147 0.6895
vn -0.2434 -0.6798 0.6919
vn -0.3867 -0.6127 0.6893
vn -0.5006 -0.5186 0.6931
vn -0.3996 -0.5184 0.7561
vn -0.5962 -0.4076 0.6917
vn -0.5164 -0.3889 0.7630
vn -0.9338 -0.3577 -0.0073
vn -0.9882 -0.1529 -0.0108
vn -0.9998 -0.0069 0.0211
vn -0.9603 0.2784 0.0161
vn 0.3542 -0.1095 0.9288
vn 0.7620 -0.5146 0.3930
vn 0.2301 -0.1908 0.9543
vn -0.7273 0.1023 0.6786
vn -0.7882 0.2411 -0.5662
vn -0.7181 0.0627 -0.6931
vn -0.9379 0.1670 0.3042
vn -0.7434 0.1832 -0.6432
vn -0.6474 0.2378 0.7241
vn -0.6446 0.3105 -0.6986
vn -0.5665 0.4637 -0.6812
vn -0.8284 0.4225 0.3679
vn -0.5739 0.3996 0.7148
vn -0.4420 0.5152 0.7343
vn -0.4615 0.5669 -0.6824
vn -0.3176 0.6393 -0.7003
vn -0.4405 0.6102 0.6585
vn -0.3644 0.8769 0.3135
vn -0.2713 0.8761 0.3985
vn -0.2227 0.9748 0.0111
vn -0.0720 0.6936 0.7168
vn -0.0562 0.9984 -0.0037
vn 0.1576 0.9875 0.0042
vn 0.0307 0.9220 0.3860
vn 0.2248 0.9177 0.3276
vn 0.3119 0.8632 0.3970
vn 0.4041 0.9147 0.0008
vn 0.3778 0.5773 0.7239
vn 0.4331 0.5935 -0.6784
vn 0.5540 0.4911 -0.6722
vn 0.4558 0.6059 0.6520
vn 0.5524 0.5219 0.6500
vn 0.7703 0.4726 0.4281
vn 0.6337 0.3572 -0.6862
vn 0.6899 0.2136 -0.6917
vn 0.7103 0.3014 0.6361
vn 0.8498 0.3634 0.3819
vn 0.9236 0.3804 0.0482
vn 0.9158 0.2085 0.3434
vn 0.4024 0.5590 -0.7250
vn 0.9183 -0.2055 -0.3384
vn 0.5458 -0.3883 -0.7425
vn 0.1087 -0.9940 0.0087
vn 0.0098 -0.7238 -0.6900
vn 0.0209 -0.8944 0.4468
vn 0.5233 -0.8520 0.0132
vn 0.2862 -0.8769 0.3861
vn 0.5897 -0.7792 0.2126
vn 0.1408 -0.3682 0.9190
vn 0.0289 -0.3309 0.9432
vn 0.4332 0.9013 0.0022
vn 0.3180 0.8934 0.3174
vn 0.5540 0.7343 0.3923
vn 0.7907 0.6122 -0.0074
vn 0.7139 0.4596 0.5284
vn 0.9056 0.3064 0.2935
vn 0.9656 0.2598 -0.0043
vn 0.8619 0.0968 0.4977
vn 0.9530 -0.0692 0.2949
vn 0.9803 -0.1977 -0.0015
vn 0.8082 -0.2341 0.5404
vn 0.7492 -0.5583 0.3564
vn 0.8307 -0.5568 0.0025
vn 0.4767 -0.6628 0.5775
vn 0.3714 -0.8450 0.3848
vn 0.2363 -0.7061 -0.6675
vn 0.6485 -0.7612 0.0024
vn 0.0147 -0.8837 0.4679
vn 0.3406 -0.2371 0.9098
vn 0.0899 -0.4291 0.8988
vn 0.1754 0.4408 0.8803
vn 0.2809 0.3391 0.8978
vn 0.4304 -0.0002 0.9027
vn 0.4454 0.1928 0.8743
vn 0.6092 0.7929 0.0090
vn 0.4025 0.8416 0.3602
vn 0.6895 0.6517 0.3161
vn 0.5649 0.3185 0.7612
vn 0.2384 0.3095 0.9205
vn 0.1162 0.2987 0.9473
vn 0.4379 0.1485 0.8867
vn -0.3279 0.1422 0.9339
vn -0.0876 0.3811 0.9204
vn 0.0460 0.3789 0.9243
vn 0.0670 0.3925 0.9173
vn 0.0853 0.3444 0.9349
vn 0.2836 0.2345 0.9298
vn -0.4286 0.0379 0.9027
vn -0.1871 0.3501 0.9178
vn 0.3807 0.0712 0.9220
vn 0.0010 0.0076 1.0000
vn -0.0045 -0.0011 1.0000
vn -0.0026 -0.0087 1.0000
vn 0.0061 0.0150 0.9999
vn -0.0187 0.0056 0.9998
vn 0.0113 0.0056 0.9999
vn 0.0047 -0.0002 1.0000
vn 0.0010 -0.0012 1.0000
vn -0.1693 0.6803 0.7131
vn -0.6416 0.3157 0.6991
vn -0.5470 0.5845 0.5993
vn -0.6464 -0.2825 0.7088
vn -0.7972 -0.0404 0.6024
vn -0.3030 -0.6617 0.6859
vn -0.3414 -0.6310 0.6966
vn 0.2542 -0.6715 0.6960
vn -0.0209 -0.7921 0.6100
vn 0.6642 -0.2442 0.7065
vn 0.6015 -0.5177 0.6084
vn 0.6644 0.2751 0.6949
vn 0.7309 0.1305 0.6699
vn 0.3495 0.6311 0.6925
vn 0.5709 0.5023 0.6494
vn 0.0567 0.7493 0.6598
vn 0.2517 0.6615 0.7064
vn 0.7593 -0.0274 0.6502
vn 0.3655 -0.6038 0.7084
vn -0.5671 -0.5337 0.6274
vn -0.7518 0.1094 0.6503
vn -0.4105 0.6485 0.6411
vn 0.6819 -0.7314 0.0086
vn 0.1845 -0.9828 0.0059
vn 0.4433 -0.8963 -0.0076
vn 0.9615 -0.2748 0.0061
vn 0.8215 -0.5702 -0.0071
vn 0.9700 0.2432 0.0027
vn 0.9882 -0.1531 -0.0037
vn 0.7587 0.6515 0.0007
vn 0.9617 0.2739 -0.0007
vn 0.3295 0.9441 0.0050
vn 0.7575 0.6528 0.0007
vn -0.8176 0.5757 0.0093
vn -0.2799 0.9600 0.0086
vn -0.4300 0.9028 -0.0023
vn -0.9996 -0.0282 0.0076
vn -0.9652 0.2615 -0.0059
vn -0.8318 -0.5550 0.0027
vn -0.9854 -0.1702 -0.0037
vn -0.4117 -0.9113 0.0012
vn -0.8130 -0.5822 -0.0009
vn -0.4275 -0.9040 0.0044
vn -0.0006 -1.0000 0.0018
vn -0.7646 0.6445 -0.0012
vn -0.0174 0.9995 -0.0282
vn 0.4168 0.9090 -0.0014
vn -0.1511 -0.6819 -0.7156
vn -0.5464 -0.4367 -0.7147
vn -0.3475 -0.6587 -0.6674
vn -0.6996 -0.1349 -0.7017
vn -0.7231 -0.0270 -0.6902
vn -0.6438 0.2705 -0.7158
vn -0.2754 0.6364 -0.7205
vn -0.5935 0.4833 -0.6435
vn 0.2353 0.6776 -0.6968
vn 0.2362 0.6456 -0.7262
vn -0.1353 0.6915 -0.7096
vn 0.6452 0.2543 -0.7204
vn 0.5694 0.5706 -0.5917
vn 0.7576 -0.1304 -0.6396
vn 0.6291 -0.3178 -0.7094
vn 0.2950 -0.6489 -0.7013
vn 0.5189 -0.5611 -0.6449
vn 0.1120 -0.7355 -0.6682
vn 0.6683 0.1033 -0.7367
vn -0.6225 -0.3466 -0.7017
vn -0.0382 0.4574 -0.8884
vn -0.0897 0.3486 -0.9330
vn 0.1725 0.3604 -0.9167
vn 0.1895 0.4935 -0.8489
vn -0.0000 0.4228 -0.9062
vn -0.0000 0.4229 -0.9062
vn 0.0001 0.4229 -0.9062
vn -0.0338 0.4779 -0.8778
vn -0.0016 0.4221 -0.9065
vn -0.0015 0.4225 -0.9064
vn -0.0000 0.4223 -0.9065
vn 0.0013 0.4225 -0.9064
vn 0.0006 0.4226 -0.9063
vn 0.0764 0.2898 -0.9540
vn 0.0029 0.4221 -0.9065
vn 0.0705 0.3911 -0.9176
vn 0.1962 0.4827 -0.8535
vn 0.0924 0.5747 -0.8131
vn 0.0493 0.5613 -0.8261
vn 0.0002 0.4227 -0.9063
vn 0.0003 0.4233 -0.9060
vn 0.0002 0.4232 -0.9060
vn 0.0005 0.4232 -0.9061
vn -0.0002 0.4236 -0.9059
vn -0.0074 0.1474 -0.9891
vn -0.0011 0.2149 -0.9766
vn -0.0000 0.4231 -0.9061
vn -0.0633 0.3428 -0.9373
vn -0.0033 0.4224 -0.9064
vn -0.0017 0.4224 -0.9064
vn 0.0005 0.4231 -0.9061
vn -0.0011 0.4234 -0.9059
vn -0.0000 0.4230 -0.9061
vn -0.0450 -0.5181 -0.8541
vn -0.0005 0.4238 -0.9058
vn -0.0920 -0.3844 0.9186
vn 0.0865 -0.3725 0.9240
vn 0.1367 -0.4309 0.8920
vn -0.0721 -0.4485 0.8909
vn 0.0977 -0.5583 0.8238
vn 0.0004 -0.4235 0.9059
vn 0.0001 -0.4236 0.9058
vn -0.0000 -0.4231 0.9061
vn -0.0000 -0.4230 0.9061
vn -0.0003 -0.4235 0.9059
vn -0.1651 -0.4788 0.8623
vn -0.0236 -0.5396 0.8416
vn -0.0001 -0.4239 0.9057
vn -0.0410 -0.3732 0.9268
vn 0.0823 -0.2607 0.9619
vn -0.0000 -0.4229 0.9062
vn 0.0001 -0.4231 0.9061
vn -0.0016 -0.4226 0.9063
vn 0.0986 -0.5886 0.8024
vn 0.0933 -0.4671 0.8793
vn 0.1529 -0.3582 0.9210
vn 0.0028 -0.4228 0.9062
vn 0.0829 -0.1993 0.9764
vn 0.2377 0.8606 -0.4503
vn 0.4070 0.9118 -0.0540
vn 0.5842 0.5084 -0.6326
vn 0.4126 0.8274 0.3811
vn 0.8444 0.4444 -0.2992
vn 0.3372 0.4651 0.8185
vn 0.9435 0.2941 0.1525
vn 0.5943 -0.1021 0.7977
vn 0.8510 0.0893 0.5175
vn -0.1319 0.8249 -0.5497
vn -0.3005 0.9396 -0.1639
vn -0.3827 0.8253 0.4152
vn -0.3586 0.3935 0.8465
vn -0.1596 0.1432 0.9767
vn 0.4893 0.2255 -0.8425
vn 0.7221 0.0218 -0.6915
vn 0.9278 -0.2568 -0.2706
vn 0.8309 -0.4760 0.2881
vn 0.5085 -0.5324 0.6767
vn -0.8446 0.4856 -0.2254
vn -0.6228 0.4725 -0.6236
vn -0.9318 0.3165 0.1774
vn -0.7897 0.0270 0.6130
vn -0.6205 -0.2304 0.7496
vn 0.0999 -0.2220 -0.9699
vn 0.3243 -0.4764 -0.8172
vn 0.4108 -0.8156 -0.4076
vn 0.3799 -0.9238 0.0467
vn 0.2392 -0.8570 0.4564
vn -0.7344 0.0079 -0.6786
vn -0.8993 -0.2480 -0.3601
vn -0.9163 -0.3910 0.0866
vn -0.7139 -0.5509 0.4322
vn -0.6259 -0.4238 0.6547
vn -0.6020 0.2525 -0.7575
vn -0.1415 -0.1562 -0.9775
vn -0.2709 -0.4045 -0.8735
vn -0.2956 -0.7513 -0.5900
vn -0.3752 -0.9064 -0.1939
vn -0.3060 -0.9167 0.2569
vn -0.1627 -0.8326 0.5295
vn -0.8445 0.4856 -0.2257
vn -0.6266 0.4709 -0.6209
vn -0.3179 0.9301 -0.1837
vn -0.9318 0.3167 0.1775
vn -0.7902 0.0265 0.6122
vn -0.3955 0.8303 0.3927
vn -0.6038 -0.2377 0.7609
vn -0.3483 0.4397 0.8278
vn -0.1495 0.1369 0.9792
vn -0.1321 0.8259 -0.5481
vn -0.7265 0.0062 -0.6872
vn -0.9113 -0.2234 -0.3458
vn -0.8982 -0.4303 0.0896
vn -0.6363 -0.5478 0.5432
vn -0.6074 0.2442 -0.7559
vn 0.2389 0.8613 -0.4484
vn 0.1767 0.9795 0.0963
vn 0.3893 0.7856 0.4808
vn 0.2567 0.3717 0.8922
vn -0.1714 -0.1541 -0.9731
vn -0.3448 -0.4912 -0.7999
vn -0.3889 -0.8663 -0.3135
vn -0.3135 -0.9286 0.1984
vn -0.1837 -0.7701 0.6109
vn 0.7743 0.6002 -0.2007
vn 0.5896 0.4909 -0.6414
vn 0.9468 0.2407 0.2135
vn 0.7352 0.0374 0.6768
vn 0.4282 -0.1625 0.8890
vn 0.1963 -0.2060 -0.9587
vn 0.3304 -0.5912 -0.7358
vn 0.3719 -0.8949 -0.2465
vn 0.2531 -0.8996 0.3560
vn 0.6501 0.0554 -0.7578
vn 0.9315 -0.2416 -0.2719
vn 0.8046 -0.5462 0.2331
vn 0.5121 -0.5329 0.6737
vn 0.9329 -0.3601 -0.0078
vn 0.9845 -0.1739 -0.0226
vn 0.4998 -0.8661 0.0109
vn 0.8183 0.5743 -0.0230
vn -0.0948 0.9955 0.0046
vn 0.4688 0.8830 0.0243
vn -0.0075 0.9997 -0.0247
vn -0.8054 0.5920 -0.0306
vn -0.6268 0.7791 0.0086
vn -0.9365 -0.3479 -0.0440
vn -0.9900 0.1392 0.0243
vn -0.3430 -0.9387 -0.0356
vn -0.7931 -0.6085 0.0282
vn -0.1829 -0.9830 0.0140
vn 0.3791 -0.9252 -0.0170
vn 0.9119 0.4104 0.0067
vn 0.9277 -0.3733 -0.0073
vn 0.9823 -0.1869 -0.0117
vn 0.4996 -0.8662 0.0112
vn 0.8798 0.4751 -0.0157
vn 0.4672 0.8836 0.0305
vn 0.9080 0.4189 0.0114
vn -0.0820 0.9964 0.0220
vn 0.2957 0.9550 -0.0225
vn -0.6504 0.7593 0.0207
vn -0.4914 0.8702 -0.0340
vn -0.9981 0.0585 -0.0170
vn -0.7185 -0.6955 -0.0040
vn -0.8088 -0.5881 -0.0007
vn -0.1927 -0.9813 0.0033
vn -0.1889 -0.9820 -0.0014
vn 0.4019 -0.9157 -0.0079
vn -0.9895 0.1442 0.0085
vn -0.0000 -0.0000 1.0000
vn 0.6678 0.0476 0.7428
vn -0.2268 0.5028 0.8341
vn -0.3070 0.5428 0.7817
vn 0.4557 0.4825 0.7480
vn 0.5784 0.2605 0.7730
vn 0.6498 -0.1182 0.7509
vn 0.5976 -0.3281 0.7316
vn -0.7227 -0.2359 0.6497
vn -0.5004 -0.5495 0.6691
vn -0.5908 -0.2905 0.7527
vn -0.6582 -0.0102 0.7527
vn -0.4667 -0.4878 0.7377
vn -0.5842 0.2907 0.7577
vn -0.0001 -0.0000 1.0000
vn 0.4538 -0.4794 0.7512
vn 0.5404 -0.5136 0.6665
vn 0.1464 0.5687 0.8094
vn -0.5661 0.1801 0.8044
vn 0.0001 -0.0000 1.0000
vn 0.0002 -0.0000 1.0000
vn -0.4963 -0.3559 0.7918
vn -0.5585 0.1327 0.8188
vn -0.4667 0.4717 0.7481
vn 0.5851 0.2118 0.7828
vn 0.2692 0.5303 0.8040
vn 0.3520 0.4117 0.8406
vn 0.9039 0.4274 -0.0176
vn 0.2197 0.5528 -0.8038
vn 0.9453 -0.3260 -0.0099
vn 0.9327 0.3605 0.0118
vn 0.5505 -0.8345 -0.0211
vn 0.9120 -0.4093 0.0247
vn -0.1198 -0.9921 -0.0375
vn 0.2881 -0.9568 0.0385
vn -0.8196 -0.5715 -0.0413
vn -0.5047 -0.8625 0.0374
vn -0.9501 -0.3112 0.0217
vn -0.5503 0.2378 -0.8004
vn -0.2426 0.5636 -0.7897
vn 0.7371 0.6755 -0.0174
vn 0.0629 0.9977 -0.0257
vn 0.6493 0.7604 0.0143
vn 0.9995 0.0321 -0.0048
vn 0.9949 0.0999 0.0113
vn 0.7265 -0.6871 -0.0010
vn 0.0188 -0.9998 -0.0041
vn 0.0610 -0.9980 0.0146
vn -0.6709 -0.7415 -0.0030
vn -0.9999 0.0021 -0.0109
vn -0.7098 -0.7042 0.0130
vn -0.7055 0.7084 -0.0211
vn -0.9973 0.0711 0.0179
vn -0.6176 0.7864 0.0134
vn 0.0711 0.9969 0.0336
vn 0.7614 -0.6482 0.0105
vn -0.4257 0.9041 -0.0382
vn -0.1479 0.9885 0.0305
vn 0.6015 0.7983 0.0322
vn 0.9950 0.0797 0.0609
vn 0.9355 -0.3514 -0.0368
vn 0.4605 -0.8872 -0.0272
vn 0.7323 -0.6798 0.0403
vn -0.8073 -0.5901 -0.0091
vn -0.2480 -0.9688 -0.0001
vn -0.0399 -0.9990 0.0184
vn -0.9687 0.2442 -0.0439
vn -0.9993 -0.0251 0.0283
vn -0.7635 0.6449 0.0345
vn -0.6893 -0.7244 0.0096
vn 0.9789 0.2026 -0.0272
vn 0.4085 0.9119 -0.0402
vn 0.4035 0.4698 -0.7852
vn 0.7822 -0.6229 -0.0126
vn 0.9936 0.1125 0.0117
vn 0.0324 -0.9994 -0.0124
vn 0.7394 -0.6731 0.0135
vn -0.7522 -0.6588 -0.0134
vn -0.0338 -0.9993 0.0147
vn -0.9765 0.2146 -0.0181
vn -0.7856 -0.6187 0.0042
vn -0.4495 0.8925 -0.0366
vn -0.5997 0.8001 0.0157
vn 0.0094 0.6302 -0.7764
vn -0.9863 0.1646 0.0105
vn 0.9247 0.3791 0.0343
vn 0.9687 0.2481 -0.0107
vn 0.6697 0.7420 -0.0302
vn 0.4024 0.9145 0.0409
vn -0.0098 0.9992 -0.0383
vn -0.4037 0.9137 0.0463
vn -0.9329 0.3594 0.0223
vn -0.6185 0.7856 -0.0159
vn -0.9445 0.3285 -0.0024
vn 0.9538 0.2986 0.0330
vn 0.9488 0.3158 0.0036
vn -0.6120 0.0714 -0.7876
vn -0.2019 0.1917 -0.9605
vn -0.7548 0.2803 -0.5931
vn -0.0388 0.6855 -0.7270
vn -0.3085 0.7168 -0.6253
vn 0.2676 0.6772 -0.6854
vn 0.4083 0.5723 -0.7112
vn 0.6503 0.2658 -0.7116
vn 0.6637 0.2592 -0.7017
vn -0.9534 0.3017 0.0029
vn -0.9475 0.3191 -0.0218
vn 0.5377 0.8415 -0.0531
vn -0.3548 0.9339 -0.0436
vn 0.2115 0.9770 0.0281
vn 0.7804 0.6247 0.0273
vn 0.9894 0.1431 -0.0241
vn -0.0605 -0.9973 -0.0416
vn 0.7731 -0.6337 -0.0259
vn 0.1899 -0.9814 0.0276
vn -0.3558 -0.4989 -0.7903
vn -0.6134 -0.1876 -0.7672
vn -0.9582 0.2841 0.0326
vn -0.5216 0.8531 0.0140
vn 0.9986 0.0434 0.0301
vn 0.8110 -0.5850 0.0095
vn -0.6842 0.1781 -0.7072
vn -0.6056 0.3413 -0.7189
vn -0.6814 0.7319 -0.0026
vn -0.6781 0.7331 0.0525
vn 0.5881 -0.8088 0.0042
vn 0.6683 -0.7418 -0.0564
vn 0.8167 -0.5764 0.0276
vn 0.9775 -0.2104 0.0161
vn 0.9845 0.1741 0.0225
vn 0.8538 0.5205 0.0093
vn 0.6830 0.7304 0.0010
vn 0.6450 0.7642 0.0002
vn 0.6734 0.7374 -0.0521
vn 0.9243 -0.3804 -0.0294
vn 0.9462 -0.3229 -0.0217
vn 0.9524 -0.3048 0.0024
vn 0.9276 -0.3735 0.0070
vn -0.4096 -0.9122 0.0091
vn -0.9306 -0.3650 0.0283
vn -0.9216 -0.3880 -0.0082
vn 0.3943 -0.9189 0.0132
vn -0.3604 -0.9327 -0.0117
vn 0.4413 -0.8973 -0.0083
vn 0.3772 0.9258 -0.0261
vn -0.3802 0.9237 -0.0464
vn -0.0438 0.9980 0.0456
vn 0.8954 0.4452 -0.0064
vn 0.7985 0.6007 0.0386
vn 0.9619 -0.2732 -0.0073
vn 0.9388 -0.3431 0.0303
vn 0.5318 -0.8466 -0.0223
vn 0.2302 -0.9709 0.0661
vn -0.1153 -0.9930 -0.0249
vn -0.7659 -0.6423 -0.0308
vn -0.6255 -0.7793 0.0379
vn -0.9722 0.2297 -0.0453
vn -0.9966 -0.0751 0.0351
vn -0.7465 0.6645 0.0340
vn 0.5583 -0.0698 -0.8267
vn 0.1715 -0.1920 -0.9663
vn 0.7770 -0.3037 -0.5514
vn -0.2258 -0.6554 -0.7207
vn 0.2250 -0.8301 -0.5102
vn -0.3500 -0.5939 -0.7245
vn -0.6479 -0.2372 -0.7238
vn -0.6530 -0.3107 -0.6907
vn -0.9455 -0.3248 0.0212
vn 0.6900 -0.1803 -0.7010
vn 0.3811 -0.2571 -0.8881
vn 0.4002 -0.5743 -0.7141
vn -0.6757 0.7371 -0.0116
vn -0.8527 0.5223 0.0084
vn -0.9807 0.1952 0.0105
vn -0.9788 -0.2046 0.0108
vn -0.8187 -0.5735 0.0294
vn -0.5904 -0.8071 0.0059
vn -0.6470 -0.7625 -0.0019
vn -0.4022 0.5657 -0.7198
vn 0.5905 0.3741 -0.7151
vn 0.6922 0.1628 -0.7032
vn 0.4346 0.5156 -0.7384
vn 0.4901 0.5177 -0.7013
vn 0.4733 0.5305 -0.7032
vn 0.6341 0.4059 -0.6582
vn 0.7774 0.1732 -0.6047
vn 0.2977 0.1284 -0.9460
vn 0.2861 0.0029 -0.9582
vn 0.5854 -0.2639 -0.7666
vn 0.8076 -0.1785 -0.5620
vn 0.6529 -0.4587 -0.6028
vn 0.4325 -0.4644 -0.7728
vn 0.3865 -0.6076 -0.6938
vn -0.4176 -0.5260 -0.7409
vn -0.5769 -0.3406 -0.7424
vn -0.4340 -0.4630 -0.7728
vn -0.3971 -0.6219 -0.6750
vn -0.6703 -0.4687 -0.5753
vn -0.5866 -0.2535 -0.7692
vn -0.2934 0.0072 -0.9560
vn -0.8124 -0.1586 -0.5611
vn -0.6360 0.4144 -0.6509
vn -0.2991 0.1310 -0.9452
vn -0.4641 0.5074 -0.7261
vn -0.4563 0.5169 -0.7243
vn -0.7735 0.1766 -0.6086
vn -0.6633 -0.1665 -0.7296
vn 0.8697 0.4924 -0.0356
vn 0.0891 0.9955 -0.0333
vn 0.5969 0.8020 0.0236
vn 0.9093 -0.4157 -0.0183
vn 0.9740 0.2259 0.0176
vn 0.3252 -0.9455 -0.0152
vn 0.8702 -0.4926 0.0120
vn -0.5116 -0.8590 -0.0208
vn 0.2115 -0.9770 0.0253
vn -0.9949 -0.1000 -0.0139
vn -0.6208 -0.7838 0.0171
vn -0.7152 0.6987 -0.0162
vn -0.9984 -0.0568 0.0008
vn -0.1016 0.9947 0.0159
vn -0.7584 0.6518 0.0031
vn 0.2020 -0.6913 -0.6938
vn -0.5649 -0.4468 -0.6937
vn -0.3604 -0.6391 -0.6794
vn -0.6183 0.3787 -0.6887
vn -0.8069 -0.0382 -0.5894
vn -0.1423 0.6948 -0.7050
vn -0.4777 0.5233 -0.7056
vn 0.0080 0.7088 -0.7053
vn 0.5573 0.4627 -0.6894
vn 0.4164 0.5802 -0.7000
vn 0.6974 0.1883 -0.6915
vn 0.7037 -0.1513 -0.6942
vn 0.6115 -0.4194 -0.6710
vn 0.0958 -0.6840 -0.7232
vn 0.4070 0.9130 0.0271
vn 0.9813 -0.1877 -0.0425
vn 0.9844 0.1719 0.0368
vn 0.5328 -0.8457 -0.0285
vn 0.7643 -0.6441 0.0311
vn -0.1861 -0.9822 -0.0260
vn 0.0802 -0.9965 0.0241
vn -0.8224 -0.5688 -0.0050
vn -0.7152 -0.6986 0.0219
vn -0.9873 0.1587 0.0071
vn -0.9873 0.1590 0.0005
vn -0.5045 0.8634 0.0082
vn 0.1129 -0.7019 -0.7032
vn -0.5634 -0.4450 -0.6961
vn -0.4739 -0.5408 -0.6950
vn -0.6928 0.1416 -0.7071
vn -0.6825 0.1098 -0.7226
vn -0.1162 0.2524 -0.9606
vn -0.3749 0.5832 -0.7206
vn 0.2717 0.6333 -0.7246
vn 0.1122 0.2882 -0.9510
vn 0.6251 0.3228 -0.7107
vn 0.6609 -0.2737 -0.6988
vn 0.6896 0.1122 -0.7155
vn 0.5297 -0.5158 -0.6733
vn 0.0251 -0.6604 -0.7505
vn 0.0549 0.4532 -0.8897
vn -0.0568 0.7171 -0.6946
vn -0.0727 0.5036 -0.8609
vn -0.1174 -0.0456 -0.9920
vn -0.0179 -0.2536 -0.9672
vn -0.1186 0.0874 -0.9891
vn -0.0004 0.0002 -1.0000
vn -0.0000 -0.0000 -1.0000
vn -0.0000 0.0001 -1.0000
vn -0.0001 -0.0004 -1.0000
vn 0.0002 -0.0009 -1.0000
vn 0.0001 -0.0006 -1.0000
vn -0.0002 -0.0000 -1.0000
vn -0.0003 -0.0002 -1.0000
vn -0.0001 -0.0006 -1.0000
vn -0.0003 -0.0003 -1.0000
vn -0.0005 0.0010 -1.0000
vn 0.1300 0.6031 -0.7870
vn 0.0002 0.0028 -1.0000
vn -0.0003 -0.0000 -1.0000
vn -0.0005 -0.0001 -1.0000
vn -0.0007 0.0002 -1.0000
vn 0.0005 0.0012 -1.0000
vn 0.0006 0.0008 -1.0000
vn 0.0876 0.0783 -0.9931
vn 0.0040 0.0063 -1.0000
vn -0.0006 0.0152 -0.9999
vn 0.0498 -0.6851 -0.7268
vn 0.0451 -0.2959 -0.9542
vn 0.0827 -0.0261 -0.9962
vn -0.0006 0.0005 -1.0000
vn -0.0001 -0.0003 -1.0000
vn 0.0004 0.0006 -1.0000
vn 0.0003 0.0010 -1.0000
vn -0.0004 -0.0002 -1.0000
vn 0.0001 -0.0000 -1.0000
vn 0.0001 -0.0002 -1.0000
vn 0.0006 0.0014 -1.0000
vn -0.0001 -0.0000 -1.0000
vn -0.0005 -0.0003 -1.0000
vn -0.0005 -0.0004 -1.0000
vn -0.0001 0.0001 -1.0000
vn 0.0001 -0.0001 -1.0000
vn -0.0014 -0.0004 -1.0000
vn 0.0032 -0.0045 -1.0000
vn -0.0031 0.0020 -1.0000
vn -0.0009 -0.0000 -1.0000
vn -0.0005 -0.0002 -1.0000
vn -0.0007 0.0004 -1.0000
vn 0.0154 0.0053 -0.9999
vn -0.0003 0.0002 -1.0000
vn 0.0004 -0.0000 -1.0000
vn -0.0008 -0.0007 -1.0000
vn -0.0007 -0.0001 -1.0000
vn 0.0001 0.0001 -1.0000
vn -0.0006 -0.0005 -1.0000
vn 0.0001 0.0002 -1.0000
vn 0.0002 -0.0000 -1.0000
vn 0.0004 0.0004 -1.0000
vn 0.0002 0.0005 -1.0000
vn -0.0059 0.0078 -1.0000
vn 0.0007 0.0001 -1.0000
vn 0.0010 0.0001 -1.0000
vn 0.0003 0.0003 -1.0000
vn 0.0009 -0.0007 -1.0000
vn -0.0259 -0.0058 -0.9996
vn -0.0024 -0.0018 -1.0000
vn 0.0007 -0.0004 -1.0000
vn 0.0012 0.0004 -1.0000
vn -0.0014 -0.0053 -1.0000
vn -0.0023 -0.0003 -1.0000
vn 0.0006 0.0004 -1.0000
vn 0.0002 0.0003 -1.0000
vn 0.0007 -0.0000 -1.0000
vn -0.0372 -0.0076 -0.9993
vn 0.0571 0.7139 -0.6980
vn 0.5625 -0.6219 -0.5448
vn 0.4800 -0.3344 -0.8110
vn 0.7344 -0.4989 -0.4601
vn 0.8049 -0.5710 -0.1616
vn 0.7918 -0.5921 -0.1500
vn -0.5669 -0.6147 -0.5484
vn -0.6308 -0.2896 -0.7199
vn -0.7696 -0.5924 -0.2382
vn -0.7809 -0.5838 -0.2222
vn 0.7742 0.1467 -0.6157
vn 0.9485 0.1706 -0.2668
vn 0.9533 0.1219 -0.2763
vn 0.6120 0.0767 -0.7872
vn -0.6127 0.1072 -0.7830
vn -0.9133 0.1654 -0.3722
vn -0.9355 0.1657 -0.3121
vn 0.7689 -0.6025 -0.2140
vn 0.5513 -0.7111 -0.4363
vn -0.4505 -0.8394 -0.3042
vn -0.7442 -0.6056 -0.2818
vn -0.0983 -0.8813 -0.4622
vn -0.1715 -0.9852 -0.0009
vn 0.0782 -0.9969 0.0013
vn 0.1405 -0.9901 0.0029
vn 0.1673 -0.9859 -0.0010
vn 0.3650 -0.6732 -0.6431
vn 0.9361 0.1627 -0.3119
vn 0.9236 0.1036 -0.3692
vn 0.4217 0.8191 -0.3888
vn 0.2774 0.7715 -0.5726
vn 0.5462 0.8012 -0.2444
vn 0.5513 0.8303 -0.0813
vn -0.2413 -0.7072 -0.6646
vn -0.0046 -0.7978 -0.6029
vn 0.0729 -0.6239 -0.7781
vn 0.3718 0.1232 -0.9201
vn 0.3279 0.0250 -0.9444
vn 0.5189 0.8198 -0.2421
vn 0.3238 0.8443 -0.4269
vn 0.0020 0.0012 -1.0000
vn -0.3594 0.0292 -0.9327
vn -0.2514 0.0496 -0.9666
vn 0.1195 0.7634 -0.6348
vn -0.8602 0.1989 -0.4695
vn -0.8880 0.1694 -0.4275
vn -0.5525 0.7907 -0.2637
vn -0.5739 0.8038 -0.1569
vn -0.3239 0.8016 -0.5025
vn -0.1582 0.9874 0.0028
vn -0.1047 0.9944 0.0160
vn -0.1849 0.9827 0.0072
vn 0.1669 0.9860 -0.0019
vn -0.0151 0.9995 0.0268
vn 0.0890 0.9957 0.0253
vn -0.0795 0.7444 -0.6630
vn 0.0075 0.9267 -0.3758
vn -0.3181 0.8508 -0.4183
vn -0.4784 0.8160 -0.3244
vn 0.7445 0.6676 -0.0027
vn 0.0609 0.9981 -0.0090
vn 0.6991 0.7150 0.0051
vn 0.9998 -0.0222 -0.0022
vn 0.7069 -0.7073 -0.0027
vn 0.7292 -0.6843 0.0057
vn 0.0483 -0.9988 -0.0014
vn -0.5964 -0.8027 -0.0097
vn -0.0288 -0.9995 0.0094
vn -0.9875 -0.1564 -0.0193
vn -0.7795 -0.6261 0.0187
vn -0.7212 0.6925 -0.0178
vn -0.9873 0.1584 0.0149
vn -0.0458 0.9989 0.0063
vn -0.6670 0.7451 0.0047
vn 0.9996 0.0273 0.0027
vn 0.4747 0.8801 -0.0085
vn -0.0412 0.9991 -0.0095
vn 0.4015 0.9143 -0.0528
vn 0.8610 0.5086 -0.0075
vn 0.9298 0.1267 -0.3457
vn 0.9089 -0.0564 -0.4131
vn 0.8815 -0.2138 -0.4209
vn 0.9973 -0.0727 -0.0075
vn 0.9169 -0.3991 -0.0041
vn 0.8416 -0.5400 -0.0041
vn 0.6622 -0.7492 0.0142
vn 0.5629 -0.8265 -0.0004
vn 0.5181 -0.7490 -0.4129
vn -0.2407 -0.9706 -0.0055
vn 0.3792 -0.8638 -0.3319
vn -0.8948 -0.4464 -0.0089
vn 0.1011 -0.9514 -0.2909
vn -0.0772 -0.9319 -0.3544
vn -0.9999 -0.0110 -0.0113
vn -0.9888 0.1445 0.0368
vn -0.7229 0.6907 -0.0174
vn -0.8899 0.4559 -0.0151
vn -0.5534 0.8328 -0.0135
vn -0.0208 0.9994 -0.0285
vn -0.6215 -0.7834 -0.0064
vn 0.1770 -0.9842 -0.0023
vn 0.5679 -0.4627 -0.6807
vn 0.5981 -0.3285 -0.7310
vn 0.0479 0.1037 -0.9935
vn 0.0524 -0.1090 -0.9927
vn 0.0891 -0.0945 -0.9915
vn 0.4712 -0.4166 -0.7774
vn 0.3498 -0.3444 -0.8712
vn 0.3196 -0.1055 -0.9417
vn 0.4827 -0.3320 -0.8104
vn 0.4874 -0.3318 -0.8077
vn -0.4657 -0.2575 -0.8466
vn 0.5811 -0.3787 -0.7204
vn 0.9505 -0.0774 -0.3009
vn 0.9212 -0.3622 -0.1418
vn 0.8557 -0.4608 -0.2354
vn 0.8892 -0.1940 -0.4144
vn 0.8123 -0.4995 -0.3012
vn 0.7081 -0.3036 -0.6375
vn 0.8530 -0.0935 -0.5134
vn 0.8284 -0.4758 -0.2956
vn 0.9763 -0.1960 -0.0922
vn 0.9277 -0.3603 -0.0974
vn 0.8841 -0.4297 -0.1835
vn 0.7670 -0.1102 0.6321
vn 0.9093 -0.4161 -0.0094
vn 0.0032 -0.0507 -0.9987
vn 0.1092 -0.0325 -0.9935
vn 0.1821 -0.1745 -0.9677
vn 0.2033 -0.0963 -0.9744
vn -0.3594 0.2671 -0.8941
vn 0.4945 -0.2309 -0.8379
vn 0.6048 -0.2661 -0.7506
vn 0.5157 0.4762 -0.7122
vn 0.2887 -0.0736 -0.9546
vn 0.1565 0.0076 -0.9877
vn 0.6186 -0.1332 -0.7743
vn 0.5091 -0.1038 -0.8544
vn 0.6000 -0.0512 -0.7984
vn 0.4183 -0.0233 -0.9080
vn 0.4057 -0.1526 -0.9012
vn 0.6109 -0.0088 -0.7916
vn 0.7162 -0.1504 -0.6815
vn 0.6934 -0.3230 -0.6440
vn 0.7444 -0.4374 -0.5045
vn 0.8102 -0.4444 -0.3822
vn 0.8537 -0.3177 -0.4126
vn 0.8661 -0.4245 -0.2639
vn 0.9151 -0.3232 -0.2411
vn 0.9509 -0.1543 -0.2684
vn 0.6999 0.0109 -0.7142
vn 0.7716 -0.2973 -0.5624
vn 0.8804 -0.1562 -0.4478
vn 0.8017 -0.1560 -0.5770
vn 0.8851 -0.0952 -0.4556
vn 0.8336 -0.0192 -0.5520
vn 0.8900 -0.0259 -0.4552
vn 0.9360 0.0208 -0.3514
vn 0.9795 -0.1677 -0.1117
vn 0.9722 -0.2339 0.0140
vn 0.9922 -0.0102 -0.1242
vn 0.7186 -0.0262 0.6950
vn -0.6281 -0.1828 -0.7563
vn -0.6638 -0.2240 -0.7136
vn -0.5091 -0.2535 -0.8225
vn -0.9981 0.0235 -0.0565
vn -0.9862 0.0176 -0.1649
vn -0.7394 0.0020 0.6732
vn -0.7189 0.0261 0.6946
vn -0.9962 0.0070 -0.0866
vn -0.9864 -0.0273 -0.1622
vn -0.9527 -0.0143 -0.3034
vn -0.9529 -0.0461 -0.2997
vn -0.9189 -0.1016 -0.3811
vn -0.8738 -0.0368 -0.4849
vn -0.7473 -0.1690 -0.6426
vn -0.8007 -0.1945 -0.5666
vn -0.8407 -0.1379 -0.5237
vn -0.7313 -0.1039 -0.6741
vn -0.8181 -0.0599 -0.5719
vn -0.6253 -0.1114 -0.7724
vn -0.8760 0.0107 -0.4822
vn -0.9255 -0.0221 -0.3780
vn -0.6277 -0.0573 -0.7763
vn -0.7124 -0.0228 -0.7014
vn -0.7884 0.0071 -0.6151
vn -0.6189 -0.0093 -0.7854
vn -0.5216 -0.0352 -0.8524
vn -0.5072 -0.1860 -0.8415
vn -0.3726 -0.2349 -0.8978
vn -0.5058 -0.1125 -0.8553
vn -0.3824 -0.1772 -0.9068
vn 0.0244 0.0243 -0.9994
vn -0.4402 0.4963 -0.7483
vn -0.0807 -0.0587 -0.9950
vn -0.0943 -0.0123 -0.9955
vn -0.1406 0.6201 -0.7718
vn -0.2976 -0.0351 -0.9540
vn -0.4035 -0.0548 -0.9133
vn -0.3856 -0.1081 -0.9163
vn -0.2252 -0.0306 -0.9738
vn -0.4274 0.0148 -0.9039
vn -0.0049 -0.0295 -0.9996
vn -0.9994 0.0009 -0.0342
vn -0.9952 -0.0672 -0.0708
vn -0.9844 -0.0717 -0.1606
vn -0.9872 -0.1247 -0.0990
vn -0.9735 -0.1255 -0.1911
vn -0.9406 -0.2100 -0.2668
vn -0.9695 -0.2066 -0.1319
vn -0.8600 -0.2704 -0.4328
vn -0.9597 0.1561 -0.2338
vn -0.8006 -0.3167 -0.5087
vn -0.8998 -0.0174 -0.4359
vn -0.5807 -0.7180 -0.3838
vn -0.4940 -0.7850 -0.3737
vn -0.7131 -0.5669 -0.4124
vn -0.5827 -0.1234 -0.8033
vn -0.4881 -0.1801 -0.8540
vn -0.9997 0.0244 0.0046
vn -0.0080 -0.5949 -0.8038
vn -0.5578 -0.3177 -0.7667
vn -0.3135 -0.1767 -0.9330
vn -0.7657 -0.2502 -0.5925
vn -0.7018 -0.2476 -0.6679
vn -0.9319 -0.0379 -0.3606
vn -0.8526 -0.2290 -0.4697
vn -0.8160 -0.3824 -0.4336
vn -0.4249 -0.8763 -0.2271
vn -0.9563 -0.1509 -0.2503
vn -0.1843 0.7092 -0.6805
vn -0.8781 -0.1625 -0.4499
vn -0.9346 -0.1476 -0.3237
vn -0.8778 -0.1952 -0.4375
vn 0.7943 -0.4507 -0.4074
vn 0.8469 -0.4417 -0.2961
vn 0.8317 -0.4530 -0.3210
vn 0.6305 -0.4570 -0.6274
vn 0.6403 -0.4628 -0.6130
vn 0.7597 -0.4506 -0.4688
vn -0.9382 0.3461 -0.0004
vn -0.9966 0.0821 -0.0088
vn -0.9743 0.2250 0.0069
vn -0.9987 0.0337 -0.0371
vn -0.8027 -0.0393 -0.5951
vn -0.7114 -0.1598 -0.6844
vn -0.3194 -0.0890 -0.9434
vn -0.1455 -0.1191 -0.9822
vn -0.2271 -0.1805 -0.9570
vn 0.1060 -0.0016 -0.9944
vn 0.0131 -0.0198 -0.9997
vn 0.0453 0.2543 -0.9661
vn 0.0791 0.0312 -0.9964
vn 0.0544 -0.0671 -0.9963
vn 0.0916 0.0380 -0.9951
vn 0.2414 -0.2712 -0.9318
vn 0.1535 -0.0461 -0.9871
vn 0.7021 -0.5134 -0.4935
vn 0.9506 -0.1995 -0.2380
vn 0.9956 -0.0767 -0.0532
vn -0.1737 -0.1307 -0.9761
vn -0.2405 -0.1617 -0.9571
vn -0.1395 -0.1168 -0.9833
vn -0.2957 -0.1629 -0.9413
vn 0.1592 0.5123 -0.8439
vn -0.3190 -0.1410 -0.9372
vn -0.1418 -0.0852 -0.9862
vn -0.1297 -0.1056 -0.9859
vn -0.6077 0.2882 -0.7400
vn 0.0627 0.1022 -0.9928
vn 0.1733 -0.1471 -0.9738
vn 0.1557 -0.1396 -0.9779
vn 0.0046 0.5467 -0.8373
vn 0.3539 0.5388 -0.7645
vn -0.3898 -0.5014 -0.7725
vn 0.2486 -0.2247 -0.9422
vn 0.1404 -0.1967 -0.9704
vn 0.1520 -0.1542 -0.9763
vn 0.4022 0.2525 -0.8801
vn 0.0874 0.9215 -0.3783
vn 0.2871 0.8445 -0.4521
vn 0.5353 0.2195 -0.8156
vn 0.2694 0.9090 -0.3179
vn 0.5974 0.2168 -0.7721
vn 0.4654 0.7546 -0.4626
vn 0.2127 0.9633 -0.1637
vn 0.7050 0.1799 -0.6860
vn 0.6559 0.5526 -0.5143
vn 0.6084 0.7115 -0.3516
vn 0.3318 0.9378 -0.1020
vn 0.7557 0.5668 -0.3282
vn 0.6944 0.6859 -0.2178
vn 0.6716 0.7244 -0.1555
vn 0.5161 0.8536 -0.0709
vn 0.9869 0.0865 -0.1365
vn 0.8845 0.4585 -0.0863
vn 0.6303 0.4728 0.6158
vn 0.2296 0.7485 0.6221
vn 0.0620 0.4570 -0.8873
vn -0.3043 0.8912 -0.3365
vn -0.2625 0.9649 0.0053
vn -0.1682 0.9854 0.0266
vn -0.2516 0.9397 0.2317
vn -0.1959 0.9487 0.2482
vn -0.2827 0.9111 0.3000
vn -0.2147 0.9724 0.0914
vn -0.4070 0.6513 0.6404
vn 0.6271 0.7182 -0.3014
vn 0.4332 0.3868 -0.8141
vn 0.6867 0.6672 -0.2886
vn 0.3889 0.5330 -0.7514
vn 0.5318 0.7940 -0.2947
vn 0.4927 0.8197 -0.2921
vn 0.3285 0.5613 -0.7596
vn 0.3955 0.8838 -0.2497
vn 0.2098 0.5769 -0.7894
vn 0.2590 0.9368 -0.2352
vn 0.1193 0.6527 -0.7482
vn 0.1460 0.9465 -0.2878
vn 0.1153 0.8873 -0.4465
vn -0.0554 0.9347 -0.3510
vn -0.0254 0.5997 -0.7998
vn -0.1573 0.9402 -0.3023
vn -0.1235 0.6422 -0.7565
vn -0.2594 0.9462 -0.1935
vn -0.3505 0.9261 -0.1396
vn -0.3946 0.8907 -0.2257
vn -0.2008 0.5927 -0.7800
vn -0.4771 0.8489 0.2274
vn -0.7727 0.6338 0.0340
vn -0.7649 0.6358 0.1040
vn -0.7164 0.6679 0.2016
vn -0.6387 0.6488 0.4138
vn -0.5798 0.5490 0.6021
vn -0.4634 0.5217 0.7163
vn -0.4274 0.6237 0.6544
vn -0.4298 0.6084 0.6672
vn -0.5321 0.7508 0.3914
vn -0.5941 0.7468 0.2987
vn -0.6991 0.6410 0.3168
vn -0.6272 0.7505 0.2083
vn -0.4613 0.8505 0.2529
vn -0.3518 0.8932 0.2802
vn -0.2631 0.9133 0.3110
vn -0.1518 0.9341 0.3231
vn -0.0429 0.9438 0.3276
vn 0.0895 0.9387 0.3330
vn 0.1924 0.9327 0.3050
vn 0.3609 0.8641 0.3509
vn 0.3473 0.8816 0.3195
vn 0.5455 0.7771 0.3141
vn 0.5147 0.7730 0.3710
vn 0.6501 0.7120 0.2652
vn -0.4206 0.5675 0.7078
vn -0.3177 0.5191 0.7935
vn -0.2277 0.4940 0.8391
vn -0.1216 0.4922 0.8620
vn -0.0848 0.4647 0.8814
vn 0.0156 0.4414 0.8972
vn 0.0793 0.4367 0.8961
vn 0.1569 0.4023 0.9019
vn 0.2228 0.4084 0.8852
vn 0.2970 0.3811 0.8755
vn 0.6863 0.6698 0.2836
vn 0.3460 0.3326 0.8773
vn 0.4506 0.4173 0.7892
vn 0.5743 0.4637 0.6746
vn 0.6189 0.3954 0.6786
vn 0.7470 0.6493 0.1428
vn 0.7605 0.5632 0.3232
vn 0.6549 0.6282 -0.4201
vn 0.6051 0.7363 -0.3029
vn 0.4421 0.8494 -0.2882
vn 0.8573 0.5040 0.1055
vn 0.8083 0.5321 0.2522
vn 0.3979 0.9165 -0.0409
vn 0.7775 0.1258 0.6162
vn 0.9645 -0.2298 0.1301
vn 0.5116 -0.5926 0.6222
vn 0.8501 -0.5256 0.0316
vn 0.3877 -0.2985 0.8721
vn 0.9754 0.1273 0.1798
vn 0.4964 0.4263 -0.7562
vn 0.1886 0.1748 -0.9664
vn 0.4992 0.5066 -0.7030
vn 0.0629 0.0867 -0.9942
vn 0.2275 0.3153 -0.9213
vn 0.5640 0.6329 -0.5304
vn 0.0113 0.2571 -0.9663
vn -0.0783 0.2585 -0.9628
vn 0.4319 0.6180 -0.6569
vn 0.2317 0.6484 -0.7252
vn -0.2381 0.3174 -0.9179
vn -0.3584 0.3869 -0.8496
vn 0.3129 0.7604 -0.5692
vn -0.3540 0.5831 -0.7313
vn -0.7859 0.4135 -0.4597
vn -0.4615 0.7733 -0.4347
vn -0.0020 0.9490 -0.3153
vn -0.4884 0.8666 -0.1022
vn -0.8237 0.5668 -0.0167
vn -0.4135 0.9105 0.0014
vn -0.0681 0.9977 -0.0029
vn -0.3596 0.9294 0.0828
vn 0.1920 0.9814 0.0050
vn 0.3406 0.9402 -0.0005
vn 0.6198 0.7848 0.0027
vn 0.7071 0.7071 -0.0021
vn 0.9601 0.2797 -0.0068
vn 0.9489 -0.3154 -0.0088
vn 0.8351 -0.5461 -0.0655
vn 0.5720 -0.8202 -0.0074
vn 0.0511 -0.9987 -0.0044
vn -0.3938 -0.9192 -0.0036
vn -0.7324 -0.6808 -0.0034
vn -0.9383 -0.3457 -0.0030
vn -0.9924 0.1233 -0.0036
vn -0.8061 0.5907 -0.0363
vn -0.7859 0.6156 0.0585
vn -0.4709 0.8822 -0.0046
vn 0.9816 0.1908 -0.0036
vn 0.4092 0.9124 -0.0088
vn 0.9794 0.2017 0.0033
vn 0.7366 -0.6763 -0.0020
vn 0.0492 -0.9987 -0.0098
vn 0.6668 -0.7451 0.0153
vn -0.5888 -0.8082 -0.0080
vn -0.3326 -0.9428 0.0211
vn -0.9557 -0.2944 -0.0047
vn -0.9566 -0.2910 0.0126
vn -0.9316 0.3635 -0.0040
vn -0.4328 0.9015 -0.0066
vn -0.3791 0.9254 0.0051
vn -0.9100 0.4146 0.0045
vn 0.4509 0.8926 0.0063
vn -0.8997 -0.4366 0.0001
vn -0.8659 -0.4996 -0.0235
vn -0.9983 0.0478 0.0323
vn -0.8597 0.5109 -0.0013
vn 0.0409 0.9992 -0.0015
vn 0.8782 0.4782 -0.0030
vn 0.9629 0.2651 0.0498
vn 0.9980 0.0627 0.0003
vn 0.9334 -0.3588 0.0012
vn 0.9086 -0.4166 -0.0303
vn 0.6424 -0.7664 -0.0028
vn 0.4858 -0.8741 -0.0067
vn 0.1418 -0.9897 -0.0196
vn -0.3641 -0.9314 -0.0026
vn 0.0112 -0.9994 -0.0336
vn -0.5190 -0.8543 -0.0294
vn -0.6869 -0.7267 -0.0016
vn 0.5495 0.8355 -0.0011
vn -0.4813 0.8766 -0.0011
vn -1.0000 -0.0092 -0.0013
vn 0.4425 -0.8967 0.0083
vn 0.2061 -0.9784 -0.0137
vn 0.7805 -0.6247 -0.0247
vn 0.9950 0.0995 0.0090
vn 0.9745 0.2239 -0.0157
vn 0.6304 0.7762 0.0140
vn 0.5236 0.8520 -0.0047
vn -0.1492 0.9888 -0.0048
vn -0.8617 0.5073 -0.0125
vn -0.2169 0.9761 0.0148
vn -0.9049 0.4254 0.0130
vn -0.9494 -0.3139 0.0031
vn -0.9292 -0.3693 -0.0130
vn -0.6229 -0.7823 0.0045
vn -0.1000 -0.9950 0.0021
vn -0.4045 -0.9145 -0.0061
vn 0.8539 -0.5204 0.0059
vn 0.2155 -0.9764 -0.0097
vn 0.5565 -0.8308 -0.0124
vn -0.0119 -0.9989 0.0462
vn -0.2101 -0.9777 -0.0008
vn -0.6104 -0.7919 0.0190
vn -0.8937 -0.4487 -0.0019
vn -0.5963 -0.8027 -0.0008
vn -0.9974 0.0716 -0.0005
vn -0.5297 0.8482 -0.0022
vn -0.8387 0.5446 -0.0003
vn -0.1237 0.9923 -0.0038
vn 0.3849 0.9230 -0.0039
vn 0.8387 0.5445 -0.0031
vn 0.8322 0.5536 -0.0299
vn 0.9973 0.0736 -0.0007
vn 0.9938 0.0985 -0.0511
vn 0.9303 -0.3669 -0.0000
vn 0.9082 -0.4179 -0.0215
vn 0.6340 -0.7734 -0.0019
vn 0.6285 -0.7778 0.0058
vn 0.1802 -0.9836 -0.0113
vn 0.6718 -0.7407 -0.0043
vn 0.9890 -0.1479 -0.0035
vn 0.8082 0.5888 0.0096
vn 0.7299 0.6833 -0.0162
vn 0.2309 0.9729 0.0136
vn -0.0984 0.9950 -0.0193
vn -0.4062 0.9137 0.0156
vn -0.8034 0.5952 -0.0171
vn -0.9162 0.4005 0.0153
vn -0.9478 -0.3187 0.0049
vn -0.9538 -0.3001 -0.0158
vn -0.6243 -0.7812 0.0014
vn -0.0637 -0.9980 0.0046
vn -0.4172 -0.9088 -0.0067
vn 0.9910 -0.1342 0.0027
vn -0.7395 -0.6602 -0.1317
vn -0.8908 -0.3709 -0.2624
vn -0.6377 -0.5535 0.5357
vn -0.8543 -0.3670 -0.3682
vn -0.5259 -0.3902 -0.7557
vn -0.5730 -0.4360 -0.6939
vn -0.2213 -0.3841 -0.8964
vn -0.2707 -0.7089 -0.6513
vn -0.1587 -0.3739 -0.9138
vn 0.0849 -0.6398 -0.7638
vn 0.0356 -0.6622 -0.7485
vn 0.2676 -0.4560 -0.8488
vn 0.5261 -0.3851 -0.7583
vn 0.3421 -0.6585 -0.6703
vn 0.6298 -0.3758 -0.6799
vn 0.5782 -0.5998 0.5531
vn 0.6812 -0.7282 -0.0751
vn 0.9639 -0.0761 -0.2551
vn 0.9391 -0.0083 -0.3437
vn 0.9170 -0.0020 -0.3988
vn 0.9258 0.0025 -0.3780
vn 0.7116 -0.6696 -0.2126
vn 0.9122 0.0103 -0.4097
vn 0.8747 -0.3060 -0.3758
vn 0.8381 -0.0056 -0.5455
vn 0.7922 -0.0073 -0.6102
vn 0.8805 -0.0034 -0.4740
vn 0.7635 -0.0000 -0.6458
vn 0.7768 0.0116 -0.6296
vn 0.7414 0.0066 -0.6710
vn 0.7448 -0.0131 -0.6672
vn 0.7668 -0.0019 -0.6419
vn 0.8676 0.0044 -0.4973
vn 0.5750 -0.7286 -0.3721
vn 0.8332 -0.0057 -0.5530
vn 0.7084 -0.4042 -0.5786
vn -0.7517 -0.0055 -0.6595
vn -0.7862 -0.0083 -0.6179
vn -0.7224 -0.0012 -0.6915
vn -0.7041 -0.0024 -0.7101
vn -0.7170 0.0036 -0.6971
vn -0.7473 0.0058 -0.6644
vn -0.7008 -0.3685 -0.6108
vn -0.7954 0.0027 -0.6060
vn -0.5713 -0.7271 -0.3808
vn -0.8399 0.0029 -0.5428
vn -0.8696 0.0046 -0.4938
vn -0.8927 0.0040 -0.4506
vn -0.8747 0.0142 -0.4845
vn -0.8920 -0.0006 -0.4521
vn -0.8637 -0.0099 -0.5039
vn -0.8294 -0.0068 -0.5587
vn 0.2696 -0.9242 -0.2705
vn 0.2509 -0.9364 -0.2453
vn 0.1990 -0.9424 -0.2688
vn 0.0782 -0.9253 -0.3712
vn -0.0764 -0.9222 -0.3792
vn -0.0712 -0.9358 -0.3452
vn -0.2207 -0.9252 -0.3086
vn -0.2135 -0.9353 -0.2822
vn -0.2438 -0.9385 -0.2445
vn -0.3682 -0.9253 -0.0908
vn 0.3980 -0.8951 -0.2009
vn -0.4154 -0.8983 -0.1432
vn 0.6827 -0.7290 0.0489
vn 0.5740 -0.6016 0.5556
vn 0.6356 -0.7490 0.1872
vn 0.3570 -0.7454 0.5630
vn 0.2161 -0.9299 0.2976
vn 0.0885 -0.9500 0.2995
vn 0.0462 -0.9472 0.3174
vn 0.0768 -0.7455 0.6621
vn 0.3185 -0.9307 0.1801
vn -0.0585 -0.9374 0.3432
vn -0.1177 -0.9519 0.2828
vn -0.3121 -0.7339 0.6033
vn 0.5671 -0.7425 0.3565
vn 0.2645 -0.9236 0.2776
vn -0.0864 -0.9521 0.2932
vn -0.2053 -0.9511 0.2306
vn -0.4796 -0.7397 0.4720
vn -0.5286 -0.7373 0.4207
vn -0.3390 -0.9298 0.1431
vn -0.6152 -0.7507 0.2409
vn -0.6712 -0.7236 0.1608
vn -0.5704 -0.6053 0.5552
vn -0.7922 -0.1805 0.5830
vn -0.8355 -0.3682 0.4079
vn -0.0307 -0.3676 0.9295
vn 0.6961 -0.3725 0.6138
vn 0.8450 -0.3807 0.3756
vn -0.5496 -0.4463 0.7062
vn -0.3187 -0.4357 0.8418
vn -0.2098 -0.3824 0.8999
vn 0.2098 -0.4600 0.8628
vn 0.3488 -0.3761 0.8584
vn 0.5311 -0.4183 0.7369
vn 0.4650 0.8853 -0.0060
vn -0.0686 0.9976 -0.0112
vn 0.2216 0.9733 -0.0595
vn 0.8098 0.5868 -0.0021
vn 0.6338 0.7732 -0.0203
vn 0.8621 0.5064 -0.0218
vn 0.9880 0.1545 -0.0030
vn 0.9843 0.1763 0.0038
vn 0.9795 -0.1989 0.0309
vn 0.8105 -0.5850 0.0283
vn 0.9522 -0.3055 -0.0021
vn 0.7462 -0.6657 -0.0009
vn 0.4937 -0.8677 0.0582
vn 0.3990 -0.9169 -0.0025
vn 0.1016 -0.9930 0.0597
vn -0.0264 -0.9996 -0.0025
vn -0.2974 -0.9541 0.0340
vn -0.4447 -0.8957 -0.0028
vn -0.7020 -0.7112 0.0380
vn -0.9872 -0.1593 -0.0079
vn -0.9944 -0.1046 0.0150
vn -0.9434 0.3315 -0.0080
vn -0.9024 0.4303 -0.0241
vn -0.6373 0.7706 -0.0104
vn -0.6523 0.7580 0.0054
vn -0.1761 0.9835 -0.0414
vn -0.7924 -0.6100 -0.0064
vn -0.0001 -0.0001 -1.0000
vn -0.0000 -0.0001 -1.0000
vn 0.7996 0.6004 -0.0120
vn 0.1686 0.9856 -0.0096
vn 0.3496 0.9367 0.0190
vn 0.9988 -0.0485 -0.0106
vn 0.9715 0.2364 0.0191
vn 0.7514 -0.6597 0.0117
vn 0.0137 -0.9999 -0.0019
vn -0.7401 -0.6724 -0.0086
vn -0.0137 -0.9999 0.0019
vn -0.9931 0.1167 -0.0060
vn -0.9999 0.0125 0.0098
vn -0.6163 0.7875 -0.0066
vn -0.5804 0.8142 0.0154
vn -0.7069 -0.7073 0.0027
vn 0.0358 0.9993 -0.0075
vn -0.2065 0.9784 0.0069
vn 0.2038 0.9766 0.0684
vn 0.5291 0.8485 -0.0092
vn 0.6546 0.7560 0.0053
vn 0.8486 0.5290 -0.0091
vn 0.9040 0.4276 0.0032
vn 0.9993 0.0353 0.0072
vn 0.9983 0.0574 -0.0087
vn 0.9011 -0.4335 -0.0039
vn 0.8847 -0.4660 0.0110
vn 0.5627 -0.8267 -0.0042
vn 0.5778 -0.8162 0.0031
vn 0.0648 -0.9979 -0.0082
vn 0.1048 -0.9934 -0.0473
vn -0.3759 -0.9267 -0.0068
vn -0.2817 -0.9547 -0.0954
vn -0.7360 -0.6770 -0.0058
vn -0.6692 -0.7422 -0.0366
vn -0.9042 -0.4270 0.0067
vn -0.9551 -0.2962 -0.0049
vn -0.9970 -0.0771 0.0083
vn -0.9876 0.1570 -0.0053
vn -0.9534 0.3016 0.0115
vn -0.8174 0.5761 -0.0056
vn -0.7072 0.7069 0.0100
vn -0.4803 0.8771 -0.0059
vn 0.5778 0.8159 -0.0204
vn -0.3478 0.9373 -0.0207
vn 0.3478 0.9373 0.0207
vn 0.9999 0.0093 -0.0145
vn 0.9718 0.2348 0.0204
vn -0.7514 -0.6597 -0.0117
vn -0.9718 0.2348 -0.0204
vn -0.9999 0.0093 0.0145
vn -0.5778 0.8159 0.0204
vn -0.4085 0.0470 0.9115
vn -0.5981 0.0756 0.7978
vn -0.2829 0.0549 0.9576
vn -0.2002 0.0534 0.9783
vn 0.0135 0.0472 0.9988
vn 0.1661 0.0403 0.9853
vn 0.3021 -0.0076 0.9532
vn 0.4329 0.0572 0.8996
vn -0.9630 -0.0142 0.2693
vn -0.2988 -0.2784 0.9128
vn -0.8900 -0.0194 0.4555
vn -0.9636 -0.0015 0.2673
vn -0.2964 0.2653 0.9175
vn -0.5257 -0.2103 0.8243
vn -0.9743 0.0038 0.2254
vn -0.8912 0.0110 0.4534
vn -0.9254 -0.0002 0.3791
vn -0.8336 0.0043 0.5523
vn -0.8525 -0.0037 0.5228
vn -0.7593 -0.0031 0.6507
vn -0.7637 0.0134 0.6455
vn -0.7912 0.0006 0.6116
vn -0.7916 -0.0004 0.6111
vn -0.7472 -0.0036 0.6646
vn -0.8349 -0.0147 0.5502
vn -0.7784 -0.4211 0.4657
vn 0.9644 0.0025 0.2643
vn 0.9634 -0.0348 0.2659
vn 0.9977 0.0205 0.0649
vn 0.9944 0.0046 0.1058
vn 0.8896 0.0171 0.4563
vn 0.8968 0.0236 0.4419
vn 0.7469 0.0411 0.6636
vn 0.8071 0.0021 0.5904
vn 0.7503 -0.0238 0.6607
vn 0.8225 0.0345 0.5677
vn 0.7492 -0.0095 0.6623
vn 0.7365 -0.0133 0.6764
vn 0.6002 -0.0240 0.7995
vn 0.7300 0.0089 0.6833
vn 0.8655 -0.0278 0.5002
vn 0.7960 -0.0099 0.6052
vn 0.9618 -0.0163 0.2733
vn 0.2990 -0.2780 0.9128
vn 0.3753 -0.2875 0.8812
vn 0.5690 -0.8223 0.0002
vn 0.1512 -0.7248 0.6722
vn 0.2185 -0.9755 -0.0256
vn 0.8864 -0.4629 0.0045
vn 0.8461 -0.5331 -0.0053
vn 0.9838 -0.1794 -0.0061
vn 0.9945 -0.1050 0.0023
vn 0.9798 0.1999 -0.0011
vn 0.9689 0.2476 0.0009
vn 0.8388 0.5444 0.0003
vn 0.7976 0.6032 -0.0005
vn 0.5133 0.8582 0.0014
vn 0.1369 0.7233 0.6768
vn 0.0882 0.9959 0.0205
vn 0.4970 0.8677 0.0011
vn 0.5522 -0.8337 -0.0009
vn -0.4907 0.8713 -0.0007
vn -0.1433 0.7225 0.6763
vn -0.1805 0.9836 0.0023
vn -0.8000 0.6000 0.0012
vn -0.5594 0.8289 0.0023
vn -0.9788 0.2048 0.0009
vn -0.8505 0.5260 0.0001
vn -0.9848 0.1734 -0.0039
vn -0.9807 -0.1957 0.0002
vn -0.9731 -0.2305 0.0009
vn -0.8468 -0.5319 0.0002
vn -0.7976 -0.6032 0.0011
vn -0.5577 -0.8300 0.0025
vn -0.4908 -0.8713 -0.0007
vn -0.1787 -0.9839 0.0026
vn -0.1432 -0.7226 0.6763
vn -0.0001 -1.0000 0.0022
vn 0.0001 1.0000 0.0021
vn 0.0040 0.2895 0.9572
vn -0.0062 1.0000 0.0013
vn -0.0062 -1.0000 0.0013
vn -0.6617 -0.7498 -0.0000
vn -0.6677 -0.7444 0.0002
vn -0.4424 -0.6120 0.6555
vn -0.6563 -0.3866 0.6479
vn -0.7185 -0.3982 0.5702
vn -0.4022 -0.4560 0.7939
vn -0.7443 -0.4023 0.5331
vn -0.6617 -0.7498 -0.0001
vn -0.3363 -0.9417 0.0121
vn -0.6702 -0.7422 -0.0000
vn -0.1764 -0.9843 0.0002
vn -0.1238 -0.9922 -0.0137
vn -0.1528 -0.6520 0.7426
vn -0.1530 -0.6508 0.7436
vn -0.3032 -0.9529 -0.0001
vn -0.0932 -0.9956 0.0124
vn 0.0657 -0.7328 0.6773
vn -0.1667 -0.6363 0.7532
vn -0.1769 0.0922 0.9799
vn -0.0678 0.0516 0.9964
vn -0.3790 0.0911 0.9209
vn 0.6704 -0.6078 0.4256
vn 0.7215 -0.6045 0.3375
vn 0.7896 -0.6030 0.1138
vn 0.7578 -0.6082 0.2364
vn 0.5673 -0.6096 0.5537
vn 0.6207 -0.6111 0.4912
vn 0.4613 0.0560 0.8855
vn 0.3099 0.0654 0.9485
vn 0.4235 -0.6090 0.6706
vn -0.1060 0.0999 0.9893
vn 0.5272 -0.6021 0.5996
vn 0.0827 0.0242 0.9963
vn 0.9272 -0.3739 0.0231
vn 0.9018 -0.4321 -0.0039
vn 0.9731 -0.2305 -0.0000
vn 0.8955 -0.4450 -0.0000
vn -0.9287 0.3709 -0.0005
vn -0.8995 0.4369 -0.0000
vn -0.8996 0.4367 -0.0023
vn -0.9424 0.3345 -0.0013
vn -0.9873 0.1587 0.0049
vn -0.9883 0.1524 -0.0000
vn 0.0001 -0.0001 1.0000
vn 0.0002 0.0002 1.0000
vn 0.0006 0.0004 1.0000
vn 0.0010 0.0001 1.0000
vn 0.0002 -0.0003 1.0000
vn -0.0493 0.9988 0.0015
vn 0.3310 0.9436 0.0076
vn -0.3767 0.8851 0.2734
vn -0.4736 0.8310 0.2918
vn -0.4228 0.9062 0.0035
vn -0.6227 0.7227 0.2998
vn -0.7250 0.6886 0.0148
vn -0.6495 0.7591 -0.0449
vn -0.8366 0.5465 -0.0393
vn -0.9354 0.3535 0.0030
vn -1.0000 0.0067 0.0037
vn -0.9752 0.2196 0.0290
vn -0.9817 -0.1878 0.0307
vn -0.9308 -0.3656 0.0035
vn -0.8743 -0.4854 0.0015
vn -0.7859 -0.6183 0.0023
vn -0.3273 0.9420 0.0747
vn -0.2989 0.9435 0.1434
vn -0.2740 0.9418 0.1945
vn -0.3251 0.9454 0.0225
vn 0.1908 0.9816 0.0011
vn -0.3008 0.8753 0.3786
vn 0.1973 0.9803 0.0002
vn -0.1727 0.8309 0.5290
vn 0.0459 0.9946 0.0930
vn 0.1981 0.9802 0.0004
vn -0.1039 0.8146 0.5707
vn -0.0434 0.7613 0.6469
vn -0.0170 0.9999 0.0010
vn 0.1860 0.9825 -0.0000
vn 0.1980 0.9802 0.0005
vn 0.1981 0.9802 -0.0000
vn -0.5502 0.8349 0.0139
vn -0.7888 0.6147 -0.0028
vn -0.6876 0.7256 -0.0268
vn -0.4498 0.8931 0.0016
vn -0.1976 0.6867 0.6995
vn 0.2703 0.7031 0.6577
vn 0.4333 0.9013 -0.0000
vn 0.3057 0.9521 0.0012
vn 0.1674 0.9859 -0.0003
vn 0.1352 0.7337 0.6658
vn 0.0197 0.9998 -0.0048
vn 0.1068 0.9942 0.0101
vn 0.4087 0.9127 0.0002
vn 0.3475 0.6151 0.7078
vn 0.3916 0.9196 -0.0309
vn 0.6904 0.7234 -0.0000
vn 0.5286 0.4725 0.7052
vn 0.9096 0.4156 0.0002
vn 0.9091 0.4105 -0.0711
vn 0.9935 0.1140 0.0006
vn 0.9954 0.0960 -0.0000
vn -0.0001 -0.4231 0.9061
vn 0.0001 -0.4230 0.9061
vn 0.0002 -0.4233 0.9060
vn -0.9997 0.0249 -0.0000
vn 0.2637 0.8939 0.3624
vn 0.6853 0.6583 0.3114
vn 0.7291 0.6419 0.2373
vn 0.2828 0.9592 -0.0000
vn 0.3914 0.2666 0.8808
vn 0.6243 0.6816 0.3816
vn 0.5427 0.7048 0.4569
vn 0.2834 0.9590 -0.0000
vn 0.2848 0.9586 0.0005
vn 0.2854 0.9584 0.0001
vn 0.2870 0.9579 -0.0000
vn 0.2433 -0.9699 -0.0000
vn 0.2347 -0.9721 -0.0000
vn 0.1526 -0.6326 0.7593
vn 0.2471 -0.9690 -0.0000
vn 0.9997 -0.0249 -0.0000
vn -0.0011 0.0002 1.0000
vn -0.0008 0.0008 1.0000
vn -0.0004 -0.0002 1.0000
vn 0.0004 0.0003 1.0000
vn -0.0001 0.0003 1.0000
vn -0.0004 0.0003 1.0000
vn 0.3173 -0.0089 0.9483
vn 0.1548 0.7202 0.6763
vn -0.0001 0.0001 1.0000
vn 0.3074 0.2864 0.9074
vn -0.0653 0.1166 0.9910
vn -0.5707 0.4733 0.6711
vn -0.6565 0.5042 0.5611
vn -0.1260 0.1890 0.9739
vn -0.5576 0.4578 0.6924
vn -0.4759 0.4101 0.7781
vn 0.8045 0.3631 0.4701
vn 0.4917 0.2536 0.8330
vn 0.0510 0.0906 0.9946
vn 0.9949 0.0720 0.0699
vn 0.9995 -0.0053 0.0305
vn 0.7150 0.6974 0.0487
vn 0.8728 0.2543 0.4166
vn 0.9599 0.1969 0.1995
vn 0.8423 0.2821 0.4592
vn 0.6004 0.3208 0.7325
vn 0.5074 0.2235 0.8322
vn 0.3867 0.2287 0.8934
vn 0.2790 0.2082 0.9374
vn 0.2565 0.1562 0.9539
vn 0.1760 0.1852 0.9668
vn 0.1145 0.1000 0.9884
vn -0.0660 0.1205 0.9905
vn -0.1505 0.1433 0.9782
vn -0.6960 0.4557 0.5549
vn -0.6579 0.4385 0.6123
vn -0.5983 0.5112 0.6171
vn -0.6620 0.4759 0.5791
vn 0.7460 0.3183 0.5850
vn 0.6822 0.7239 0.1028
vn 0.9839 0.1096 0.1413
vn 0.6570 0.7373 0.1570
vn 0.7766 0.2791 0.5648
vn 0.7064 0.2916 0.6449
vn 0.9048 -0.1252 0.4069
vn 0.9413 0.1345 0.3096
vn 0.7877 0.2401 0.5673
vn 0.8476 0.1924 0.4946
vn 0.9469 0.0931 0.3077
vn 0.9666 0.0619 0.2487
vn 0.9862 -0.0062 0.1652
vn 0.9871 0.0359 0.1558
vn 0.9972 0.0204 0.0714
vn -0.6530 0.4724 0.5919
vn 0.1062 0.0889 0.9904
vn 0.0390 -0.9986 -0.0361
vn 0.3405 -0.9402 0.0048
vn 0.1842 -0.9827 0.0172
vn 0.6069 -0.7948 0.0029
vn 0.5978 -0.8015 -0.0148
vn 0.8420 -0.5395 0.0007
vn 0.9700 -0.2431 0.0017
vn 0.9844 0.1761 0.0039
vn 0.7437 0.6684 0.0108
vn 0.8085 0.5885 0.0034
vn 0.5023 0.8647 0.0018
vn 0.4462 0.8949 -0.0004
vn 0.2400 0.9705 0.0226
vn -0.0214 -0.9998 0.0019
vn -0.0175 -0.9998 0.0003
vn -0.0179 -0.9998 0.0006
vn 0.1400 -0.5043 -0.8521
vn 0.1931 -0.4861 -0.8523
vn 0.0860 -0.5161 -0.8522
vn 0.3927 -0.3447 -0.8527
vn 0.4271 -0.3007 -0.8527
vn 0.3536 -0.3842 -0.8528
vn 0.5192 -0.0923 -0.8496
vn 0.5257 -0.0368 -0.8499
vn 0.5065 -0.1465 -0.8497
vn 0.4442 0.2929 -0.8467
vn 0.4105 0.3380 -0.8469
vn 0.4717 0.2451 -0.8470
vn 0.1750 0.4923 -0.8527
vn 0.1212 0.5081 -0.8527
vn 0.2260 0.4708 -0.8528
vn -0.0854 0.5162 -0.8522
vn -0.1401 0.5038 -0.8524
vn -0.0303 0.5222 -0.8523
vn -0.3888 0.3639 -0.8464
vn -0.4247 0.3204 -0.8468
vn -0.3489 0.4018 -0.8467
vn -0.5261 -0.0018 -0.8504
vn -0.5228 -0.0574 -0.8505
vn -0.5229 0.0539 -0.8507
vn -0.4404 -0.2900 -0.8497
vn -0.4071 -0.3346 -0.8499
vn -0.4685 -0.2418 -0.8497
vn -0.1388 -0.5074 -0.8504
vn -0.0848 -0.5190 -0.8505
vn -0.1920 -0.4892 -0.8508
vn 0.6257 0.7800 -0.0036
vn 0.0887 0.9960 0.0088
vn 0.4506 0.8904 0.0642
vn 0.9827 0.1834 -0.0272
vn 0.9742 0.2216 0.0434
vn 0.9174 -0.3957 0.0433
vn 0.4891 -0.8721 -0.0140
vn 0.6745 -0.7363 0.0532
vn 0.0281 -0.9992 0.0273
vn -0.5993 -0.8005 -0.0044
vn -0.0761 -0.9964 0.0371
vn -0.9522 -0.3034 -0.0356
vn -0.9681 -0.2506 -0.0026
vn -0.9273 0.3743 0.0020
vn -0.4929 0.8690 -0.0434
vn -0.4009 0.9160 0.0137
vn -0.9035 0.4273 0.0335
vn -0.6488 -0.7602 0.0341
vn 0.4228 0.9056 -0.0337
vn -0.3329 0.9420 -0.0428
vn 0.0311 0.9993 -0.0194
vn 0.3544 0.5247 -0.7740
vn 0.9329 0.3580 -0.0398
vn 0.5767 0.2971 -0.7610
vn 0.6497 -0.0011 -0.7602
vn 0.8854 -0.4625 -0.0458
vn 0.6044 -0.2582 -0.7537
vn 0.4404 -0.4818 -0.7576
vn 0.2856 -0.9580 -0.0241
vn 0.1636 -0.6157 -0.7708
vn -0.2777 -0.9604 -0.0216
vn -0.3611 -0.9323 -0.0197
vn -0.4377 -0.4810 -0.7597
vn -0.8918 -0.4506 -0.0397
vn -0.6281 0.0663 -0.7753
vn -0.9287 0.3682 -0.0435
vn -0.7650 0.6436 -0.0237
vn -0.4258 0.9047 -0.0137
vn -0.6033 -0.2413 -0.7601
vn -0.1148 -0.5776 -0.8082
vn -0.4929 0.3208 -0.8088
vn 0.0752 0.5792 -0.8117
vn -0.0033 -0.0004 -1.0000
vn -0.6472 -0.0752 -0.7586
vn -0.5408 -0.3514 -0.7642
vn -0.0030 0.0001 -1.0000
vn -0.6265 0.1845 -0.7572
vn -0.0030 0.0015 -1.0000
vn -0.4825 0.4383 -0.7584
vn -0.0015 0.0025 -1.0000
vn -0.2424 0.6000 -0.7624
vn 0.1478 -0.7246 -0.6731
vn 0.0308 0.6577 -0.7527
vn 0.2543 -0.5347 -0.8059
vn 0.2972 0.2526 -0.9208
vn 0.1345 0.7233 -0.6773
vn -0.0016 -0.0025 -1.0000
vn -0.3472 -0.5499 -0.7597
vn -0.0660 -0.6454 -0.7610
vn -0.0027 -0.0026 -1.0000
vn 0.5087 -0.4010 -0.7619
vn 0.6325 -0.1239 -0.7646
vn 0.6515 -0.4073 -0.6401
vn 0.2854 -0.7032 -0.6512
vn 0.2836 0.5920 -0.7544
vn -0.7283 0.0044 -0.6852
vn -0.7235 0.0098 -0.6902
vn 0.0002 0.0010 -1.0000
vn 0.7081 -0.0133 -0.7060
vn -0.0037 -0.0009 -1.0000
vn -0.0010 0.0018 -1.0000
vn 0.0004 0.0014 -1.0000
vn -0.0006 0.0010 -1.0000
vn 0.0157 -0.3181 -0.9479
vn -0.7165 0.3207 -0.6195
vn -0.2876 0.7037 -0.6497
vn 0.2978 -0.2776 -0.9134
vn -0.0000 -0.0013 -1.0000
vn -0.0022 -0.0018 -1.0000
vn -0.0043 0.0007 -1.0000
vn 0.6124 0.2180 -0.7599
vn 0.4745 0.4474 -0.7581
vn -0.0001 -0.0014 -1.0000
vn -0.0015 0.0008 -1.0000
vn -0.5971 -0.5429 -0.5906
vn 0.5888 -0.5782 -0.5648
vn 0.2934 0.7061 -0.6445
vn 0.4970 0.8678 -0.0012
vn 0.5142 0.8577 -0.0015
vn 0.7976 0.6032 0.0005
vn 0.9689 0.2476 -0.0009
vn 0.8394 0.5435 -0.0004
vn 0.9798 0.1999 0.0011
vn 0.9945 -0.1050 -0.0023
vn 0.9838 -0.1793 0.0061
vn 0.8864 -0.4629 -0.0045
vn 0.8461 -0.5330 0.0053
vn 0.5692 -0.8222 -0.0006
vn 0.5530 -0.8332 0.0013
vn 0.2185 -0.9756 -0.0216
vn 0.1005 0.9940 0.0434
vn 0.6679 0.7251 -0.1676
vn 0.6540 0.6964 -0.2955
vn 0.1479 0.9889 -0.0121
vn 0.5101 0.8601 -0.0017
vn 0.7090 0.6185 -0.3389
vn 0.7748 0.4719 -0.4208
vn 0.8243 0.5662 -0.0034
vn 0.8627 0.3201 -0.3915
vn 0.9840 0.1780 -0.0025
vn 0.8734 0.1447 -0.4651
vn 0.9177 0.0080 -0.3971
vn 0.8781 -0.4784 -0.0026
vn 0.9884 -0.1518 -0.0018
vn 0.9227 -0.1540 -0.3534
vn 0.6064 -0.7952 -0.0031
vn 0.8782 -0.3072 -0.3665
vn 0.3307 -0.9437 -0.0042
vn 0.2102 -0.9770 0.0354
vn 0.7562 -0.6115 -0.2329
vn 0.0491 -0.9988 -0.0006
vn 0.1518 -0.9867 -0.0588
vn -0.1189 0.9253 0.3601
vn -0.4465 0.8947 0.0140
vn -0.0001 1.0000 -0.0022
vn 0.0007 -1.0000 -0.0019
vn 0.7245 0.6877 -0.0464
vn 0.6778 0.7286 -0.0987
vn 0.7258 0.6877 -0.0154
vn 0.7147 0.6983 -0.0397
vn 0.7062 -0.6802 -0.1963
vn 0.7057 -0.6972 -0.1258
vn 0.7006 -0.7124 -0.0406
vn 0.7011 -0.7130 -0.0115
vn 0.9660 0.2577 -0.0187
vn 0.8264 0.5541 -0.1005
vn 0.9766 0.1172 -0.1803
vn 0.9540 -0.2624 -0.1451
vn 0.8257 -0.5629 -0.0378
vn -0.2800 -0.9278 0.2467
vn 0.2057 -0.9675 -0.1470
vn 0.4571 -0.7454 -0.4852
vn -0.5785 -0.6882 0.4378
vn 0.5436 -0.7493 -0.3783
vn -0.1448 -0.9636 0.2247
vn 0.3302 -0.7341 -0.5933
vn 0.3753 -0.8897 -0.2600
vn -0.4218 -0.6912 0.5868
vn -0.3020 -0.9437 0.1353
vn 0.2898 -0.9508 -0.1093
vn -0.7344 -0.6605 0.1558
vn 0.6653 -0.7299 -0.1571
vn 0.6700 -0.7255 -0.1574
vn -0.6934 -0.6745 0.2533
vn 0.0781 -0.9203 0.3834
vn 0.2412 0.2898 -0.9262
vn 0.6201 0.6607 -0.4230
vn 0.3252 0.3540 -0.8769
vn 0.4880 0.4309 -0.7590
vn 0.7151 0.6540 -0.2466
vn 0.5496 0.4355 -0.7130
vn 0.7279 0.6648 -0.1678
vn 0.6471 0.4519 -0.6141
vn 0.7631 0.5587 -0.3249
vn 0.4793 0.8544 0.2010
vn -0.9949 -0.0999 -0.0119
vn -0.9949 0.0990 -0.0187
vn -0.9708 0.2328 0.0574
vn -0.6562 0.7400 0.1475
vn -0.9747 0.1004 0.1996
vn -0.6390 0.5712 0.5151
vn -0.9229 -0.1810 0.3399
vn 0.6085 -0.0783 -0.7897
vn 0.8134 -0.4454 -0.3742
vn 0.6622 -0.5057 -0.5529
vn 0.4459 -0.4030 -0.7992
vn 0.6480 -0.0345 -0.7608
vn 0.9499 -0.1719 -0.2611
vn 0.5937 -0.2860 -0.7522
vn 0.7592 -0.6046 -0.2410
vn -0.4282 -0.4501 0.7836
vn -0.8094 -0.4012 0.4289
vn -0.6807 -0.3417 0.6480
vn -0.2840 -0.3356 0.8982
vn 0.9292 -0.2518 0.2707
vn 0.6588 -0.6649 0.3519
vn 0.8212 0.0154 -0.5705
vn 0.5472 -0.0904 0.8321
vn 0.1915 -0.3081 0.9319
vn 0.1719 -0.7075 0.6855
vn 0.9427 0.0248 0.3328
vn -0.8208 -0.0943 -0.5633
vn -0.9710 -0.1836 0.1534
vn -0.8107 -0.1540 -0.5648
vn -0.5023 -0.1165 -0.8568
vn -0.9003 -0.3900 -0.1935
vn -0.7871 -0.5823 -0.2037
vn -0.6500 -0.4202 -0.6332
vn -0.3614 -0.2072 -0.9091
vn -0.5409 -0.7550 -0.3706
vn -0.4026 -0.6339 -0.6604
vn -0.1874 -0.2824 -0.9408
vn -0.2768 -0.8499 -0.4483
vn -0.1099 -0.9232 -0.3683
vn -0.1043 -0.3361 -0.9360
vn 0.0463 -0.9301 -0.3643
vn 0.0690 -0.3391 -0.9382
vn 0.2106 -0.6857 -0.6968
vn 0.5454 -0.0577 -0.8362
vn 0.9637 -0.1202 -0.2385
vn 0.9153 -0.3912 0.0953
vn 0.7727 -0.2972 -0.5608
vn 0.0492 -0.0448 0.9978
vn -0.9567 -0.0252 0.2901
vn -0.8886 -0.2833 0.3608
vn -0.8419 -0.3633 0.3990
vn -0.6830 -0.5528 0.4773
vn -0.7155 -0.6436 0.2716
vn -0.5528 -0.7924 0.2579
vn -0.5198 -0.8019 0.2947
vn -0.2783 -0.8893 0.3628
vn -0.1757 -0.9246 0.3381
vn -0.0455 -0.9660 0.2546
vn 0.0963 -0.9430 0.3184
vn 0.2172 -0.8990 0.3804
vn 0.3762 -0.8691 0.3211
vn 0.3175 -0.6257 -0.7125
vn 0.5077 -0.7927 0.3374
vn 0.4647 -0.5919 -0.6586
vn 0.5528 -0.4576 -0.6964
vn 0.6384 -0.7254 0.2574
vn 0.7736 -0.5694 0.2781
vn 0.6802 -0.3539 -0.6419
vn 0.7335 -0.4717 0.4893
vn 0.8791 -0.2787 0.3867
vn 0.8763 -0.1610 0.4540
vn -0.6846 -0.1557 -0.7121
vn -0.9585 -0.1291 -0.2541
vn 0.1448 -0.1278 0.9812
vn -0.0292 -0.1332 0.9907
vn 0.0661 -0.2895 0.9549
vn 0.0226 -0.3107 0.9502
vn 0.0510 -0.3898 0.9195
vn 0.0228 -0.3509 0.9361
vn -0.0172 -0.4136 0.9103
vn -0.0067 -0.3085 0.9512
vn -0.0519 -0.3096 0.9495
vn 0.0463 -0.1684 0.9846
vn -0.0828 -0.0616 0.9947
vn -0.9185 -0.2489 0.3072
vn -0.4780 -0.4482 -0.7554
vn -0.2458 -0.9212 -0.3017
vn -0.6884 -0.6641 -0.2915
vn -0.8554 -0.4182 -0.3057
vn -0.4583 -0.1251 0.8799
vn 0.0479 -0.2169 0.9750
vn -0.1089 -0.9239 0.3668
vn -0.4853 -0.8107 0.3274
vn -0.6772 -0.5265 0.5140
vn -0.2399 -0.9180 -0.3158
vn -0.6040 -0.3629 -0.7096
vn -0.6753 -0.3448 -0.6520
vn -0.2637 -0.9276 -0.2646
vn -0.5644 -0.7098 -0.4215
vn -0.3344 -0.7117 -0.6178
vn -0.2799 -0.9465 -0.1604
vn -0.8326 -0.4290 -0.3503
vn -0.6623 -0.7008 -0.2649
vn 0.8985 -0.3724 0.2322
vn 0.6773 -0.7271 0.1121
vn 0.9914 0.0119 0.1306
vn 0.5424 -0.6027 -0.5853
vn 0.9509 0.0023 0.3093
vn 0.8867 0.0074 0.4623
vn 0.8399 -0.4012 0.3654
vn 0.8023 -0.3202 0.5038
vn 0.7718 -0.0100 0.6358
vn 0.4199 -0.6881 0.5918
vn 0.5839 -0.6578 0.4758
vn 0.6354 0.0111 0.7721
vn 0.4628 -0.4599 0.7578
vn 0.5207 -0.0321 0.8531
vn -0.5539 0.0211 0.8323
vn -0.6919 0.0259 0.7216
vn -0.4299 0.0041 0.9028
vn -0.8880 -0.0265 0.4592
vn -0.7895 -0.0067 0.6137
vn -0.9482 -0.0043 0.3177
vn -0.9821 0.0262 0.1864
vn -0.3328 0.0262 0.9426
vn -0.1430 -0.0104 0.9897
vn 0.1072 -0.0090 0.9942
vn -0.0281 -0.0181 0.9994
vn 0.2182 -0.0541 0.9744
vn 0.3708 -0.0380 0.9279
vn 0.4304 0.0046 0.9026
vn 0.6939 -0.0793 -0.7157
vn 0.3697 -0.3544 0.8589
vn 0.3144 -0.9420 0.1170
vn 0.3437 -0.9199 0.1887
vn 0.3665 -0.8978 0.2444
vn 0.1663 -0.9351 0.3130
vn -0.7159 -0.6942 -0.0745
vn -0.5340 -0.5967 -0.5990
vn -0.0601 -0.5302 0.8458
vn 0.6820 0.6613 0.3124
vn 0.6408 0.6739 0.3677
vn 0.6473 0.6006 0.4693
vn 0.4478 0.8016 0.3962
vn 0.8288 0.5223 -0.2006
vn 0.6283 0.7418 0.2344
vn 0.4600 0.4521 0.7642
vn 0.5443 0.4433 0.7122
vn 0.1090 0.0584 0.9923
vn 0.0935 0.0373 0.9949
vn 0.0793 0.0962 0.9922
vn 0.5141 0.5331 0.6719
vn -0.0514 0.0197 0.9985
vn -0.1144 0.0338 0.9929
vn 0.1751 0.3618 0.9157
vn 0.3122 0.5611 0.7666
vn -0.3473 -0.1047 0.9319
vn -0.3826 0.0085 0.9239
vn 0.2641 0.6278 0.7322
vn -0.2171 0.3260 0.9201
vn -0.1789 0.5133 0.8394
vn -0.6248 -0.1098 0.7730
vn -0.1506 0.7118 0.6860
vn -0.6664 -0.0604 0.7432
vn -0.7850 0.0806 0.6142
vn 0.6198 0.7209 -0.3102
vn 0.5916 0.7056 0.3901
vn 0.5753 0.7458 -0.3359
vn 0.5073 0.7908 0.3424
vn 0.4424 0.8712 0.2129
vn 0.4577 0.8260 -0.3288
vn 0.3936 0.8603 -0.3241
vn 0.3023 0.9040 0.3025
vn 0.2614 0.9262 -0.2716
vn 0.1729 0.9368 0.3040
vn 0.1492 0.9285 -0.3399
vn 0.1269 0.9425 0.3092
vn 0.0554 0.9457 -0.3204
vn 0.0370 0.9712 0.2353
vn -0.1131 0.9634 0.2432
vn -0.1630 0.9344 -0.3169
vn -0.0746 0.9331 -0.3518
vn -0.1908 0.9200 0.3423
vn -0.2953 0.9081 -0.2969
vn -0.3302 0.9032 0.2742
vn -0.3656 0.8826 -0.2955
vn -0.4212 0.8470 0.3244
vn -0.4949 0.8328 -0.2481
vn -0.2842 0.8863 0.3657
vn -0.4335 0.8725 -0.2256
vn -0.1104 0.4788 0.8710
vn -0.0033 0.3454 0.9385
vn 0.1662 -0.0664 0.9839
vn 0.3397 -0.1161 0.9334
vn 0.0906 0.0267 0.9955
vn -0.0829 0.6131 0.7856
vn 0.0117 0.5861 0.8102
vn 0.0584 0.0955 0.9937
vn 0.0816 0.6404 0.7637
vn 0.0260 0.0773 0.9967
vn 0.2916 0.8632 0.4121
vn 0.3226 0.7333 0.5984
vn 0.0980 0.2149 0.9717
vn 0.1582 0.2125 0.9643
vn -0.0789 -0.0737 0.9942
vn -0.0953 -0.0394 0.9947
vn -0.0008 -0.0676 0.9977
vn -0.6894 -0.1660 0.7050
vn -0.7410 -0.2369 0.6284
vn -0.7868 -0.1748 0.5919
vn -0.5619 -0.1824 0.8068
vn -0.4376 -0.1833 0.8803
vn -0.4242 -0.2221 0.8779
vn -0.2833 -0.2187 0.9338
vn -0.1742 -0.1520 0.9729
vn -0.3130 -0.1351 0.9401
vn -0.5614 -0.2392 0.7923
vn -0.6626 -0.2313 0.7124
vn -0.1830 -0.0681 0.9808
vn -0.1047 -0.0986 0.9896
vn -0.5549 -0.1138 0.8241
vn -0.4322 -0.1065 0.8955
vn -0.6819 -0.1071 0.7236
vn -0.9886 -0.0250 0.1487
vn -0.9741 -0.0131 0.2256
vn -0.9559 -0.0527 0.2891
vn -0.9291 -0.0187 0.3694
vn -0.8907 -0.0683 0.4494
vn -0.7976 -0.0891 0.5966
vn -0.8551 -0.1211 0.5042
vn -0.7262 -0.0529 0.6854
vn -0.2484 -0.0530 0.9672
vn -0.3472 -0.0450 0.9367
vn -0.4681 -0.0459 0.8825
vn -0.5660 -0.0592 0.8223
vn -0.6462 -0.0572 0.7611
vn -0.9930 0.0082 0.1182
vn -0.9977 0.0244 0.0626
vn 0.7238 -0.1462 0.6743
vn 0.5658 -0.4583 0.6854
vn 0.6698 -0.4887 0.5590
vn 0.9843 -0.1237 0.1261
vn 0.8920 -0.4247 0.1546
vn 0.9348 -0.3485 0.0681
vn 0.8512 -0.4633 0.2467
vn 0.9781 0.0543 0.2008
vn 0.8339 -0.4310 0.3447
vn 0.8720 -0.4308 0.2326
vn 0.9251 -0.1665 0.3414
vn 0.7658 -0.4971 0.4080
vn 0.7939 -0.0895 0.6014
vn 0.7291 -0.4297 0.5327
vn 0.7937 -0.4447 0.4151
vn 0.6640 -0.4111 0.6246
vn 0.9230 -0.3192 0.2149
vn 0.9464 -0.1624 0.2791
vn 0.9753 -0.1836 0.1231
vn 0.8776 -0.3185 0.3582
vn 0.9086 -0.1606 0.3854
vn 0.8278 -0.3167 0.4631
vn 0.7521 -0.3101 0.5816
vn 0.6493 -0.2905 0.7028
vn 0.8572 -0.1617 0.4889
vn 0.7837 -0.1642 0.5990
vn 0.6710 -0.1465 0.7268
vn 0.5759 -0.3866 0.7203
vn 0.4557 -0.4054 0.7924
vn 0.4696 -0.1850 0.8633
vn 0.6414 -0.1542 0.7516
vn 0.5686 -0.0403 0.8217
vn 0.3210 -0.2608 0.9105
vn 0.3004 -0.3121 0.9013
vn 0.4083 -0.3079 0.8594
vn 0.1089 -0.1005 0.9890
vn 0.2286 -0.1525 0.9615
vn 0.5233 -0.3431 0.7800
vn 0.5505 -0.2525 0.7957
vn 0.3369 -0.1229 0.9335
vn 0.4594 -0.1687 0.8720
vn 0.5541 -0.1264 0.8228
vn -0.6856 -0.2825 0.6710
vn -0.5885 -0.3163 0.7441
vn -0.5749 -0.2781 0.7695
vn -0.4133 -0.2673 0.8705
vn -0.7988 -0.2747 0.5352
vn -0.9124 -0.2435 0.3289
vn -0.8528 -0.2455 0.4609
vn -0.9723 -0.1923 0.1326
vn -0.9493 -0.2145 0.2297
vn -0.9880 -0.1202 0.0975
vn -0.9747 -0.1216 0.1876
vn -0.9955 -0.0652 0.0691
vn -0.9833 -0.0674 0.1690
vn -0.9980 -0.0204 0.0606
vn -0.9983 0.0056 0.0572
vn -0.9221 -0.1869 0.3388
vn -0.9467 -0.1187 0.2993
vn 0.9324 -0.3614 0.0110
vn 0.9963 0.0623 0.0597
vn 0.8374 -0.4190 0.3511
vn 0.8431 -0.2790 0.4598
vn 0.7838 -0.0503 -0.6190
vn 0.9644 0.0350 0.2620
vn 0.1483 0.9338 0.3256
vn -0.1537 0.9374 0.3125
vn 0.1635 0.5168 0.8403
vn 0.4114 0.4283 0.8046
vn 0.2757 0.3824 -0.8819
vn 0.2382 0.3898 -0.8895
vn 0.1552 0.3945 -0.9057
vn 0.0618 0.4019 -0.9136
vn -0.0203 0.4442 -0.8957
vn -0.1058 0.4536 -0.8849
vn -0.1289 0.4810 -0.8672
vn -0.2090 0.4895 -0.8466
vn -0.3090 0.5300 -0.7897
vn -0.3790 0.5588 -0.7377
vn -0.3974 0.6583 -0.6393
vn -0.1857 0.9586 -0.2158
vn 0.4889 0.6606 -0.5697
vn 0.4754 0.8798 0.0038
vn 0.8081 0.5782 0.1128
vn 0.4844 0.8678 0.1109
vn 0.4684 0.8769 0.1076
vn 0.7804 0.5615 0.2750
vn 0.7590 0.5635 0.3262
vn 0.3171 0.9395 0.1297
vn 0.2960 0.9360 0.1905
vn 0.8007 0.3950 0.4504
vn 0.5620 0.7054 0.4320
vn 0.5133 0.7131 0.4775
vn 0.5399 0.5584 0.6298
vn 0.2107 0.9564 0.2021
vn 0.3863 0.7196 0.5770
vn -0.1505 0.9638 -0.2200
vn -0.4161 0.6575 -0.6281
vn -0.5212 0.6155 -0.5912
vn -0.1922 0.9661 -0.1726
vn -0.6299 0.6444 -0.4336
vn -0.6461 0.6689 -0.3676
vn -0.7253 0.6272 -0.2838
vn -0.1912 0.9784 -0.0788
vn -0.6948 0.6837 -0.2233
vn -0.7262 0.6714 -0.1481
vn -0.1748 0.9842 -0.0279
vn -0.2447 0.9684 -0.0476
vn -0.7160 0.6939 -0.0767
vn -0.1579 0.7225 -0.6731
vn -0.5315 0.5287 -0.6618
vn -0.5571 0.6428 -0.5259
vn 0.9995 0.0283 -0.0106
vn 0.4016 -0.9155 -0.0251
vn 0.1229 0.9919 -0.0328
vn 0.7384 0.6735 -0.0352
vn 0.9900 0.1389 -0.0258
vn 0.8700 -0.4925 -0.0240
vn 0.3007 -0.9533 -0.0291
vn -0.3718 -0.9277 -0.0338
vn -0.8903 -0.4536 -0.0393
vn -0.9397 0.3399 -0.0383
vn -0.5146 0.8568 -0.0310
vn 0.4168 0.9088 -0.0186
vn -0.2888 0.9574 -0.0007
vn 0.3552 0.9339 0.0413
vn 0.8988 0.4383 -0.0106
vn 0.9465 -0.3228 0.0052
vn 0.9700 0.2394 0.0423
vn 0.5103 -0.8600 -0.0045
vn 0.7452 -0.6638 0.0635
vn -0.1334 -0.9910 -0.0118
vn -0.0403 -0.9990 0.0205
vn -0.7383 -0.6744 0.0043
vn -0.9997 0.0133 -0.0222
vn -0.9993 -0.0131 0.0339
vn -0.8524 0.5224 0.0217
vn -0.5825 0.8106 0.0603
vn -0.6913 -0.7224 0.0179
vn 0.1244 -0.5125 -0.8496
vn 0.1778 -0.4963 -0.8498
vn 0.0696 -0.5226 -0.8497
vn 0.4097 -0.3318 -0.8497
vn 0.4422 -0.2866 -0.8499
vn 0.3722 -0.3730 -0.8499
vn 0.5324 0.0039 -0.8465
vn 0.5287 0.0596 -0.8467
vn 0.5297 -0.0517 -0.8466
vn 0.3704 0.3818 -0.8468
vn 0.3282 0.4184 -0.8469
vn 0.4080 0.3408 -0.8470
vn 0.0249 0.5318 -0.8465
vn -0.0309 0.5311 -0.8467
vn 0.0803 0.5261 -0.8466
vn -0.3420 0.3997 -0.8504
vn -0.3822 0.3613 -0.8505
vn -0.2974 0.4334 -0.8507
vn -0.4961 0.1660 -0.8522
vn -0.5107 0.1122 -0.8524
vn -0.4756 0.2178 -0.8523
vn -0.5033 -0.1737 -0.8465
vn -0.4820 -0.2253 -0.8467
vn -0.5185 -0.1201 -0.8466
vn -0.2279 -0.4812 -0.8465
vn -0.1762 -0.5022 -0.8466
vn -0.2767 -0.4543 -0.8468
vn 0.4114 -0.0081 -0.9114
vn 0.6273 -0.0231 -0.7784
vn -0.5840 0.0946 -0.8062
vn -0.4620 0.0628 -0.8846
vn -0.7640 -0.0039 -0.6452
vn -0.1851 -0.0145 -0.9826
vn -0.2965 0.0565 -0.9534
vn -0.0120 -0.0112 -0.9999
vn 0.2004 0.0140 -0.9796
vn 0.3287 0.0422 -0.9435
vn 0.9619 -0.0166 -0.2730
vn 0.8711 -0.0069 -0.4911
vn 0.7969 -0.0029 -0.6041
vn 0.7456 -0.0122 -0.6663
vn 0.7445 0.0072 -0.6676
vn 0.7478 -0.0047 -0.6639
vn 0.7253 0.0103 -0.6884
vn 0.7302 -0.0127 -0.6831
vn 0.8031 0.0366 -0.5948
vn 0.8094 0.0030 -0.5873
vn 0.8883 0.0181 -0.4589
vn 0.8913 -0.0244 -0.4527
vn 0.9642 0.0007 -0.2653
vn 0.9604 -0.0090 -0.2784
vn 0.9939 0.0141 -0.1097
vn -0.9937 0.0007 -0.1118
vn -0.9420 0.0128 -0.3353
vn -0.9949 0.0728 -0.0695
vn -0.9634 0.0009 -0.2682
vn -0.8905 0.0119 -0.4547
vn -0.8997 -0.0064 -0.4366
vn -0.8907 -0.0204 -0.4541
vn -0.8339 -0.0139 -0.5518
vn -0.7718 -0.0014 -0.6359
vn -0.7920 -0.0008 -0.6105
vn -0.7839 0.0045 -0.6209
vn -0.7905 0.0007 -0.6124
vn -0.8335 0.0025 -0.5525
vn -0.7958 0.0940 -0.5982
vn -0.9623 -0.0145 -0.2717
vn -0.3022 -0.2771 -0.9121
vn -0.7309 0.0565 -0.6802
vn -0.4911 -0.8711 0.0001
vn -0.1359 -0.7233 -0.6771
vn -0.1895 -0.9819 -0.0019
vn -0.7976 -0.6031 -0.0012
vn -0.5616 -0.8274 -0.0022
vn -0.9731 -0.2305 -0.0009
vn -0.8470 -0.5315 -0.0002
vn -0.9807 -0.1955 -0.0002
vn -0.9788 0.2048 -0.0009
vn -0.9848 0.1738 0.0040
vn -0.8501 0.5267 -0.0001
vn -0.8000 0.6001 -0.0011
vn -0.5578 0.8300 -0.0022
vn -0.4910 0.8712 0.0004
vn -0.1836 0.9830 -0.0024
vn -0.1088 0.7436 -0.6597
vn -0.0090 -1.0000 -0.0005
vn -0.0080 1.0000 -0.0008
vn -0.0077 0.2890 -0.9573
vn 0.3242 0.1295 -0.9371
vn 0.2227 0.1939 -0.9554
vn 0.1460 0.1294 -0.9808
vn 0.0915 0.0937 -0.9914
vn 0.5537 0.1766 -0.8138
vn 0.5525 0.2306 -0.8010
vn 0.3933 0.2282 -0.8907
vn 0.4229 0.1748 -0.8891
vn 0.6750 0.1630 -0.7196
vn 0.6566 0.2234 -0.7204
vn 0.2163 0.0624 -0.9743
vn 0.1175 0.0595 -0.9913
vn 0.5505 0.1069 -0.8280
vn 0.4301 0.1005 -0.8972
vn 0.6443 0.1055 -0.7575
vn 0.7373 0.1021 -0.6678
vn 0.9915 -0.0091 -0.1299
vn 0.9683 0.0029 -0.2497
vn 0.9381 0.0265 -0.3454
vn 0.9044 0.0954 -0.4159
vn 0.8768 0.0349 -0.4796
vn 0.8070 0.0723 -0.5861
vn 0.8428 0.1335 -0.5214
vn 0.6948 0.0443 -0.7179
vn 0.1084 0.0211 -0.9939
vn 0.0026 0.0656 -0.9978
vn 0.4570 0.0490 -0.8881
vn 0.5905 0.0433 -0.8059
vn 0.9838 -0.0144 -0.1784
vn -0.6486 0.6839 -0.3341
vn -0.3069 0.9427 -0.1307
vn -0.3485 0.9062 -0.2396
vn -0.2775 0.9415 -0.1912
vn -0.5214 0.7983 -0.3013
vn -0.9306 0.3137 -0.1885
vn -0.6604 0.2224 -0.7172
vn -0.6869 0.0999 -0.7198
vn -0.9769 0.1585 -0.1431
vn -0.9475 0.1634 -0.2750
vn -0.8861 0.3159 -0.3392
vn -0.9132 -0.3433 -0.2195
vn -0.9312 -0.3392 -0.1331
vn -0.9275 -0.2537 -0.2747
vn -0.7418 0.3885 -0.5466
vn -0.8324 0.3109 -0.4588
vn -0.8846 0.3153 -0.3436
vn -0.9326 0.1290 -0.3371
vn -0.6754 0.2770 -0.6835
vn -0.6214 0.4007 -0.6733
vn -0.7767 0.3023 -0.5526
vn -0.8859 0.1626 -0.4345
vn -0.8023 0.1493 -0.5779
vn -0.6935 0.1335 -0.7080
vn -0.7182 0.5739 -0.3934
vn -0.5277 0.4408 -0.7261
vn -0.4116 0.3623 -0.8363
vn -0.5397 0.3520 -0.7648
vn -0.4366 0.2986 -0.8487
vn -0.3465 0.2450 -0.9055
vn -0.2215 0.1728 -0.9597
vn -0.1616 0.2173 -0.9626
vn -0.1121 0.1034 -0.9883
vn -0.5953 0.2510 -0.7633
vn -0.4780 0.1639 -0.8629
vn -0.3595 0.1229 -0.9250
vn -0.2686 0.0975 -0.9583
vn -0.5956 0.1348 -0.7919
vn -0.1209 0.0418 -0.9918
vn 0.5957 0.3121 -0.7401
vn 0.7658 0.3318 -0.5509
vn 0.8466 0.3118 -0.4314
vn 0.5083 0.2751 -0.8160
vn 0.9201 0.2284 -0.3183
vn 0.9819 0.1383 -0.1291
vn 0.9933 0.0629 -0.0973
vn -0.3276 0.9420 -0.0726
vn -0.1397 0.3939 -0.9085
vn -0.8233 0.4650 -0.3256
vn -0.9534 0.0042 -0.3017
vn -0.9384 -0.3302 -0.1018
vn 0.8753 0.1774 -0.4499
vn 0.7864 0.1727 -0.5930
vn 0.9998 -0.0217 -0.0037
vn 0.9998 -0.0130 -0.0116
vn 0.9988 0.0357 -0.0336
vn -0.4177 -0.1476 -0.8965
vn -0.8249 -0.5652 -0.0018
vn -0.4505 -0.5811 -0.6778
vn -0.9789 -0.2042 -0.0018
vn -0.9776 0.2104 -0.0045
vn -0.7985 0.6020 -0.0035
vn -0.4591 0.8884 -0.0015
vn 0.1753 0.7183 -0.6733
vn -0.0723 0.9974 -0.0010
vn 0.0008 -0.0016 -1.0000
vn 0.0012 -0.0015 -1.0000
vn 0.0010 -0.0016 -1.0000
vn 0.5645 -0.2921 -0.7720
vn -0.0011 -0.0021 -1.0000
vn 0.2681 0.5984 -0.7550
vn -0.0426 0.6344 -0.7718
vn 0.4596 0.4872 -0.7425
vn 0.0033 -0.0003 -1.0000
vn 0.0016 -0.0025 -1.0000
vn 0.5257 -0.3597 -0.7709
vn 0.2602 -0.5279 -0.8085
vn -0.6311 0.1804 -0.7544
vn -0.6494 -0.0856 -0.7556
vn 0.0032 -0.0010 -1.0000
vn -0.5962 -0.2519 -0.7623
vn -0.6557 0.0127 -0.7549
vn -0.0007 0.0003 -1.0000
vn -0.5895 0.2731 -0.7602
vn -0.3553 0.5309 -0.7694
vn 0.0032 0.0016 -1.0000
vn 0.5894 0.2941 -0.7524
vn 0.0033 0.0010 -1.0000
vn 0.6410 0.0227 -0.7672
vn -0.3462 -0.5495 -0.7604
vn -0.0614 -0.6421 -0.7642
vn -0.5458 -0.3458 -0.7632
vn -0.4864 0.4250 -0.7634
vn -0.2518 0.5980 -0.7610
vn 0.6478 -0.0817 -0.7575
vn 0.0267 0.6560 -0.7543
vn 0.0013 0.0029 -1.0000
vn 0.2796 0.5887 -0.7584
vn 0.0030 0.0018 -1.0000
vn 0.4943 0.4168 -0.7629
vn 0.0026 0.0006 -1.0000
vn 0.6280 0.1757 -0.7581
vn 0.3867 -0.9214 -0.0373
vn 0.3224 0.9463 -0.0237
vn -0.2316 0.9724 -0.0281
vn 0.7620 0.6473 -0.0189
vn 0.9887 0.1478 -0.0267
vn 0.8720 -0.4891 -0.0210
vn 0.3498 -0.9368 0.0066
vn -0.2918 -0.9562 -0.0234
vn -0.8703 -0.4912 -0.0352
vn -0.9887 0.1478 -0.0266
vn -0.7511 0.6598 -0.0223
vn 0.4511 0.8923 -0.0150
vn -0.1207 0.9921 0.0342
vn 0.3645 0.9293 0.0592
vn -0.7437 -0.6685 -0.0063
vn -0.9878 0.1555 -0.0017
vn -0.9996 -0.0144 0.0228
vn -0.6676 0.7432 -0.0436
vn -0.5905 0.8058 0.0456
vn 0.4098 -0.3318 -0.8497
vn 0.4422 -0.2865 -0.8499
vn 0.5324 0.0038 -0.8465
vn 0.0648 0.5184 -0.8527
vn 0.0092 0.5223 -0.8527
vn 0.1197 0.5083 -0.8528
vn -0.1946 0.4857 -0.8522
vn -0.2451 0.4619 -0.8524
vn -0.1419 0.5035 -0.8523
vn -0.4582 0.2711 -0.8465
vn -0.4837 0.2215 -0.8467
vn -0.4272 0.3174 -0.8466
vn -0.5148 -0.1576 -0.8427
vn -0.4954 -0.2099 -0.8429
vn -0.5280 -0.1035 -0.8429
vn -0.1123 -0.9934 -0.0232
vn -0.6034 -0.7952 -0.0597
vn -0.6062 -0.7952 -0.0098
vn -0.7420 0.6703 -0.0081
vn 0.4282 -0.9031 -0.0315
vn 0.6608 -0.7504 -0.0138
vn 0.3006 -0.9530 -0.0380
vn 0.2165 0.9757 -0.0331
vn 0.7504 0.6604 -0.0266
vn 0.9894 0.1432 -0.0245
vn 0.8780 -0.4779 -0.0276
vn 0.3482 -0.9374 -0.0093
vn -0.2739 -0.9614 -0.0262
vn -0.8254 -0.5635 -0.0348
vn -0.9990 0.0362 -0.0274
vn -0.8255 0.5640 -0.0219
vn -0.4100 0.9117 -0.0272
vn 0.7348 0.6779 -0.0222
vn 0.0894 0.9958 -0.0185
vn 0.6977 0.7160 0.0225
vn 0.9785 0.2062 -0.0044
vn 0.9351 -0.3541 -0.0132
vn 0.9982 0.0368 0.0465
vn 0.5224 -0.8519 -0.0362
vn 0.7483 -0.6625 0.0332
vn -0.0757 -0.9962 -0.0442
vn 0.1694 -0.9850 0.0336
vn -0.4728 -0.8811 0.0077
vn -0.6220 -0.7830 -0.0056
vn -0.9169 -0.3988 0.0173
vn -0.9887 0.1454 -0.0374
vn -0.9823 0.1873 0.0060
vn -0.6856 0.7277 -0.0180
vn -0.0776 0.9970 0.0081
vn -0.6569 0.7532 0.0353
vn -0.8873 -0.4610 0.0113
vn 0.1778 -0.4962 -0.8498
vn 0.0697 -0.5226 -0.8498
vn 0.5212 -0.0367 -0.8527
vn 0.5220 0.0190 -0.8527
vn 0.5140 -0.0920 -0.8528
vn 0.4744 0.2206 -0.8522
vn 0.4479 0.2698 -0.8524
vn 0.4950 0.1689 -0.8523
vn 0.2460 0.4722 -0.8465
vn 0.1950 0.4950 -0.8467
vn 0.2938 0.4438 -0.8466
vn -0.1851 0.5055 -0.8427
vn -0.2364 0.4833 -0.8429
vn -0.1320 0.5216 -0.8429
vn -0.4782 0.2192 -0.8504
vn -0.4986 0.1675 -0.8505
vn -0.4519 0.2685 -0.8507
vn -0.5200 -0.0575 -0.8522
vn -0.5107 -0.1126 -0.8524
vn -0.5231 -0.0020 -0.8523
vn -0.4036 -0.3318 -0.8526
vn -0.3659 -0.3728 -0.8527
vn -0.4364 -0.2868 -0.8528
vn -0.1910 -0.4875 -0.8520
vn -0.1380 -0.5048 -0.8521
vn -0.2417 -0.4643 -0.8521
s 1
usemtl 0.301961_0.301961_0.301961_0.000000_0.001
f 4//1 1//2 3//3
f 4//1 3//3 5//4
f 6//5 4//1 5//4
f 8//6 6//5 7//7
f 9//8 11//9 10//10
f 13//11 11//9 12//12
f 15//13 13//11 14//14
f 1//2 15//13 2//15
f 14//14 2//15 15//13
f 12//12 14//14 13//11
f 9//8 12//12 11//9
f 10//10 8//6 9//8
f 7//7 9//8 8//6
f 5//4 7//7 6//5
f 2//15 3//3 1//2
f 111//16 63//17 16//18
f 18//19 111//16 17//20
f 111//16 16//18 17//20
f 88//21 90//22 19//23
f 90//22 20//24 19//23
f 19//23 21//25 88//21
f 45//26 23//27 22//28
f 23//27 45//26 81//29
f 81//29 84//30 23//27
f 21//25 25//31 24//32
f 22//28 21//25 45//26
f 24//32 88//21 21//25
f 22//28 25//31 21//25
f 26//30 56//33 77//34
f 26//30 27//35 56//33
f 52//30 26//30 77//34
f 18//19 71//36 30//37
f 30//37 28//38 18//19
f 71//36 72//39 30//37
f 72//39 31//40 29//30
f 72//39 29//30 30//37
f 5//30 99//41 72//39
f 32//42 33//43 94//44
f 37//45 35//46 36//47
f 36//47 38//48 37//45
f 39//49 37//45 38//48
f 41//50 34//51 42//52
f 42//52 39//49 41//50
f 39//49 38//48 40//53
f 40//53 41//50 39//49
f 90//22 34//51 41//50
f 43//54 44//55 38//48
f 44//55 40//53 38//48
f 43//54 38//48 21//25
f 41//50 20//24 90//22
f 21//25 46//56 45//26
f 21//25 38//48 46//56
f 47//57 81//29 45//26
f 81//29 49//58 48//59
f 49//58 51//60 48//59
f 50//30 77//34 81//29
f 81//29 48//59 50//30
f 50//30 52//30 77//34
f 53//61 54//62 55//63
f 55//63 56//33 53//61
f 49//58 54//62 51//60
f 27//35 53//61 56//33
f 54//62 49//58 55//63
f 119//64 58//65 57//66
f 111//16 60//67 59//68
f 62//69 61//70 58//65
f 111//16 59//68 63//17
f 64//71 59//68 65//72
f 67//73 66//74 64//71
f 68//75 67//73 61//70
f 64//71 63//17 59//68
f 67//73 68//75 66//74
f 68//75 69//76 66//74
f 65//72 67//73 64//71
f 69//76 68//75 18//19
f 61//70 62//69 68//75
f 71//36 18//19 70//77
f 18//19 68//75 70//77
f 74//78 14//79 12//80
f 75//81 73//82 12//80
f 12//80 73//82 74//78
f 74//78 98//31 14//79
f 12//80 9//83 75//81
f 2//79 14//79 98//31
f 99//41 3//30 2//79
f 99//41 5//30 3//30
f 72//39 75//81 9//83
f 2//79 98//31 99//41
f 9//83 7//30 72//39
f 77//34 78//30 79//84
f 80//85 78//30 77//34
f 81//29 77//34 79//84
f 81//29 82//86 84//30
f 83//30 84//30 82//86
f 82//86 86//87 87//30
f 85//30 86//87 88//21
f 87//30 83//30 82//86
f 85//30 87//30 86//87
f 88//21 24//32 85//30
f 90//22 88//21 89//88
f 34//51 90//22 92//30
f 33//43 93//89 94//44
f 33//43 34//51 96//30
f 95//30 94//44 93//89
f 96//30 93//89 33//43
f 93//89 97//89 98//31
f 98//31 95//30 93//89
f 98//31 97//89 99//41
f 99//41 97//89 101//90
f 72//39 99//41 102//30
f 72//39 103//30 104//30
f 104//30 103//30 105//30
f 104//30 31//40 72//39
f 106//30 104//30 105//30
f 107//30 18//19 108//89
f 107//30 108//89 106//30
f 18//19 107//30 109//30
f 111//16 109//30 110//91
f 116//92 117//93 118//94
f 57//66 114//95 119//64
f 115//28 119//64 114//95
f 117//93 114//95 118//94
f 114//95 57//66 118//94
f 120//96 116//92 60//67
f 60//67 111//16 120//96
f 120//96 111//16 113//97
f 114//95 230//98 121//99
f 56//33 121//99 230//98
f 121//99 115//28 114//95
f 76//100 77//34 122//101
f 122//101 77//34 56//33
f 230//98 122//101 56//33
f 118//94 60//67 116//92
f 112//102 113//97 111//16
f 109//30 111//16 18//19
f 106//30 105//30 107//30
f 102//30 103//30 72//39
f 100//103 102//30 99//41
f 92//30 96//30 34//51
f 91//104 92//30 90//22
f 7//30 5//30 72//39
f 47//57 49//58 81//29
f 35//46 32//105 36//47
f 28//38 108//89 18//19
f 33//106 124//107 123//108
f 125//109 124//107 33//106
f 127//110 126//111 35//112
f 37//113 128//114 127//110
f 129//115 128//114 39//116
f 130//117 129//115 39//116
f 131//118 130//117 34//51
f 123//108 131//118 34//51
f 126//111 125//109 32//119
f 32//119 35//112 126//111
f 42//52 34//51 130//117
f 39//116 42//52 130//117
f 37//113 39//116 128//114
f 35//112 37//113 127//110
f 33//106 32//119 125//109
f 34//51 33//106 123//108
f 132//120 138//121 67//122
f 133//123 132//120 59//124
f 134//125 133//123 59//124
f 135//126 134//125 60//127
f 136//128 135//126 118//129
f 137//130 136//128 58//131
f 138//121 137//130 61//132
f 61//132 67//122 138//121
f 58//131 61//132 137//130
f 57//133 58//131 136//128
f 118//129 57//133 136//128
f 60//127 118//129 135//126
f 59//124 60//127 134//125
f 65//134 59//124 132//120
f 67//122 65//134 132//120
f 140//135 139//136 31//137
f 141//138 140//135 104//139
f 142//140 141//138 106//141
f 143//142 142//140 108//143
f 144//144 143//142 28//145
f 145//146 144//144 30//147
f 146//148 145//146 30//147
f 139//136 146//148 29//149
f 29//149 31//137 139//136
f 30//147 29//149 146//148
f 28//145 30//147 144//144
f 108//143 28//145 143//142
f 106//141 108//143 142//140
f 104//139 106//141 141//138
f 31//137 104//139 140//135
f 51//150 147//151 155//152
f 155//152 48//153 51//150
f 148//154 147//151 54//155
f 149//156 148//154 54//155
f 150//157 149//156 53//158
f 151//159 150//157 27//160
f 151//159 27//160 26//161
f 151//159 26//161 52//162
f 52//162 152//163 151//159
f 153//164 152//163 52//162
f 154//165 153//164 50//166
f 155//152 154//165 48//153
f 50//166 48//153 154//165
f 52//162 50//166 153//164
f 53//158 27//160 150//157
f 54//155 53//158 149//156
f 51//150 54//155 147//151
f 157//167 156//168 24//169
f 158//170 157//167 25//171
f 159//172 158//170 22//173
f 160//174 159//172 23//175
f 160//174 23//175 84//176
f 84//176 161//177 160//174
f 162//178 161//177 84//176
f 163//179 162//178 87//180
f 156//168 163//179 85//181
f 156//168 85//181 24//169
f 87//180 85//181 163//179
f 83//182 87//180 162//178
f 84//176 83//182 162//178
f 22//173 23//175 159//172
f 25//171 22//173 158//170
f 24//169 25//171 157//167
f 193//183 62//69 58//65
f 58//65 169//184 193//183
f 32//42 94//44 164//185
f 94//44 95//186 165//187
f 95//186 98//188 166//189
f 98//188 74//190 168//191
f 168//191 167//192 98//188
f 167//192 166//189 98//188
f 166//189 165//187 95//186
f 165//187 164//185 94//44
f 58//65 119//64 169//184
f 119//64 115//193 170//194
f 121//195 56//196 172//197
f 173//198 172//197 56//196
f 172//197 171//199 121//195
f 115//193 121//195 171//199
f 171//199 170//194 115//193
f 170//194 169//184 119//64
f 183//200 36//201 32//42
f 32//42 164//185 183//200
f 174//202 172//203 173//204
f 171//205 172//203 175//206
f 170//207 171//205 176//208
f 169//209 170//207 177//210
f 177//210 178//211 169//209
f 176//208 177//210 170//207
f 175//206 176//208 171//205
f 174//202 175//206 172//203
f 179//212 173//198 56//196
f 56//196 55//213 179//212
f 210//214 174//202 173//204
f 173//204 179//215 210//214
f 55//213 180//216 179//212
f 188//217 181//218 183//219
f 183//219 164//220 188//217
f 36//201 183//200 182//221
f 167//222 168//223 184//224
f 166//225 167//222 185//226
f 165//227 166//225 186//228
f 165//227 186//228 187//229
f 164//220 165//227 187//229
f 187//229 188//217 164//220
f 185//226 186//228 166//225
f 184//224 185//226 167//222
f 74//190 73//230 189//231
f 189//231 168//191 74//190
f 208//232 184//224 168//223
f 168//223 189//233 208//232
f 73//230 190//234 189//231
f 178//211 191//235 193//236
f 193//236 169//209 178//211
f 62//69 193//183 192//237
f 193//236 191//235 194//238
f 194//238 192//239 193//236
f 195//240 192//239 194//238
f 195//240 196//241 197//242
f 197//242 198//243 195//240
f 199//244 198//243 197//242
f 200//245 199//244 201//246
f 202//247 200//245 203//248
f 204//249 202//247 203//248
f 203//248 205//250 204//249
f 190//251 204//249 206//252
f 206//252 207//253 190//251
f 205//250 206//252 204//249
f 201//246 203//248 200//245
f 197//242 201//246 199//244
f 194//238 196//241 195//240
f 190//251 207//253 208//232
f 208//232 189//233 190//251
f 73//230 75//81 204//254
f 202//255 204//254 75//81
f 72//39 71//36 200//256
f 199//257 71//36 70//77
f 198//258 70//77 68//259
f 68//259 195//260 198//258
f 68//259 62//69 192//237
f 192//237 195//260 68//259
f 198//258 199//257 70//77
f 199//257 200//256 71//36
f 200//256 202//255 72//39
f 75//81 72//39 202//255
f 204//254 190//234 73//230
f 180//261 209//262 210//214
f 210//214 179//215 180//261
f 211//263 182//264 223//265
f 211//263 212//266 213//267
f 213//267 214//268 211//263
f 215//269 214//268 213//267
f 217//270 215//269 216//271
f 219//272 217//270 218//273
f 220//274 221//275 219//272
f 222//276 219//272 221//275
f 222//276 221//275 209//262
f 209//262 180//261 222//276
f 218//273 220//274 219//272
f 216//271 218//273 217//270
f 213//267 216//271 215//269
f 223//265 212//266 211//263
f 183//219 181//218 223//265
f 223//265 182//264 183//219
f 55//213 49//277 222//278
f 49//277 219//279 222//278
f 45//26 46//280 215//281
f 214//282 46//280 38//283
f 38//283 211//284 214//282
f 38//283 36//201 182//221
f 182//221 211//284 38//283
f 214//282 215//281 46//280
f 215//281 217//285 45//26
f 47//57 45//26 217//285
f 217//285 219//279 47//57
f 49//277 47//57 219//279
f 222//278 180//216 55//213
f 224//286 116//92 225//287
f 224//286 225//287 226//288
f 227//289 224//286 226//288
f 120//96 225//287 116//92
f 229//290 230//98 228//291
f 230//98 229//290 231//292
f 231//292 122//101 230//98
f 63//293 64//294 232//295
f 64//294 66//296 234//297
f 66//296 69//76 235//298
f 235//298 69//76 18//19
f 18//19 236//299 235//298
f 18//19 237//300 236//299
f 18//19 17//20 237//300
f 17//20 16//301 239//302
f 16//301 63//293 239//302
f 63//293 232//295 239//302
f 239//302 238//303 17//20
f 238//303 237//300 17//20
f 235//298 234//297 66//296
f 234//297 233//304 64//294
f 233//304 232//295 64//294
f 240//305 245//306 235//307
f 241//308 240//305 237//309
f 242//310 241//308 238//311
f 243//312 242//310 232//313
f 244//314 243//312 233//315
f 245//306 244//314 234//316
f 234//316 235//307 245//306
f 233//315 234//316 244//314
f 232//313 233//315 243//312
f 239//317 232//313 242//310
f 238//311 239//317 242//310
f 237//309 238//311 241//308
f 236//318 237//309 240//305
f 235//307 236//318 240//305
f 43//54 21//25 246//319
f 21//25 19//320 247//321
f 19//320 20//322 248//323
f 249//324 248//323 20//322
f 20//322 41//325 249//324
f 41//325 40//326 250//327
f 40//326 44//328 252//329
f 44//328 43//54 253//330
f 253//330 252//329 44//328
f 252//329 251//331 40//326
f 251//331 250//327 40//326
f 250//327 249//324 41//325
f 248//323 247//321 19//320
f 247//321 246//319 21//25
f 246//319 253//330 43//54
f 255//332 254//333 250//334
f 256//335 255//332 251//336
f 257//337 256//335 253//338
f 253//338 258//339 257//337
f 259//340 258//339 246//341
f 260//342 259//340 247//343
f 254//333 260//342 248//344
f 248//344 249//345 254//333
f 247//343 248//344 260//342
f 246//341 247//343 259//340
f 253//338 246//341 258//339
f 252//346 253//338 256//335
f 251//336 252//346 256//335
f 250//334 251//336 255//332
f 249//345 250//334 254//333
f 226//347 262//348 261//349
f 262//348 226//347 225//350
f 263//351 262//348 225//350
f 113//97 263//351 120//96
f 225//350 120//96 263//351
f 227//289 226//288 267//352
f 267//352 264//353 227//289
f 265//354 117//93 227//355
f 227//355 264//353 265//354
f 224//356 227//355 117//93
f 116//92 224//356 117//93
f 228//357 230//98 114//95
f 114//95 265//354 266//358
f 266//358 228//357 114//95
f 114//95 117//93 265//354
f 264//353 267//352 268//359
f 268//359 269//360 264//353
f 270//361 267//362 226//347
f 226//347 261//349 270//361
f 271//363 261//364 262//365
f 262//365 272//366 271//363
f 272//366 262//365 263//367
f 273//368 272//366 263//367
f 263//367 113//369 273//368
f 274//370 93//371 96//372
f 275//373 274//370 96//372
f 96//372 92//374 275//373
f 276//375 275//373 92//374
f 276//375 91//104 90//22
f 277//376 90//22 89//88
f 278//377 89//88 88//21
f 88//21 279//378 278//377
f 279//378 88//21 86//87
f 86//87 280//379 279//378
f 280//379 86//87 82//86
f 281//380 82//86 81//29
f 81//29 282//381 281//380
f 283//382 282//381 79//84
f 282//381 81//29 79//84
f 283//382 79//84 78//383
f 284//383 78//383 80//85
f 285//384 80//85 77//34
f 286//385 112//102 111//16
f 287//386 111//16 110//91
f 288//387 110//91 109//388
f 109//388 290//389 289//390
f 291//391 290//389 107//392
f 107//392 105//393 291//391
f 291//391 105//393 103//394
f 292//395 293//396 103//394
f 294//397 292//395 102//398
f 294//397 100//103 99//41
f 295//399 99//41 101//90
f 296//400 101//90 97//401
f 97//401 297//402 296//400
f 298//403 297//402 97//401
f 299//404 77//34 76//100
f 76//100 302//405 299//404
f 286//385 273//368 113//369
f 113//369 112//102 286//385
f 93//371 274//370 298//403
f 97//401 93//371 298//403
f 101//90 296//400 295//399
f 99//41 295//399 294//397
f 102//398 100//103 294//397
f 103//394 102//398 292//395
f 103//394 293//396 291//391
f 109//388 107//392 290//389
f 109//388 289//390 288//387
f 110//91 288//387 287//386
f 111//16 287//386 286//385
f 77//34 299//404 285//384
f 80//85 285//384 284//383
f 78//383 284//383 283//382
f 82//86 281//380 280//379
f 89//88 278//377 277//376
f 90//22 277//376 276//375
f 92//374 91//104 276//375
f 300//406 122//101 231//407
f 229//408 301//409 300//406
f 300//406 231//407 229//408
f 122//101 300//406 76//100
f 228//291 266//410 306//411
f 306//411 229//290 228//291
f 300//412 303//413 302//405
f 304//414 303//413 301//415
f 300//412 301//415 303//413
f 76//100 300//412 302//405
f 229//408 306//416 308//417
f 308//417 301//409 229//408
f 266//410 305//418 306//411
f 307//419 304//414 301//415
f 301//415 308//420 307//419
f 305//421 309//422 308//417
f 308//417 306//416 305//421
f 269//360 305//418 265//354
f 266//410 265//354 305//418
f 265//354 264//353 269//360
f 310//423 309//422 305//421
f 269//424 311//425 310//423
f 305//421 269//424 310//423
f 308//420 309//426 307//419
f 312//427 311//425 268//428
f 269//424 268//428 311//425
f 267//362 270//361 312//427
f 312//427 268//428 267//362
f 307//419 309//426 310//429
f 313//430 310//429 311//431
f 311//431 314//432 313//430
f 310//429 313//430 307//419
f 314//432 311//431 312//433
f 312//433 270//434 314//432
f 314//432 270//434 261//364
f 261//364 271//363 314//432
f 273//435 286//436 315//437
f 286//436 287//438 317//439
f 287//438 318//440 317//439
f 288//441 319//442 318//440
f 318//440 287//438 288//441
f 288//441 289//443 320//444
f 320//444 319//442 288//441
f 289//443 290//445 321//446
f 290//445 322//447 321//446
f 291//448 323//449 322//447
f 322//447 290//445 291//448
f 291//448 293//450 324//451
f 324//451 323//449 291//448
f 293//450 292//452 325//453
f 292//452 326//454 325//453
f 294//455 327//456 326//454
f 326//454 292//452 294//455
f 294//455 295//457 328//458
f 328//458 327//456 294//455
f 295//457 296//459 329//460
f 296//459 330//461 329//460
f 297//462 331//463 330//461
f 330//461 296//459 297//462
f 297//462 298//464 332//465
f 332//465 331//463 297//462
f 274//466 333//467 332//465
f 334//468 333//467 274//466
f 275//469 335//470 334//468
f 334//468 274//466 275//469
f 275//469 276//471 336//472
f 277//473 337//474 338//475
f 338//475 276//471 277//473
f 278//476 339//477 337//474
f 337//474 277//473 278//476
f 278//476 279//478 340//479
f 280//480 341//481 342//482
f 342//482 279//478 280//480
f 281//483 343//484 341//481
f 341//481 280//480 281//483
f 281//483 282//485 344//486
f 283//487 345//488 346//489
f 346//489 282//485 283//487
f 284//490 347//491 345//488
f 345//488 283//487 284//490
f 284//490 285//492 348//493
f 299//494 349//495 350//496
f 350//496 285//492 299//494
f 302//497 351//498 349//495
f 349//495 299//494 302//497
f 313//430 352//499 304//500
f 304//500 307//419 313//430
f 352//499 303//501 304//500
f 303//501 352//499 353//502
f 351//498 302//497 303//501
f 303//501 353//502 351//498
f 316//503 354//504 272//505
f 354//504 271//506 272//505
f 354//504 352//499 271//506
f 352//499 313//430 314//507
f 314//507 271//506 352//499
f 272//505 273//435 316//503
f 350//496 348//493 285//492
f 348//493 347//491 284//490
f 346//489 344//486 282//485
f 344//486 343//484 281//483
f 342//482 340//479 279//478
f 340//479 339//477 278//476
f 338//475 336//472 276//471
f 336//472 335//470 275//469
f 332//465 298//464 274//466
f 329//460 328//458 295//457
f 325//453 324//451 293//450
f 321//446 320//444 289//443
f 317//439 315//437 286//436
f 315//437 316//503 273//435
f 352//499 354//504 353//502
f 356//508 316//503 315//437
f 357//509 322//447 323//449
f 358//510 335//470 336//472
f 359//511 340//479 342//482
f 360//512 345//488 347//491
f 361//513 350//496 349//495
f 362//514 349//495 351//498
f 363//515 317//439 318//440
f 364//516 319//442 320//444
f 365//517 320//444 321//446
f 366//518 321//446 357//509
f 367//519 326//454 327//456
f 368//520 331//463 332//465
f 369//521 334//468 358//510
f 370//522 337//474 339//477
f 371//523 339//477 359//511
f 372//524 342//482 341//481
f 373//525 341//481 343//484
f 374//526 343//484 344//486
f 375//527 344//486 346//489
f 376//528 346//489 360//512
f 377//529 347//491 348//493
f 378//530 348//493 361//513
f 379//531 354//504 356//508
f 380//532 318//440 364//516
f 381//533 323//449 324//451
f 382//534 324//451 325//453
f 383//535 325//453 367//519
f 384//536 327//456 328//458
f 385//537 328//458 329//460
f 386//538 329//460 330//461
f 387//539 332//465 333//467
f 355//540 351//498 353//502
f 355//540 353//502 379//531
f 351//498 355//540 362//514
f 332//465 387//539 368//520
f 329//460 386//538 385//537
f 328//458 385//537 384//536
f 327//456 384//536 367//519
f 325//453 383//535 382//534
f 324//451 382//534 381//533
f 323//449 381//533 357//509
f 318//440 380//532 363//515
f 354//504 379//531 353//502
f 348//493 378//530 377//529
f 347//491 377//529 360//512
f 346//489 376//528 375//527
f 344//486 375//527 374//526
f 343//484 374//526 373//525
f 341//481 373//525 372//524
f 342//482 372//524 359//511
f 339//477 371//523 370//522
f 337//474 370//522 338//475
f 334//468 369//521 333//467
f 331//463 368//520 330//461
f 326//454 367//519 325//453
f 321//446 366//518 365//517
f 320//444 365//517 364//516
f 319//442 364//516 318//440
f 317//439 363//515 315//437
f 349//495 362//514 361//513
f 350//496 361//513 348//493
f 345//488 360//512 346//489
f 340//479 359//511 339//477
f 335//470 358//510 334//468
f 322//447 357//509 321//446
f 316//503 356//508 354//504
f 258//339 212//266 401//541
f 355//540 361//513 362//514
f 356//508 355//540 379//531
f 315//437 363//515 356//508
f 357//509 398//542 366//518
f 357//509 381//533 382//534
f 382//534 6//5 357//509
f 6//5 382//534 383//535
f 6//5 383//535 367//519
f 259//340 395//543 258//339
f 259//340 260//541 395//543
f 258//339 401//541 257//337
f 401//541 255//541 256//541
f 402//541 254//541 255//541
f 254//541 402//541 395//543
f 255//541 401//541 402//541
f 260//541 254//541 395//543
f 401//541 256//541 257//337
f 398//542 357//509 241//544
f 357//509 240//305 241//544
f 398//542 241//544 242//541
f 196//241 244//314 245//306
f 398//542 242//541 243//312
f 244//314 196//241 243//312
f 240//305 196//241 245//306
f 153//164 154//165 396//541
f 155//152 221//275 154//165
f 396//541 151//541 152//541
f 152//541 153//164 396//541
f 240//305 142//545 143//541
f 240//305 143//541 144//541
f 142//545 240//305 357//509
f 141//546 142//545 357//509
f 144//541 201//246 240//305
f 6//5 146//541 139//541
f 6//5 139//541 140//547
f 6//5 201//246 145//541
f 357//509 6//5 140//547
f 357//509 140//547 141//546
f 144//541 145//541 201//246
f 145//541 146//541 6//5
f 6//5 392//548 4//1
f 8//6 205//250 6//5
f 1//541 4//1 392//548
f 1//541 392//548 185//541
f 401//541 129//541 130//541
f 130//541 402//541 401//541
f 123//108 402//541 131//118
f 130//541 131//118 402//541
f 128//541 129//541 401//541
f 401//541 223//265 128//541
f 223//265 127//541 128//541
f 203//248 201//246 6//5
f 6//5 205//250 203//248
f 197//242 240//305 201//246
f 138//541 194//541 191//541
f 196//241 132//541 133//541
f 136//541 137//549 178//541
f 133//541 243//312 196//241
f 196//241 194//541 138//541
f 191//541 137//549 138//541
f 137//549 191//541 178//541
f 196//241 138//541 132//541
f 133//541 134//541 243//312
f 178//541 177//541 136//541
f 177//541 176//541 136//541
f 176//541 135//541 136//541
f 135//541 176//541 398//542
f 398//542 243//312 134//541
f 134//541 135//541 398//542
f 150//157 175//541 174//541
f 210//541 209//541 150//157
f 150//157 174//541 210//541
f 150//157 209//541 149//156
f 209//541 147//541 148//541
f 221//275 155//152 147//541
f 148//541 149//156 209//541
f 147//541 209//541 221//275
f 150//157 151//541 396//541
f 154//165 220//274 218//273
f 154//165 221//275 220//274
f 258//339 216//271 213//267
f 216//271 258//339 218//273
f 223//265 401//541 212//266
f 124//107 125//550 188//551
f 187//541 123//108 124//107
f 188//551 125//550 126//541
f 127//541 223//265 181//541
f 188//551 187//541 124//107
f 126//541 181//541 188//551
f 181//541 126//541 127//541
f 184//541 208//541 13//541
f 15//541 185//541 184//541
f 208//541 207//541 13//541
f 184//541 13//541 15//541
f 207//541 11//541 13//541
f 207//541 10//541 11//541
f 207//541 206//541 10//541
f 388//552 375//527 376//528
f 388//552 374//526 375//527
f 373//525 374//526 388//552
f 359//511 372//524 388//552
f 389//553 336//472 338//475
f 389//553 358//510 336//472
f 389//553 338//475 370//522
f 389//553 370//522 371//523
f 371//523 390//554 389//553
f 390//554 359//511 388//552
f 371//523 359//511 390//554
f 388//552 391//541 390//554
f 389//553 369//521 358//510
f 389//553 333//467 369//521
f 389//553 393//555 387//539
f 393//555 330//461 368//520
f 386//538 330//461 393//555
f 392//548 367//519 384//536
f 385//537 386//538 393//555
f 384//536 393//555 392//548
f 384//536 385//537 393//555
f 392//548 6//5 367//519
f 392//548 394//556 185//541
f 394//556 186//541 185//541
f 394//556 123//108 187//541
f 187//541 186//541 394//556
f 402//541 123//108 394//556
f 395//543 402//541 394//556
f 218//273 258//339 158//541
f 159//541 160//541 218//273
f 158//541 159//541 218//273
f 396//541 161//541 162//541
f 258//339 157//541 158//541
f 396//541 218//273 161//541
f 258//339 395//543 156//541
f 218//273 160//541 161//541
f 258//339 156//541 157//541
f 163//541 156//541 395//543
f 162//541 395//543 396//541
f 162//541 163//541 395//543
f 396//541 154//165 218//273
f 176//541 396//541 398//542
f 380//532 364//516 397//557
f 398//542 397//557 364//516
f 397//557 363//515 380//532
f 364//516 365//517 398//542
f 365//517 366//518 398//542
f 356//508 363//515 397//557
f 355//540 356//508 397//557
f 400//558 376//528 360//512
f 400//558 360//512 377//529
f 399//559 377//529 378//530
f 377//529 399//559 400//558
f 388//552 376//528 400//558
f 378//530 361//513 399//559
f 361//513 355//540 399//559
f 397//557 399//559 355//540
f 176//541 175//541 396//541
f 175//541 150//157 396//541
f 368//520 387//539 393//555
f 387//539 333//467 389//553
f 372//524 373//525 388//552
f 10//541 206//541 205//250
f 15//541 1//541 185//541
f 213//267 212//266 258//339
f 197//242 196//241 240//305
f 8//6 10//541 205//250
f 388//552 403//560 404//561
f 404//561 391//562 388//552
f 405//563 406//564 404//561
f 404//561 403//560 405//563
f 407//565 408//566 396//567
f 396//567 395//543 407//565
f 409//568 408//566 407//565
f 407//565 410//569 409//568
f 392//570 411//571 412//572
f 412//572 394//556 392//570
f 394//556 410//573 407//565
f 394//556 412//572 410//573
f 407//565 395//543 394//556
f 408//566 409//574 396//567
f 413//575 398//576 396//567
f 413//575 414//577 398//576
f 409//574 413//575 396//567
f 417//578 400//558 399//579
f 399//579 424//580 417//578
f 415//581 389//582 390//583
f 390//583 445//584 415//581
f 400//558 417//578 416//585
f 420//586 418//587 416//585
f 419//588 418//587 420//586
f 421//589 416//585 417//578
f 416//585 421//589 420//586
f 429//590 422//591 405//592
f 400//558 416//585 403//560
f 403//560 416//585 418//587
f 405//592 418//587 429//590
f 418//587 405//592 403//560
f 403//560 388//552 400//558
f 399//579 423//593 424//580
f 426//594 419//588 420//586
f 425//595 420//586 421//589
f 427//596 421//589 417//578
f 417//578 424//580 427//596
f 421//589 427//596 425//595
f 420//586 425//595 426//594
f 430//597 418//587 419//588
f 418//587 430//597 429//590
f 427//596 423//593 425//595
f 423//593 427//596 424//580
f 435//598 399//579 397//599
f 397//599 428//600 435//598
f 399//579 425//595 423//593
f 399//579 426//594 425//595
f 399//579 435//598 426//594
f 422//591 429//590 433//601
f 433//601 432//602 422//591
f 426//594 435//598 434//603
f 430//597 431//604 433//601
f 433//601 429//590 430//597
f 433//601 431//604 432//602
f 419//588 426//594 434//603
f 430//597 434//603 436//605
f 436//605 431//604 430//597
f 434//603 430//597 419//588
f 434//603 435//598 437//606
f 437//606 436//605 434//603
f 397//599 438//607 428//600
f 442//608 440//609 441//610
f 440//609 442//608 439//611
f 389//582 415//581 439//611
f 439//611 442//608 389//582
f 450//612 443//613 393//614
f 393//614 389//582 450//612
f 442//608 450//612 389//582
f 390//583 444//615 445//584
f 446//616 441//610 440//609
f 447//617 440//609 439//611
f 448//618 439//611 415//581
f 415//581 445//584 448//618
f 439//611 448//618 447//617
f 440//609 447//617 446//616
f 441//610 449//619 450//612
f 450//612 442//608 441//610
f 451//620 447//617 448//618
f 444//615 448//618 445//584
f 448//618 444//615 451//620
f 447//617 451//620 446//616
f 452//621 451//620 406//622
f 404//623 406//622 451//620
f 391//624 404//623 444//615
f 451//620 444//615 404//623
f 444//615 390//583 391//624
f 406//622 453//625 452//621
f 456//626 454//627 457//628
f 457//628 455//629 450//612
f 450//612 449//619 457//628
f 455//629 457//628 454//627
f 452//621 446//616 451//620
f 460//630 452//621 453//625
f 460//630 453//625 458//631
f 459//632 460//630 458//631
f 441//610 446//616 452//621
f 452//621 460//630 457//628
f 460//630 459//632 456//626
f 456//626 459//632 463//633
f 457//628 449//619 452//621
f 463//633 461//634 456//626
f 456//626 457//628 460//630
f 452//621 449//619 441//610
f 458//631 462//635 464//636
f 464//636 459//632 458//631
f 464//636 463//633 459//632
f 463//633 464//636 462//635
f 461//634 454//627 456//626
f 454//627 461//634 554//637
f 443//613 450//612 455//629
f 466//638 455//629 454//627
f 454//627 467//639 466//638
f 455//629 466//638 465//640
f 455//629 465//640 443//613
f 393//614 443//613 468//641
f 392//570 469//642 411//571
f 474//643 472//644 470//645
f 473//646 474//643 470//645
f 411//571 473//646 412//572
f 470//645 412//572 473//646
f 473//646 469//642 471//647
f 474//643 471//647 472//644
f 471//647 474//643 473//646
f 469//642 473//646 411//571
f 475//648 472//644 471//647
f 471//647 476//649 475//648
f 398//576 414//577 477//650
f 414//577 478//651 479//652
f 479//652 477//650 414//577
f 479//652 478//651 480//653
f 501//654 482//655 483//656
f 502//657 488//658 489//659
f 503//660 496//661 497//662
f 504//663 497//662 498//664
f 476//649 500//665 475//648
f 505//666 480//653 481//667
f 506//668 487//669 502//657
f 507//670 489//659 490//671
f 508//672 491//673 492//674
f 491//673 508//672 490//671
f 489//659 507//670 502//657
f 487//669 506//668 486//675
f 480//653 505//666 479//652
f 500//665 476//649 499//676
f 497//662 504//663 503//660
f 496//661 503//660 495//677
f 488//658 502//657 487//669
f 482//655 501//654 481//667
f 475//648 530//678 509//679
f 509//679 472//644 475//648
f 509//679 470//645 472//644
f 478//651 511//680 510//681
f 478//651 414//577 511//680
f 414//577 413//575 511//680
f 510//681 512//682 480//653
f 480//653 478//651 510//681
f 513//683 482//655 481//667
f 481//667 514//684 513//683
f 481//667 480//653 514//684
f 515//685 483//656 482//655
f 482//655 513//683 515//685
f 484//686 483//656 515//685
f 516//687 517//688 485//689
f 518//690 487//669 486//675
f 517//688 518//690 486//675
f 486//675 485//689 517//688
f 519//691 520//692 488//658
f 489//659 488//658 520//692
f 521//693 522//694 490//671
f 491//673 490//671 522//694
f 490//671 489//659 521//693
f 523//695 492//674 491//673
f 491//673 522//694 523//695
f 523//695 524//696 493//697
f 493//697 492//674 523//695
f 524//696 525//698 494//699
f 525//698 495//677 494//699
f 525//698 526//700 495//677
f 526//700 496//661 495//677
f 497//662 496//661 526//700
f 526//700 527//701 497//662
f 527//701 528//702 498//664
f 528//702 529//703 499//676
f 529//703 500//665 499//676
f 499//676 498//664 528//702
f 500//665 529//703 530//678
f 530//678 475//648 500//665
f 498//664 497//662 527//701
f 494//699 493//697 524//696
f 520//692 521//693 489//659
f 488//658 487//669 519//691
f 518//690 519//691 487//669
f 485//689 484//686 516//687
f 515//685 516//687 484//686
f 512//682 514//684 480//653
f 468//641 443//613 465//640
f 468//641 465//640 466//638
f 466//638 531//704 468//641
f 467//639 531//704 466//638
f 467//639 532//705 565//706
f 565//706 531//704 467//639
f 533//707 428//600 438//607
f 431//604 436//605 534//708
f 534//708 432//602 431//604
f 436//605 437//606 534//708
f 428//600 533//707 535//709
f 428//600 534//708 437//606
f 535//709 534//708 428//600
f 437//606 435//598 428//600
f 533//707 618//710 536//711
f 536//711 535//709 533//707
f 536//711 618//710 598//712
f 598//712 538//713 536//711
f 539//714 538//713 537//715
f 537//715 600//716 539//714
f 539//714 600//716 601//717
f 601//717 540//718 539//714
f 541//719 540//718 602//720
f 540//718 601//717 602//720
f 619//721 615//722 542//723
f 542//723 541//719 619//721
f 542//723 615//722 605//724
f 605//724 543//725 542//723
f 544//726 543//725 616//727
f 620//728 545//729 546//730
f 546//730 544//726 620//728
f 546//730 545//729 609//731
f 609//731 547//732 546//730
f 548//733 547//732 610//734
f 548//733 611//735 617//736
f 617//736 549//737 548//733
f 550//738 549//737 613//739
f 617//736 613//739 549//737
f 551//740 552//741 550//738
f 550//738 621//742 551//740
f 613//739 621//742 550//738
f 610//734 611//735 548//733
f 609//731 610//734 547//732
f 616//727 620//728 544//726
f 605//724 616//727 543//725
f 602//720 619//721 541//719
f 538//713 598//712 537//715
f 462//635 553//743 461//634
f 461//634 463//633 462//635
f 554//637 553//743 555//744
f 554//637 461//634 553//743
f 532//705 467//639 555//744
f 555//744 556//745 532//705
f 467//639 454//627 554//637
f 554//637 555//744 467//639
f 557//746 558//747 559//748
f 562//749 557//746 560//750
f 562//749 560//750 561//751
f 556//745 562//749 561//751
f 561//751 532//705 556//745
f 559//748 560//750 557//746
f 564//752 560//750 559//748
f 565//706 532//705 561//751
f 565//706 561//751 564//752
f 559//748 563//753 564//752
f 560//750 564//752 561//751
f 566//754 579//755 584//756
f 567//757 584//756 580//758
f 567//757 580//758 589//759
f 568//760 589//759 581//761
f 588//762 569//763 568//760
f 568//760 581//761 588//762
f 569//763 588//762 582//764
f 569//763 582//764 585//765
f 570//766 585//765 583//767
f 586//768 571//769 572//770
f 572//770 583//767 586//768
f 571//769 586//768 587//771
f 558//747 587//771 559//748
f 587//771 558//747 571//769
f 583//767 572//770 570//766
f 585//765 570//766 569//763
f 589//759 568//760 567//757
f 584//756 567//757 566//754
f 583//767 576//772 577//773
f 585//765 576//772 583//767
f 587//771 577//773 563//753
f 579//755 578//774 584//756
f 584//756 573//775 580//758
f 588//762 575//776 582//764
f 586//768 577//773 587//771
f 589//759 574//777 581//761
f 574//777 589//759 580//758
f 576//772 585//765 582//764
f 575//776 588//762 581//761
f 563//753 559//748 587//771
f 577//773 586//768 583//767
f 573//775 584//756 578//774
f 576//772 582//764 575//776
f 575//776 581//761 574//777
f 574//777 580//758 573//775
f 590//778 552//741 551//740
f 566//754 590//778 592//779
f 592//779 579//755 566//754
f 591//780 592//779 590//778
f 551//740 591//780 590//778
f 578//774 579//755 592//779
f 596//781 591//780 551//740
f 592//779 594//782 595//783
f 551//740 593//784 596//781
f 591//780 596//781 594//782
f 592//779 595//783 578//774
f 591//780 594//782 592//779
f 537//715 599//785 600//716
f 615//722 604//786 605//724
f 616//727 606//787 607//788
f 545//729 608//789 609//731
f 617//736 612//790 613//739
f 618//710 597//791 598//712
f 619//721 603//792 615//722
f 620//728 607//788 545//729
f 621//742 614//793 593//784
f 593//784 551//740 621//742
f 614//793 621//742 613//739
f 607//788 620//728 616//727
f 603//792 619//721 602//720
f 597//791 618//710 533//707
f 612//790 617//736 611//735
f 608//789 545//729 607//788
f 606//787 616//727 605//724
f 604//786 615//722 603//792
f 599//785 537//715 598//712
f 438//607 397//599 398//576
f 438//607 477//650 479//652
f 398//576 477//650 438//607
f 503//660 622//794 593//784
f 597//791 533//707 479//652
f 611//735 610//734 493//697
f 610//734 609//731 492//674
f 603//792 602//720 485//689
f 602//720 601//717 484//686
f 600//716 599//785 501//654
f 599//785 598//712 481//667
f 598//712 597//791 505//666
f 479//652 533//707 438//607
f 593//784 612//790 503//660
f 612//790 611//735 494//699
f 492//674 493//697 610//734
f 608//789 607//788 490//671
f 607//788 606//787 507//670
f 606//787 605//724 502//657
f 605//724 604//786 506//668
f 484//686 485//689 602//720
f 601//717 600//716 483//656
f 481//667 501//654 599//785
f 479//652 505//666 597//791
f 531//704 565//706 476//649
f 612//790 495//677 503//660
f 493//697 494//699 611//735
f 609//731 608//789 508//672
f 507//670 490//671 607//788
f 506//668 502//657 605//724
f 604//786 603//792 486//675
f 483//656 484//686 601//717
f 505//666 481//667 598//712
f 476//649 471//647 531//704
f 393//614 468//641 469//642
f 494//699 495//677 612//790
f 490//671 508//672 608//789
f 486//675 506//668 604//786
f 501//654 483//656 600//716
f 469//642 468//641 531//704
f 469//642 392//570 393//614
f 508//672 492//674 609//731
f 485//689 486//675 603//792
f 623//795 476//649 565//706
f 502//657 507//670 606//787
f 531//704 471//647 469//642
f 622//794 596//781 593//784
f 594//782 596//781 622//794
f 622//794 503//660 504//663
f 625//796 565//706 564//752
f 573//775 578//774 626//797
f 504//663 624//798 622//794
f 624//798 504//663 498//664
f 476//649 623//795 624//798
f 565//706 625//796 623//795
f 578//774 595//783 626//797
f 595//783 622//794 626//797
f 593//784 613//739 612//790
f 624//798 499//676 476//649
f 563//753 577//773 625//796
f 574//777 573//775 629//799
f 595//783 594//782 622//794
f 625//796 564//752 563//753
f 576//772 575//776 628//800
f 575//776 574//777 629//799
f 624//798 498//664 499//676
f 593//784 614//793 613//739
f 577//773 627//801 625//796
f 576//772 628//800 627//801
f 626//797 629//799 573//775
f 629//799 628//800 575//776
f 627//801 577//773 576//772
f 627//802 628//803 632//804
f 628//803 629//805 634//806
f 629//805 626//807 636//808
f 626//807 622//809 637//810
f 622//809 624//811 639//812
f 624//811 623//813 641//814
f 623//813 625//815 642//816
f 625//815 627//802 630//817
f 630//817 643//818 625//815
f 643//818 642//816 625//815
f 642//816 641//814 623//813
f 641//814 640//819 624//811
f 640//819 639//812 624//811
f 639//812 638//820 622//809
f 638//820 637//810 622//809
f 637//810 636//808 626//807
f 636//808 635//821 629//805
f 635//821 634//806 629//805
f 634//806 633//822 628//803
f 633//822 632//804 628//803
f 632//804 631//823 627//802
f 631//823 630//817 627//802
f 645//824 644//825 638//826
f 646//827 645//824 639//828
f 647//829 646//827 640//830
f 648//831 647//829 641//832
f 649//833 648//831 642//834
f 651//835 650//836 631//837
f 652//838 651//835 633//839
f 653//840 652//838 634//841
f 654//842 653//840 635//843
f 644//825 654//842 636//844
f 636//844 637//845 644//825
f 635//843 636//844 654//842
f 634//841 635//843 653//840
f 633//839 634//841 652//838
f 632//846 633//839 651//835
f 631//837 632//846 651//835
f 630//847 631//837 650//836
f 650//836 649//833 630//847
f 643//848 630//847 649//833
f 642//834 643//848 649//833
f 641//832 642//834 648//831
f 640//830 641//832 647//829
f 639//828 640//830 646//827
f 638//826 639//828 645//824
f 637//845 638//826 644//825
f 655//849 656//850 654//851
f 656//850 657//852 652//853
f 657//852 658//854 652//853
f 658//854 659//855 651//856
f 660//857 649//858 650//859
f 650//859 659//855 660//857
f 660//857 661//860 648//861
f 646//862 661//860 662//863
f 662//863 663//864 645//865
f 663//864 655//849 644//866
f 644//866 645//865 663//864
f 645//865 646//862 662//863
f 646//862 647//867 661//860
f 647//867 648//861 661//860
f 648//861 649//858 660//857
f 650//859 651//856 659//855
f 651//856 652//853 658//854
f 652//853 653//868 656//850
f 653//868 654//851 656//850
f 654//851 644//866 655//849
f 664//869 665//870 666//871
f 666//871 667//872 664//869
f 458//873 670//874 668//875
f 675//876 669//877 453//878
f 669//877 670//874 458//873
f 669//877 458//873 453//878
f 665//870 674//879 671//880
f 676//881 683//882 665//870
f 422//883 677//884 673//885
f 664//869 667//872 679//886
f 665//870 683//882 666//871
f 674//879 665//870 677//884
f 679//886 675//876 406//564
f 405//563 682//887 664//869
f 673//885 405//563 422//883
f 672//888 674//879 677//884
f 675//876 453//878 406//564
f 673//885 682//887 405//563
f 678//889 684//890 462//891
f 679//886 406//564 664//869
f 406//564 405//563 664//869
f 685//892 432//893 680//894
f 681//895 685//892 680//894
f 677//884 422//883 672//888
f 691//896 689//897 669//877
f 683//882 680//894 690//898
f 687//899 462//891 458//873
f 680//894 683//882 676//881
f 669//877 675//876 691//896
f 422//883 432//893 693//900
f 458//873 668//875 687//899
f 688//901 680//894 692//902
f 687//899 678//889 462//891
f 665//870 671//880 676//881
f 676//881 681//895 680//894
f 690//898 689//897 683//882
f 432//893 685//892 686//903
f 692//902 684//890 688//901
f 693//900 694//895 422//883
f 688//901 690//898 680//894
f 686//903 693//900 432//893
f 691//896 683//882 689//897
f 694//895 672//888 422//883
f 684//890 692//902 462//891
f 695//904 696//905 705//906
f 705//906 697//907 695//904
f 749//908 697//907 699//909
f 698//910 699//909 697//907
f 509//679 511//680 700//911
f 509//679 702//912 714//912
f 709//911 511//680 717//911
f 410//569 716//913 785//914
f 703//915 704//916 698//910
f 785//914 711//917 410//569
f 695//904 410//569 774//918
f 410//569 711//917 774//918
f 470//911 509//679 707//911
f 509//679 700//911 702//912
f 717//911 708//919 709//911
f 703//915 716//913 704//916
f 699//909 706//920 413//921
f 697//907 713//922 698//910
f 701//911 717//911 511//680
f 413//921 706//920 710//911
f 698//910 704//916 708//919
f 699//909 409//568 712//923
f 509//679 714//912 707//911
f 709//911 700//911 511//680
f 511//680 710//911 701//911
f 710//911 511//680 413//921
f 413//921 409//568 699//909
f 728//924 712//923 409//568
f 713//922 703//915 698//910
f 774//918 696//905 695//904
f 703//915 785//914 716//913
f 705//906 713//922 697//907
f 715//911 698//910 708//919
f 695//904 409//568 410//569
f 699//909 712//923 749//908
f 716//913 410//569 412//925
f 717//911 715//911 708//919
f 409//568 722//926 728//924
f 409//568 695//904 722//926
f 412//925 470//911 716//913
f 707//911 716//913 470//911
f 718//927 682//887 673//885
f 719//928 718//927 723//929
f 720//930 719//928 724//931
f 721//932 720//930 725//933
f 727//934 721//932 726//935
f 722//926 721//932 727//934
f 727//934 728//924 722//926
f 725//933 726//935 721//932
f 724//931 725//933 720//930
f 723//929 724//931 719//928
f 673//885 723//929 718//927
f 740//936 682//887 718//927
f 741//937 718//927 719//928
f 741//937 719//928 720//930
f 742//938 720//930 721//932
f 729//939 721//932 722//926
f 722//926 695//904 743//940
f 722//926 743//940 729//939
f 721//932 729//939 742//938
f 720//930 742//938 741//937
f 718//927 741//937 740//936
f 682//887 740//936 664//869
f 673//885 677//884 730//941
f 673//885 730//941 731//942
f 724//931 731//942 732//943
f 725//933 732//943 733//944
f 726//935 733//944 734//945
f 728//924 734//945 712//923
f 734//945 728//924 727//934
f 734//945 727//934 726//935
f 733//944 726//935 725//933
f 732//943 725//933 724//931
f 731//942 724//931 723//929
f 731//942 723//929 673//885
f 736//946 735//947 741//937
f 737//948 736//946 741//937
f 738//949 737//948 742//938
f 739//950 738//949 729//939
f 695//904 739//950 743//940
f 729//939 743//940 739//950
f 742//938 729//939 738//949
f 741//937 742//938 737//948
f 740//936 741//937 735//947
f 664//869 740//936 735//947
f 731//942 730//941 744//951
f 732//943 731//942 745//952
f 746//953 732//943 745//952
f 733//944 732//943 746//953
f 734//945 733//944 747//954
f 749//908 734//945 748//955
f 712//923 734//945 749//908
f 747//954 748//955 734//945
f 746//953 747//954 733//944
f 744//951 745//952 731//942
f 677//884 744//951 730//941
f 665//870 664//869 735//947
f 757//956 735//947 736//946
f 758//957 736//946 737//948
f 759//958 737//948 738//949
f 760//959 738//949 739//950
f 761//960 739//950 695//904
f 695//904 697//907 761//960
f 739//950 761//960 760//959
f 738//949 760//959 759//958
f 737//948 759//958 758//957
f 736//946 758//957 757//956
f 735//947 757//956 756//961
f 735//947 756//961 665//870
f 677//884 665//870 750//962
f 744//951 750//962 751//963
f 745//952 751//963 752//964
f 746//953 752//964 753//965
f 747//954 753//965 754//966
f 747//954 754//966 755//967
f 749//908 755//967 697//907
f 755//967 749//908 748//955
f 755//967 748//955 747//954
f 753//965 747//954 746//953
f 752//964 746//953 745//952
f 751//963 745//952 744//951
f 750//962 744//951 677//884
f 757//956 750//962 756//961
f 758//957 751//963 757//956
f 753//965 752//964 758//957
f 760//959 753//965 759//958
f 755//967 754//966 760//959
f 697//907 755//967 761//960
f 760//959 761//960 755//967
f 753//965 760//959 754//966
f 758//957 759//958 753//965
f 751//963 758//957 752//964
f 750//962 757//956 751//963
f 665//870 756//961 750//962
f 763//968 762//969 769//970
f 764//971 763//968 769//970
f 765//972 764//971 770//973
f 767//974 765//972 766//975
f 711//917 767//974 771//976
f 766//975 771//976 767//974
f 770//973 766//975 765//972
f 769//970 770//973 764//971
f 768//977 769//970 762//969
f 675//876 768//977 762//969
f 691//896 675//876 762//969
f 781//978 762//969 763//968
f 782//979 763//968 764//971
f 783//980 764//971 765//972
f 784//981 765//972 767//974
f 785//914 767//974 711//917
f 767//974 785//914 784//981
f 765//972 784//981 783//980
f 764//971 783//980 782//979
f 763//968 782//979 781//978
f 762//969 781//978 780//982
f 762//969 780//982 691//896
f 768//977 679//886 772//983
f 769//970 772//983 773//984
f 770//973 773//984 788//985
f 766//975 788//985 790//986
f 771//976 790//986 774//918
f 774//918 711//917 771//976
f 790//986 771//976 766//975
f 788//985 766//975 770//973
f 773//984 770//973 769//970
f 772//983 769//970 768//977
f 679//886 768//977 675//876
f 781//978 775//987 780//982
f 782//979 776//988 781//978
f 777//989 776//988 782//979
f 778//990 777//989 783//980
f 779//991 778//990 784//981
f 703//915 779//991 785//914
f 784//981 785//914 779//991
f 783//980 784//981 778//990
f 782//979 783//980 777//989
f 775//987 781//978 776//988
f 691//896 780//982 775//987
f 772//983 679//886 667//872
f 787//992 772//983 786//993
f 790//986 788//985 789//994
f 791//995 790//986 789//994
f 792//996 790//986 791//995
f 774//918 790//986 792//996
f 792//996 696//905 774//918
f 787//992 789//994 788//985
f 787//992 788//985 773//984
f 772//983 787//992 773//984
f 667//872 786//993 772//983
f 683//882 691//896 775//987
f 797//997 775//987 776//988
f 798//998 776//988 777//989
f 799//999 777//989 778//990
f 800//1000 778//990 779//991
f 713//922 779//991 703//915
f 779//991 713//922 800//1000
f 778//990 800//1000 799//999
f 777//989 799//999 798//998
f 776//988 798//998 797//997
f 775//987 797//997 683//882
f 667//872 666//871 793//1001
f 787//992 793//1001 794//1002
f 789//994 794//1002 795//1003
f 791//995 795//1003 796//1004
f 792//996 796//1004 705//906
f 705//906 696//905 792//996
f 796//1004 792//996 791//995
f 795//1003 791//995 789//994
f 794//1002 789//994 787//992
f 793//1001 787//992 786//993
f 793//1001 786//993 667//872
f 798//998 793//1001 797//997
f 794//1002 793//1001 798//998
f 799//999 794//1002 798//998
f 795//1003 794//1002 799//999
f 800//1000 795//1003 799//999
f 713//922 796//1004 800//1000
f 705//906 796//1004 713//922
f 795//1003 800//1000 796//1004
f 666//871 797//997 793//1001
f 683//882 797//997 666//871
f 710//1005 693//1006 686//1007
f 693//1006 710//1005 706//1008
f 674//1009 672//1010 699//1011
f 699//1011 698//1012 671//1013
f 671//1013 674//1009 699//1011
f 698//1012 715//1014 676//1015
f 715//1014 717//1016 681//1017
f 685//1018 681//1017 717//1016
f 701//1019 686//1007 685//1018
f 685//1018 717//1016 701//1019
f 681//1017 676//1015 715//1014
f 676//1015 671//1013 698//1012
f 672//1010 706//1008 699//1011
f 706//1008 672//1010 694//1020
f 706//1008 694//1020 693//1006
f 686//1007 701//1019 710//1005
f 709//1021 690//1022 688//1023
f 690//1022 709//1021 708//1024
f 708//1024 669//1025 689//1026
f 670//1027 669//1025 704//1028
f 668//1029 670//1027 716//1030
f 716//1030 707//1031 668//1029
f 707//1031 714//1032 678//1033
f 684//1034 678//1033 714//1032
f 714//1032 702//1035 684//1034
f 700//1036 688//1023 684//1034
f 684//1034 702//1035 700//1036
f 678//1033 687//1037 707//1031
f 687//1037 668//1029 707//1031
f 704//1028 716//1030 670//1027
f 669//1025 708//1024 704//1028
f 708//1024 689//1026 690//1022
f 688//1023 700//1036 709//1021
f 510//681 511//680 509//679
f 512//682 510//681 801//1038
f 802//1038 811//1039 888//1040
f 888//1040 804//1038 802//1038
f 888//1040 512//682 805//1038
f 801//1038 803//1038 512//682
f 512//682 803//1038 805//1038
f 806//1038 801//1038 510//681
f 805//1038 804//1038 888//1040
f 802//1038 807//1038 811//1039
f 806//1038 510//681 811//1039
f 513//683 512//682 891//1038
f 890//1038 509//679 530//678
f 530//678 529//1038 890//1038
f 842//1041 527//1038 526//1038
f 524//696 526//1038 525//698
f 518//690 516//1038 515//685
f 517//688 516//1038 518//690
f 510//681 872//1042 808//1043
f 811//1039 510//681 808//1043
f 888//1040 810//1044 809//1045
f 810//1044 888//1040 811//1039
f 521//693 520//1038 813//1038
f 521//693 813//1038 816//1038
f 816//1038 522//694 521//693
f 522//694 816//1038 814//1046
f 814//1046 815//1047 522//694
f 818//1048 817//1049 842//1041
f 842//1041 834//1050 818//1048
f 819//1051 890//1038 817//1049
f 820//1038 821//1038 509//679
f 822//1038 826//1038 823//1038
f 822//1038 823//1038 520//1038
f 823//1038 813//1038 520//1038
f 518//690 831//1038 825//1038
f 824//1038 822//1038 520//1038
f 825//1038 519//691 518//690
f 824//1038 520//1038 519//691
f 825//1038 824//1038 519//691
f 822//1038 827//1052 826//1038
f 812//1053 828//1038 831//1038
f 831//1038 518//690 812//1053
f 829//1038 832//1054 830//1038
f 827//1052 830//1038 826//1038
f 812//1053 833//1038 828//1038
f 812//1053 832//1054 829//1038
f 830//1038 827//1052 829//1038
f 829//1038 833//1038 812//1053
f 815//1047 834//1050 838//1055
f 815//1047 835//1038 836//1038
f 522//694 836//1038 837//1038
f 836//1038 522//694 815//1047
f 815//1047 838//1055 835//1038
f 837//1038 841//1038 522//694
f 524//696 839//1038 840//1056
f 840//1056 842//1041 524//696
f 841//1038 524//696 522//694
f 841//1038 839//1038 524//696
f 838//1055 834//1050 842//1041
f 527//1038 843//1038 844//1038
f 527//1038 842//1041 843//1038
f 844//1038 528//1038 527//1038
f 842//1041 847//1038 843//1038
f 842//1041 846//1038 845//1038
f 846//1038 842//1041 817//1049
f 845//1038 847//1038 842//1041
f 529//1038 528//1038 844//1038
f 817//1049 890//1038 849//1038
f 529//1038 848//1038 850//1038
f 849//1038 846//1038 817//1049
f 844//1038 848//1038 529//1038
f 850//1038 849//1038 890//1038
f 850//1038 890//1038 529//1038
f 851//1038 853//1057 852//1038
f 820//1038 509//679 851//1038
f 853//1057 851//1038 854//1058
f 855//1038 857//1038 856//1038
f 853//1057 854//1058 855//1038
f 857//1038 855//1038 859//1038
f 855//1038 856//1038 853//1057
f 858//1059 861//1060 860//1061
f 860//1061 859//1038 858//1059
f 859//1038 860//1061 857//1038
f 861//1060 862//1038 509//679
f 862//1038 851//1038 509//679
f 889//1038 865//1062 864//1038
f 889//1038 863//1063 865//1062
f 864//1038 510//681 889//1038
f 510//681 864//1038 866//1038
f 866//1038 872//1042 510//681
f 867//1038 870//1038 868//1038
f 869//1038 870//1038 871//1038
f 867//1038 871//1038 870//1038
f 867//1038 868//1038 872//1042
f 869//1038 871//1038 874//1038
f 872//1042 873//1038 867//1038
f 874//1038 821//1038 869//1038
f 821//1038 874//1038 863//1063
f 863//1063 889//1038 821//1038
f 875//1038 509//679 890//1038
f 875//1038 876//1038 509//679
f 890//1038 877//1038 875//1038
f 861//1060 880//1038 879//1038
f 879//1038 860//1061 861//1060
f 879//1038 878//1038 860//1061
f 890//1038 878//1038 877//1038
f 861//1060 881//1038 880//1038
f 878//1038 890//1038 860//1061
f 876//1038 881//1038 509//679
f 881//1038 861//1060 509//679
f 518//690 891//1038 882//1038
f 518//690 882//1038 884//1038
f 883//1064 882//1038 891//1038
f 891//1038 888//1040 883//1064
f 884//1038 885//1038 518//690
f 812//1053 518//690 886//1038
f 518//690 885//1038 887//1038
f 887//1038 886//1038 518//690
f 886//1038 888//1040 812//1053
f 866//1038 873//1038 872//1042
f 852//1038 820//1038 851//1038
f 819//1051 860//1061 890//1038
f 809//1045 812//1053 888//1040
f 513//683 514//684 512//682
f 515//685 513//683 518//690
f 523//695 522//694 524//696
f 526//1038 524//696 842//1041
f 891//1038 518//690 513//683
f 888//1040 891//1038 512//682
f 807//1038 806//1038 811//1039
f 509//679 821//1038 889//1038
f 509//679 889//1038 510//681
f 835//1065 838//1055 892//1066
f 836//1067 835//1065 893//1068
f 837//1069 836//1067 894//1070
f 841//1071 837//1069 895//1072
f 839//1073 841//1071 896//1074
f 840//1056 839//1073 897//1075
f 842//1041 840//1056 898//1076
f 899//1077 838//1055 842//1041
f 899//1077 892//1066 838//1055
f 898//1076 899//1077 842//1041
f 897//1075 898//1076 840//1056
f 896//1074 897//1075 839//1073
f 895//1072 896//1074 841//1071
f 894//1070 895//1072 837//1069
f 893//1068 894//1070 836//1067
f 892//1066 893//1068 835//1065
f 849//1078 850//1079 901//1080
f 846//1081 849//1078 902//1082
f 845//1083 846//1081 902//1082
f 847//1084 845//1083 904//1085
f 843//1086 847//1084 904//1085
f 844//1087 843//1086 905//1088
f 848//1089 844//1087 906//1090
f 850//1079 848//1089 907//1091
f 850//1079 907//1091 900//1092
f 906//1090 907//1091 848//1089
f 905//1088 906//1090 844//1087
f 904//1085 905//1088 843//1086
f 903//1093 904//1085 845//1083
f 902//1082 903//1093 845//1083
f 901//1080 902//1082 849//1078
f 900//1092 901//1080 850//1079
f 863//1063 874//1094 908//1095
f 865//1062 909//1096 910//1097
f 864//1098 865//1062 910//1097
f 866//1099 864//1098 911//1100
f 867//1101 873//1102 912//1103
f 871//1104 867//1101 914//1105
f 874//1094 871//1104 915//1106
f 915//1106 908//1095 874//1094
f 914//1105 915//1106 871//1104
f 913//1107 914//1105 867//1101
f 912//1103 913//1107 867//1101
f 873//1102 866//1099 912//1103
f 911//1100 912//1103 866//1099
f 910//1097 911//1100 864//1098
f 865//1062 863//1063 909//1096
f 908//1095 909//1096 863//1063
f 801//1108 806//1109 917//1110
f 803//1111 801//1108 918//1112
f 805//1113 803//1111 919//1114
f 804//1115 805//1113 920//1116
f 802//1117 804//1115 921//1118
f 807//1119 802//1117 923//1120
f 806//1109 807//1119 916//1121
f 923//1120 916//1121 807//1119
f 922//1122 923//1120 802//1117
f 921//1118 922//1122 802//1117
f 920//1116 921//1118 804//1115
f 919//1114 920//1116 805//1113
f 918//1112 919//1114 803//1111
f 917//1110 918//1112 801//1108
f 916//1121 917//1110 806//1109
f 924//1123 869//1124 821//1125
f 925//1126 924//1123 821//1125
f 820//1127 926//1128 925//1126
f 927//1129 926//1128 852//1130
f 852//1130 853//1131 927//1129
f 820//1127 852//1130 926//1128
f 821//1125 820//1127 925//1126
f 975//1132 870//1133 869//1124
f 869//1124 924//1123 975//1132
f 928//1134 929//1135 927//1136
f 929//1135 930//1137 926//1138
f 925//1139 926//1138 930//1137
f 930//1137 931//1140 925//1139
f 931//1140 932//1141 924//1142
f 924//1142 925//1139 931//1140
f 926//1138 927//1136 929//1135
f 933//1143 927//1129 853//1131
f 853//1131 856//1144 933//1143
f 851//1145 862//1146 934//1147
f 935//1148 854//1149 851//1145
f 859//1150 855//1151 937//1152
f 858//1059 859//1150 938//1153
f 858//1059 938//1153 939//1154
f 861//1060 858//1059 939//1154
f 861//1060 939//1154 940//1155
f 940//1155 941//1156 861//1060
f 862//1146 861//1060 941//1156
f 855//1151 854//1149 928//1157
f 928//1157 936//1158 855//1151
f 941//1156 934//1147 862//1146
f 937//1152 938//1153 859//1150
f 936//1158 937//1152 855//1151
f 935//1148 928//1157 854//1149
f 934//1147 935//1148 851//1145
f 927//1136 933//1159 974//1160
f 974//1160 928//1134 927//1136
f 933//1143 856//1144 857//1161
f 857//1161 942//1162 933//1143
f 943//1163 965//1164 832//1054
f 944//1165 943//1163 812//1053
f 944//1165 812//1053 809//1045
f 945//1166 944//1165 809//1045
f 946//1167 945//1166 810//1044
f 946//1167 811//1039 808//1043
f 947//1168 946//1167 808//1043
f 948//1169 947//1168 808//1043
f 808//1043 872//1042 948//1169
f 949//1170 948//1169 872//1042
f 872//1042 868//1171 949//1170
f 810//1044 811//1039 946//1167
f 809//1045 810//1044 945//1166
f 832//1054 812//1053 943//1163
f 826//1172 830//1173 950//1174
f 950//1174 954//1175 826//1172
f 952//1176 951//1177 816//1178
f 953//1179 952//1176 813//1180
f 954//1175 953//1179 823//1181
f 823//1181 826//1172 954//1175
f 813//1180 823//1181 953//1179
f 816//1178 813//1180 952//1176
f 833//1182 829//1183 955//1184
f 828//1185 833//1182 956//1186
f 831//1187 828//1185 956//1186
f 957//1188 825//1189 831//1187
f 825//1189 957//1188 958//1190
f 824//1191 825//1189 958//1190
f 822//1192 824//1191 959//1193
f 827//1194 822//1192 961//1195
f 829//1183 827//1194 960//1196
f 960//1196 955//1184 829//1183
f 961//1195 960//1196 827//1194
f 959//1193 961//1195 822//1192
f 958//1190 959//1193 824//1191
f 956//1186 957//1188 831//1187
f 955//1184 956//1186 833//1182
f 961//1197 962//1198 954//1199
f 962//1198 963//1200 953//1201
f 963//1200 952//1202 953//1201
f 963//1200 964//1203 951//1204
f 951//1204 952//1202 963//1200
f 953//1201 954//1199 962//1198
f 814//1046 816//1178 951//1177
f 951//1177 982//1205 814//1046
f 950//1206 966//1207 961//1197
f 961//1197 954//1199 950//1206
f 950//1174 830//1173 832//1054
f 832//1054 965//1164 950//1174
f 966//1207 950//1206 965//1208
f 967//1209 942//1162 857//1161
f 967//1209 860//1061 819//1051
f 819//1051 968//1210 967//1209
f 969//1211 968//1210 819//1051
f 970//1212 969//1211 817//1049
f 971//1213 970//1212 818//1048
f 818//1048 834//1050 971//1213
f 972//1214 971//1213 834//1050
f 972//1214 834//1050 815//1047
f 815//1047 973//1215 972//1214
f 817//1049 818//1048 970//1212
f 819//1051 817//1049 969//1211
f 857//1161 860//1061 967//1209
f 974//1160 933//1159 942//1216
f 949//1170 868//1171 870//1133
f 870//1133 975//1132 949//1170
f 924//1142 932//1141 976//1217
f 976//1217 975//1218 924//1142
f 976//1217 949//1219 975//1218
f 976//1217 977//1220 948//1221
f 947//1222 948//1221 977//1220
f 946//1223 978//1224 979//1225
f 979//1225 980//1226 945//1227
f 944//1228 980//1226 981//1229
f 965//1208 943//1230 981//1229
f 981//1229 966//1207 965//1208
f 943//1230 944//1228 981//1229
f 944//1228 945//1227 980//1226
f 945//1227 946//1223 979//1225
f 946//1223 947//1222 978//1224
f 977//1220 978//1224 947//1222
f 948//1221 949//1219 976//1217
f 973//1215 815//1047 814//1046
f 814//1046 982//1205 973//1215
f 973//1231 988//1232 983//1233
f 983//1233 972//1234 973//1231
f 983//1233 971//1235 972//1234
f 984//1236 985//1237 970//1238
f 968//1239 986//1240 987//1241
f 987//1241 967//1242 968//1239
f 987//1241 974//1160 942//1216
f 942//1216 967//1242 987//1241
f 968//1239 969//1243 986//1240
f 985//1237 986//1240 969//1243
f 969//1243 970//1238 985//1237
f 970//1238 971//1235 984//1236
f 983//1233 984//1236 971//1235
f 988//1232 973//1231 982//1244
f 964//1203 988//1232 982//1244
f 982//1244 951//1204 964//1203
f 880//1245 881//1246 990//1247
f 879//1248 880//1245 991//1249
f 878//1250 879//1248 992//1251
f 877//1252 878//1250 993//1253
f 875//1254 877//1252 994//1255
f 876//1256 875//1254 995//1257
f 881//1246 876//1256 989//1258
f 996//1259 989//1258 876//1256
f 995//1257 996//1259 876//1256
f 994//1255 995//1257 875//1254
f 993//1253 994//1255 877//1252
f 992//1251 993//1253 878//1250
f 991//1249 992//1251 879//1248
f 990//1247 991//1249 880//1245
f 989//1258 990//1247 881//1246
f 1002//1260 997//1261 994//1262
f 997//1261 998//1263 995//1264
f 989//1265 996//1266 998//1263
f 999//1267 1000//1268 990//1269
f 1000//1268 991//1270 990//1269
f 1000//1268 1001//1271 991//1270
f 1001//1271 1002//1260 992//1272
f 993//1273 992//1272 1002//1260
f 992//1272 991//1270 1001//1271
f 990//1269 989//1265 999//1267
f 998//1263 999//1267 989//1265
f 996//1266 995//1264 998//1263
f 995//1264 994//1262 997//1261
f 994//1262 993//1273 1002//1260
f 883//1064 888//1040 1003//1274
f 882//1275 883//1064 1004//1276
f 884//1277 882//1275 1005//1278
f 885//1279 884//1277 1006//1280
f 887//1281 885//1279 1007//1282
f 886//1283 887//1281 1007//1282
f 888//1040 886//1283 1008//1284
f 888//1040 1009//1285 1003//1274
f 1008//1284 1009//1285 888//1040
f 1007//1282 1008//1284 886//1283
f 1006//1280 1007//1282 885//1279
f 1005//1278 1006//1280 884//1277
f 1004//1276 1005//1278 882//1275
f 1003//1274 1004//1276 883//1064
f 1010//1286 1011//1287 1007//1288
f 1011//1287 1012//1289 1008//1290
f 1012//1289 1013//1291 1009//1292
f 1003//1293 1013//1291 1014//1294
f 1014//1294 1015//1295 1003//1293
f 1015//1295 1016//1296 1004//1297
f 1005//1298 1016//1296 1010//1286
f 1006//1299 1005//1298 1010//1286
f 1005//1298 1004//1297 1016//1296
f 1004//1297 1003//1293 1015//1295
f 1003//1293 1009//1292 1013//1291
f 1009//1292 1008//1290 1012//1289
f 1008//1290 1007//1288 1011//1287
f 1007//1288 1006//1299 1010//1286
f 1018//1300 1019//1301 1055//1302
f 680//894 1020//1303 1021//1304
f 680//894 1021//1304 692//902
f 1020//1303 680//894 1036//1305
f 432//893 535//709 680//894
f 432//893 534//708 535//709
f 540//718 538//713 539//714
f 964//1306 544//1307 546//1307
f 548//733 546//1307 547//732
f 1026//1308 552//1307 590//1307
f 549//737 550//738 552//1307
f 552//1307 1026//1308 549//737
f 1026//1308 590//1307 566//1309
f 1026//1308 663//1310 662//1311
f 568//1312 657//1312 656//1313
f 566//1309 655//1314 663//1310
f 566//1309 656//1313 655//1314
f 656//1313 567//1315 568//1312
f 663//1310 1026//1308 566//1309
f 656//1313 566//1309 567//1315
f 572//1316 1026//1308 660//1317
f 660//1317 659//1318 572//1316
f 569//1319 658//1320 657//1312
f 657//1312 568//1312 569//1319
f 658//1320 569//1319 570//1321
f 570//1321 572//1316 659//1318
f 1026//1308 662//1311 661//1322
f 659//1318 658//1320 570//1321
f 661//1322 660//1317 1026//1308
f 558//747 572//1316 571//769
f 1026//1308 572//1316 557//1307
f 1026//1308 557//1307 562//1307
f 558//747 557//1307 572//1316
f 1026//1308 562//1307 556//745
f 555//744 553//1323 556//745
f 1017//1324 553//1323 462//1325
f 553//1323 1017//1324 556//745
f 462//1325 692//1326 1023//1327
f 462//1325 1025//1328 1024//1329
f 1017//1324 462//1325 1024//1329
f 998//1330 1026//1308 1017//1324
f 1026//1308 998//1330 997//1331
f 538//713 1016//1332 1015//1333
f 538//713 540//718 1016//1332
f 1010//1334 1016//1332 540//718
f 1015//1333 1014//1294 538//713
f 535//709 536//711 918//1307
f 536//711 538//713 919//1307
f 536//711 919//1307 918//1307
f 535//709 918//1307 917//1110
f 917//1110 916//1121 535//709
f 920//1307 919//1307 538//713
f 1014//1294 979//1225 922//1335
f 538//713 1014//1294 920//1307
f 922//1335 921//1307 1014//1294
f 1014//1294 921//1307 920//1307
f 923//1336 922//1335 979//1225
f 916//1121 923//1336 979//1225
f 535//709 910//1307 909//1337
f 1026//1308 907//1307 906//1307
f 1026//1308 900//1309 907//1307
f 1026//1308 906//1307 905//1307
f 899//1077 549//737 905//1307
f 905//1307 549//737 1026//1308
f 905//1307 904//1307 899//1077
f 985//1237 899//1077 903//1338
f 903//1338 902//1339 985//1237
f 904//1307 903//1338 899//1077
f 997//1331 901//1340 900//1309
f 997//1331 902//1339 901//1340
f 902//1339 997//1331 985//1237
f 900//1309 1026//1308 997//1331
f 548//733 899//1077 898//1076
f 548//733 897//1307 896//1307
f 548//733 896//1307 895//1341
f 898//1076 897//1307 548//733
f 899//1077 983//1342 892//1066
f 895//1341 964//1306 548//733
f 543//1307 964//1306 963//1343
f 964//1306 543//1307 544//1307
f 962//1198 961//1197 959//1344
f 542//1307 543//1307 958//1307
f 959//1344 958//1307 543//1307
f 959//1344 543//1307 962//1198
f 963//1343 962//1198 543//1307
f 956//1339 1012//1345 1011//1346
f 1011//1346 957//1347 956//1339
f 955//1348 960//1349 966//1207
f 540//718 957//1347 1010//1334
f 1013//1291 956//1339 955//1348
f 956//1339 1013//1291 1012//1345
f 966//1207 960//1349 961//1197
f 540//718 958//1307 957//1347
f 966//1207 981//1350 955//1348
f 957//1347 1011//1346 1010//1334
f 955//1348 981//1350 1013//1291
f 1013//1291 981//1350 1014//1294
f 980//1351 979//1225 1014//1294
f 1014//1294 981//1350 980//1351
f 978//1224 916//1121 979//1225
f 977//1341 976//1352 913//1353
f 916//1121 977//1341 912//1354
f 914//1355 913//1353 976//1352
f 912//1354 911//1307 916//1121
f 913//1353 912//1354 977//1341
f 915//1356 914//1355 932//1357
f 1055//1302 915//1356 932//1357
f 932//1357 931//1358 1055//1302
f 1036//1305 909//1337 908//1333
f 931//1358 930//1359 1055//1302
f 908//1333 1055//1302 1036//1305
f 908//1333 915//1356 1055//1302
f 1036//1305 535//709 909//1337
f 935//1360 1055//1302 929//1135
f 1055//1302 930//1359 929//1135
f 941//1342 940//1361 1018//1300
f 1018//1300 1055//1302 934//1357
f 1055//1302 935//1360 934//1357
f 928//1134 935//1360 929//1135
f 934//1357 941//1342 1018//1300
f 1017//1324 1018//1300 940//1361
f 1000//1362 940//1361 939//1154
f 1017//1324 940//1361 999//1363
f 939//1154 938//1153 1000//1362
f 1000//1362 999//1363 940//1361
f 937//1364 936//1365 974//1366
f 974//1366 987//1367 937//1364
f 938//1153 937//1364 987//1367
f 1001//1368 938//1153 987//1367
f 997//1331 1002//1369 987//1367
f 1002//1369 1001//1368 987//1367
f 1001//1368 1000//1362 938//1153
f 985//1237 997//1331 986//1240
f 997//1331 987//1367 986//1240
f 899//1077 985//1237 984//1370
f 988//1371 964//1306 894//1372
f 894//1372 893//1373 988//1371
f 895//1341 894//1372 964//1306
f 983//1342 988//1371 893//1373
f 893//1373 892//1066 983//1342
f 984//1370 983//1342 899//1077
f 936//1365 928//1374 974//1366
f 999//1363 998//1330 1017//1324
f 914//1355 976//1352 932//1357
f 911//1307 910//1307 916//1121
f 978//1224 977//1341 916//1121
f 958//1307 540//718 542//1307
f 1023//1327 1025//1328 462//1325
f 546//1307 548//733 964//1306
f 541//719 542//1307 540//718
f 1019//1301 1022//1375 1055//1302
f 556//745 1017//1324 1026//1308
f 1036//1305 680//894 535//709
f 910//1307 535//709 916//1121
f 549//737 899//1077 548//733
f 1024//1329 1025//1376 1027//1377
f 1025//1376 1028//1378 1027//1377
f 1029//1379 1030//1380 1028//1378
f 1028//1378 1025//1376 1029//1379
f 1021//1381 1020//1303 1031//1382
f 1032//1383 1021//1381 1031//1382
f 1031//1382 1033//1384 1032//1383
f 1028//1385 1030//1386 1034//1387
f 1028//1385 1034//1387 1035//1388
f 1027//1377 1028//1385 1035//1388
f 1024//1329 1027//1377 1017//1324
f 1035//1388 1017//1324 1027//1377
f 1036//1305 1031//1382 1020//1303
f 1031//1382 1036//1305 1037//1389
f 1038//1390 1033//1391 1031//1382
f 1031//1382 1037//1389 1038//1390
f 1045//1392 1030//1380 1029//1379
f 1029//1379 1039//1393 1045//1392
f 1040//1394 1032//1383 1033//1384
f 1033//1384 1041//1395 1040//1394
f 1042//1396 692//902 1032//1397
f 1032//1397 1040//1394 1042//1396
f 1021//1304 1032//1397 692//902
f 1023//1327 1043//1398 1039//1399
f 1039//1399 1029//1400 1023//1327
f 1029//1400 1025//1328 1023//1327
f 1042//1396 1043//1398 692//902
f 1043//1398 1023//1327 692//902
f 1039//1393 1044//1401 1045//1392
f 1045//1402 1050//1403 1034//1387
f 1034//1387 1030//1386 1045//1402
f 1046//1404 1018//1300 1035//1405
f 1046//1404 1035//1405 1034//1406
f 1047//1407 1046//1404 1034//1406
f 1017//1324 1035//1405 1018//1300
f 1040//1394 1052//1408 1048//1409
f 1043//1410 1048//1409 1044//1401
f 1044//1401 1039//1393 1043//1410
f 1048//1409 1042//1396 1040//1394
f 1048//1409 1043//1410 1042//1396
f 1044//1411 1049//1412 1050//1403
f 1050//1403 1045//1402 1044//1411
f 1047//1407 1034//1406 1050//1413
f 1050//1413 1051//1414 1047//1407
f 1041//1395 1052//1408 1040//1394
f 1048//1415 1052//1416 1053//1417
f 1053//1417 1049//1412 1048//1415
f 1049//1412 1044//1411 1048//1415
f 1051//1414 1050//1413 1049//1418
f 1038//1390 1058//1419 1041//1420
f 1041//1420 1033//1391 1038//1390
f 1038//1421 1055//1302 1054//1422
f 1055//1302 1038//1421 1037//1423
f 1037//1423 1036//1305 1055//1302
f 1019//1301 1047//1424 1051//1425
f 1046//1426 1047//1424 1019//1301
f 1018//1300 1046//1426 1019//1301
f 1054//1427 1055//1302 1022//1375
f 1022//1375 1056//1428 1057//1429
f 1057//1429 1054//1427 1022//1375
f 1022//1375 1019//1301 1056//1428
f 1051//1425 1056//1428 1019//1301
f 1058//1419 1052//1416 1041//1420
f 1058//1419 1053//1417 1052//1416
f 1049//1418 1053//1430 1056//1431
f 1057//1432 1056//1431 1053//1430
f 1056//1431 1051//1414 1049//1418
f 1057//1432 1053//1430 1058//1433
f 1038//1421 1054//1422 1057//1432
f 1057//1432 1058//1433 1038//1421
f 1061//1434 1059//1435 1062//1436
f 1063//1437 1061//1434 1062//1436
f 1065//1438 1063//1437 1066//1439
f 1067//1440 1065//1438 1066//1439
f 1069//1441 1067//1440 1068//1442
f 1071//1443 1069//1441 1070//1444
f 1073//1445 1071//1443 1072//1446
f 1059//1435 1073//1445 1060//1447
f 1074//1448 1060//1447 1073//1445
f 1072//1446 1074//1448 1073//1445
f 1070//1444 1072//1446 1071//1443
f 1068//1442 1070//1444 1069//1441
f 1066//1439 1068//1442 1067//1440
f 1064//1449 1066//1439 1063//1437
f 1062//1436 1064//1449 1063//1437
f 1060//1447 1062//1436 1059//1435
f 1074//1338 1072//1341 1075//1341
f 1077//1307 1078//1307 1068//1307
f 1076//1307 1072//1341 1070//1307
f 1072//1341 1076//1307 1075//1341
f 1080//1338 1060//1307 1074//1338
f 1081//1307 1082//1307 1062//1307
f 1068//1307 1066//1307 1077//1307
f 1083//1307 1070//1307 1068//1307
f 1060//1307 1080//1338 1081//1307
f 1085//1338 1086//1307 1066//1307
f 1086//1307 1077//1307 1066//1307
f 1078//1307 1087//1307 1068//1307
f 1070//1307 1079//1338 1076//1307
f 1062//1307 1060//1307 1081//1307
f 1064//1338 1062//1307 1084//1338
f 1084//1338 1085//1338 1064//1338
f 1066//1307 1064//1338 1085//1338
f 1068//1307 1087//1307 1083//1307
f 1074//1338 1075//1341 1080//1338
f 1062//1307 1082//1307 1084//1338
f 1070//1307 1083//1307 1079//1338
f 1082//1450 1081//1451 1088//1452
f 1084//1453 1082//1450 1089//1454
f 1089//1454 1090//1455 1084//1453
f 1090//1455 1091//1456 1084//1453
f 1085//1457 1084//1453 1091//1456
f 1091//1456 1092//1458 1085//1457
f 1086//1459 1085//1457 1092//1458
f 1086//1459 1092//1458 1093//1460
f 1077//1461 1093//1460 1094//1462
f 1087//1463 1094//1462 1095//1464
f 1079//1465 1096//1466 1097//1467
f 1076//1468 1097//1467 1099//1469
f 1099//1469 1098//1470 1075//1471
f 1080//1472 1075//1471 1098//1470
f 1081//1451 1080//1472 1100//1473
f 1098//1470 1100//1473 1080//1472
f 1099//1469 1075//1471 1076//1468
f 1097//1467 1076//1468 1079//1465
f 1096//1466 1079//1465 1083//1474
f 1095//1464 1096//1466 1083//1474
f 1095//1464 1083//1474 1087//1463
f 1094//1462 1087//1463 1078//1475
f 1094//1462 1078//1475 1077//1461
f 1093//1460 1077//1461 1086//1459
f 1088//1452 1089//1454 1082//1450
f 1100//1473 1088//1452 1081//1451
f 1094//1462 1192//1476 1163//1477
f 1160//1478 1193//1479 1191//1480
f 1194//1481 1195//1482 1288//1483
f 1192//1476 1194//1481 1164//1484
f 1196//1485 1184//1486 1195//1482
f 1197//1487 1196//1485 1194//1481
f 1279//1488 1165//1489 1198//1490
f 1277//1491 1199//1492 1096//1466
f 1271//1493 1275//1494 1095//1464
f 1275//1494 1277//1491 1095//1464
f 1199//1492 1279//1488 1200//1495
f 1165//1489 1284//1496 1201//1497
f 1198//1490 1165//1489 1202//1498
f 1284//1496 1265//1499 1102//1500
f 1102//1500 1201//1497 1284//1496
f 1190//1501 1191//1480 1103//1502
f 1191//1480 1177//1503 1204//1504
f 1185//1505 1196//1485 1205//1506
f 1206//1507 1205//1506 1196//1485
f 1204//1504 1180//1508 1105//1509
f 1204//1504 1105//1509 1106//1510
f 1106//1510 1103//1502 1204//1504
f 1209//1511 1207//1512 1205//1506
f 1207//1512 1107//1513 1108//1514
f 1108//1514 1208//1515 1207//1512
f 1105//1509 1208//1515 1108//1514
f 1209//1511 1109//1516 1107//1513
f 1107//1513 1207//1512 1209//1511
f 1210//1517 1209//1511 1206//1507
f 1203//1518 1206//1507 1197//1487
f 1212//1519 1213//1520 1214//1521
f 1213//1520 1211//1522 1216//1523
f 1211//1522 1202//1498 1216//1523
f 1214//1521 1216//1523 1217//1524
f 1209//1511 1210//1517 1110//1525
f 1110//1525 1109//1516 1209//1511
f 1215//1526 1214//1521 1218//1527
f 1219//1528 1210//1517 1203//1518
f 1219//1528 1218//1527 1111//1529
f 1111//1529 1112//1530 1219//1528
f 1210//1517 1219//1528 1112//1530
f 1113//1531 1111//1529 1218//1527
f 1218//1527 1217//1524 1114//1532
f 1216//1523 1201//1497 1220//1533
f 1115//1534 1220//1533 1201//1497
f 1116//1535 1217//1524 1220//1533
f 1220//1533 1115//1534 1117//1536
f 1117//1536 1116//1535 1220//1533
f 1221//1537 1222//1538 1223//1539
f 1189//1540 1118//1541 1119//1542
f 1119//1542 1101//1543 1189//1540
f 1226//1544 1227//1545 1120//1546
f 1189//1540 1226//1544 1118//1541
f 1120//1546 1227//1545 1224//1547
f 1224//1547 1225//1548 1228//1549
f 1231//1550 1232//1551 1222//1538
f 1222//1538 1221//1537 1231//1550
f 1231//1550 1229//1552 1232//1551
f 1229//1552 1234//1553 1233//1554
f 1233//1554 1228//1549 1225//1548
f 1235//1555 1234//1553 1231//1550
f 1121//1556 1236//1557 1228//1549
f 1237//1558 1123//1559 1234//1553
f 1122//1560 1233//1554 1123//1559
f 1228//1549 1233//1554 1122//1560
f 1123//1559 1237//1558 1124//1561
f 1125//1562 1237//1558 1235//1555
f 1235//1555 1221//1537 1238//1563
f 1238//1563 1223//1539 1239//1564
f 1240//1565 1238//1563 1241//1566
f 1313//1567 1160//1478 1190//1501
f 1172//1568 1242//1569 1129//1570
f 1173//1571 1126//1572 1243//1573
f 1244//1574 1243//1573 1125//1562
f 1173//1571 1172//1568 1128//1575
f 1127//1576 1125//1562 1243//1573
f 1129//1570 1242//1569 1190//1501
f 1129//1570 1190//1501 1104//1577
f 1245//1578 1246//1579 1247//1580
f 1246//1579 1248//1581 1249//1582
f 1249//1582 1248//1581 1250//1583
f 1248//1581 1251//1584 1250//1583
f 1252//1585 1250//1583 1149//1586
f 1253//1587 1252//1585 1151//1588
f 1253//1587 1137//1589 1252//1585
f 1137//1589 1138//1590 1252//1585
f 1134//1591 1137//1589 1253//1587
f 1134//1591 1153//1592 1154//1593
f 1189//1540 1130//1594 1226//1544
f 1247//1580 1142//1595 1227//1545
f 1227//1545 1226//1544 1247//1580
f 1227//1545 1142//1595 1224//1547
f 1223//1539 1254//1596 1156//1597
f 1131//1598 1222//1538 1232//1551
f 1132//1599 1133//1600 1222//1538
f 1223//1539 1222//1538 1136//1601
f 1136//1601 1222//1538 1133//1600
f 1254//1596 1135//1602 1134//1591
f 1254//1596 1136//1601 1135//1602
f 1139//1603 1250//1583 1138//1590
f 1139//1603 1140//1604 1249//1582
f 1247//1580 1140//1604 1142//1595
f 1247//1580 1249//1582 1140//1604
f 1224//1547 1142//1595 1141//1605
f 1230//1606 1225//1548 1143//1607
f 1143//1607 1144//1608 1230//1606
f 1141//1605 1143//1607 1225//1548
f 1232//1551 1230//1606 1144//1608
f 1232//1551 1144//1608 1131//1598
f 1100//1609 1098//1610 1213//1520
f 1099//1611 1200//1495 1198//1490
f 1211//1522 1098//1610 1099//1611
f 1099//1611 1198//1490 1211//1522
f 1096//1466 1200//1495 1097//1467
f 1099//1611 1097//1467 1200//1495
f 1091//1456 1090//1455 1197//1487
f 1197//1487 1092//1612 1091//1456
f 1092//1612 1197//1487 1192//1476
f 1192//1476 1093//1613 1092//1612
f 1192//1476 1094//1462 1093//1613
f 1212//1519 1203//1518 1090//1455
f 1090//1455 1089//1454 1212//1519
f 1088//1614 1213//1520 1212//1519
f 1088//1614 1100//1609 1213//1520
f 1089//1454 1088//1614 1212//1519
f 1130//1594 1145//1615 1245//1578
f 1146//1616 1245//1578 1145//1615
f 1246//1579 1245//1578 1146//1616
f 1248//1581 1246//1579 1147//1617
f 1248//1581 1148//1618 1251//1584
f 1253//1587 1150//1619 1152//1620
f 1253//1587 1152//1620 1153//1592
f 1254//1596 1154//1593 1155//1621
f 1157//1622 1239//1564 1156//1597
f 1255//1623 1158//1624 1159//1625
f 1315//1626 1193//1479 1160//1478
f 1162//1627 1193//1479 1161//1628
f 1162//1627 1318//1629 1256//1630
f 1195//1482 1320//1631 1288//1483
f 1195//1482 1256//1630 1320//1631
f 1275//1494 1271//1493 1273//1632
f 1199//1492 1277//1491 1279//1488
f 1281//1633 1165//1489 1279//1488
f 1285//1634 1265//1499 1284//1496
f 1167//1635 1166//1636 1255//1623
f 1159//1625 1168//1637 1167//1635
f 1167//1635 1255//1623 1159//1625
f 1239//1564 1166//1636 1171//1638
f 1166//1636 1239//1564 1255//1623
f 1173//1571 1244//1574 1169//1639
f 1244//1574 1170//1640 1169//1639
f 1241//1566 1171//1638 1170//1640
f 1170//1640 1244//1574 1241//1566
f 1175//1641 1174//1642 1313//1567
f 1313//1567 1242//1569 1175//1641
f 1176//1643 1175//1641 1242//1569
f 1242//1569 1172//1568 1176//1643
f 1168//1637 1159//1625 1311//1644
f 1313//1567 1174//1642 1168//1637
f 1311//1644 1313//1567 1168//1637
f 1178//1645 1177//1503 1191//1480
f 1191//1480 1179//1646 1178//1645
f 1177//1503 1180//1508 1204//1504
f 1185//1505 1208//1515 1181//1647
f 1182//1648 1208//1515 1180//1508
f 1182//1648 1181//1647 1208//1515
f 1195//1482 1184//1486 1183//1649
f 1183//1649 1187//1650 1195//1482
f 1187//1650 1186//1651 1162//1627
f 1162//1627 1256//1630 1187//1650
f 1193//1479 1188//1652 1179//1646
f 1179//1646 1191//1480 1193//1479
f 1193//1479 1186//1651 1188//1652
f 1193//1479 1162//1627 1186//1651
f 1256//1630 1195//1482 1187//1650
f 1171//1638 1241//1566 1239//1564
f 1318//1629 1320//1631 1256//1630
f 1315//1626 1161//1628 1193//1479
f 1155//1621 1156//1597 1254//1596
f 1150//1619 1253//1587 1151//1588
f 1149//1586 1251//1584 1148//1618
f 1147//1617 1148//1618 1248//1581
f 1146//1616 1147//1617 1246//1579
f 1245//1578 1226//1544 1130//1594
f 1141//1605 1225//1548 1224//1547
f 1131//1598 1132//1599 1222//1538
f 1255//1623 1157//1622 1158//1624
f 1157//1622 1255//1623 1239//1564
f 1156//1597 1239//1564 1223//1539
f 1254//1596 1223//1539 1136//1601
f 1189//1540 1101//1543 1130//1594
f 1154//1593 1254//1596 1134//1591
f 1253//1587 1153//1592 1134//1591
f 1250//1583 1252//1585 1138//1590
f 1149//1586 1151//1588 1252//1585
f 1251//1584 1149//1586 1250//1583
f 1250//1583 1139//1603 1249//1582
f 1249//1582 1247//1580 1246//1579
f 1247//1580 1226//1544 1245//1578
f 1126//1572 1127//1576 1243//1573
f 1128//1575 1126//1572 1173//1571
f 1125//1562 1240//1565 1244//1574
f 1243//1573 1244//1574 1173//1571
f 1125//1562 1124//1561 1237//1558
f 1129//1570 1128//1575 1172//1568
f 1190//1501 1242//1569 1313//1567
f 1241//1566 1244//1574 1240//1565
f 1239//1564 1241//1566 1238//1563
f 1238//1563 1240//1565 1235//1555
f 1235//1555 1240//1565 1125//1562
f 1122//1560 1121//1556 1228//1549
f 1234//1553 1235//1555 1237//1558
f 1233//1554 1234//1553 1123//1559
f 1236//1557 1121//1556 1120//1546
f 1231//1550 1221//1537 1235//1555
f 1225//1548 1229//1552 1233//1554
f 1229//1552 1231//1550 1234//1553
f 1225//1548 1230//1606 1229//1552
f 1230//1606 1232//1551 1229//1552
f 1228//1549 1236//1557 1224//1547
f 1224//1547 1236//1557 1120//1546
f 1120//1546 1118//1541 1226//1544
f 1223//1539 1238//1563 1221//1537
f 1116//1535 1114//1532 1217//1524
f 1220//1533 1217//1524 1216//1523
f 1114//1532 1113//1531 1218//1527
f 1112//1530 1110//1525 1210//1517
f 1203//1518 1215//1526 1219//1528
f 1218//1527 1219//1528 1215//1526
f 1217//1524 1218//1527 1214//1521
f 1102//1500 1115//1534 1201//1497
f 1201//1497 1216//1523 1202//1498
f 1216//1523 1214//1521 1213//1520
f 1203//1518 1212//1519 1215//1526
f 1214//1521 1215//1526 1212//1519
f 1211//1522 1213//1520 1098//1610
f 1206//1507 1203//1518 1210//1517
f 1205//1506 1206//1507 1209//1511
f 1208//1515 1105//1509 1180//1508
f 1208//1515 1205//1506 1207//1512
f 1196//1485 1197//1487 1206//1507
f 1205//1506 1208//1515 1185//1505
f 1196//1485 1185//1505 1184//1486
f 1204//1504 1103//1502 1191//1480
f 1103//1502 1104//1577 1190//1501
f 1197//1487 1090//1455 1203//1518
f 1202//1498 1211//1522 1198//1490
f 1201//1497 1202//1498 1165//1489
f 1200//1495 1096//1466 1199//1492
f 1095//1464 1094//1462 1271//1493
f 1096//1466 1095//1464 1277//1491
f 1198//1490 1200//1495 1279//1488
f 1194//1481 1192//1476 1197//1487
f 1195//1482 1194//1481 1196//1485
f 1164//1484 1163//1477 1192//1476
f 1288//1483 1164//1484 1194//1481
f 1191//1480 1190//1501 1160//1478
f 1163//1477 1271//1493 1094//1462
f 1258//1653 1257//1654 1266//1655
f 1267//1656 1164//1484 1288//1483
f 1267//1656 1266//1655 1259//1657
f 1164//1484 1267//1656 1268//1658
f 1268//1658 1259//1657 1269//1659
f 1163//1477 1268//1658 1271//1493
f 1269//1659 1259//1657 1260//1660
f 1270//1661 1269//1659 1272//1662
f 1271//1493 1270//1661 1273//1632
f 1272//1662 1260//1660 1274//1663
f 1273//1632 1272//1662 1275//1494
f 1274//1663 1260//1660 1261//1664
f 1275//1494 1274//1663 1276//1665
f 1276//1665 1261//1664 1278//1666
f 1277//1491 1276//1665 1279//1488
f 1279//1488 1278//1666 1280//1667
f 1280//1667 1261//1664 1262//1668
f 1281//1633 1280//1667 1262//1668
f 1165//1489 1281//1633 1282//1669
f 1282//1669 1262//1668 1283//1670
f 1283//1670 1262//1668 1264//1671
f 1284//1496 1283//1670 1285//1634
f 1285//1634 1264//1671 1265//1499
f 1264//1671 1285//1634 1283//1670
f 1263//1672 1264//1671 1262//1668
f 1284//1496 1165//1489 1282//1669
f 1283//1670 1284//1496 1282//1669
f 1262//1668 1282//1669 1281//1633
f 1280//1667 1281//1633 1279//1488
f 1261//1664 1280//1667 1278//1666
f 1278//1666 1279//1488 1276//1665
f 1276//1665 1277//1491 1275//1494
f 1261//1664 1276//1665 1274//1663
f 1274//1663 1275//1494 1272//1662
f 1272//1662 1273//1632 1270//1661
f 1260//1660 1272//1662 1269//1659
f 1270//1661 1271//1493 1268//1658
f 1269//1659 1270//1661 1268//1658
f 1268//1658 1163//1477 1164//1484
f 1259//1657 1268//1658 1267//1656
f 1288//1483 1258//1653 1267//1656
f 1266//1655 1267//1656 1258//1653
f 1257//1654 1259//1657 1266//1655
f 1287//1673 1286//1674 1257//1654
f 1288//1483 1287//1673 1258//1653
f 1257//1654 1258//1653 1287//1673
f 1263//1672 1262//1668 1289//1675
f 1292//1676 1289//1675 1262//1668
f 1333//1677 1260//1660 1259//1657
f 1259//1657 1293//1678 1333//1677
f 1257//1654 1294//1679 1293//1678
f 1262//1668 1261//1664 1292//1676
f 1291//1680 1292//1676 1261//1664
f 1293//1678 1259//1657 1257//1654
f 1260//1660 1333//1677 1291//1680
f 1291//1680 1261//1664 1260//1660
f 1289//1675 1290//1681 1263//1672
f 1295//1682 1297//1683 1296//1684
f 1297//1683 1295//1682 1309//1685
f 1159//1625 1297//1683 1309//1685
f 1309//1685 1298//1686 1299//1687
f 1159//1625 1309//1685 1310//1688
f 1310//1688 1299//1687 1300//1689
f 1311//1644 1310//1688 1312//1690
f 1312//1690 1300//1689 1301//1691
f 1312//1690 1301//1691 1314//1692
f 1314//1692 1302//1693 1303//1694
f 1160//1478 1314//1692 1315//1626
f 1315//1626 1304//1695 1316//1696
f 1161//1628 1315//1626 1162//1627
f 1316//1696 1305//1697 1317//1698
f 1162//1627 1316//1696 1318//1629
f 1317//1698 1306//1699 1307//1700
f 1317//1698 1307//1700 1308//1701
f 1318//1629 1317//1698 1319//1702
f 1286//1674 1319//1702 1308//1701
f 1320//1631 1319//1702 1287//1673
f 1288//1483 1320//1631 1287//1673
f 1286//1674 1287//1673 1319//1702
f 1319//1702 1320//1631 1318//1629
f 1308//1701 1319//1702 1317//1698
f 1317//1698 1318//1629 1316//1696
f 1306//1699 1317//1698 1305//1697
f 1316//1696 1162//1627 1315//1626
f 1305//1697 1316//1696 1304//1695
f 1304//1695 1315//1626 1303//1694
f 1303//1694 1315//1626 1314//1692
f 1314//1692 1160//1478 1312//1690
f 1302//1693 1314//1692 1301//1691
f 1312//1690 1160//1478 1313//1567
f 1312//1690 1313//1567 1311//1644
f 1300//1689 1312//1690 1310//1688
f 1310//1688 1311//1644 1159//1625
f 1299//1687 1310//1688 1309//1685
f 1298//1686 1309//1685 1295//1682
f 1257//1654 1286//1674 1294//1679
f 1321//1703 1294//1679 1286//1674
f 1290//1681 1289//1675 1322//1704
f 1322//1704 1289//1675 1332//1705
f 1332//1705 1289//1675 1292//1676
f 1324//1706 1292//1676 1291//1680
f 1327//1707 1291//1680 1333//1677
f 1329//1708 1333//1677 1293//1678
f 1330//1709 1293//1678 1334//1710
f 1294//1679 1331//1711 1334//1710
f 1334//1710 1293//1678 1294//1679
f 1293//1678 1330//1709 1329//1708
f 1333//1677 1329//1708 1328//1712
f 1333//1677 1328//1712 1327//1707
f 1291//1680 1327//1707 1326//1713
f 1291//1680 1326//1713 1325//1714
f 1291//1680 1325//1714 1324//1706
f 1292//1676 1324//1706 1323//1715
f 1292//1676 1323//1715 1332//1705
f 1331//1711 1294//1679 1321//1703
f 1335//1716 1321//1703 1308//1701
f 1321//1703 1286//1674 1308//1701
f 1335//1716 1308//1701 1307//1700
f 1307//1700 1336//1717 1335//1716
f 1336//1717 1307//1700 1306//1699
f 1306//1699 1305//1697 1337//1718
f 1338//1719 1337//1718 1305//1697
f 1304//1695 1339//1720 1338//1719
f 1338//1719 1305//1697 1304//1695
f 1303//1694 1340//1721 1339//1720
f 1339//1720 1304//1695 1303//1694
f 1303//1694 1302//1693 1340//1721
f 1341//1722 1340//1721 1302//1693
f 1341//1722 1302//1693 1301//1691
f 1300//1689 1342//1723 1343//1724
f 1343//1724 1301//1691 1300//1689
f 1298//1686 1344//1725 1345//1726
f 1345//1726 1342//1723 1299//1687
f 1300//1689 1299//1687 1342//1723
f 1295//1682 1346//1727 1344//1725
f 1344//1725 1298//1686 1295//1682
f 1346//1727 1295//1682 1296//1684
f 1345//1726 1299//1687 1298//1686
f 1301//1691 1343//1724 1341//1722
f 1306//1699 1337//1718 1336//1717
f 1331//1711 1321//1703 1347//1728
f 1347//1728 1335//1716 1336//1717
f 1348//1729 1336//1717 1337//1718
f 1349//1730 1337//1718 1338//1719
f 1350//1731 1338//1719 1339//1720
f 1351//1732 1339//1720 1340//1721
f 1352//1733 1340//1721 1341//1722
f 1353//1734 1341//1722 1343//1724
f 1353//1734 1343//1724 1342//1723
f 1354//1735 1342//1723 1345//1726
f 1355//1736 1345//1726 1344//1725
f 1356//1737 1344//1725 1346//1727
f 1344//1725 1356//1737 1355//1736
f 1345//1726 1355//1736 1354//1735
f 1342//1723 1354//1735 1353//1734
f 1341//1722 1353//1734 1352//1733
f 1340//1721 1352//1733 1351//1732
f 1339//1720 1351//1732 1350//1731
f 1338//1719 1350//1731 1349//1730
f 1337//1718 1349//1730 1348//1729
f 1336//1717 1348//1729 1347//1728
f 1321//1703 1335//1716 1347//1728
f 1357//1738 1356//1737 1346//1727
f 1362//1739 1357//1738 1363//1740
f 1363//1740 1357//1738 1364//1741
f 1365//1742 1358//1743 1359//1744
f 1358//1743 1365//1742 1364//1741
f 1358//1743 1364//1741 1357//1738
f 1356//1737 1357//1738 1362//1739
f 1296//1684 1375//1745 1357//1738
f 1375//1745 1358//1743 1357//1738
f 1358//1743 1375//1745 1366//1746
f 1366//1746 1359//1744 1358//1743
f 1391//1747 1361//1748 1360//1749
f 1366//1746 1360//1749 1359//1744
f 1360//1749 1366//1746 1391//1747
f 1395//1750 1372//1751 1361//1748
f 1361//1748 1391//1747 1395//1750
f 1357//1738 1346//1727 1296//1684
f 1370//1752 1369//1753 1368//1754
f 1369//1753 1367//1755 1368//1754
f 1370//1752 1371//1756 1369//1753
f 1372//1751 1369//1753 1371//1756
f 1371//1756 1361//1748 1372//1751
f 1158//1624 1297//1683 1159//1625
f 1373//1757 1296//1684 1297//1683
f 1373//1757 1158//1624 1374//1758
f 1296//1684 1373//1757 1375//1745
f 1374//1758 1157//1622 1156//1597
f 1375//1745 1374//1758 1377//1759
f 1376//1760 1156//1597 1155//1621
f 1377//1759 1376//1760 1378//1761
f 1375//1745 1377//1759 1379//1762
f 1375//1745 1379//1762 1366//1746
f 1378//1761 1155//1621 1380//1763
f 1380//1763 1155//1621 1154//1593
f 1379//1762 1380//1763 1381//1764
f 1366//1746 1379//1762 1382//1765
f 1381//1764 1154//1593 1153//1592
f 1382//1765 1381//1764 1384//1766
f 1383//1767 1153//1592 1385//1768
f 1384//1766 1383//1767 1385//1768
f 1366//1746 1384//1766 1386//1769
f 1385//1768 1152//1620 1150//1619
f 1386//1769 1385//1768 1387//1770
f 1390//1771 1387//1770 1150//1619
f 1387//1770 1389//1772 1388//1773
f 1388//1773 1391//1747 1387//1770
f 1387//1770 1390//1771 1389//1772
f 1150//1619 1151//1588 1390//1771
f 1387//1770 1391//1747 1386//1769
f 1150//1619 1387//1770 1385//1768
f 1386//1769 1391//1747 1366//1746
f 1385//1768 1386//1769 1384//1766
f 1152//1620 1385//1768 1153//1592
f 1384//1766 1366//1746 1382//1765
f 1383//1767 1384//1766 1381//1764
f 1153//1592 1383//1767 1381//1764
f 1381//1764 1382//1765 1379//1762
f 1154//1593 1381//1764 1380//1763
f 1380//1763 1379//1762 1378//1761
f 1378//1761 1379//1762 1377//1759
f 1155//1621 1378//1761 1376//1760
f 1376//1760 1377//1759 1374//1758
f 1156//1597 1376//1760 1374//1758
f 1374//1758 1375//1745 1373//1757
f 1157//1622 1374//1758 1158//1624
f 1297//1683 1158//1624 1373//1757
f 1390//1771 1151//1588 1149//1586
f 1389//1772 1390//1771 1393//1774
f 1388//1773 1389//1772 1393//1774
f 1393//1774 1149//1586 1394//1775
f 1394//1775 1148//1618 1147//1617
f 1145//1615 1392//1776 1394//1775
f 1394//1775 1147//1617 1145//1615
f 1147//1617 1146//1616 1145//1615
f 1394//1775 1392//1776 1393//1774
f 1148//1618 1394//1775 1149//1586
f 1149//1586 1393//1774 1390//1771
f 1391//1747 1388//1773 1395//1750
f 1395//1750 1388//1773 1393//1774
f 1393//1774 1392//1776 1395//1750
f 1396//1777 1131//1778 1144//1779
f 1397//1780 1144//1779 1143//1781
f 1398//1782 1143//1781 1141//1605
f 1399//1783 1141//1605 1142//1595
f 1400//1784 1399//1783 1142//1595
f 1142//1595 1140//1785 1400//1784
f 1401//1786 1400//1784 1140//1785
f 1402//1787 1401//1786 1138//1590
f 1138//1590 1137//1589 1402//1787
f 1403//1788 1402//1787 1137//1589
f 1404//1789 1403//1788 1134//1591
f 1134//1591 1135//1602 1404//1789
f 1405//1790 1404//1789 1135//1602
f 1135//1602 1136//1601 1405//1790
f 1406//1791 1136//1601 1133//1600
f 1407//1792 1133//1600 1132//1793
f 1408//1794 1132//1793 1131//1778
f 1131//1778 1396//1777 1408//1794
f 1132//1793 1408//1794 1407//1792
f 1133//1600 1407//1792 1406//1791
f 1136//1601 1406//1791 1405//1790
f 1137//1589 1134//1591 1403//1788
f 1139//1603 1138//1590 1401//1786
f 1140//1785 1139//1603 1401//1786
f 1141//1605 1399//1783 1398//1782
f 1143//1781 1398//1782 1397//1780
f 1144//1779 1397//1780 1396//1777
f 1406//1307 1410//1307 1409//1307
f 1404//1307 1409//1307 1412//1307
f 1413//1307 1410//1307 1407//1307
f 1397//1307 1398//1307 1414//1307
f 1401//1307 1402//1307 1412//1307
f 1403//1307 1404//1307 1412//1307
f 1409//1307 1404//1307 1405//1307
f 1410//1307 1406//1307 1407//1307
f 1413//1307 1408//1307 1396//1307
f 1397//1307 1414//1307 1413//1307
f 1399//1354 1400//1307 1415//1307
f 1400//1307 1401//1307 1411//1307
f 1412//1307 1411//1307 1401//1307
f 1409//1307 1405//1307 1406//1307
f 1411//1307 1415//1307 1400//1307
f 1413//1307 1407//1307 1408//1307
f 1413//1307 1396//1307 1397//1307
f 1398//1307 1415//1307 1414//1307
f 1412//1307 1402//1307 1403//1307
f 1415//1307 1398//1307 1399//1354
f 1417//1795 1416//1796 1415//1797
f 1418//1798 1417//1795 1415//1797
f 1419//1799 1418//1798 1411//1800
f 1420//1801 1419//1799 1412//1802
f 1421//1803 1420//1801 1409//1804
f 1422//1805 1421//1803 1409//1804
f 1423//1806 1422//1805 1413//1807
f 1416//1796 1423//1806 1413//1807
f 1410//1808 1413//1807 1422//1805
f 1409//1804 1410//1808 1422//1805
f 1412//1802 1409//1804 1420//1801
f 1411//1800 1412//1802 1419//1799
f 1415//1797 1411//1800 1418//1798
f 1414//1809 1415//1797 1416//1796
f 1413//1807 1414//1809 1416//1796
f 1424//1810 1174//1811 1175//1812
f 1426//1813 1175//1812 1176//1643
f 1426//1813 1176//1643 1172//1568
f 1428//1814 1172//1568 1173//1571
f 1173//1571 1169//1639 1428//1814
f 1430//1815 1169//1639 1170//1816
f 1431//1817 1430//1815 1170//1816
f 1432//1818 1431//1817 1170//1816
f 1170//1816 1171//1819 1432//1818
f 1433//1820 1171//1819 1166//1821
f 1433//1820 1432//1818 1171//1819
f 1434//1822 1433//1820 1166//1821
f 1435//1823 1434//1822 1167//1824
f 1167//1824 1168//1825 1435//1823
f 1436//1826 1435//1823 1168//1825
f 1436//1826 1168//1825 1174//1811
f 1174//1811 1424//1810 1436//1826
f 1166//1821 1167//1824 1434//1822
f 1169//1639 1430//1815 1429//1827
f 1169//1639 1429//1827 1428//1814
f 1172//1568 1428//1814 1427//1828
f 1172//1568 1427//1828 1426//1813
f 1175//1812 1426//1813 1425//1829
f 1175//1812 1425//1829 1424//1810
f 1425//1307 1437//1307 1439//1307
f 1437//1307 1425//1307 1426//1307
f 1428//1307 1429//1307 1441//1307
f 1433//1307 1442//1307 1445//1307
f 1433//1307 1434//1307 1442//1307
f 1424//1307 1439//1307 1443//1307
f 1426//1307 1427//1307 1440//1307
f 1440//1307 1427//1307 1428//1307
f 1431//1307 1432//1307 1444//1307
f 1432//1307 1433//1307 1445//1307
f 1438//1307 1434//1307 1435//1307
f 1435//1307 1443//1307 1438//1307
f 1435//1307 1436//1307 1443//1307
f 1440//1307 1437//1307 1426//1307
f 1441//1307 1440//1307 1428//1307
f 1444//1307 1441//1307 1430//1307
f 1430//1307 1431//1307 1444//1307
f 1445//1307 1444//1307 1432//1307
f 1438//1307 1442//1307 1434//1307
f 1439//1307 1424//1307 1425//1307
f 1441//1307 1429//1307 1430//1307
f 1443//1307 1436//1307 1424//1307
f 1442//1830 1446//1831 1447//1832
f 1444//1833 1447//1832 1448//1834
f 1441//1835 1448//1834 1449//1836
f 1441//1835 1449//1836 1450//1837
f 1450//1837 1451//1838 1440//1839
f 1437//1840 1440//1839 1451//1838
f 1439//1841 1437//1840 1452//1842
f 1443//1843 1439//1841 1452//1842
f 1438//1844 1443//1843 1453//1845
f 1453//1845 1446//1831 1438//1844
f 1452//1842 1453//1845 1443//1843
f 1451//1838 1452//1842 1437//1840
f 1450//1837 1440//1839 1441//1835
f 1448//1834 1441//1835 1444//1833
f 1447//1832 1444//1833 1445//1846
f 1447//1832 1445//1846 1442//1830
f 1446//1831 1442//1830 1438//1844
f 1455//1847 1188//1848 1186//1849
f 1456//1850 1186//1849 1187//1851
f 1187//1851 1458//1852 1457//1853
f 1458//1852 1187//1851 1183//1649
f 1458//1852 1183//1649 1184//1486
f 1459//1854 1184//1486 1185//1505
f 1461//1855 1460//1856 1185//1505
f 1185//1505 1181//1647 1461//1855
f 1462//1857 1461//1855 1181//1647
f 1463//1858 1462//1857 1182//1648
f 1463//1858 1182//1648 1180//1508
f 1464//1859 1463//1858 1177//1860
f 1465//1861 1464//1859 1178//1862
f 1466//1863 1465//1861 1178//1862
f 1178//1862 1179//1864 1466//1863
f 1454//1865 1466//1863 1179//1864
f 1179//1864 1188//1848 1454//1865
f 1177//1860 1178//1862 1464//1859
f 1180//1508 1177//1860 1463//1858
f 1181//1647 1182//1648 1462//1857
f 1185//1505 1460//1856 1459//1854
f 1184//1486 1459//1854 1458//1852
f 1187//1851 1457//1853 1456//1850
f 1186//1849 1456//1850 1455//1847
f 1188//1848 1455//1847 1454//1865
f 1459//1338 1468//1338 1467//1307
f 1458//1307 1467//1307 1470//1307
f 1454//1307 1455//1307 1473//1307
f 1469//1307 1455//1307 1456//1307
f 1468//1338 1459//1338 1460//1307
f 1471//1307 1461//1307 1462//1307
f 1474//1307 1472//1307 1463//1307
f 1465//1307 1466//1307 1475//1307
f 1466//1307 1454//1307 1473//1307
f 1457//1307 1470//1307 1469//1307
f 1467//1307 1458//1307 1459//1338
f 1461//1307 1471//1307 1468//1338
f 1472//1307 1471//1307 1462//1307
f 1464//1307 1465//1307 1475//1307
f 1469//1307 1473//1307 1455//1307
f 1468//1338 1460//1307 1461//1307
f 1472//1307 1462//1307 1463//1307
f 1475//1307 1474//1307 1464//1307
f 1473//1307 1475//1307 1466//1307
f 1469//1307 1456//1307 1457//1307
f 1474//1307 1463//1307 1464//1307
f 1470//1307 1457//1307 1458//1307
f 1473//1866 1476//1867 1477//1868
f 1473//1866 1477//1868 1478//1869
f 1474//1870 1478//1869 1479//1871
f 1472//1872 1479//1871 1480//1873
f 1471//1874 1472//1872 1480//1873
f 1480//1873 1481//1875 1471//1874
f 1468//1876 1471//1874 1481//1875
f 1467//1877 1468//1876 1482//1878
f 1470//1879 1467//1877 1482//1878
f 1469//1880 1470//1879 1483//1881
f 1483//1881 1476//1867 1469//1880
f 1482//1878 1483//1881 1470//1879
f 1481//1875 1482//1878 1468//1876
f 1479//1871 1472//1872 1474//1870
f 1478//1869 1474//1870 1475//1882
f 1478//1869 1475//1882 1473//1866
f 1476//1867 1473//1866 1469//1880
f 1536//1883 1118//1541 1120//1546
f 1120//1546 1545//1884 1536//1883
f 1537//1885 1119//1542 1118//1541
f 1118//1541 1536//1883 1537//1885
f 1547//1886 1545//1884 1120//1546
f 1542//1887 1543//1888 1124//1561
f 1124//1561 1125//1562 1542//1887
f 1541//1889 1529//1890 1127//1576
f 1127//1576 1126//1572 1541//1889
f 1529//1890 1542//1887 1127//1576
f 1540//1891 1541//1889 1128//1575
f 1128//1575 1129//1570 1540//1891
f 1126//1572 1128//1575 1541//1889
f 1525//1892 1526//1893 1104//1577
f 1104//1577 1526//1893 1540//1891
f 1540//1891 1129//1570 1104//1577
f 1484//1894 1106//1510 1105//1509
f 1484//1894 1103//1502 1106//1510
f 1103//1502 1484//1894 1525//1892
f 1108//1514 1485//1895 1523//1896
f 1523//1896 1484//1894 1105//1509
f 1105//1509 1108//1514 1523//1896
f 1485//1895 1107//1513 1109//1516
f 1109//1516 1539//1897 1485//1895
f 1515//1898 1516//1899 1116//1535
f 1516//1899 1486//1900 1116//1535
f 1113//1531 1488//1901 1487//1902
f 1488//1901 1113//1531 1114//1532
f 1114//1532 1116//1535 1488//1901
f 1116//1535 1486//1900 1488//1901
f 1489//1903 1486//1900 1517//1904
f 1490//1905 1517//1904 1546//1906
f 1517//1904 1490//1905 1489//1903
f 1489//1903 1488//1901 1486//1900
f 1112//1530 1492//1907 1491//1908
f 1112//1530 1111//1529 1492//1907
f 1113//1531 1493//1909 1492//1907
f 1113//1531 1487//1902 1493//1909
f 1492//1907 1111//1529 1113//1531
f 1495//1910 1494//1911 1539//1897
f 1539//1897 1496//1912 1495//1910
f 1539//1897 1497//1913 1496//1912
f 1497//1913 1539//1897 1109//1516
f 1110//1525 1112//1530 1491//1908
f 1498//1914 1109//1516 1110//1525
f 1491//1908 1498//1914 1110//1525
f 1498//1914 1497//1913 1109//1516
f 1499//1915 1490//1905 1546//1906
f 1546//1906 1519//1916 1499//1915
f 1519//1916 1500//1917 1499//1915
f 1519//1916 1538//1918 1500//1917
f 1494//1911 1500//1917 1538//1918
f 1501//1919 1123//1559 1124//1561
f 1123//1559 1501//1919 1502//1920
f 1502//1920 1122//1560 1123//1559
f 1124//1561 1503//1921 1501//1919
f 1504//1922 1503//1921 1124//1561
f 1124//1561 1543//1888 1504//1922
f 1543//1888 1505//1923 1504//1922
f 1543//1888 1506//1924 1505//1923
f 1543//1888 1544//1925 1506//1924
f 1507//1926 1506//1924 1544//1925
f 1533//1927 1508//1928 1507//1926
f 1507//1926 1544//1925 1533//1927
f 1547//1886 1509//1929 1508//1928
f 1510//1930 1509//1929 1547//1886
f 1547//1886 1511//1931 1510//1930
f 1547//1886 1121//1556 1511//1931
f 1512//1932 1511//1931 1121//1556
f 1513//1933 1512//1932 1121//1556
f 1514//1934 1513//1933 1121//1556
f 1508//1928 1533//1927 1547//1886
f 1514//1934 1121//1556 1122//1560
f 1502//1920 1514//1934 1122//1560
f 1538//1918 1539//1897 1494//1911
f 1116//1535 1117//1536 1515//1898
f 1108//1514 1107//1513 1485//1895
f 1104//1577 1103//1502 1525//1892
f 1125//1562 1127//1576 1542//1887
f 1120//1546 1121//1556 1547//1886
f 1538//1918 1520//1935 1521//1936
f 1539//1897 1521//1936 1522//1937
f 1485//1895 1522//1937 1523//1896
f 1484//1894 1524//1938 1525//1892
f 1540//1891 1527//1939 1528//1940
f 1541//1889 1528//1940 1529//1890
f 1542//1887 1530//1941 1531//1942
f 1543//1888 1531//1942 1532//1943
f 1544//1925 1532//1943 1533//1927
f 1545//1884 1535//1944 1536//1883
f 1546//1906 1518//1945 1519//1916
f 1547//1886 1534//1946 1545//1884
f 1516//1899 1517//1904 1486//1900
f 1534//1946 1547//1886 1533//1927
f 1518//1945 1546//1906 1517//1904
f 1535//1944 1545//1884 1534//1946
f 1532//1943 1544//1925 1543//1888
f 1531//1942 1543//1888 1542//1887
f 1530//1941 1542//1887 1529//1890
f 1528//1940 1541//1889 1540//1891
f 1527//1939 1540//1891 1526//1893
f 1524//1938 1484//1894 1523//1896
f 1522//1937 1485//1895 1539//1897
f 1521//1936 1539//1897 1538//1918
f 1520//1935 1538//1918 1519//1916
f 1536//1883 1568//1947 1570//1948
f 1535//1944 1567//1949 1568//1947
f 1530//1941 1562//1950 1580//1951
f 1529//1890 1579//1952 1562//1950
f 1528//1940 1578//1953 1579//1952
f 1527//1939 1559//1954 1578//1953
f 1568//1947 1536//1883 1535//1944
f 1534//1946 1574//1955 1567//1949
f 1562//1950 1530//1941 1529//1890
f 1578//1953 1528//1940 1527//1939
f 1526//1893 1572//1956 1559//1954
f 1524//1938 1523//1896 1576//1957
f 1523//1896 1522//1937 1555//1958
f 1567//1949 1535//1944 1534//1946
f 1533//1927 1565//1959 1574//1955
f 1532//1943 1573//1960 1565//1959
f 1531//1942 1580//1951 1573//1960
f 1579//1952 1529//1890 1528//1940
f 1559//1954 1527//1939 1526//1893
f 1525//1892 1524//1938 1577//1961
f 1555//1958 1576//1957 1523//1896
f 1522//1937 1521//1936 1575//1962
f 1521//1936 1520//1935 1553//1963
f 1574//1955 1534//1946 1533//1927
f 1573//1960 1532//1943 1531//1942
f 1526//1893 1525//1892 1572//1956
f 1576//1957 1577//1961 1524//1938
f 1553//1963 1575//1962 1521//1936
f 1520//1935 1519//1916 1551//1964
f 1565//1959 1533//1927 1532//1943
f 1577//1961 1572//1956 1525//1892
f 1551//1964 1553//1963 1520//1935
f 1519//1916 1518//1945 1571//1965
f 1580//1951 1531//1942 1530//1941
f 1571//1965 1551//1964 1519//1916
f 1518//1945 1517//1904 1549//1966
f 1517//1904 1516//1899 1548//1967
f 1575//1962 1555//1958 1522//1937
f 1548//1967 1549//1966 1517//1904
f 1549//1966 1571//1965 1518//1945
f 1516//1899 1515//1898 1569//1968
f 1569//1968 1548//1967 1516//1899
f 1570//1948 1537//1885 1536//1883
f 1552//1969 1553//1963 1551//1964
f 1571//1965 1550//1970 1551//1964
f 1572//1956 1558//1971 1559//1954
f 1573//1960 1564//1972 1565//1959
f 1574//1955 1566//1973 1567//1949
f 1575//1962 1554//1974 1555//1958
f 1576//1957 1556//1975 1557//1976
f 1577//1961 1557//1976 1572//1956
f 1578//1953 1560//1977 1561//1978
f 1579//1952 1561//1978 1562//1950
f 1580//1951 1563//1979 1573//1960
f 1563//1979 1580//1951 1562//1950
f 1561//1978 1579//1952 1578//1953
f 1560//1977 1578//1953 1559//1954
f 1557//1976 1577//1961 1576//1957
f 1556//1975 1576//1957 1555//1958
f 1554//1974 1575//1962 1553//1963
f 1566//1973 1574//1955 1565//1959
f 1564//1972 1573//1960 1563//1979
f 1558//1971 1572//1956 1557//1976
f 1550//1970 1571//1965 1549//1966
f 1582//1980 1581//1981 1500//1982
f 1583//1983 1582//1980 1494//1984
f 1494//1984 1495//1985 1583//1983
f 1584//1986 1495//1985 1496//1987
f 1584//1986 1583//1983 1495//1985
f 1584//1986 1496//1987 1497//1988
f 1497//1988 1498//1989 1585//1990
f 1586//1991 1498//1989 1491//1992
f 1587//1993 1491//1992 1492//1994
f 1588//1995 1492//1994 1493//1996
f 1589//1997 1493//1996 1487//1998
f 1591//1999 1487//1998 1488//2000
f 1592//2001 1488//2000 1489//2002
f 1592//2001 1591//1999 1488//2000
f 1593//2003 1489//2002 1490//2004
f 1593//2003 1592//2001 1489//2002
f 1581//1981 1593//2003 1499//2005
f 1499//2005 1500//1982 1581//1981
f 1490//2004 1499//2005 1593//2003
f 1487//1998 1591//1999 1590//2006
f 1487//1998 1590//2006 1589//1997
f 1493//1996 1589//1997 1588//1995
f 1492//1994 1588//1995 1587//1993
f 1491//1992 1587//1993 1586//1991
f 1498//1989 1586//1991 1585//1990
f 1497//1988 1585//1990 1584//1986
f 1500//1982 1494//1984 1582//1980
f 1592//2007 1593//2008 1594//2008
f 1591//1338 1592//2007 1597//1338
f 1585//1307 1595//1307 1598//1338
f 1588//1307 1589//1307 1596//1307
f 1590//1307 1591//1338 1597//1338
f 1582//1307 1583//1307 1598//1338
f 1595//1307 1585//1307 1586//1307
f 1586//1307 1587//1307 1595//1307
f 1587//1307 1596//1307 1595//1307
f 1594//2008 1597//1338 1592//2007
f 1584//1338 1585//1307 1598//1338
f 1596//1307 1587//1307 1588//1307
f 1581//2008 1582//1307 1600//2008
f 1598//1338 1583//1307 1584//1338
f 1599//1307 1596//1307 1589//1307
f 1597//1338 1599//1307 1590//1307
f 1594//2008 1593//2008 1581//2008
f 1581//2008 1600//2008 1594//2008
f 1598//1338 1600//2008 1582//1307
f 1599//1307 1589//1307 1590//1307
f 1602//2009 1601//2010 1600//2011
f 1603//2012 1602//2009 1598//2013
f 1604//1438 1603//2012 1595//2014
f 1605//2015 1604//1438 1595//2014
f 1606//2016 1605//2015 1596//2017
f 1607//2018 1606//2016 1597//2019
f 1608//2020 1607//2018 1594//2021
f 1601//2010 1608//2020 1594//2021
f 1594//2021 1600//2011 1601//2010
f 1597//2019 1594//2021 1607//2018
f 1599//2022 1597//2019 1606//2016
f 1596//2017 1599//2022 1606//2016
f 1595//2014 1596//2017 1605//2015
f 1598//2013 1595//2014 1603//2012
f 1600//2011 1598//2013 1602//2009
f 1609//2023 1507//2024 1508//2025
f 1610//2026 1508//2025 1509//2027
f 1611//2028 1509//2027 1510//2029
f 1510//2029 1511//2030 1612//2031
f 1613//2032 1612//2031 1512//2033
f 1614//2034 1512//2033 1513//2035
f 1614//2034 1613//2032 1512//2033
f 1615//2036 1614//2034 1514//2037
f 1616//2038 1615//2036 1502//2039
f 1617//2040 1616//2038 1501//2041
f 1501//2041 1503//2042 1617//2040
f 1618//2043 1617//2040 1503//2042
f 1618//2043 1503//2042 1504//2044
f 1619//2045 1618//2043 1504//2044
f 1619//2045 1504//2044 1505//2046
f 1620//2047 1505//2046 1506//2048
f 1621//2049 1506//2048 1507//2024
f 1507//2024 1609//2023 1621//2049
f 1506//2048 1621//2049 1620//2047
f 1505//2046 1620//2047 1619//2045
f 1502//2039 1501//2041 1616//2038
f 1514//2037 1502//2039 1615//2036
f 1513//2035 1514//2037 1614//2034
f 1511//2030 1512//2033 1612//2031
f 1510//2029 1612//2031 1611//2028
f 1509//2027 1611//2028 1610//2026
f 1508//2025 1610//2026 1609//2023
f 1619//1307 1620//1307 1623//1307
f 1613//1335 1614//1308 1624//1307
f 1623//1307 1622//1307 1619//1307
f 1613//1335 1624//1307 1626//1307
f 1615//1308 1616//1307 1625//1307
f 1617//1307 1618//1307 1622//1307
f 1623//1307 1620//1307 1621//1338
f 1614//1308 1625//1307 1624//1307
f 1611//1307 1626//1307 1627//2008
f 1625//1307 1614//1308 1615//1308
f 1622//1307 1618//1307 1619//1307
f 1623//1307 1621//1338 1609//2008
f 1609//2008 1610//1307 1627//2008
f 1626//1307 1612//1335 1613//1335
f 1628//1307 1625//1307 1616//1307
f 1609//2008 1627//2008 1623//1307
f 1626//1307 1611//1307 1612//1335
f 1622//1307 1628//1307 1617//1307
f 1627//2008 1610//1307 1611//1307
f 1628//1307 1616//1307 1617//1307
f 1629//2050 1635//2051 1627//2052
f 1630//2053 1629//2050 1626//2054
f 1631//1438 1630//2053 1624//2014
f 1632//2015 1631//1438 1624//2014
f 1633//2055 1632//2015 1625//2017
f 1634//2056 1633//2055 1622//2057
f 1635//2051 1634//2056 1623//2058
f 1623//2058 1627//2052 1635//2051
f 1622//2057 1623//2058 1634//2056
f 1628//2022 1622//2057 1633//2055
f 1625//2017 1628//2022 1633//2055
f 1624//2014 1625//2017 1632//2015
f 1626//2054 1624//2014 1630//2053
f 1627//2052 1626//2054 1629//2050
f 1556//1975 1555//1958 1636//2059
f 1555//1958 1554//1974 1637//2060
f 1637//2060 1636//2059 1555//1958
f 1638//2061 1557//1976 1556//1975
f 1556//1975 1636//2059 1638//2061
f 1558//1971 1557//1976 1639//2062
f 1639//2062 1640//2063 1558//1971
f 1560//1977 1559//1954 1640//2063
f 1640//2063 1721//2064 1560//1977
f 1559//1954 1558//1971 1640//2063
f 1561//1978 1641//2065 1642//2066
f 1560//1977 1721//2064 1641//2065
f 1641//2065 1561//1978 1560//1977
f 1563//1979 1562//1950 1642//2066
f 1562//1950 1561//1978 1642//2066
f 1644//2067 1549//1966 1548//1967
f 1548//1967 1643//2068 1644//2067
f 1645//2069 1550//1970 1549//1966
f 1549//1966 1644//2067 1645//2069
f 1648//2070 1646//2071 1647//2072
f 1647//2072 1649//2073 1648//2070
f 1650//2074 1648//2070 1649//2073
f 1649//2073 1651//2075 1650//2074
f 1653//2076 1650//2074 1652//2077
f 1652//2077 1654//2078 1653//2076
f 1654//2078 1656//2079 1655//2080
f 1654//2078 1552//1969 1656//2079
f 1657//2081 1658//2082 1552//1969
f 1552//1969 1659//2083 1657//2081
f 1658//2082 1656//2079 1552//1969
f 1552//1969 1551//1964 1659//2083
f 1551//1964 1550//1970 1645//2069
f 1645//2069 1659//2083 1551//1964
f 1655//2080 1653//2076 1654//2078
f 1554//1974 1553//1963 1654//2078
f 1654//2078 1660//2084 1554//1974
f 1553//1963 1552//1969 1654//2078
f 1663//2085 1664//2086 1662//2087
f 1662//2087 1661//2088 1663//2085
f 1663//2085 1665//2089 1666//2090
f 1666//2090 1664//2086 1663//2085
f 1667//2091 1668//2092 1669//2093
f 1668//2092 1667//2091 1670//2094
f 1665//2089 1670//2094 1666//2090
f 1670//2094 1665//2089 1668//2092
f 1671//2095 1564//1972 1563//1979
f 1563//1979 1672//2096 1671//2095
f 1563//1979 1673//2097 1674//2098
f 1669//2093 1673//2097 1667//2091
f 1669//2093 1674//2098 1673//2097
f 1674//2098 1672//2096 1563//1979
f 1675//2099 1566//1973 1565//1959
f 1565//1959 1564//1972 1676//2100
f 1676//2100 1675//2099 1565//1959
f 1671//2095 1676//2100 1564//1972
f 1677//2101 1567//1949 1566//1973
f 1566//1973 1675//2099 1677//2101
f 1677//2101 1678//2102 1568//1947
f 1678//2102 1570//1948 1568//1947
f 1568//1947 1567//1949 1677//2101
f 1662//2087 1720//2103 1661//2088
f 1554//1974 1660//2084 1637//2060
f 1651//2075 1652//2077 1650//2074
f 1548//1967 1569//1968 1643//2068
f 1642//2066 1673//2097 1563//1979
f 1638//2061 1639//2062 1557//1976
f 1680//2104 1679//2105 1675//2106
f 1681//2107 1680//2104 1671//2108
f 1671//2108 1672//2109 1681//2107
f 1682//2110 1681//2107 1672//2109
f 1682//2110 1672//2109 1674//2111
f 1683//2112 1674//2111 1669//2113
f 1684//2114 1669//2113 1668//2115
f 1686//2116 1668//2115 1665//2117
f 1668//2115 1686//2116 1685//2118
f 1668//2115 1685//2118 1684//2114
f 1669//2113 1684//2114 1683//2112
f 1674//2111 1683//2112 1682//2110
f 1676//2119 1671//2108 1680//2104
f 1675//2106 1676//2119 1680//2104
f 1688//2120 1687//2121 1650//2122
f 1689//2123 1688//2120 1653//2124
f 1690//2125 1689//2123 1655//2126
f 1655//2126 1656//2127 1690//2125
f 1690//2125 1656//2127 1658//2128
f 1691//2129 1658//2128 1657//2130
f 1692//2131 1657//2130 1659//2132
f 1693//2133 1659//2132 1645//2134
f 1645//2134 1694//2135 1693//2133
f 1659//2132 1693//2133 1692//2131
f 1657//2130 1692//2131 1691//2129
f 1658//2128 1691//2129 1690//2125
f 1653//2124 1655//2126 1689//2123
f 1650//2122 1653//2124 1688//2120
f 1679//2105 1678//2102 1677//2136
f 1677//2136 1675//2106 1679//2105
f 1686//2116 1665//2117 1663//2137
f 1663//2137 1661//2138 1686//2116
f 1687//2121 1646//2071 1648//2139
f 1648//2139 1650//2122 1687//2121
f 1694//2135 1645//2134 1644//2140
f 1644//2140 1643//2068 1694//2135
f 1654//2141 1652//2141 1697//2141
f 1695//2142 1660//2084 1654//2141
f 1695//2142 1700//2143 1696//2144
f 1696//2144 1698//2145 1695//2142
f 1649//2141 1701//2146 1697//2141
f 1698//2145 1699//2147 1695//2142
f 1697//2141 1651//2148 1649//2141
f 1699//2147 1660//2084 1695//2142
f 1697//2141 1652//2141 1651//2148
f 1702//2149 1700//2143 1695//2142
f 1697//2141 1695//2142 1654//2141
f 1649//2141 1647//2072 1701//2146
f 1695//2142 1703//2150 1702//2149
f 1704//2151 1705//2152 1700//2143
f 1704//2151 1706//2153 1705//2152
f 1707//2154 1706//2153 1704//2151
f 1707//2154 1704//2151 1708//2155
f 1708//2155 1710//2156 1711//2157
f 1711//2157 1709//2158 1708//2155
f 1709//2158 1707//2154 1708//2155
f 1700//2143 1702//2149 1704//2151
f 1723//2159 1639//2062 1638//2061
f 1639//2062 1724//2160 1640//2063
f 1636//2059 1698//2145 1725//2161
f 1637//2060 1699//2147 1636//2059
f 1716//2162 1717//2163 1670//2094
f 1719//2164 1720//2103 1662//2087
f 1666//2090 1717//2163 1718//2165
f 1666//2090 1718//2165 1664//2086
f 1673//2097 1713//2166 1715//2167
f 1715//2167 1716//2162 1667//2091
f 1726//2168 1713//2166 1673//2097
f 1721//2064 1727//2169 1641//2065
f 1727//2169 1726//2168 1642//2066
f 1727//2169 1712//2170 1726//2168
f 1727//2169 1721//2064 1711//2157
f 1705//2171 1724//2160 1723//2159
f 1724//2160 1705//2171 1706//2153
f 1709//2158 1721//2064 1707//2154
f 1711//2157 1721//2064 1709//2158
f 1713//2166 1726//2168 1714//2172
f 1664//2086 1718//2165 1719//2164
f 1712//2170 1727//2169 1711//2157
f 1706//2153 1722//2173 1724//2160
f 1700//2143 1705//2171 1723//2159
f 1698//2145 1696//2144 1725//2161
f 1699//2147 1698//2145 1636//2059
f 1660//2084 1699//2147 1637//2060
f 1722//2173 1706//2153 1707//2154
f 1726//2168 1712//2170 1714//2172
f 1642//2066 1641//2065 1727//2169
f 1673//2097 1642//2066 1726//2168
f 1715//2167 1667//2091 1673//2097
f 1717//2163 1666//2090 1670//2094
f 1719//2164 1662//2087 1664//2086
f 1670//2094 1667//2091 1716//2162
f 1638//2061 1636//2059 1725//2161
f 1639//2062 1723//2159 1724//2160
f 1640//2063 1724//2160 1722//2173
f 1696//2144 1638//2061 1725//2161
f 1638//2061 1696//2144 1723//2159
f 1696//2144 1700//2143 1723//2159
f 1640//2063 1722//2173 1721//2064
f 1722//2173 1707//2154 1721//2064
f 1729//2174 1728//2175 1703//2176
f 1703//2176 1695//2176 1729//2174
f 1730//2177 1731//2177 1728//2175
f 1728//2175 1729//2174 1730//2177
f 1732//911 1733//911 1730//911
f 1695//911 1697//911 1732//911
f 1732//911 1729//911 1695//911
f 1730//911 1729//911 1732//911
f 1734//2178 1735//2179 1733//2180
f 1733//2180 1732//2181 1734//2178
f 1701//2182 1734//2178 1732//2181
f 1732//2181 1697//2183 1701//2182
f 1689//1038 1690//1038 1603//1038
f 1692//1038 1693//1038 1601//2184
f 1736//1038 1061//1038 1063//1038
f 1265//1499 1264//1671 1263//1672
f 1687//2121 1688//1038 1605//2185
f 1603//1038 1604//1038 1689//1038
f 1690//1038 1691//1038 1603//1038
f 1691//1038 1692//1038 1602//1038
f 1601//2184 1602//1038 1692//1038
f 1738//1038 1736//1038 1063//1038
f 1061//1038 1736//1038 1737//1038
f 1688//1038 1689//1038 1604//1038
f 1606//2186 1607//2187 1646//2071
f 1605//2185 1646//2071 1687//2121
f 1602//1038 1603//1038 1691//1038
f 1693//1038 1694//2135 1601//2184
f 1739//1038 1740//1038 1063//1038
f 1740//1038 1738//1038 1063//1038
f 1737//1038 1102//1038 1059//1038
f 1604//1038 1605//2185 1688//1038
f 1643//2068 1607//2187 1608//2188
f 1117//1536 1115//1038 1734//1038
f 1067//1038 1741//1038 1742//1038
f 1063//1038 1065//1038 1739//1038
f 1102//1038 1071//1038 1073//1038
f 1605//2185 1606//2186 1646//2071
f 1643//2068 1608//2188 1601//2184
f 1734//1038 1701//2146 1117//1536
f 1073//1038 1059//1038 1102//1038
f 1102//1038 1743//1038 1071//1038
f 1743//1038 1067//1038 1069//1038
f 1115//1038 1102//1038 1737//1038
f 1735//1038 1734//1038 1115//1038
f 1701//2146 1647//2072 1117//1536
f 1067//1038 1743//1038 1741//1038
f 1742//1038 1744//1038 1067//1038
f 1744//1038 1739//1038 1065//1038
f 1743//1038 1069//1038 1071//1038
f 1265//1499 1290//1681 1743//1038
f 1263//1672 1290//1681 1265//1499
f 1569//1968 1515//1898 1643//2068
f 1059//1038 1061//1038 1737//1038
f 1743//1038 1102//1038 1265//1499
f 1515//1898 1646//2071 1643//2068
f 1601//2184 1694//2135 1643//2068
f 1117//1536 1647//2072 1646//2071
f 1065//1038 1067//1038 1744//1038
f 1607//2187 1643//2068 1646//2071
f 1737//1038 1735//1038 1115//1038
f 1646//2071 1515//1898 1117//1536
f 1742//2189 1741//2190 1745//2191
f 1745//2191 1746//2192 1742//2189
f 1744//2193 1742//2189 1747//2194
f 1739//2195 1744//2193 1748//2196
f 1749//2197 1740//2198 1739//2195
f 1738//2199 1750//2200 1751//2201
f 1736//2202 1751//2201 1752//2203
f 1752//2203 1737//2204 1736//2202
f 1751//2201 1736//2202 1738//2199
f 1750//2200 1738//2199 1740//2198
f 1749//2197 1750//2200 1740//2198
f 1748//2196 1749//2197 1739//2195
f 1747//2194 1748//2196 1744//2193
f 1746//2192 1747//2194 1742//2189
f 1741//2190 1754//2205 1753//2206
f 1741//2190 1753//2206 1755//2207
f 1741//2190 1743//2208 1754//2205
f 1755//2207 1745//2191 1741//2190
f 1730//2209 1756//2210 1757//2211
f 1730//2209 1757//2211 1758//2212
f 1730//2209 1752//2213 1756//2210
f 1730//2209 1733//2214 1752//2213
f 1760//2215 1759//2216 1730//2209
f 1758//2212 1760//2215 1730//2209
f 1765//2217 1731//2218 1730//2209
f 1737//2219 1752//2213 1733//2214
f 1730//2209 1759//2216 1765//2217
f 1733//2214 1735//2220 1737//2219
f 1761//2221 1762//2222 1763//2223
f 1763//2223 1764//2224 1761//2221
f 1766//2225 1761//2221 1764//2224
f 1764//2224 1765//2217 1766//2225
f 1759//2216 1766//2225 1765//2217
f 1768//2226 1767//2227 1769//2228
f 1768//2226 1769//2228 1770//2229
f 1770//2229 1771//2230 1768//2226
f 1770//2229 1763//2231 1762//2232
f 1762//2232 1771//2230 1770//2229
f 1768//2226 1772//2233 1767//2227
f 1773//2234 1774//2235 1775//2236
f 1776//2237 1773//2234 1775//2236
f 1776//2237 1775//2236 1777//2238
f 1777//2238 1778//2239 1776//2237
f 1778//2239 1777//2238 1767//2240
f 1767//2240 1772//2241 1778//2239
f 1731//912 1765//912 1483//912
f 1764//912 1763//911 1477//912
f 1453//912 1775//911 1774//912
f 1764//912 1477//912 1476//912
f 1453//912 1777//912 1775//911
f 1710//911 1708//911 1769//911
f 1728//911 1731//912 1482//911
f 1453//912 1767//911 1777//912
f 1447//911 1446//911 1779//911
f 1779//911 1780//911 1448//911
f 1769//911 1767//911 1710//911
f 1708//911 1704//911 1770//911
f 1476//912 1765//912 1764//912
f 1770//911 1769//911 1708//911
f 1704//911 1702//911 1763//911
f 1451//2242 1450//912 1710//911
f 1476//912 1483//912 1765//912
f 1448//911 1447//911 1779//911
f 1763//911 1770//911 1704//911
f 1480//911 1703//911 1728//911
f 1774//912 1446//911 1453//912
f 1446//911 1774//912 1779//911
f 1780//911 1450//912 1449//912
f 1481//912 1480//911 1728//911
f 1763//911 1479//2243 1478//911
f 1703//911 1480//911 1479//2243
f 1450//912 1780//911 1710//911
f 1452//2244 1451//2242 1710//911
f 1482//911 1481//912 1728//911
f 1453//912 1452//2244 1767//911
f 1483//912 1482//911 1731//912
f 1479//2243 1763//911 1703//911
f 1767//911 1452//2244 1710//911
f 1478//911 1477//912 1763//911
f 1449//912 1448//911 1780//911
f 1702//911 1703//911 1763//911
f 1780//2245 1779//2245 1781//2245
f 1781//2245 1782//2245 1780//2245
f 1783//2246 1785//2247 1786//2248
f 1783//2246 1784//2249 1787//2250
f 1786//2248 1788//2249 1783//2246
f 1789//2251 1785//2247 1783//2246
f 1783//2246 1790//2252 1789//2251
f 1783//2246 1791//2253 1790//2252
f 1788//2249 1784//2249 1783//2246
f 1783//2246 1792//2254 1791//2253
f 1773//2234 1792//2254 1783//2246
f 1781//2255 1773//2234 1783//2246
f 1774//2235 1773//2234 1781//2255
f 1783//2246 1793//2249 1781//2255
f 1781//2255 1779//2256 1774//2235
f 1783//2245 1794//2245 1793//2245
f 1782//2257 1713//2166 1714//2172
f 1782//2257 1714//2172 1712//2170
f 1715//2167 1713//2166 1782//2257
f 1719//2164 1718//2165 1795//2258
f 1720//2103 1719//2164 1795//2258
f 1716//2162 1715//2167 1782//2257
f 1717//2163 1716//2162 1782//2257
f 1717//2163 1782//2257 1795//2258
f 1795//2258 1796//2259 1720//2103
f 1710//2156 1780//2260 1782//2257
f 1782//2257 1711//2157 1710//2156
f 1712//2170 1711//2157 1782//2257
f 1718//2165 1717//2163 1795//2258
f 1795//911 1782//911 1794//911
f 1781//911 1793//911 1794//911
f 1794//911 1782//911 1781//911
f 1794//911 1797//911 1795//911
f 1797//2261 1796//2261 1795//2261
f 1661//2138 1630//2262 1631//2263
f 1683//1038 1633//1038 1634//1038
f 1661//2138 1678//2102 1630//2262
f 1678//2102 1629//2264 1630//2262
f 1130//2265 1417//1038 1418//2266
f 1633//1038 1683//1038 1684//1038
f 1685//1038 1632//2267 1633//1038
f 1799//2268 1416//1038 1417//1038
f 1633//1038 1684//1038 1685//1038
f 1632//2267 1685//1038 1686//2116
f 1661//2138 1631//2263 1632//2267
f 1420//1038 1804//1038 1798//1038
f 1798//1038 1805//2269 1420//1038
f 1417//1038 1130//2265 1799//2268
f 1416//1038 1799//2268 1800//1038
f 1800//1038 1423//1038 1416//1038
f 1423//1038 1800//1038 1801//1038
f 1422//1038 1802//1038 1803//1038
f 1101//1543 1720//2103 1796//2259
f 1632//2267 1686//2116 1661//2138
f 1629//2264 1678//2102 1679//2105
f 1680//1038 1634//1038 1635//1038
f 1801//1038 1422//1038 1423//1038
f 1797//2270 1783//2246 1787//2250
f 1720//2103 1101//1543 1119//1542
f 1119//1542 1678//2102 1661//2138
f 1634//1038 1680//1038 1681//1038
f 1634//1038 1681//1038 1682//1038
f 1367//1755 1369//1753 1372//1751
f 1419//1038 1420//1038 1805//2269
f 1805//2269 1806//2271 1418//2266
f 1422//1038 1801//1038 1802//1038
f 1101//1543 1787//2250 1799//2268
f 1787//2250 1101//1543 1797//2270
f 1661//2138 1720//2103 1119//1542
f 1392//1038 1145//1038 1367//1755
f 1807//1038 1421//1038 1422//1038
f 1804//1038 1420//1038 1421//1038
f 1418//2266 1806//2271 1130//2265
f 1797//2270 1794//1038 1783//2246
f 1635//1038 1629//2264 1679//2105
f 1145//1038 1130//2265 1806//2271
f 1418//2266 1419//1038 1805//2269
f 1796//2259 1797//2270 1101//1543
f 1635//1038 1679//2105 1680//1038
f 1372//1751 1395//1038 1367//1755
f 1421//1038 1807//1038 1804//1038
f 1634//1038 1682//1038 1683//1038
f 1570//1948 1678//2102 1537//1885
f 1395//1038 1392//1038 1367//1755
f 1678//2102 1119//1542 1537//1885
f 1806//2271 1367//1755 1145//1038
f 1799//2268 1130//2265 1101//1543
f 1422//1038 1803//1038 1807//1038
f 1352//1733 1771//2230 1822//2272
f 1823//2273 1330//1709 1334//1710
f 1824//2274 1329//1708 1330//1709
f 1824//2274 1328//1712 1329//1708
f 1324//1706 1755//2207 1753//2206
f 1326//1713 1746//2192 1745//2191
f 1328//1712 1824//2274 1746//2192
f 1325//1714 1745//2191 1755//2207
f 1323//1715 1753//2206 1754//2205
f 1322//1704 1754//2205 1743//2208
f 1825//2275 1766//2225 1759//2216
f 1351//1732 1822//2272 1766//2225
f 1760//2215 1347//1728 1348//1729
f 1757//2276 1823//2273 1826//2277
f 1814//2278 1790//2252 1827//2279
f 1831//2280 1768//2226 1771//2230
f 1832//2281 1833//2282 1808//2283
f 1811//2284 1370//1752 1835//2285
f 1836//2286 1371//1756 1370//1752
f 1814//2278 1827//2279 1838//2287
f 1790//2252 1791//2288 1827//2279
f 1828//2289 1827//2279 1791//2288
f 1829//2290 1828//2289 1792//2291
f 1830//2292 1829//2290 1792//2291
f 1356//1737 1830//2292 1792//2291
f 1792//2291 1773//2234 1356//1737
f 1778//2293 1768//2226 1831//2280
f 1831//2280 1776//2237 1778//2293
f 1776//2237 1831//2280 1773//2234
f 1771//2230 1762//2294 1822//2272
f 1822//2272 1761//2295 1766//2225
f 1762//2294 1761//2295 1822//2272
f 1826//2277 1760//2215 1758//2212
f 1826//2277 1758//2212 1757//2276
f 1756//2210 1751//2296 1750//2297
f 1752//2213 1751//2296 1756//2210
f 1750//2297 1757//2276 1756//2210
f 1750//2297 1749//2298 1757//2276
f 1749//2298 1824//2274 1823//2273
f 1823//2273 1757//2276 1749//2298
f 1748//2299 1747//2194 1824//2274
f 1826//2277 1331//1711 1347//1728
f 1826//2277 1334//1710 1331//1711
f 1825//2275 1348//1729 1349//1730
f 1825//2275 1350//1731 1351//1732
f 1825//2275 1349//1730 1350//1731
f 1831//2280 1353//1734 1354//1735
f 1353//1734 1831//2280 1352//1733
f 1773//2234 1354//1735 1355//1736
f 1354//1735 1773//2234 1831//2280
f 1829//2290 1830//2292 1362//1739
f 1828//2289 1829//2290 1363//1740
f 1827//2279 1828//2289 1363//1740
f 1363//1740 1364//1741 1827//2279
f 1364//1741 1365//1742 1838//2287
f 1359//1744 1360//1749 1837//2300
f 1836//2286 1837//2300 1360//1749
f 1360//1749 1361//1748 1836//2286
f 1836//2286 1361//1748 1371//1756
f 1835//2285 1370//1752 1368//1754
f 1832//2281 1809//2301 1834//2302
f 1833//2282 1832//2281 1368//1754
f 1806//2271 1808//2283 1833//2282
f 1833//2282 1367//1755 1806//2271
f 1834//2302 1809//2301 1810//2303
f 1810//2303 1835//2285 1834//2302
f 1836//2286 1811//2284 1812//2304
f 1812//2304 1837//2300 1836//2286
f 1813//2305 1814//2278 1837//2300
f 1838//2287 1837//2300 1814//2278
f 1816//2306 1789//2251 1790//2252
f 1790//2252 1815//2307 1816//2306
f 1789//2251 1818//2308 1817//2309
f 1786//2248 1817//2309 1819//2310
f 1819//2310 1788//2311 1786//2248
f 1820//2312 1784//2313 1788//2311
f 1788//2311 1819//2310 1820//2312
f 1784//2313 1820//2312 1821//2314
f 1821//2314 1787//2250 1784//2313
f 1787//2250 1821//2314 1799//2268
f 1786//2248 1785//2247 1817//2309
f 1817//2309 1785//2247 1789//2251
f 1816//2306 1818//2308 1789//2251
f 1812//2304 1813//2305 1837//2300
f 1835//2285 1810//2303 1811//2284
f 1833//2282 1368//1754 1367//1755
f 1368//1754 1832//2281 1834//2302
f 1368//1754 1834//2302 1835//2285
f 1359//1744 1837//2300 1838//2287
f 1365//1742 1359//1744 1838//2287
f 1362//1739 1363//1740 1829//2290
f 1356//1737 1362//1739 1830//2292
f 1355//1736 1356//1737 1773//2234
f 1747//2194 1746//2192 1824//2274
f 1749//2315 1748//2299 1824//2274
f 1778//2293 1772//2316 1768//2226
f 1791//2288 1792//2291 1828//2289
f 1364//1741 1838//2287 1827//2279
f 1370//1752 1811//2284 1836//2286
f 1808//2283 1809//2301 1832//2281
f 1771//2230 1352//1733 1831//2280
f 1814//2278 1815//2307 1790//2252
f 1348//1729 1759//2216 1760//2215
f 1347//1728 1760//2215 1826//2277
f 1766//2225 1825//2275 1351//1732
f 1759//2216 1348//1729 1825//2275
f 1743//2208 1290//1681 1322//1704
f 1754//2205 1332//1705 1323//1715
f 1754//2205 1322//1704 1332//1705
f 1755//2207 1324//1706 1325//1714
f 1746//2192 1326//1713 1327//1707
f 1746//2192 1327//1707 1328//1712
f 1745//2191 1325//1714 1326//1713
f 1753//2206 1323//1715 1324//1706
f 1330//1709 1823//2273 1824//2274
f 1334//1710 1826//2277 1823//2273
f 1822//2272 1351//1732 1352//1733
f 1819//2317 1817//2318 1800//2319
f 1801//2320 1800//2319 1817//2318
f 1817//2318 1818//2321 1801//2320
f 1802//2322 1801//2320 1816//2306
f 1803//2323 1802//2322 1816//2306
f 1807//2324 1803//2323 1815//2307
f 1807//2324 1815//2307 1814//2278
f 1814//2278 1813//2325 1804//2326
f 1798//2327 1813//2325 1812//2328
f 1812//2328 1811//2329 1798//2327
f 1805//2269 1811//2329 1810//2303
f 1811//2329 1805//2269 1798//2327
f 1813//2325 1798//2327 1804//2326
f 1814//2278 1804//2326 1807//2324
f 1816//2306 1815//2307 1803//2323
f 1818//2321 1816//2306 1801//2320
f 1810//2303 1809//2301 1805//2269
f 1809//2301 1808//2283 1805//2269
f 1808//2283 1806//2271 1805//2269
f 1800//2319 1820//2330 1819//2317
f 1800//2319 1799//2331 1821//2332
f 1821//2332 1820//2330 1800//2319
f 1849//2333 1840//2334 1839//2335
f 1849//2336 1841//2337 1840//2338
f 1849//2339 1842//2340 1841//2341
f 1849//2342 1843//2343 1842//2344
f 1849//2345 1844//2346 1843//2347
f 1849//2348 1845//2349 1844//2350
f 1849//2351 1846//2352 1845//2353
f 1849//2354 1847//2355 1846//2356
f 1849//2357 1848//2358 1847//2359
f 1849//2360 1839//2361 1848//2362
f 1843//2363 1844//2364 1850//2365
f 1842//2366 1843//2363 1851//2367
f 1841//2368 1842//2366 1851//2367
f 1840//2369 1841//2368 1852//2370
f 1839//2371 1840//2369 1852//2370
f 1848//2372 1839//2371 1853//2373
f 1847//2374 1848//2372 1855//2375
f 1846//2376 1847//2374 1855//2375
f 1845//2377 1846//2376 1857//2378
f 1844//2364 1845//2377 1857//2378
f 1856//2379 1857//2378 1846//2376
f 1855//2375 1856//2379 1846//2376
f 1854//2380 1855//2375 1848//2372
f 1853//2373 1854//2380 1848//2372
f 1852//2370 1853//2373 1839//2371
f 1851//2367 1852//2370 1841//2368
f 1850//2365 1851//2367 1843//2363
f 1857//2378 1850//2365 1844//2364
f 1860//2008 1859//2008 1853//2008
f 1855//1307 1861//1307 1858//1307
f 1858//1307 1856//1307 1855//1307
f 1861//1307 1855//1307 1854//2008
f 1857//2008 1856//1307 1858//1307
f 1863//1307 1850//1307 1857//2008
f 1864//1307 1865//1307 1851//1307
f 1859//2008 1854//2008 1853//2008
f 1859//2008 1861//1307 1854//2008
f 1852//1307 1851//1307 1865//1307
f 1853//2008 1852//1307 1860//2008
f 1857//2008 1858//1307 1862//2008
f 1857//2008 1862//2008 1863//1307
f 1863//1307 1864//1307 1851//1307
f 1852//1307 1865//1307 1860//2008
f 1851//1307 1850//1307 1863//1307
f 1863//2381 1862//2382 1866//2383
f 1863//2381 1866//2383 1867//2384
f 1867//2384 1864//2385 1863//2381
f 1864//2385 1867//2384 1868//2386
f 1864//2385 1868//2386 1869//2387
f 1865//2388 1864//2385 1869//2387
f 1865//2388 1870//2389 1871//2390
f 1860//2391 1865//2388 1871//2390
f 1860//2391 1872//2392 1873//2393
f 1859//2394 1873//2393 1874//2395
f 1874//2395 1861//2396 1859//2394
f 1876//2397 1858//2398 1861//2396
f 1862//2382 1858//2398 1877//2399
f 1862//2382 1877//2399 1878//2400
f 1878//2400 1866//2383 1862//2382
f 1876//2397 1877//2399 1858//2398
f 1875//2401 1876//2397 1861//2396
f 1874//2395 1875//2401 1861//2396
f 1873//2393 1859//2394 1860//2391
f 1871//2390 1872//2392 1860//2391
f 1869//2387 1870//2389 1865//2388
f 1873//2393 1879//2402 1874//2395
f 1877//2399 1880//2403 1878//2400
f 1866//2383 1878//2400 1881//2404
f 1881//2404 1867//2384 1866//2383
f 1877//2399 1876//2397 1880//2403
f 1873//2393 1872//2392 1879//2402
f 1886//2405 1887//2406 1885//2407
f 1888//2408 1889//2409 1887//2406
f 1890//2410 1891//2411 1889//2409
f 1892//2412 1893//2413 1891//2411
f 1894//2414 1895//2415 1893//2413
f 1883//2416 1897//2417 1882//2418
f 1899//2419 1900//2420 1901//2421
f 1885//2407 1884//2422 1886//2405
f 1887//2406 1886//2405 1888//2408
f 1898//2423 1904//2424 1897//2417
f 1884//2422 1885//2407 1900//2420
f 1891//2411 1890//2410 1892//2412
f 1903//1338 1907//2425 1902//2426
f 1883//2416 1898//2423 1897//2417
f 1900//2420 1899//2419 1884//2422
f 1889//2409 1888//2408 1890//2410
f 1894//2414 1909//2427 1895//2415
f 1905//2428 1912//2429 1913//2430
f 1905//2428 1913//2430 1911//2431
f 1915//2432 1876//2397 1875//2401
f 1917//2433 1880//2403 1876//2397
f 1906//2434 1881//2404 1878//2435
f 1918//2436 1920//2437 1919//2438
f 1901//2421 1883//2416 1882//2418
f 1909//2427 1894//2414 1910//2439
f 1879//2402 1923//2440 1914//1307
f 1925//2441 1875//2401 1874//2395
f 1876//2397 1916//2442 1917//2433
f 1906//2434 1913//2430 1881//2404
f 1901//2421 1882//2418 1899//2419
f 1893//2413 1892//2412 1894//2414
f 1922//2443 1921//2444 1910//2439
f 1910//2439 1897//2417 1904//2424
f 1874//2395 1879//2402 1924//2445
f 1876//2397 1915//2432 1916//2442
f 1880//2403 1917//2433 1926//2446
f 1926//2446 1878//2435 1880//2403
f 1871//2390 1912//2429 1923//2440
f 1879//2402 1872//2392 1923//2440
f 1904//2424 1922//2443 1910//2439
f 1905//2428 1911//2431 1897//2417
f 1874//2395 1924//2445 1925//2441
f 1878//2435 1926//2446 1906//2434
f 1867//2384 1881//2404 1913//2430
f 1923//2440 1912//2429 1920//2437
f 1896//2447 1910//2439 1908//2448
f 1921//2444 1909//2427 1910//2439
f 1875//2401 1925//2441 1915//2432
f 1869//2387 1913//2430 1912//2429
f 1872//2392 1871//2390 1923//2440
f 1920//2437 1918//2436 1923//2440
f 1918//2436 1927//2449 1903//1338
f 1918//2436 1919//2438 1927//2449
f 1896//2447 1905//2428 1910//2439
f 1897//2417 1910//2439 1905//2428
f 1869//2387 1868//2386 1913//2430
f 1871//2390 1870//2389 1912//2429
f 1868//2386 1867//2384 1913//2430
f 1914//1307 1924//2445 1879//2402
f 1902//2426 1918//2436 1903//1338
f 1870//2389 1869//2387 1912//2429
f 1899//2450 1882//2418 1929//2451
f 1884//2452 1899//2450 1929//2451
f 1886//2453 1884//2452 1930//2454
f 1930//2454 1931//2455 1886//2453
f 1888//2456 1886//2453 1931//2455
f 1931//2455 1932//2457 1888//2456
f 1890//2458 1932//2457 1933//2459
f 1892//2460 1933//2459 1934//2461
f 1892//2460 1934//2461 1935//2462
f 1935//2462 1894//2414 1892//2460
f 1933//2459 1892//2460 1890//2458
f 1932//2457 1890//2458 1888//2456
f 1929//2451 1930//2454 1884//2452
f 1928//2463 1929//2451 1882//2418
f 1953//2464 1936//2465 1914//2466
f 1924//2467 1914//2466 1936//2465
f 1936//2465 1937//2468 1924//2467
f 1937//2468 1938//2469 1924//2467
f 1925//2470 1924//2467 1938//2469
f 1925//2470 1938//2469 1939//2471
f 1915//2472 1939//2471 1940//2473
f 1941//2474 1917//2475 1916//2476
f 1916//2476 1940//2473 1941//2474
f 1917//2475 1941//2474 1942//2477
f 1926//2478 1942//2477 1943//2479
f 1926//2478 1943//2479 1944//2480
f 1906//2481 1944//2480 1945//2482
f 1944//2480 1906//2481 1926//2478
f 1942//2477 1926//2478 1917//2475
f 1940//2473 1916//2476 1915//2472
f 1939//2471 1915//2472 1925//2470
f 1902//2426 1946//2483 1918//2436
f 1947//2484 1946//2483 1902//2426
f 2127//2485 1927//2449 1919//2438
f 1919//2438 1983//2486 2127//2485
f 1882//2418 1897//2417 1948//2487
f 1948//2487 1928//2463 1882//2418
f 1894//2414 1935//2462 1949//2488
f 1949//2488 1910//2439 1894//2414
f 1914//2466 1951//2489 1950//2490
f 1914//2466 1950//2490 1953//2464
f 1914//2466 1923//2491 1952//2492
f 1952//2492 1951//2489 1914//2466
f 1945//2482 1956//2493 1906//2481
f 1955//2494 1954//2495 1906//2481
f 1956//2493 1955//2494 1906//2481
f 1954//2495 1913//2496 1906//2481
f 1903//2497 1957//2498 1958//2499
f 1907//2425 1958//2499 1959//2500
f 1902//2426 1959//2500 1960//2501
f 1902//2426 1960//2501 1947//2484
f 1959//2500 1902//2426 1907//2425
f 1958//2499 1907//2425 1903//2497
f 1961//2502 1994//2503 1990//2504
f 1962//2505 1988//2506 1994//2503
f 1963//2507 1992//2508 1998//2509
f 1964//2510 1990//2504 1992//2508
f 1994//2503 1961//2502 1962//2505
f 1965//2511 1993//2512 1988//2506
f 1966//2513 1985//2514 1986//2515
f 1896//2447 1908//2448 1985//2514
f 1992//2508 1963//2507 1964//2510
f 1988//2506 1962//2505 1965//2511
f 1967//2516 1986//2515 1993//2512
f 1985//2514 1966//2513 1896//2447
f 1990//2504 1964//2510 1961//2502
f 1986//2515 1967//2516 1966//2513
f 1993//2512 1965//2511 1967//2516
f 1998//2509 2011//2517 1963//2507
f 1968//2518 1970//2519 1969//2520
f 1970//2519 1968//2518 1972//2521
f 1971//2522 1972//2521 1973//2523
f 1977//2524 1973//2523 1974//2525
f 1977//2524 1974//2525 1975//2526
f 1973//2523 1977//2524 1971//2522
f 1972//2521 1971//2522 1970//2519
f 1927//2449 2127//2485 1978//2527
f 1920//2437 1979//2528 1980//2529
f 1919//2438 1920//2437 1983//2486
f 1983//2486 1982//2530 1984//2531
f 1984//2531 1981//2532 2128//2533
f 1983//2486 1984//2531 2127//2485
f 2128//2533 2127//2485 1984//2531
f 2129//2534 2128//2533 1981//2532
f 1981//2532 1984//2531 1982//2530
f 1982//2530 1983//2486 1920//2437
f 1980//2529 1982//2530 1920//2437
f 1992//2508 1990//2504 1991//2535
f 1993//2512 1987//2536 1988//2506
f 1994//2503 1989//2537 1990//2504
f 1989//2537 1994//2503 1988//2506
f 1987//2536 1993//2512 1986//2515
f 2000//2538 1998//2509 1992//2508
f 1996//2539 1995//2540 1999//2541
f 1999//2541 1997//2542 1998//2509
f 1998//2509 2000//2538 1999//2541
f 1997//2542 1999//2541 1995//2540
f 2011//2517 2001//2543 1963//2507
f 2002//2544 1965//2511 1962//2505
f 2003//2545 1961//2502 1964//2510
f 2011//2517 2008//2546 2001//2543
f 1961//2502 2003//2545 1962//2505
f 1965//2511 2002//2544 1967//2516
f 1963//2507 2001//2543 1964//2510
f 1995//2540 2007//2547 2010//2548
f 1997//2542 2010//2548 2011//2517
f 2011//2517 1998//2509 1997//2542
f 2010//2548 1997//2542 1995//2540
f 1995//2540 1996//2539 2004//2549
f 2007//2547 2006//2550 2005//2551
f 2010//2548 2005//2551 2009//2552
f 2008//2546 2011//2517 2009//2552
f 2009//2552 2011//2517 2010//2548
f 2008//2546 2009//2552 2005//2551
f 2005//2551 2010//2548 2007//2547
f 2012//2553 2007//2547 1995//2540
f 1995//2540 2004//2549 2012//2553
f 2013//2554 2014//2555 2015//2556
f 2032//2557 2016//2558 2017//2559
f 2032//2557 2017//2559 2018//2560
f 2033//2561 2019//2562 2020//2563
f 2034//2564 2021//2565 2022//2566
f 2035//2567 2022//2566 2023//2568
f 2036//2569 2023//2568 2024//2570
f 2037//2571 2031//2572 2004//2549
f 2031//2572 2037//2571 2030//2573
f 2030//2573 2037//2571 2029//2574
f 2023//2568 2036//2569 2035//2567
f 2022//2566 2035//2567 2034//2564
f 2021//2565 2034//2564 2020//2563
f 2019//2562 2033//2561 2018//2560
f 2016//2558 2032//2557 2015//2556
f 2006//2550 2012//2553 2038//2575
f 2038//2575 2005//2551 2006//2550
f 2012//2553 2006//2550 2007//2547
f 2040//2576 2039//2577 2014//2555
f 2014//2555 2013//2554 2040//2576
f 2039//2577 2041//2578 2015//2556
f 2041//2578 2016//2558 2015//2556
f 2015//2556 2014//2555 2039//2577
f 2068//2579 2017//2559 2016//2558
f 2041//2578 2068//2579 2016//2558
f 2018//2560 2017//2559 2042//2580
f 2019//2562 2043//2581 2044//2582
f 2020//2563 2019//2562 2044//2582
f 2044//2582 2045//2583 2020//2563
f 2021//2565 2020//2563 2045//2583
f 2045//2583 2046//2584 2021//2565
f 2022//2566 2021//2565 2046//2584
f 2046//2584 2047//2585 2022//2566
f 2047//2585 2048//2586 2023//2568
f 2023//2568 2022//2566 2047//2585
f 2049//2587 2024//2570 2023//2568
f 2049//2587 2050//2588 2025//2589
f 2025//2589 2050//2588 2061//2590
f 2061//2590 2026//2591 2025//2589
f 2027//2592 2026//2591 2061//2590
f 2061//2590 2051//2593 2027//2592
f 2051//2593 2052//2594 2028//2595
f 2028//2595 2027//2592 2051//2593
f 2052//2594 2053//2596 2029//2574
f 2029//2574 2028//2595 2052//2594
f 2031//2572 2030//2573 2054//2597
f 2030//2573 2053//2596 2054//2597
f 2004//2549 2031//2572 2055//2598
f 2055//2598 2012//2553 2004//2549
f 2054//2597 2055//2598 2031//2572
f 2053//2596 2030//2573 2029//2574
f 2025//2589 2024//2570 2049//2587
f 2023//2568 2048//2586 2049//2587
f 2043//2581 2019//2562 2018//2560
f 2042//2580 2043//2581 2018//2560
f 2068//2579 2042//2580 2017//2559
f 2074//2599 2056//2600 2013//2554
f 2038//2575 2012//2553 2055//2598
f 2038//2575 2055//2598 2058//2601
f 2058//2601 2054//2597 2053//2596
f 2059//2602 2053//2596 2060//2603
f 2060//2603 2052//2594 2051//2593
f 2060//2603 2051//2593 2061//2590
f 2062//2604 2061//2590 2050//2588
f 2062//2604 2050//2588 2063//2605
f 2063//2605 2049//2587 2048//2586
f 2064//2606 2048//2586 2047//2585
f 2064//2606 2047//2585 2046//2584
f 2065//2607 2046//2584 2045//2583
f 2066//2608 2044//2582 2043//2581
f 2067//2609 2043//2581 2042//2580
f 2067//2609 2042//2580 2068//2579
f 2069//2610 2068//2579 2041//2578
f 2069//2610 2041//2578 2057//2611
f 2040//2576 2057//2611 2039//2577
f 2039//2577 2057//2611 2041//2578
f 2068//2579 2069//2610 2067//2609
f 2043//2581 2067//2609 2066//2608
f 2044//2582 2066//2608 2045//2583
f 2045//2583 2066//2608 2065//2607
f 2046//2584 2065//2607 2064//2606
f 2048//2586 2064//2606 2063//2605
f 2049//2587 2063//2605 2050//2588
f 2061//2590 2062//2604 2060//2603
f 2052//2594 2060//2603 2053//2596
f 2053//2596 2059//2602 2058//2601
f 2054//2597 2058//2601 2055//2598
f 2013//2554 2056//2600 2126//2612
f 2126//2612 2040//2576 2013//2554
f 2071//2613 2070//2614 2072//2615
f 2071//2613 2072//2615 2073//2616
f 2056//2600 2074//2599 2073//2616
f 2073//2616 2074//2599 2071//2613
f 2125//2617 2057//2611 2040//2576
f 2040//2576 2126//2612 2125//2617
f 2057//2611 2125//2617 2075//2618
f 2076//2619 2123//2620 2072//2615
f 2123//2620 2124//2621 2073//2616
f 2126//2612 2056//2600 2073//2616
f 2073//2616 2124//2621 2126//2612
f 2073//2616 2072//2615 2123//2620
f 2072//2615 2070//2614 2076//2619
f 2085//2622 2078//2623 2079//2624
f 2086//2625 2079//2624 2080//2626
f 2070//2614 2071//2613 2077//2627
f 2087//2628 2081//2629 2082//2630
f 2081//2629 2087//2628 2080//2626
f 2079//2624 2086//2625 2085//2622
f 2078//2623 2085//2622 2077//2627
f 2120//2631 2114//2632 2088//2633
f 2114//2632 2089//2634 2088//2633
f 2120//2631 2091//2635 2090//2636
f 2090//2636 2119//2637 2120//2631
f 2090//2636 2121//2638 2119//2637
f 2090//2636 2092//2639 2121//2638
f 2116//2640 2115//2641 2093//2642
f 2092//2639 2093//2642 2115//2641
f 2115//2641 2121//2638 2092//2639
f 2094//2643 2093//2642 2095//2644
f 2093//2642 2094//2643 2116//2640
f 1964//2510 2096//2645 2098//2646
f 2096//2645 1964//2510 2001//2543
f 2097//2647 2096//2645 2001//2543
f 2003//2545 1964//2510 2098//2646
f 2002//2544 1962//2505 2099//2648
f 2100//2649 2099//2648 1962//2505
f 1962//2505 2003//2545 2100//2649
f 2002//2544 2099//2648 2101//2650
f 2101//2650 1967//2516 2002//2544
f 1967//2516 2101//2650 2102//2651
f 2102//2651 1966//2513 1967//2516
f 1905//2428 1896//2447 1966//2513
f 1966//2513 2102//2651 1905//2428
f 2059//2602 2103//2652 2097//2647
f 2103//2652 2059//2602 2060//2603
f 2097//2647 2038//2575 2058//2601
f 2058//2601 2059//2602 2097//2647
f 2038//2575 2001//2543 2008//2546
f 2008//2546 2005//2551 2038//2575
f 2038//2575 2097//2647 2001//2543
f 2062//2604 2104//2653 2103//2652
f 2104//2653 2062//2604 2063//2605
f 2103//2652 2060//2603 2062//2604
f 2105//2654 2106//2655 2064//2606
f 2106//2655 2104//2653 2064//2606
f 2063//2605 2064//2606 2104//2653
f 2064//2606 2065//2607 2105//2654
f 2065//2607 2066//2608 2105//2654
f 2066//2608 2108//2656 2105//2654
f 2066//2608 2107//2657 2108//2656
f 2066//2608 2067//2609 2107//2657
f 2094//2643 2057//2611 2075//2618
f 2094//2643 2109//2658 2057//2611
f 2109//2658 2069//2610 2057//2611
f 2069//2610 2109//2658 2107//2657
f 2089//2634 2110//2659 2088//2633
f 2075//2618 2118//2660 2094//2643
f 2067//2609 2069//2610 2107//2657
f 2003//2545 2098//2646 2100//2649
f 2095//2644 2109//2658 2094//2643
f 2088//2633 2091//2635 2120//2631
f 2111//2661 2112//2662 2087//2628
f 2112//2662 2113//2663 2080//2626
f 2114//2632 2111//2661 2082//2630
f 2080//2626 2087//2628 2112//2662
f 2113//2663 2115//2641 2086//2625
f 2115//2641 2116//2640 2085//2622
f 2087//2628 2082//2630 2111//2661
f 2085//2622 2086//2625 2115//2641
f 2086//2625 2080//2626 2113//2663
f 2116//2640 2117//2664 2077//2627
f 2077//2627 2085//2622 2116//2640
f 2117//2664 2076//2619 2070//2614
f 2089//2634 2114//2632 2083//2665
f 2070//2614 2077//2627 2117//2664
f 2082//2630 2083//2665 2114//2632
f 2083//2665 2084//2666 2089//2634
f 2094//2643 2117//2664 2116//2640
f 2119//2637 2112//2662 2111//2661
f 2120//2631 2111//2661 2114//2632
f 2094//2643 2118//2660 2076//2619
f 2121//2638 2113//2663 2119//2637
f 2113//2663 2121//2638 2115//2641
f 2111//2661 2120//2631 2119//2637
f 2112//2662 2119//2637 2113//2663
f 2076//2619 2117//2664 2094//2643
f 2076//2619 2118//2660 2122//2667
f 2123//2620 2122//2667 2124//2621
f 2125//2617 2126//2612 2124//2621
f 2075//2618 2125//2617 2124//2621
f 2075//2618 2124//2621 2122//2667
f 2122//2667 2123//2620 2076//2619
f 2075//2618 2122//2667 2118//2660
f 2134//2668 1970//2519 1971//2522
f 2131//2669 2130//2670 1977//2524
f 1971//2522 2130//2670 2134//2668
f 1971//2522 1977//2524 2130//2670
f 1978//2527 2132//2671 1976//2672
f 1975//2526 1976//2672 2133//2673
f 1977//2524 1975//2526 2131//2669
f 2132//2671 2133//2673 1976//2672
f 1975//2526 2133//2673 2131//2669
f 1976//2672 1957//2498 1978//2527
f 1927//2449 1978//2527 1957//2498
f 1957//2498 1903//2497 1927//2449
f 2135//2674 2137//2675 2138//2676
f 2138//2676 2136//2677 2135//2674
f 2137//2675 2134//2668 2130//2670
f 2138//2676 2137//2675 2139//2678
f 2139//2678 2130//2670 2140//2679
f 2141//2680 2140//2679 2142//2681
f 2142//2681 2140//2679 2143//2682
f 2143//2682 2131//2669 2145//2683
f 2144//2684 2143//2682 2146//2685
f 2145//2683 2131//2669 2133//2673
f 2146//2685 2145//2683 2147//2686
f 2147//2686 2133//2673 2132//2671
f 2148//2687 2147//2686 2150//2688
f 2149//2689 2148//2687 2150//2688
f 2150//2688 2132//2671 2152//2690
f 2151//2691 2150//2688 2153//2692
f 2152//2690 2132//2671 2127//2485
f 2128//2533 2129//2534 2153//2692
f 2153//2692 2152//2690 2128//2533
f 2127//2485 2128//2533 2152//2690
f 1978//2527 2127//2485 2132//2671
f 2152//2690 2153//2692 2150//2688
f 2150//2688 2151//2691 2149//2689
f 2132//2671 2150//2688 2147//2686
f 2148//2687 2149//2689 2146//2685
f 2147//2686 2148//2687 2146//2685
f 2133//2673 2147//2686 2145//2683
f 2145//2683 2146//2685 2143//2682
f 2143//2682 2144//2684 2142//2681
f 2131//2669 2143//2682 2140//2679
f 2131//2669 2140//2679 2130//2670
f 2140//2679 2141//2680 2139//2678
f 2130//2670 2139//2678 2137//2675
f 2135//2674 2134//2668 2137//2675
f 2156//2693 2134//2668 2154//2694
f 2154//2694 2155//2695 2156//2693
f 2134//2668 2156//2693 1970//2519
f 2157//2696 2158//2697 2159//2698
f 2158//2697 2160//2699 2159//2698
f 2155//2695 2154//2694 2157//2696
f 2157//2696 2159//2698 2155//2695
f 2161//2700 2162//2701 2160//2699
f 2160//2699 2158//2697 2161//2700
f 2163//2702 2165//2703 2162//2701
f 2162//2701 2161//2700 2163//2702
f 2163//2702 2164//2704 2165//2703
f 2166//2705 2165//2703 2164//2704
f 2166//2705 2164//2704 2167//2706
f 2168//2707 2169//2708 2170//2709
f 2169//2708 2168//2707 2171//2710
f 2170//2709 2167//2706 2168//2707
f 2172//2711 2169//2708 2171//2710
f 2173//2712 2174//2713 2172//2711
f 2172//2711 2171//2710 2173//2712
f 2175//2714 2176//2715 2174//2713
f 2175//2714 2177//2716 2176//2715
f 2177//2716 2178//2717 2176//2715
f 2174//2713 2173//2712 2175//2714
f 2167//2706 2170//2709 2166//2705
f 2182//2718 2179//2719 2177//2716
f 2183//2720 2283//2721 2179//2719
f 2182//2718 2175//2714 2173//2712
f 2182//2718 2173//2712 2171//2710
f 2183//2720 2182//2718 2185//2722
f 2184//2723 2171//2710 2168//2707
f 2185//2722 2184//2723 2186//2724
f 2186//2724 2168//2707 2167//2706
f 2185//2722 2186//2724 2180//2725
f 2186//2724 2167//2706 2164//2704
f 2180//2725 2186//2724 2187//2726
f 2187//2726 2164//2704 2163//2702
f 2188//2727 2187//2726 2189//2728
f 2189//2728 2163//2702 2161//2700
f 2189//2728 2161//2700 2190//2729
f 2188//2727 2189//2728 2191//2730
f 2190//2729 2158//2697 2157//2696
f 2191//2730 2157//2696 2154//2694
f 2181//2731 2154//2694 2135//2674
f 2135//2674 2136//2677 2181//2731
f 2134//2668 2135//2674 2154//2694
f 2154//2694 2181//2731 2191//2730
f 2157//2696 2191//2730 2190//2729
f 2190//2729 2191//2730 2189//2728
f 2158//2697 2190//2729 2161//2700
f 2163//2702 2189//2728 2187//2726
f 2187//2726 2188//2727 2180//2725
f 2164//2704 2187//2726 2186//2724
f 2168//2707 2186//2724 2184//2723
f 2184//2723 2185//2722 2182//2718
f 2171//2710 2184//2723 2182//2718
f 2179//2719 2182//2718 2183//2720
f 2177//2716 2175//2714 2182//2718
f 2193//2732 2194//2733 2195//2734
f 2196//2735 2197//2736 2198//2737
f 2200//2738 2201//2739 2202//2740
f 2203//2741 2202//2740 2201//2739
f 2199//2742 2203//2741 2204//2743
f 2196//2735 2200//2738 2205//2744
f 2196//2735 2206//2745 2197//2736
f 2199//2742 2204//2743 2207//2746
f 2208//2747 2207//2746 2193//2732
f 2208//2747 2199//2742 2207//2746
f 2209//2748 2210//2749 2201//2739
f 2204//2743 2201//2739 2210//2749
f 2211//2750 2209//2748 2200//2738
f 2211//2750 2196//2735 2198//2737
f 2218//2751 2213//2752 2214//2753
f 2214//2753 2220//2754 2215//2755
f 2221//2756 2216//2757 2215//2755
f 2221//2756 2198//2737 2216//2757
f 2222//2758 2211//2750 2221//2756
f 2224//2759 2204//2743 2223//2760
f 2207//2746 2104//2653 2194//2733
f 2225//2761 2210//2749 2209//2748
f 2225//2761 2223//2760 2210//2749
f 2223//2760 2204//2743 2210//2749
f 2226//2762 2209//2748 2211//2750
f 2224//2759 2223//2760 2103//2652
f 2194//2733 2104//2653 2106//2655
f 2104//2653 2224//2759 2103//2652
f 2226//2762 2096//2645 2097//2647
f 2097//2647 2225//2761 2226//2762
f 2223//2760 2225//2761 2097//2647
f 2096//2645 2226//2762 2227//2763
f 2227//2763 2222//2758 2098//2646
f 2222//2758 2100//2649 2098//2646
f 2212//2764 2102//2651 2101//2650
f 2100//2649 2221//2756 2215//2755
f 2213//2752 2101//2650 2220//2754
f 2219//2765 1905//2428 2102//2651
f 2318//2766 2228//2767 2229//2768
f 2306//2769 2231//2770 2232//2771
f 2231//2770 2306//2769 2230//2772
f 2306//2769 2307//2773 2230//2772
f 2230//2772 2233//2774 2234//2775
f 2310//2776 2235//2777 2230//2772
f 2316//2778 2229//2768 2235//2777
f 2235//2777 2236//2779 2237//2780
f 2235//2777 2237//2780 2233//2774
f 2229//2768 2238//2781 2236//2779
f 2231//2770 2239//2782 2232//2771
f 2239//2782 2241//2783 2240//2784
f 2240//2784 2241//2783 2091//2635
f 2242//2785 2243//2786 2241//2783
f 2233//2774 2242//2785 2239//2782
f 2237//2780 2244//2787 2242//2785
f 2236//2779 2245//2788 2244//2787
f 2246//2789 2245//2788 2238//2781
f 2245//2788 2236//2779 2238//2781
f 2245//2788 2247//2790 2244//2787
f 2243//2786 2090//2636 2091//2635
f 2091//2635 2241//2783 2243//2786
f 2244//2787 2247//2790 2243//2786
f 2243//2786 2247//2790 2090//2636
f 2247//2790 2248//2791 2092//2639
f 2248//2791 2245//2788 2249//2792
f 2249//2792 2093//2642 2092//2639
f 2092//2639 2248//2791 2249//2792
f 2228//2767 2250//2793 2238//2781
f 2251//2794 2280//2795 2283//2721
f 2228//2767 2320//2796 2322//2797
f 2251//2794 2322//2797 2280//2795
f 2250//2793 2228//2767 2251//2794
f 2255//2798 2252//2799 2185//2722
f 2252//2799 2255//2798 2253//2800
f 2180//2725 2256//2801 2257//2802
f 2246//2789 2238//2781 2250//2793
f 2246//2789 2250//2793 2254//2803
f 2258//2804 2254//2803 2253//2800
f 2255//2798 2259//2805 2260//2806
f 2249//2792 2246//2789 2258//2804
f 2261//2807 2258//2804 2260//2806
f 2261//2807 2260//2806 2109//2658
f 2109//2658 2095//2644 2261//2807
f 2093//2642 2249//2792 2261//2807
f 2259//2805 2107//2657 2109//2658
f 2109//2658 2260//2806 2259//2805
f 2257//2802 2108//2656 2259//2805
f 2259//2805 2108//2656 2107//2657
f 2256//2801 2108//2656 2257//2802
f 2256//2801 2105//2654 2108//2656
f 2195//2734 2106//2655 2105//2654
f 2263//2808 2262//2809 2146//2685
f 2265//2810 2266//2811 2142//2681
f 2263//2808 2265//2810 2262//2809
f 2205//2744 2202//2740 2266//2811
f 2203//2741 2266//2811 2202//2740
f 2206//2745 2205//2744 2265//2810
f 2206//2745 2263//2808 2197//2736
f 2264//2812 2268//2813 2267//2814
f 2267//2814 2197//2736 2264//2812
f 2264//2812 2153//2692 2268//2813
f 2268//2813 1981//2532 2269//2815
f 2270//2816 2272//2817 2271//2818
f 2273//2819 2274//2820 2271//2818
f 2275//2821 1912//2429 2276//2822
f 2218//2751 2276//2822 2212//2764
f 2277//2823 2271//2818 2217//2824
f 2267//2814 2268//2813 2270//2816
f 2275//2821 2218//2751 2274//2820
f 2274//2820 2214//2753 2217//2824
f 2216//2757 2277//2823 2217//2824
f 2198//2737 2267//2814 2277//2823
f 1912//2429 2219//2765 2212//2764
f 1912//2429 1905//2428 2219//2765
f 2240//2784 2088//2633 2110//2659
f 2232//2771 2240//2784 2110//2659
f 2110//2659 2192//2825 2232//2771
f 2304//2826 2232//2771 2192//2825
f 2312//2827 2314//2828 2310//2776
f 2283//2721 2183//2720 2252//2799
f 2188//2727 2195//2734 2180//2725
f 2193//2732 2188//2727 2191//2730
f 2188//2727 2193//2732 2195//2734
f 2208//2747 2191//2730 2181//2731
f 2208//2747 2193//2732 2191//2730
f 2199//2742 2181//2731 2136//2677
f 2136//2677 2138//2676 2199//2742
f 2141//2680 2266//2811 2139//2678
f 2266//2811 2203//2741 2139//2678
f 2262//2809 2142//2681 2144//2684
f 2264//2812 2146//2685 2149//2689
f 2153//2692 2129//2534 1981//2532
f 1982//2530 2269//2815 1981//2532
f 2269//2815 1980//2529 2272//2817
f 1979//2528 2275//2821 2273//2819
f 2273//2819 1980//2529 1979//2528
f 2274//2820 2273//2819 2275//2821
f 1920//2437 1912//2429 2275//2821
f 2275//2821 1979//2528 1920//2437
f 1980//2529 2273//2819 2272//2817
f 1982//2530 1980//2529 2269//2815
f 1981//2532 2268//2813 2153//2692
f 2151//2691 2153//2692 2264//2812
f 2149//2689 2151//2691 2264//2812
f 2144//2684 2146//2685 2262//2809
f 2138//2676 2139//2678 2203//2741
f 2183//2720 2185//2722 2252//2799
f 2192//2825 2297//2829 2304//2826
f 2212//2764 2276//2822 1912//2429
f 2214//2753 2274//2820 2218//2751
f 2277//2823 2216//2757 2198//2737
f 2270//2816 2277//2823 2267//2814
f 2277//2823 2270//2816 2271//2818
f 2217//2824 2271//2818 2274//2820
f 2267//2814 2198//2737 2197//2736
f 2218//2751 2275//2821 2276//2822
f 2271//2818 2272//2817 2273//2819
f 2270//2816 2269//2815 2272//2817
f 2269//2815 2270//2816 2268//2813
f 2265//2810 2263//2808 2206//2745
f 2203//2741 2199//2742 2138//2676
f 2266//2811 2265//2810 2205//2744
f 2264//2812 2197//2736 2263//2808
f 2141//2680 2142//2681 2266//2811
f 2142//2681 2262//2809 2265//2810
f 2146//2685 2264//2812 2263//2808
f 2105//2654 2256//2801 2195//2734
f 2261//2807 2095//2644 2093//2642
f 2258//2804 2261//2807 2249//2792
f 2259//2805 2255//2798 2257//2802
f 2260//2806 2253//2800 2255//2798
f 2253//2800 2260//2806 2258//2804
f 2254//2803 2258//2804 2246//2789
f 2256//2801 2180//2725 2195//2734
f 2257//2802 2185//2722 2180//2725
f 2185//2722 2257//2802 2255//2798
f 2251//2794 2253//2800 2254//2803
f 2251//2794 2254//2803 2250//2793
f 2253//2800 2251//2794 2252//2799
f 2228//2767 2318//2766 2320//2796
f 2322//2797 2251//2794 2228//2767
f 2283//2721 2252//2799 2251//2794
f 2238//2781 2229//2768 2228//2767
f 2246//2789 2249//2792 2245//2788
f 2092//2639 2090//2636 2247//2790
f 2243//2786 2242//2785 2244//2787
f 2245//2788 2248//2791 2247//2790
f 2244//2787 2237//2780 2236//2779
f 2242//2785 2233//2774 2237//2780
f 2239//2782 2234//2775 2233//2774
f 2241//2783 2239//2782 2242//2785
f 2091//2635 2088//2633 2240//2784
f 2240//2784 2232//2771 2239//2782
f 2239//2782 2231//2770 2234//2775
f 2236//2779 2235//2777 2229//2768
f 2233//2774 2230//2772 2235//2777
f 2229//2768 2316//2778 2318//2766
f 2235//2777 2314//2828 2316//2778
f 2230//2772 2308//2830 2310//2776
f 2235//2777 2310//2776 2314//2828
f 2230//2772 2234//2775 2231//2770
f 2232//2771 2304//2826 2306//2769
f 2230//2772 2307//2773 2308//2830
f 2101//2650 2099//2648 2220//2754
f 2102//2651 2212//2764 2219//2765
f 2221//2756 2100//2649 2222//2758
f 2215//2755 2099//2648 2100//2649
f 2099//2648 2215//2755 2220//2754
f 2101//2650 2213//2752 2212//2764
f 2227//2763 2098//2646 2096//2645
f 2097//2647 2103//2652 2223//2760
f 2211//2750 2222//2758 2227//2763
f 2211//2750 2227//2763 2226//2762
f 2209//2748 2226//2762 2225//2761
f 2104//2653 2207//2746 2224//2759
f 2194//2733 2193//2732 2207//2746
f 2106//2655 2195//2734 2194//2733
f 2224//2759 2207//2746 2204//2743
f 2220//2754 2214//2753 2213//2752
f 2217//2824 2215//2755 2216//2757
f 2215//2755 2217//2824 2214//2753
f 2213//2752 2218//2751 2212//2764
f 2198//2737 2221//2756 2211//2750
f 2200//2738 2196//2735 2211//2750
f 2201//2739 2200//2738 2209//2748
f 2205//2744 2206//2745 2196//2735
f 2201//2739 2204//2743 2203//2741
f 2202//2740 2205//2744 2200//2738
f 2199//2742 2208//2747 2181//2731
f 2278//2831 2281//2832 2282//2833
f 2279//2834 2282//2833 2283//2721
f 2282//2833 2281//2832 2177//2716
f 2283//2721 2282//2833 2179//2719
f 2177//2716 2179//2719 2282//2833
f 2283//2721 2280//2795 2279//2834
f 2282//2833 2279//2834 2278//2831
f 1969//2520 1970//2519 2156//2693
f 1969//2520 2156//2693 2155//2695
f 2285//2835 2155//2695 2159//2698
f 2286//2836 2159//2698 2160//2699
f 2287//2837 2160//2699 2162//2701
f 2287//2837 2162//2701 2165//2703
f 2288//2838 2165//2703 2166//2705
f 2289//2839 2166//2705 2170//2709
f 2290//2840 2170//2709 2169//2708
f 2291//2841 2169//2708 2172//2711
f 2292//2842 2172//2711 2174//2713
f 2293//2843 2174//2713 2176//2715
f 2294//2844 2178//2717 2284//2845
f 2294//2844 2176//2715 2178//2717
f 2176//2715 2294//2844 2293//2843
f 2174//2713 2293//2843 2292//2842
f 2172//2711 2292//2842 2291//2841
f 2169//2708 2291//2841 2290//2840
f 2170//2709 2290//2840 2289//2839
f 2166//2705 2289//2839 2288//2838
f 2165//2703 2288//2838 2287//2837
f 2160//2699 2287//2837 2286//2836
f 2159//2698 2286//2836 2285//2835
f 2155//2695 2285//2835 1969//2520
f 2295//2846 2178//2717 2281//2832
f 2295//2846 2281//2832 2278//2831
f 2177//2716 2281//2832 2178//2717
f 2297//2829 2296//2847 2304//2826
f 2304//2826 2298//2848 2305//2849
f 2306//2769 2305//2849 2307//2773
f 2307//2773 2299//2850 2300//2851
f 2308//2830 2300//2851 2309//2852
f 2310//2776 2309//2852 2311//2853
f 2311//2853 2301//2854 2302//2855
f 2312//2827 2311//2853 2313//2856
f 2313//2856 2302//2855 2315//2857
f 2314//2828 2313//2856 2316//2778
f 2315//2857 2302//2855 2317//2858
f 2316//2778 2315//2857 2317//2858
f 2318//2766 2317//2858 2319//2859
f 2319//2859 2303//2860 2321//2861
f 2320//2796 2319//2859 2322//2797
f 2321//2861 2303//2860 2278//2831
f 2322//2797 2321//2861 2279//2834
f 2279//2834 2280//2795 2322//2797
f 2278//2831 2279//2834 2321//2861
f 2321//2861 2322//2797 2319//2859
f 2319//2859 2320//2796 2318//2766
f 2303//2860 2319//2859 2317//2858
f 2317//2858 2318//2766 2316//2778
f 2302//2855 2303//2860 2317//2858
f 2315//2857 2316//2778 2313//2856
f 2313//2856 2314//2828 2312//2827
f 2302//2855 2313//2856 2311//2853
f 2311//2853 2312//2827 2310//2776
f 2301//2854 2311//2853 2309//2852
f 2309//2852 2310//2776 2308//2830
f 2301//2854 2309//2852 2300//2851
f 2300//2851 2308//2830 2307//2773
f 2299//2850 2307//2773 2305//2849
f 2305//2849 2306//2769 2304//2826
f 2299//2850 2305//2849 2298//2848
f 2298//2848 2304//2826 2296//2847
f 2295//2846 2284//2845 2178//2717
f 2295//2846 2323//2862 2331//2863
f 2331//2863 2323//2862 2332//2864
f 2332//2864 2323//2862 2324//2865
f 2325//2866 2324//2865 2334//2867
f 2335//2868 2326//2869 2336//2870
f 2337//2871 2327//2872 2328//2873
f 2338//2874 2328//2873 2329//2875
f 2329//2875 2330//2876 2338//2874
f 2328//2873 2338//2874 2337//2871
f 2327//2872 2337//2871 2336//2870
f 2327//2872 2336//2870 2326//2869
f 2326//2869 2335//2868 2334//2867
f 2326//2869 2334//2867 2324//2865
f 2324//2865 2325//2866 2333//2877
f 2324//2865 2333//2877 2332//2864
f 2331//2863 2284//2845 2295//2846
f 2298//2848 2296//2847 2329//2875
f 2323//2862 2295//2846 2303//2860
f 2299//2850 2298//2848 2328//2873
f 2295//2846 2278//2831 2303//2860
f 2326//2869 2302//2855 2301//2854
f 2301//2854 2300//2851 2327//2872
f 2328//2873 2327//2872 2299//2850
f 2329//2875 2328//2873 2298//2848
f 2324//2865 2303//2860 2302//2855
f 2324//2865 2323//2862 2303//2860
f 2302//2855 2326//2869 2324//2865
f 2327//2872 2326//2869 2301//2854
f 2300//2851 2299//2850 2327//2872
f 1922//2443 1904//2424 2339//2878
f 1883//2416 2340//2879 1898//2423
f 2340//2879 1883//2416 1901//2421
f 2341//2880 1895//2415 1909//2427
f 1909//2427 2342//2881 2341//2880
f 1922//2443 2343//2882 2342//2881
f 2339//2878 2344//2883 2343//2882
f 2344//2883 2339//2878 1904//2424
f 2344//2883 1898//2423 2340//2879
f 2340//2879 2345//2884 2344//2883
f 2340//2879 1901//2421 2345//2884
f 2346//2885 1901//2421 1900//2420
f 1900//2420 2347//2886 2346//2885
f 2348//2887 2347//2886 1887//2406
f 2348//2887 1887//2406 1889//2409
f 2348//2887 1889//2409 1891//2411
f 2349//2888 2348//2887 1891//2411
f 2349//2888 1891//2411 1893//2413
f 2341//2880 2349//2888 1893//2413
f 2341//2880 1893//2413 1895//2415
f 1885//2407 1887//2406 2347//2886
f 1900//2420 1885//2407 2347//2886
f 1901//2421 2346//2885 2345//2884
f 1904//2424 1898//2423 2344//2883
f 1922//2443 2339//2878 2343//2882
f 1921//2444 1922//2443 2342//2881
f 1909//2427 1921//2444 2342//2881
f 2350//2008 2345//2008 2346//2008
f 2347//1307 2348//1307 2351//1307
f 2352//1307 2351//1307 2348//1307
f 2348//1307 2349//1307 2352//1307
f 2344//1307 2353//1307 2355//1307
f 2347//1307 2351//1307 2354//2008
f 2345//2008 2350//2008 2353//1307
f 2349//1307 2341//1308 2352//1307
f 2353//1307 2344//1307 2345//2008
f 2346//2008 2354//2008 2350//2008
f 2342//1307 2343//1307 2355//1307
f 2341//1308 2356//1308 2352//1307
f 2341//1308 2342//1307 2356//1308
f 2354//2008 2346//2008 2347//1307
f 2355//1307 2356//1308 2342//1307
f 2355//1307 2343//1307 2344//1307
f 2357//2889 2365//2890 2356//2891
f 2358//2892 2357//2889 2356//2891
f 2359//2893 2358//2892 2355//2894
f 2360//2895 2359//2893 2353//2896
f 2361//2897 2360//2895 2350//2898
f 2362//2899 2361//2897 2350//2898
f 2363//2900 2362//2899 2351//2901
f 2364//2902 2363//2900 2351//2901
f 2365//2890 2364//2902 2352//2903
f 2352//2903 2356//2891 2365//2890
f 2351//2901 2352//2903 2364//2902
f 2354//2904 2351//2901 2362//2899
f 2350//2898 2354//2904 2362//2899
f 2353//2896 2350//2898 2360//2895
f 2355//2894 2353//2896 2359//2893
f 2356//2891 2355//2894 2358//2892
f 2366//2905 2360//2906 2361//2907
f 2366//2908 2359//2909 2360//2910
f 2366//2911 2358//2912 2359//2913
f 2366//2914 2357//2915 2358//2916
f 2366//2917 2365//2918 2357//2919
f 2366//2920 2364//2921 2365//2922
f 2366//2923 2363//2924 2364//2925
f 2366//2926 2362//2927 2363//2928
f 2366//2929 2361//2930 2362//2931
f 2367//2932 2000//2538 1992//2508
f 1992//2508 2368//2933 2367//2932
f 1992//2508 1991//2535 2368//2933
f 2370//2934 2078//2623 2077//2627
f 2369//2935 2077//2627 2071//2613
f 2079//2624 2370//2934 2371//2936
f 2370//2934 2079//2624 2078//2623
f 2033//2561 2373//2937 2372//2938
f 2369//2935 2018//2560 2033//2561
f 2369//2935 2032//2557 2018//2560
f 2369//2935 2013//2554 2015//2556
f 2015//2556 2032//2557 2369//2935
f 2074//2599 2013//2554 2071//2613
f 2013//2554 2369//2935 2071//2613
f 2374//2939 2373//2937 2035//2567
f 2034//2564 2035//2567 2373//2937
f 2373//2937 2020//2563 2034//2564
f 2033//2561 2020//2563 2373//2937
f 2375//2940 2025//2589 2026//2591
f 2375//2940 2024//2570 2025//2589
f 2375//2940 2374//2939 2036//2569
f 2375//2940 2036//2569 2024//2570
f 2004//2549 1996//2539 1999//2541
f 1999//2541 2000//2538 2004//2549
f 2000//2538 2367//2932 2004//2549
f 2367//2932 2037//2571 2004//2549
f 2367//2932 2028//2595 2029//2574
f 2367//2932 2027//2592 2028//2595
f 2027//2592 2376//2941 2375//2940
f 2027//2592 2367//2932 2376//2941
f 2026//2591 2027//2592 2375//2940
f 2029//2574 2037//2571 2367//2932
f 1949//2942 1986//2515 1985//2514
f 1985//2514 1910//2439 1949//2942
f 1949//2942 1935//2943 1987//2536
f 1987//2536 1986//2515 1949//2942
f 1989//2537 1934//2944 1933//2945
f 1989//2537 1988//2506 1935//2943
f 1935//2943 1988//2506 1987//2536
f 1935//2943 1934//2944 1989//2537
f 1930//2946 2377//2947 2368//2933
f 2368//2933 1931//2948 1930//2946
f 1991//2535 1932//2949 1931//2948
f 1931//2948 2368//2933 1991//2535
f 1933//2945 1990//2504 1989//2537
f 1933//2945 1991//2535 1990//2504
f 1933//2945 1932//2949 1991//2535
f 2379//2950 1929//2951 1928//2952
f 1928//2952 2378//2953 2379//2950
f 2379//2950 2377//2947 1929//2951
f 1930//2946 1929//2951 2377//2947
f 1948//2954 2380//2955 2378//2953
f 2378//2953 1928//2952 1948//2954
f 1897//2417 2381//2956 2380//2955
f 2380//2955 1948//2954 1897//2417
f 2382//2957 2384//2958 2383//2959
f 2384//2958 2382//2957 2385//2960
f 2385//2960 2386//2961 2384//2958
f 2386//2961 2387//2962 2384//2958
f 2081//2629 2080//2626 2388//2963
f 2080//2626 2389//2964 2388//2963
f 2389//2964 2080//2626 2079//2624
f 2079//2624 2391//2965 2390//2966
f 2079//2624 2393//2967 2391//2965
f 2392//2968 2393//2967 2371//2936
f 2371//2936 2394//2969 2392//2968
f 2393//2967 2079//2624 2371//2936
f 2390//2966 2389//2964 2079//2624
f 2394//2969 2371//2936 2395//2970
f 2386//2961 2395//2970 2387//2962
f 2395//2970 2386//2961 2394//2969
f 2396//2971 2082//2630 2081//2629
f 2396//2971 2397//2972 2083//2665
f 2397//2972 2084//2666 2083//2665
f 2083//2665 2082//2630 2396//2971
f 2081//2629 2388//2963 2396//2971
f 2383//2959 2398//2973 2382//2957
f 1911//2431 2381//2956 1897//2417
f 1985//2514 1908//2448 1910//2439
f 2035//2567 2036//2569 2374//2939
f 2372//2938 2369//2935 2033//2561
f 2077//2627 2369//2935 2370//2934
f 2400//2974 2399//2975 2388//2976
f 2401//2977 2400//2974 2389//2978
f 2402//2979 2401//2977 2390//2980
f 2390//2980 2391//2981 2402//2979
f 2403//2982 2402//2979 2391//2981
f 2391//2981 2393//2983 2403//2982
f 2403//2982 2393//2983 2392//2984
f 2404//2985 2392//2984 2394//2986
f 2405//2987 2394//2986 2386//2988
f 2386//2988 2406//2989 2405//2987
f 2394//2986 2405//2987 2404//2985
f 2392//2984 2404//2985 2403//2982
f 2389//2978 2390//2980 2401//2977
f 2388//2976 2389//2978 2400//2974
f 2399//2975 2397//2972 2396//2990
f 2396//2990 2388//2976 2399//2975
f 2406//2989 2386//2988 2385//2991
f 2385//2991 2382//2992 2406//2989
f 2431//2993 2432//2994 2433//2995
f 2286//2836 2430//2996 2433//2995
f 2434//2997 2435//2998 2436//2999
f 2437//3000 2436//2999 2432//2994
f 2428//3001 2438//3002 2435//2998
f 2433//2995 2439//3003 2431//2993
f 2430//2996 2426//3004 2439//3003
f 2440//3005 2434//2997 2437//3000
f 2441//3006 2437//3000 2431//2993
f 2440//3005 2442//3007 2428//3001
f 2442//3007 2443//3008 2428//3001
f 2444//3009 1955//2494 2445//3010
f 1955//2494 1956//2493 2448//3011
f 2448//3011 2446//3012 2449//3013
f 2450//3014 2449//3013 2446//3012
f 2443//3008 2450//3014 2447//3015
f 2379//2950 2450//3014 2443//3008
f 2443//3008 2451//3016 2379//2950
f 2452//3017 2427//3018 2374//2939
f 2376//2941 2431//2993 2439//3003
f 2426//3004 2452//3017 2439//3003
f 2440//3005 2454//3019 2453//3020
f 2441//3006 2376//2941 2454//3019
f 2453//3020 2451//3016 2442//3007
f 2376//2941 2439//3003 2375//2940
f 2367//2932 2368//2933 2453//3020
f 2367//2932 2454//3019 2376//2941
f 2451//3016 2453//3020 2368//2933
f 2368//2933 2377//2947 2451//3016
f 2377//2947 2379//2950 2451//3016
f 2444//3009 2445//3010 2380//2955
f 1954//2495 2444//3009 2455//3021
f 2448//3011 2449//3013 2378//2953
f 2381//2956 2455//3021 2380//2955
f 2333//2877 2325//2866 2413//3022
f 2336//2870 2337//2871 2409//3023
f 2334//2867 2335//2868 2411//3024
f 2335//2868 2336//2870 2410//3025
f 2325//2866 2334//2867 2412//3026
f 2456//3027 2424//3028 2425//3029
f 2457//3030 2425//3029 2383//2959
f 2383//2959 2384//2958 2458//3031
f 2459//3032 2456//3027 2458//3031
f 2420//3033 2421//3034 2456//3027
f 2419//3035 2420//3033 2459//3032
f 2460//3036 2419//3035 2461//3037
f 2417//3038 2416//3039 2460//3036
f 2462//3040 2463//3041 2460//3036
f 2460//3036 2464//3042 2462//3040
f 2464//3042 2461//3037 2465//3043
f 2465//3043 2458//3031 2384//2958
f 2461//3037 2459//3032 2465//3043
f 2465//3043 2384//2958 2387//2962
f 2387//2962 2395//2970 2466//3044
f 2466//3044 2467//3045 2462//3040
f 2466//3044 2395//2970 2371//2936
f 2371//2936 2467//3045 2466//3044
f 2332//2864 2333//2877 2415//3046
f 2469//3047 2468//3048 2284//2845
f 2463//3041 2471//3049 2469//3047
f 2471//3049 2470//3050 2468//3048
f 2472//3051 2473//3052 2474//3053
f 2470//3050 2472//3051 2293//2843
f 2290//2840 2474//3053 2473//3052
f 2427//3018 2289//2839 2475//3054
f 2289//2839 2290//2840 2475//3054
f 2476//3055 2477//3056 2470//3050
f 2470//3050 2471//3049 2476//3055
f 2462//3040 2476//3055 2471//3049
f 2477//3056 2478//3057 2472//3051
f 2478//3057 2479//3058 2473//3052
f 2371//2936 2370//2934 2467//3045
f 2467//3045 2480//3059 2476//3055
f 2477//3056 2480//3059 2370//2934
f 2369//2935 2478//3057 2477//3056
f 2372//2938 2479//3058 2478//3057
f 2479//3058 2481//3060 2475//3054
f 2427//3018 2475//3054 2481//3060
f 2481//3060 2479//3058 2373//2937
f 2479//3058 2372//2938 2373//2937
f 2374//2939 2481//3060 2373//2937
f 2482//3061 1938//2469 2483//3062
f 2483//3062 1938//2469 2484//3063
f 1938//2469 1937//2468 2484//3063
f 2485//3064 2482//3061 1973//2523
f 2485//3064 1973//2523 1972//2521
f 2438//3002 1941//2474 1940//2473
f 2435//2998 1940//2473 2485//3064
f 2484//3063 2486//3065 1958//2499
f 1937//2468 1936//2465 2486//3065
f 1936//2465 1953//2464 2486//3065
f 1953//2464 2487//3066 2486//3065
f 2487//3066 1959//2500 2486//3065
f 2488//3067 2487//3066 1950//2490
f 2338//2874 2330//2876 2407//3068
f 2330//2876 2408//3069 2407//3068
f 2338//2874 2407//3068 2409//3023
f 2414//3070 2463//3041 2415//3046
f 2460//3036 2416//3039 2418//3071
f 2419//3035 2460//3036 2418//3071
f 2421//3034 2422//3072 2456//3027
f 2424//3028 2456//3027 2422//3072
f 2383//2959 2425//3029 2398//2973
f 1911//2431 1954//2495 2381//2956
f 2444//3009 1954//2495 1955//2494
f 1945//2482 2446//3012 1956//2493
f 2447//3015 2446//3012 1945//2482
f 1945//2482 1944//3073 2447//3015
f 2429//3074 2447//3015 1944//3073
f 2438//3002 1942//2477 1941//2474
f 2438//3002 1943//2479 1942//2477
f 2482//3061 1939//2471 1938//2469
f 2482//3061 1940//2473 1939//2471
f 1918//3075 1946//3076 1952//2492
f 1946//3076 1947//3077 1951//2489
f 1951//2489 1947//3077 2488//3067
f 2488//3067 1950//2490 1951//2489
f 2487//3066 2488//3067 1947//3077
f 1947//3077 1960//2501 2487//3066
f 2487//3066 1960//2501 1959//2500
f 1976//2672 1958//2499 1957//2498
f 1976//2672 2484//3063 1958//2499
f 2484//3063 1976//2672 2483//3062
f 2483//3062 1976//2672 1975//2526
f 1975//2526 1974//2525 2482//3061
f 2433//2995 1969//2520 2285//2835
f 2430//2996 2286//2836 2287//2837
f 2427//3018 2430//2996 2287//2837
f 2289//2839 2427//3018 2288//2838
f 2474//3053 2290//2840 2291//2841
f 2292//2842 2293//2843 2474//3053
f 2468//3048 2294//2844 2284//2845
f 2468//3048 2293//2843 2294//2844
f 2291//2841 2292//2842 2474//3053
f 2287//2837 2288//2838 2427//3018
f 2285//2835 2286//2836 2433//2995
f 1969//2520 2433//2995 2432//2994
f 1969//2520 2432//2994 1968//2518
f 1972//2521 1968//2518 2436//2999
f 1974//2525 1973//2523 2482//3061
f 1951//2489 1952//2492 1946//3076
f 1952//2492 1923//2491 1918//3075
f 1944//3073 1943//2479 2429//3074
f 1954//2495 1911//2431 1913//2496
f 2422//3072 2423//3078 2424//3028
f 2414//3070 2417//3038 2463//3041
f 2409//3023 2337//2871 2338//2874
f 1953//2464 1950//2490 2487//3066
f 2486//3065 2484//3063 1937//2468
f 1959//2500 1958//2499 2486//3065
f 1940//2473 2435//2998 2438//3002
f 1968//2518 2432//2994 2436//2999
f 2485//3064 2436//2999 2435//2998
f 2482//3061 2485//3064 1940//2473
f 1972//2521 2436//2999 2485//3064
f 2483//3062 1975//2526 2482//3061
f 2481//3060 2374//2939 2427//3018
f 2475//3054 2473//3052 2479//3058
f 2369//2935 2372//2938 2478//3057
f 2480//3059 2467//3045 2370//2934
f 2370//2934 2369//2935 2477//3056
f 2476//3055 2462//3040 2467//3045
f 2477//3056 2476//3055 2480//3059
f 2473//3052 2472//3051 2478//3057
f 2472//3051 2470//3050 2477//3056
f 2471//3049 2463//3041 2462//3040
f 2473//3052 2475//3054 2290//2840
f 2293//2843 2468//3048 2470//3050
f 2474//3053 2293//2843 2472//3051
f 2468//3048 2469//3047 2471//3049
f 2469//3047 2415//3046 2463//3041
f 2284//2845 2331//2863 2469//3047
f 2415//3046 2469//3047 2332//2864
f 2331//2863 2332//2864 2469//3047
f 2462//3040 2464//3042 2466//3044
f 2466//3044 2465//3043 2387//2962
f 2465//3043 2466//3044 2464//3042
f 2460//3036 2463//3041 2417//3038
f 2461//3037 2464//3042 2460//3036
f 2459//3032 2461//3037 2419//3035
f 2456//3027 2459//3032 2420//3033
f 2458//3031 2465//3043 2459//3032
f 2458//3031 2457//3030 2383//2959
f 2457//3030 2458//3031 2456//3027
f 2425//3029 2457//3030 2456//3027
f 2412//3026 2413//3022 2325//2866
f 2410//3025 2411//3024 2335//2868
f 2411//3024 2412//3026 2334//2867
f 2409//3023 2410//3025 2336//2870
f 2413//3022 2415//3046 2333//2877
f 2380//2955 2448//3011 2378//2953
f 2379//2950 2378//2953 2449//3013
f 2455//3021 2381//2956 1954//2495
f 2448//3011 2380//2955 2445//3010
f 2449//3013 2450//3014 2379//2950
f 2380//2955 2455//3021 2444//3009
f 2453//3020 2454//3019 2367//2932
f 2452//3017 2375//2940 2439//3003
f 2374//2939 2375//2940 2452//3017
f 2443//3008 2442//3007 2451//3016
f 2442//3007 2440//3005 2453//3020
f 2441//3006 2431//2993 2376//2941
f 2440//3005 2441//3006 2454//3019
f 2427//3018 2452//3017 2426//3004
f 2447//3015 2429//3074 2443//3008
f 2446//3012 2447//3015 2450//3014
f 2448//3011 2445//3010 1955//2494
f 2446//3012 2448//3011 1956//2493
f 2429//3074 2428//3001 2443//3008
f 2428//3001 2434//2997 2440//3005
f 2437//3000 2441//3006 2440//3005
f 2439//3003 2433//2995 2430//2996
f 1943//2479 2438//3002 2428//3001
f 2435//2998 2434//2997 2428//3001
f 2432//2994 2431//2993 2437//3000
f 2436//2999 2437//3000 2434//2997
f 2427//3018 2426//3004 2430//2996
f 2429//3074 1943//2479 2428//3001
f 2490//3079 2489//3080 2418//3071
f 2491//3081 2418//3071 2416//3039
f 2491//3081 2490//3079 2418//3071
f 2492//3082 2491//3081 2417//3038
f 2417//3038 2414//3070 2492//3082
f 2493//3083 2492//3082 2414//3070
f 2493//3083 2414//3070 2415//3046
f 2494//3084 2415//3046 2413//3022
f 2415//3046 2494//3084 2493//3083
f 2413//3022 2412//3026 2494//3084
f 2412//3026 2496//3085 2495//3086
f 2412//3026 2411//3024 2496//3085
f 2412//3026 2495//3086 2494//3084
f 2416//3039 2417//3038 2491//3081
f 2419//3035 2418//3071 2489//3080
f 2496//3085 2409//3023 2407//3068
f 2496//3085 2410//3025 2409//3023
f 2407//3068 2408//3069 2496//3085
f 2496//3085 2411//3024 2410//3025
f 2489//3080 2423//3078 2422//3072
f 2489//3080 2422//3072 2421//3034
f 2421//3034 2420//3033 2489//3080
f 2420//3033 2419//3035 2489//3080
f 2494//1342 2495//3087 2497//3088
f 2495//3087 2496//3085 2498//2445
f 2493//3089 2494//1342 2497//3088
f 2498//2445 2497//3088 2495//3087
f 2497//3088 2510//3090 2493//3089
f 2499//3091 2498//2445 2496//3085
f 2496//3085 2408//3069 2499//3091
f 2489//3080 2502//3092 2500//3093
f 2489//3080 2503//3094 2502//3092
f 2403//3095 2404//3096 2505//3097
f 2405//2008 2406//2989 2506//3098
f 2397//2972 2507//3099 2508//3100
f 2492//3101 2493//3089 2510//3090
f 2408//3069 2511//3102 2499//3091
f 2408//3069 2501//3103 2511//3102
f 2192//3104 2512//3105 2501//3103
f 2192//3104 2513//3106 2512//3105
f 2192//3104 2423//3078 2500//3093
f 2500//3093 2423//3078 2489//3080
f 2490//3107 2514//3108 2503//3094
f 2514//3108 2490//3107 2491//3109
f 2491//3109 2492//3101 2504//3110
f 2110//2659 2382//2992 2398//2973
f 2424//3028 2423//3078 2192//3104
f 2404//3096 2405//2008 2506//3098
f 2382//2992 2516//3111 2517//3112
f 2382//2992 2508//3100 2518//3113
f 2508//3100 2382//2992 2397//2972
f 2397//2972 2519//3114 2507//3099
f 2397//2972 2520//3115 2519//3114
f 2297//2829 2330//2876 2329//2875
f 2501//3103 2408//3069 2192//3104
f 2500//3093 2513//3106 2192//3104
f 2110//2659 2397//2972 2382//2992
f 2398//2973 2425//3029 2110//2659
f 2424//3028 2192//3104 2110//2659
f 2505//3097 2515//3116 2403//3095
f 2509//3117 2520//3115 2399//2975
f 2399//2975 2400//3118 2521//3119
f 2297//2829 2329//2875 2296//2847
f 2504//3110 2514//3108 2491//3109
f 2110//2659 2425//3029 2424//3028
f 2506//3098 2505//3097 2404//3096
f 2382//2992 2518//3113 2516//3111
f 2521//3119 2509//3117 2399//2975
f 2400//3118 2401//3120 2522//3121
f 2401//3120 2402//3122 2523//3123
f 2297//2829 2192//3104 2408//3069
f 2503//3094 2489//3080 2490//3107
f 2517//3112 2506//3098 2406//2989
f 2408//3069 2330//2876 2297//2829
f 2517//3112 2406//2989 2382//2992
f 2520//3115 2397//2972 2399//2975
f 2523//3123 2522//3121 2401//3120
f 2402//3122 2403//3095 2515//3116
f 2515//3116 2523//3123 2402//3122
f 2510//3090 2504//3110 2492//3101
f 2522//3121 2521//3119 2400//3118
f 2397//2972 2110//2659 2084//2666
f 2089//2634 2084//2666 2110//2659
f 2506//3098 2524//3124 2505//3097
f 2524//3124 2506//3098 2517//3112
f 2509//3117 2526//3125 2525//3126
f 2526//3125 2509//3117 2521//3119
f 2521//3119 2527//3127 2526//3125
f 2527//3127 2522//3121 2523//3123
f 2523//3123 2528//3128 2527//3127
f 2515//3116 2529//3129 2528//3128
f 2529//3129 2515//3116 2505//3097
f 2530//3130 2529//3129 2524//3124
f 2529//3129 2505//3097 2524//3124
f 2531//3131 2530//3130 2524//3124
f 2524//3124 2517//3112 2531//3131
f 2531//3131 2517//3112 2516//3111
f 2516//3111 2532//3132 2531//3131
f 2533//3133 2532//3132 2508//3100
f 2533//3133 2508//3100 2507//3099
f 2507//3099 2534//3134 2533//3133
f 2525//3126 2534//3134 2520//3115
f 2534//3134 2519//3114 2520//3115
f 2520//3115 2509//3117 2525//3126
f 2507//3099 2519//3114 2534//3134
f 2518//3113 2508//3100 2532//3132
f 2516//3111 2518//3113 2532//3132
f 2523//3123 2515//3116 2528//3128
f 2521//3119 2522//3121 2527//3127
f 2532//1307 2533//1307 2538//1307
f 2533//1307 2534//1307 2536//1307
f 2535//2008 2530//2008 2531//2008
f 2530//2008 2535//2008 2537//2008
f 2531//2008 2532//1307 2539//1307
f 2536//1307 2538//1307 2533//1307
f 2537//2008 2529//1307 2530//2008
f 2537//2008 2540//1307 2529//1307
f 2539//1307 2535//2008 2531//2008
f 2538//1307 2539//1307 2532//1307
f 2536//1307 2534//1307 2525//1307
f 2525//1307 2541//1307 2536//1307
f 2525//1307 2526//1307 2541//1307
f 2526//1307 2527//1307 2541//1307
f 2540//1307 2527//1307 2528//1307
f 2540//1307 2541//1307 2527//1307
f 2540//1307 2528//1307 2529//1307
f 2542//3135 2543//3136 2541//3137
f 2544//2892 2542//3135 2541//3137
f 2545//2893 2544//2892 2540//2894
f 2546//2895 2545//2893 2537//2896
f 2547//2897 2546//2895 2535//2898
f 2548//3138 2547//2897 2535//2898
f 2549//3139 2548//3138 2538//3140
f 2550//3141 2549//3139 2536//3142
f 2543//3136 2550//3141 2536//3142
f 2536//3142 2541//3137 2543//3136
f 2538//3140 2536//3142 2549//3139
f 2539//2904 2538//3140 2548//3138
f 2535//2898 2539//2904 2548//3138
f 2537//2896 2535//2898 2546//2895
f 2540//2894 2537//2896 2545//2893
f 2541//3137 2540//2894 2544//2892
f 2551//2905 2546//2906 2547//2907
f 2551//3143 2545//3144 2546//2910
f 2551//3145 2544//2912 2545//2913
f 2551//2914 2542//2915 2544//2916
f 2551//3146 2543//3147 2542//3148
f 2551//3149 2550//3150 2543//3151
f 2551//3152 2549//3153 2550//3154
f 2551//3155 2548//3156 2549//3157
f 2551//2929 2547//2930 2548//2931
f 2498//3158 2499//3159 2552//3160
f 2552//3160 2499//3159 2511//3102
f 2512//3105 2513//3106 2553//3161
f 2510//3090 2497//3162 2554//3163
f 2497//3162 2498//3158 2555//3164
f 2555//3164 2554//3163 2497//3162
f 2556//3165 2500//3093 2502//3092
f 2557//3166 2556//3165 2502//3092
f 2557//3166 2503//3094 2514//3108
f 2558//3167 2557//3166 2514//3108
f 2559//3168 2558//3167 2504//3110
f 2559//3168 2504//3110 2510//3090
f 2559//3168 2510//3090 2554//3163
f 2560//3169 2559//3168 2554//3163
f 2561//3170 2560//3169 2555//3164
f 2555//3164 2498//3158 2561//3170
f 2552//3160 2562//3171 2561//3170
f 2562//3171 2552//3160 2511//3102
f 2563//3172 2562//3171 2511//3102
f 2563//3172 2501//3103 2512//3105
f 2512//3105 2564//3173 2563//3172
f 2564//3173 2512//3105 2553//3161
f 2565//3174 2564//3173 2553//3161
f 2565//3174 2553//3161 2513//3106
f 2500//3093 2556//3165 2565//3174
f 2513//3106 2500//3093 2565//3174
f 2511//3102 2501//3103 2563//3172
f 2498//3158 2552//3160 2561//3170
f 2554//3163 2555//3164 2560//3169
f 2514//3108 2504//3110 2558//3167
f 2502//3092 2503//3094 2557//3166
f 2563//1307 2564//1307 2566//1307
f 2567//1307 2566//1307 2564//1307
f 2562//1307 2570//1307 2569//2008
f 2563//1307 2566//1307 2570//1307
f 2565//1307 2571//1307 2567//1307
f 2556//1307 2572//1307 2571//1307
f 2556//1307 2557//1307 2572//1307
f 2569//2008 2568//2008 2561//2008
f 2565//1307 2556//1307 2571//1307
f 2558//1307 2573//1307 2572//1307
f 2568//2008 2560//2008 2561//2008
f 2570//1307 2562//1307 2563//1307
f 2572//1307 2557//1307 2558//1307
f 2568//2008 2574//2008 2560//2008
f 2561//2008 2562//1307 2569//2008
f 2567//1307 2564//1307 2565//1307
f 2558//1307 2559//1307 2573//1307
f 2574//2008 2573//1307 2559//1307
f 2574//2008 2559//1307 2560//2008
f 2576//3175 2575//3176 2572//3177
f 2577//3178 2576//3175 2572//3177
f 2578//3179 2577//3178 2573//3180
f 2579//3181 2578//3179 2574//3182
f 2580//3183 2579//3181 2568//3184
f 2568//3184 2569//3185 2580//3183
f 2581//3186 2580//3183 2569//3185
f 2582//3187 2581//3186 2569//3185
f 2583//3188 2582//3187 2566//3189
f 2584//3190 2583//3188 2566//3189
f 2575//3176 2584//3190 2571//3191
f 2567//3192 2571//3191 2584//3190
f 2566//3189 2567//3192 2584//3190
f 2570//3193 2566//3189 2582//3187
f 2569//3185 2570//3193 2582//3187
f 2574//3182 2568//3184 2579//3181
f 2573//3180 2574//3182 2578//3179
f 2572//3177 2573//3180 2577//3178
f 2571//3191 2572//3177 2575//3176
f 2585//2905 2579//3194 2580//3195
f 2585//2908 2578//3144 2579//2910
f 2585//3196 2577//3197 2578//3198
f 2585//3199 2576//3200 2577//3201
f 2585//3202 2575//3203 2576//3204
f 2585//3205 2584//3206 2575//3207
f 2585//3208 2583//3209 2584//3210
f 2585//3211 2582//3212 2583//3213
f 2585//3214 2581//3215 2582//3216
f 2585//3217 2580//3218 2581//3219
