# Blender 5.1.1
# www.blender.org
mtllib r_gripper_y_purdue.mtl
o r_gripper_y_purdue
v -0.025518 -0.053742 -0.024625
v -0.024775 -0.053761 -0.025043
v -0.024601 -0.053804 -0.025940
v -0.025613 -0.053787 -0.026525
v -0.026485 -0.053758 -0.025926
v -0.026466 -0.053924 -0.025003
v -0.024681 -0.057185 -0.026114
v -0.025731 -0.057169 -0.026607
v -0.026536 -0.057197 -0.025892
v -0.026444 -0.057197 -0.025033
v -0.025730 -0.057197 -0.024547
v -0.024992 -0.057202 -0.024720
v -0.024580 -0.057205 -0.025276
v -0.026854 -0.057707 -0.025852
v -0.026308 -0.057706 -0.026676
v -0.024906 -0.057701 -0.026779
v -0.024245 -0.057706 -0.025691
v -0.024582 -0.057705 -0.024618
v -0.025639 -0.057707 -0.024240
v -0.026650 -0.057704 -0.024746
v -0.024394 -0.057716 -0.023956
v -0.023601 -0.057716 -0.026065
v -0.027470 -0.057716 -0.026365
v -0.026640 -0.057716 -0.023848
v -0.025306 -0.057716 -0.027531
v -0.027371 -0.059672 -0.026180
v -0.026468 -0.059680 -0.027216
v -0.025050 -0.059667 -0.027407
v -0.023963 -0.059682 -0.026561
v -0.023698 -0.059691 -0.025519
v -0.023990 -0.059683 -0.024514
v -0.024877 -0.059666 -0.023799
v -0.025875 -0.059672 -0.023719
v -0.026788 -0.059667 -0.024124
v -0.027333 -0.059687 -0.024977
v -0.026462 -0.059716 -0.025562
v -0.025562 -0.059716 -0.024696
v -0.025562 -0.059716 -0.026428
v -0.024662 -0.059716 -0.025562
v -0.026310 -0.058720 -0.025986
v -0.026287 -0.058722 -0.025119
v -0.024947 -0.058712 -0.026190
v -0.025159 -0.058714 -0.024850
v -0.025562 -0.058444 -0.025562
v 0.025020 -0.053787 -0.024691
v 0.026152 -0.053742 -0.024843
v 0.026491 -0.053785 -0.025504
v 0.026111 -0.053835 -0.026428
v 0.024985 -0.053761 -0.026330
v 0.024527 -0.053930 -0.025662
v 0.026137 -0.057187 -0.026424
v 0.025171 -0.057197 -0.026518
v 0.024576 -0.057197 -0.025892
v 0.024780 -0.057169 -0.024836
v 0.025824 -0.057197 -0.024570
v 0.026578 -0.057172 -0.025328
v 0.024226 -0.057707 -0.025568
v 0.024582 -0.057706 -0.026489
v 0.025778 -0.057704 -0.026903
v 0.026768 -0.057706 -0.026121
v 0.026801 -0.057706 -0.025128
v 0.026036 -0.057702 -0.024294
v 0.024661 -0.057705 -0.024533
v 0.026718 -0.057716 -0.023956
v 0.027502 -0.057716 -0.025623
v 0.023603 -0.057716 -0.025712
v 0.026610 -0.057716 -0.027241
v 0.024562 -0.057716 -0.027285
v 0.024472 -0.057716 -0.023848
v 0.023654 -0.059677 -0.025790
v 0.024185 -0.059640 -0.026864
v 0.024954 -0.059684 -0.027334
v 0.026090 -0.059672 -0.027394
v 0.027171 -0.059666 -0.026536
v 0.027429 -0.059686 -0.025208
v 0.026440 -0.059681 -0.023875
v 0.024849 -0.059667 -0.023782
v 0.023957 -0.059691 -0.024593
v 0.025100 -0.059716 -0.024782
v 0.025100 -0.059716 -0.026341
v 0.026450 -0.059716 -0.025562
v 0.024700 -0.058714 -0.025338
v 0.025546 -0.058720 -0.026422
v 0.026297 -0.058721 -0.025959
v 0.025953 -0.058714 -0.024850
v 0.025550 -0.058444 -0.025562
v -0.002009 0.006684 -0.031729
v -0.005287 0.004712 -0.031716
v -0.006928 0.001101 -0.031719
v -0.006649 -0.002441 -0.031719
v -0.003127 -0.006617 -0.031686
v 0.001296 -0.006846 -0.031740
v 0.006896 -0.000076 -0.031785
v 0.005903 0.003724 -0.031729
v 0.002449 0.006759 -0.031711
v 0.003991 0.009331 -0.027796
v 0.004212 -0.009186 -0.027812
v 0.000195 -0.010051 -0.027800
v -0.004397 -0.009072 -0.027808
v -0.004459 0.009015 -0.027807
v -0.001281 0.009971 -0.027800
v 0.004942 -0.005365 -0.031638
v 0.007795 -0.003128 -0.031146
v 0.002422 0.008444 -0.030777
v 0.007131 0.004771 -0.030923
v 0.008475 0.001336 -0.030923
v 0.005150 -0.006862 -0.030923
v 0.001099 -0.008627 -0.030888
v -0.005979 -0.006213 -0.030955
v -0.008281 -0.002244 -0.030923
v -0.008458 0.001440 -0.030923
v -0.007071 0.004858 -0.030923
v -0.004378 0.007378 -0.030923
v -0.001347 0.008681 -0.030777
v 0.004478 0.007661 -0.030689
v -0.002002 -0.008918 -0.030373
v 0.000037 0.009610 -0.029733
v 0.005992 0.007853 -0.029087
v 0.007554 0.006374 -0.029074
v 0.008725 0.004632 -0.029090
v 0.009516 0.002651 -0.029088
v 0.009864 0.000545 -0.029087
v 0.009751 -0.001630 -0.029072
v 0.009185 -0.003643 -0.029083
v 0.008161 -0.005594 -0.029057
v 0.006812 -0.007161 -0.029077
v 0.004001 -0.008711 -0.029721
v -0.006738 -0.007227 -0.029081
v -0.008104 -0.005671 -0.029060
v -0.009146 -0.003733 -0.029087
v -0.009733 -0.001724 -0.029075
v -0.009866 0.000447 -0.029091
v -0.009540 0.002554 -0.029092
v -0.008768 0.004543 -0.029094
v -0.007593 0.006339 -0.029059
v -0.006080 0.007780 -0.029093
v -0.003007 0.009289 -0.029399
v 0.003121 0.009370 -0.029041
v -0.000016 -0.009896 -0.028987
v -0.004057 -0.008890 -0.029381
v -0.007502 0.006634 -0.025800
v -0.009606 0.002967 -0.025800
v -0.009971 -0.001352 -0.025800
v -0.008523 -0.005351 -0.025800
v -0.005415 -0.008376 -0.025800
v -0.002856 -0.010961 -0.027800
v -0.002967 -0.010725 -0.025800
v 0.002343 -0.013758 -0.027800
v 0.002210 -0.014146 -0.025800
v 0.000952 -0.015130 -0.027800
v 0.000081 -0.015301 -0.025800
v -0.001027 -0.015111 -0.027800
v -0.002353 -0.013708 -0.027800
v -0.002195 -0.014208 -0.025800
v 0.005049 -0.008632 -0.025800
v 0.002856 -0.010961 -0.025800
v 0.002786 -0.011246 -0.027800
v 0.008523 -0.005351 -0.025800
v 0.009971 -0.001352 -0.025800
v 0.009606 0.002967 -0.025800
v 0.007470 0.006665 -0.025800
v -0.003184 0.010093 -0.025800
v -0.002967 0.010725 -0.027800
v -0.002337 0.013767 -0.027800
v -0.002173 0.014184 -0.025800
v 0.002856 0.010961 -0.027800
v 0.003298 0.009968 -0.025800
v -0.000952 0.015130 -0.027800
v -0.000081 0.015301 -0.025800
v 0.001027 0.015111 -0.027800
v 0.002346 0.013719 -0.027800
v 0.002163 0.014239 -0.025800
v -0.009079 0.008962 -0.025800
v -0.010748 0.011254 -0.025800
v -0.009344 0.013192 -0.025800
v -0.007478 0.013173 -0.025800
v -0.011668 -0.001900 -0.025800
v -0.012487 -0.000003 -0.025800
v -0.014540 0.000435 -0.025800
v -0.012835 -0.003645 -0.025800
v -0.006943 -0.014570 -0.025800
v 0.007949 -0.013398 -0.025800
v 0.010430 -0.012280 -0.025800
v 0.010261 -0.009950 -0.025800
v 0.008441 -0.008947 -0.025800
v 0.012487 0.000003 -0.025800
v 0.011729 0.001450 -0.025800
v 0.012384 0.003428 -0.025800
v 0.014540 -0.000435 -0.025800
v 0.007576 0.011863 -0.025800
v 0.006943 0.014570 -0.025800
v -0.006293 0.011762 -0.025800
v -0.006717 0.009721 -0.025800
v 0.003747 0.014254 -0.025800
v 0.003301 0.012462 -0.025800
v 0.004822 0.010708 -0.025800
v 0.006602 -0.009932 -0.025800
v 0.006293 -0.011762 -0.025800
v -0.003514 -0.014006 -0.025800
v -0.003443 -0.012005 -0.025800
v -0.005552 -0.010546 -0.025800
v -0.007651 -0.012354 -0.025800
v -0.010759 -0.008679 -0.025801
v -0.008023 -0.010419 -0.025808
v -0.009153 -0.008589 -0.025803
v 0.008494 0.011240 -0.025802
v 0.009510 0.008823 -0.025808
v 0.010783 0.012455 -0.025816
v -0.022216 0.005953 -0.025800
v -0.022782 0.000214 -0.025800
v -0.018899 -0.000212 -0.025800
v -0.015900 -0.002681 -0.025800
v -0.015884 -0.000809 -0.025800
v -0.018003 -0.004986 -0.025800
v -0.014469 -0.003804 -0.025800
v -0.015318 -0.010984 -0.025799
v -0.012470 -0.010801 -0.025808
v -0.010637 -0.012915 -0.025811
v -0.009709 -0.016072 -0.025799
v -0.005187 -0.015051 -0.025800
v -0.002092 -0.018727 -0.025799
v 0.006783 -0.017477 -0.025800
v 0.011307 -0.014886 -0.025800
v 0.015320 -0.010977 -0.025798
v 0.018003 -0.004986 -0.025800
v 0.022814 0.000235 -0.025800
v 0.015126 0.003680 -0.025800
v 0.022216 0.005953 -0.025800
v 0.016097 0.001256 -0.025800
v 0.018900 -0.000208 -0.025800
v 0.019836 0.011205 -0.025800
v 0.016295 0.009630 -0.025800
v 0.012619 0.013852 -0.025800
v 0.012033 0.009934 -0.025807
v 0.007257 0.017234 -0.025800
v 0.003702 0.018330 -0.025800
v 0.005202 0.015048 -0.025800
v -0.002201 0.018654 -0.025800
v -0.007257 0.017234 -0.025800
v -0.012173 0.014314 -0.025800
v -0.019836 0.011205 -0.025800
v -0.016295 0.009630 -0.025800
v -0.011918 0.014525 -0.030300
v -0.007257 0.017234 -0.030300
v -0.001535 0.018720 -0.030300
v 0.005884 0.017811 -0.030300
v 0.012056 0.014387 -0.030300
v 0.016301 0.009616 -0.030300
v -0.022216 0.005953 -0.030300
v -0.022827 0.000260 -0.030300
v -0.019899 0.011188 -0.030300
v 0.022216 0.005953 -0.030300
v 0.019899 0.011188 -0.030300
v -0.016301 0.009616 -0.030300
v 0.022795 0.000239 -0.030300
v -0.019381 -0.000026 -0.030265
v -0.018777 -0.000488 -0.029770
v 0.018814 -0.000394 -0.029865
v 0.019504 -0.000016 -0.030251
v -0.011776 -0.015014 -0.029743
v -0.015448 -0.010615 -0.029704
v -0.017278 -0.007270 -0.029707
v -0.018368 -0.003692 -0.029616
v -0.011134 -0.016928 -0.030274
v -0.018842 -0.003881 -0.030228
v -0.017033 -0.009405 -0.030262
v 0.018396 -0.003643 -0.029709
v 0.017293 -0.007238 -0.029707
v 0.015467 -0.010592 -0.029710
v 0.017119 -0.009247 -0.030262
v -0.008726 -0.010760 -0.026301
v -0.008757 -0.009627 -0.026306
v -0.010124 -0.008925 -0.026318
v -0.011830 -0.010574 -0.026303
v -0.011649 -0.011698 -0.026303
v -0.010380 -0.012298 -0.026313
v -0.008617 -0.010572 -0.031300
v -0.010426 -0.012312 -0.031300
v -0.010319 -0.009021 -0.031300
v -0.009064 -0.009250 -0.031300
v -0.012007 -0.011051 -0.031300
v -0.007017 0.009478 -0.028900
v -0.008745 0.008983 -0.028900
v -0.010168 0.009874 -0.028900
v -0.010609 0.011694 -0.028900
v -0.008756 0.013449 -0.028900
v -0.006648 0.012495 -0.028900
v -0.006259 0.010924 -0.028900
v -0.005823 0.008406 -0.028900
v -0.005551 0.013541 -0.028900
v -0.004626 0.011368 -0.028900
v -0.011070 0.014007 -0.028900
v -0.007590 0.014892 -0.028900
v -0.012154 0.010158 -0.028900
v -0.009253 0.007414 -0.028900
v -0.004879 0.009948 -0.032900
v -0.006688 0.007797 -0.032900
v -0.009881 0.007687 -0.032900
v -0.012214 0.010407 -0.032900
v -0.011221 0.013735 -0.032900
v -0.008406 0.015027 -0.032900
v -0.005083 0.013125 -0.032900
v -0.011977 -0.000668 -0.028900
v -0.011769 -0.002288 -0.028900
v -0.012755 -0.003566 -0.028900
v -0.014362 -0.003861 -0.028900
v -0.015836 -0.002753 -0.028900
v -0.015794 -0.000424 -0.028900
v -0.013426 0.000493 -0.028900
v -0.010898 0.000635 -0.028900
v -0.010159 -0.002077 -0.028900
v -0.016599 0.000848 -0.028900
v -0.011408 -0.004577 -0.028900
v -0.016366 -0.004686 -0.028900
v -0.017682 -0.001344 -0.028900
v -0.014159 0.002150 -0.028900
v -0.013761 -0.005431 -0.028900
v -0.010035 -0.001485 -0.032900
v -0.011584 -0.004725 -0.032900
v -0.014248 -0.005432 -0.032900
v -0.016762 -0.004194 -0.032900
v -0.017646 -0.001535 -0.032900
v -0.016597 0.000947 -0.032900
v -0.014482 0.001982 -0.032900
v -0.011951 0.001563 -0.032900
v -0.005410 -0.010706 -0.028900
v -0.003901 -0.011331 -0.028900
v -0.003293 -0.012823 -0.028900
v -0.003837 -0.014368 -0.028900
v -0.005295 -0.015060 -0.028900
v -0.006855 -0.014606 -0.028900
v -0.007627 -0.013187 -0.028900
v -0.007134 -0.011377 -0.028900
v -0.002200 -0.014950 -0.028900
v -0.001882 -0.011784 -0.028900
v -0.009336 -0.012806 -0.028900
v -0.003612 -0.009568 -0.028900
v -0.007209 -0.009433 -0.028900
v -0.004962 -0.016607 -0.028900
v -0.007677 -0.015986 -0.028900
v -0.003731 -0.009433 -0.032900
v -0.001604 -0.012806 -0.032900
v -0.003264 -0.015986 -0.032900
v -0.005979 -0.016607 -0.032900
v -0.008126 -0.015541 -0.032900
v -0.009322 -0.012550 -0.032900
v -0.007329 -0.009568 -0.032900
v 0.007192 -0.009302 -0.028900
v 0.008973 -0.009061 -0.028900
v 0.010334 -0.010066 -0.028900
v 0.010361 -0.012396 -0.028900
v 0.008284 -0.013384 -0.028900
v 0.006681 -0.012557 -0.028900
v 0.006259 -0.010924 -0.028900
v 0.012176 -0.011010 -0.028900
v 0.010760 -0.008112 -0.028900
v 0.005418 -0.008979 -0.028900
v 0.007229 -0.007570 -0.028900
v 0.011070 -0.014007 -0.028900
v 0.004626 -0.011368 -0.028900
v 0.007590 -0.014892 -0.028900
v 0.005551 -0.013541 -0.028900
v 0.005719 -0.008596 -0.032900
v 0.008382 -0.007357 -0.032900
v 0.010558 -0.008127 -0.032900
v 0.012214 -0.010407 -0.032900
v 0.011221 -0.013735 -0.032900
v 0.008406 -0.015027 -0.032900
v 0.005675 -0.013737 -0.032900
v 0.004622 -0.011131 -0.032900
v 0.011977 0.000668 -0.028900
v 0.011763 0.002287 -0.028900
v 0.013170 0.003832 -0.028900
v 0.015205 0.003484 -0.028900
v 0.016107 0.001885 -0.028900
v 0.015424 0.000109 -0.028900
v 0.013426 -0.000493 -0.028900
v 0.016366 0.004686 -0.028900
v 0.017682 0.001344 -0.028900
v 0.016353 -0.001132 -0.028900
v 0.013740 -0.002094 -0.028900
v 0.010898 -0.000635 -0.028900
v 0.010213 0.002898 -0.028900
v 0.012830 0.005358 -0.028900
v 0.010287 0.000671 -0.032900
v 0.010523 0.003448 -0.032900
v 0.013060 0.005417 -0.032900
v 0.016284 0.004692 -0.032900
v 0.017757 0.001508 -0.032900
v 0.015530 -0.001798 -0.032900
v 0.011951 -0.001563 -0.032900
v 0.011378 0.009865 -0.026317
v 0.011295 0.011352 -0.026309
v 0.010087 0.011929 -0.026311
v 0.009048 0.011073 -0.026303
v 0.009175 0.009866 -0.026306
v 0.010133 0.009349 -0.026303
v 0.010141 0.011937 -0.031805
v 0.008856 0.010577 -0.031815
v 0.010510 0.009260 -0.031814
v 0.011566 0.010935 -0.031809
v 0.010246 0.010610 -0.032551
v 0.004666 0.010751 -0.028900
v 0.003279 0.012598 -0.028900
v 0.003698 0.014153 -0.028900
v 0.005069 0.015054 -0.028900
v 0.006855 0.014606 -0.028900
v 0.007632 0.013181 -0.028900
v 0.007134 0.011377 -0.028900
v 0.008774 0.014773 -0.028900
v 0.009114 0.011983 -0.028900
v 0.007209 0.009433 -0.028900
v 0.002115 0.014747 -0.028900
v 0.004537 0.016575 -0.028900
v 0.007035 0.016270 -0.028900
v 0.001882 0.011784 -0.028900
v 0.003621 0.009575 -0.028900
v 0.005061 0.009123 -0.032900
v 0.002938 0.010142 -0.032900
v 0.001826 0.011983 -0.032900
v 0.001906 0.013951 -0.032900
v 0.003296 0.015969 -0.032900
v 0.006284 0.016585 -0.032900
v 0.008811 0.014793 -0.032900
v 0.009059 0.011784 -0.032900
v 0.007659 0.009837 -0.032900
v -0.010142 -0.019273 -0.029810
v -0.010891 -0.016765 -0.029915
v -0.010107 -0.018987 -0.026700
v -0.011824 -0.014617 -0.026702
v -0.011041 -0.027429 -0.030314
v -0.010108 -0.028724 -0.029892
v -0.009962 -0.029515 -0.032596
v -0.009976 -0.028804 -0.032610
v -0.011095 -0.027372 -0.032320
v 0.002960 0.029435 -0.030299
v 0.012006 0.026892 -0.030300
v -0.008774 0.028246 -0.030300
v -0.017163 -0.023932 -0.030300
v -0.023857 -0.017496 -0.030299
v 0.017163 -0.023932 -0.030300
v -0.019798 0.022035 -0.030300
v 0.010887 -0.027552 -0.030307
v 0.019798 0.022035 -0.030300
v 0.023857 -0.017496 -0.030299
v -0.027026 0.012034 -0.030299
v 0.027026 0.012034 -0.030299
v -0.027966 -0.009230 -0.030300
v 0.027966 -0.009230 -0.030300
v 0.029675 -0.000233 -0.030301
v -0.029675 -0.000233 -0.030301
v 0.010123 -0.019199 -0.029727
v 0.010078 -0.028858 -0.029811
v 0.010997 -0.017070 -0.030264
v 0.010867 -0.027486 -0.032501
v 0.009950 -0.029083 -0.032609
v 0.016360 -0.024320 -0.032739
v 0.020380 -0.021068 -0.032732
v 0.023656 -0.017265 -0.032751
v 0.027039 -0.010582 -0.032884
v 0.029022 -0.000615 -0.032889
v 0.028338 0.007395 -0.032783
v 0.026680 0.012101 -0.032734
v 0.022531 0.018331 -0.032880
v 0.017111 0.023753 -0.032799
v 0.012404 0.026567 -0.032720
v 0.007510 0.028311 -0.032779
v 0.001980 0.028858 -0.032895
v -0.007527 0.028317 -0.032759
v -0.012404 0.026567 -0.032720
v -0.017121 0.023727 -0.032830
v -0.020953 0.020507 -0.032722
v -0.025195 0.014469 -0.032875
v -0.028608 0.004895 -0.032889
v -0.029114 -0.003207 -0.032772
v -0.027178 -0.010189 -0.032889
v -0.023664 -0.017271 -0.032734
v -0.020379 -0.021076 -0.032723
v -0.016356 -0.024312 -0.032758
v -0.002609 0.029242 -0.032611
v 0.026431 -0.012904 -0.032461
v 0.028286 -0.008068 -0.032459
v 0.029257 -0.003018 -0.032462
v 0.029332 0.002194 -0.032458
v 0.024237 0.016663 -0.032461
v 0.020938 0.020658 -0.032459
v 0.002554 0.029301 -0.032462
v -0.024253 0.016638 -0.032461
v -0.026785 0.012138 -0.032467
v -0.028499 0.007275 -0.032460
v -0.029335 0.002166 -0.032457
v -0.028277 -0.008095 -0.032459
v -0.026417 -0.012930 -0.032461
v 0.011783 -0.015005 -0.029743
v 0.010913 -0.016711 -0.029915
v 0.012124 -0.014343 -0.026703
v 0.010208 -0.018208 -0.026700
v -0.010553 -0.027315 -0.032840
v 0.009465 -0.031255 -0.032858
v 0.010538 -0.027195 -0.032867
v 0.001624 -0.000236 -0.032900
v -0.009683 -0.005544 -0.032900
v -0.009523 -0.031390 -0.032831
v -0.009588 -0.041477 -0.030399
v 0.009958 -0.031980 -0.032304
v 0.009556 -0.041456 -0.030409
v -0.009969 -0.041266 -0.029984
v 0.009967 -0.041501 -0.029964
v -0.009220 -0.048874 -0.029964
v -0.009882 -0.047918 -0.030027
v -0.009237 -0.048255 -0.030382
v -0.009276 -0.028067 -0.024607
v -0.009255 -0.028070 -0.026700
v -0.009978 -0.028762 -0.026700
v -0.009970 -0.028762 -0.024597
v -0.009809 -0.048464 -0.024606
v -0.009336 -0.028627 -0.024095
v 0.000538 -0.030079 -0.024101
v -0.000121 -0.029653 -0.024537
v 0.009356 -0.028640 -0.024096
v -0.009358 -0.048151 -0.024097
v -0.000005 -0.053030 -0.029969
v 0.000046 -0.052564 -0.030373
v 0.003488 -0.048517 -0.030400
v 0.003602 -0.046075 -0.030400
v -0.001113 -0.043297 -0.030400
v 0.002395 -0.044045 -0.030400
v 0.000706 -0.050802 -0.030400
v -0.003632 -0.045869 -0.030400
v -0.003028 -0.049404 -0.030400
v -0.000000 -0.053063 -0.024597
v 0.009860 -0.047924 -0.030082
v 0.009227 -0.048899 -0.029844
v 0.009106 -0.048510 -0.030366
v 0.009855 -0.048423 -0.024612
v -0.000000 -0.052559 -0.024099
v 0.009336 -0.048174 -0.024098
v 0.009957 -0.028727 -0.024603
v 0.009978 -0.028784 -0.026700
v 0.009288 -0.028072 -0.026700
v 0.009261 -0.028070 -0.024592
v -0.000706 -0.050802 -0.026400
v -0.003488 -0.048517 -0.026400
v -0.003602 -0.046075 -0.026400
v -0.002395 -0.044045 -0.026400
v 0.001113 -0.043297 -0.026400
v 0.003632 -0.045869 -0.026400
v 0.003028 -0.049404 -0.026400
v 0.001729 -0.045622 -0.026400
v 0.002169 -0.047425 -0.026400
v 0.000876 -0.049069 -0.026400
v -0.001490 -0.045319 -0.026400
v -0.002191 -0.047289 -0.026400
v 0.000296 -0.044838 -0.026400
v -0.001198 -0.048857 -0.026400
v -0.000876 -0.049069 -0.024100
v -0.002169 -0.047425 -0.024100
v -0.001729 -0.045622 -0.024100
v -0.000296 -0.044838 -0.024100
v 0.001490 -0.045319 -0.024100
v 0.002191 -0.047289 -0.024100
v 0.001198 -0.048857 -0.024100
v 0.007322 -0.017278 -0.026700
v -0.007202 -0.017308 -0.026700
v -0.007165 -0.017392 -0.030346
v -0.007745 -0.017496 -0.030145
v -0.008136 -0.017829 -0.026700
v -0.008100 -0.018101 -0.030380
v -0.007320 -0.018090 -0.030872
v -0.007803 -0.018005 -0.030697
v -0.007818 -0.028305 -0.026700
v -0.007505 -0.028422 -0.030233
v -0.007897 -0.027842 -0.030407
v 0.001892 -0.019362 -0.030867
v -0.003423 -0.018429 -0.030305
v 0.000020 -0.018762 -0.030332
v 0.003452 -0.018422 -0.030303
v 0.008173 -0.018003 -0.026700
v 0.007831 -0.017589 -0.030212
v 0.007228 -0.017376 -0.030331
v -0.007303 -0.027927 -0.030828
v 0.002520 -0.029293 -0.030312
v -0.002449 -0.029305 -0.030304
v 0.007838 -0.028291 -0.026700
v 0.007941 -0.027874 -0.030210
v 0.008105 -0.018112 -0.030356
v 0.007475 -0.018003 -0.030852
v 0.007505 -0.028395 -0.030324
v 0.007403 -0.027828 -0.030825
v -0.000208 -0.028871 -0.030868
v -0.007602 -0.031002 -0.024116
v -0.007950 -0.045074 -0.024100
v -0.007666 -0.042248 -0.024109
v -0.000385 -0.031803 -0.024276
v 0.007614 -0.031032 -0.024121
v 0.005664 -0.044304 -0.024100
v 0.004933 -0.045567 -0.024100
v -0.004938 -0.045463 -0.024100
v 0.007667 -0.042225 -0.024108
v 0.004127 -0.043254 -0.024105
v 0.007608 -0.044345 -0.024100
v 0.006030 -0.047162 -0.024100
v -0.005676 -0.046943 -0.024100
v 0.007826 -0.046436 -0.024100
v -0.006378 -0.043931 -0.024100
v -0.004086 -0.043346 -0.024103
v -0.007589 -0.046816 -0.024100
v -0.001819 -0.041724 -0.024220
v 0.007470 -0.031982 -0.024595
v 0.007297 -0.041874 -0.024615
v 0.006815 -0.031299 -0.024602
v 0.007426 -0.041495 -0.027805
v 0.006915 -0.042032 -0.027662
v -0.006931 -0.031316 -0.024591
v 0.004071 -0.042759 -0.024605
v -0.007484 -0.032082 -0.024601
v 0.001249 -0.041295 -0.024609
v 0.004153 -0.042103 -0.028371
v 0.006883 -0.041664 -0.028337
v 0.005536 -0.042180 -0.027839
v -0.007293 -0.041876 -0.024621
v -0.004071 -0.042761 -0.024623
v 0.004105 -0.042749 -0.027890
v 0.001652 -0.040918 -0.028509
v -0.002297 -0.041233 -0.028435
v 0.002285 -0.041709 -0.027904
v 0.000363 -0.041265 -0.027972
v -0.001539 -0.041470 -0.027902
v -0.003802 -0.042630 -0.027751
v -0.004368 -0.042726 -0.027685
v -0.004128 -0.042369 -0.028285
v -0.006992 -0.041994 -0.027825
v -0.007405 -0.041477 -0.027911
v -0.005518 -0.042186 -0.027837
v -0.006780 -0.041468 -0.028420
v -0.006769 -0.032070 -0.030667
v 0.006720 -0.040273 -0.028684
v 0.000948 -0.032831 -0.030516
v -0.007441 -0.032025 -0.030093
v -0.006757 -0.031333 -0.030073
v 0.000978 -0.032005 -0.029996
v 0.006695 -0.032217 -0.030670
v 0.006694 -0.031626 -0.030422
v 0.006745 -0.031327 -0.030039
v 0.007111 -0.032107 -0.030494
v 0.007452 -0.031928 -0.029918
v 0.005882 -0.044160 -0.029104
v 0.004938 -0.045471 -0.029104
v 0.005932 -0.047127 -0.029109
v 0.007521 -0.046729 -0.029101
v 0.008066 -0.045559 -0.029104
v 0.007330 -0.044300 -0.029102
v 0.006500 -0.045600 -0.030001
v -0.007118 -0.044160 -0.029104
v -0.008062 -0.045471 -0.029104
v -0.007068 -0.047127 -0.029109
v -0.005479 -0.046729 -0.029101
v -0.004934 -0.045559 -0.029104
v -0.005670 -0.044300 -0.029102
v -0.006500 -0.045600 -0.030001
v 0.010263 -0.059312 -0.047418
v 0.011573 -0.057765 -0.039276
v 0.011520 -0.058215 -0.047112
v 0.011086 -0.056681 -0.047216
v 0.010676 -0.056490 -0.039538
v 0.009011 -0.056954 -0.047656
v 0.009113 -0.056931 -0.039924
v 0.008895 -0.058524 -0.039975
v 0.008953 -0.058484 -0.047666
v 0.010731 -0.059222 -0.039532
v 0.040950 -0.053200 -0.000100
v 0.040112 -0.053200 -0.008239
v 0.040678 -0.066989 -0.005452
v 0.037674 -0.053200 -0.016050
v 0.037561 -0.066989 -0.016548
v 0.039531 -0.066995 -0.011084
v 0.031096 -0.053200 -0.026924
v 0.035103 -0.066986 -0.021262
v 0.027825 -0.066989 -0.030173
v 0.031809 -0.066995 -0.025957
v 0.018104 -0.053204 -0.036961
v 0.023683 -0.066986 -0.033516
v 0.013962 -0.066763 -0.038508
v 0.018780 -0.066997 -0.036510
v 0.010226 -0.054723 -0.039659
v 0.011739 -0.053582 -0.039230
v 0.007961 -0.055780 -0.040169
v 0.007134 -0.057553 -0.040325
v 0.007783 -0.059773 -0.040210
v 0.008986 -0.060610 -0.039954
v 0.012044 -0.052968 -0.039144
v 0.012013 -0.062948 -0.039149
v 0.010971 -0.061286 -0.039456
v 0.010764 -0.061092 -0.047115
v 0.008598 -0.055231 -0.047408
v 0.007372 -0.056745 -0.047588
v 0.007186 -0.058305 -0.047623
v 0.008272 -0.060290 -0.047459
v 0.011933 -0.053193 -0.046631
v 0.010749 -0.054518 -0.046946
v 0.008509 -0.060043 -0.047754
v 0.007447 -0.057634 -0.047929
v 0.008743 -0.055520 -0.047710
v 0.012397 -0.062629 -0.046887
v 0.011987 -0.062644 -0.046608
v 0.011540 -0.063736 -0.046759
v 0.011312 -0.063834 -0.039262
v 0.013773 -0.064363 -0.038558
v 0.011308 -0.054615 -0.047166
v 0.011761 -0.063988 -0.047073
v 0.011783 -0.051709 -0.047046
v 0.011678 -0.052049 -0.046705
v 0.012360 -0.052951 -0.046897
v -0.004322 -0.063969 -0.048428
v 0.012741 -0.053197 -0.032992
v 0.012233 -0.053006 -0.034194
v -0.010283 -0.053155 -0.033571
v 0.011481 -0.051930 -0.038251
v -0.008915 -0.051927 -0.038288
v 0.004811 -0.051724 -0.048227
v -0.004512 -0.051727 -0.048335
v -0.004547 -0.049850 -0.048429
v 0.004795 -0.049850 -0.048258
v -0.009322 -0.051711 -0.044500
v -0.009816 -0.049850 -0.044160
v -0.009241 -0.052090 -0.044066
v -0.009955 -0.052887 -0.043815
v -0.010073 -0.052407 -0.044101
v -0.010257 -0.053735 -0.044010
v -0.009989 -0.052972 -0.041274
v -0.011015 -0.049850 -0.044249
v -0.010975 -0.053634 -0.044227
v -0.011759 -0.052493 -0.045734
v -0.011738 -0.049850 -0.045799
v -0.010384 -0.051922 -0.047445
v -0.010469 -0.049850 -0.047277
v -0.010986 -0.049850 -0.048405
v -0.011174 -0.051849 -0.048465
v -0.010236 -0.056759 -0.042397
v -0.010816 -0.054725 -0.043409
v -0.010262 -0.059726 -0.042658
v -0.010262 -0.061925 -0.043981
v -0.010180 -0.054294 -0.041571
v -0.010219 -0.053703 -0.041492
v -0.010415 -0.053222 -0.040926
v -0.010177 -0.061306 -0.041528
v -0.010132 -0.062347 -0.041211
v -0.010177 -0.059374 -0.040663
v -0.010176 -0.056411 -0.040601
v 0.014013 -0.067076 -0.038799
v 0.041064 -0.067001 -0.000100
v -0.014002 -0.067077 -0.038801
v -0.008601 -0.063824 -0.039716
v -0.013799 -0.064417 -0.038545
v -0.009542 -0.063359 -0.039851
v -0.011584 -0.063895 -0.039133
v -0.013961 -0.066764 -0.038508
v -0.018927 -0.066969 -0.036381
v -0.023758 -0.066989 -0.033470
v -0.027900 -0.066986 -0.030097
v -0.031852 -0.066995 -0.025903
v -0.035153 -0.066986 -0.021177
v -0.037615 -0.066989 -0.016425
v -0.039568 -0.066989 -0.010939
v -0.040695 -0.066985 -0.005300
v -0.041054 -0.066994 -0.000100
v 0.037143 -0.066984 -0.023891
v 0.040178 -0.066984 -0.018334
v -0.040478 -0.066984 -0.017662
v -0.037537 -0.066984 -0.023267
v -0.033826 -0.066984 -0.028393
v -0.009533 -0.067082 -0.042982
v -0.000227 -0.067000 -0.044116
v 0.018316 -0.066991 -0.040164
v 0.023659 -0.066972 -0.037316
v 0.028860 -0.066984 -0.033429
v 0.033345 -0.066984 -0.028958
v 0.042387 -0.066983 -0.012399
v 0.043730 -0.066980 -0.006199
v -0.043798 -0.066983 -0.005707
v -0.042586 -0.066989 -0.011689
v -0.029420 -0.066984 -0.032936
v -0.024408 -0.066984 -0.036805
v -0.018726 -0.066963 -0.040013
v 0.009282 -0.067082 -0.043036
v -0.044242 -0.066942 -0.000100
v -0.009193 -0.063638 -0.044092
v -0.010067 -0.062500 -0.039693
v -0.015840 -0.062251 -0.037776
v -0.009498 -0.063897 -0.044347
v -0.009998 -0.062940 -0.043989
v -0.040950 -0.053200 -0.000100
v -0.039284 -0.053200 -0.012172
v -0.032055 -0.053200 -0.025697
v -0.023441 -0.053200 -0.033577
v -0.015795 -0.053351 -0.037789
v -0.015948 -0.061677 -0.040961
v -0.015969 -0.054163 -0.040856
v -0.004322 -0.065850 -0.048546
v -0.011595 -0.065850 -0.046036
v -0.010770 -0.063642 -0.046885
v -0.011682 -0.063054 -0.045493
v -0.011243 -0.065850 -0.044346
v -0.010998 -0.062075 -0.044234
v -0.009814 -0.065850 -0.044159
v -0.010799 -0.065850 -0.048316
v -0.010689 -0.063853 -0.048255
v -0.010571 -0.065850 -0.047079
v -0.010963 -0.061944 -0.041443
v -0.010963 -0.060890 -0.041384
v -0.015213 -0.062000 -0.044167
v -0.015375 -0.061999 -0.041359
v -0.015234 -0.061403 -0.041558
v -0.015421 -0.062408 -0.040865
v -0.010963 -0.061000 -0.043393
v -0.015213 -0.060946 -0.041563
v -0.015213 -0.061003 -0.043385
v -0.015222 -0.060020 -0.040818
v -0.015406 -0.057274 -0.040458
v -0.015266 -0.055174 -0.041100
v -0.010964 -0.053721 -0.041415
v -0.010963 -0.054778 -0.041431
v -0.015213 -0.053700 -0.044167
v -0.015209 -0.054764 -0.041515
v -0.015825 -0.053637 -0.040844
v -0.015433 -0.053707 -0.041345
v -0.015557 -0.054392 -0.041373
v -0.015234 -0.053257 -0.040871
v -0.015907 -0.059586 -0.040237
v -0.015966 -0.057220 -0.039831
v -0.015213 -0.054697 -0.043385
v -0.016075 -0.063878 -0.048474
v -0.016000 -0.063152 -0.045576
v -0.016001 -0.059779 -0.042616
v -0.016000 -0.055204 -0.043025
v -0.016000 -0.052556 -0.045570
v -0.016075 -0.051822 -0.048475
v -0.016052 -0.052797 -0.048434
v -0.016000 -0.058514 -0.043475
v -0.016000 -0.054489 -0.044518
v -0.016054 -0.062882 -0.048438
v -0.016000 -0.061765 -0.045183
v -0.019000 -0.053935 -0.045183
v -0.019000 -0.052799 -0.048483
v -0.019000 -0.057186 -0.043475
v -0.019000 -0.061212 -0.044518
v -0.019000 -0.062931 -0.048473
v -0.018815 -0.064081 -0.048500
v -0.017442 -0.064458 -0.048500
v -0.017344 -0.064333 -0.046974
v -0.018483 -0.063928 -0.046389
v -0.018596 -0.062420 -0.043976
v -0.018425 -0.060516 -0.042605
v -0.017643 -0.059857 -0.042268
v -0.018587 -0.057931 -0.042087
v -0.017463 -0.055778 -0.042233
v -0.018362 -0.054066 -0.043233
v -0.018590 -0.052496 -0.045005
v -0.018453 -0.051752 -0.046383
v -0.017401 -0.051328 -0.047266
v -0.018927 -0.051728 -0.048494
v -0.018683 -0.055589 -0.042603
v -0.018972 -0.063061 -0.045621
v -0.018975 -0.053820 -0.044221
v -0.018988 -0.058592 -0.042596
v -0.016402 -0.065735 -0.048498
v -0.016171 -0.049948 -0.048496
v -0.017429 -0.051242 -0.048500
v -0.016982 -0.057073 -0.040563
v -0.017020 -0.064242 -0.044980
v -0.017044 -0.051859 -0.044387
v -0.017522 -0.052104 -0.045191
v -0.017457 -0.053930 -0.043119
v -0.017241 -0.057867 -0.041724
v -0.017522 -0.061741 -0.043131
v -0.017522 -0.063588 -0.045178
v -0.017045 -0.061393 -0.042192
v -0.016538 -0.065174 -0.042640
v -0.016245 -0.065515 -0.042026
v -0.015172 -0.065854 -0.042531
v -0.016936 -0.064994 -0.040880
v -0.016780 -0.050872 -0.044500
v -0.015412 -0.049877 -0.041243
v -0.016625 -0.050565 -0.040899
v -0.023719 -0.048695 -0.035805
v -0.028602 -0.048695 -0.032039
v -0.032889 -0.048685 -0.027612
v -0.036498 -0.048685 -0.022628
v -0.039357 -0.048681 -0.017174
v -0.041423 -0.048692 -0.011352
v -0.018254 -0.048707 -0.038885
v -0.042956 -0.048699 -0.000100
v -0.042587 -0.048698 -0.005566
v -0.023673 -0.058039 -0.037175
v -0.032939 -0.057763 -0.029223
v -0.039629 -0.057753 -0.019178
v -0.043201 -0.057503 -0.008112
v -0.016158 -0.066278 -0.041262
v -0.016905 -0.050627 -0.039837
v -0.016082 -0.049498 -0.040079
v 0.000505 -0.049847 -0.044029
v -0.009389 -0.049750 -0.042527
v -0.012543 -0.048705 -0.041071
v -0.006408 -0.048709 -0.042471
v -0.000737 -0.048700 -0.042957
v 0.004946 -0.048767 -0.042719
v 0.012078 -0.048727 -0.041236
v 0.000833 -0.049640 -0.043451
v 0.008889 -0.049374 -0.042220
v 0.006302 -0.066755 -0.043768
v -0.006133 -0.066770 -0.043793
v -0.005381 -0.065927 -0.044361
v 0.000913 -0.065894 -0.044840
v 0.007038 -0.065949 -0.044100
v -0.012239 -0.066629 -0.042499
v 0.000889 -0.066626 -0.044208
v 0.012622 -0.066714 -0.042416
v 0.044174 -0.066977 -0.000100
v 0.042518 -0.048696 -0.006070
v 0.041217 -0.048690 -0.012064
v 0.039068 -0.048685 -0.017830
v 0.036116 -0.048681 -0.023229
v 0.032422 -0.048685 -0.028159
v 0.028059 -0.048695 -0.032516
v 0.023036 -0.048711 -0.036285
v 0.017881 -0.048699 -0.039039
v 0.043018 -0.048718 -0.000100
v 0.030650 -0.053200 -0.000100
v 0.030650 -0.048600 -0.000100
v -0.030650 -0.048600 -0.000100
v -0.030650 -0.053200 -0.000100
v 0.023827 -0.048600 -0.019390
v 0.024347 -0.053200 -0.018729
v 0.029158 -0.048600 -0.009901
v 0.029499 -0.053200 -0.008832
v 0.012021 -0.048600 -0.030452
v 0.012030 -0.053200 -0.030475
v -0.012030 -0.048600 -0.030475
v -0.012021 -0.053200 -0.030452
v -0.024347 -0.048600 -0.018729
v -0.023827 -0.053200 -0.019390
v -0.029499 -0.048600 -0.008832
v -0.029158 -0.053200 -0.009901
v 0.029863 -0.053200 -0.017645
v 0.030820 -0.053200 -0.019429
v -0.031729 -0.053200 -0.016729
v -0.032694 -0.053200 -0.017818
v -0.031950 -0.053200 -0.019398
v -0.030048 -0.053200 -0.017295
v 0.032692 -0.053200 -0.018660
v 0.031803 -0.053200 -0.016691
v -0.030251 -0.053200 -0.019011
v 0.029932 -0.051600 -0.017882
v 0.030820 -0.051600 -0.016721
v 0.032473 -0.051600 -0.017236
v 0.032515 -0.051600 -0.018816
v 0.030700 -0.051600 -0.019454
v 0.033610 -0.051600 -0.019715
v 0.028963 -0.051600 -0.016412
v 0.033923 -0.051600 -0.016754
v 0.031372 -0.051600 -0.015249
v 0.031548 -0.051600 -0.020892
v 0.028849 -0.051600 -0.019671
v 0.028849 -0.048600 -0.016479
v 0.031548 -0.048600 -0.015258
v 0.033610 -0.048600 -0.016435
v 0.033923 -0.048600 -0.019396
v 0.031372 -0.048600 -0.020901
v 0.028963 -0.048600 -0.019738
v -0.028615 -0.048600 -0.019082
v -0.029004 -0.048600 -0.016435
v -0.031367 -0.048600 -0.015202
v -0.031248 -0.048600 -0.021005
v -0.033954 -0.048600 -0.019195
v -0.033683 -0.048600 -0.016543
v -0.033954 -0.051600 -0.016955
v -0.031248 -0.051600 -0.015145
v -0.028615 -0.051600 -0.017068
v -0.029004 -0.051600 -0.019715
v -0.031367 -0.051600 -0.020948
v -0.033683 -0.051600 -0.019607
v -0.030014 -0.051600 -0.017368
v -0.030315 -0.051600 -0.019079
v -0.031950 -0.051600 -0.016752
v -0.032694 -0.051600 -0.018332
v -0.031729 -0.051600 -0.019421
v 0.010880 -0.065849 -0.047313
v 0.012655 -0.065350 -0.046816
v 0.012998 -0.066037 -0.042649
v 0.012854 -0.065795 -0.043483
v 0.016991 -0.065256 -0.040975
v 0.020142 -0.064653 -0.039424
v 0.017755 -0.063148 -0.041703
v 0.014240 -0.064156 -0.046369
v 0.014944 -0.062688 -0.046124
v 0.014905 -0.064903 -0.043731
v 0.015707 -0.063567 -0.044139
v 0.017316 -0.064021 -0.041909
v 0.016204 -0.050091 -0.040179
v 0.019698 -0.060703 -0.039770
v 0.041633 -0.057742 -0.014311
v 0.043507 -0.057798 -0.006133
v 0.036015 -0.057748 -0.025326
v 0.027480 -0.057679 -0.034429
v 0.015938 -0.053500 -0.043895
v 0.016927 -0.051919 -0.041868
v 0.019459 -0.051678 -0.039168
v 0.013027 -0.049411 -0.041198
v 0.013118 -0.049823 -0.041732
v 0.021568 -0.050910 -0.037553
v 0.011878 -0.049981 -0.047029
v 0.013868 -0.051192 -0.046475
v 0.014926 -0.053007 -0.046146
v 0.017628 -0.050524 -0.039807
v 0.015256 -0.052073 -0.044547
v 0.014304 -0.050441 -0.043305
v -0.009766 -0.065652 -0.010121
v -0.009530 -0.065666 -0.009915
v -0.011850 -0.065686 -0.012720
v -0.009350 -0.065686 -0.012720
v -0.011850 -0.065686 -0.009720
v -0.011850 -0.064716 -0.012720
v -0.009350 -0.064716 -0.012720
v -0.011850 -0.064716 -0.009720
v -0.021145 -0.064716 -0.003063
v -0.029100 -0.064689 0.006508
v -0.025055 -0.064716 0.000852
v -0.025058 -0.064716 -0.003062
v -0.021142 -0.064716 0.000849
v -0.007194 -0.064716 0.016280
v -0.009674 -0.064716 0.011481
v -0.009476 -0.064716 0.012891
v -0.012670 -0.064716 0.013192
v -0.012482 -0.064716 0.011416
v -0.011064 -0.064716 0.010676
v -0.010757 -0.064716 0.014124
v 0.028816 -0.064716 0.014751
v 0.028018 -0.064716 -0.012733
v 0.024591 -0.064716 -0.010954
v 0.025726 -0.064716 -0.009752
v 0.027546 -0.064716 -0.010038
v 0.024746 -0.064716 -0.012775
v 0.028302 -0.064716 -0.011321
v 0.024809 -0.064716 0.012767
v 0.024511 -0.064716 0.014438
v 0.028098 -0.064716 0.012797
v 0.026233 -0.064716 0.011954
v 0.028173 -0.064716 0.014648
v 0.006900 -0.064716 0.009280
v 0.022900 -0.064716 0.009280
v 0.022900 -0.064716 -0.006720
v -0.028956 -0.064716 -0.012937
v -0.027184 -0.064716 -0.014170
v 0.027137 -0.064716 -0.014189
v 0.026656 -0.064716 -0.013556
v 0.028546 -0.064716 -0.013049
v 0.028892 -0.064716 -0.012007
v 0.027208 -0.064716 0.016191
v 0.026994 -0.064716 0.015795
v 0.026021 -0.064716 0.016001
v -0.027473 -0.064716 0.016178
v -0.028951 -0.064716 0.014805
v -0.029100 -0.064606 0.011969
v -0.024550 -0.064732 0.012469
v -0.024550 -0.064840 0.006026
v -0.009400 -0.064716 0.014925
v 0.006900 -0.064716 -0.006720
v -0.009350 -0.064716 -0.009720
v 0.028800 -0.063020 -0.012736
v 0.027141 -0.063020 -0.014163
v 0.026001 -0.063020 0.016225
v 0.027951 -0.063020 0.015658
v 0.028708 -0.063020 0.014415
v -0.029043 -0.063020 0.014559
v -0.027549 -0.063020 0.016194
v -0.027621 -0.063020 -0.014120
v -0.029050 -0.063020 -0.012495
v -0.025038 -0.067758 -0.003044
v -0.025039 -0.067758 0.000832
v -0.021159 -0.067758 0.000833
v -0.021159 -0.067757 -0.003044
v 0.006900 -0.066116 0.009280
v 0.021239 -0.066116 0.009280
v 0.022900 -0.066116 0.009280
v 0.006900 -0.066116 -0.006720
v 0.022900 -0.066116 -0.006720
v -0.029980 -0.064596 0.011747
v -0.029980 -0.064696 0.006713
v -0.029980 -0.065659 0.005680
v -0.029980 -0.065659 0.012880
v -0.024550 -0.067436 0.005530
v -0.024550 -0.067436 0.013030
v -0.029980 -0.067286 0.005680
v -0.029980 -0.067286 0.012880
v 0.028352 -0.066716 0.013538
v 0.026994 -0.066716 0.012005
v 0.024665 -0.066716 0.012772
v 0.024811 -0.066716 0.015028
v 0.026233 -0.066716 0.015846
v 0.027774 -0.066716 0.015288
v 0.028374 -0.066716 -0.011554
v 0.027204 -0.066716 -0.013472
v 0.024831 -0.066716 -0.012890
v 0.024603 -0.066716 -0.010856
v 0.025819 -0.066716 -0.009755
v 0.027445 -0.066716 -0.009970
v -0.009416 -0.066716 0.011896
v -0.010608 -0.066716 0.010800
v -0.012192 -0.066716 0.011022
v -0.012767 -0.066716 0.012713
v -0.011628 -0.066716 0.014077
v -0.009905 -0.066716 0.013604
v -0.026050 -0.067136 0.012730
v -0.026050 -0.067136 0.005830
v -0.026050 -0.065026 0.012271
v -0.026050 -0.065170 0.006203
v -0.009480 -0.063020 0.011954
v 0.028102 -0.063020 0.012402
v 0.028587 -0.063020 -0.011342
v -0.023720 -0.063020 -0.009625
v -0.009750 -0.063020 0.013524
v -0.010409 -0.063020 0.010820
v 0.024423 -0.063020 0.012918
v 0.024260 -0.063020 0.014546
v 0.028191 -0.063020 -0.012974
v 0.024457 -0.063020 -0.012886
v -0.016480 -0.063020 0.011685
v 0.025970 -0.063020 -0.009426
v -0.016480 -0.063020 -0.009625
v 0.025865 -0.063020 0.011691
v 0.027788 -0.063020 -0.009874
v 0.024455 -0.063020 -0.010523
v -0.012867 -0.063020 0.012721
v 0.026591 -0.063020 -0.013848
v -0.012055 -0.063020 0.010988
v -0.011426 -0.063020 0.014065
v -0.023720 -0.063020 0.011685
v -0.023720 -0.057716 -0.009625
v -0.016481 -0.057716 -0.009625
v -0.023720 -0.057716 0.011685
v -0.016480 -0.057716 0.011685
v 0.024728 -0.057716 -0.013104
v 0.026846 -0.057716 -0.013878
v 0.028655 -0.057716 -0.012096
v 0.027897 -0.057716 -0.009974
v 0.026107 -0.057716 -0.009403
v 0.024248 -0.057716 -0.010808
v 0.024260 -0.057716 0.013252
v 0.025313 -0.057716 0.011979
v 0.027071 -0.057716 0.011741
v 0.028446 -0.057716 0.013005
v 0.028366 -0.057716 0.015021
v 0.026103 -0.057716 0.016199
v 0.024424 -0.057716 0.014868
v -0.012552 -0.057716 0.011368
v -0.010144 -0.057716 0.010878
v -0.009433 -0.057716 0.012712
v -0.010409 -0.057716 0.013980
v -0.012322 -0.057716 0.013655
v 0.031500 -0.057716 0.021698
v 0.012178 -0.057716 0.019706
v 0.011928 -0.057716 0.019206
v 0.012428 -0.057716 0.019206
v 0.009388 -0.057716 0.019206
v 0.009888 -0.057716 0.019206
v 0.009721 -0.057716 0.019706
v -0.031500 -0.057716 0.021698
v 0.031500 -0.057716 -0.021698
v -0.031500 -0.057716 -0.021698
v -0.012085 -0.057716 -0.023780
v -0.005472 -0.057753 -0.023780
v -0.005085 -0.057716 -0.018430
v 0.024383 -0.057716 -0.026126
v 0.022600 -0.057716 -0.030859
v 0.027436 -0.057716 -0.026653
v 0.025802 -0.057716 -0.026827
v 0.026794 -0.057716 -0.025793
v 0.026005 -0.057716 -0.024291
v 0.024537 -0.057716 -0.024840
v 0.026145 -0.057716 0.027919
v 0.019585 -0.057716 0.032855
v 0.012124 -0.057716 0.036278
v -0.004104 -0.057716 0.038029
v -0.001218 -0.057716 0.035991
v -0.000777 -0.057716 0.037215
v 0.000850 -0.057716 0.035214
v 0.004104 -0.057716 0.038029
v 0.001132 -0.057716 0.036886
v -0.000565 -0.057716 0.034991
v -0.012124 -0.057716 0.036278
v -0.019586 -0.057716 0.032855
v -0.026145 -0.057716 0.027920
v -0.022977 -0.057716 -0.030789
v -0.026728 -0.057716 -0.025109
v -0.024244 -0.057716 -0.025516
v -0.025536 -0.057716 -0.024244
v -0.026478 -0.057716 -0.026508
v -0.025065 -0.057716 -0.026703
v -0.012381 -0.057716 -0.034721
v -0.012582 -0.057716 -0.032160
v -0.013736 -0.057716 -0.030933
v -0.011067 -0.057716 -0.035825
v 0.011715 -0.057716 -0.033395
v 0.011271 -0.057716 -0.035804
v -0.003485 -0.057716 -0.033395
v -0.002667 -0.057716 -0.023570
v -0.002685 -0.057716 -0.014805
v 0.010755 -0.057716 -0.014805
v 0.010768 -0.057716 -0.023516
v 0.012425 -0.057716 -0.034505
v 0.011715 -0.057716 -0.026595
v 0.012594 -0.057716 -0.032060
v 0.014325 -0.057738 -0.027315
v 0.014262 -0.057732 -0.017885
v 0.019436 -0.057716 -0.027315
v 0.013883 -0.057716 -0.030905
v 0.009353 -0.057716 -0.013202
v -0.001282 -0.057716 -0.012885
v 0.011174 -0.057716 0.022624
v -0.009326 -0.057716 0.022624
v -0.010826 -0.057716 0.024724
v -0.010659 -0.057756 0.026724
v -0.009326 -0.057716 0.028824
v -0.009326 -0.057850 0.026724
v -0.009326 -0.057816 0.024724
v 0.011174 -0.057716 0.028824
v 0.012674 -0.057716 0.026724
v 0.012549 -0.057766 0.024724
v 0.011174 -0.057850 0.024724
v 0.011174 -0.057816 0.026724
v 0.009353 -0.057716 -0.012567
v 0.024749 -0.057716 0.000652
v 0.019519 -0.057719 -0.017885
v -0.012085 -0.057716 -0.018430
v -0.031500 -0.056200 0.021698
v -0.031500 -0.056200 -0.021698
v 0.031500 -0.056200 -0.021698
v 0.031500 -0.056200 0.021698
v -0.026145 -0.056200 0.027920
v -0.019586 -0.056200 0.032855
v -0.012124 -0.056200 0.036278
v -0.004104 -0.056200 0.038029
v 0.004104 -0.056200 0.038029
v 0.012124 -0.056200 0.036278
v 0.019586 -0.056200 0.032855
v 0.026145 -0.056200 0.027920
v -0.011103 -0.056200 -0.035827
v 0.012464 -0.056200 -0.034323
v 0.011394 -0.056200 -0.035779
v 0.013800 -0.056200 -0.030898
v 0.012582 -0.056200 -0.032161
v 0.022600 -0.056200 -0.030859
v 0.027436 -0.056200 -0.026653
v -0.027436 -0.056200 -0.026653
v -0.022600 -0.056200 -0.030859
v -0.012556 -0.056200 -0.032245
v -0.013698 -0.056200 -0.030940
v -0.012379 -0.056200 -0.034695
v 0.000850 -0.056200 0.037086
v -0.000875 -0.056200 0.037192
v -0.000903 -0.056200 0.035148
v 0.001132 -0.056200 0.035414
v 0.026776 -0.056200 -0.025874
v 0.026094 -0.056200 -0.024326
v 0.024317 -0.056200 -0.025097
v 0.024806 -0.056200 -0.026585
v 0.025974 -0.056200 -0.026732
v -0.024485 -0.056200 -0.024801
v -0.026437 -0.056200 -0.024520
v -0.026465 -0.056200 -0.026565
v -0.024657 -0.056200 -0.026480
v -0.001282 -0.059842 -0.012760
v 0.009353 -0.059820 -0.012748
v 0.015122 -0.061526 -0.027315
v 0.015122 -0.061526 -0.017885
v 0.018722 -0.061526 -0.017885
v 0.019080 -0.061273 -0.027315
v 0.011715 -0.061456 -0.033395
v -0.003485 -0.061456 -0.033395
v 0.010971 -0.061456 -0.024251
v 0.010755 -0.061456 -0.014805
v -0.002595 -0.061456 -0.023505
v -0.002685 -0.061456 -0.014805
v -0.003485 -0.061456 -0.026595
v 0.009353 -0.060034 -0.014805
v -0.001282 -0.059716 -0.014805
v -0.001282 -0.059337 -0.013264
v 0.009353 -0.059330 -0.013260
v 0.009353 -0.059399 -0.014805
v -0.005085 -0.061016 -0.023780
v -0.005535 -0.061016 -0.018430
v -0.005922 -0.060794 -0.023780
v -0.005985 -0.062416 -0.018430
v -0.005985 -0.062416 -0.023780
v -0.011185 -0.062416 -0.023780
v -0.011185 -0.062416 -0.018430
v -0.011635 -0.061016 -0.018430
v -0.011527 -0.060905 -0.023780
v -0.010659 -0.058866 0.024724
v -0.010743 -0.058866 0.026724
v -0.010576 -0.057916 0.024724
v -0.009326 -0.064916 0.022624
v -0.009326 -0.064916 0.028824
v 0.011174 -0.064916 0.028824
v 0.011174 -0.064916 0.022624
v 0.012549 -0.058866 0.026724
v 0.012549 -0.058866 0.024724
v 0.012424 -0.057916 0.026724
v 0.009638 -0.060200 0.019456
v 0.012178 -0.060200 0.019456
v -0.011310 -0.058231 -0.023780
v -0.011310 -0.060571 -0.019670
v -0.005860 -0.060571 -0.019670
v -0.005860 -0.058231 -0.019670
v -0.011310 -0.058231 -0.019670
v -0.007376 -0.064916 0.023624
v 0.009224 -0.064916 0.023624
v 0.009224 -0.064916 0.027824
v -0.007376 -0.064916 0.027824
v -0.007376 -0.059966 0.023624
v 0.009224 -0.059966 0.023624
v 0.009224 -0.059966 0.027824
v -0.007376 -0.059966 0.027824
v 0.001145 -0.061456 -0.032245
v 0.001290 -0.061456 -0.023545
v 0.007085 -0.061456 -0.032245
v 0.006860 -0.061456 -0.023545
v 0.001435 -0.061456 -0.018265
v 0.006635 -0.061456 -0.018265
v 0.001145 -0.064776 -0.032245
v 0.001290 -0.064623 -0.023545
v 0.007085 -0.064776 -0.032245
v 0.006860 -0.064470 -0.023545
v 0.006635 -0.064316 -0.018265
v 0.001435 -0.064316 -0.018265
v 0.009158 -0.056200 0.009489
v 0.014058 -0.056200 0.015289
v 0.009158 -0.056200 0.015289
v 0.012296 -0.056200 0.024066
v 0.009396 -0.056200 0.024066
v 0.009396 -0.056200 0.021666
v 0.018616 -0.056200 0.005984
v 0.018616 -0.056200 0.009184
v 0.016116 -0.056200 0.009184
v 0.017972 -0.056200 0.017323
v 0.017972 -0.056200 0.020523
v 0.015472 -0.056200 0.020523
v 0.015472 -0.056200 0.017323
v -0.006934 -0.056200 0.023069
v -0.009434 -0.056200 0.023069
v -0.010744 -0.056200 0.019869
v -0.010744 -0.056200 0.023069
v -0.013244 -0.056200 0.023069
v -0.013244 -0.056200 0.019869
v -0.017105 -0.056200 0.015703
v -0.019605 -0.056200 0.015703
v -0.017105 -0.056200 0.012503
v -0.019605 -0.056200 0.012503
v -0.013324 -0.056200 0.015703
v -0.015824 -0.056200 0.015703
v -0.015824 -0.056200 0.012503
v -0.013324 -0.056200 0.012503
v -0.015723 -0.056163 0.021992
v -0.014373 -0.056200 0.021992
v -0.014373 -0.056156 0.019892
v 0.020411 -0.056163 0.017349
v 0.019061 -0.056200 0.017349
v 0.021275 -0.056200 0.009100
v 0.019925 -0.056013 0.009100
v 0.019925 -0.055950 0.007000
v -0.001282 -0.056200 -0.012885
v 0.009388 -0.056199 0.019288
v 0.009888 -0.056197 0.019216
v 0.009888 -0.056200 0.019706
v 0.011928 -0.056200 0.019278
v 0.012428 -0.056192 0.019244
v 0.012428 -0.056200 0.019706
v 0.021776 -0.056200 0.015569
v 0.015981 -0.056200 0.015569
v 0.015981 -0.056200 0.010669
v 0.007861 -0.056200 0.007766
v 0.007861 -0.056200 0.021266
v -0.005639 -0.056200 0.021266
v -0.006934 -0.056200 0.019869
v -0.009434 -0.056200 0.019869
v -0.005639 -0.056200 0.007766
v 0.009353 -0.056200 -0.013202
v 0.009353 -0.056200 -0.012567
v -0.019291 -0.056200 -0.007185
v 0.021275 -0.056171 0.007000
v 0.016116 -0.056200 0.005984
v 0.014058 -0.056200 0.009489
v 0.021776 -0.056200 0.010669
v 0.020411 -0.056200 0.019449
v -0.015723 -0.056200 0.019892
v 0.019061 -0.056174 0.019449
v 0.012296 -0.056200 0.021666
v 0.009353 -0.055026 -0.012885
v -0.001282 -0.055026 -0.012885
v 0.021275 -0.055450 0.009100
v 0.020411 -0.055450 0.019449
v 0.019061 -0.055450 0.017349
v -0.014372 -0.055450 0.021992
v -0.015723 -0.055450 0.019892
v -0.015824 -0.054200 0.015703
v -0.013324 -0.054200 0.015703
v -0.013324 -0.054200 0.012503
v -0.015824 -0.054200 0.012503
v -0.017105 -0.054200 0.015703
v -0.019605 -0.054200 0.015703
v -0.017105 -0.054200 0.012503
v -0.019605 -0.054200 0.012503
v -0.010744 -0.054200 0.023069
v -0.013244 -0.054200 0.023069
v -0.010744 -0.054200 0.019869
v -0.013244 -0.054200 0.019869
v -0.006934 -0.054200 0.023069
v -0.009434 -0.054200 0.023069
v -0.006934 -0.054200 0.019869
v -0.009434 -0.054200 0.019869
v 0.017972 -0.054200 0.020523
v 0.015472 -0.054200 0.020523
v 0.017972 -0.054200 0.017323
v 0.015472 -0.054200 0.017323
v 0.016116 -0.054200 0.009184
v 0.018616 -0.054200 0.009184
v 0.018616 -0.054200 0.005984
v 0.016116 -0.054200 0.005984
v 0.012296 -0.055100 0.024066
v 0.012296 -0.055100 0.021666
v 0.009396 -0.055100 0.021666
v 0.009396 -0.055100 0.024066
v 0.009158 -0.055100 0.015289
v 0.009158 -0.055100 0.009489
v 0.014058 -0.055100 0.015289
v 0.014058 -0.055100 0.009489
v 0.021776 -0.055100 0.015569
v 0.015981 -0.055100 0.015569
v 0.015981 -0.055100 0.010669
v 0.021776 -0.055100 0.010669
v 0.011927 -0.055256 0.019552
v 0.011925 -0.055117 0.018847
v 0.011919 -0.054471 0.018606
v 0.011811 -0.053847 0.014949
v 0.011813 -0.054583 0.014754
v 0.012427 -0.055241 0.019547
v 0.012419 -0.054463 0.018569
v 0.012551 -0.053853 0.014960
v 0.012424 -0.055049 0.018735
v 0.012544 -0.054582 0.014771
v 0.009389 -0.055241 0.019547
v 0.009889 -0.055244 0.019542
v 0.009897 -0.054471 0.018606
v 0.009397 -0.054463 0.018569
v 0.009264 -0.053854 0.014960
v 0.010004 -0.053848 0.014949
v 0.009891 -0.055117 0.018847
v 0.009994 -0.054583 0.014747
v 0.009392 -0.055049 0.018735
v 0.009272 -0.054582 0.014771
v 0.007861 -0.051400 0.007766
v 0.007861 -0.051400 0.021266
v -0.005639 -0.051400 0.021266
v -0.005639 -0.051400 0.007766
v 0.010697 -0.053372 0.014190
v 0.011275 -0.053403 0.014239
v 0.011703 -0.053612 0.014579
v 0.010125 -0.053596 0.014549
v 0.010356 -0.054610 0.014021
v 0.011061 -0.054620 0.013830
v 0.011646 -0.054596 0.014230
v 0.012918 -0.053539 0.014467
v 0.013074 -0.053675 0.014323
v 0.013044 -0.053514 0.014089
v 0.013019 -0.054548 0.014157
v 0.013057 -0.054331 0.013831
v 0.012964 -0.054574 0.013946
v 0.011745 -0.053032 0.013086
v 0.011573 -0.054632 0.012834
v 0.011567 -0.054635 0.011986
v 0.011738 -0.054403 0.012726
v 0.011634 -0.052859 0.013283
v 0.011684 -0.054242 0.011192
v 0.011612 -0.052444 0.012564
v 0.008862 -0.054573 0.014237
v 0.008724 -0.054322 0.013885
v 0.008879 -0.054587 0.013941
v 0.008837 -0.053541 0.014425
v 0.008720 -0.053613 0.014094
v 0.010088 -0.052948 0.013133
v 0.010281 -0.052850 0.013343
v 0.010275 -0.052415 0.012588
v 0.010274 -0.054640 0.012802
v 0.010088 -0.054426 0.012721
v 0.010243 -0.054492 0.011288
v 0.010122 -0.052391 0.011735
v 0.010137 -0.054205 0.011163
v 0.010427 -0.054094 0.010831
v 0.010327 -0.052170 0.011649
v 0.011465 -0.054426 0.011106
v 0.011404 -0.054041 0.010836
v 0.010396 -0.052370 0.011282
v 0.011394 -0.052309 0.011313
v 0.011683 -0.052386 0.011655
v 0.011477 -0.052170 0.011769
v 0.022285 -0.066144 0.006702
v 0.021982 -0.066134 0.006523
v 0.022314 -0.066158 0.006384
v 0.021273 -0.066132 0.007867
v 0.021276 -0.066116 0.007999
v 0.021905 -0.066128 0.007965
v 0.021532 -0.066142 0.007819
v 0.021933 -0.066127 0.007773
v 0.021318 -0.066165 0.007981
v 0.007640 -0.066078 -0.004996
v 0.007783 -0.066068 -0.005979
v 0.008927 -0.066043 -0.005688
v 0.008401 -0.066065 -0.004659
v 0.021388 -0.066144 0.008764
v 0.021718 -0.066140 0.008802
v 0.021461 -0.066143 0.008497
v 0.021918 -0.066132 0.008299
v 0.021688 -0.066139 0.008335
v 0.021730 -0.066146 0.008561
v 0.021304 -0.066137 0.008271
v 0.021159 -0.066139 0.006038
v 0.021168 -0.066144 0.005496
v 0.020273 -0.066142 0.004824
v 0.020103 -0.066142 0.005018
v 0.020488 -0.066143 0.008009
v 0.020781 -0.066148 0.008298
v 0.020915 -0.066150 0.007948
v 0.021080 -0.066140 0.007966
v 0.020663 -0.066141 0.005794
v 0.021531 -0.066140 0.005661
v 0.021867 -0.066146 0.005690
v 0.021461 -0.066142 0.005439
v 0.021278 -0.066132 0.005756
v 0.021696 -0.066141 0.005288
v 0.021726 -0.066147 0.005506
v 0.021299 -0.066128 0.005273
v 0.021849 -0.066132 0.003741
v 0.021507 -0.066145 0.003560
v 0.021227 -0.066125 0.003657
v 0.021220 -0.066129 0.003285
v 0.021854 -0.066135 0.003298
v 0.021892 -0.066133 0.007071
v 0.021772 -0.066139 0.007103
v 0.021323 -0.066139 0.007139
v 0.021301 -0.066137 0.007617
v 0.021476 -0.066142 0.007316
v 0.021462 -0.066143 0.007573
v 0.021737 -0.066145 0.007315
v 0.021781 -0.066139 0.007608
v 0.021249 -0.066143 0.003809
v 0.021413 -0.066146 0.003718
v 0.021399 -0.066142 0.003939
v 0.021947 -0.066126 0.006041
v 0.021929 -0.066149 0.006411
v 0.021797 -0.066143 0.006731
v 0.021274 -0.066120 0.006277
v 0.021611 -0.066140 0.006179
v 0.021796 -0.066144 0.006079
v 0.021352 -0.066143 0.006567
v 0.021278 -0.066131 0.006897
v 0.021208 -0.066121 0.004072
v 0.021396 -0.066134 0.004298
v 0.021899 -0.066124 0.004331
v 0.021437 -0.066142 0.004139
v 0.021885 -0.066137 0.003946
v 0.021436 -0.066133 0.004532
v 0.021733 -0.066138 0.004504
v 0.021892 -0.066137 0.004690
v 0.021728 -0.066143 0.004861
v 0.021402 -0.066147 0.005206
v 0.021893 -0.066130 0.005189
v 0.021387 -0.066126 0.005027
v 0.021417 -0.066145 0.004779
v 0.021498 -0.066135 0.005054
v 0.021425 -0.066142 0.006741
v 0.021641 -0.066148 0.006721
v -0.032694 -0.053200 0.018332
v -0.032694 -0.051600 0.017818
v -0.031950 -0.051600 0.019398
v -0.031729 -0.053200 0.019421
v -0.030048 -0.053200 0.018855
v -0.030014 -0.051600 0.018782
v -0.030251 -0.053200 0.017139
v -0.030315 -0.051600 0.017071
v -0.031950 -0.053200 0.016752
v -0.031729 -0.051600 0.016729
v -0.028615 -0.051600 0.019082
v -0.033683 -0.051600 0.016543
v -0.029004 -0.051600 0.016435
v -0.031367 -0.051600 0.015202
v -0.033954 -0.051600 0.019195
v -0.031248 -0.051600 0.021005
v -0.033683 -0.048600 0.019607
v -0.031367 -0.048600 0.020948
v -0.029004 -0.048600 0.019715
v -0.028615 -0.048600 0.017068
v -0.031248 -0.048600 0.015145
v -0.033954 -0.048600 0.016955
v -0.012021 -0.048600 0.030452
v 0.012030 -0.048600 0.030475
v 0.028849 -0.048600 0.019671
v 0.033610 -0.048600 0.019715
v -0.023827 -0.048600 0.019390
v -0.029158 -0.048600 0.009901
v 0.033923 -0.048600 0.016754
v 0.031548 -0.048600 0.020892
v 0.031372 -0.048600 0.015249
v -0.030650 -0.048600 0.000100
v 0.030650 -0.048600 0.000100
v 0.029499 -0.048600 0.008832
v 0.024347 -0.048600 0.018729
v 0.028963 -0.048600 0.016412
v -0.042955 -0.048699 0.000100
v -0.024347 -0.053200 0.018729
v -0.029499 -0.053200 0.008832
v -0.030650 -0.053200 0.000100
v 0.030650 -0.053200 0.000100
v 0.029158 -0.053200 0.009901
v 0.023827 -0.053200 0.019390
v 0.012021 -0.053200 0.030452
v -0.012030 -0.053200 0.030475
v -0.042611 -0.048701 0.005416
v -0.041335 -0.048683 0.011597
v -0.039231 -0.048674 0.017421
v -0.036321 -0.048678 0.022882
v -0.032653 -0.048678 0.027867
v -0.028314 -0.048688 0.032275
v -0.023364 -0.048667 0.036003
v -0.017954 -0.048683 0.038996
v -0.012159 -0.048683 0.041173
v -0.006117 -0.048694 0.042500
v -0.000000 -0.048664 0.042913
v 0.005964 -0.048698 0.042530
v 0.012162 -0.048688 0.041175
v 0.017960 -0.048694 0.039001
v 0.023378 -0.048688 0.036011
v 0.028310 -0.048683 0.032274
v 0.032657 -0.048683 0.027867
v 0.036318 -0.048674 0.022881
v 0.039234 -0.048678 0.017421
v 0.041335 -0.048683 0.011597
v 0.042606 -0.048696 0.005428
v 0.043019 -0.048718 0.000100
v -0.044242 -0.066942 0.000100
v 0.044179 -0.066968 0.000100
v -0.043579 -0.057798 0.005597
v -0.041458 -0.057712 0.014871
v -0.035511 -0.057712 0.026056
v -0.026626 -0.057712 0.035085
v -0.015539 -0.057713 0.041212
v -0.002936 -0.057116 0.043920
v 0.006318 -0.057798 0.043480
v 0.016071 -0.057724 0.040998
v 0.023976 -0.057798 0.036818
v 0.031788 -0.057723 0.030474
v 0.039146 -0.057724 0.020166
v 0.043243 -0.057701 0.008304
v -0.043803 -0.066993 0.005527
v -0.042539 -0.066993 0.011805
v -0.040399 -0.066993 0.017800
v -0.037420 -0.066993 0.023425
v -0.033662 -0.066993 0.028562
v -0.029205 -0.066993 0.033106
v -0.024141 -0.066993 0.036962
v -0.018574 -0.066993 0.040049
v -0.012622 -0.066993 0.042304
v -0.006407 -0.066993 0.043679
v -0.000059 -0.066993 0.044147
v 0.006290 -0.066993 0.043696
v 0.012508 -0.066993 0.042338
v 0.018467 -0.066993 0.040099
v 0.024041 -0.066993 0.037027
v 0.029116 -0.066993 0.033185
v 0.033585 -0.066993 0.028653
v 0.037356 -0.066993 0.023525
v 0.040351 -0.066993 0.017908
v 0.042507 -0.066993 0.011919
v 0.043795 -0.066987 0.005626
v 0.041069 -0.067007 0.000100
v 0.040950 -0.053200 0.000100
v -0.041054 -0.066994 0.000100
v -0.040950 -0.053200 0.000100
v 0.040684 -0.066997 0.005526
v 0.040037 -0.053200 0.008599
v 0.037380 -0.053200 0.016723
v 0.039337 -0.066986 0.011700
v 0.037121 -0.066989 0.017513
v 0.034204 -0.066986 0.022679
v 0.030481 -0.053200 0.027584
v 0.030332 -0.066995 0.027667
v 0.020446 -0.053200 0.035480
v 0.025721 -0.066986 0.031980
v 0.020848 -0.066989 0.035356
v 0.015259 -0.066986 0.038098
v 0.012635 -0.053200 0.038952
v 0.004274 -0.053200 0.040726
v 0.009240 -0.066995 0.040002
v 0.002944 -0.066989 0.040939
v -0.002994 -0.066986 0.040930
v -0.008700 -0.053200 0.040177
v -0.009240 -0.066995 0.040002
v -0.020446 -0.053200 0.035480
v -0.015259 -0.066986 0.038098
v -0.020848 -0.066989 0.035356
v -0.025721 -0.066986 0.031980
v -0.030481 -0.053200 0.027584
v -0.030332 -0.066995 0.027667
v -0.037380 -0.053200 0.016723
v -0.034204 -0.066986 0.022679
v -0.037121 -0.066989 0.017513
v -0.039337 -0.066986 0.011700
v -0.040037 -0.053200 0.008599
v -0.040676 -0.066993 0.005552
v 0.029863 -0.053200 0.018505
v 0.030820 -0.053200 0.016721
v 0.032692 -0.053200 0.017490
v 0.031803 -0.053200 0.019459
v 0.029932 -0.051600 0.018268
v 0.030820 -0.051600 0.019429
v 0.032473 -0.051600 0.018914
v 0.032515 -0.051600 0.017334
v 0.030700 -0.051600 0.016696
v 0.033923 -0.051600 0.019396
v 0.033610 -0.051600 0.016435
v 0.028849 -0.051600 0.016479
v 0.031548 -0.051600 0.015258
v 0.028963 -0.051600 0.019738
v 0.031372 -0.051600 0.020901
v 0.005795 -0.044231 0.029102
v 0.004904 -0.045560 0.029107
v 0.005882 -0.047040 0.029104
v 0.007330 -0.046900 0.029102
v 0.008091 -0.045467 0.029107
v 0.007065 -0.044156 0.029104
v 0.006500 -0.045600 0.030001
v 0.005664 -0.046896 0.024100
v 0.004908 -0.045459 0.024100
v 0.006560 -0.043936 0.024100
v 0.008098 -0.045568 0.024100
v 0.007111 -0.047044 0.024100
v 0.001490 -0.048681 0.024100
v 0.002191 -0.046711 0.024100
v 0.009358 -0.048151 0.024097
v 0.004446 -0.043049 0.024090
v -0.005836 -0.044201 0.024100
v -0.004458 -0.043059 0.024093
v 0.001198 -0.045143 0.024100
v -0.000876 -0.044931 0.024100
v 0.000000 -0.052559 0.024099
v -0.007909 -0.046288 0.024100
v -0.009496 -0.042359 0.024128
v -0.004902 -0.045568 0.024100
v -0.006205 -0.047207 0.024100
v -0.009358 -0.048151 0.024098
v -0.000296 -0.049162 0.024100
v -0.002169 -0.046575 0.024100
v -0.007589 -0.044384 0.024100
v -0.001729 -0.048378 0.024100
v 0.009796 -0.048451 0.024589
v 0.000029 -0.053071 0.024604
v 0.009214 -0.048881 0.029960
v -0.000002 -0.053027 0.029974
v -0.009789 -0.048480 0.024598
v -0.009227 -0.048899 0.029844
v -0.000046 -0.052565 0.030372
v 0.009237 -0.048255 0.030382
v 0.009882 -0.047918 0.030027
v 0.009523 -0.045001 0.030487
v 0.009966 -0.044909 0.030057
v -0.009860 -0.047924 0.030082
v -0.009106 -0.048510 0.030366
v -0.009591 -0.045002 0.030468
v -0.009980 -0.045189 0.029951
v 0.009496 -0.040514 0.025229
v 0.010010 -0.041367 0.024896
v 0.009501 -0.042200 0.024149
v -0.010010 -0.041367 0.024896
v -0.009501 -0.040575 0.025122
v -0.001198 -0.045143 0.026400
v -0.002191 -0.046711 0.026400
v -0.001490 -0.048681 0.026400
v 0.000296 -0.049162 0.026400
v 0.001729 -0.048378 0.026400
v 0.002169 -0.046575 0.026400
v 0.000876 -0.044931 0.026400
v -0.003733 -0.046368 0.026400
v -0.002751 -0.049718 0.026400
v -0.002603 -0.044353 0.026400
v 0.003722 -0.047205 0.026400
v 0.003152 -0.044898 0.026400
v -0.000787 -0.043308 0.026400
v 0.000303 -0.050742 0.026400
v 0.002821 -0.049552 0.026400
v 0.001318 -0.043522 0.026400
v 0.003735 -0.046553 0.030386
v -0.003630 -0.048136 0.030400
v 0.002751 -0.049718 0.030400
v -0.001113 -0.050703 0.030400
v 0.002926 -0.044657 0.030692
v 0.001395 -0.043537 0.031724
v -0.000645 -0.043303 0.032145
v -0.003111 -0.044768 0.030563
v -0.009487 -0.043613 0.031583
v -0.009680 -0.042720 0.033424
v 0.009958 -0.043212 0.031461
v 0.009475 -0.043480 0.031752
v -0.009948 -0.043337 0.031214
v 0.009556 -0.041269 0.034665
v 0.009499 -0.042642 0.033599
v 0.009963 -0.041118 0.034252
v 0.009941 -0.042485 0.033190
v 0.009788 -0.026542 0.034750
v 0.009990 -0.027077 0.034488
v -0.009987 -0.041123 0.034225
v -0.009550 -0.041273 0.034662
v -0.009679 -0.026947 0.034754
v -0.010043 -0.026915 0.034363
v -0.007118 -0.047040 0.029104
v -0.008096 -0.045560 0.029107
v -0.007205 -0.044231 0.029102
v -0.005935 -0.044156 0.029104
v -0.004909 -0.045467 0.029107
v -0.005670 -0.046900 0.029102
v -0.006500 -0.045600 0.030001
v 0.002169 0.024204 0.034788
v -0.000088 0.020739 0.034716
v -0.007168 0.023222 0.034787
v -0.006428 0.019577 0.034713
v 0.006730 0.019475 0.034713
v 0.011185 0.021576 0.034787
v 0.012445 0.016561 0.034707
v -0.022915 -0.008852 0.034640
v -0.020684 -0.013191 0.034658
v -0.017082 -0.011720 0.034707
v -0.002137 -0.020618 0.034733
v 0.017329 0.017407 0.034642
v 0.017159 0.011424 0.034730
v -0.013631 0.020434 0.034642
v -0.012628 0.016422 0.034707
v -0.017329 0.017407 0.034642
v -0.020268 0.013846 0.034644
v -0.016964 0.011712 0.034730
v -0.024169 0.002546 0.034787
v -0.020307 0.003491 0.034712
v -0.019040 0.007586 0.034496
v -0.020424 -0.003465 0.034707
v -0.024194 -0.004250 0.034641
v -0.008796 -0.018633 0.034713
v 0.006718 -0.019610 0.034733
v 0.024127 0.002922 0.034787
v 0.022543 0.009736 0.034645
v 0.019930 0.005653 0.034707
v 0.020413 0.013685 0.034628
v -0.022504 0.009882 0.034633
v -0.012411 -0.016327 0.034535
v 0.014330 -0.014967 0.034718
v 0.017691 -0.017044 0.034640
v 0.020684 -0.013191 0.034658
v 0.019287 -0.007561 0.034707
v 0.022915 -0.008852 0.034640
v -0.017669 -0.017073 0.034637
v 0.024194 -0.004250 0.034641
v 0.020566 -0.001275 0.034712
v 0.010656 -0.024543 0.034521
v 0.012192 -0.021937 0.034376
v 0.011716 -0.021786 0.034776
v -0.012740 -0.021414 0.034381
v 0.024091 0.005394 0.034338
v -0.024660 0.000415 0.034369
v -0.024087 0.005412 0.034335
v -0.009350 0.022823 0.034369
v -0.004764 0.024201 0.034367
v 0.000014 0.024653 0.034384
v 0.004789 0.024195 0.034368
v 0.009374 0.022813 0.034369
v 0.013606 0.020570 0.034371
v 0.024661 0.000389 0.034369
v 0.009889 -0.027046 0.029160
v 0.011699 -0.022527 0.029552
v -0.011067 -0.023686 0.034353
v -0.011157 -0.022387 0.034780
v -0.011630 -0.022560 0.029480
v -0.009904 -0.026870 0.029170
v 0.001830 -0.020526 0.034010
v -0.006958 -0.019397 0.034010
v -0.017278 -0.011231 0.034010
v -0.019753 -0.005484 0.034010
v -0.020552 0.001515 0.034010
v -0.015445 0.013643 0.034010
v -0.008289 0.018867 0.034010
v 0.000372 0.020612 0.034025
v 0.009014 0.018531 0.034010
v 0.015962 0.013034 0.034010
v 0.019044 0.007588 0.034010
v 0.020595 0.000716 0.034010
v 0.018992 -0.007998 0.034010
v 0.013879 -0.015233 0.034010
v 0.008608 -0.018605 0.034010
v 0.019551 0.010365 0.034010
v 0.013391 0.017616 0.034010
v -0.007025 0.020848 0.034010
v 0.000000 0.022128 0.034010
v 0.021710 0.003559 0.034010
v 0.021837 -0.003580 0.034010
v 0.019437 -0.010305 0.034010
v 0.015218 -0.016065 0.034010
v 0.007066 -0.020970 0.034010
v 0.007025 0.020848 0.034010
v -0.000000 -0.022000 0.034010
v -0.007066 -0.020970 0.034010
v -0.015218 -0.016065 0.034010
v -0.019437 -0.010305 0.034010
v -0.021837 -0.003580 0.034010
v -0.019551 0.010365 0.034010
v -0.021710 0.003559 0.034010
v -0.013391 0.017616 0.034010
v -0.001596 -0.022119 0.029080
v -0.007063 -0.020961 0.029071
v -0.011384 -0.018921 0.029130
v -0.015197 -0.016044 0.029111
v -0.018262 -0.012382 0.029168
v -0.020497 -0.008208 0.029144
v -0.021808 -0.003575 0.029111
v -0.022032 0.001194 0.029168
v -0.021325 0.005921 0.029044
v -0.019437 0.010305 0.029310
v -0.017200 0.014118 0.028973
v -0.013445 0.017672 0.028998
v -0.009334 0.020148 0.028998
v -0.004976 0.021616 0.029019
v -0.000000 0.022240 0.028980
v 0.004976 0.021616 0.029019
v 0.009334 0.020148 0.028998
v 0.013445 0.017672 0.028998
v 0.017200 0.014118 0.028973
v 0.019509 0.010343 0.029130
v 0.021327 0.005921 0.029041
v 0.022032 0.001194 0.029168
v 0.021808 -0.003575 0.029111
v 0.020497 -0.008208 0.029144
v 0.018262 -0.012382 0.029168
v 0.015197 -0.016044 0.029111
v 0.011375 -0.018906 0.029168
v 0.007066 -0.020972 0.029046
v 0.002368 -0.021962 0.029123
v -0.020156 0.010179 0.028975
v 0.009994 -0.039131 0.029053
v 0.009498 -0.037730 0.028943
v 0.011329 -0.022175 0.029011
v 0.023503 0.007021 0.029186
v 0.022110 0.010163 0.029038
v 0.024815 -0.000423 0.029498
v 0.024289 -0.001270 0.029009
v 0.023147 -0.008197 0.029186
v 0.020029 -0.014251 0.029104
v 0.017533 -0.017398 0.029510
v 0.009486 -0.039375 0.027900
v 0.008002 -0.037691 0.028952
v 0.007992 -0.039325 0.027969
v -0.009993 -0.039074 0.029114
v -0.009497 -0.039338 0.027953
v -0.009498 -0.037691 0.028952
v -0.007997 -0.040458 0.025333
v -0.007679 -0.037707 0.029117
v -0.008014 -0.039375 0.027900
v -0.011188 -0.022297 0.029011
v -0.017533 -0.017398 0.029510
v -0.020294 -0.013796 0.029119
v -0.023583 -0.006866 0.029093
v -0.024458 -0.003447 0.029510
v -0.024346 0.003351 0.029099
v -0.022788 0.009693 0.029374
v -0.021815 0.010160 0.029014
v -0.021730 0.011597 0.031084
v 0.022054 0.011162 0.031229
v 0.018558 0.016205 0.031221
v 0.014708 0.019766 0.031219
v 0.010195 0.022428 0.031218
v 0.005219 0.024076 0.031217
v 0.000000 0.024658 0.031279
v -0.005219 0.024076 0.031217
v -0.010195 0.022428 0.031218
v -0.014708 0.019766 0.031219
v -0.018558 0.016205 0.031221
v 0.021642 0.011134 0.030557
v 0.020280 0.010170 0.029011
v 0.007501 -0.039908 0.027868
v 0.007998 -0.040434 0.025356
v 0.007498 -0.042363 0.024124
v 0.007439 -0.041539 0.024973
v 0.006796 -0.042045 0.024705
v 0.007421 -0.041522 0.030171
v 0.006829 -0.042027 0.030307
v 0.007501 -0.038092 0.029401
v 0.004517 -0.042539 0.024564
v 0.004546 -0.042526 0.029699
v 0.007439 -0.040458 0.032202
v 0.001684 -0.041015 0.025261
v 0.001793 -0.041577 0.024384
v 0.003123 -0.041600 0.031061
v 0.001975 -0.041058 0.032353
v 0.001983 -0.040433 0.032770
v 0.006839 -0.040456 0.032757
v 0.006903 -0.040983 0.032471
v 0.007474 -0.026996 0.032323
v 0.007114 -0.024193 0.032784
v 0.007993 -0.024042 0.029524
v 0.008053 -0.024330 0.032119
v 0.007347 -0.023547 0.032225
v 0.007174 -0.023486 0.029506
v 0.007390 -0.022978 0.029012
v 0.008484 -0.023978 0.029013
v 0.000674 -0.040354 0.025539
v 0.001244 -0.040333 0.026951
v 0.001330 -0.040572 0.032169
v 0.007640 -0.024260 0.032643
v 0.001355 -0.024996 0.032222
v 0.001856 -0.024534 0.032248
v 0.001953 -0.025137 0.032759
v 0.001440 -0.024670 0.029528
v 0.000997 -0.024333 0.029017
v 0.001244 -0.038648 0.029275
v 0.000749 -0.037817 0.028931
v 0.000742 -0.039481 0.027742
v -0.000744 -0.039506 0.027686
v -0.001760 -0.041565 0.024395
v -0.000679 -0.040455 0.025386
v -0.003129 -0.041650 0.024860
v -0.001476 -0.040861 0.025485
v -0.001232 -0.040019 0.027783
v -0.000759 -0.037880 0.028923
v -0.001296 -0.040480 0.032045
v -0.001514 -0.040827 0.032281
v -0.001248 -0.038085 0.029400
v -0.004490 -0.042522 0.024595
v -0.007519 -0.042300 0.024134
v -0.007466 -0.041431 0.025070
v -0.006934 -0.042035 0.024704
v -0.007501 -0.039787 0.028159
v -0.007417 -0.041578 0.030062
v -0.004534 -0.042523 0.029699
v -0.006802 -0.042050 0.030287
v -0.005662 -0.042160 0.030169
v -0.007564 -0.027022 0.029496
v -0.003606 -0.041887 0.030558
v -0.006827 -0.041463 0.031306
v -0.006860 -0.040855 0.032648
v -0.002155 -0.041091 0.032352
v -0.001990 -0.040434 0.032771
v -0.001855 -0.024541 0.032257
v -0.001440 -0.024662 0.029518
v -0.001321 -0.024968 0.032014
v -0.001009 -0.024310 0.029019
v -0.008510 -0.023960 0.029013
v -0.007358 -0.022983 0.029011
v -0.008064 -0.024087 0.029507
v -0.007498 -0.027027 0.032236
v -0.007413 -0.040564 0.032224
v -0.006888 -0.026928 0.032776
v -0.007482 -0.024358 0.032754
v -0.001770 -0.025125 0.032714
v -0.007167 -0.023490 0.029516
v -0.007385 -0.023546 0.032204
v -0.008042 -0.024313 0.032152
v -0.007155 -0.023856 0.032613
v 0.011090 -0.058631 -0.049015
v 0.011253 -0.058352 -0.047161
v 0.011070 -0.057082 -0.049015
v 0.010643 -0.056671 -0.047327
v 0.009900 -0.056754 -0.049015
v 0.009087 -0.057466 -0.047640
v 0.009057 -0.057551 -0.049015
v 0.009512 -0.058822 -0.049015
v 0.009556 -0.058919 -0.047553
v 0.008428 -0.056769 -0.049015
v 0.009679 -0.055890 -0.049015
v 0.011471 -0.059414 -0.049015
v 0.011603 -0.056272 -0.049015
v 0.012195 -0.058183 -0.049015
v 0.009829 -0.059904 -0.049015
v 0.008249 -0.058609 -0.049015
v 0.010261 -0.055779 -0.056123
v 0.011749 -0.056535 -0.055431
v 0.012228 -0.058009 -0.055033
v 0.011615 -0.059343 -0.055570
v 0.010180 -0.059890 -0.056168
v 0.008743 -0.059325 -0.056374
v 0.008152 -0.057959 -0.056507
v 0.008592 -0.056533 -0.056402
v 0.011270 -0.065641 -0.049804
v 0.013021 -0.064319 -0.050087
v 0.013649 -0.062711 -0.050695
v 0.012808 -0.059589 -0.053999
v 0.010445 -0.062698 -0.054805
v 0.010315 -0.054184 -0.055519
v 0.013598 -0.053447 -0.051067
v 0.010936 -0.052684 -0.054384
v 0.010538 -0.051340 -0.053047
v 0.010483 -0.050065 -0.050513
v 0.011728 -0.050409 -0.050273
v 0.010841 -0.064821 -0.052310
v 0.012594 -0.063072 -0.052729
v 0.012669 -0.055044 -0.054067
v 0.013181 -0.052311 -0.051326
v 0.012375 -0.051197 -0.051244
v 0.015002 -0.062431 -0.046124
v 0.014061 -0.051444 -0.046420
v 0.014920 -0.052989 -0.046148
v 0.011905 -0.049989 -0.047027
v 0.004465 -0.049854 -0.048346
v 0.014509 -0.063713 -0.046285
v 0.013151 -0.065123 -0.046694
v 0.010463 -0.065880 -0.047394
v -0.004499 -0.065849 -0.048524
v -0.015701 -0.053125 -0.054989
v -0.016351 -0.065700 -0.048500
v -0.016290 -0.049982 -0.048500
v -0.016247 -0.065589 -0.050151
v -0.016289 -0.064658 -0.052560
v -0.016298 -0.062409 -0.054977
v -0.016364 -0.059677 -0.056157
v -0.016224 -0.057708 -0.056454
v -0.016326 -0.055062 -0.055904
v -0.016603 -0.052166 -0.053659
v -0.016355 -0.050232 -0.050560
v -0.015859 -0.050879 -0.052445
v -0.018785 -0.064137 -0.048500
v -0.018538 -0.064102 -0.049863
v -0.017476 -0.063625 -0.051765
v -0.018454 -0.063374 -0.051838
v -0.018540 -0.061604 -0.053723
v -0.018447 -0.059813 -0.054622
v -0.018591 -0.057865 -0.054912
v -0.018423 -0.055225 -0.054414
v -0.018597 -0.053280 -0.053023
v -0.018485 -0.051773 -0.050611
v -0.018793 -0.051577 -0.048500
v -0.017264 -0.051131 -0.048470
v -0.017454 -0.064557 -0.048534
v -0.017444 -0.061769 -0.053888
v -0.017444 -0.059238 -0.055016
v -0.017440 -0.057114 -0.055089
v -0.017444 -0.055143 -0.054588
v -0.017444 -0.052901 -0.052961
v -0.017467 -0.051510 -0.050487
v -0.018972 -0.052639 -0.051379
v -0.018978 -0.062976 -0.051443
v -0.018972 -0.056371 -0.054182
v -0.018986 -0.059910 -0.053924
v -0.019000 -0.058514 -0.053525
v -0.019000 -0.052769 -0.048527
v -0.019000 -0.054489 -0.052482
v -0.019000 -0.063007 -0.048604
v -0.019000 -0.061341 -0.052175
v 0.004063 -0.051716 -0.048507
v -0.004771 -0.051485 -0.048387
v -0.004745 -0.049848 -0.048405
v -0.004963 -0.051842 -0.048683
v -0.007985 -0.052262 -0.046372
v -0.011412 -0.049850 -0.046087
v -0.011586 -0.052153 -0.045778
v -0.011379 -0.049850 -0.044626
v -0.011156 -0.052711 -0.044503
v -0.009895 -0.049850 -0.044232
v -0.010012 -0.052862 -0.044185
v -0.010435 -0.049850 -0.047057
v -0.010605 -0.049848 -0.048302
v -0.011188 -0.052434 -0.045909
v -0.010875 -0.053043 -0.044905
v -0.010047 -0.053132 -0.044792
v -0.011006 -0.051507 -0.048455
v -0.010407 -0.051510 -0.047880
v -0.010463 -0.051712 -0.047020
v -0.010128 -0.052038 -0.046980
v -0.010270 -0.051824 -0.048479
v -0.016076 -0.052820 -0.048583
v -0.016002 -0.051849 -0.048845
v -0.016074 -0.062900 -0.048587
v -0.016000 -0.061212 -0.052482
v -0.016000 -0.057186 -0.053525
v -0.016000 -0.053935 -0.051817
v -0.016000 -0.058508 -0.054514
v -0.016212 -0.063950 -0.048552
v -0.016000 -0.063523 -0.050830
v -0.016000 -0.055018 -0.053877
v -0.016000 -0.061267 -0.053459
v -0.016000 -0.052530 -0.051380
v -0.010377 -0.065850 -0.047152
v -0.010449 -0.063995 -0.047041
v -0.010418 -0.064187 -0.047902
v -0.010699 -0.065851 -0.048353
v -0.011014 -0.064195 -0.048460
v -0.009980 -0.063746 -0.047260
v -0.010546 -0.063860 -0.048648
v -0.011286 -0.063135 -0.045627
v -0.010187 -0.065850 -0.044106
v -0.009928 -0.062838 -0.044220
v -0.011490 -0.065850 -0.044936
v -0.010975 -0.062915 -0.044365
v -0.011628 -0.063523 -0.045696
v -0.011411 -0.065850 -0.046091
v -0.004942 -0.064280 -0.048317
v -0.010338 -0.062497 -0.044714
v -0.008026 -0.063414 -0.046370
v -0.004915 -0.063869 -0.048722
v 0.004366 -0.063979 -0.048475
v 0.011616 -0.064053 -0.047095
v 0.012051 -0.062911 -0.047123
v 0.011377 -0.063789 -0.047479
v 0.011176 -0.061063 -0.047200
v 0.010860 -0.061194 -0.047595
v 0.008246 -0.059912 -0.047795
v 0.011615 -0.062820 -0.051804
v 0.011964 -0.062862 -0.051185
v 0.011707 -0.063473 -0.050505
v 0.011293 -0.063814 -0.049158
v 0.011573 -0.062046 -0.052165
v 0.010872 -0.061348 -0.052806
v 0.009118 -0.060673 -0.053059
v 0.008767 -0.060505 -0.048017
v 0.007411 -0.059184 -0.048237
v 0.007279 -0.056788 -0.048256
v 0.007439 -0.057606 -0.047926
v 0.008430 -0.055709 -0.047761
v 0.008686 -0.055199 -0.048036
v 0.012319 -0.053006 -0.046917
v 0.011451 -0.051592 -0.047133
v 0.010546 -0.054739 -0.047460
v 0.011833 -0.053442 -0.047330
v 0.007753 -0.059736 -0.053777
v 0.007139 -0.057932 -0.054128
v 0.007295 -0.056820 -0.054147
v 0.007923 -0.055804 -0.053746
v 0.008916 -0.055014 -0.053324
v 0.009149 -0.060924 -0.053337
v 0.010365 -0.061741 -0.053063
v 0.011372 -0.051906 -0.047479
v 0.011919 -0.052520 -0.047291
v 0.010461 -0.054644 -0.052788
v 0.011697 -0.053483 -0.051985
v 0.007626 -0.060101 -0.054041
v 0.006752 -0.057332 -0.054540
v 0.008627 -0.054481 -0.053495
v 0.011619 -0.052084 -0.050042
v 0.011157 -0.051866 -0.048927
v 0.011945 -0.052813 -0.051174
v 0.011650 -0.052557 -0.051313
v 0.010323 -0.054322 -0.053145
v 0.011145 -0.054092 -0.052627
v 0.011052 -0.053457 -0.052582
v -0.000809 -0.053807 0.036673
v -0.000058 -0.053742 0.037084
v 0.000974 -0.053782 0.036089
v 0.000311 -0.053793 0.035225
v -0.000832 -0.053810 0.035558
v 0.000674 -0.053930 0.036926
v 0.001050 -0.057171 0.036152
v 0.000387 -0.057187 0.035182
v -0.000576 -0.057197 0.035298
v -0.001052 -0.057170 0.036263
v -0.000382 -0.057197 0.037105
v 0.000480 -0.057197 0.037059
v -0.001326 -0.057704 0.035847
v -0.000615 -0.057707 0.034977
v 0.000530 -0.057697 0.034903
v 0.001371 -0.057690 0.036180
v 0.000493 -0.057703 0.037416
v -0.000891 -0.057702 0.037175
v 0.001591 -0.057716 0.037283
v 0.001894 -0.057716 0.035671
v -0.001193 -0.057716 0.034514
v -0.001847 -0.057716 0.037084
v 0.000860 -0.057716 0.034396
v 0.000167 -0.057716 0.038096
v -0.001894 -0.059684 0.036391
v -0.001488 -0.059694 0.034999
v -0.000492 -0.059666 0.034324
v 0.000521 -0.059682 0.034359
v 0.001380 -0.059667 0.034858
v 0.001878 -0.059685 0.036000
v 0.001722 -0.059602 0.036950
v 0.001084 -0.059682 0.037692
v 0.000072 -0.059687 0.038011
v -0.001079 -0.059658 0.037736
v -0.000900 -0.059716 0.036150
v -0.000000 -0.059716 0.037016
v -0.000000 -0.059716 0.035284
v 0.000900 -0.059716 0.036150
v -0.000850 -0.058714 0.036374
v -0.000005 -0.058720 0.035290
v 0.000747 -0.058721 0.035753
v 0.000403 -0.058714 0.036862
v -0.000000 -0.058443 0.036150
v -0.005795 -0.044231 0.019098
v -0.004904 -0.045560 0.019093
v -0.005882 -0.047040 0.019096
v -0.007330 -0.046900 0.019098
v -0.008091 -0.045467 0.019093
v -0.007065 -0.044156 0.019096
v -0.006500 -0.045600 0.018199
v -0.005664 -0.046896 0.024100
v -0.004908 -0.045459 0.024100
v -0.006560 -0.043936 0.024100
v -0.008098 -0.045568 0.024100
v -0.007111 -0.047044 0.024100
v -0.002153 -0.047427 0.024100
v -0.009705 -0.042911 0.024037
v -0.009801 -0.048650 0.024074
v -0.000000 -0.053190 0.024100
v -0.000406 -0.049201 0.024100
v 0.002049 -0.046101 0.024100
v -0.001385 -0.045298 0.024100
v 0.005183 -0.046950 0.024100
v 0.005160 -0.044243 0.024100
v 0.009651 -0.042930 0.024047
v 0.009851 -0.048646 0.024078
v 0.007840 -0.046957 0.024100
v 0.004461 -0.045646 0.024100
v 0.007817 -0.044250 0.024100
v 0.000401 -0.044907 0.024100
v 0.008539 -0.045554 0.024100
v 0.001688 -0.048346 0.024100
v 0.007840 -0.044243 0.018100
v 0.005160 -0.046957 0.018100
v 0.004461 -0.045554 0.018100
v 0.005183 -0.044250 0.018100
v 0.008539 -0.045646 0.018100
v 0.007817 -0.046950 0.018100
v -0.010252 -0.048629 0.030408
v -0.000000 -0.053175 0.030400
v 0.010252 -0.048629 0.030408
v 0.011921 -0.053200 0.030283
v 0.012253 -0.048600 0.030030
v -0.012253 -0.048600 0.030030
v -0.011869 -0.053200 0.030318
v 0.023911 -0.048600 0.018942
v 0.023946 -0.053200 0.018792
v -0.023644 -0.048600 0.019219
v -0.024161 -0.053200 0.018560
v -0.023926 -0.048600 -0.018879
v -0.023968 -0.053200 -0.018695
v -0.027887 -0.053200 -0.012102
v -0.029257 -0.048600 -0.008615
v -0.030333 -0.053200 -0.003116
v -0.030321 -0.048600 0.003676
v -0.029241 -0.053200 0.008554
v -0.027887 -0.048600 0.012102
v 0.027887 -0.053200 0.012102
v 0.029257 -0.048600 0.008615
v 0.030333 -0.053200 0.003116
v 0.030321 -0.048600 -0.003676
v 0.029241 -0.053200 -0.008554
v 0.027887 -0.048600 -0.012102
v 0.023937 -0.053200 -0.018830
v 0.023959 -0.048600 -0.018735
v 0.011746 -0.053208 -0.030373
v 0.012253 -0.048600 -0.030030
v -0.000409 -0.044909 0.015298
v 0.001376 -0.045292 0.015295
v 0.002154 -0.047416 0.015295
v 0.000417 -0.049196 0.015291
v -0.001682 -0.048353 0.015297
v -0.002052 -0.046112 0.015291
v 0.000000 -0.047000 0.014038
v -0.012197 -0.048600 -0.030051
v -0.011741 -0.053201 -0.030371
v -0.010252 -0.048629 -0.030408
v 0.010289 -0.048625 -0.030407
v 0.009817 -0.048654 -0.024073
v -0.010340 -0.048607 -0.024100
v 0.000041 -0.053182 -0.030400
v -0.000041 -0.053182 -0.024100
v 0.009771 -0.048600 0.012293
v 0.009791 -0.043161 0.012323
v 0.009401 -0.042678 0.012717
v -0.009807 -0.048600 0.012329
v -0.009383 -0.042678 0.012699
v -0.009777 -0.043161 0.012309
v -0.012012 -0.054223 -0.031017
v -0.012244 -0.053631 -0.030794
v -0.013028 -0.053216 -0.031087
v -0.011268 -0.055190 -0.030440
v -0.011942 -0.055200 -0.030984
v -0.012171 -0.054112 -0.038169
v -0.013108 -0.053283 -0.037902
v 0.011992 -0.054205 -0.030933
v 0.011313 -0.055190 -0.030453
v 0.012830 -0.053256 -0.031009
v 0.011959 -0.055200 -0.031051
v 0.013020 -0.053325 -0.037925
v 0.012167 -0.054073 -0.038153
v -0.012000 -0.055200 -0.036480
v -0.011900 -0.066437 -0.036510
v 0.012000 -0.055200 -0.036479
v -0.011964 -0.066490 -0.038222
v -0.010998 -0.067248 -0.036802
v -0.011200 -0.067266 -0.038513
v 0.002054 -0.067371 -0.040071
v -0.006489 -0.067363 -0.039577
v 0.000000 -0.067300 -0.038492
v 0.011210 -0.067185 -0.036741
v 0.011213 -0.067270 -0.038506
v 0.011940 -0.066306 -0.038087
v 0.011946 -0.066268 -0.036495
v 0.012230 -0.066360 -0.038296
v 0.018638 -0.053258 -0.035528
v 0.025728 -0.053222 -0.030739
v 0.031741 -0.053228 -0.024485
v 0.036383 -0.053233 -0.016833
v 0.039175 -0.053292 -0.008726
v 0.040095 -0.053215 -0.000161
v 0.039218 -0.053292 0.008530
v 0.036501 -0.053228 0.016575
v 0.032015 -0.053238 0.024157
v 0.025875 -0.053217 0.030595
v 0.018903 -0.053258 0.035384
v 0.010640 -0.053223 0.038634
v 0.002273 -0.053292 0.040070
v -0.006199 -0.053224 0.039603
v -0.014839 -0.053236 0.037243
v -0.022420 -0.053271 0.033276
v -0.028988 -0.053215 0.027653
v -0.034291 -0.053238 0.020800
v -0.037958 -0.053234 0.012944
v -0.039825 -0.053233 0.004609
v -0.039901 -0.053271 -0.004222
v -0.038052 -0.053234 -0.012666
v -0.034495 -0.053226 -0.020421
v -0.029300 -0.053224 -0.027356
v -0.022624 -0.053243 -0.033119
v 0.026025 -0.069800 -0.030639
v 0.018830 -0.069800 -0.035517
v 0.032003 -0.069800 -0.024328
v 0.036484 -0.069800 -0.016879
v 0.039260 -0.069800 -0.008642
v 0.040200 -0.069800 0.000000
v 0.039260 -0.069800 0.008642
v 0.036484 -0.069800 0.016880
v 0.032003 -0.069800 0.024328
v 0.026025 -0.069800 0.030639
v 0.018830 -0.069800 0.035517
v 0.010755 -0.069800 0.038735
v 0.002176 -0.069800 0.040141
v -0.006504 -0.069800 0.039670
v -0.014880 -0.069800 0.037345
v -0.022560 -0.069800 0.033273
v -0.029185 -0.069800 0.027646
v -0.034446 -0.069800 0.020725
v -0.038096 -0.069800 0.012836
v -0.039964 -0.069800 0.004346
v -0.039964 -0.069800 -0.004346
v -0.038096 -0.069800 -0.012836
v -0.034446 -0.069800 -0.020725
v -0.029185 -0.069800 -0.027645
v -0.022560 -0.069800 -0.033273
v -0.014880 -0.069800 -0.037345
v -0.006504 -0.069800 -0.039670
v 0.002176 -0.069800 -0.040141
v 0.010755 -0.069800 -0.038735
v -0.004157 -0.069930 0.041654
v 0.004595 -0.069930 0.041608
v 0.013145 -0.069930 0.039744
v 0.040900 -0.069930 -0.008919
v 0.038152 -0.069930 -0.017227
v -0.012726 -0.069930 0.039880
v 0.021121 -0.069930 0.036142
v 0.028174 -0.069930 0.030961
v 0.033995 -0.069930 0.024427
v 0.038331 -0.069930 0.016825
v 0.040992 -0.069930 0.008488
v 0.041880 -0.069968 -0.000189
v -0.033737 -0.069930 0.024783
v -0.027847 -0.069930 0.031256
v -0.020740 -0.069930 0.036363
v 0.033737 -0.069930 -0.024783
v 0.027847 -0.069930 -0.031256
v -0.033995 -0.069930 -0.024427
v -0.038331 -0.069930 -0.016825
v -0.038152 -0.069930 0.017227
v -0.021121 -0.069930 -0.036142
v -0.028174 -0.069930 -0.030961
v -0.040992 -0.069930 -0.008488
v -0.040900 -0.069930 0.008919
v 0.004157 -0.069930 -0.041654
v -0.004595 -0.069930 -0.041608
v -0.041861 -0.069930 0.000220
v 0.020740 -0.069930 -0.036363
v 0.012726 -0.069930 -0.039880
v -0.013145 -0.069930 -0.039744
v 0.041834 -0.071522 0.000263
v 0.040967 -0.071545 -0.008420
v 0.038331 -0.071470 -0.016825
v 0.033995 -0.071470 -0.024427
v 0.028174 -0.071470 -0.030961
v 0.021121 -0.071470 -0.036142
v 0.013145 -0.071470 -0.039744
v 0.004595 -0.071470 -0.041608
v -0.004189 -0.071432 -0.041671
v -0.012726 -0.071470 -0.039880
v -0.020740 -0.071470 -0.036363
v -0.027847 -0.071470 -0.031256
v -0.033737 -0.071470 -0.024783
v -0.038152 -0.071470 -0.017227
v -0.040850 -0.071545 -0.008970
v -0.041825 -0.071539 -0.000276
v -0.040967 -0.071545 0.008420
v -0.038331 -0.071470 0.016825
v -0.033995 -0.071470 0.024427
v -0.028174 -0.071470 0.030961
v -0.021121 -0.071470 0.036142
v -0.013145 -0.071470 0.039744
v -0.004566 -0.071432 0.041631
v 0.004157 -0.071470 0.041654
v 0.012726 -0.071470 0.039880
v 0.020740 -0.071470 0.036363
v 0.027847 -0.071470 0.031256
v 0.033737 -0.071470 0.024783
v 0.038152 -0.071470 0.017227
v 0.040850 -0.071545 0.008970
v 0.009807 -0.048600 -0.012329
v -0.009771 -0.048600 -0.012293
v -0.009796 -0.048600 -0.024076
v 0.009777 -0.043161 -0.012309
v -0.009791 -0.043161 -0.012323
v 0.009705 -0.042911 -0.024037
v -0.009651 -0.042930 -0.024047
v -0.009401 -0.042678 -0.012717
v 0.009383 -0.042678 -0.012699
v 0.005219 -0.046614 -0.024100
v 0.002153 -0.047427 -0.024100
v 0.005232 -0.044678 -0.024100
v 0.000406 -0.049201 -0.024100
v 0.001385 -0.045298 -0.024100
v -0.002049 -0.046101 -0.024100
v 0.006899 -0.044055 -0.024100
v 0.008098 -0.045568 -0.024100
v -0.005183 -0.046950 -0.024100
v -0.005160 -0.044243 -0.024100
v -0.004461 -0.045646 -0.024100
v -0.007817 -0.044250 -0.024100
v -0.000401 -0.044907 -0.024100
v 0.007111 -0.047044 -0.024100
v -0.007840 -0.046957 -0.024100
v -0.008539 -0.045554 -0.024100
v -0.001688 -0.048346 -0.024100
v -0.007840 -0.044243 -0.018100
v -0.005160 -0.046957 -0.018100
v -0.004461 -0.045554 -0.018100
v -0.005183 -0.044250 -0.018100
v -0.008539 -0.045646 -0.018100
v -0.007817 -0.046950 -0.018100
v 0.000409 -0.044909 -0.015298
v -0.001376 -0.045292 -0.015295
v -0.002154 -0.047416 -0.015295
v -0.000417 -0.049196 -0.015291
v 0.001682 -0.048353 -0.015297
v 0.002052 -0.046112 -0.015291
v 0.000000 -0.047000 -0.014038
v 0.005882 -0.047040 -0.019096
v 0.004904 -0.045560 -0.019093
v 0.005795 -0.044231 -0.019098
v 0.007065 -0.044156 -0.019096
v 0.008091 -0.045467 -0.019093
v 0.007330 -0.046900 -0.019098
v 0.006500 -0.045600 -0.018199
v 0.025116 -0.053200 -0.024855
v 0.026149 -0.053200 -0.024918
v 0.026333 -0.053200 -0.025849
v 0.025579 -0.053200 -0.026433
v 0.024728 -0.053200 -0.025719
v 0.030416 -0.053200 -0.017483
v 0.032443 -0.053200 -0.018368
v 0.031520 -0.053200 -0.017004
v 0.030559 -0.053200 -0.019001
v 0.032396 -0.053200 0.018156
v 0.031777 -0.053200 0.017113
v 0.031520 -0.053200 0.019146
v 0.030416 -0.053200 0.018667
v 0.030430 -0.053200 0.017364
v 0.000850 -0.053200 0.036213
v -0.000830 -0.053200 0.036086
v 0.000017 -0.053200 0.035235
v -0.000116 -0.053200 0.037058
v -0.030307 -0.053200 0.018630
v -0.030818 -0.053200 0.017071
v -0.032359 -0.053200 0.017631
v -0.031785 -0.053200 0.019057
v -0.030307 -0.053200 -0.017520
v -0.032359 -0.053200 -0.018519
v -0.031785 -0.053200 -0.017093
v -0.030818 -0.053200 -0.019079
v -0.026335 -0.053200 -0.025066
v -0.024740 -0.053200 -0.025107
v -0.025646 -0.053200 -0.026497
v 0.032109 -0.056200 -0.017260
v 0.030784 -0.056200 -0.017160
v 0.030219 -0.056200 -0.018113
v 0.030943 -0.056200 -0.019083
v 0.032125 -0.056200 -0.018799
v 0.026412 -0.056200 -0.025625
v 0.025579 -0.056200 -0.024647
v 0.024713 -0.056200 -0.025592
v 0.025545 -0.056200 -0.026454
v -0.031033 -0.056200 -0.016934
v -0.032378 -0.056200 -0.017875
v -0.031574 -0.056200 -0.019187
v -0.030260 -0.056200 -0.018388
v -0.025733 -0.056200 -0.024707
v -0.026411 -0.056200 -0.025592
v -0.025579 -0.056200 -0.026454
v -0.024678 -0.056200 -0.025434
v -0.030225 -0.056200 0.018353
v -0.031651 -0.056200 0.019166
v -0.032365 -0.056200 0.017922
v -0.031202 -0.056200 0.016907
v 0.032223 -0.056200 0.018670
v 0.031217 -0.056200 0.019125
v 0.030187 -0.056200 0.018283
v 0.030943 -0.056200 0.017067
v 0.032125 -0.056200 0.017351
v 0.000901 -0.056200 0.035985
v 0.000197 -0.056200 0.036963
v -0.000766 -0.056200 0.036569
v -0.000390 -0.056200 0.035347
v -0.005000 -0.056200 0.038086
v 0.004626 -0.056200 0.038098
v 0.002646 -0.056200 0.036788
v -0.002942 -0.056200 0.037200
v -0.001890 -0.056200 0.034842
v -0.000170 -0.056200 0.033812
v 0.001805 -0.056200 0.034693
v -0.002646 -0.055200 0.036788
v -0.004479 -0.055200 0.038038
v 0.001890 -0.055200 0.034842
v 0.000170 -0.055200 0.033812
v -0.001805 -0.055200 0.034693
v 0.004897 -0.055200 0.038050
v 0.002942 -0.055200 0.037200
v -0.035485 -0.056200 0.014687
v -0.033687 -0.056200 0.016052
v -0.030688 -0.056200 0.023046
v -0.030898 -0.056200 0.015775
v -0.029137 -0.056200 0.017189
v -0.029259 -0.056200 0.019094
v -0.030536 -0.056200 0.020686
v -0.030662 -0.055200 0.022973
v -0.030601 -0.055200 0.020838
v -0.028901 -0.055200 0.018449
v -0.032715 -0.055200 0.016059
v -0.034984 -0.055200 0.015408
v -0.030195 -0.055200 0.016011
v 0.037811 -0.055200 0.005632
v 0.037861 -0.071600 0.005831
v 0.019517 -0.055200 0.033070
v 0.026074 -0.055200 0.028190
v 0.026074 -0.071600 0.028190
v 0.012076 -0.055200 0.036452
v 0.019517 -0.071600 0.033070
v -0.019517 -0.055200 0.033070
v -0.012076 -0.055200 0.036452
v -0.012076 -0.071600 0.036452
v -0.026074 -0.055200 0.028190
v -0.019517 -0.071600 0.033070
v -0.035401 -0.071600 0.014877
v -0.031450 -0.071600 0.022033
v -0.026074 -0.071600 0.028190
v -0.004087 -0.071600 0.038182
v 0.004087 -0.071600 0.038182
v 0.012076 -0.071600 0.036452
v 0.031450 -0.071600 0.022033
v 0.030641 -0.056200 0.023122
v 0.035401 -0.071600 0.014877
v 0.035414 -0.056200 0.014795
v 0.036079 -0.071600 0.003706
v 0.036019 -0.055200 0.003697
v 0.033277 -0.055200 0.003142
v 0.032553 -0.071600 0.002714
v 0.032000 -0.055200 0.001803
v 0.032000 -0.071600 -0.001803
v 0.032553 -0.055200 -0.002714
v 0.033277 -0.071600 -0.003142
v 0.036079 -0.055200 -0.003706
v 0.036019 -0.071600 -0.003697
v 0.037854 -0.071600 -0.005722
v 0.037857 -0.055200 -0.005821
v -0.035746 -0.071600 0.003706
v -0.036079 -0.055200 0.003706
v -0.037854 -0.071600 0.005722
v -0.037857 -0.055200 0.005821
v -0.032164 -0.071600 0.002191
v -0.032069 -0.055200 0.002060
v -0.033800 -0.055200 0.003304
v -0.032069 -0.071600 -0.002060
v -0.032164 -0.055200 -0.002191
v -0.033800 -0.071600 -0.003304
v -0.037859 -0.071600 -0.005826
v -0.037852 -0.055200 -0.005717
v -0.036079 -0.071600 -0.003706
v -0.035746 -0.055200 -0.003706
v 0.030536 -0.055200 0.020686
v 0.030601 -0.056200 0.020838
v 0.030704 -0.055200 0.022890
v 0.033489 -0.056200 0.016128
v 0.028901 -0.056200 0.018449
v 0.030195 -0.056200 0.016011
v 0.030907 -0.055200 0.015772
v 0.029137 -0.055200 0.017189
v 0.029259 -0.055200 0.019094
v 0.035431 -0.055200 0.014739
v 0.033767 -0.055200 0.016050
v 0.036177 -0.071584 0.001875
v -0.012076 -0.071600 -0.036452
v -0.004087 -0.071600 -0.038182
v 0.019517 -0.071600 -0.033070
v 0.012076 -0.071600 -0.036452
v 0.026074 -0.071600 -0.028190
v 0.031450 -0.071600 -0.022033
v 0.035401 -0.071600 -0.014877
v -0.026074 -0.071600 -0.028190
v -0.019517 -0.071600 -0.033070
v 0.004087 -0.071600 -0.038182
v -0.031450 -0.071600 -0.022033
v -0.036972 -0.071595 0.000808
v -0.035401 -0.071600 -0.014877
v -0.034956 -0.071598 0.002087
v -0.036596 -0.071599 -0.001294
v 0.032976 -0.071590 -0.000765
v -0.034818 -0.071598 -0.002080
v 0.033622 -0.071599 0.001524
v 0.035182 -0.071598 -0.002080
v -0.033273 -0.071599 0.001114
v -0.033078 -0.071597 -0.000813
v 0.036922 -0.071597 -0.000813
v -0.035864 -0.071093 -0.001306
v -0.034251 -0.071093 -0.001375
v -0.033416 -0.071077 0.000370
v -0.034933 -0.071093 0.001564
v -0.036540 -0.071080 0.000505
v -0.033560 -0.068596 0.000618
v -0.035216 -0.068589 0.001617
v -0.036544 -0.068597 0.000220
v -0.036129 -0.068599 -0.001021
v -0.034959 -0.068596 -0.001566
v -0.033700 -0.068598 -0.000830
v -0.035000 -0.067699 0.000000
v 0.034293 -0.071096 -0.001370
v 0.035749 -0.071093 -0.001375
v 0.036584 -0.071077 0.000370
v 0.035067 -0.071093 0.001564
v 0.033885 -0.071098 0.001036
v 0.033455 -0.071093 -0.000193
v 0.036603 -0.068589 0.000303
v 0.035129 -0.068596 0.001562
v 0.033474 -0.068590 0.000568
v 0.034211 -0.068593 -0.001388
v 0.035831 -0.068598 -0.001299
v 0.035000 -0.067699 0.000000
v -0.023525 -0.055200 -0.030464
v 0.022869 -0.055200 -0.031097
v 0.035202 -0.056200 -0.015222
v 0.031450 -0.056200 -0.022033
v 0.023708 -0.056200 -0.030183
v -0.023853 -0.056200 -0.030068
v -0.031450 -0.056200 -0.022033
v -0.035150 -0.056200 -0.015307
v -0.035046 -0.055200 -0.015326
v -0.024141 -0.055200 -0.027884
v -0.024078 -0.056200 -0.027709
v -0.025333 -0.055200 -0.023302
v -0.026763 -0.056200 -0.023368
v -0.023828 -0.056200 -0.023979
v -0.023728 -0.055200 -0.024095
v -0.023295 -0.056200 -0.025957
v -0.023315 -0.055200 -0.026000
v -0.029211 -0.056200 -0.022137
v -0.031431 -0.056200 -0.015881
v -0.029310 -0.056200 -0.019103
v -0.029415 -0.056200 -0.016684
v -0.029682 -0.055200 -0.020467
v -0.028246 -0.055200 -0.023136
v -0.030394 -0.055200 -0.015810
v -0.028984 -0.055200 -0.018054
v -0.032997 -0.055200 -0.016086
v 0.024224 -0.055200 -0.028385
v 0.024141 -0.056200 -0.027884
v 0.023295 -0.055200 -0.025957
v 0.031431 -0.055200 -0.015881
v 0.030394 -0.056200 -0.015810
v 0.032997 -0.056200 -0.016086
v 0.034984 -0.055200 -0.015408
v 0.028984 -0.056200 -0.018054
v 0.029682 -0.056200 -0.020467
v 0.028246 -0.056200 -0.023136
v 0.025333 -0.056200 -0.023302
v 0.023728 -0.056200 -0.024095
v 0.023315 -0.056200 -0.026000
v 0.029065 -0.055200 -0.018439
v 0.029415 -0.055200 -0.016684
v 0.027759 -0.055200 -0.023317
v 0.029678 -0.055200 -0.020969
v 0.023828 -0.055200 -0.023979
v 0.025367 -0.055200 -0.023306
v 0.028947 -0.054774 -0.000015
v 0.028471 -0.054755 -0.005151
v 0.027253 -0.055044 -0.010034
v 0.024957 -0.055076 -0.014921
v 0.021741 -0.055044 -0.019255
v 0.017966 -0.055045 -0.022817
v 0.013683 -0.055014 -0.025592
v 0.009171 -0.055050 -0.027565
v -0.006477 -0.055014 -0.028277
v -0.011397 -0.054761 -0.026599
v -0.015981 -0.054753 -0.024119
v -0.020027 -0.054755 -0.020883
v -0.023443 -0.054762 -0.016966
v -0.026101 -0.055070 -0.012763
v -0.027885 -0.054753 -0.007716
v -0.028814 -0.054753 -0.002616
v -0.028823 -0.054766 0.002609
v -0.027878 -0.054754 0.007745
v -0.026050 -0.054755 0.012593
v -0.023426 -0.054761 0.016989
v -0.020174 -0.055029 0.020880
v -0.015956 -0.054753 0.024135
v -0.011369 -0.054761 0.026611
v -0.006437 -0.055008 0.028288
v 0.008979 -0.054760 0.027510
v 0.013676 -0.055059 0.025620
v 0.018024 -0.054753 0.022633
v 0.021774 -0.054753 0.019053
v 0.024959 -0.055081 0.014922
v 0.027235 -0.055019 0.010046
v 0.028588 -0.055020 0.005041
v 0.002543 -0.054417 -0.028781
v -0.001335 -0.055105 -0.029199
v -0.001936 -0.054699 -0.028874
v -0.001947 -0.054693 0.028872
v -0.000896 -0.055041 0.029174
v 0.002648 -0.054685 0.028853
v 0.004278 -0.055104 -0.028886
v 0.029392 -0.055177 -0.002785
v -0.014111 -0.055174 -0.025927
v -0.022325 -0.055177 -0.019319
v -0.029059 -0.055169 -0.005127
v -0.029021 -0.055175 0.005409
v -0.025277 -0.055179 0.015263
v -0.013858 -0.055171 0.026055
v 0.006693 -0.055174 0.028747
v 0.020495 -0.055169 0.021228
v -0.001303 -0.054315 -0.028416
v 0.000791 -0.054514 -0.028503
v 0.001359 -0.054335 0.028545
v -0.001558 -0.054207 0.028390
v -0.000198 -0.054542 0.028554
v -0.008347 -0.051097 -0.027045
v -0.004242 -0.053451 -0.028483
v -0.010224 -0.051098 -0.026964
v -0.016905 -0.051103 0.023587
v -0.023345 -0.051100 0.017036
v -0.027712 -0.051100 0.008643
v -0.028887 -0.051099 -0.002917
v -0.025123 -0.051101 -0.014740
v -0.016905 -0.051103 -0.023587
v -0.009751 -0.051096 0.027096
v -0.008231 -0.051107 0.026888
v -0.004214 -0.053596 0.028529
v -0.008060 -0.051105 0.022205
v -0.000606 -0.054436 0.022173
v 0.000976 -0.054311 0.022167
v 0.008073 -0.051103 0.022213
v 0.008271 -0.051101 0.026962
v 0.010045 -0.051099 0.027058
v 0.017610 -0.051101 -0.023051
v 0.025063 -0.051100 -0.014657
v 0.028939 -0.051101 -0.003081
v 0.028264 -0.051100 0.006028
v 0.025063 -0.051099 0.014657
v 0.017610 -0.051101 0.023051
v 0.009903 -0.051095 -0.027090
v 0.008223 -0.051107 -0.026884
v -0.000976 -0.054312 -0.022169
v -0.008056 -0.051103 -0.022202
v 0.000606 -0.054436 -0.022171
v 0.008067 -0.051105 -0.022213
v -0.012756 -0.068300 0.042570
v -0.006552 -0.068300 0.039967
v -0.014991 -0.068300 0.037624
v -0.000000 -0.068300 0.044250
v 0.002193 -0.068300 0.040441
v 0.012757 -0.068300 0.042569
v 0.010835 -0.068300 0.039024
v 0.027554 -0.068655 0.035713
v 0.031433 -0.068497 0.032051
v 0.026219 -0.068300 0.030868
v 0.018971 -0.068300 0.035782
v 0.036793 -0.068300 0.024584
v 0.032242 -0.068300 0.024510
v 0.042570 -0.068300 0.012756
v 0.039553 -0.068300 0.008706
v 0.040500 -0.068300 0.000000
v 0.027554 -0.068654 -0.035713
v 0.018971 -0.068300 -0.035782
v 0.026219 -0.068300 -0.030868
v -0.042570 -0.068300 -0.012756
v -0.038380 -0.068300 -0.012932
v -0.034703 -0.068300 -0.020880
v -0.040263 -0.068300 -0.004379
v -0.044250 -0.068300 0.000000
v -0.040263 -0.068300 0.004379
v -0.042569 -0.068300 0.012757
v -0.038380 -0.068300 0.012932
v -0.035708 -0.068653 0.027556
v -0.034703 -0.068300 0.020880
v -0.031433 -0.068497 0.032051
v -0.029403 -0.068300 0.027852
v -0.027511 -0.068684 0.035789
v -0.022728 -0.068300 0.033521
v 0.036757 -0.068300 0.017006
v 0.044250 -0.068300 0.000000
v 0.042569 -0.068300 -0.012757
v 0.036757 -0.068300 -0.017005
v 0.039553 -0.068300 -0.008706
v 0.031433 -0.068497 -0.032051
v 0.032242 -0.068300 -0.024510
v -0.012757 -0.068300 -0.042569
v -0.014991 -0.068300 -0.037624
v -0.022728 -0.068300 -0.033521
v -0.032051 -0.068497 -0.031433
v -0.029403 -0.068300 -0.027852
v -0.035493 -0.068617 -0.027751
v 0.036793 -0.068300 -0.024584
v 0.012756 -0.068300 -0.042570
v -0.000000 -0.068300 -0.044250
v -0.006552 -0.068300 -0.039966
v -0.027435 -0.068696 -0.035870
v 0.010835 -0.068300 -0.039024
v 0.002193 -0.068300 -0.040441
v 0.040500 -0.069800 0.000000
v 0.039553 -0.069800 0.008706
v 0.036757 -0.069800 0.017006
v 0.032242 -0.069800 0.024510
v 0.026219 -0.069800 0.030868
v 0.018971 -0.069800 0.035782
v 0.010835 -0.069800 0.039024
v 0.002193 -0.069800 0.040441
v -0.006552 -0.069800 0.039967
v -0.014991 -0.069800 0.037624
v -0.022728 -0.069800 0.033521
v -0.029403 -0.069800 0.027852
v -0.034703 -0.069800 0.020880
v -0.038380 -0.069800 0.012932
v -0.040263 -0.069800 0.004379
v -0.040263 -0.069800 -0.004379
v -0.038380 -0.069800 -0.012932
v -0.034703 -0.069800 -0.020880
v -0.029403 -0.069800 -0.027852
v -0.022728 -0.069800 -0.033521
v -0.014991 -0.069800 -0.037624
v -0.006552 -0.069800 -0.039966
v 0.002193 -0.069800 -0.040441
v 0.010835 -0.069800 -0.039024
v 0.018971 -0.069800 -0.035782
v 0.026219 -0.069800 -0.030868
v 0.032242 -0.069800 -0.024510
v 0.036757 -0.069800 -0.017005
v 0.039553 -0.069800 -0.008706
v 0.031392 -0.069861 0.029117
v 0.003296 -0.069869 0.042679
v -0.003238 -0.069866 0.042701
v -0.038599 -0.069866 0.018546
v 0.035344 -0.069864 0.024176
v 0.026735 -0.069869 0.033453
v 0.021224 -0.069858 0.037158
v 0.015602 -0.069866 0.039880
v -0.009520 -0.069861 0.041744
v -0.035311 -0.069866 0.024195
v -0.040913 -0.069864 0.012628
v -0.042338 -0.069866 0.006428
v -0.042792 -0.069858 -0.000199
v 0.009520 -0.069861 0.041744
v -0.015604 -0.069869 0.039880
v -0.026736 -0.069866 0.033451
v -0.042338 -0.069866 -0.006428
v -0.040913 -0.069864 -0.012628
v -0.038609 -0.069866 -0.018483
v -0.031392 -0.069864 -0.029118
v -0.026736 -0.069866 -0.033451
v -0.021568 -0.069858 0.036959
v -0.031392 -0.069864 0.029118
v -0.035361 -0.069866 -0.024155
v 0.040912 -0.069861 0.012627
v -0.021224 -0.069858 -0.037158
v -0.015604 -0.069869 -0.039880
v -0.009520 -0.069861 -0.041744
v -0.003298 -0.069866 -0.042678
v 0.042793 -0.069860 0.000199
v 0.042338 -0.069866 0.006428
v 0.026735 -0.069869 -0.033453
v 0.031391 -0.069861 -0.029117
v 0.038609 -0.069869 0.018486
v 0.003237 -0.069869 -0.042702
v 0.015602 -0.069866 -0.039880
v 0.021568 -0.069858 -0.036959
v 0.038599 -0.069869 -0.018548
v 0.040912 -0.069861 -0.012627
v 0.009520 -0.069861 -0.041744
v 0.035311 -0.069866 -0.024195
v 0.042338 -0.069866 -0.006428
v 0.041399 -0.071800 -0.008800
v 0.038664 -0.071800 -0.017214
v 0.028320 -0.071800 -0.031452
v 0.013079 -0.071800 -0.040252
v 0.004424 -0.071800 -0.042092
v -0.013079 -0.071800 -0.040252
v -0.028320 -0.071800 -0.031452
v -0.034240 -0.071800 -0.024877
v -0.041399 -0.071800 -0.008800
v -0.041399 -0.071800 0.008800
v -0.038664 -0.071800 0.017215
v -0.028320 -0.071800 0.031453
v -0.013079 -0.071800 0.040252
v -0.004424 -0.071800 0.042092
v 0.013079 -0.071800 0.040252
v 0.028320 -0.071800 0.031453
v 0.034240 -0.071800 0.024877
v 0.041399 -0.071800 0.008800
v 0.042513 -0.076167 -0.000299
v 0.041626 -0.076137 0.008567
v 0.038935 -0.076137 0.017034
v 0.034543 -0.076137 0.024757
v 0.028641 -0.076137 0.031398
v 0.021487 -0.076137 0.036666
v 0.013394 -0.076137 0.040332
v 0.004716 -0.076137 0.042236
v -0.004169 -0.076137 0.042293
v -0.012871 -0.076137 0.040503
v -0.021010 -0.076137 0.036941
v -0.028232 -0.076137 0.031766
v -0.034219 -0.076137 0.025202
v -0.038711 -0.076137 0.017537
v -0.041512 -0.076137 0.009105
v -0.042513 -0.076167 0.000299
v -0.041626 -0.076137 -0.008567
v -0.038935 -0.076137 -0.017034
v -0.034543 -0.076137 -0.024757
v -0.028641 -0.076137 -0.031398
v -0.021487 -0.076137 -0.036666
v -0.013394 -0.076137 -0.040332
v -0.004716 -0.076137 -0.042236
v 0.004169 -0.076137 -0.042293
v 0.012871 -0.076137 -0.040502
v 0.021010 -0.076137 -0.036941
v 0.028232 -0.076137 -0.031766
v 0.034219 -0.076137 -0.025202
v 0.038711 -0.076137 -0.017537
v 0.041512 -0.076137 -0.009105
v -0.031433 -0.076103 -0.032051
v -0.027554 -0.075945 -0.035713
v -0.012758 -0.076300 -0.042569
v -0.036793 -0.076300 0.024584
v -0.042569 -0.076300 0.012758
v -0.044250 -0.076300 0.000000
v -0.042570 -0.076300 -0.012756
v 0.000000 -0.076300 -0.044250
v 0.035713 -0.075946 0.027554
v 0.032051 -0.076103 0.031433
v -0.012756 -0.076300 0.042570
v -0.024584 -0.076300 0.036793
v -0.032051 -0.076103 0.031433
v -0.036793 -0.076300 -0.024584
v 0.012756 -0.076300 -0.042570
v 0.024584 -0.076300 -0.036792
v 0.042570 -0.076300 0.012756
v 0.027748 -0.075982 0.035497
v 0.012758 -0.076300 0.042569
v 0.032051 -0.076103 -0.031433
v 0.035713 -0.075945 -0.027554
v 0.044250 -0.076300 0.000000
v 0.000000 -0.076300 0.044250
v 0.042569 -0.076300 -0.012758
v 0.038841 -0.074772 0.026565
v 0.042418 -0.074783 0.020329
v 0.041714 -0.075789 0.017452
v 0.026554 -0.074780 0.038833
v 0.020357 -0.074775 0.042421
v 0.017467 -0.075785 0.041716
v 0.003551 -0.074782 0.046907
v 0.006302 -0.075847 0.044665
v -0.005922 -0.075813 0.044783
v -0.003566 -0.074768 0.046935
v -0.017336 -0.075801 0.041738
v -0.026555 -0.074771 0.038850
v -0.020316 -0.074784 0.042421
v -0.027409 -0.075791 0.035945
v -0.038850 -0.074771 0.026555
v -0.035974 -0.075784 0.027396
v -0.042421 -0.074784 0.020316
v -0.041737 -0.075804 0.017323
v -0.046916 -0.074775 0.003581
v -0.044807 -0.075808 0.005817
v -0.044664 -0.075847 -0.006302
v -0.046930 -0.074773 -0.003522
v -0.041716 -0.075785 -0.017467
v -0.038833 -0.074776 -0.026563
v -0.042421 -0.074775 -0.020357
v -0.035945 -0.075791 -0.027409
v -0.026565 -0.074772 -0.038841
v -0.020316 -0.074784 -0.042421
v -0.017336 -0.075801 -0.041738
v -0.003581 -0.074775 -0.046916
v -0.005798 -0.075801 -0.044824
v 0.005922 -0.075813 -0.044783
v 0.003566 -0.074768 -0.046935
v 0.017336 -0.075801 -0.041738
v 0.026555 -0.074771 -0.038850
v 0.020316 -0.074784 -0.042421
v 0.027409 -0.075791 -0.035945
v 0.038825 -0.074777 -0.026573
v 0.042421 -0.074775 -0.020357
v 0.041714 -0.075789 -0.017452
v 0.046916 -0.074775 -0.003581
v 0.044807 -0.075808 -0.005817
v 0.044765 -0.075821 0.005944
v 0.046935 -0.074768 0.003566
v 0.041738 -0.068799 0.017336
v 0.046891 -0.069811 0.003598
v 0.044690 -0.068759 0.006213
v 0.044783 -0.068787 -0.005922
v 0.046942 -0.069835 -0.003556
v 0.041738 -0.068799 -0.017336
v 0.038850 -0.069829 -0.026555
v 0.042421 -0.069816 -0.020316
v 0.035946 -0.068809 -0.027409
v 0.026573 -0.069823 -0.038825
v 0.020357 -0.069825 -0.042421
v 0.017452 -0.068811 -0.041714
v 0.003604 -0.069817 -0.046899
v 0.005817 -0.068792 -0.044807
v -0.005943 -0.068780 -0.044765
v -0.003556 -0.069835 -0.046942
v -0.017452 -0.068811 -0.041714
v -0.026563 -0.069824 -0.038833
v -0.020357 -0.069825 -0.042421
v -0.038849 -0.069825 -0.026547
v -0.042421 -0.069816 -0.020316
v -0.041737 -0.068796 -0.017324
v -0.046939 -0.069832 -0.003538
v -0.044669 -0.068751 -0.006240
v -0.044783 -0.068787 0.005922
v -0.046896 -0.069816 0.003616
v -0.041716 -0.068815 0.017467
v -0.038825 -0.069823 0.026573
v -0.042421 -0.069825 0.020357
v -0.026573 -0.069823 0.038825
v -0.020357 -0.069825 0.042421
v -0.017452 -0.068811 0.041714
v -0.003604 -0.069817 0.046899
v -0.005817 -0.068792 0.044807
v 0.005943 -0.068780 0.044765
v 0.003556 -0.069835 0.046942
v 0.017323 -0.068796 0.041737
v 0.026565 -0.069828 0.038841
v 0.020316 -0.069816 0.042421
v 0.038833 -0.069824 0.026563
v 0.035945 -0.068809 0.027409
v 0.042425 -0.069824 0.020344
vn 0.6255 0.6524 0.4279
vn 0.7289 0.5897 -0.3478
vn 0.0319 0.6565 0.7537
vn -0.0133 0.6055 -0.7958
vn -0.6978 0.6349 -0.3317
vn -0.7276 0.4748 0.4951
vn -0.8759 0.3295 -0.3525
vn -0.0879 0.2874 -0.9538
vn 0.9119 0.2847 0.2956
vn 0.4469 0.2592 0.8562
vn -0.2000 0.2936 0.9348
vn -0.8604 0.2892 0.4196
vn 0.8105 0.3089 -0.4977
vn -0.1790 0.9183 -0.3530
vn 0.2131 0.9313 -0.2955
vn 0.4243 0.9055 0.0050
vn 0.2503 0.9176 0.3090
vn -0.3399 0.9222 0.1842
vn -0.3654 0.9254 -0.1004
vn -0.0437 0.9037 0.4260
vn 0.0107 0.9998 0.0154
vn 0.0187 0.9998 -0.0035
vn -0.0152 0.9999 -0.0063
vn -0.0094 0.9998 0.0160
vn 0.0007 0.9997 -0.0235
vn -0.3369 -0.5890 -0.7346
vn -0.9241 0.0781 -0.3742
vn 0.1338 0.0534 -0.9896
vn 0.3015 -0.5900 -0.7490
vn 0.9650 0.0396 -0.2591
vn 0.6615 -0.5936 0.4584
vn 0.5825 0.0568 0.8108
vn 0.2047 -0.5950 0.7772
vn -0.5462 0.0734 0.8344
vn -0.7811 -0.5836 0.2220
vn -0.7624 -0.5997 -0.2433
vn -0.5505 -0.6574 0.5146
vn -0.1405 -0.6552 0.7423
vn 0.7608 -0.6402 0.1064
vn 0.6283 -0.6610 -0.4103
vn -0.0287 -0.9996 0.0002
vn -0.0025 -0.9994 0.0350
vn 0.0014 -0.9994 -0.0336
vn 0.0221 -0.9998 -0.0004
vn 0.6774 -0.5145 0.5257
vn 0.6776 -0.5081 -0.5317
vn 0.9907 0.1364 -0.0014
vn 0.0253 0.0292 0.9993
vn -0.5929 -0.5310 0.6054
vn -0.9995 -0.0007 -0.0323
vn -0.4536 -0.5346 -0.7131
vn 0.0061 0.0565 -0.9984
vn 0.3509 -0.9363 -0.0121
vn 0.1025 -0.9099 -0.4021
vn -0.4605 -0.8846 -0.0733
vn 0.0725 -0.8900 0.4501
vn 0.7769 0.6296 -0.0033
vn 0.4413 0.5692 -0.6938
vn 0.4475 0.6522 0.6119
vn -0.4047 0.6513 -0.6419
vn -0.3937 0.6084 0.6891
vn -0.8750 0.4815 -0.0493
vn -0.8925 0.3179 -0.3199
vn -0.2957 0.2921 -0.9095
vn 0.9134 0.3224 0.2485
vn 0.1714 0.2889 0.9419
vn -0.7120 0.3050 0.6326
vn 0.6008 0.3199 -0.7326
vn -0.2528 0.9148 -0.3151
vn 0.1045 0.9235 -0.3690
vn 0.3628 0.9241 -0.1204
vn 0.3605 0.9122 0.1946
vn 0.0744 0.9304 0.3590
vn -0.4052 0.9137 -0.0322
vn -0.2684 0.9163 0.2973
vn 0.0137 0.9998 0.0172
vn 0.0179 0.9998 -0.0005
vn 0.0106 0.9998 -0.0156
vn -0.0166 0.9999 -0.0011
vn -0.0106 0.9998 0.0167
vn -0.0090 0.9998 -0.0155
vn -0.7561 -0.6335 -0.1641
vn -0.9968 0.0203 -0.0775
vn -0.4950 0.0251 -0.8685
vn 0.2600 -0.5889 -0.7653
vn 0.5177 0.0408 -0.8546
vn 0.7078 -0.5971 -0.3776
vn 0.9988 0.0393 -0.0281
vn 0.7618 -0.6063 0.2283
vn 0.5552 0.0133 0.8316
vn 0.2850 -0.6118 0.7378
vn -0.5082 0.0307 0.8607
vn -0.7054 -0.6135 0.3549
vn -0.2820 -0.6306 0.7231
vn -0.1546 -0.6606 -0.7346
vn -0.6020 -0.5817 -0.5470
vn -0.0137 -0.9997 -0.0223
vn -0.0104 -0.9996 0.0248
vn 0.0245 -0.9997 -0.0055
vn 0.8575 -0.4740 -0.2001
vn 0.4731 0.1700 -0.8645
vn 0.4989 0.1712 0.8496
vn 0.0289 -0.4559 0.8895
vn -0.9792 0.2030 0.0008
vn -0.7836 -0.4583 0.4195
vn -0.4063 -0.4746 -0.7808
vn 0.1676 -0.8869 -0.4304
vn -0.3993 -0.9093 -0.1175
vn -0.1867 -0.9356 0.2998
vn 0.3566 -0.8901 0.2837
vn 0.0808 -0.2351 0.9686
vn 0.1844 -0.1903 0.9643
vn -0.2654 -0.0007 0.9641
vn 0.2450 -0.0511 0.9682
vn 0.2479 0.0886 0.9647
vn 0.1372 0.3008 0.9438
vn -0.0581 0.2399 0.9691
vn -0.2086 -0.1530 0.9659
vn -0.1197 -0.2730 0.9545
vn -0.5350 -0.3643 0.7623
vn -0.6411 -0.1002 0.7609
vn -0.2170 0.2403 0.9461
vn -0.0917 0.6642 0.7419
vn 0.4543 0.4551 0.7658
vn 0.6417 -0.1092 0.7591
vn 0.5419 -0.3640 0.7575
vn 0.3408 -0.5530 0.7602
vn 0.0988 -0.6469 0.7561
vn 0.1696 0.7448 0.6454
vn -0.3826 -0.5896 0.7113
vn -0.7138 -0.6112 0.3419
vn -0.8979 -0.2561 0.3579
vn -0.5617 0.2259 0.7959
vn -0.9160 0.1500 0.3722
vn -0.4030 0.5158 0.7560
vn -0.6554 0.6710 0.3467
vn -0.3484 0.8058 0.4788
vn 0.3684 0.8326 0.4136
vn 0.6333 0.1765 0.7535
vn 0.8549 0.3943 0.3371
vn 0.9434 -0.0098 0.3315
vn 0.8518 -0.4064 0.3306
vn 0.5977 -0.7238 0.3449
vn -0.0355 -0.9075 0.4185
vn -0.1706 -0.6697 0.7227
vn -0.2416 -0.9227 0.3005
vn 0.0046 0.9509 0.3094
vn -0.5524 0.7894 0.2678
vn 0.2951 -0.8718 0.3911
vn 0.5163 -0.8283 0.2177
vn -0.5080 -0.8432 0.1758
vn -0.5638 -0.7646 0.3122
vn -0.0383 0.5905 0.8061
vn 0.5521 0.8151 0.1754
vn 0.0778 -0.5609 0.8242
vn 0.6314 0.7254 0.2740
vn 0.7335 -0.5906 0.3365
vn 0.9096 -0.2242 0.3499
vn 0.9194 0.1826 0.3483
vn 0.7545 0.5527 0.3540
vn -0.7456 0.5425 0.3870
vn -0.8670 0.3571 0.3475
vn -0.9339 -0.0451 0.3548
vn -0.8291 -0.4354 0.3508
vn 0.6676 -0.3913 0.6334
vn 0.4959 -0.4378 0.7499
vn 0.9542 -0.2986 0.0169
vn 0.9948 0.0959 0.0356
vn 0.5405 0.3587 0.7611
vn 0.4648 0.5154 0.7200
vn 0.8311 0.5558 -0.0193
vn 0.9092 0.4093 0.0757
vn 0.5875 0.2680 0.7636
vn 0.8777 0.4783 0.0284
vn -0.0290 0.9962 -0.0816
vn -0.8084 0.5864 -0.0510
vn -0.3809 0.9245 0.0159
vn 0.3971 0.9177 0.0114
vn -0.9224 0.3848 0.0330
vn -0.9007 0.4344 0.0082
vn -0.9320 0.3620 -0.0189
vn -0.6740 0.7376 0.0417
vn -0.0000 -0.0000 1.0000
vn 0.0010 0.0022 1.0000
vn -0.5468 0.3260 0.7712
vn -0.6457 0.0995 0.7571
vn -0.9539 -0.2996 0.0152
vn -0.7610 -0.6487 0.0128
vn -0.8237 -0.5637 0.0612
vn 0.9173 -0.3974 -0.0264
vn 0.9147 -0.4028 0.0343
vn 0.7931 -0.6068 -0.0520
vn -0.8237 -0.5669 -0.0118
vn -0.9100 -0.4089 0.0679
vn -0.6110 -0.2331 0.7566
vn 0.0284 -0.9965 -0.0792
vn 0.3798 -0.9249 0.0179
vn -0.3964 -0.9180 0.0130
vn -0.0007 -0.0015 1.0000
vn -0.1214 0.4852 0.8659
vn -0.4778 0.5466 0.6877
vn -0.2973 0.5043 0.8107
vn 0.1739 0.5755 0.7991
vn 0.0014 0.0036 1.0000
vn -0.0009 0.0009 1.0000
vn -0.0040 0.0007 1.0000
vn 0.2673 -0.6748 0.6879
vn 0.3740 -0.6143 0.6948
vn -0.0000 -0.0001 1.0000
vn 0.0001 -0.0000 1.0000
vn -0.0002 -0.0000 1.0000
vn 0.0756 0.1882 0.9792
vn -0.0009 0.0005 1.0000
vn -0.0012 0.0005 1.0000
vn 0.1172 0.5011 0.8574
vn 0.0001 -0.0002 1.0000
vn 0.2195 -0.0795 0.9724
vn 0.3043 0.6550 0.6917
vn 0.0018 -0.0011 1.0000
vn 0.0002 -0.0000 1.0000
vn 0.0007 -0.0015 1.0000
vn 0.0022 0.0009 1.0000
vn 0.0181 0.0017 0.9998
vn 0.0001 -0.0001 1.0000
vn 0.0001 0.0001 1.0000
vn -0.0675 -0.7320 0.6780
vn -0.0000 0.0001 1.0000
vn -0.0446 -0.0048 0.9990
vn 0.0022 -0.0013 1.0000
vn -0.0007 -0.0011 1.0000
vn 0.4841 0.5348 0.6926
vn -0.0027 -0.0020 1.0000
vn -0.0001 -0.0000 1.0000
vn -0.6310 -0.5480 0.5491
vn -0.7158 0.1799 0.6747
vn -0.0001 0.0001 1.0000
vn -0.6315 -0.4283 0.6463
vn 0.0021 0.0002 1.0000
vn -0.4244 -0.6548 0.6254
vn 0.0001 0.0003 1.0000
vn 0.5737 -0.4600 0.6777
vn 0.7226 0.1934 0.6636
vn 0.6104 -0.5332 0.5857
vn 0.2754 0.7869 0.5522
vn -0.2017 0.0727 0.9767
vn -0.2577 0.6851 0.6814
vn -0.2520 0.7645 0.5933
vn 0.0001 0.0002 1.0000
vn -0.2077 0.7828 0.5866
vn -0.6287 0.7777 -0.0018
vn -0.3855 0.9227 -0.0052
vn -0.1182 0.9930 0.0031
vn -0.0700 0.9974 -0.0158
vn 0.1751 0.9844 -0.0183
vn 0.6256 0.7802 -0.0028
vn 0.3137 0.9492 -0.0262
vn 0.1873 0.7634 0.6181
vn -0.1597 0.3937 0.9052
vn -0.9659 0.2588 -0.0000
vn -0.7593 -0.6507 -0.0017
vn 0.1597 0.3937 0.9053
vn 0.3214 -0.2716 0.9071
vn 0.9664 0.2569 -0.0009
vn -0.2732 -0.9619 0.0063
vn -0.6923 -0.7207 -0.0352
vn -0.8837 -0.3707 0.2857
vn 0.6967 -0.7167 -0.0305
vn 0.3124 -0.6588 0.6844
vn 0.7983 -0.4117 0.4397
vn -0.8534 -0.3573 0.3796
vn -0.9101 -0.1970 0.3645
vn -0.4052 -0.0640 0.9120
vn -0.7222 -0.5496 0.4200
vn -0.7256 -0.5894 0.3550
vn -0.2717 -0.1364 0.9527
vn -0.2048 -0.0201 0.9786
vn -0.4104 -0.1925 0.8914
vn 0.9659 -0.2089 0.1530
vn 0.8805 -0.3059 0.3622
vn 0.2621 -0.1562 0.9523
vn 0.7453 -0.5677 0.3496
vn 0.7618 -0.4821 0.4328
vn 0.4936 -0.2076 0.8446
vn -0.6296 0.4706 0.6182
vn -0.2969 0.6735 0.6770
vn 0.0232 0.7109 0.7029
vn -0.7135 0.0949 0.6942
vn -0.3161 -0.6258 0.7131
vn -0.6719 -0.4166 0.6124
vn 0.3686 -0.6156 0.6966
vn 0.1187 -0.7127 0.6914
vn 0.7307 -0.0424 0.6814
vn 0.7266 0.5940 0.3453
vn 0.6121 -0.3038 0.7301
vn -0.1720 0.9849 -0.0213
vn -0.9088 0.4171 -0.0050
vn -0.7624 0.1921 0.6179
vn -0.0436 0.8040 0.5930
vn -0.8498 -0.5262 -0.0291
vn 0.1703 -0.9851 -0.0243
vn -0.5123 -0.5962 0.6181
vn 0.3734 -0.9277 0.0040
vn 0.9318 -0.3630 -0.0006
vn 0.8007 0.0642 0.5956
vn 0.7914 0.6110 -0.0206
vn -0.6130 0.7901 0.0058
vn 0.1127 0.9935 0.0188
vn 0.3035 0.9511 -0.0567
vn 0.4636 -0.8852 -0.0396
vn 0.9971 -0.0251 -0.0722
vn 0.9562 -0.2880 0.0524
vn -0.4316 -0.9012 -0.0403
vn 0.1692 -0.9840 0.0564
vn -0.9684 -0.2444 -0.0498
vn -0.7739 -0.6313 0.0503
vn -0.7396 0.6717 -0.0428
vn -0.9921 0.1221 0.0293
vn 0.8088 0.5877 0.0218
vn -0.0000 -0.0000 -1.0000
vn 0.2389 0.9702 -0.0413
vn -0.6732 0.7376 -0.0535
vn -0.2611 0.5401 -0.8001
vn 0.9646 0.2621 -0.0279
vn 0.2455 0.5325 -0.8101
vn 0.7063 -0.7072 -0.0305
vn 0.9812 0.1928 0.0019
vn 0.7678 -0.6405 0.0146
vn -0.0187 -0.9995 0.0269
vn -0.2019 -0.9793 -0.0116
vn -0.7502 -0.6610 -0.0190
vn -0.8454 -0.5318 0.0488
vn -0.9993 -0.0124 -0.0352
vn -0.9470 0.3183 0.0428
vn -0.9945 0.0965 -0.0410
vn -0.6391 -0.7670 -0.0580
vn -0.8746 -0.4837 0.0338
vn -0.9602 0.2790 0.0132
vn 0.2364 0.9716 0.0034
vn 0.9040 0.4273 0.0157
vn 0.9267 -0.3752 -0.0197
vn 0.8333 -0.5510 0.0450
vn 0.2731 -0.9612 -0.0382
vn -0.1668 -0.9844 0.0566
vn 0.8947 0.4465 0.0083
vn -0.5275 0.8495 0.0082
vn -0.9912 0.1321 -0.0113
vn -0.7716 -0.6349 -0.0390
vn -0.9986 -0.0387 0.0365
vn -0.6784 0.7346 0.0073
vn -0.0405 0.9990 -0.0167
vn -0.6388 0.7691 0.0200
vn 0.0785 0.9968 0.0110
vn 0.6670 0.7448 -0.0210
vn 0.9985 -0.0528 -0.0145
vn 0.7698 0.6380 0.0177
vn 0.7205 -0.6933 -0.0167
vn 0.7212 -0.6928 0.0036
vn 0.0491 -0.9983 -0.0324
vn 0.1612 -0.9844 0.0706
vn -0.5396 -0.8412 0.0339
vn 0.9995 -0.0288 0.0104
vn -0.8974 -0.4369 -0.0616
vn 0.0430 -0.9965 -0.0717
vn -0.7016 -0.7125 0.0106
vn -0.1321 0.9908 -0.0280
vn -0.8624 0.5049 -0.0359
vn -0.7321 0.6808 0.0247
vn 0.6786 0.7338 -0.0314
vn -0.0759 0.9971 0.0022
vn 0.9638 -0.2548 -0.0785
vn 0.9905 0.1355 0.0243
vn 0.7380 -0.6745 0.0202
vn -0.0218 -0.9985 0.0505
vn 0.6215 0.7834 0.0084
vn -0.9990 -0.0248 0.0361
vn -0.4652 -0.8850 -0.0159
vn 0.4650 -0.8852 -0.0121
vn -0.4532 -0.8910 0.0280
vn -0.9507 -0.3096 -0.0183
vn -0.8439 0.5352 -0.0379
vn -0.9973 -0.0485 0.0559
vn -0.1498 0.9877 -0.0458
vn -0.5950 0.8022 0.0490
vn 0.6114 0.7905 -0.0364
vn 0.1212 0.9921 0.0316
vn 0.9987 -0.0429 -0.0265
vn 0.7418 0.6703 0.0194
vn 0.9932 -0.1162 0.0038
vn 0.4985 -0.8668 0.0143
vn -0.0297 -0.9968 -0.0736
vn 0.8172 -0.5741 -0.0517
vn 0.5552 -0.8310 0.0335
vn -0.2626 -0.9646 0.0237
vn -0.8460 -0.5325 -0.0285
vn -0.8604 0.5093 -0.0166
vn -0.8901 -0.4557 0.0116
vn 0.1709 0.9842 -0.0461
vn -0.8379 0.5458 -0.0078
vn -0.0144 0.9999 0.0029
vn 0.7793 0.6263 0.0232
vn 0.9538 0.2948 -0.0581
vn 0.9903 -0.1323 0.0414
vn 0.7274 -0.6846 0.0468
vn 0.2729 -0.9613 -0.0367
vn 0.8194 -0.5730 -0.0145
vn -0.5980 -0.8001 -0.0470
vn 0.0159 -0.6032 -0.7975
vn -0.9998 -0.0131 -0.0114
vn -0.9875 -0.1574 0.0003
vn -0.6920 0.7218 -0.0085
vn -0.7678 0.6405 0.0146
vn -0.0159 0.9997 0.0191
vn 0.1876 0.9816 -0.0343
vn 0.7754 0.6315 -0.0068
vn 0.7333 0.6794 0.0247
vn 0.9987 0.0509 -0.0024
vn 0.9998 -0.0104 0.0183
vn -0.3578 -0.5325 -0.7671
vn 0.9949 0.0901 -0.0460
vn 0.6151 0.7870 -0.0482
vn 0.8732 0.4856 0.0412
vn 0.6300 -0.7743 -0.0600
vn 0.9577 -0.2842 0.0449
vn -0.5877 -0.8083 0.0354
vn -0.9953 -0.0960 0.0151
vn -0.5315 -0.8435 -0.0777
vn -0.9819 0.1786 -0.0634
vn -0.3033 0.9509 -0.0618
vn -0.6840 0.7282 0.0435
vn 0.1964 0.9795 0.0441
vn 0.3086 -0.9505 0.0365
vn 0.9479 -0.3159 -0.0421
vn 0.7982 0.5997 -0.0576
vn 0.5953 0.1668 -0.7860
vn 0.2758 -0.9609 -0.0233
vn 0.5212 -0.2945 -0.8010
vn -0.6370 -0.7708 -0.0126
vn 0.1247 -0.5652 -0.8155
vn -0.9974 0.0698 -0.0159
vn -0.9979 0.0610 0.0234
vn -0.6786 0.7344 -0.0140
vn 0.0607 0.9975 -0.0374
vn -0.4449 0.8936 0.0589
vn 0.4842 0.8736 0.0490
vn -0.6091 -0.7930 0.0113
vn -0.5332 0.5803 0.6156
vn -0.1521 0.7612 0.6304
vn -0.2220 -0.6993 0.6795
vn -0.8141 -0.4484 0.3690
vn 0.2772 -0.7947 0.5400
vn 0.8006 0.4009 0.4454
vn 0.6005 -0.2675 0.7536
vn 0.9974 0.0536 0.0473
vn 0.1096 -0.9937 0.0223
vn 0.1385 -0.9902 0.0201
vn -0.1626 0.9832 0.0832
vn 0.8193 0.5733 -0.0053
vn -0.9763 -0.2078 0.0603
vn -0.8451 0.5334 -0.0355
vn -0.8229 -0.5677 -0.0234
vn 0.0817 0.9966 -0.0113
vn 0.9145 -0.4045 0.0046
vn 0.3950 0.4968 0.7727
vn 0.4363 0.4594 0.7737
vn 0.3493 0.5287 0.7736
vn 0.4317 -0.4140 0.8014
vn 0.3911 -0.4518 0.8018
vn 0.4675 -0.3710 0.8024
vn -0.3356 -0.4796 0.8108
vn -0.3788 -0.4450 0.8115
vn -0.2878 -0.5090 0.8112
vn -0.5210 0.3264 0.7887
vn -0.4884 0.3714 0.7896
vn -0.5478 0.2774 0.7893
vn 0.9727 0.2316 -0.0146
vn 0.2410 0.9696 -0.0411
vn 0.3362 0.9417 0.0154
vn 0.7920 -0.6104 -0.0131
vn 0.9835 0.1806 0.0052
vn 0.1053 -0.9943 -0.0184
vn 0.1622 -0.9868 0.0028
vn -0.6941 -0.7187 -0.0403
vn -0.8854 0.4578 -0.0803
vn -0.9903 -0.1383 0.0131
vn -0.6796 0.7330 0.0293
vn -0.6061 -0.7954 0.0078
vn 0.8149 -0.5796 0.0060
vn 0.4672 0.8826 -0.0523
vn -0.4488 0.8929 -0.0345
vn 0.0917 0.9956 0.0188
vn 0.6706 0.7404 0.0455
vn 0.9590 0.2824 -0.0243
vn 0.8826 -0.4695 -0.0247
vn 0.9727 0.2320 -0.0110
vn 0.5568 -0.8293 0.0473
vn 0.2554 -0.9664 -0.0286
vn -0.4185 -0.9080 -0.0181
vn -0.2160 -0.9754 0.0435
vn -0.8722 -0.4880 0.0335
vn -0.8820 -0.4711 -0.0105
vn -0.9673 0.2534 -0.0089
vn -0.9594 0.2820 -0.0054
vn -0.5968 0.8023 0.0138
vn 0.9593 -0.2822 0.0061
vn -0.8558 -0.3633 0.3682
vn -0.8599 -0.1364 0.4920
vn -0.6511 -0.1111 0.7508
vn -0.7233 -0.6375 0.2656
vn -0.2871 -0.0132 0.9578
vn -0.9534 -0.2865 0.0943
vn -0.9280 -0.2980 0.2238
vn -0.6346 -0.7726 -0.0181
vn -0.6306 -0.6982 -0.3388
vn -0.8711 -0.0711 -0.4859
vn -0.0009 -0.0029 1.0000
vn -0.0027 -0.0021 1.0000
vn 0.3783 0.0434 0.9246
vn 0.0020 -0.0035 1.0000
vn -0.0046 0.0015 1.0000
vn -0.0001 -0.0001 1.0000
vn 0.0030 -0.0018 1.0000
vn -0.5836 -0.8108 -0.0442
vn -0.4043 -0.6166 -0.6755
vn -0.8014 -0.5955 -0.0563
vn -0.5548 -0.5589 -0.6164
vn -0.8335 -0.3969 -0.3844
vn -0.5938 -0.4099 -0.6924
vn -0.9512 -0.3085 0.0020
vn -0.9012 -0.2048 -0.3820
vn -0.9957 -0.0147 -0.0911
vn -0.7207 -0.1178 -0.6832
vn -0.9011 0.0501 -0.4307
vn -0.9148 0.4038 -0.0045
vn -0.9038 0.2195 -0.3674
vn -0.7552 0.5694 -0.3247
vn -0.7928 0.3477 -0.5006
vn -0.6547 0.7530 -0.0664
vn -0.5527 0.5488 -0.6272
vn -0.4085 0.5966 -0.6908
vn -0.3088 0.9500 -0.0473
vn -0.3980 0.7198 -0.5688
vn 0.1073 0.9939 -0.0252
vn -0.0960 0.8609 -0.4996
vn 0.0790 0.9135 -0.3991
vn 0.2045 0.7228 -0.6601
vn 0.4155 0.9087 -0.0401
vn 0.3508 0.6291 -0.6937
vn 0.6543 0.7536 -0.0628
vn 0.3753 0.6258 -0.6838
vn 0.9171 0.3969 -0.0374
vn 0.7719 0.5465 -0.3247
vn 0.7556 0.1741 -0.6315
vn 0.6000 0.3037 -0.7401
vn 0.9970 -0.0029 -0.0768
vn 0.9137 0.1114 -0.3908
vn 0.8905 -0.1069 -0.4423
vn 0.9512 -0.3087 0.0022
vn 0.8740 -0.1887 -0.4477
vn 0.8012 -0.5955 -0.0590
vn 0.8371 -0.4110 -0.3611
vn 0.4749 -0.5791 -0.6627
vn 0.5126 -0.4148 -0.7517
vn 0.5859 -0.8092 -0.0430
vn 0.3824 -0.6377 -0.6687
vn 0.6575 -0.7534 -0.0126
vn 0.6428 -0.6523 -0.4017
vn 0.6580 0.6333 -0.4074
vn -0.1530 0.7068 -0.6907
vn 0.9905 -0.1048 0.0885
vn 0.8973 -0.0545 0.4380
vn 0.9686 -0.2338 0.0849
vn 0.0181 0.3725 -0.9278
vn 0.1983 -0.2139 -0.9565
vn 0.4594 -0.1693 -0.8719
vn 0.4828 -0.0092 -0.8757
vn 0.3757 0.3113 -0.8729
vn -0.4406 0.2388 -0.8654
vn -0.4672 0.0879 -0.8798
vn -0.4459 -0.1711 -0.8786
vn -0.2876 -0.2096 -0.9345
vn 0.8716 -0.3707 0.3207
vn 0.7345 -0.6645 0.1378
vn 0.6370 -0.1532 0.7554
vn -0.4145 -0.1626 -0.8954
vn 0.3206 -0.1385 -0.9370
vn -0.0000 -0.0001 -1.0000
vn 0.0020 -0.0006 -1.0000
vn 0.0013 -0.0017 -1.0000
vn -0.0009 -0.0015 -1.0000
vn -0.0229 -0.0015 -0.9997
vn -0.0014 -0.0039 -1.0000
vn -0.0063 -0.0038 -1.0000
vn -0.0023 0.0018 -1.0000
vn -0.0056 0.0037 -1.0000
vn -0.0022 0.0030 -1.0000
vn 0.0002 0.0001 -1.0000
vn 0.0004 0.0001 -1.0000
vn -0.0067 -0.0039 -1.0000
vn -0.0048 0.0006 -1.0000
vn -0.0007 0.0008 -1.0000
vn 0.0025 0.0163 -0.9999
vn -0.0001 -0.0017 -1.0000
vn -0.0002 0.0003 -1.0000
vn 0.0041 -0.0053 -1.0000
vn 0.0085 -0.0086 -0.9999
vn 0.0043 -0.0033 -1.0000
vn -0.0483 -0.0133 -0.9987
vn -0.0101 -0.0046 -0.9999
vn 0.0044 0.0165 -0.9999
vn 0.0008 -0.0009 -1.0000
vn 0.0010 -0.0000 -1.0000
vn 0.0060 0.0061 -1.0000
vn 0.0084 0.0045 -1.0000
vn -0.0003 0.0003 -1.0000
vn -0.0319 0.0005 -0.9995
vn -0.0075 0.0004 -1.0000
vn 0.0053 0.0023 -1.0000
vn -0.3863 -0.1152 -0.9152
vn -0.9502 -0.0833 -0.3003
vn 0.8862 -0.1232 -0.4465
vn 0.4078 -0.0679 -0.9105
vn 0.9502 -0.0150 -0.3112
vn -0.2983 -0.2762 -0.9137
vn -0.8371 -0.2671 -0.4774
vn 0.8062 -0.2642 -0.5294
vn 0.3522 -0.3981 -0.8470
vn -0.5228 -0.7630 -0.3801
vn -0.9316 0.3612 0.0402
vn -0.9758 0.1752 0.1307
vn -0.8474 -0.5300 -0.0311
vn -0.2541 0.9671 0.0075
vn -0.1755 0.5393 0.8236
vn -0.0019 -0.3899 -0.9208
vn 0.0495 -0.9388 -0.3409
vn -0.6393 0.1764 0.7484
vn -0.5747 -0.4015 0.7131
vn -0.5607 -0.3298 0.7595
vn -0.3367 0.4640 0.8193
vn -0.1567 0.6467 0.7464
vn -0.0284 0.2853 0.9580
vn 0.0610 0.7559 0.6518
vn 0.3049 0.3314 0.8929
vn 0.1013 0.6609 0.7436
vn 0.0010 -0.9976 -0.0688
vn 0.0025 -0.0022 -1.0000
vn 0.0061 -0.0047 -1.0000
vn 0.0036 -0.0159 -0.9999
vn -0.0004 -0.0015 -1.0000
vn -0.0015 -0.0008 -1.0000
vn -0.0046 -0.0100 -0.9999
vn -0.0007 -0.0017 -1.0000
vn 0.6140 -0.7289 -0.3029
vn 0.0009 -0.6698 0.7425
vn 0.0008 -0.6719 0.7406
vn 0.8484 -0.5280 -0.0383
vn 0.5453 -0.3288 0.7710
vn 0.5721 -0.4023 0.7148
vn 0.6351 0.2058 0.7445
vn 0.9733 0.1642 0.1606
vn 0.9259 0.3777 0.0072
vn 0.1859 0.5317 0.8263
vn 0.2612 0.9626 0.0717
vn 0.9074 0.4195 -0.0258
vn 0.1774 0.9829 -0.0497
vn 0.7747 0.6303 0.0510
vn 0.9721 -0.2338 -0.0191
vn 0.9549 -0.2916 0.0557
vn 0.6047 -0.7958 -0.0326
vn -0.2904 -0.9555 -0.0522
vn 0.2904 -0.9555 0.0522
vn -0.9549 -0.2916 -0.0557
vn -0.6047 -0.7958 0.0326
vn -0.7747 0.6303 -0.0510
vn -0.9074 0.4195 0.0258
vn -0.1774 0.9829 0.0497
vn -0.9721 -0.2338 0.0191
vn 0.9783 0.2059 -0.0240
vn 0.3912 0.9198 -0.0304
vn 0.5432 0.8390 0.0311
vn 0.8031 -0.5954 -0.0251
vn 0.9928 0.1172 0.0240
vn 0.1217 -0.9919 -0.0368
vn 0.6788 -0.7334 0.0362
vn -0.6788 -0.7334 -0.0362
vn -0.1217 -0.9919 0.0368
vn -0.9928 0.1172 -0.0240
vn -0.8031 -0.5954 0.0251
vn -0.5432 0.8390 -0.0311
vn -0.9783 0.2059 0.0240
vn -0.3912 0.9198 0.0304
vn -0.0556 -0.9447 0.3231
vn 0.2046 -0.9083 0.3650
vn -0.0405 -0.9281 0.3701
vn 0.1762 -0.9465 0.2703
vn 0.9536 -0.3004 0.0178
vn -0.9626 -0.2690 0.0323
vn -0.1530 -0.9410 0.3017
vn -0.1423 -0.9897 0.0141
vn -0.0456 -0.8932 0.4474
vn 0.5187 -0.8149 0.2588
vn 0.8717 -0.2278 0.4339
vn 0.8658 -0.5003 -0.0107
vn 0.5375 -0.0007 0.8433
vn 0.1500 -0.2895 0.9453
vn 0.4274 0.8658 0.2602
vn -0.0001 0.0003 1.0000
vn 0.8645 0.2463 0.4381
vn 0.4907 0.8094 0.3225
vn 0.3100 0.3321 0.8909
vn 0.0049 -0.3058 0.9521
vn -0.2887 -0.3570 0.8884
vn -0.6374 -0.7068 0.3067
vn -0.8858 -0.2422 0.3959
vn -0.9224 -0.3861 -0.0124
vn 0.0018 0.9998 0.0189
vn -0.0736 0.8864 0.4571
vn 0.0937 0.9127 0.3978
vn -0.4440 0.8562 0.2642
vn -0.4393 0.8027 0.4034
vn 0.0001 0.0004 1.0000
vn -0.9115 0.2961 0.2854
vn -0.0232 0.4500 0.8927
vn -0.3753 0.2604 0.8896
vn 0.0048 -0.0050 1.0000
vn 0.0018 0.0007 1.0000
vn 0.0121 0.0022 0.9999
vn -0.0007 0.0035 1.0000
vn -0.0082 -0.0090 0.9999
vn 0.0011 -0.1248 0.9922
vn 0.1302 -0.1660 0.9775
vn -0.0353 0.0048 0.9994
vn 0.0002 0.0013 1.0000
vn -0.0008 0.0040 1.0000
vn -0.0013 0.0068 1.0000
vn -0.0017 0.0014 1.0000
vn -0.0006 0.0004 1.0000
vn -0.0009 0.0002 1.0000
vn -0.0001 0.0011 1.0000
vn -0.0000 0.0003 1.0000
vn 0.0003 0.0006 1.0000
vn 0.0012 0.0148 0.9999
vn 0.0103 0.0120 0.9999
vn 0.0008 0.0006 1.0000
vn 0.0011 0.0006 1.0000
vn 0.0053 0.0320 0.9995
vn -0.0115 0.0273 0.9996
vn -0.0002 0.0002 1.0000
vn -0.4929 -0.4938 0.7164
vn -0.8774 -0.0929 0.4707
vn -0.5846 0.3716 0.7212
vn -0.5273 0.4418 0.7258
vn -0.2162 -0.9019 0.3739
vn 0.0788 0.6951 0.7146
vn 0.0554 0.6430 0.7638
vn -0.8841 0.3814 0.2701
vn -0.3778 0.9100 0.1707
vn -0.7511 0.6593 -0.0338
vn -0.0132 -0.9994 0.0315
vn 0.1078 -0.7277 0.6774
vn -0.2937 -0.9074 0.3007
vn -0.8899 -0.3787 0.2544
vn -0.9397 -0.3419 -0.0054
vn -0.2663 0.9214 0.2830
vn 0.1010 0.9949 -0.0033
vn -0.0086 0.9337 0.3579
vn 0.9273 -0.0516 0.3708
vn -0.1145 0.8855 0.4504
vn -0.0616 0.6188 0.7831
vn -0.2809 0.9363 0.2107
vn 0.1600 0.8487 0.5041
vn -0.3679 0.5184 0.7719
vn -0.0348 0.4645 0.8849
vn 0.5865 0.3601 0.7255
vn 0.5491 0.4277 0.7180
vn 0.3882 -0.9216 0.0013
vn 0.9571 -0.2889 -0.0245
vn 0.8737 -0.2787 0.3986
vn 0.3202 -0.8697 0.3756
vn 0.4318 0.8402 0.3282
vn 0.0163 0.9679 0.2508
vn -0.2043 0.9342 0.2925
vn -0.3230 0.9061 0.2733
vn 0.0920 0.5056 0.8579
vn -0.1301 0.6013 0.7883
vn -0.0250 0.6419 0.7664
vn 0.1963 0.9564 0.2162
vn 0.7735 0.6317 0.0515
vn 0.2657 0.9344 0.2375
vn 0.4501 0.8412 0.2997
vn 0.8766 0.3320 0.3484
vn 0.2865 0.4114 0.8652
vn 0.3009 -0.1915 0.9342
vn -0.0423 0.2386 0.9702
vn -0.6311 -0.1722 0.7564
vn -0.1802 -0.0529 0.9822
vn 0.0203 -0.1119 0.9935
vn -0.0105 -0.8631 0.5050
vn -0.1982 -0.6138 0.7641
vn 0.9991 -0.0389 0.0146
vn 0.4059 -0.9139 0.0047
vn 0.4962 -0.8680 -0.0186
vn 0.3832 0.9236 0.0104
vn 0.9992 0.0380 -0.0091
vn -0.6311 0.7755 0.0169
vn 0.2934 0.9557 -0.0223
vn -0.9987 -0.0429 0.0258
vn -0.8502 0.5240 -0.0512
vn -0.5259 -0.8503 0.0216
vn -0.6680 -0.7427 -0.0466
vn 0.4926 0.2929 0.8195
vn 0.5183 0.2435 0.8198
vn 0.4610 0.3388 0.8201
vn 0.4493 -0.3236 0.8328
vn 0.4141 -0.3667 0.8331
vn 0.4790 -0.2764 0.8331
vn -0.0534 -0.5425 0.8384
vn -0.1086 -0.5339 0.8386
vn 0.0022 -0.5446 0.8387
vn -0.4703 -0.2765 0.8381
vn -0.4956 -0.2267 0.8385
vn -0.4394 -0.3227 0.8383
vn -0.4863 0.2288 0.8433
vn -0.4599 0.2778 0.8434
vn -0.5069 0.1769 0.8436
vn -0.1385 0.5353 0.8332
vn -0.0836 0.5456 0.8339
vn -0.1916 0.5186 0.8333
vn 0.9980 -0.0499 0.0387
vn 0.4217 -0.9059 0.0376
vn 0.9331 -0.3571 -0.0426
vn 0.3743 0.9264 0.0406
vn 0.6610 0.7492 -0.0422
vn -0.5094 0.8600 -0.0293
vn -0.6483 0.7613 0.0070
vn -0.9993 -0.0384 -0.0041
vn -0.5525 -0.8331 0.0266
vn -0.9908 -0.1318 -0.0308
vn -0.0929 -0.9943 -0.0530
vn 0.4610 0.3389 0.8202
vn 0.4791 -0.2764 0.8331
vn -0.4864 0.2288 0.8433
vn -0.9551 0.2941 0.0359
vn -0.0019 0.9998 0.0180
vn -0.4202 0.9073 -0.0163
vn -0.9995 0.0009 -0.0318
vn -0.5000 -0.8654 0.0330
vn -0.4006 -0.9156 -0.0352
vn 0.7794 -0.6261 0.0235
vn 0.7169 -0.6937 -0.0695
vn 0.8566 0.5157 -0.0176
vn 0.8962 0.4435 0.0104
vn -1.0000 -0.0072 0.0034
vn -0.9796 -0.0071 0.2010
vn -0.6933 -0.7199 0.0338
vn -0.9137 -0.0137 0.4061
vn -0.6787 -0.6851 0.2644
vn -0.6571 -0.7130 0.2448
vn -0.7490 -0.0204 0.6623
vn -0.6202 -0.7220 0.3067
vn -0.5071 -0.6909 0.5153
vn -0.4906 -0.7353 0.4677
vn -0.4488 -0.0077 0.8936
vn -0.4515 -0.7191 0.5282
vn -0.1699 -0.3413 0.9245
vn -0.2722 -0.7491 0.6039
vn -0.6846 0.3215 0.6542
vn -0.2634 0.0033 0.9647
vn -0.3109 -0.0224 0.9502
vn -0.2519 -0.0048 0.9677
vn -0.2217 0.0048 0.9751
vn -0.2000 -0.0079 0.9798
vn -0.1796 -0.0024 0.9837
vn -0.2218 -0.0046 0.9751
vn -0.1922 0.0035 0.9813
vn -0.2261 0.0046 0.9741
vn -0.2681 -0.0063 0.9634
vn -0.2680 0.0016 0.9634
vn -0.9011 -0.3448 0.2630
vn -0.2800 0.0069 0.9600
vn -0.2026 0.0179 0.9791
vn -0.5678 -0.5990 0.5647
vn -0.5447 -0.8380 -0.0311
vn -0.6363 -0.7699 -0.0486
vn -0.4478 -0.8915 -0.0686
vn -0.9800 -0.1988 0.0069
vn -0.9954 0.0925 -0.0247
vn -0.6001 -0.6892 -0.4060
vn -0.6989 0.7137 0.0466
vn -0.5703 0.8208 -0.0316
vn -0.9222 0.3858 -0.0269
vn -0.9923 0.1057 0.0653
vn -0.9821 -0.1877 -0.0163
vn -0.7912 -0.6096 0.0480
vn -0.4720 0.8816 -0.0019
vn -0.9574 0.2861 0.0389
vn -0.5383 0.8428 0.0030
vn -0.3440 -0.5419 -0.7668
vn -0.5224 -0.1890 -0.8315
vn -0.7377 0.0575 -0.6727
vn -0.4452 0.3101 -0.8400
vn -0.3124 0.5601 -0.7673
vn -0.2494 0.6223 -0.7420
vn -0.0116 -0.0617 -0.9980
vn -0.5587 -0.1124 -0.8217
vn -0.0132 -0.2226 -0.9748
vn -0.5029 0.7020 -0.5042
vn -0.2867 0.8610 0.4202
vn -0.2918 0.5308 -0.7957
vn -0.1724 0.6823 -0.7104
vn -0.6061 0.2930 -0.7395
vn -0.6049 0.0050 -0.7963
vn 0.0162 0.2781 -0.9604
vn -0.3817 -0.5490 -0.7436
vn 0.0944 -0.2578 -0.9616
vn -0.0210 -0.9988 -0.0452
vn -0.4483 -0.8938 0.0088
vn -0.4629 -0.8851 -0.0492
vn 0.0136 -0.9795 -0.2012
vn 0.0663 -0.9955 -0.0675
vn -0.5848 -0.8104 0.0348
vn 0.3328 -0.9397 -0.0789
vn 0.2903 -0.9035 0.3152
vn 0.7915 -0.6099 0.0402
vn 0.0435 -0.6966 -0.7162
vn 0.1957 -0.9187 -0.3430
vn -0.2260 -0.6333 -0.7402
vn -0.3237 -0.0990 -0.9410
vn 0.0764 0.7041 -0.7059
vn -0.4536 -0.3462 -0.8212
vn -0.3021 -0.0265 -0.9529
vn 0.6694 -0.2974 -0.6808
vn 0.1306 -0.2159 -0.9676
vn 0.2008 -0.3075 -0.9301
vn 0.7380 -0.3823 0.5561
vn 0.9880 -0.1542 0.0028
vn 0.8787 -0.4772 -0.0106
vn 0.5726 -0.0226 -0.8195
vn 0.4321 -0.1623 -0.8871
vn 0.9996 0.0012 -0.0292
vn 0.9894 -0.0137 0.1443
vn 0.8342 -0.5489 -0.0532
vn 0.7922 0.5958 0.1321
vn 0.4156 0.6284 -0.6576
vn 0.3565 -0.5934 -0.7217
vn 0.7641 -0.1192 -0.6339
vn -0.4662 -0.2370 -0.8524
vn 0.8181 0.0568 0.5722
vn 0.6905 0.3333 -0.6419
vn 0.9987 0.0258 -0.0431
vn 0.7609 0.5600 0.3279
vn 0.7455 0.2083 -0.6331
vn 0.9991 0.0053 -0.0418
vn 0.6777 0.1664 0.7163
vn -0.0609 -0.9377 0.3422
vn -0.0376 0.8714 0.4892
vn 0.2252 0.0353 0.9737
vn 0.0718 0.9906 0.1168
vn 0.1744 -0.3909 0.9038
vn 0.0557 -0.9416 0.3322
vn 0.4999 0.6732 0.5449
vn 0.2799 -0.7057 0.6509
vn 0.5783 -0.6874 -0.4393
vn 0.6607 -0.6545 -0.3674
vn -0.6720 -0.7052 -0.2263
vn -0.5727 -0.7130 -0.4046
vn 0.6334 -0.7084 0.3114
vn -0.5094 -0.7152 -0.4786
vn 0.5809 -0.6906 0.4308
vn -0.1241 -0.8010 -0.5856
vn 0.0071 -0.6447 -0.7644
vn 0.2120 -0.7254 -0.6548
vn 0.3503 -0.6777 -0.6465
vn 0.4305 -0.6870 -0.5854
vn 0.5227 -0.6620 -0.5371
vn 0.6849 -0.6804 -0.2609
vn 0.7370 -0.6562 -0.1622
vn 0.6386 -0.4977 0.5869
vn -0.7178 -0.6957 -0.0297
vn 0.6962 -0.7171 0.0336
vn 0.5232 -0.5621 0.6406
vn -0.7353 -0.6613 -0.1488
vn 0.7044 -0.6944 0.1469
vn 0.6635 -0.7096 0.2373
vn -0.4371 -0.7122 -0.5493
vn 0.5136 -0.7191 0.4681
vn -0.3538 -0.7198 -0.5972
vn 0.4540 -0.7153 0.5312
vn -0.2883 -0.6774 -0.6767
vn 0.1347 -0.8089 -0.5722
vn -0.6392 -0.5099 0.5756
vn 0.1931 0.9173 -0.3482
vn 0.5834 0.3452 -0.7352
vn 0.4729 0.6797 0.5607
vn 0.3942 0.8792 0.2676
vn 0.6409 0.2499 0.7258
vn -0.4333 0.3127 -0.8452
vn 0.9993 -0.0180 0.0334
vn 0.9522 -0.0186 0.3049
vn 0.7871 -0.0192 0.6165
vn 0.5801 -0.0132 0.8144
vn 0.4503 -0.8481 0.2793
vn 0.9693 0.0238 0.2446
vn 0.8961 0.1542 0.4162
vn 0.9109 -0.0598 0.4082
vn 0.9363 -0.0271 0.3500
vn 0.7833 -0.5448 0.2994
vn 0.2660 -0.9107 0.3162
vn -0.2095 0.6703 -0.7119
vn -0.2458 -0.6090 -0.7541
vn -0.2830 0.0516 -0.9577
vn 0.6793 0.0555 -0.7317
vn 0.9519 0.0192 0.3057
vn 0.9965 -0.0400 -0.0730
vn 0.4485 0.2165 -0.8672
vn 0.9054 0.0311 0.4235
vn 0.7442 -0.6262 0.2326
vn 0.4892 -0.6031 -0.6300
vn 0.6226 0.5396 -0.5667
vn 0.5597 0.6288 0.5398
vn -0.3050 0.5895 0.7480
vn -0.2244 -0.5621 0.7960
vn -0.0208 -0.0633 0.9978
vn -0.3147 0.9074 -0.2787
vn 0.3181 0.7927 -0.5201
vn 0.9234 -0.1572 0.3503
vn -0.8301 -0.5565 0.0352
vn 0.8173 -0.5757 0.0248
vn 0.7980 -0.5351 0.2772
vn 0.2593 -0.3340 0.9062
vn 0.0046 -0.2339 0.9722
vn 0.4053 0.0580 0.9123
vn 0.3393 0.4100 0.8466
vn -0.2782 0.5722 0.7715
vn 0.5838 -0.5999 0.5471
vn -0.4286 0.3978 0.8112
vn -0.3057 -0.9105 -0.2784
vn 0.2515 -0.8148 -0.5224
vn 0.6349 0.1379 0.7601
vn 0.5305 0.6615 0.5302
vn 0.5196 -0.2691 -0.8109
vn 0.2650 0.2934 -0.9185
vn -0.0095 0.9693 -0.2456
vn 0.0527 0.8774 -0.4769
vn -0.0220 0.8624 -0.5058
vn 0.0674 0.2864 -0.9557
vn 0.0824 0.5778 -0.8120
vn 0.0285 0.5433 -0.8390
vn 0.0635 -0.3891 -0.9190
vn 0.2241 -0.2870 -0.9314
vn -0.0142 -0.8922 -0.4515
vn 0.0379 -0.8808 -0.4719
vn 0.9999 -0.0044 -0.0160
vn 0.5990 -0.4637 -0.6528
vn 1.0000 -0.0000 -0.0000
vn 1.0000 -0.0002 0.0006
vn 1.0000 -0.0016 -0.0029
vn 0.9999 0.0007 -0.0154
vn 0.5988 0.4753 -0.6446
vn 1.0000 0.0010 -0.0041
vn 0.0190 -0.7836 -0.6209
vn -0.6181 -0.4495 -0.6449
vn 0.0300 -0.1252 -0.9917
vn -0.0288 -0.6467 -0.7622
vn 0.0286 0.6470 -0.7619
vn -0.0300 0.1252 -0.9917
vn 0.0244 0.6000 -0.7996
vn -0.0209 0.7819 -0.6231
vn -0.9003 -0.3851 0.2029
vn -0.9909 -0.0784 0.1092
vn -0.9918 -0.1279 0.0039
vn -0.8908 -0.0836 0.4467
vn -0.9167 0.2566 0.3063
vn -0.6697 0.4590 -0.5838
vn -0.9994 0.0119 0.0323
vn -0.9989 0.0419 0.0205
vn -0.6340 -0.4851 -0.6023
vn -0.3242 -0.5727 -0.7529
vn -0.5459 -0.8128 0.2034
vn -0.5377 -0.3586 0.7631
vn -0.3398 -0.2545 0.9054
vn -0.5075 0.0492 0.8602
vn -0.6609 0.2569 0.7052
vn -0.6297 0.2098 0.7480
vn -0.3864 0.5673 0.7272
vn -0.5522 0.7912 0.2630
vn -0.5269 0.8397 0.1315
vn -0.5040 -0.8311 0.2351
vn -0.5456 -0.5695 0.6148
vn -0.5551 0.7022 0.4458
vn -0.3184 0.5835 -0.7471
vn 0.0297 0.0105 -0.9995
vn 0.0086 -0.0045 -1.0000
vn -0.5042 0.7596 0.4109
vn -0.3603 0.5569 0.7484
vn -0.7434 -0.0475 0.6672
vn -0.4886 -0.5450 0.6814
vn -0.5569 -0.7115 0.4284
vn -0.9416 -0.1713 0.2901
vn -0.9313 0.2979 0.2098
vn -0.8822 -0.4586 0.1064
vn -0.9004 0.0377 -0.4335
vn -0.7637 -0.6445 -0.0368
vn -0.4607 -0.8847 0.0714
vn -0.2087 -0.9381 -0.2764
vn -0.6414 -0.7326 -0.2276
vn -0.7446 -0.1722 -0.6449
vn -0.9146 0.4003 0.0568
vn -0.4454 0.8949 0.0286
vn -0.7028 0.6950 -0.1520
vn -0.7123 0.2420 -0.6588
vn -0.2311 0.9500 -0.2101
vn -0.5461 0.0649 -0.8352
vn -0.7464 0.0668 -0.6621
vn -0.8981 0.0669 -0.4347
vn -0.9815 0.0661 -0.1797
vn -0.4472 0.6997 -0.5572
vn -0.6013 0.6855 -0.4106
vn -0.7062 0.6897 -0.1601
vn -0.3534 0.7126 -0.6061
vn -0.5051 0.5319 -0.6797
vn -0.3944 -0.3726 -0.8400
vn -0.6561 0.7546 0.0071
vn -0.6789 0.7340 -0.0189
vn -0.6334 0.7457 -0.2067
vn -0.5667 0.6922 -0.4469
vn -0.4085 0.6987 -0.5873
vn 0.2231 0.9095 -0.3506
vn 0.0116 0.9909 -0.1343
vn 0.0301 0.7589 -0.6505
vn 0.2392 0.3108 -0.9199
vn -0.0062 0.7271 -0.6865
vn -0.1094 0.8671 -0.4860
vn -0.0899 0.7892 -0.6075
vn -0.2294 0.8067 -0.5447
vn 0.3169 0.6095 -0.7267
vn -0.0388 0.8228 -0.5670
vn -0.0840 0.8206 -0.5653
vn -0.0424 -0.8775 -0.4778
vn -0.0062 -0.9227 -0.3854
vn 0.1405 -0.3834 -0.9128
vn -0.2131 -0.6913 -0.6905
vn -0.1819 -0.5984 -0.7803
vn 0.0978 -0.8338 -0.5433
vn 0.0765 -0.5318 -0.8434
vn 0.2234 -0.9466 -0.2325
vn 0.3359 -0.7331 -0.5914
vn 0.3359 -0.5959 -0.7294
vn -0.9411 -0.0020 0.3380
vn -0.7681 -0.0288 0.6397
vn -0.7930 0.0054 0.6092
vn -0.9993 -0.0117 0.0358
vn -0.9590 0.0014 0.2836
vn -0.9996 -0.0000 0.0291
vn -0.3677 -0.0455 0.9288
vn -0.3684 0.0370 0.9289
vn 0.3684 -0.0370 0.9289
vn 0.3677 0.0455 0.9288
vn 0.7930 -0.0054 0.6092
vn 0.7681 0.0288 0.6397
vn 0.9590 -0.0014 0.2836
vn 0.9996 -0.0000 0.0291
vn 0.9993 0.0117 0.0358
vn 0.9411 0.0020 0.3380
vn -0.0000 -1.0000 -0.0000
vn -0.0052 -1.0000 0.0056
vn -0.0096 -0.9999 -0.0115
vn -0.0001 -1.0000 -0.0000
vn 0.0002 -1.0000 -0.0000
vn 0.0003 -1.0000 -0.0004
vn -0.0123 -0.9997 -0.0208
vn 0.0002 -1.0000 -0.0004
vn -0.0003 -1.0000 -0.0018
vn 0.0009 -1.0000 0.0007
vn -0.0231 -0.9997 -0.0108
vn -0.3355 0.1371 -0.9320
vn 0.9613 0.0844 -0.2622
vn 0.3310 -0.0125 -0.9436
vn -0.9053 0.0637 0.4201
vn -0.8188 -0.0172 -0.5738
vn -0.7918 -0.0273 0.6101
vn 0.3105 0.0382 0.9498
vn 0.3802 0.0472 0.9237
vn 0.9974 -0.0506 -0.0503
vn -0.0000 1.0000 -0.0000
vn 0.8303 0.0190 -0.5570
vn 0.8500 0.0082 0.5267
vn 0.8500 -0.0082 -0.5267
vn -0.0304 0.0059 -0.9995
vn -0.8887 0.0182 -0.4582
vn -0.0675 0.0050 -0.9977
vn -0.8129 0.0229 0.5819
vn -0.8887 -0.0182 0.4582
vn -0.0675 -0.0050 0.9977
vn -0.0304 -0.0059 0.9995
vn 0.8303 -0.0190 0.5570
vn -0.8129 -0.0229 -0.5819
vn 0.0004 1.0000 -0.0024
vn -0.0108 0.9998 -0.0174
vn -0.0002 1.0000 -0.0041
vn 0.0107 0.9998 -0.0185
vn 0.0147 0.9999 -0.0083
vn 0.6686 0.7000 -0.2507
vn 0.5810 0.6940 -0.4253
vn 0.0101 0.9999 0.0017
vn 0.3168 0.7360 -0.5982
vn 0.2364 0.7514 -0.6160
vn 0.4844 0.7142 -0.5052
vn 0.0045 0.9999 -0.0103
vn 0.4776 0.7457 -0.4646
vn 0.0027 1.0000 0.0020
vn 0.6704 0.7419 -0.0096
vn 0.7179 0.6924 -0.0722
vn 0.7060 0.6904 -0.1576
vn -0.0029 1.0000 0.0019
vn -0.0058 0.9999 -0.0091
vn -0.0145 0.9999 -0.0092
vn -0.0096 1.0000 0.0024
vn 0.0083 1.0000 0.0005
vn -0.0072 1.0000 0.0003
vn -0.0143 0.0416 -0.9990
vn 0.9054 0.0372 -0.4229
vn 0.8237 -0.0168 -0.5667
vn -0.9229 0.0517 -0.3815
vn -0.7995 -0.0261 -0.6001
vn -0.7995 0.0261 0.6001
vn -0.9229 -0.0517 0.3815
vn 0.0344 0.0175 0.9993
vn -0.0143 -0.0416 0.9990
vn 0.8237 0.0168 0.5667
vn 0.9054 -0.0372 0.4229
vn 0.0344 -0.0175 -0.9993
vn 0.2103 0.0146 -0.9775
vn 0.9852 0.0476 -0.1648
vn 0.3819 -0.0485 -0.9229
vn -0.8334 -0.0078 -0.5527
vn -0.7475 0.0164 0.6640
vn -0.8577 -0.0235 -0.5136
vn 0.4184 0.0420 0.9073
vn -0.7124 0.0056 0.7017
vn 0.9852 -0.0476 0.1648
vn 0.2561 -0.0211 0.9664
vn 0.1125 -0.6787 -0.7258
vn -0.0115 -0.9999 -0.0076
vn 0.0006 -1.0000 -0.0008
vn -0.0181 -0.9983 -0.0555
vn 0.4716 -0.3975 -0.7871
vn 0.5316 -0.7635 -0.3667
vn 0.4444 -0.5816 -0.6813
vn 0.6104 -0.3680 -0.7014
vn 0.6276 -0.6058 -0.4890
vn 0.6779 -0.3687 -0.6360
vn 0.6536 -0.0513 -0.7551
vn 0.5160 -0.0291 -0.8561
vn 0.6731 -0.1271 -0.7286
vn 0.9406 0.0669 -0.3330
vn 0.9896 0.0656 -0.1282
vn 0.8164 0.0670 -0.5736
vn 0.6278 0.0669 -0.7755
vn 0.5643 0.1680 -0.8083
vn 0.6035 0.0253 -0.7969
vn 0.4030 0.6579 -0.6362
vn 0.6186 0.2104 -0.7570
vn 0.8752 0.0729 -0.4782
vn 0.7359 0.1206 -0.6663
vn 0.7191 0.3841 -0.5792
vn 0.4736 0.6856 -0.5529
vn 0.1621 0.0015 -0.9868
vn 0.1937 -0.0010 -0.9811
vn 0.1912 -0.0051 -0.9815
vn 0.2405 0.0218 -0.9704
vn 0.2319 -0.0074 -0.9727
vn 0.2476 -0.0038 -0.9688
vn 0.2370 0.6916 -0.6823
vn 0.5535 0.4297 -0.7135
vn 0.2322 0.0031 -0.9727
vn 0.2131 -0.0364 -0.9763
vn 0.1930 -0.0334 -0.9806
vn 0.1870 0.0067 -0.9823
vn 0.0018 0.9999 -0.0108
vn -0.0321 0.9986 -0.0428
vn -0.0127 0.9999 -0.0037
vn -0.0022 1.0000 0.0058
vn 0.4727 0.8380 -0.2727
vn 0.8068 0.4556 -0.3762
vn 0.0070 -0.9999 0.0074
vn 0.7045 -0.7095 0.0175
vn -0.0172 -0.9996 -0.0223
vn 0.0713 -0.6907 0.7196
vn 0.5011 -0.6881 0.5248
vn 0.3015 -0.9045 -0.3015
vn -0.3015 -0.9045 -0.3015
vn 0.2436 -0.9353 0.2566
vn -0.2802 -0.9124 0.2984
vn -1.0000 -0.0000 -0.0000
vn -0.7029 -0.6194 -0.3497
vn -0.3081 -0.8985 -0.3127
vn -0.3102 -0.8978 0.3125
vn 0.2925 -0.9036 -0.3128
vn -0.1054 0.6662 -0.7383
vn 0.3090 -0.9042 0.2947
vn 0.0001 -1.0000 -0.0000
vn 0.3629 -0.8781 0.3119
vn 0.0007 -1.0000 -0.0011
vn 0.0014 -1.0000 0.0020
vn 0.0014 -1.0000 -0.0018
vn 0.0009 -1.0000 0.0011
vn 0.0010 -1.0000 -0.0017
vn -0.3015 -0.9045 0.3015
vn 0.3015 -0.9045 0.3015
vn 0.3320 -0.8174 0.4708
vn 0.5957 -0.7976 0.0952
vn -0.1830 -0.8247 0.5351
vn -0.5544 -0.8190 0.1482
vn -0.1905 -0.6697 -0.7177
vn 0.2440 -0.6077 0.7558
vn -0.0727 -0.2437 0.9671
vn -0.2438 -0.3065 0.9201
vn -0.2606 -0.6448 0.7185
vn -0.6913 -0.6477 0.3202
vn -0.1060 0.6946 0.7115
vn 0.3740 -0.8686 -0.3251
vn 0.9150 0.0188 -0.4030
vn 0.9932 0.0035 -0.1166
vn 0.7977 -0.0082 -0.6030
vn 0.3398 0.0227 -0.9402
vn 0.3489 -0.0136 -0.9371
vn 0.9754 0.1125 0.1895
vn 0.9243 0.0530 0.3779
vn 0.6107 0.0511 0.7902
vn -0.1012 -0.0220 0.9946
vn -0.3930 -0.0293 0.9191
vn -0.0005 0.0396 0.9992
vn -0.9519 0.0163 0.3061
vn -0.3719 0.0044 -0.9283
vn -0.9589 -0.0036 -0.2839
vn -0.9995 0.0308 -0.0000
vn -0.9997 0.0215 0.0089
vn -0.5978 -0.6299 0.4959
vn -0.4960 -0.6243 -0.6035
vn 0.5003 -0.6358 0.5877
vn 0.5151 -0.5623 -0.6469
vn -0.7071 -0.0000 0.7071
vn 0.7071 -0.0000 0.7071
vn -0.5711 -0.5885 -0.5722
vn 0.5762 -0.5783 -0.5776
vn -0.9636 0.2631 -0.0480
vn -0.9731 0.2301 0.0106
vn -0.9091 -0.1519 -0.3880
vn -0.8824 -0.0450 0.4684
vn 0.6774 0.1126 -0.7269
vn 0.6751 0.1223 0.7275
vn -0.9697 -0.0169 -0.2437
vn -0.8404 -0.0000 -0.5420
vn -0.8399 -0.5427 -0.0000
vn -0.0276 -0.9996 -0.0000
vn -0.8404 -0.5420 -0.0000
vn -0.9891 -0.0902 0.1161
vn -0.8404 -0.0000 0.5420
vn 0.8282 0.0464 -0.5585
vn 0.9816 -0.0644 -0.1797
vn 0.2650 -0.0729 -0.9615
vn -0.0850 0.0148 -0.9963
vn -0.8296 -0.0630 -0.5547
vn -0.6518 -0.6339 0.4162
vn -0.0609 -0.6652 0.7442
vn 0.4331 -0.0143 0.9013
vn 0.5544 -0.6379 0.5346
vn 0.9262 0.0521 0.3733
vn -0.8091 0.0569 -0.5850
vn 0.7796 -0.6259 0.0203
vn 0.8395 0.0061 -0.5433
vn 0.2915 -0.6210 -0.7276
vn 0.0480 0.0215 -0.9986
vn -0.7590 -0.0409 -0.6498
vn -0.8157 0.0070 -0.5785
vn -0.9343 -0.0157 0.3562
vn -0.2862 -0.0147 0.9580
vn 0.4258 -0.6220 0.6571
vn -0.9482 0.0100 0.3176
vn 0.8197 0.0515 -0.5705
vn 0.9586 -0.0512 -0.2800
vn 0.2376 -0.6394 -0.7313
vn 0.0318 0.0445 -0.9985
vn -0.5020 -0.6175 -0.6055
vn -0.8341 0.0557 -0.5488
vn -0.7652 -0.6310 0.1278
vn -0.8829 0.0642 0.4651
vn -0.3107 -0.0420 0.9496
vn 0.1757 0.0761 0.9815
vn 0.7070 -0.0679 0.7040
vn 0.9453 0.0519 0.3220
vn -0.0381 0.9993 -0.0000
vn -0.6888 -0.1022 0.7178
vn -0.8066 -0.1102 0.5807
vn -0.1165 -0.2112 -0.9705
vn -0.0978 -0.1603 -0.9822
vn -0.0915 -0.9865 -0.1355
vn -0.0974 -0.9822 0.1605
vn 0.0001 1.0000 0.0004
vn 0.4139 0.8178 -0.3999
vn 0.7071 -0.0000 -0.7071
vn -0.7071 -0.0000 -0.7071
vn -0.8313 -0.0079 -0.5557
vn -0.9332 0.0203 0.3587
vn -0.7429 0.0105 -0.6693
vn 0.2120 0.0405 -0.9764
vn 0.7893 -0.0253 -0.6135
vn 0.0247 -0.0068 -0.9997
vn 0.9901 -0.0299 0.1369
vn 0.9754 0.0426 -0.2161
vn 0.6892 0.0216 0.7242
vn 0.6107 -0.0080 0.7918
vn -0.1680 0.0107 0.9857
vn -0.2008 0.0047 0.9796
vn -0.8820 -0.0091 0.4712
vn -0.8856 -0.0226 -0.4639
vn -0.9560 0.0172 -0.2929
vn -0.4922 0.0241 -0.8702
vn -0.2076 -0.0379 -0.9775
vn 0.1717 -0.8020 -0.5721
vn 0.5496 -0.8025 -0.2320
vn 0.8444 0.0666 0.5316
vn -0.1116 0.0413 0.9929
vn -0.8753 0.0159 0.4833
vn -0.9384 -0.0206 0.3450
vn -0.3670 -0.8833 -0.2918
vn -0.5600 -0.0136 -0.8284
vn -0.9811 -0.0449 0.1882
vn 0.4815 0.0477 -0.8752
vn 0.9664 -0.0256 -0.2556
vn 0.9890 0.0417 0.1422
vn 0.7640 -0.0351 0.6443
vn 0.2024 -0.8322 0.5162
vn -0.2125 -0.0453 0.9761
vn -0.3722 -0.8572 0.3560
vn 0.3672 -0.0082 -0.9301
vn 0.2293 -0.9621 -0.1474
vn 0.2867 -0.9056 -0.3127
vn -0.0000 -0.9721 0.2344
vn -0.0000 -0.9623 -0.2718
vn 0.2786 -0.9140 0.2950
vn 0.0328 -0.9734 0.2268
vn -0.2106 -0.9704 -0.1184
vn 0.7256 -0.6393 -0.2545
vn 0.7271 -0.6401 0.2482
vn 0.0729 -0.9588 0.2745
vn -0.0658 -0.9978 0.0075
vn -0.2904 -0.9187 0.2678
vn 0.2940 -0.9141 0.2791
vn -0.2892 -0.9205 -0.2628
vn -0.0000 -1.0000 -0.0001
vn 0.0003 -1.0000 -0.0001
vn 0.5088 -0.6893 -0.5158
vn 0.0003 -1.0000 -0.0002
vn 0.0001 -1.0000 -0.0002
vn 0.4950 -0.6840 0.5358
vn 0.2999 -0.9033 0.3068
vn 0.0185 -0.9998 0.0093
vn -0.2892 -0.9051 0.3117
vn -0.2183 -0.6842 0.6958
vn -0.3908 -0.6847 0.6152
vn -0.6815 -0.6322 -0.3687
vn -0.5684 -0.7867 -0.2409
vn 0.3353 -0.9367 -0.1005
vn -0.0002 -1.0000 -0.0007
vn 0.0090 -1.0000 -0.0004
vn -0.2813 -0.9264 0.2503
vn 0.3014 -0.9024 0.3080
vn 0.7387 -0.6669 0.0978
vn 0.2638 -0.9612 0.0811
vn -0.0005 -1.0000 -0.0021
vn -0.2965 -0.9550 -0.0060
vn 0.2943 -0.9140 -0.2792
vn 0.3101 -0.9009 -0.3037
vn -0.2999 -0.9033 -0.3068
vn 0.2227 -0.9740 -0.0415
vn -0.0358 -0.9989 0.0299
vn -0.7310 -0.6814 0.0365
vn -0.9024 -0.4303 -0.0205
vn 0.3650 -0.9301 -0.0411
vn 0.7284 -0.6842 -0.0354
vn 0.9024 -0.4303 0.0205
vn 0.0005 -1.0000 -0.0000
vn 0.0001 -1.0000 0.0002
vn 0.0003 -1.0000 0.0003
vn -0.9527 -0.0000 0.3039
vn -0.9324 0.0416 -0.3590
vn -0.9405 -0.0220 -0.3392
vn -0.9250 -0.0535 0.3762
vn 0.9365 -0.0465 0.3475
vn 0.9545 0.0240 -0.2972
vn -0.6783 0.0072 0.7348
vn -0.6835 -0.0000 0.7299
vn -0.3899 0.6729 0.6286
vn -0.2105 0.6958 0.6867
vn -0.0357 -0.0000 0.9994
vn -0.1122 0.6580 0.7446
vn 0.1072 0.0401 0.9934
vn 0.0923 0.6844 0.7232
vn 0.3165 0.0525 0.9471
vn 0.3170 0.0075 0.9484
vn 0.5120 0.0179 0.8588
vn 0.3686 0.6682 0.6462
vn 0.4891 0.6880 0.5362
vn 0.3914 -0.0172 -0.9201
vn -0.3373 -0.0093 -0.9414
vn -0.2724 0.6340 -0.7238
vn 0.3530 0.6188 -0.7017
vn 0.9193 -0.0210 -0.3931
vn 0.7101 0.6518 -0.2663
vn 0.9025 0.0166 -0.4303
vn 0.5742 0.7869 -0.2259
vn 0.3858 0.0041 -0.9226
vn 0.3293 0.0231 -0.9439
vn 0.3235 -0.0109 -0.9462
vn 0.3271 -0.0459 -0.9439
vn 0.7172 -0.0000 -0.6968
vn -0.7096 -0.2199 -0.6695
vn -0.2629 0.0556 -0.9632
vn -0.4176 0.0188 -0.9084
vn -0.4170 -0.0058 -0.9089
vn -0.3982 0.0064 -0.9173
vn -0.9313 -0.0319 -0.3628
vn -0.6796 0.6457 -0.3482
vn -0.6003 -0.0061 -0.7997
vn -0.8067 -0.0617 0.5877
vn -0.7999 0.0240 -0.5997
vn 0.6190 -0.0428 -0.7842
vn 0.9959 -0.0134 0.0897
vn 0.6444 -0.1354 0.7526
vn 0.3368 -0.0126 0.9415
vn -0.6417 0.0181 0.7668
vn 0.4807 0.0180 -0.8767
vn -0.3732 -0.0251 -0.9274
vn -0.9818 0.0024 0.1897
vn -0.9902 0.0179 0.1385
vn 0.8996 -0.0723 -0.4306
vn -0.3177 -0.0229 -0.9479
vn 0.6083 -0.0514 0.7920
vn 0.8865 0.0468 0.4603
vn -0.3747 -0.0156 0.9270
vn -0.2016 0.0537 0.9780
vn 0.7394 -0.0072 -0.6732
vn 0.6569 -0.1364 -0.7415
vn -0.7877 -0.0991 -0.6081
vn -0.0751 0.0495 -0.9959
vn 0.6804 -0.0997 0.7260
vn 0.9515 0.0117 -0.3073
vn -0.6750 -0.1003 0.7310
vn -0.3646 0.0273 0.9307
vn -0.9954 0.0734 -0.0611
vn 0.7085 0.0202 0.7054
vn -0.6049 -0.5908 0.5339
vn 0.5977 -0.5786 0.5549
vn -0.8400 0.3547 -0.4106
vn 0.8856 0.3325 -0.3241
vn -0.9778 -0.2096 -0.0048
vn -0.9753 -0.2210 -0.0000
vn 0.5632 -0.5774 -0.5911
vn 0.0329 -0.6685 -0.7430
vn 0.9783 -0.2049 0.0316
vn 0.6222 -0.7827 0.0158
vn 0.7157 -0.0338 -0.6976
vn 0.9918 -0.1117 0.0615
vn 0.9860 -0.1459 0.0802
vn 0.9934 0.0229 0.1124
vn 0.6990 -0.0000 0.7151
vn -0.9906 -0.0142 0.1359
vn -0.7107 -0.0000 0.7035
vn -0.7100 -0.0035 0.7042
vn -0.9959 0.0295 0.0858
vn -0.9890 0.0802 0.1243
vn -0.9985 0.0483 0.0266
vn -0.0019 -0.9965 0.0836
vn -0.0298 -0.9977 -0.0612
vn -0.2172 0.9479 -0.2332
vn -0.0033 0.9980 -0.0627
vn 0.5332 -0.6293 -0.5654
vn 0.4446 -0.0606 0.8937
vn 0.4393 -0.6024 -0.6665
vn 0.9132 -0.3991 -0.0827
vn 0.9641 -0.2569 -0.0667
vn 0.9993 -0.0385 -0.0000
vn -0.7101 -0.1608 0.6855
vn -0.9803 -0.1962 -0.0239
vn -0.9717 -0.2352 -0.0202
vn -0.9520 -0.3060 -0.0000
vn -0.9973 -0.0732 -0.0005
vn 0.0474 -0.8459 -0.5312
vn -0.0399 -0.6533 0.7561
vn -0.3976 0.0049 0.9175
vn 0.3318 -0.3463 -0.8775
vn 0.0793 -0.9909 -0.1092
vn 0.9971 -0.0734 -0.0201
vn 0.0095 -0.8430 0.5379
vn 0.0013 -0.6459 -0.7634
vn 0.4581 -0.0000 -0.8889
vn -0.3303 -0.3501 0.8765
vn -0.0793 -0.9909 0.1092
vn -0.0113 -0.9994 0.0334
vn 0.9468 -0.0635 0.3156
vn -0.8342 -0.1377 -0.5340
vn -0.0000 -0.9994 0.0333
vn -0.0057 0.7001 -0.7140
vn -0.0141 0.7122 -0.7018
vn 0.9740 -0.0789 -0.2123
vn 0.3227 -0.0175 -0.9463
vn -0.0118 0.9975 -0.0695
vn -0.0000 0.9985 -0.0541
vn 0.9994 -0.0293 -0.0167
vn 0.0336 -0.9984 -0.0446
vn 0.0812 -0.9909 -0.1076
vn 0.0499 -0.9966 -0.0661
vn -0.9941 0.0980 -0.0460
vn -0.9999 -0.0000 0.0152
vn -0.9980 0.0589 -0.0215
vn -0.9864 0.1460 -0.0760
vn -0.7057 -0.7083 0.0156
vn 0.7048 -0.7090 0.0241
vn 0.3185 -0.9478 0.0136
vn -0.3178 -0.9481 0.0087
vn -0.9999 -0.0000 0.0167
vn -0.9998 -0.0000 0.0219
vn 0.0100 -0.9997 0.0243
vn 0.0208 -0.9990 0.0395
vn 0.0222 -0.9988 0.0429
vn -0.0000 -0.9998 0.0176
vn 0.9997 -0.0000 0.0259
vn 0.9994 -0.0000 0.0340
vn -0.0000 -0.9996 0.0290
vn 0.0142 -0.9989 0.0436
vn -0.9996 -0.0000 0.0275
vn 0.9991 -0.0000 0.0426
vn -0.0151 0.9999 -0.0000
vn 0.2370 0.9316 -0.2757
vn 0.2370 0.9316 0.2757
vn 0.0001 1.0000 0.0001
vn 0.1190 0.9861 -0.1161
vn -0.3015 0.9045 -0.3015
vn 0.2960 0.9077 -0.2975
vn 0.3015 0.9045 -0.3015
vn 0.2582 0.9058 0.3360
vn -0.3015 0.9045 0.3015
vn 0.3032 0.9046 0.2996
vn 0.3016 0.9046 0.3011
vn 0.3015 0.9045 0.3015
vn 0.3003 0.9050 -0.3015
vn -0.3006 0.9047 -0.3019
vn 0.3027 0.9039 0.3022
vn 0.3832 0.8705 -0.3090
vn -0.3016 0.9045 0.3014
vn -0.3355 0.9387 -0.0792
vn -0.1686 0.9719 0.1642
vn 0.2997 0.9045 0.3035
vn 0.1151 0.9670 0.2274
vn -0.3015 0.9046 -0.3014
vn -0.2940 0.9058 -0.3052
vn 0.1885 0.6732 -0.7151
vn 0.3143 0.9054 0.2853
vn -0.3011 0.9045 0.3020
vn 0.3014 0.9045 0.3016
vn -0.2944 0.9074 0.3000
vn -0.1594 0.9760 0.1486
vn -0.3018 0.9046 0.3009
vn -0.0000 1.0000 0.0001
vn -0.0000 1.0000 -0.0001
vn -0.0001 1.0000 -0.0001
vn -0.4009 0.8949 0.1959
vn -0.3162 0.9487 -0.0000
vn -0.2897 0.9055 -0.3101
vn 0.1764 0.9722 -0.1541
vn -0.1458 0.7275 0.6705
vn -0.0178 0.9765 -0.2148
vn 0.2723 0.9056 -0.3252
vn 0.2779 0.9090 0.3107
vn 0.3453 0.8857 -0.3104
vn -0.0211 0.9600 -0.2793
vn 0.1063 0.9678 0.2280
vn -0.8263 0.5632 -0.0000
vn 0.5415 0.8407 -0.0000
vn 0.7256 -0.0000 0.6881
vn -0.1959 0.9749 -0.1061
vn 0.4852 0.6738 0.5574
vn -0.4870 0.6734 -0.5562
vn 0.4866 0.6727 0.5573
vn -0.4876 0.6725 -0.5567
vn -0.6847 0.3039 0.6624
vn -0.9999 -0.0047 0.0089
vn -0.7926 -0.1929 0.5784
vn -0.9997 -0.0002 0.0224
vn -0.6606 0.6468 0.3811
vn -0.7143 -0.6962 0.0710
vn 0.6058 0.3986 0.6886
vn -0.0093 0.9193 0.3935
vn 0.0358 0.9082 0.4170
vn 0.6041 0.6520 0.4582
vn 0.9999 0.0088 0.0071
vn 0.9997 0.0115 0.0236
vn 0.5708 -0.8118 0.1231
vn 0.0051 -0.7642 -0.6449
vn 0.0227 -0.8390 -0.5437
vn -0.6812 0.3383 0.6493
vn 0.6456 0.4082 0.6454
vn -0.0366 0.9084 0.4165
vn -0.0390 0.9180 0.3947
vn -0.5627 0.6691 0.4854
vn 0.6882 0.5545 0.4678
vn 1.0000 -0.0046 0.0081
vn 0.9998 -0.0020 0.0211
vn 0.5988 -0.7908 0.1270
vn -0.0358 -0.7676 -0.6400
vn 0.0374 -0.8445 -0.5342
vn -0.5792 -0.7929 0.1891
vn -0.9999 0.0086 0.0078
vn -0.9997 0.0114 0.0237
vn -0.6724 -0.7022 0.2343
vn -0.6700 0.6057 0.4291
vn 0.4624 0.6027 0.6503
vn 0.3535 -0.8651 0.3559
vn 0.1702 0.5268 0.8328
vn -0.0088 -0.8977 0.4405
vn -0.1884 0.5819 0.7911
vn -0.4875 -0.8225 0.2929
vn -0.4023 0.5920 0.6984
vn 0.9439 0.1386 0.2998
vn 0.5149 0.7037 0.4897
vn 0.6853 -0.7056 0.1805
vn 0.7879 0.5671 -0.2399
vn 0.4917 -0.8409 -0.2262
vn 0.8899 -0.1285 -0.4376
vn 0.8651 -0.3008 -0.4013
vn 0.2646 -0.9601 -0.0902
vn 0.8906 0.3600 -0.2779
vn 0.3142 0.8950 0.3167
vn 0.5002 -0.8520 -0.1545
vn 0.5521 0.7837 0.2848
vn -0.5058 -0.8222 -0.2612
vn -0.9335 -0.0812 -0.3492
vn -0.8747 0.4641 -0.1395
vn -0.1759 0.8780 0.4451
vn -0.8452 0.5234 -0.1084
vn -0.8304 -0.3620 -0.4237
vn -0.4199 0.8543 0.3062
vn -0.2472 -0.9648 -0.0902
vn -0.4698 -0.8061 -0.3598
vn -0.8960 -0.2261 -0.3822
vn 0.8837 -0.2402 -0.4017
vn 0.3461 -0.7905 -0.5053
vn -0.9137 0.3854 -0.1292
vn -0.3787 -0.1838 -0.9071
vn -0.4314 0.8905 -0.1446
vn 0.8888 0.3683 -0.2728
vn 0.3636 -0.1362 -0.9215
vn 0.3443 0.9388 0.0097
vn -0.4012 0.4962 -0.7699
vn 0.3831 0.5930 -0.7082
vn 0.0104 -0.9999 0.0023
vn -0.0645 -0.9979 -0.0013
vn -0.0661 -0.9975 0.0238
vn 0.0142 -0.9998 0.0128
vn -0.0068 -1.0000 0.0058
vn 0.0034 -0.9997 -0.0225
vn 0.0083 -1.0000 0.0035
vn 0.1021 -0.9948 0.0015
vn -0.8894 -0.4572 0.0046
vn 0.0386 -0.9993 -0.0023
vn -0.0117 -0.9999 -0.0040
vn -0.0112 -0.9997 0.0223
vn 0.9150 -0.0422 0.4012
vn 0.5960 -0.7067 -0.3813
vn 0.0139 -0.9985 -0.0535
vn -0.4744 -0.7966 -0.3747
vn 0.0272 -0.9996 -0.0040
vn 0.0030 -1.0000 0.0033
vn 0.0143 -0.9998 -0.0127
vn -0.9897 -0.1254 0.0690
vn -0.0348 -0.9994 0.0018
vn -0.0000 -1.0000 -0.0021
vn -0.0070 -1.0000 0.0048
vn 0.0372 -0.9993 -0.0030
vn 0.0248 -0.9993 0.0264
vn 0.0061 -0.9995 0.0307
vn 0.0124 -0.9999 -0.0085
vn -0.0604 -0.9980 0.0188
vn -0.0056 -0.9993 0.0368
vn 0.0116 -0.9996 0.0261
vn -0.0109 -0.9999 -0.0113
vn 0.0116 -0.9972 -0.0734
vn 0.0527 -0.9986 0.0011
vn 0.0307 -0.9995 0.0088
vn 0.0295 -0.9995 0.0058
vn 0.0414 -0.9991 0.0113
vn -0.0111 -0.9994 -0.0315
vn -0.0014 -1.0000 -0.0003
vn 0.0071 -0.9999 0.0134
vn -0.0087 -0.9999 -0.0050
vn 0.0356 -0.9993 0.0111
vn 0.0230 -0.9997 0.0095
vn -0.0023 -1.0000 0.0019
vn 0.0040 -1.0000 0.0003
vn -0.0195 -0.9993 0.0317
vn 0.1375 -0.9904 0.0104
vn 0.0368 -0.9993 -0.0044
vn -0.0030 -0.9962 -0.0873
vn -0.0195 -0.9997 -0.0172
vn -0.0186 -0.9992 0.0361
vn -0.0214 -0.9997 -0.0118
vn -0.0787 -0.9968 -0.0136
vn 0.0026 -0.9895 -0.1446
vn 0.0343 -0.9989 0.0311
vn -0.0138 -0.9990 0.0420
vn -0.0109 -0.9999 -0.0037
vn 0.0300 -0.9996 -0.0008
vn -0.2917 -0.9564 -0.0140
vn 0.0161 -0.9724 -0.2326
vn -0.0086 -0.9960 0.0895
vn 0.7209 -0.6923 0.0306
vn 0.0252 -0.9993 0.0259
vn 0.7852 -0.6192 -0.0107
vn -0.1121 -0.9935 -0.0210
vn 0.0422 -0.9966 -0.0714
vn -0.0375 -0.9992 0.0133
vn -0.0365 -0.9989 -0.0310
vn 0.0033 -0.9982 -0.0598
vn -0.0121 -0.9998 -0.0168
vn 0.0147 -0.9998 0.0151
vn -0.0625 -0.9941 0.0891
vn -0.0289 -0.9983 -0.0513
vn -0.0045 -0.9999 -0.0133
vn -0.5675 -0.8223 -0.0409
vn 0.0472 -0.9988 0.0100
vn -0.0382 -0.9991 -0.0173
vn 0.0089 -0.9999 -0.0120
vn -0.0323 -0.9990 0.0310
vn -0.0048 -0.9997 0.0247
vn -0.0022 1.0000 0.0064
vn -0.1076 0.7590 0.6421
vn 0.0600 0.7464 0.6627
vn -0.1752 0.7600 0.6258
vn 0.0065 0.9999 0.0112
vn 0.0003 1.0000 0.0008
vn -0.3506 0.7641 0.5415
vn -0.0000 1.0000 0.0034
vn 0.0052 0.7364 0.6766
vn 0.1390 0.7412 0.6568
vn -0.2544 0.7531 0.6067
vn 0.2778 0.7611 0.5861
vn 0.3391 0.7585 0.5565
vn 0.5441 0.7596 0.3563
vn 0.6470 0.7311 0.2167
vn 0.0130 0.9999 0.0098
vn -0.0029 1.0000 -0.0017
vn 0.0099 1.0000 -0.0007
vn 0.6913 0.7050 0.1583
vn 0.7082 0.6951 0.1234
vn 0.6752 0.7375 0.0141
vn 0.0061 1.0000 0.0020
vn 0.4098 0.7614 0.5024
vn -0.5908 0.7600 0.2710
vn -0.5628 0.7172 0.4108
vn -0.0131 0.9999 0.0103
vn 0.0027 1.0000 -0.0020
vn -0.5084 0.7071 0.4914
vn -0.0059 0.9999 0.0087
vn 0.0047 0.9999 0.0098
vn -0.0071 1.0000 -0.0003
vn 0.4921 0.7583 0.4276
vn -0.5078 0.7013 0.5003
vn 0.0085 1.0000 -0.0004
vn -0.6499 0.7598 -0.0178
vn -0.6917 0.7213 0.0361
vn -0.0098 1.0000 -0.0012
vn -0.6317 0.7591 0.1574
vn 0.9411 -0.0020 -0.3380
vn 0.7681 -0.0288 -0.6397
vn 0.7930 0.0054 -0.6092
vn 0.9993 -0.0117 -0.0358
vn 0.9590 0.0014 -0.2836
vn 0.9996 -0.0000 -0.0291
vn -0.9590 -0.0014 -0.2836
vn -0.9996 -0.0000 -0.0291
vn -0.9993 0.0117 -0.0358
vn -0.7930 -0.0054 -0.6092
vn -0.9411 0.0020 -0.3380
vn -0.7681 0.0288 -0.6397
vn -0.3684 0.0406 -0.9288
vn -0.3677 0.0455 -0.9288
vn 0.3684 0.0370 -0.9289
vn 0.3677 -0.0455 -0.9288
vn -0.9908 0.0695 0.1160
vn -0.7130 -0.6996 0.0471
vn -0.6777 -0.6970 0.2343
vn -0.9364 0.0684 0.3443
vn -0.6239 -0.7161 0.3130
vn -0.5940 -0.6856 0.4208
vn -0.8045 0.0670 0.5902
vn -0.5099 -0.7154 0.4777
vn -0.4500 -0.6853 0.5726
vn -0.6031 0.0670 0.7949
vn -0.3522 -0.7160 0.6027
vn -0.2685 -0.6856 0.6767
vn -0.3517 0.0669 0.9337
vn -0.1665 -0.7156 0.6783
vn -0.0640 -0.6845 0.7262
vn -0.0743 0.0698 0.9948
vn 0.0299 -0.7174 0.6960
vn 0.1504 -0.6869 0.7111
vn 0.1440 0.0645 0.9875
vn 0.2463 -0.6956 0.6749
vn 0.3638 0.0665 0.9291
vn 0.3173 -0.7187 0.6187
vn 0.4358 -0.6871 0.5814
vn 0.5454 0.0660 0.8356
vn 0.5058 -0.6958 0.5100
vn 0.7255 0.0668 0.6849
vn 0.5483 -0.7182 0.4284
vn 0.6371 -0.6863 0.3508
vn 0.8870 0.0673 0.4568
vn 0.6469 -0.7188 0.2545
vn 0.7105 -0.6864 0.1554
vn 0.9793 0.0690 0.1901
vn 0.6913 -0.7195 0.0665
vn -0.6344 -0.5138 -0.5775
vn 0.6407 -0.4974 -0.5848
vn -0.7085 -0.7041 -0.0471
vn -0.5352 -0.5679 -0.6253
vn -0.6148 -0.7607 -0.2082
vn -0.0145 -0.7387 -0.6739
vn 0.0137 -0.7346 -0.6783
vn 0.3050 -0.7673 -0.5641
vn 0.3825 -0.7253 -0.5724
vn -0.5824 -0.7688 -0.2642
vn -0.5949 -0.7370 -0.3210
vn -0.5513 -0.7165 -0.4275
vn -0.2990 -0.7645 -0.5711
vn -0.4020 -0.7053 -0.5838
vn -0.3077 -0.7315 -0.6085
vn 0.1082 -0.7084 -0.6974
vn 0.4919 -0.7604 -0.4240
vn 0.5381 -0.7678 -0.3477
vn 0.5882 -0.7671 -0.2563
vn -0.1236 -0.6948 -0.7085
vn 0.6432 -0.7628 -0.0662
vn 0.5068 -0.6257 -0.5930
vn 0.2460 -0.7660 -0.5939
vn 0.6443 -0.7215 -0.2537
vn -1.0000 -0.0077 -0.0032
vn -0.9776 -0.0070 -0.2103
vn -0.9068 -0.0140 -0.4214
vn -0.7415 -0.0155 -0.6708
vn -0.5115 -0.0135 -0.8592
vn -0.3088 -0.0069 -0.9511
vn -0.0897 -0.0149 -0.9959
vn 0.2110 -0.0157 -0.9774
vn 0.4993 -0.0196 -0.8662
vn 0.7415 -0.0155 -0.6708
vn 0.9068 -0.0140 -0.4214
vn 0.9776 -0.0068 -0.2102
vn 1.0000 -0.0071 -0.0028
vn 0.0334 -0.5364 -0.8433
vn 0.0611 -0.5338 -0.8434
vn 0.0055 -0.5371 -0.8435
vn 0.4570 -0.3097 -0.8338
vn 0.4852 -0.2616 -0.8344
vn 0.4232 -0.3540 -0.8340
vn 0.4685 0.3116 -0.8267
vn 0.4351 0.3560 -0.8270
vn 0.4964 0.2632 -0.8272
vn -0.0534 0.5425 -0.8384
vn -0.1086 0.5339 -0.8386
vn 0.0022 0.5446 -0.8387
vn -0.4875 0.2620 -0.8329
vn -0.5107 0.2111 -0.8334
vn -0.4585 0.3094 -0.8331
vn -0.4364 -0.3432 -0.8317
vn -0.3994 -0.3849 -0.8320
vn -0.4680 -0.2973 -0.8322
vn 0.9999 -0.0059 -0.0149
vn 0.4316 0.9018 -0.0209
vn 0.5636 0.8259 0.0153
vn 0.5009 -0.8652 -0.0203
vn 0.9874 -0.1544 0.0353
vn -0.9941 -0.1070 0.0190
vn -0.4410 -0.8975 0.0049
vn -0.0493 -0.9978 0.0453
vn -0.5599 0.8284 -0.0157
vn -0.9962 -0.0851 0.0171
vn -0.4264 0.9043 0.0207
vn 0.0015 -0.0023 -1.0000
vn -0.0001 0.0002 -1.0000
vn -0.0003 -0.0009 -1.0000
vn -0.0006 0.0007 -1.0000
vn 0.0102 0.0069 -0.9999
vn 0.0030 0.0026 -1.0000
vn 0.0086 0.2702 -0.9628
vn -0.0011 -0.0030 -1.0000
vn -0.0280 0.2774 -0.9604
vn -0.0000 0.0001 -1.0000
vn -0.0000 0.0003 -1.0000
vn 0.0159 0.2465 -0.9690
vn 0.0058 0.0146 -0.9999
vn -0.0065 0.0054 -1.0000
vn -0.0004 -0.0012 -1.0000
vn -0.0008 -0.0052 -1.0000
vn 0.0084 0.0076 -0.9999
vn -0.0004 0.0033 -1.0000
vn -0.0002 -0.0033 -1.0000
vn 0.0001 0.0001 -1.0000
vn -0.0017 0.0016 -1.0000
vn 0.0003 0.0002 -1.0000
vn 0.0013 0.0001 -1.0000
vn -0.0000 0.0002 -1.0000
vn 0.5827 -0.3886 -0.7137
vn 0.0067 -0.6716 -0.7409
vn -0.0091 -0.6693 -0.7429
vn 0.5679 -0.3279 -0.7550
vn 0.5840 -0.7287 0.3577
vn -0.0490 -0.9060 0.4205
vn 0.0289 -0.9980 0.0568
vn 0.8501 -0.5265 0.0133
vn -0.5451 -0.3607 -0.7568
vn -0.6224 -0.3372 -0.7063
vn -0.5549 -0.7690 0.3174
vn -0.8211 -0.5700 0.0288
vn 0.3113 -0.2490 0.9171
vn -0.0523 -0.4130 0.9092
vn 0.8805 -0.2319 0.4134
vn 0.3812 -0.3137 0.8697
vn 0.9604 -0.1241 0.2494
vn -0.3511 -0.3427 0.8713
vn -0.8485 -0.2231 0.4799
vn -0.3919 -0.3539 0.8492
vn -0.9624 -0.0355 0.2694
vn 0.7919 0.0706 -0.6065
vn 0.5520 0.4584 -0.6965
vn 0.7300 0.5860 -0.3516
vn -0.5959 0.4360 -0.6744
vn -0.7965 0.0418 -0.6033
vn -0.7110 0.5800 -0.3976
vn 0.9783 -0.2059 0.0240
vn 0.3912 -0.9198 0.0304
vn 0.5432 -0.8390 -0.0311
vn 0.8031 0.5954 0.0251
vn 0.9928 -0.1172 -0.0240
vn 0.1217 0.9919 0.0368
vn 0.6788 0.7334 -0.0362
vn -0.6788 0.7334 0.0362
vn -0.1217 0.9919 -0.0368
vn -0.9928 -0.1172 0.0240
vn -0.8031 0.5954 -0.0251
vn -0.5432 -0.8390 0.0311
vn -0.9783 -0.2059 -0.0240
vn -0.3912 -0.9198 -0.0304
vn -0.0078 -0.0214 0.9997
vn 0.0048 -0.0106 0.9999
vn 0.0157 -0.0757 0.9970
vn -0.0053 -0.0165 0.9998
vn -0.0183 -0.4869 0.8733
vn 0.7203 0.6921 0.0460
vn 0.9915 -0.1245 0.0374
vn 0.9547 0.2922 -0.0568
vn -0.0846 0.9961 0.0238
vn 0.2639 0.9625 -0.0631
vn -0.7399 0.6726 0.0149
vn -0.6972 0.7156 -0.0437
vn -0.9970 0.0775 0.0082
vn -0.9973 -0.0611 -0.0401
vn -0.8281 -0.5604 0.0174
vn -0.7496 -0.6619 0.0014
vn -0.3585 -0.9335 0.0053
vn -0.3127 -0.9498 -0.0050
vn 0.2161 -0.9763 -0.0112
vn 0.1716 -0.9851 -0.0081
vn 0.7881 -0.6136 -0.0482
vn 0.6920 -0.7217 0.0142
vn -0.3456 -0.7591 0.5516
vn -0.0017 -0.8730 0.4877
vn 0.3859 -0.7384 0.5530
vn 0.0038 -0.8194 0.5732
vn -0.5711 -0.6645 0.4819
vn 0.0244 -0.5342 0.8450
vn 0.9318 -0.2713 0.2413
vn 0.8889 -0.3738 0.2648
vn -0.9456 -0.2327 0.2274
vn 0.9191 -0.1217 0.3748
vn 0.3393 -0.2745 0.8998
vn 0.3153 -0.7209 0.6171
vn -0.3483 -0.2650 0.8991
vn 0.9375 -0.0577 0.3431
vn 0.3224 -0.0672 0.9442
vn -0.8970 -0.1256 0.4239
vn -0.3410 -0.0887 0.9359
vn -0.9033 -0.1425 0.4047
vn 0.9992 -0.0042 -0.0408
vn 0.4310 0.9013 -0.0422
vn 0.8961 0.4402 0.0565
vn 0.4661 -0.8847 -0.0096
vn 0.6733 -0.7386 0.0336
vn -0.4202 -0.9074 0.0098
vn -0.4015 -0.9158 0.0075
vn -0.9960 -0.0884 -0.0098
vn -0.5669 0.8234 -0.0247
vn -0.9993 0.0250 0.0275
vn -0.2042 0.9775 0.0530
vn 0.4569 -0.3097 -0.8338
vn 0.4851 -0.2616 -0.8344
vn 0.0197 0.4813 0.8764
vn -0.1766 0.4687 0.8655
vn 0.0524 -0.5691 0.8206
vn -0.1321 -0.5008 0.8554
vn 0.1139 -0.5141 0.8502
vn 0.2060 0.4201 0.8838
vn -0.2556 -0.3365 0.9064
vn -0.6653 -0.2191 0.7137
vn -0.6056 -0.4442 0.6602
vn 0.4528 0.3473 0.8212
vn 0.5244 0.4642 0.7138
vn -0.4456 -0.2333 0.8643
vn -0.4531 0.6077 0.6522
vn 0.2442 -0.3359 0.9097
vn -0.4817 0.4776 0.7348
vn -0.6234 0.4452 0.6428
vn 0.4180 -0.2470 0.8742
vn -0.4605 0.0791 0.8841
vn 0.5289 -0.1112 0.8414
vn 0.9460 -0.2170 0.2409
vn 0.4719 0.0611 0.8795
vn -0.6832 -0.1000 0.7234
vn 0.0520 0.4209 0.9056
vn -0.1801 -0.1220 0.9761
vn 0.2584 0.4818 0.8373
vn 0.4689 0.0775 0.8799
vn 0.6263 0.3023 0.7185
vn -0.4687 -0.1121 0.8762
vn 0.5487 0.4415 0.7099
vn -0.6289 0.3061 0.7147
vn -0.1460 0.4598 0.8759
vn 0.2044 -0.1806 0.9621
vn -0.4160 0.3874 0.8227
vn 0.5727 -0.3947 0.7185
vn -0.5412 0.1720 0.8231
vn -0.4631 -0.5213 0.7168
vn 0.4328 0.8611 0.2668
vn 0.4979 -0.4668 0.7309
vn 0.7220 -0.3053 0.6208
vn 0.7021 -0.0917 0.7062
vn -0.5073 0.0778 0.8582
vn 0.9091 -0.3944 0.1343
vn 0.6333 -0.6213 0.4614
vn -0.6925 -0.6386 0.3356
vn -0.8615 0.2414 0.4468
vn -0.1163 0.8638 0.4903
vn 0.1893 0.8431 0.5034
vn 0.5269 0.7188 0.4535
vn 0.8874 -0.0196 0.4606
vn 0.8836 0.2604 0.3891
vn 0.3011 0.8561 0.4201
vn -0.0160 0.8973 0.4411
vn -0.3906 0.8337 0.3904
vn -0.9268 -0.0137 0.3754
vn 0.9873 -0.1566 -0.0286
vn 0.7924 -0.5104 -0.3340
vn -0.8457 -0.3803 0.3745
vn -0.8075 -0.5898 -0.0007
vn -0.9840 -0.1662 -0.0639
vn 0.1807 0.5695 -0.8019
vn 0.8764 0.4752 0.0787
vn 0.5938 -0.0212 -0.8043
vn 0.7324 -0.6666 -0.1390
vn 0.4261 -0.8903 -0.1608
vn -0.0569 -0.9899 0.1295
vn -0.4411 -0.8865 -0.1399
vn -0.7422 -0.6498 -0.1637
vn -0.9834 -0.0645 -0.1696
vn -0.8871 0.4503 0.1011
vn -0.6186 0.7801 0.0937
vn -0.1001 0.9378 -0.3325
vn -0.5071 0.8498 -0.1442
vn -0.8725 -0.4593 -0.1665
vn 0.9171 0.3623 -0.1665
vn -0.0004 -0.0003 -1.0000
vn 0.0016 -0.0016 -1.0000
vn 0.0002 -0.0097 -1.0000
vn -0.0003 -0.0087 -1.0000
vn 0.0004 -0.0003 -1.0000
vn -0.0018 -0.0022 -1.0000
vn 0.1681 0.1238 -0.9780
vn 0.0200 0.0085 -0.9998
vn 0.1518 -0.1189 -0.9812
vn 0.0124 -0.0155 -0.9998
vn 0.0546 0.6790 -0.7321
vn 0.3292 0.9438 -0.0296
vn -0.0032 0.9994 -0.0346
vn 0.2173 0.6595 -0.7196
vn 0.3504 0.5941 -0.7241
vn 0.6814 0.7315 -0.0259
vn 0.4730 0.5065 -0.7209
vn 0.8828 0.4689 -0.0280
vn 0.5682 0.4018 -0.7182
vn 0.6425 0.2466 -0.7255
vn 0.9868 0.1612 -0.0164
vn 0.6729 0.1164 -0.7305
vn 0.6970 -0.0292 -0.7165
vn 0.9869 -0.1580 -0.0330
vn 0.6406 -0.1951 -0.7426
vn 0.8819 -0.4705 -0.0292
vn 0.7845 -0.4045 -0.4700
vn 0.2490 -0.1857 -0.9505
vn 0.6108 -0.7902 -0.0504
vn 0.1523 -0.3048 -0.9402
vn 0.3173 -0.9469 -0.0522
vn 0.0781 -0.3391 -0.9375
vn -0.0000 -0.9992 -0.0397
vn -0.0048 -0.3262 -0.9453
vn -0.0548 -0.3456 -0.9368
vn -0.3173 -0.9469 -0.0522
vn -0.1549 -0.3001 -0.9413
vn -0.6108 -0.7902 -0.0504
vn -0.2138 -0.2818 -0.9353
vn -0.8816 -0.4705 -0.0377
vn -0.2615 -0.1831 -0.9477
vn -0.9869 -0.1580 -0.0331
vn -0.6290 -0.1826 -0.7556
vn -0.6753 -0.3815 -0.6313
vn -0.9868 0.1612 -0.0164
vn -0.7256 -0.0645 -0.6851
vn -0.6842 0.1000 -0.7224
vn -0.6307 0.2472 -0.7356
vn -0.8828 0.4689 -0.0280
vn -0.6808 0.7320 -0.0251
vn -0.5809 0.3823 -0.7187
vn -0.4731 0.5071 -0.7204
vn -0.3747 0.5932 -0.7125
vn -0.3289 0.9439 -0.0295
vn -0.2204 0.6489 -0.7283
vn -0.0944 0.6984 -0.7095
vn 0.2154 -0.2802 -0.9354
vn 0.0760 0.1582 -0.9845
vn 1.0000 -0.0027 0.0035
vn 0.9999 -0.0162 -0.0026
vn 0.0794 -0.0121 -0.9968
vn 0.7709 0.3391 -0.5393
vn 0.1908 0.1735 -0.9662
vn 0.5915 -0.3956 -0.7026
vn 0.9161 0.0089 -0.4009
vn 0.4233 -0.0562 -0.9043
vn 0.7221 0.2201 -0.6559
vn 0.6042 -0.3944 -0.6924
vn 0.6231 -0.6224 -0.4737
vn 0.6950 -0.2509 -0.6738
vn 0.6514 0.6499 -0.3916
vn -0.0289 0.7785 -0.6270
vn -0.0239 0.7595 -0.6500
vn -0.0120 0.7855 -0.6188
vn 0.0021 0.7623 -0.6472
vn -0.0203 0.2612 -0.9651
vn -0.9999 -0.0147 -0.0052
vn -0.9721 0.1172 -0.2031
vn -0.4629 0.0468 -0.8852
vn -0.6711 0.6293 -0.3920
vn 0.0299 0.7483 -0.6626
vn 0.0206 0.7727 -0.6345
vn 0.3551 0.7265 -0.5883
vn 0.0085 0.7752 -0.6316
vn 0.0543 0.2530 -0.9659
vn 0.1304 0.2759 -0.9523
vn -0.1403 -0.0063 -0.9901
vn -0.5416 -0.3625 -0.7584
vn -0.2573 -0.1380 -0.9564
vn -0.6319 -0.6208 -0.4640
vn -0.6111 -0.3900 -0.6888
vn -0.7661 0.4463 -0.4626
vn -0.2539 0.4579 -0.8520
vn -0.7175 0.0868 -0.6912
vn -0.6797 -0.2294 -0.6967
vn -0.8914 -0.1107 -0.4394
vn -0.7984 0.5175 -0.3078
vn 0.6586 0.2518 -0.7091
vn 0.8638 0.4577 -0.2108
vn 0.6716 0.6267 -0.3952
vn 0.5632 0.7201 -0.4053
vn 0.3908 0.8226 -0.4131
vn 0.2053 0.8854 -0.4171
vn 0.0037 0.9219 -0.3875
vn -0.2055 0.8853 -0.4171
vn -0.3959 0.8223 -0.4088
vn -0.5607 0.7261 -0.3979
vn -0.7001 0.5985 -0.3894
vn 0.5293 0.6892 -0.4949
vn 0.0640 0.8772 -0.4758
vn 0.0622 0.1965 -0.9785
vn -0.6826 0.6241 -0.3802
vn -0.6319 0.5620 -0.5337
vn -0.7849 0.5266 -0.3264
vn -0.6707 0.6398 -0.3752
vn -0.0941 0.3751 -0.9222
vn -0.3242 0.8668 -0.3788
vn 0.1377 0.8843 -0.4461
vn -0.3984 0.8914 -0.2161
vn -0.8855 0.4589 -0.0721
vn -0.7317 0.2440 -0.6365
vn -0.7221 0.1372 -0.6781
vn -0.6790 -0.2660 -0.6842
vn -0.6374 -0.3316 -0.6956
vn 0.0849 0.9642 -0.2512
vn -0.3891 0.6824 -0.6189
vn -0.8984 0.2110 -0.3852
vn 0.4709 0.8533 -0.2240
vn 0.1489 0.6017 -0.7848
vn 0.2060 0.9576 -0.2012
vn 0.3378 0.7993 -0.4971
vn 0.2987 0.2592 -0.9185
vn -0.3485 0.2433 -0.9052
vn -0.9996 0.0120 -0.0258
vn -0.9994 0.0334 -0.0112
vn -0.8990 0.0233 -0.4373
vn -0.9041 -0.4264 -0.0285
vn -0.1287 -0.3226 -0.9377
vn -0.9446 -0.2263 -0.2379
vn -0.5580 -0.2475 -0.7921
vn -0.1320 -0.9912 -0.0005
vn -0.2713 -0.8960 -0.3516
vn -0.1486 -0.6905 -0.7079
vn -0.0907 -0.6499 -0.7546
vn 0.4756 -0.4396 -0.7619
vn 0.5238 -0.3853 -0.7597
vn 0.2080 0.8386 -0.5034
vn 0.6022 0.7216 -0.3417
vn 0.8446 0.3664 -0.3904
vn 0.3060 -0.2661 -0.9141
vn 0.4335 -0.8243 -0.3642
vn 0.7818 -0.6212 0.0547
vn 0.8512 -0.3751 -0.3672
vn 0.9053 0.4243 0.0202
vn 0.3111 0.7735 -0.5521
vn 0.9997 0.0088 -0.0206
vn 0.7533 0.2920 -0.5893
vn 0.6784 0.0934 -0.7287
vn 0.0050 0.8120 -0.5837
vn -0.0071 0.8011 -0.5984
vn 0.0135 0.3407 -0.9401
vn -0.2228 0.6978 -0.6808
vn -0.3804 0.8370 -0.3933
vn -0.3141 0.8027 -0.5069
vn -0.0776 0.6350 -0.7686
vn -0.0802 0.8927 -0.4434
vn -0.4366 0.8111 -0.3892
vn -0.7023 0.6239 -0.3428
vn -0.7102 0.5799 -0.3991
vn 0.0147 0.3320 -0.9432
vn 0.0058 0.2877 -0.9577
vn -0.9900 0.1403 -0.0172
vn -0.4780 0.8779 0.0292
vn -0.9257 0.2515 -0.2825
vn -0.6692 0.6111 -0.4227
vn -0.7289 0.2211 -0.6480
vn -0.7353 0.2004 -0.6475
vn -0.4909 -0.3999 -0.7740
vn -0.4880 -0.4043 -0.7736
vn 0.0276 0.2267 -0.9736
vn 0.6583 0.5561 -0.5073
vn 0.3174 0.7358 -0.5981
vn 0.7933 0.5370 -0.2867
vn 0.3696 0.8640 -0.3419
vn 0.6938 0.5510 -0.4638
vn 0.3262 0.9215 -0.2110
vn 0.1466 0.9207 -0.3618
vn -0.1008 0.9846 -0.1430
vn 0.8655 0.4915 -0.0969
vn 0.8400 0.5423 0.0175
vn 0.9973 0.0403 -0.0614
vn 0.6824 -0.2378 -0.6912
vn 0.8842 0.0648 -0.4626
vn -0.2895 0.9077 -0.3038
vn -0.5067 0.8606 -0.0516
vn -0.2657 0.8229 -0.5022
vn 0.2919 0.8566 -0.4255
vn 0.8656 0.2591 -0.4285
vn 0.3339 0.5499 -0.7656
vn -0.3531 0.2546 -0.9002
vn -0.9043 -0.3681 -0.2161
vn -0.7365 -0.6743 0.0532
vn -0.9999 -0.0001 -0.0144
vn -0.4447 -0.2400 -0.8629
vn -0.4382 -0.8165 -0.3759
vn 0.0012 0.0211 -0.9998
vn -0.0022 0.0238 -0.9997
vn 0.0004 0.0285 -0.9996
vn -0.0228 -0.0063 -0.9997
vn 0.0219 -0.0108 -0.9997
vn 0.0051 0.0218 -0.9998
vn -0.0033 0.0205 -0.9998
vn 0.0662 -0.6947 -0.7162
vn 0.1757 -0.6670 -0.7240
vn 0.6482 -0.2758 -0.7098
vn 0.9985 0.0540 -0.0084
vn 0.9070 0.1059 -0.4076
vn 0.3131 0.0642 -0.9475
vn 0.4075 -0.1935 -0.8925
vn 0.3389 -0.8925 -0.2977
vn 0.1723 -0.9844 0.0359
vn 0.9369 -0.3495 0.0007
vn 0.9148 -0.1759 -0.3637
vn 0.0731 -0.6066 -0.7916
vn -0.7396 0.6724 0.0285
vn 0.5457 0.8371 0.0390
vn 0.4105 0.9110 -0.0387
vn -0.8100 -0.5833 0.0611
vn -0.9105 0.4004 -0.1032
vn -0.4248 -0.8977 -0.1165
vn 0.2849 -0.9584 0.0179
vn 0.9273 -0.3641 -0.0866
vn 0.9757 -0.2191 0.0014
vn -0.0001 -0.0000 -1.0000
vn -0.0002 -0.0000 -1.0000
vn -0.0001 -0.0001 -1.0000
vn 0.2122 -0.9770 -0.0210
vn 0.4753 -0.2177 -0.8525
vn 0.2298 -0.3179 -0.9198
vn -0.6731 -0.7392 -0.0211
vn 0.0794 -0.4588 -0.8850
vn 0.0139 0.0616 -0.9980
vn 0.2196 0.4570 -0.8619
vn -0.9932 0.1157 -0.0138
vn -0.6125 0.7904 -0.0056
vn 0.1856 0.9825 -0.0150
vn 0.2655 0.3177 -0.9103
vn 0.4693 0.2426 -0.8491
vn 0.9245 0.3802 -0.0271
vn 0.9987 0.0486 0.0172
vn 0.8626 -0.5055 -0.0170
vn 0.7146 -0.6409 -0.2803
vn 0.2513 -0.9489 -0.1910
vn 0.2500 -0.8173 -0.5191
vn 0.9249 -0.2127 -0.3151
vn 0.7160 -0.4576 -0.5273
vn 0.2900 -0.5338 -0.7943
vn 0.8815 -0.1326 -0.4533
vn 0.8246 0.2102 -0.5253
vn 0.2898 0.4436 -0.8481
vn 0.3693 0.6156 -0.6962
vn 0.8257 0.4233 -0.3728
vn 0.6013 0.7077 -0.3709
vn 0.2006 0.8047 -0.5588
vn 0.4966 0.8386 -0.2239
vn 0.0907 0.9605 -0.2630
vn 0.9530 0.0890 -0.2895
vn 0.6824 0.2101 0.7002
vn 0.7109 -0.1018 0.6959
vn 0.5329 0.5515 0.6418
vn 0.3687 0.9241 -0.1006
vn 0.0358 0.9983 -0.0451
vn 0.3500 -0.7179 0.6017
vn 0.6337 -0.4764 0.6095
vn 0.1013 -0.9936 -0.0507
vn -0.0114 -0.9976 -0.0679
vn -0.0002 -0.0149 -0.9999
vn -0.3913 -0.0081 -0.9202
vn -0.3823 -0.2445 -0.8911
vn -0.3672 -0.5160 -0.7739
vn -0.3741 -0.7716 -0.5145
vn -0.3609 -0.9013 -0.2395
vn -0.0614 -0.9969 -0.0494
vn -0.2882 -0.7331 0.6161
vn -0.3940 0.8914 -0.2239
vn 0.0405 0.9963 -0.0756
vn -0.0329 0.9986 -0.0424
vn -0.2778 0.7590 0.5888
vn -0.2135 0.8446 -0.4910
vn -0.1686 0.5902 -0.7894
vn -0.4439 0.2927 -0.8469
vn -0.3329 -0.6097 0.7193
vn -0.5297 -0.7230 -0.4435
vn -0.5302 -0.4619 -0.7110
vn -0.5218 -0.1459 -0.8405
vn -0.5446 0.1676 -0.8218
vn -0.5222 0.4006 -0.7529
vn -0.5489 0.6575 -0.5162
vn -0.5520 0.6123 -0.5660
vn -0.5558 0.8005 -0.2242
vn -0.5608 0.7759 0.2888
vn -0.6197 -0.5631 0.5467
vn -0.5248 -0.8254 -0.2080
vn -0.4133 -0.7726 -0.4819
vn -0.5700 -0.5315 -0.6265
vn -0.4381 -0.3477 -0.8290
vn -0.6171 -0.0478 -0.7854
vn -0.4721 0.3034 -0.8277
vn -0.5736 0.5258 -0.6281
vn -0.4857 0.8124 -0.3228
vn -0.5200 0.6109 0.5970
vn -0.8939 0.3757 -0.2444
vn -0.9157 0.0867 -0.3925
vn -0.9374 -0.1353 -0.3208
vn -0.9217 -0.3372 -0.1916
vn -0.9995 0.0003 -0.0321
vn -0.9956 0.0569 -0.0748
vn -0.6369 -0.4032 0.6571
vn -0.6643 0.3880 0.6388
vn -0.9994 -0.0229 -0.0242
vn -0.1024 -0.0377 0.9940
vn 0.3406 -0.0258 0.9399
vn 0.3439 -0.0184 0.9388
vn -0.0448 -0.0897 0.9950
vn 0.1742 0.6234 0.7622
vn 0.1825 -0.0203 0.9830
vn -0.0109 -0.9708 0.2395
vn 0.1996 -0.7241 0.6601
vn 0.0788 -0.9222 0.3787
vn 0.1249 -0.9017 0.4138
vn 0.2263 -0.9737 -0.0260
vn 0.1215 -0.9920 0.0342
vn -0.6200 0.6042 0.5005
vn -0.9119 0.0348 -0.4090
vn -0.9880 -0.0340 -0.1505
vn -0.5984 -0.0227 0.8009
vn -0.0001 1.0000 -0.0000
vn -0.0001 1.0000 0.0005
vn -0.9375 -0.0387 -0.3459
vn -0.8819 -0.0386 -0.4698
vn -0.6314 -0.6571 -0.4118
vn -0.4336 -0.7408 -0.5130
vn -0.3760 -0.9248 -0.0570
vn -0.5606 -0.7903 0.2473
vn -0.6751 -0.0746 0.7340
vn -0.3064 0.0011 0.9519
vn -0.9454 0.0241 0.3250
vn -0.5986 -0.6658 -0.4455
vn -0.6523 -0.6356 -0.4130
vn -0.1927 -0.9715 0.1379
vn -0.7646 -0.6381 0.0907
vn -0.1187 -0.4059 0.9062
vn 0.5890 -0.4605 0.6641
vn 0.0792 -0.0109 0.9968
vn -0.0324 -0.5060 0.8619
vn -0.0208 -0.7476 0.6638
vn 0.7933 0.1014 0.6004
vn 0.0390 0.7253 0.6874
vn -0.0158 0.6607 0.7505
vn 0.0200 0.1155 0.9931
vn 0.0286 -0.6470 0.7619
vn -0.0300 -0.1252 0.9917
vn -0.0206 -0.7812 0.6239
vn 0.6097 0.4275 0.6675
vn 1.0000 -0.0000 0.0001
vn 1.0000 0.0025 0.0037
vn 0.2288 0.2639 0.9370
vn 0.9995 -0.0083 0.0320
vn 0.9997 -0.0153 0.0204
vn 1.0000 -0.0019 0.0063
vn 1.0000 -0.0001 -0.0000
vn -0.2391 0.3638 0.9003
vn -0.6089 0.0610 0.7909
vn -0.0973 0.9574 0.2719
vn -0.8828 0.0079 -0.4697
vn -0.9417 -0.0465 0.3332
vn -0.9596 0.0452 -0.2776
vn -0.6603 0.6984 -0.2762
vn -0.7501 0.6090 0.2578
vn -0.5600 0.6573 -0.5043
vn -0.8995 -0.0096 -0.4369
vn -0.9980 0.0101 -0.0621
vn -0.6504 0.6470 -0.3980
vn -0.5257 0.7770 -0.3463
vn -0.6957 -0.6258 0.3527
vn -0.4875 -0.0204 0.8729
vn 0.0604 -0.6118 0.7887
vn 0.2690 -0.0035 0.9631
vn -0.0002 -1.0000 -0.0000
vn 0.0001 -1.0000 0.0004
vn -0.0833 0.2838 0.9553
vn 0.3943 -0.0173 0.9188
vn 0.2905 0.0061 0.9569
vn -0.0186 0.9985 0.0515
vn -0.4601 0.8681 0.1865
vn 0.2932 0.8982 0.3276
vn 0.0851 0.9128 0.3993
vn 0.2436 0.9699 -0.0036
vn 0.3176 0.6556 0.6850
vn 0.0152 0.9668 0.2552
vn -0.3091 0.1870 0.9325
vn -0.4451 0.8126 0.3763
vn -0.2753 0.9565 0.0966
vn -0.5082 -0.1562 0.8469
vn -0.5214 0.8269 0.2105
vn -0.9999 0.0033 0.0119
vn -0.9684 0.1293 0.2134
vn -0.3364 -0.2055 0.9190
vn -0.5106 -0.6006 0.6153
vn -0.5199 -0.4404 0.7320
vn -0.4805 0.6374 0.6024
vn -0.5986 -0.8010 0.0096
vn -0.8618 -0.1953 0.4681
vn -0.6381 -0.5060 0.5803
vn -0.4891 -0.8348 0.2528
vn -0.3925 -0.5925 0.7035
vn -0.6305 -0.2114 0.7468
vn -0.6583 -0.0033 0.7527
vn -0.6344 0.2132 0.7431
vn -0.6343 0.5600 0.5330
vn -0.5714 0.7486 0.3364
vn -0.5105 0.8532 0.1071
vn -0.1894 0.0193 0.9817
vn -0.2305 0.0356 0.9724
vn -0.2368 -0.0033 0.9715
vn -0.2722 0.0060 0.9622
vn -0.2752 0.0503 0.9601
vn -0.2371 -0.0148 0.9714
vn -0.2204 -0.0178 0.9752
vn -0.1723 0.0153 0.9849
vn -0.1916 0.0022 0.9815
vn -0.1980 -0.0010 0.9802
vn -0.8345 0.5295 0.1521
vn -0.7853 0.0364 0.6180
vn -0.4876 -0.8716 0.0500
vn -0.8407 -0.4002 0.3648
vn -0.9038 -0.4267 0.0330
vn -0.9441 -0.0835 0.3191
vn -0.9358 0.3474 0.0603
vn -0.8688 0.2759 0.4112
vn -0.8059 0.5407 0.2411
vn -0.4896 0.6368 0.5956
vn -0.2670 0.3669 0.8911
vn -0.5223 -0.6917 0.4987
vn -0.4424 -0.6409 0.6273
vn -0.8203 -0.3614 0.4434
vn -0.4820 -0.7812 0.3967
vn -0.4751 0.8184 0.3232
vn -0.7645 0.3661 0.5305
vn -0.9031 0.1290 0.4096
vn -0.3334 0.1430 0.9319
vn -0.2723 -0.0291 0.9618
vn -0.1570 -0.3234 0.9331
vn -0.3613 0.0751 0.9294
vn -0.1508 -0.9870 0.0563
vn -0.0109 -0.9454 -0.3256
vn 0.0001 -0.9726 -0.2325
vn -0.4914 -0.8530 0.1757
vn 0.0050 -0.8670 0.4983
vn -0.4122 -0.7816 0.4682
vn 0.0084 -0.4662 0.8847
vn -0.3464 -0.5214 0.7798
vn 0.0077 0.0935 0.9956
vn 0.0085 0.9068 0.4215
vn -0.0342 0.9395 -0.3409
vn 0.0214 0.9743 -0.2241
vn 0.0041 0.5762 0.8173
vn -0.9535 -0.2972 -0.0512
vn -0.9476 -0.1992 0.2497
vn 0.7754 0.6222 -0.1079
vn 0.2484 0.6081 -0.7540
vn -0.0803 0.6729 0.7353
vn -0.6425 0.5995 -0.4773
vn -0.6894 0.6010 0.4044
vn 0.5996 0.4450 0.6652
vn -0.4982 0.3166 -0.8072
vn 0.4369 0.3141 -0.8429
vn 0.9541 0.2989 0.0169
vn 0.4695 0.2958 0.8319
vn -0.3907 0.2843 0.8755
vn -0.9580 0.2753 0.0804
vn -0.3747 0.9161 -0.1429
vn -0.1560 0.9062 -0.3931
vn 0.2042 0.9198 -0.3351
vn 0.3770 0.9249 0.0490
vn 0.1284 0.9155 0.3812
vn -0.2831 0.9242 0.2563
vn 0.0206 0.9996 0.0198
vn 0.0364 0.9992 -0.0138
vn -0.0113 0.9998 -0.0140
vn -0.0197 0.9998 0.0087
vn 0.0139 0.9995 -0.0288
vn 0.0013 0.9997 0.0228
vn -0.8115 -0.5843 0.0044
vn -0.9084 0.0584 0.4139
vn -0.6278 0.0561 -0.7763
vn -0.1427 -0.5946 -0.7912
vn 0.4083 0.0408 -0.9119
vn 0.6242 -0.6057 -0.4935
vn 0.9713 0.0182 -0.2371
vn 0.7690 -0.6391 -0.0129
vn 0.8190 0.0262 0.5732
vn 0.3807 -0.6423 0.6652
vn 0.0457 0.0476 0.9978
vn -0.4935 -0.5812 0.6471
vn -0.0477 -0.6579 0.7516
vn 0.7678 -0.5207 0.3733
vn 0.2395 -0.6812 -0.6918
vn -0.5963 -0.6658 -0.4484
vn -0.0253 -0.9996 0.0109
vn -0.0082 -0.9996 0.0281
vn 0.0026 -0.9995 -0.0313
vn 0.0286 -0.9996 -0.0024
vn 0.9985 -0.0026 0.0538
vn -0.0020 -0.0063 1.0000
vn 0.0770 -0.4810 0.8734
vn 0.8220 -0.5247 -0.2212
vn -0.9998 0.0117 0.0174
vn -0.3898 -0.5301 -0.7530
vn 0.0337 -0.0015 -0.9994
vn 0.1668 -0.8867 -0.4312
vn -0.3992 -0.9093 -0.1179
vn -0.1868 -0.9355 0.2998
vn 0.3575 -0.8902 0.2822
vn -0.0332 -0.5364 0.8433
vn -0.0611 -0.5338 0.8434
vn -0.0054 -0.5371 0.8435
vn -0.4569 -0.3097 0.8339
vn -0.4851 -0.2616 0.8344
vn -0.4232 -0.3540 0.8340
vn -0.4685 0.3116 0.8267
vn -0.4351 0.3560 0.8270
vn -0.4964 0.2632 0.8272
vn 0.0534 0.5426 0.8383
vn 0.1086 0.5339 0.8386
vn -0.0022 0.5446 0.8387
vn 0.4875 0.2620 0.8329
vn 0.5107 0.2111 0.8334
vn 0.4585 0.3094 0.8331
vn 0.4364 -0.3432 0.8317
vn 0.3994 -0.3849 0.8320
vn 0.4680 -0.2973 0.8322
vn -0.9999 -0.0059 0.0149
vn -0.4316 0.9018 0.0209
vn -0.5636 0.8259 -0.0153
vn -0.5009 -0.8652 0.0203
vn -0.9874 -0.1544 -0.0353
vn 0.9941 -0.1071 -0.0190
vn 0.4410 -0.8975 -0.0049
vn 0.0493 -0.9978 -0.0453
vn 0.5599 0.8284 0.0157
vn 0.9962 -0.0851 -0.0171
vn 0.4264 0.9043 -0.0207
vn -0.5761 0.5796 0.5764
vn -0.1864 0.8961 0.4027
vn -0.0189 0.0062 0.9998
vn -0.0146 0.7802 0.6253
vn 0.0489 0.2034 0.9779
vn -0.0016 0.0112 0.9999
vn 0.0007 -0.0008 1.0000
vn -0.0102 -0.0388 0.9992
vn 0.1680 0.9059 0.3887
vn 0.5677 0.5843 0.5799
vn 0.0083 0.0285 0.9996
vn 0.0246 0.0054 0.9997
vn -0.0076 0.0569 0.9984
vn -0.0009 0.0228 0.9997
vn 0.0033 -0.0093 1.0000
vn -0.0050 -0.0046 1.0000
vn 0.0022 -0.0006 1.0000
vn -0.4242 -0.6746 0.6042
vn -0.5081 -0.8610 -0.0236
vn 0.5052 -0.8630 -0.0033
vn 0.5082 -0.8611 -0.0178
vn 0.9997 0.0227 -0.0050
vn 0.5081 0.8610 -0.0237
vn 0.4242 0.6746 0.6042
vn 0.7862 -0.0178 0.6177
vn -0.5052 0.8630 -0.0033
vn -0.5081 0.8610 0.0237
vn -0.9997 -0.0227 -0.0050
vn -0.7862 0.0178 0.6177
vn 0.2473 0.9675 0.0519
vn -0.0000 0.9991 0.0428
vn -0.2486 0.9679 -0.0366
vn -0.3653 -0.0080 0.9309
vn 0.0007 -0.8841 0.4672
vn -0.0884 0.0186 0.9959
vn 0.3781 0.0090 0.9257
vn 0.0821 0.0040 0.9966
vn 0.4714 -0.0204 0.8817
vn -0.4721 0.0501 0.8801
vn 0.7707 0.0022 0.6372
vn 0.7852 0.0122 0.6191
vn -0.7605 -0.0335 0.6485
vn -0.7879 -0.0180 0.6155
vn -0.7693 -0.0007 -0.6389
vn -0.5330 0.7312 -0.4257
vn -0.6038 0.7491 -0.2725
vn -0.9940 -0.0357 0.1036
vn -0.9953 0.0313 -0.0914
vn -0.9523 -0.0237 0.3044
vn -0.9092 -0.0236 0.4156
vn -0.9591 0.0091 -0.2828
vn 0.9136 0.0362 0.4049
vn 0.9940 -0.0357 -0.1036
vn 0.9953 0.0313 0.0914
vn 0.9516 -0.0253 -0.3062
vn 0.9079 -0.0302 -0.4180
vn 0.7722 -0.0108 -0.6353
vn 0.7854 -0.0175 -0.6188
vn 0.9592 0.0088 0.2825
vn -0.4746 -0.0204 -0.8800
vn -0.0306 0.3102 -0.9502
vn 0.0048 0.3120 -0.9501
vn 0.4965 -0.0194 -0.8678
vn -0.9229 -0.3837 -0.0308
vn -0.2011 -0.9793 -0.0235
vn -0.6510 -0.7586 0.0288
vn -0.7824 0.6220 -0.0326
vn -0.9768 0.2109 0.0373
vn 0.2012 0.9789 -0.0350
vn -0.2064 0.9778 0.0354
vn 0.9759 0.2152 -0.0370
vn 0.7794 0.6257 0.0330
vn 0.6542 -0.7558 -0.0286
vn 0.9249 -0.3791 0.0310
vn 0.2059 -0.9783 0.0237
vn -0.1112 -0.5267 0.8427
vn -0.1650 -0.5118 0.8431
vn -0.0562 -0.5352 0.8429
vn -0.5198 -0.1905 0.8328
vn -0.5358 -0.1370 0.8332
vn -0.4975 -0.2415 0.8332
vn -0.4038 0.3921 0.8265
vn -0.3625 0.4296 0.8271
vn -0.4403 0.3499 0.8269
vn 0.2081 0.5121 0.8333
vn 0.2586 0.4883 0.8335
vn 0.1553 0.5297 0.8339
vn 0.5456 0.0925 0.8329
vn 0.5514 0.0370 0.8334
vn 0.5333 0.1468 0.8331
vn 0.3189 -0.4404 0.8393
vn 0.2721 -0.4707 0.8393
vn 0.3618 -0.4048 0.8398
vn 0.0894 0.0281 -0.9956
vn -0.0782 0.0185 -0.9968
vn 0.1885 0.8949 -0.4046
vn -0.2164 0.9745 -0.0591
vn -0.0307 0.9986 -0.0426
vn -0.0095 0.7865 -0.6176
vn 0.2532 0.9664 0.0439
vn 0.0828 0.9927 -0.0879
vn 0.6788 0.0572 -0.7321
vn 0.7358 -0.0469 -0.6756
vn 0.4540 0.7329 -0.5066
vn 0.3378 0.8872 -0.3142
vn -0.7337 0.0601 -0.6768
vn -0.6152 0.3733 -0.6944
vn -0.3323 0.8681 -0.3688
vn -0.0002 -0.6506 -0.7594
vn -0.2212 -0.7858 -0.5776
vn 0.2227 -0.7698 -0.5982
vn 0.7191 0.4189 -0.5545
vn 0.1870 0.9748 -0.1219
vn 0.9419 0.2609 -0.2114
vn 0.5393 -0.8025 -0.2551
vn 0.6220 0.3226 -0.7135
vn 0.0651 0.7716 -0.6327
vn -0.8156 0.3164 -0.4844
vn -0.2475 0.9624 -0.1115
vn -0.5777 -0.7855 -0.2219
vn -0.1289 0.7068 -0.6955
vn -0.6150 0.3785 -0.6918
vn 0.3872 0.2559 -0.8858
vn 0.9619 -0.1447 0.2319
vn 0.6927 0.2044 0.6916
vn -0.9686 -0.1290 0.2124
vn -0.7753 0.4164 -0.4750
vn -0.7085 0.1518 0.6892
vn 0.3633 0.9304 -0.0481
vn -0.0640 0.5964 -0.8001
vn 0.0355 0.6765 -0.7356
vn -0.1070 0.6799 -0.7255
vn -0.0020 0.9989 -0.0475
vn 0.0551 0.5761 -0.8155
vn -0.4714 0.8811 -0.0363
vn -0.0308 0.0269 -0.9992
vn 0.4666 0.6859 -0.5584
vn 0.6474 0.0056 -0.7621
vn 0.4679 0.0046 -0.8838
vn 0.5784 0.6837 -0.4449
vn 0.7964 0.0062 -0.6047
vn 0.6619 0.6829 -0.3091
vn 0.9071 0.0056 -0.4208
vn 0.7346 0.6584 -0.1640
vn 0.9767 0.0042 -0.2144
vn 0.7274 0.6862 -0.0030
vn 1.0000 0.0049 -0.0005
vn 0.7362 0.6575 0.1603
vn 0.9765 0.0041 0.2155
vn 0.6633 0.6845 0.3026
vn 0.9076 0.0054 0.4199
vn 0.5842 0.6805 0.4422
vn 0.7954 0.0063 0.6061
vn 0.4710 0.6867 0.5537
vn 0.6483 0.0068 0.7613
vn 0.3426 0.6809 0.6473
vn 0.4673 0.0058 0.8841
vn 0.1968 0.6863 0.7002
vn 0.2689 0.0064 0.9631
vn 0.0427 0.6579 0.7519
vn 0.0536 0.0041 0.9986
vn -0.1164 0.6852 0.7190
vn -0.1623 0.0062 0.9867
vn -0.2684 0.6851 0.6772
vn -0.3694 0.0057 0.9293
vn -0.4098 0.6797 0.6084
vn -0.5621 0.0053 0.8271
vn -0.5251 0.6872 0.5020
vn -0.7255 0.0067 0.6882
vn -0.6258 0.6811 0.3801
vn -0.8569 0.0050 0.5155
vn -0.6913 0.6831 0.2354
vn -0.9477 0.0051 0.3192
vn -0.7234 0.6854 0.0830
vn -0.9941 0.0050 0.1083
vn -0.7299 0.6791 -0.0776
vn -0.9941 0.0044 -0.1084
vn -0.6913 0.6855 -0.2283
vn -0.9476 0.0052 -0.3194
vn -0.6265 0.6844 -0.3730
vn -0.8568 0.0056 -0.5156
vn -0.5332 0.6850 -0.4966
vn -0.7260 0.0055 -0.6877
vn -0.4041 0.6815 -0.6101
vn -0.5574 0.0101 -0.8302
vn -0.3649 0.0235 -0.9307
vn -0.1653 0.0396 -0.9855
vn 0.0611 0.0344 -0.9975
vn 0.2575 0.0549 -0.9647
vn 0.3430 0.6838 -0.6440
vn -0.0640 0.6623 0.7465
vn 0.0928 0.6576 0.7476
vn 0.0024 0.9966 0.0822
vn 0.2464 0.6574 0.7121
vn 0.0197 0.9967 0.0791
vn 0.7422 0.6481 -0.1706
vn 0.0761 0.9970 -0.0168
vn 0.0967 0.9953 -0.0000
vn 0.6839 0.6565 -0.3182
vn 0.0705 0.9970 -0.0335
vn -0.2199 0.6582 0.7200
vn -0.0152 0.9966 0.0815
vn 0.3892 0.6572 0.6455
vn 0.0359 0.9967 0.0724
vn 0.5150 0.6570 0.5506
vn 0.0502 0.9968 0.0623
vn 0.6183 0.6568 0.4317
vn 0.0619 0.9969 0.0495
vn 0.6956 0.6560 0.2929
vn 0.0707 0.9969 0.0344
vn 0.7481 0.6476 0.1446
vn 0.7714 0.6363 -0.0129
vn -0.6011 0.6582 0.4534
vn -0.4936 0.6581 0.5686
vn -0.0619 0.9964 0.0573
vn -0.3645 0.6580 0.6589
vn -0.0482 0.9965 0.0687
vn -0.0324 0.9965 0.0769
vn 0.0761 0.9969 0.0178
vn 0.6029 0.6566 -0.4532
vn 0.0616 0.9969 -0.0485
vn 0.4956 0.6567 -0.5684
vn 0.0497 0.9969 -0.0613
vn -0.6164 0.6581 -0.4325
vn -0.0727 0.9965 -0.0424
vn -0.0618 0.9965 -0.0565
vn -0.6938 0.6576 -0.2937
vn -0.0803 0.9964 -0.0262
vn -0.6822 0.6582 0.3183
vn -0.0728 0.9964 0.0431
vn -0.3870 0.6578 -0.6461
vn -0.0481 0.9965 -0.0679
vn -0.0324 0.9966 -0.0760
vn -0.5129 0.6580 -0.5513
vn -0.7466 0.6492 -0.1452
vn -0.0842 0.9964 -0.0087
vn -0.7408 0.6497 0.1702
vn -0.0804 0.9964 0.0268
vn 0.0676 0.6576 -0.7503
vn 0.0022 0.9967 -0.0812
vn 0.0194 0.9968 -0.0780
vn -0.0905 0.6621 -0.7439
vn -0.0153 0.9966 -0.0805
vn -0.7600 0.6498 0.0136
vn -0.0843 0.9964 0.0092
vn 0.3666 0.6569 -0.6588
vn 0.0355 0.9968 -0.0713
vn 0.2216 0.6571 -0.7204
vn -0.2442 0.6577 -0.7126
vn 0.7246 -0.6890 0.0153
vn 0.7132 -0.6875 -0.1364
vn 0.6827 -0.6699 -0.2920
vn 0.6077 -0.6706 -0.4254
vn 0.5060 -0.6706 -0.5424
vn 0.3822 -0.6706 -0.6357
vn 0.2417 -0.6707 -0.7013
vn 0.0908 -0.6708 -0.7360
vn -0.0665 -0.6611 -0.7473
vn -0.2163 -0.6707 -0.7095
vn -0.3593 -0.6706 -0.6490
vn -0.4864 -0.6706 -0.5601
vn -0.5922 -0.6706 -0.4468
vn -0.6724 -0.6697 -0.3153
vn -0.7076 -0.6870 -0.1655
vn -0.7263 -0.6873 -0.0145
vn -0.7136 -0.6872 0.1360
vn -0.6827 -0.6699 0.2920
vn -0.6077 -0.6706 0.4254
vn -0.5060 -0.6706 0.5424
vn -0.3822 -0.6706 0.6357
vn -0.2418 -0.6708 0.7011
vn -0.0903 -0.6611 0.7448
vn 0.0641 -0.6707 0.7390
vn 0.2166 -0.6706 0.7095
vn 0.3593 -0.6706 0.6490
vn 0.4864 -0.6706 0.5601
vn 0.5922 -0.6706 0.4468
vn 0.6724 -0.6697 0.3153
vn 0.7074 -0.6873 0.1650
vn 0.0008 1.0000 -0.0019
vn -0.0082 1.0000 -0.0000
vn -0.0008 1.0000 0.0018
vn 0.0003 1.0000 0.0015
vn 0.0002 1.0000 -0.0001
vn 0.0004 1.0000 0.0004
vn -0.0005 1.0000 0.0004
vn -0.0004 1.0000 -0.0004
vn -0.2836 0.3606 -0.8885
vn -0.0042 1.0000 -0.0026
vn 0.0036 1.0000 -0.0013
vn 0.0048 1.0000 -0.0032
vn 0.0007 1.0000 0.0004
vn -0.0105 0.9999 -0.0035
vn -0.0039 1.0000 0.0014
vn -0.0051 1.0000 0.0034
vn 0.0086 1.0000 -0.0015
vn 0.0107 0.9999 -0.0040
vn -0.0102 0.9999 0.0050
vn -0.6795 0.0571 0.7314
vn 0.7336 0.0607 0.6768
vn 0.6152 0.3733 0.6944
vn -0.7369 -0.0489 0.6743
vn 0.5755 0.5802 -0.5763
vn -0.5706 0.5819 -0.5795
vn -0.4540 0.7329 0.5066
vn -0.3378 0.8872 0.3142
vn 0.3323 0.8681 0.3688
vn 0.0017 0.0112 -0.9999
vn -0.0136 0.0861 -0.9962
vn 0.0197 0.0057 -0.9998
vn 0.0051 -0.0047 -1.0000
vn -0.0008 -0.0008 -1.0000
vn 0.0118 -0.0449 -0.9989
vn 0.0076 0.0569 -0.9984
vn -0.0083 0.0285 -0.9996
vn -0.0255 0.0050 -0.9997
vn 0.0009 0.0228 -0.9997
vn -0.0037 -0.0103 -0.9999
vn -0.0023 -0.0006 -1.0000
vn 0.4242 -0.6746 -0.6042
vn 0.5081 -0.8610 0.0236
vn -0.5052 -0.8630 0.0033
vn -0.9997 0.0227 0.0050
vn -0.4242 0.6746 -0.6042
vn -0.7862 -0.0178 -0.6177
vn 0.5052 0.8630 0.0033
vn 0.9997 -0.0227 0.0050
vn 0.7862 0.0178 -0.6177
vn 0.9229 -0.3837 0.0308
vn 0.2011 -0.9793 0.0235
vn 0.6510 -0.7586 -0.0288
vn 0.7824 0.6220 0.0326
vn 0.9768 0.2109 -0.0373
vn -0.2012 0.9789 0.0350
vn 0.2064 0.9778 -0.0354
vn -0.9759 0.2152 0.0370
vn -0.7794 0.6257 -0.0330
vn -0.6542 -0.7558 0.0286
vn -0.9249 -0.3791 -0.0310
vn -0.2059 -0.9783 -0.0237
vn 0.1112 -0.5267 -0.8427
vn 0.1650 -0.5118 -0.8431
vn 0.0562 -0.5352 -0.8429
vn 0.5198 -0.1905 -0.8328
vn 0.5358 -0.1370 -0.8332
vn 0.4975 -0.2415 -0.8332
vn 0.4038 0.3921 -0.8265
vn 0.3625 0.4296 -0.8271
vn 0.4403 0.3499 -0.8269
vn -0.2081 0.5121 -0.8333
vn -0.2586 0.4883 -0.8335
vn -0.1553 0.5297 -0.8339
vn -0.5456 0.0925 -0.8329
vn -0.5514 0.0370 -0.8334
vn -0.5333 0.1468 -0.8331
vn -0.3189 -0.4404 -0.8393
vn -0.2721 -0.4707 -0.8393
vn -0.3618 -0.4048 -0.8398
vn 0.9989 -0.0093 -0.0460
vn 0.4188 0.9073 -0.0376
vn 0.7805 0.6226 0.0562
vn 0.4834 -0.8750 -0.0270
vn 0.8149 -0.5773 0.0526
vn -0.9954 -0.0956 0.0016
vn -0.4221 -0.9065 -0.0045
vn -0.2776 -0.9603 0.0281
vn -0.9990 -0.0428 0.0158
vn -0.3792 0.9246 0.0363
vn 0.0332 -0.5364 -0.8433
vn 0.0054 -0.5371 -0.8435
vn 0.4569 -0.3097 -0.8339
vn -0.0534 0.5426 -0.8383
vn 0.2231 0.9157 0.3344
vn 0.0067 1.0000 -0.0046
vn -0.0016 1.0000 -0.0029
vn 0.0005 1.0000 -0.0047
vn 0.4551 0.8487 -0.2694
vn 0.0065 1.0000 -0.0039
vn 0.0005 1.0000 0.0002
vn 0.0013 1.0000 -0.0000
vn 0.0076 1.0000 0.0028
vn 0.0031 1.0000 -0.0004
vn 0.0051 1.0000 0.0048
vn -0.0027 1.0000 0.0004
vn -0.0011 1.0000 0.0004
vn -0.0000 1.0000 0.0003
vn 0.0017 1.0000 0.0012
vn 0.0024 1.0000 0.0035
vn 0.0011 1.0000 0.0014
vn -0.0002 1.0000 0.0068
vn -0.0027 1.0000 0.0039
vn -0.0016 1.0000 0.0017
vn -0.0014 1.0000 0.0009
vn 0.0042 1.0000 0.0009
vn -0.0007 1.0000 -0.0006
vn -0.0070 1.0000 0.0023
vn -0.0075 1.0000 0.0039
vn -0.0029 1.0000 0.0002
vn -0.0029 1.0000 0.0008
vn 0.0003 0.9999 -0.0151
vn -0.0055 1.0000 -0.0048
vn -0.0072 1.0000 0.0014
vn -0.0029 1.0000 -0.0049
vn 0.0008 1.0000 -0.0003
vn -0.2582 -0.0772 -0.9630
vn -0.9409 -0.1120 0.3195
vn -0.7212 0.0685 -0.6893
vn 0.4663 0.0534 -0.8830
vn -0.7549 0.0113 0.6557
vn 0.2964 0.0118 0.9550
vn 0.9978 0.0507 0.0422
vn -0.6668 -0.0492 -0.7436
vn -0.9315 -0.0168 0.3633
vn -0.9956 0.0657 0.0668
vn 0.5328 -0.0425 -0.8452
vn -0.0121 0.0849 -0.9963
vn 0.9738 -0.0155 0.2268
vn 0.9984 0.0512 0.0253
vn 0.0147 -0.0072 0.9999
vn 0.0234 0.0318 0.9992
vn 0.4473 -0.0881 -0.8901
vn -0.8822 -0.0970 -0.4608
vn -0.2262 0.1031 -0.9686
vn 0.9130 -0.0927 0.3973
vn 0.9738 0.0954 -0.2063
vn -0.4397 -0.1054 0.8919
vn 0.2332 0.0865 0.9686
vn -0.9579 0.0962 0.2705
vn 0.8343 -0.1520 -0.5299
vn -0.8830 -0.1384 -0.4485
vn 0.1514 0.0629 -0.9865
vn 0.0571 -0.1174 0.9914
vn 0.9961 0.0422 0.0773
vn -0.9952 0.0318 -0.0928
vn -0.0328 0.0135 0.9994
vn 0.4596 -0.0117 -0.8880
vn -0.8810 -0.0444 -0.4710
vn 0.2942 0.0054 -0.9557
vn 0.9262 -0.0298 0.3759
vn -0.4505 -0.0698 0.8901
vn -0.1249 0.0654 0.9900
vn -0.9714 0.0704 -0.2269
vn 0.9919 0.0102 0.1267
vn -0.2060 -0.0476 -0.9774
vn -0.9944 -0.0556 -0.0899
vn -0.8548 0.0495 -0.5166
vn 0.8336 -0.0494 -0.5501
vn 0.1295 0.0452 -0.9906
vn -0.4133 -0.0571 0.9088
vn 0.7628 -0.0583 0.6440
vn 0.3652 0.0631 0.9288
vn -0.7572 0.0538 0.6510
vn 0.9823 0.0645 -0.1759
vn 0.0727 -0.0242 -0.9971
vn -0.9941 -0.0085 -0.1078
vn -0.9805 0.0157 0.1959
vn 0.9945 -0.0701 0.0782
vn 0.9017 0.0647 -0.4275
vn -0.0433 -0.0597 0.9973
vn 0.4027 0.0915 0.9108
vn -0.3167 -0.0028 -0.9485
vn 0.0620 -0.0959 -0.9935
vn -0.4140 -0.8004 -0.4334
vn 0.0275 -0.1067 -0.9939
vn 0.5153 -0.7763 -0.3632
vn -0.8203 -0.0074 -0.5719
vn -0.7107 -0.0363 -0.7026
vn -0.8267 -0.0148 -0.5625
vn -0.2199 -0.0062 -0.9755
vn 0.1035 0.0100 -0.9946
vn 0.7107 0.0363 -0.7026
vn -0.1035 -0.0100 -0.9946
vn 0.8267 0.0148 -0.5625
vn 0.6876 0.0279 -0.7255
vn 0.0435 -0.0642 -0.9970
vn 0.7283 -0.6450 0.2317
vn 0.7160 -0.6532 -0.2462
vn 0.8818 -0.0157 -0.4713
vn 0.9806 -0.0432 0.1913
vn 0.9298 0.0238 0.3673
vn 0.8801 0.0495 0.4721
vn 0.5471 -0.5965 -0.5873
vn 0.0080 -0.6634 -0.7483
vn 0.2502 -0.0602 -0.9663
vn 0.9083 -0.0798 -0.4107
vn 0.1370 0.0730 -0.9879
vn 0.8988 0.1042 -0.4257
vn 0.5141 0.0219 -0.8574
vn -0.6406 -0.6432 -0.4194
vn -0.7648 -0.6148 0.1927
vn -0.9772 0.0020 0.2123
vn -0.5083 -0.0000 -0.8612
vn -0.6843 -0.0049 -0.7291
vn -0.6800 -0.0017 -0.7332
vn -0.3073 0.0005 -0.9516
vn 0.5083 -0.0000 -0.8612
vn 0.3109 -0.0067 -0.9504
vn 0.3139 -0.0008 -0.9495
vn 0.6850 -0.0031 -0.7286
vn 0.9277 -0.0018 -0.3734
vn 0.9642 0.0078 0.2650
vn 0.7686 -0.6175 0.1668
vn 0.8184 -0.0045 -0.5746
vn 0.6802 -0.0021 -0.7330
vn 0.1050 -0.0040 -0.9945
vn -0.1065 -0.0060 -0.9943
vn -0.3126 -0.0024 -0.9499
vn -0.8191 -0.0052 -0.5736
vn -0.8678 -0.0246 -0.4963
vn -0.7400 -0.6368 -0.2167
vn -0.9264 -0.0023 -0.3766
vn -0.8672 -0.0675 -0.4934
vn -0.4973 -0.0037 0.8676
vn -0.4885 -0.0464 0.8713
vn -0.4794 0.0060 0.8776
vn -0.7559 -0.0223 0.6543
vn -0.9585 0.0309 0.2834
vn -0.9585 -0.0309 -0.2834
vn -0.7559 0.0223 -0.6543
vn -0.4794 -0.0060 -0.8776
vn -0.4272 -0.6420 -0.6366
vn -0.4931 0.0463 -0.8687
vn -0.9728 -0.0015 -0.2316
vn -0.7706 -0.6164 -0.1620
vn 0.5393 -0.0039 0.8421
vn 0.3932 -0.6354 0.6646
vn 0.8304 -0.0161 0.5569
vn 0.8946 0.0039 0.4468
vn 0.3885 0.0013 0.9214
vn 0.8946 -0.0039 -0.4468
vn 0.8304 0.0161 -0.5569
vn 0.3885 -0.0013 -0.9214
vn 0.4014 -0.6674 -0.6273
vn 0.4712 -0.0008 -0.8820
vn 0.9774 -0.0027 -0.2112
vn 0.7648 -0.6101 -0.2072
vn -0.7025 -0.6535 0.2819
vn -0.8801 -0.0495 0.4721
vn -0.9806 0.0432 0.1913
vn -0.9520 0.0043 0.3059
vn -0.1198 -0.7988 -0.5895
vn -0.1326 -0.0885 -0.9872
vn -0.5103 -0.0251 -0.8596
vn -0.8988 -0.1038 -0.4260
vn -0.2472 -0.6327 -0.7339
vn 0.0041 -0.9993 0.0372
vn -0.0049 -0.9990 0.0454
vn -0.0118 -0.9993 0.0356
vn -0.0191 -0.9993 0.0323
vn -0.0255 -0.9993 0.0274
vn -0.0308 -0.9993 0.0213
vn 0.0256 -0.9993 0.0273
vn 0.0192 -0.9993 0.0321
vn 0.0119 -0.9993 0.0355
vn 0.0290 -0.9994 0.0164
vn 0.0308 -0.9993 0.0212
vn -0.0298 -0.9994 0.0165
vn -0.0170 -0.9999 -0.0022
vn 0.0096 -1.0000 -0.0023
vn 0.0321 -0.9994 -0.0142
vn -0.0119 -0.9993 -0.0355
vn -0.0047 -0.9990 -0.0454
vn 0.0191 -0.9993 -0.0323
vn 0.0118 -0.9993 -0.0356
vn 0.0255 -0.9993 -0.0274
vn 0.0308 -0.9993 -0.0213
vn 0.0298 -0.9994 -0.0165
vn -0.0256 -0.9993 -0.0273
vn -0.0192 -0.9993 -0.0321
vn 0.0039 -0.9993 -0.0374
vn -0.0308 -0.9993 -0.0212
vn 0.0172 -0.9999 0.0020
vn -0.0290 -0.9994 -0.0164
vn -0.0093 -1.0000 -0.0007
vn -0.0006 -1.0000 -0.0016
vn -0.0009 -1.0000 -0.0016
vn -0.0082 -1.0000 0.0003
vn -0.0209 -0.9998 0.0041
vn 0.0071 -0.9999 -0.0083
vn 0.0030 -1.0000 -0.0022
vn 0.0066 -1.0000 0.0008
vn 0.0070 -1.0000 0.0031
vn 0.0109 -0.9999 0.0040
vn -0.0000 -1.0000 0.0019
vn -0.0011 -1.0000 -0.0008
vn -0.0003 -1.0000 0.0012
vn -0.0167 -0.9998 0.0143
vn -0.0006 -1.0000 -0.0007
vn -0.0015 -1.0000 0.0010
vn -0.0020 -1.0000 0.0006
vn 0.0014 -1.0000 0.0003
vn 0.0009 -1.0000 0.0036
vn -0.0006 -1.0000 0.0013
vn 0.0028 -1.0000 0.0029
vn 0.6318 -0.7088 -0.3136
vn 0.5653 -0.7238 0.3957
vn 0.6522 -0.7278 -0.2122
vn -0.0516 -0.7179 0.6942
vn 0.3859 -0.6926 0.6094
vn -0.6080 -0.7429 0.2801
vn -0.4056 -0.6540 0.6385
vn -0.5528 -0.7108 -0.4350
vn -0.7381 -0.6565 -0.1560
vn 0.0186 -0.7219 -0.6918
vn 0.0036 -0.7388 -0.6739
vn 0.1035 -0.0027 -0.9946
vn -0.8749 -0.0022 -0.4843
vn -0.9634 0.0278 -0.2667
vn 0.9832 -0.0195 -0.1815
vn 0.9503 0.0400 -0.3088
vn 0.7666 -0.0012 0.6421
vn -0.0400 -0.0408 0.9984
vn 0.5917 0.0607 0.8039
vn -0.8448 -0.0340 0.5340
vn -0.5082 0.0754 0.8579
vn -0.0839 0.0114 -0.9964
vn 0.4181 -0.8192 -0.3927
vn 0.3772 -0.8199 -0.4307
vn 0.4539 -0.8194 -0.3501
vn -0.2987 -0.8198 -0.4886
vn -0.3444 -0.8200 -0.4571
vn -0.2491 -0.8205 -0.5145
vn -0.5425 -0.8383 0.0534
vn -0.5339 -0.8386 0.1086
vn -0.5446 -0.8387 -0.0022
vn -0.2764 -0.8381 0.4703
vn -0.2267 -0.8385 0.4956
vn -0.3227 -0.8383 0.4394
vn 0.2288 -0.8433 0.4863
vn 0.2778 -0.8434 0.4599
vn 0.1769 -0.8436 0.5069
vn 0.5114 -0.8418 0.1725
vn 0.5259 -0.8422 0.1186
vn 0.4907 -0.8420 0.2242
vn 0.6464 -0.7198 0.2530
vn -0.0396 -0.6878 0.7249
vn 0.4127 -0.5262 0.7435
vn -0.6411 -0.7188 0.2689
vn -0.4135 -0.6479 0.6397
vn -0.3553 -0.7540 -0.5525
vn -0.8863 -0.4085 -0.2182
vn 0.5015 -0.6679 -0.5499
vn 0.0470 -0.5586 -0.8281
vn 0.7295 -0.6829 -0.0378
vn 0.5549 -0.7115 -0.4310
vn -0.0839 -0.0101 -0.9964
vn -0.9805 0.0014 -0.1964
vn -0.9733 0.0129 -0.2294
vn 0.9332 -0.0627 -0.3540
vn -0.0875 -0.0315 -0.9957
vn 0.5250 -0.0501 0.8496
vn 0.9865 0.0226 0.1624
vn -0.5674 -0.0066 0.8234
vn -0.5261 0.0067 0.8504
vn 0.4530 0.0215 0.8912
vn 0.6934 -0.0208 -0.7202
vn 0.2927 -0.8196 -0.4926
vn 0.2432 -0.8199 -0.5183
vn 0.3386 -0.8202 -0.4610
vn -0.3699 -0.8194 -0.4379
vn -0.4099 -0.8202 -0.3992
vn -0.3253 -0.8197 -0.4714
vn -0.5041 -0.8276 0.2469
vn -0.4768 -0.8277 0.2959
vn -0.5250 -0.8283 0.1957
vn -0.0330 -0.8330 0.5524
vn 0.0228 -0.8335 0.5521
vn -0.0883 -0.8331 0.5460
vn 0.5481 -0.8101 0.2079
vn 0.5645 -0.8108 0.1546
vn 0.5253 -0.8106 0.2587
vn 0.7523 -0.0975 0.6515
vn 0.5083 -0.0072 0.8611
vn -0.6643 -0.0588 0.7451
vn -0.3183 -0.0105 0.9479
vn -0.9288 -0.0059 0.3706
vn -0.8669 -0.0477 0.4963
vn -0.5093 -0.6278 0.5886
vn -0.8109 -0.0077 0.5852
vn -0.8191 -0.0002 0.5737
vn -0.7916 -0.0637 0.6078
vn -0.6789 -0.0055 0.7342
vn -0.5018 -0.0139 0.8649
vn -0.1311 -0.0259 0.9910
vn -0.2749 -0.0300 0.9610
vn 0.3130 -0.0018 0.9498
vn 0.1300 -0.0239 0.9912
vn -0.0060 -0.0126 0.9999
vn 0.2695 -0.0266 0.9626
vn 0.6849 -0.0167 0.7284
vn 0.8090 -0.0319 0.5869
vn 0.8078 -0.0003 0.5894
vn 0.8145 -0.0086 0.5802
vn 0.8414 0.0099 0.5403
vn 0.9284 -0.0067 0.3715
vn 0.5478 -0.6417 0.5368
vn 0.9936 -0.0017 -0.1133
vn 0.9931 -0.0453 -0.1083
vn 0.9893 -0.0014 -0.1461
vn 0.9812 0.0290 -0.1909
vn 0.1767 -0.2326 0.9564
vn 0.1625 -0.0731 0.9840
vn 0.7152 -0.0781 0.6945
vn 0.8020 0.0068 0.5973
vn -0.0000 -1.0000 0.0001
vn 0.8340 -0.5503 0.0404
vn 0.9818 -0.1693 0.0857
vn 0.9842 -0.0186 -0.1763
vn 0.4151 -0.5350 0.7358
vn 0.8561 -0.0575 0.5135
vn 0.3363 -0.1419 0.9310
vn 0.0606 -0.0105 0.9981
vn 0.8291 0.0304 0.5583
vn 0.1100 -0.5426 0.8328
vn -0.9994 -0.0079 0.0345
vn -0.9903 -0.0160 -0.1378
vn -0.9842 0.0107 -0.1768
vn -0.9931 0.0453 -0.1083
vn -0.0457 -0.7295 0.6824
vn -0.1186 -0.2539 0.9599
vn -0.3363 0.1419 0.9310
vn -0.8094 -0.0778 0.5821
vn -0.9945 0.0151 0.1040
vn -0.6638 -0.7473 -0.0303
vn -0.3336 -0.0167 0.9426
vn -0.1981 -0.0463 0.9791
vn -0.1662 0.0160 0.9860
vn -0.7793 -0.5933 0.2019
vn -0.5742 -0.0551 0.8168
vn -0.9997 0.0211 0.0153
vn -0.8020 -0.0068 0.5973
vn -0.7417 0.0117 0.6706
vn 0.0016 -0.9183 0.3959
vn 0.1845 -0.7431 0.6433
vn -0.1054 -0.9075 0.4067
vn 0.0072 -1.0000 -0.0018
vn -0.1292 -0.7387 0.6615
vn -0.0129 -0.9999 0.0096
vn 0.0025 -1.0000 0.0009
vn -0.0056 -1.0000 -0.0016
vn 0.0010 -1.0000 -0.0026
vn -0.3135 -0.7547 -0.5764
vn -0.0023 -0.9998 -0.0193
vn 0.1331 -0.9582 -0.2532
vn 0.1352 -0.6935 -0.7076
vn 0.4588 -0.7077 -0.5373
vn -0.0193 -0.9996 0.0188
vn -0.4648 -0.7358 0.4924
vn 0.1048 -0.9723 0.2089
vn 0.2214 -0.9594 0.1750
vn 0.0028 -1.0000 0.0031
vn 0.0029 -1.0000 -0.0013
vn 0.2103 -0.9661 -0.1501
vn -0.3504 -0.7459 0.5665
vn 0.0157 -0.9998 0.0106
vn -0.0329 -0.9195 -0.3918
vn -0.0220 -0.9651 -0.2611
vn 0.0151 -0.9999 0.0060
vn 0.0063 -1.0000 -0.0003
vn 0.0073 -1.0000 -0.0010
vn -0.0050 -1.0000 -0.0001
vn -0.2462 -0.9692 -0.0010
vn -0.6154 -0.7451 0.2570
vn -0.0132 -0.9998 0.0150
vn -0.5419 -0.7457 0.3877
vn -0.4692 -0.7377 0.4854
vn 0.2467 -0.9686 -0.0290
vn -0.0136 -0.9998 -0.0146
vn -0.1489 -0.9764 -0.1566
vn -0.5706 -0.7546 -0.3239
vn -0.0123 -0.9990 -0.0426
vn 0.6593 -0.7033 0.2658
vn -0.0185 -0.9997 0.0132
vn 0.0022 -1.0000 0.0061
vn -0.0132 -0.9999 0.0030
vn 0.2441 -0.9685 0.0489
vn -0.6542 -0.7540 -0.0585
vn -0.6296 -0.7559 -0.1795
vn 0.0208 -0.5537 0.8325
vn -0.9618 -0.2716 -0.0337
vn -0.9465 -0.2378 0.2180
vn 0.3753 -0.2571 0.8906
vn 0.5634 -0.2563 0.7855
vn 0.6482 -0.2744 0.7103
vn 0.8040 -0.2444 0.5421
vn 0.9223 -0.2732 0.2734
vn 0.9640 -0.2586 0.0624
vn 0.9589 -0.2818 -0.0349
vn 0.9209 -0.2547 -0.2950
vn 0.8816 -0.2630 -0.3921
vn 0.7659 -0.2467 -0.5937
vn 0.5423 -0.2340 -0.8070
vn 0.3727 -0.2713 -0.8874
vn -0.0888 -0.4136 -0.9061
vn -0.3386 -0.2416 -0.9094
vn -0.5995 -0.2290 -0.7669
vn -0.7239 -0.2978 -0.6224
vn 0.0782 -0.4834 0.8719
vn -0.0073 -0.4860 -0.8739
vn 0.1318 -0.9528 0.2737
vn -0.1630 -0.8802 0.4458
vn 0.1198 -0.8586 -0.4984
vn -0.0129 -0.9477 -0.3189
vn -0.2608 -0.8663 -0.4261
vn -0.0927 -0.9862 0.1370
vn -0.2055 -0.8724 0.4434
vn -0.1469 -0.7537 0.6406
vn -0.0688 -0.4860 0.8712
vn 0.3108 -0.0624 0.9484
vn 0.8106 -0.0401 -0.5842
vn 0.5734 -0.0196 -0.8190
vn 0.9556 -0.0184 -0.2942
vn 0.9944 -0.0249 0.1028
vn 0.8600 -0.0271 0.5095
vn 0.5852 -0.0162 0.8108
vn 0.3353 -0.1538 -0.9295
vn -0.0012 -0.4242 -0.9056
vn -0.1644 -0.9043 -0.3940
vn -0.0462 -0.9972 -0.0591
vn -0.1408 -0.6904 -0.7096
vn 0.1091 -0.9851 -0.1333
vn 0.2506 -0.6933 -0.6757
vn 0.1280 -0.8968 -0.4236
vn -0.1729 -0.1743 -0.9694
vn -0.6026 -0.0461 0.7967
vn -0.8633 -0.0552 0.5017
vn -0.9940 -0.0070 0.1092
vn -0.9777 -0.0477 -0.2046
vn -0.8585 -0.0421 -0.5110
vn -0.6091 -0.0244 -0.7927
vn -0.2978 -0.2184 0.9293
vn 0.1596 -0.8948 0.4170
vn 0.1647 -0.6910 0.7038
vn 0.1419 -0.9894 0.0299
vn -0.0000 -1.0000 0.0002
vn 0.0003 -1.0000 0.0002
vn -0.0002 -1.0000 0.0002
vn -0.0004 -1.0000 0.0001
vn -0.0003 -1.0000 -0.0000
vn 0.0001 -1.0000 -0.0001
vn 0.0002 -1.0000 0.0001
vn -0.0031 -1.0000 0.0008
vn 0.0004 -1.0000 -0.0012
vn 0.0003 -1.0000 -0.0005
vn 0.0032 -1.0000 -0.0007
vn 0.0007 -1.0000 0.0006
vn -0.0057 1.0000 0.0063
vn 0.0058 1.0000 0.0054
vn 0.5421 0.7297 0.4167
vn 0.5051 0.6885 0.5204
vn 0.0323 0.9981 0.0533
vn 0.0360 0.9987 0.0371
vn -0.0001 1.0000 0.0085
vn 0.0058 0.9998 0.0186
vn 0.0001 1.0000 -0.0000
vn 0.5078 0.7460 -0.4308
vn 0.0360 0.9987 -0.0371
vn 0.0323 0.9981 -0.0533
vn -0.0050 1.0000 -0.0048
vn -0.0406 0.9985 -0.0368
vn -0.0057 1.0000 0.0054
vn -0.4277 0.7240 0.5412
vn -0.0451 0.9982 0.0407
vn -0.5137 0.6893 0.5108
vn -0.0459 0.9985 0.0313
vn -0.5099 0.7404 0.4380
vn -0.0421 0.9976 0.0555
vn 0.5070 0.6884 -0.5186
vn 0.0058 0.9998 -0.0186
vn -0.0437 0.9974 -0.0570
vn -0.0059 1.0000 -0.0066
vn -0.5161 0.6897 -0.5079
vn -0.0418 0.9987 -0.0305
vn -0.4381 0.7422 -0.5072
vn -0.0001 1.0000 -0.0085
vn 0.0058 1.0000 -0.0054
vn -0.5524 0.7212 -0.4181
vn -0.9766 -0.0000 -0.2150
vn -0.9076 -0.0000 -0.4199
vn -0.7961 -0.0000 -0.6052
vn -0.6474 -0.0000 -0.7622
vn -0.4684 -0.0000 -0.8835
vn -0.2675 -0.0000 -0.9635
vn -0.0541 -0.0000 -0.9985
vn 0.1618 -0.0000 -0.9868
vn 0.3701 -0.0000 -0.9290
vn 0.5612 -0.0000 -0.8277
vn 0.7260 -0.0000 -0.6877
vn 0.8569 -0.0000 -0.5156
vn 0.9477 -0.0000 -0.3193
vn 0.9941 -0.0000 -0.1081
vn 0.9941 -0.0000 0.1081
vn 0.9477 -0.0000 0.3193
vn 0.8569 -0.0000 0.5156
vn 0.7260 -0.0000 0.6877
vn 0.5612 -0.0000 0.8277
vn 0.3701 -0.0000 0.9290
vn 0.1618 -0.0000 0.9868
vn -0.0541 -0.0000 0.9985
vn -0.2675 -0.0000 0.9635
vn -0.4684 -0.0000 0.8835
vn -0.6474 -0.0000 0.7622
vn -0.7961 -0.0000 0.6052
vn -0.9076 -0.0000 0.4199
vn -0.9766 -0.0000 0.2150
vn -0.0181 -0.9996 -0.0216
vn -0.0215 -0.9996 -0.0161
vn -0.5692 -0.5897 -0.5730
vn -0.0014 -0.9996 -0.0290
vn -0.0419 -0.9820 -0.1841
vn 0.0775 -0.5852 -0.8072
vn 0.0259 -0.9996 -0.0089
vn 0.0244 -0.9996 -0.0147
vn 0.7562 -0.5479 -0.3578
vn -0.6881 -0.5490 -0.4744
vn -0.4689 -0.5320 -0.7051
vn -0.1203 -0.9835 -0.1350
vn -0.0114 -0.9997 -0.0229
vn -0.3018 -0.5686 -0.7652
vn 0.0038 -0.9996 -0.0267
vn 0.0103 -0.9996 -0.0262
vn 0.2121 -0.5887 -0.7800
vn 0.1475 -0.9799 -0.1346
vn 0.7896 -0.5797 -0.2013
vn 0.8133 -0.5773 -0.0724
vn 0.0267 -0.9996 0.0035
vn 0.0269 -0.9996 -0.0034
vn 0.1977 -0.9799 -0.0276
vn -0.0076 -0.9996 -0.0256
vn -0.1179 -0.5541 -0.8241
vn 0.3728 -0.5499 -0.7474
vn 0.0198 -0.9996 -0.0187
vn 0.0154 -0.9997 -0.0214
vn 0.5280 -0.5295 -0.6639
vn 0.8155 -0.5655 0.1231
vn 0.0259 -0.9996 0.0090
vn 0.7735 -0.5497 0.3156
vn 0.1696 -0.9844 0.0458
vn 0.0197 -0.9996 0.0187
vn 0.5703 -0.5793 0.5824
vn 0.4682 -0.5782 0.6682
vn 0.0568 -0.9835 -0.1718
vn 0.6605 -0.5486 -0.5127
vn 0.0244 -0.9996 0.0145
vn 0.6881 -0.5480 0.4756
vn 0.0155 -0.9996 0.0217
vn -0.0259 -0.9996 -0.0124
vn -0.0266 -0.9996 -0.0054
vn -0.7718 -0.5552 -0.3100
vn 0.1208 -0.9831 0.1378
vn 0.0102 -0.9996 0.0262
vn 0.3315 -0.5180 0.7886
vn 0.1775 -0.5514 0.8152
vn -0.0013 -0.9996 0.0289
vn 0.0038 -0.9996 0.0269
vn 0.0433 -0.9805 0.1917
vn -0.0262 -0.9997 0.0001
vn -0.1906 -0.9812 0.0291
vn -0.8137 -0.5687 -0.1205
vn -0.0181 -0.9996 0.0215
vn -0.5174 -0.5174 0.6816
vn -0.6168 -0.5522 0.5609
vn -0.6722 -0.6553 -0.3447
vn -0.0765 -0.5620 0.8236
vn -0.0114 -0.9997 0.0232
vn -0.0076 -0.9996 0.0256
vn -0.3779 -0.5460 0.7477
vn -0.0769 -0.9796 0.1857
vn -0.0223 -0.9996 0.0163
vn -0.0257 -0.9996 0.0124
vn -0.7496 -0.5404 0.3823
vn -0.7557 -0.5955 0.2725
vn -0.1419 -0.5944 0.7916
vn -0.1284 -0.9837 0.1260
vn -0.0266 -0.9996 0.0054
vn -0.8366 -0.5458 0.0468
vn -0.9457 0.2537 0.2032
vn -0.8879 0.2491 0.3868
vn -0.6491 0.2574 0.7158
vn -0.2969 0.2537 0.9206
vn -0.1090 0.2491 0.9623
vn 0.2953 0.2574 0.9201
vn 0.6486 0.2541 0.7175
vn 0.7791 0.2488 0.5754
vn 0.9446 0.2573 0.2039
vn 0.9456 0.2541 -0.2030
vn 0.8879 0.2487 -0.3871
vn 0.6489 0.2573 -0.7161
vn 0.2967 0.2542 -0.9205
vn 0.1089 0.2485 -0.9625
vn -0.2955 0.2569 -0.9201
vn -0.6489 0.2541 -0.7172
vn -0.8017 0.1122 -0.5872
vn -0.9446 0.2569 -0.2041
vn -0.9802 -0.0222 -0.1966
vn -0.9992 0.0360 -0.0177
vn -0.7216 -0.6923 -0.0018
vn -0.7056 -0.6971 -0.1273
vn -0.6489 -0.7111 -0.2708
vn -0.6854 -0.0398 -0.7271
vn -0.5140 -0.7713 -0.3754
vn -0.4841 0.0381 -0.8742
vn -0.4590 -0.7528 -0.4718
vn -0.3203 -0.0219 -0.9471
vn -0.3292 -0.7288 -0.6004
vn -0.0649 0.0493 -0.9967
vn -0.2333 -0.7101 -0.6643
vn 0.1100 -0.0140 -0.9938
vn -0.0808 -0.6798 -0.7289
vn 0.2870 -0.0398 -0.9571
vn 0.0699 -0.7057 -0.7050
vn 0.5150 0.0381 -0.8563
vn 0.2033 -0.7096 -0.6746
vn 0.6600 -0.0219 -0.7509
vn 0.3664 -0.6800 -0.6351
vn 0.8306 0.0492 -0.5547
vn 0.4331 -0.7361 -0.5202
vn 0.9157 -0.0141 -0.4017
vn 0.5846 -0.6990 -0.4118
vn 0.9724 -0.0398 -0.2300
vn 0.6448 -0.7050 -0.2955
vn 0.9992 0.0359 0.0177
vn 0.6969 -0.6997 -0.1575
vn 0.9802 -0.0222 0.1966
vn 0.7216 -0.6923 0.0018
vn 0.8957 0.0492 0.4420
vn 0.7056 -0.6971 0.1273
vn 0.8057 -0.0141 0.5922
vn 0.6699 -0.6801 0.2977
vn 0.6854 -0.0398 0.7271
vn 0.5711 -0.7200 0.3942
vn 0.4841 0.0381 0.8742
vn 0.4608 -0.7528 0.4701
vn 0.3203 -0.0219 0.9471
vn 0.3257 -0.7339 0.5961
vn 0.0651 0.0491 0.9967
vn 0.2333 -0.7101 0.6643
vn -0.1100 -0.0141 0.9938
vn 0.0808 -0.6799 0.7289
vn -0.2870 -0.0398 0.9571
vn -0.0699 -0.7057 0.7050
vn -0.5150 0.0381 0.8563
vn -0.2033 -0.7096 0.6746
vn -0.6600 -0.0219 0.7509
vn -0.3664 -0.6800 0.6351
vn -0.8306 0.0492 0.5547
vn -0.4331 -0.7361 0.5202
vn -0.9157 -0.0141 0.4017
vn -0.5315 -0.7473 0.3988
vn -0.9724 -0.0398 0.2301
vn -0.6195 -0.7381 0.2672
vn -0.6969 -0.6997 0.1575
vn -0.4998 -0.6985 -0.5122
vn -0.5098 -0.7476 -0.4257
vn 0.0189 -0.9970 0.0752
vn 0.0739 -0.9966 -0.0374
vn 0.0790 -0.9966 -0.0239
vn 0.0760 -0.9971 0.0010
vn 0.0787 -0.9966 0.0235
vn 0.0003 -0.9961 0.0885
vn 0.4315 -0.7259 0.5355
vn 0.5053 -0.6980 0.5074
vn 0.0240 -0.9963 -0.0827
vn 0.0424 -0.9968 -0.0676
vn -0.0018 -1.0000 -0.0006
vn 0.0767 -0.9963 0.0386
vn -0.0240 -0.9963 0.0827
vn -0.0424 -0.9968 0.0676
vn 0.5061 -0.7457 0.4334
vn -0.0195 -0.9969 -0.0761
vn 0.5105 -0.6979 -0.5023
vn 0.4351 -0.7445 -0.5064
vn -0.0760 -0.9971 -0.0010
vn -0.0724 -0.9972 -0.0181
vn -0.0003 -0.9961 -0.0885
vn -0.0725 -0.9972 0.0187
vn 0.4261 -0.8777 0.2194
vn 0.5981 -0.3714 0.7102
vn 0.3706 -0.9130 0.1703
vn 0.7353 -0.6508 0.1893
vn 0.1707 -0.9128 0.3711
vn 0.1885 -0.6590 0.7281
vn 0.6335 -0.4414 0.6354
vn 0.2196 -0.8781 0.4250
vn 0.0004 -0.8802 0.4747
vn 0.0498 -0.9062 0.4199
vn 0.0372 -0.8752 0.4823
vn -0.0502 -0.9055 0.4213
vn -0.1890 -0.6543 0.7322
vn -0.0331 -0.8852 0.4639
vn -0.1746 -0.8967 0.4068
vn -0.2630 -0.8771 0.4019
vn -0.2179 -0.8717 0.4389
vn -0.2636 -0.8754 0.4051
vn -0.7036 -0.0918 0.7047
vn -0.6167 -0.5737 0.5391
vn -0.4038 -0.8762 0.2629
vn -0.5535 -0.5851 0.5927
vn -0.4052 -0.8754 0.2635
vn -0.4067 -0.8968 0.1745
vn -0.7354 -0.6506 0.1895
vn -0.4388 -0.8718 0.2179
vn -0.4747 -0.8802 -0.0001
vn -0.4228 -0.9048 0.0503
vn -0.4819 -0.8756 0.0323
vn -0.4197 -0.9063 -0.0500
vn -0.7289 -0.6581 -0.1887
vn -0.4603 -0.8869 -0.0389
vn -0.4069 -0.8966 -0.1748
vn -0.4019 -0.8771 -0.2630
vn -0.4395 -0.8712 -0.2188
vn -0.4050 -0.8754 -0.2638
vn -0.5387 -0.5741 -0.6166
vn -0.1702 -0.9131 -0.3704
vn -0.1888 -0.6536 -0.7329
vn -0.6485 -0.4987 -0.5751
vn -0.2186 -0.8784 -0.4251
vn -0.0001 -0.8801 -0.4748
vn -0.0503 -0.9044 -0.4238
vn -0.0321 -0.8755 -0.4822
vn 0.0502 -0.9055 -0.4213
vn 0.1890 -0.6543 -0.7322
vn 0.0330 -0.8852 -0.4641
vn 0.1746 -0.8967 -0.4068
vn 0.2630 -0.8771 -0.4019
vn 0.2179 -0.8717 -0.4389
vn 0.2636 -0.8754 -0.4051
vn 0.6168 -0.5736 -0.5390
vn 0.3708 -0.9129 -0.1704
vn 0.7357 -0.6503 -0.1893
vn 0.6575 -0.4419 -0.6103
vn 0.4261 -0.8777 -0.2195
vn 0.4748 -0.8801 -0.0001
vn 0.4230 -0.9047 -0.0503
vn 0.4820 -0.8756 -0.0322
vn 0.4204 -0.9059 0.0502
vn 0.4640 -0.8852 0.0331
vn 0.4748 0.8801 0.0003
vn 0.7302 0.6566 0.1889
vn 0.4210 0.9057 0.0501
vn 0.4825 0.8751 0.0370
vn 0.4213 0.9055 -0.0502
vn 0.7320 0.6545 -0.1889
vn 0.4641 0.8852 -0.0330
vn 0.4068 0.8967 -0.1746
vn 0.4019 0.8771 -0.2629
vn 0.4389 0.8717 -0.2180
vn 0.4051 0.8754 -0.2636
vn 0.5390 0.5735 -0.6168
vn 0.1704 0.9129 -0.3708
vn 0.1893 0.6500 -0.7359
vn 0.6078 0.4682 -0.6414
vn 0.2195 0.8777 -0.4261
vn 0.0002 0.8800 -0.4749
vn 0.0505 0.9047 -0.4230
vn 0.0323 0.8756 -0.4820
vn -0.0502 0.9060 -0.4204
vn -0.1893 0.6505 -0.7356
vn -0.0331 0.8852 -0.4640
vn -0.1700 0.9140 -0.3683
vn -0.2195 0.8778 -0.4258
vn -0.6936 0.3772 -0.6136
vn -0.3698 0.9134 -0.1702
vn -0.7327 0.6538 -0.1892
vn -0.6516 0.4414 -0.6169
vn -0.4239 0.8790 -0.2186
vn -0.4749 0.8801 0.0001
vn -0.4197 0.9063 -0.0500
vn -0.4714 0.8819 -0.0028
vn -0.4217 0.9053 0.0503
vn -0.7320 0.6546 0.1887
vn -0.4814 0.8759 0.0328
vn -0.3712 0.9127 0.1706
vn -0.4261 0.8776 0.2196
vn -0.5645 0.3961 0.7242
vn -0.1701 0.9140 0.3684
vn -0.1893 0.6498 0.7361
vn -0.6086 0.4694 0.6397
vn -0.2196 0.8781 0.4252
vn -0.0002 0.8800 0.4749
vn -0.0505 0.9047 0.4230
vn -0.0323 0.8756 0.4820
vn 0.0501 0.9060 0.4202
vn 0.1892 0.6512 0.7350
vn 0.0331 0.8852 0.4640
vn 0.1700 0.9134 0.3697
vn 0.2185 0.8784 0.4250
vn 0.6680 0.3803 0.6397
vn 0.4019 0.8771 0.2630
vn 0.5515 0.5907 0.5890
vn 0.4050 0.8754 0.2638
vn 0.4063 0.8969 0.1745
vn 0.4389 0.8717 0.2181
vn 0.7826 0.0622 -0.6194
vn 0.0619 -0.0776 -0.9951
vn 0.1432 -0.0627 -0.9877
vn 0.0385 -0.0368 -0.9986
vn 0.0476 -0.0359 -0.9982
vn -0.3931 -0.0591 -0.9176
vn 0.4054 -0.0787 -0.9107
vn 0.3937 0.0732 -0.9163
vn -0.4034 -0.0851 -0.9110
vn -0.4628 0.0229 -0.8862
vn -0.4531 -0.0258 -0.8911
vn 0.4700 -0.0180 -0.8825
vn 0.4453 0.0269 -0.8950
vn -0.1432 -0.0629 -0.9877
vn -0.0638 0.0815 -0.9946
vn -0.0399 0.0403 -0.9984
vn -0.0469 0.0411 -0.9981
vn -0.5863 0.0831 -0.8058
vn -0.9877 -0.0638 -0.1426
vn -0.9946 -0.0816 -0.0642
vn -0.9995 -0.0265 -0.0193
vn -0.9969 -0.0435 -0.0650
vn -0.9258 -0.0001 -0.3781
vn -0.9280 0.0141 -0.3722
vn -0.9279 0.0629 0.3675
vn -0.8946 -0.0816 0.4393
vn -0.8823 0.0175 0.4703
vn -0.8945 -0.0275 0.4461
vn -0.9062 -0.0011 -0.4229
vn -0.9106 0.0080 -0.4132
vn -0.9878 -0.0628 0.1428
vn -0.9946 0.0817 0.0638
vn -0.6186 0.0621 0.7832
vn -0.9995 0.0264 0.0199
vn -0.9969 0.0436 0.0657
vn -0.7826 0.0622 0.6194
vn -0.0619 -0.0776 0.9951
vn -0.1432 -0.0627 0.9877
vn -0.0385 -0.0368 0.9986
vn -0.0476 -0.0359 0.9982
vn 0.3764 -0.0361 0.9258
vn -0.3934 0.0729 0.9165
vn 0.3901 -0.0244 0.9205
vn -0.4054 -0.0787 0.9107
vn 0.4468 -0.0157 0.8945
vn 0.4414 0.0298 0.8968
vn -0.4700 -0.0181 0.8825
vn -0.4453 0.0269 0.8950
vn 0.1431 0.0629 0.9877
vn 0.0640 -0.0816 0.9946
vn 0.0238 0.0279 0.9993
vn 0.0736 0.0339 0.9967
vn 0.9911 -0.0842 0.1028
vn 0.9900 -0.0858 0.1116
vn 0.5877 -0.0809 0.8051
vn 0.9985 -0.0394 0.0389
vn 0.9981 -0.0411 0.0464
vn 0.9177 -0.0587 -0.3930
vn 0.9161 -0.0311 0.3997
vn 0.9288 0.0503 0.3670
vn 0.9120 0.0794 -0.4025
vn 0.8827 0.0180 -0.4697
vn 0.8950 -0.0269 -0.4452
vn 0.8858 0.0175 0.4638
vn 0.8936 -0.0271 0.4480
vn 0.9877 0.0629 -0.1433
vn 0.6193 -0.0620 -0.7827
vn 0.9951 0.0775 -0.0620
vn 0.9986 0.0367 -0.0385
vn 0.9982 0.0359 -0.0476
s 1
usemtl 0.603922_0.647059_0.686275_0.000000_0.003
f 2//1 3//2 1//3
f 3//2 4//4 1//3
f 4//4 5//5 1//3
f 6//6 1//3 5//5
f 9//7 6//6 5//5
f 8//8 5//5 4//4
f 8//8 4//4 3//2
f 13//9 3//2 2//1
f 12//10 2//1 1//3
f 11//11 1//3 6//6
f 6//6 9//7 10//12
f 6//6 10//12 11//11
f 1//3 11//11 12//10
f 2//1 12//10 13//9
f 13//9 7//13 3//2
f 3//2 7//13 8//8
f 5//5 8//8 9//7
f 15//14 9//7 8//8
f 16//15 8//8 7//13
f 17//16 7//13 13//9
f 18//17 13//9 12//10
f 18//17 12//10 11//11
f 20//18 11//11 10//12
f 20//18 10//12 9//7
f 9//7 14//19 20//18
f 11//11 20//18 19//20
f 11//11 19//20 18//17
f 13//9 18//17 17//16
f 7//13 17//16 16//15
f 8//8 16//15 15//14
f 9//7 15//14 14//19
f 21//21 22//22 17//16
f 23//23 14//19 15//14
f 17//16 18//17 21//21
f 23//23 24//24 20//18
f 16//15 17//16 22//22
f 22//22 25//25 16//15
f 25//25 23//23 15//14
f 19//20 20//18 24//24
f 24//24 21//21 19//20
f 20//18 14//19 23//23
f 18//17 19//20 21//21
f 15//14 16//15 25//25
f 27//26 23//27 25//28
f 28//29 25//28 22//30
f 31//31 22//30 21//32
f 32//33 21//32 24//34
f 35//35 24//34 23//27
f 23//27 26//36 35//35
f 24//34 35//35 34//37
f 24//34 34//37 33//38
f 24//34 33//38 32//33
f 21//32 32//33 31//31
f 22//30 31//31 30//39
f 22//30 30//39 29//40
f 22//30 29//40 28//29
f 25//28 28//29 27//26
f 23//27 27//26 26//36
f 36//41 37//42 34//37
f 36//41 34//37 35//35
f 37//42 33//38 34//37
f 38//43 28//29 29//40
f 36//41 35//35 26//36
f 36//41 26//36 27//26
f 29//40 39//44 38//43
f 39//44 29//40 30//39
f 27//26 38//43 36//41
f 37//42 39//44 31//31
f 31//31 32//33 37//42
f 27//26 28//29 38//43
f 30//39 31//31 39//44
f 32//33 33//38 37//42
f 40//45 41//46 36//47
f 36//47 38//48 40//45
f 38//48 42//49 40//45
f 38//48 39//50 42//49
f 39//50 43//51 42//49
f 43//51 39//50 37//52
f 37//52 36//47 41//46
f 41//46 43//51 37//52
f 44//53 41//46 40//45
f 44//54 43//51 41//46
f 44//55 42//49 43//51
f 44//56 40//45 42//49
f 47//57 48//58 46//59
f 48//58 49//60 46//59
f 49//60 45//61 46//59
f 50//62 45//61 49//60
f 53//63 50//62 49//60
f 52//64 49//60 48//58
f 56//65 48//58 47//57
f 56//65 47//57 46//59
f 55//66 46//59 45//61
f 54//67 45//61 50//62
f 50//62 53//63 54//67
f 45//61 54//67 55//66
f 46//59 55//66 56//65
f 48//58 56//65 51//68
f 48//58 51//68 52//64
f 49//60 52//64 53//63
f 58//69 53//63 52//64
f 59//70 52//64 51//68
f 60//71 51//68 56//65
f 61//72 60//71 56//65
f 62//73 56//65 55//66
f 62//73 55//66 54//67
f 57//74 54//67 53//63
f 54//67 57//74 63//75
f 54//67 63//75 62//73
f 56//65 62//73 61//72
f 51//68 60//71 59//70
f 52//64 59//70 58//69
f 53//63 58//69 57//74
f 64//76 65//77 61//72
f 65//77 67//78 60//71
f 57//74 58//69 66//79
f 60//71 61//72 65//77
f 66//79 69//80 63//75
f 61//72 62//73 64//76
f 58//69 68//81 66//79
f 63//75 57//74 66//79
f 62//73 63//75 69//80
f 69//80 64//76 62//73
f 59//70 60//71 67//78
f 58//69 59//70 68//81
f 59//70 67//78 68//81
f 70//82 66//83 68//84
f 73//85 68//84 67//86
f 74//87 67//86 65//88
f 75//89 65//88 64//90
f 76//91 64//90 69//92
f 78//93 69//92 66//83
f 66//83 70//82 78//93
f 69//92 78//93 77//94
f 69//92 77//94 76//91
f 64//90 76//91 75//89
f 65//88 75//89 74//87
f 67//86 74//87 73//85
f 68//84 73//85 72//95
f 68//84 72//95 71//96
f 68//84 71//96 70//82
f 71//96 72//95 70//82
f 80//97 79//98 70//82
f 77//94 78//93 79//98
f 79//98 78//93 70//82
f 80//97 70//82 72//95
f 73//85 81//99 80//97
f 81//99 74//87 75//89
f 73//85 74//87 81//99
f 79//98 81//99 76//91
f 72//95 73//85 80//97
f 75//89 76//91 81//99
f 76//91 77//94 79//98
f 82//100 79//101 80//102
f 83//103 82//100 80//102
f 80//102 81//104 83//103
f 81//104 84//105 83//103
f 81//104 85//106 84//105
f 85//106 81//104 79//101
f 82//100 85//106 79//101
f 86//107 85//106 82//100
f 86//108 84//105 85//106
f 86//109 83//103 84//105
f 86//110 82//100 83//103
f 2258//2650 2259//2651 2257//2652
f 2259//2651 2260//2653 2257//2652
f 2260//2653 2256//2654 2257//2652
f 2261//2655 2258//2650 2257//2652
f 2264//2656 2260//2653 2259//2651
f 2263//2657 2259//2651 2258//2650
f 2262//2658 2258//2650 2261//2655
f 2267//2659 2261//2655 2257//2652
f 2266//2660 2257//2652 2256//2654
f 2265//2661 2256//2654 2260//2653
f 2256//2654 2265//2661 2266//2660
f 2257//2652 2266//2660 2267//2659
f 2261//2655 2267//2659 2262//2658
f 2258//2650 2262//2658 2263//2657
f 2259//2651 2263//2657 2264//2656
f 2260//2653 2264//2656 2265//2661
f 2268//2662 2265//2661 2264//2656
f 2269//2663 2264//2656 2263//2657
f 2270//2664 2263//2657 2262//2658
f 2271//2665 2262//2658 2267//2659
f 2272//2666 2267//2659 2266//2660
f 2273//2667 2266//2660 2265//2661
f 2265//2661 2268//2662 2273//2667
f 2266//2660 2273//2667 2272//2666
f 2267//2659 2272//2666 2271//2665
f 2262//2658 2271//2665 2270//2664
f 2263//2657 2270//2664 2269//2663
f 2264//2656 2269//2663 2268//2662
f 2274//2668 2275//2669 2271//2665
f 2276//2670 2277//2671 2268//2662
f 2270//2664 2271//2665 2275//2669
f 2275//2669 2278//2672 2270//2664
f 2276//2670 2268//2662 2269//2663
f 2279//2673 2274//2668 2271//2665
f 2277//2671 2279//2673 2273//2667
f 2271//2665 2272//2666 2279//2673
f 2273//2667 2268//2662 2277//2671
f 2272//2666 2273//2667 2279//2673
f 2270//2664 2278//2672 2276//2670
f 2269//2663 2270//2664 2276//2670
f 2280//2674 2277//2675 2276//2676
f 2282//2677 2276//2676 2278//2678
f 2284//2679 2278//2678 2275//2680
f 2285//2681 2275//2680 2274//2682
f 2287//2683 2274//2682 2279//2684
f 2289//2685 2279//2684 2277//2675
f 2277//2675 2280//2674 2289//2685
f 2279//2684 2289//2685 2288//2686
f 2279//2684 2288//2686 2287//2683
f 2274//2682 2287//2683 2286//2687
f 2274//2682 2286//2687 2285//2681
f 2275//2680 2285//2681 2284//2679
f 2278//2678 2284//2679 2283//2688
f 2278//2678 2283//2688 2282//2677
f 2276//2676 2282//2677 2281//2689
f 2276//2676 2281//2689 2280//2674
f 2286//2687 2287//2683 2285//2681
f 2290//2690 2291//2691 2289//2685
f 2290//2690 2289//2685 2280//2674
f 2291//2691 2288//2686 2289//2685
f 2280//2674 2281//2689 2290//2690
f 2292//2692 2281//2689 2282//2677
f 2283//2688 2293//2693 2292//2692
f 2293//2693 2284//2679 2285//2681
f 2281//2689 2292//2692 2290//2690
f 2283//2688 2284//2679 2293//2693
f 2292//2692 2282//2677 2283//2688
f 2291//2691 2293//2693 2287//2683
f 2287//2683 2288//2686 2291//2691
f 2285//2681 2287//2683 2293//2693
f 2290//2694 2292//2695 2295//2696
f 2295//2696 2294//2697 2290//2694
f 2292//2695 2293//2698 2295//2696
f 2293//2698 2296//105 2295//2696
f 2293//2698 2297//2699 2296//105
f 2297//2699 2293//2698 2291//2700
f 2291//2700 2290//2694 2294//2697
f 2294//2697 2297//2699 2291//2700
f 2298//2701 2297//2699 2294//2697
f 2298//2702 2296//105 2297//2699
f 2298//2703 2295//2696 2296//105
f 2298//2704 2294//2697 2295//2696
usemtl 0.301961_0.301961_0.301961_0.000000_0.015
f 87//111 88//112 93//113
f 88//112 89//114 93//113
f 89//114 90//115 93//113
f 90//115 91//116 93//113
f 91//116 92//117 93//113
f 94//118 95//119 93//113
f 95//119 87//111 93//113
f 95//119 94//118 105//120
f 94//118 93//113 106//121
f 102//122 92//117 108//123
f 92//117 91//116 108//123
f 91//116 90//115 109//124
f 90//115 89//114 111//125
f 89//114 88//112 112//126
f 88//112 87//111 113//127
f 87//111 95//119 114//128
f 108//123 91//116 116//129
f 115//130 105//120 119//131
f 105//120 106//121 121//132
f 106//121 103//133 123//134
f 103//133 107//135 126//136
f 107//135 108//123 127//137
f 116//129 109//124 140//138
f 109//124 110//139 130//140
f 110//139 111//125 132//141
f 111//125 112//126 134//142
f 112//126 113//127 136//143
f 117//144 104//145 138//146
f 104//145 115//130 138//146
f 127//137 108//123 139//147
f 108//123 116//129 139//147
f 126//136 127//137 97//148
f 136//143 137//149 100//150
f 117//144 138//146 96//151
f 96//151 138//146 118//152
f 97//148 139//147 98//153
f 139//147 140//138 99//154
f 100//150 137//149 101//155
f 137//149 117//144 101//155
f 99//154 98//153 139//147
f 96//151 101//155 117//144
f 128//156 99//154 140//138
f 139//147 97//148 127//137
f 117//144 137//149 114//128
f 140//138 139//147 116//129
f 118//152 138//146 115//130
f 114//128 137//149 113//127
f 137//149 136//143 113//127
f 136//143 135//157 112//126
f 135//157 134//142 112//126
f 134//142 133//158 111//125
f 133//158 132//141 111//125
f 132//141 131//159 110//139
f 131//159 130//140 110//139
f 130//140 129//160 109//124
f 129//160 128//156 109//124
f 128//156 140//138 109//124
f 127//137 126//136 107//135
f 126//136 125//161 103//133
f 125//161 124//162 103//133
f 124//162 123//134 103//133
f 123//134 122//163 106//121
f 122//163 121//132 106//121
f 121//132 120//164 105//120
f 120//164 119//131 105//120
f 119//131 118//152 115//130
f 109//124 116//129 91//116
f 104//145 117//144 114//128
f 114//128 113//127 87//111
f 113//127 112//126 88//112
f 112//126 111//125 89//114
f 111//125 110//139 90//115
f 110//139 109//124 90//115
f 108//123 107//135 102//122
f 107//135 103//133 102//122
f 103//133 106//121 93//113
f 106//121 105//120 94//118
f 105//120 115//130 95//119
f 115//130 104//145 95//119
f 104//145 114//128 95//119
f 102//122 103//133 93//113
f 92//117 102//122 93//113
f 162//165 141//166 136//143
f 135//157 136//143 141//166
f 141//166 142//167 134//142
f 142//167 143//168 132//141
f 143//168 144//169 130//140
f 128//156 129//160 144//169
f 99//154 128//156 145//170
f 144//169 145//170 128//156
f 129//160 130//140 144//169
f 130//140 131//159 143//168
f 131//159 132//141 143//168
f 132//141 133//158 142//167
f 133//158 134//142 142//167
f 134//142 135//157 141//166
f 136//143 100//150 162//165
f 154//171 153//172 146//173
f 147//174 146//173 99//154
f 99//154 145//170 147//174
f 146//173 147//174 154//171
f 151//175 149//176 150//177
f 150//177 152//178 151//175
f 154//171 151//175 152//178
f 152//178 153//172 154//171
f 148//179 150//177 149//176
f 156//180 97//148 157//181
f 156//180 157//181 148//179
f 148//179 149//176 156//180
f 97//148 156//180 155//182
f 98//153 146//173 153//183
f 98//153 152//183 150//183
f 98//153 150//183 148//183
f 98//153 99//154 146//173
f 98//153 157//184 97//148
f 153//183 152//183 98//153
f 148//183 157//184 98//153
f 155//182 126//136 97//148
f 126//136 155//182 158//185
f 158//185 125//161 126//136
f 158//185 124//162 125//161
f 159//186 123//134 124//162
f 124//162 158//185 159//186
f 159//186 122//163 123//134
f 160//187 121//132 122//163
f 122//163 159//186 160//187
f 160//187 120//164 121//132
f 161//188 119//131 120//164
f 120//164 160//187 161//188
f 161//188 118//152 119//131
f 167//189 96//151 118//152
f 118//152 161//188 167//189
f 162//165 100//150 163//190
f 162//165 163//190 164//191
f 164//191 165//192 162//165
f 172//193 171//194 166//195
f 167//189 166//195 96//151
f 166//195 167//189 172//193
f 169//196 165//192 168//197
f 169//196 168//197 170//198
f 172//193 169//196 170//198
f 170//198 171//194 172//193
f 164//191 168//197 165//192
f 101//155 168//183 164//183
f 171//183 170//183 101//155
f 101//155 163//199 100//150
f 101//155 96//151 166//195
f 101//155 164//183 163//199
f 166//195 171//183 101//155
f 170//183 168//183 101//155
f 242//200 141//166 173//183
f 240//201 242//200 174//183
f 240//201 175//183 176//183
f 174//183 175//183 240//201
f 178//183 177//183 242//200
f 179//183 178//183 242//200
f 144//169 177//183 180//202
f 180//202 215//203 144//169
f 218//204 181//205 202//206
f 222//207 223//208 182//209
f 183//210 182//209 223//208
f 159//186 184//211 183//210
f 183//210 223//208 159//186
f 185//183 159//186 158//185
f 159//186 185//183 184//211
f 207//212 159//186 187//213
f 187//213 188//214 207//212
f 186//183 187//213 159//186
f 188//214 232//215 207//212
f 189//216 186//183 159//186
f 206//217 235//218 190//219
f 167//220 206//217 196//221
f 235//218 191//183 190//219
f 206//217 190//219 196//221
f 242//200 177//183 143//183
f 143//183 142//183 242//200
f 142//183 141//166 242//200
f 192//183 193//183 162//165
f 162//165 165//183 192//183
f 176//183 165//183 240//201
f 176//183 192//183 165//183
f 141//166 162//165 193//183
f 172//183 167//220 195//183
f 172//183 195//183 194//183
f 167//220 196//221 195//183
f 167//220 161//222 206//217
f 207//212 160//223 159//186
f 207//212 161//222 160//223
f 155//209 198//210 197//224
f 198//210 155//209 222//207
f 185//183 158//185 155//209
f 182//209 198//210 222//207
f 197//224 185//183 155//209
f 222//207 155//209 156//209
f 156//209 149//183 222//207
f 222//207 149//183 151//225
f 151//225 221//226 222//207
f 144//169 201//209 145//170
f 154//227 147//183 200//183
f 201//209 200//183 147//183
f 147//183 145//170 201//209
f 202//206 201//209 144//169
f 202//206 204//228 218//204
f 202//206 144//169 204//228
f 205//229 204//228 144//169
f 203//230 205//229 144//169
f 233//231 235//218 208//232
f 235//218 206//217 208//232
f 212//183 213//233 211//183
f 213//233 179//183 211//183
f 211//183 179//183 242//200
f 210//234 211//183 209//235
f 211//183 242//200 209//235
f 211//183 214//236 212//183
f 215//203 212//183 214//236
f 215//203 214//236 216//237
f 215//203 217//238 203//230
f 216//237 218//204 217//238
f 216//237 219//239 218//204
f 215//203 216//237 217//238
f 199//227 221//226 154//227
f 220//240 219//239 221//226
f 151//225 154//227 221//226
f 220//240 181//205 219//239
f 199//227 220//240 221//226
f 159//186 223//208 224//241
f 230//183 232//215 227//183
f 159//186 230//183 189//216
f 230//183 227//183 229//210
f 228//242 230//183 226//243
f 228//242 232//215 230//183
f 229//210 189//216 230//183
f 231//244 232//215 228//242
f 232//215 233//231 234//245
f 208//232 234//245 233//231
f 235//218 236//183 237//183
f 237//183 191//183 235//218
f 194//183 237//183 236//183
f 172//183 194//183 238//183
f 236//183 238//183 194//183
f 169//183 172//183 238//183
f 239//246 240//201 165//183
f 238//183 165//183 169//183
f 165//183 238//183 239//246
f 209//235 242//200 241//247
f 225//248 230//183 159//186
f 224//241 225//248 159//186
f 181//205 218//204 219//239
f 203//230 144//169 215//203
f 207//212 206//217 161//222
f 154//227 200//183 199//227
f 193//183 173//183 141//166
f 144//169 143//183 177//183
f 188//214 227//183 232//215
f 173//183 174//183 242//200
f 234//245 207//212 232//215
f 254//249 242//200 240//201
f 240//201 243//250 254//249
f 243//250 240//201 239//246
f 239//246 244//251 243//250
f 244//251 239//246 238//252
f 245//253 238//252 236//254
f 247//255 246//256 235//218
f 248//257 247//255 233//231
f 233//231 232//215 248//257
f 235//218 233//231 247//255
f 236//254 235//218 246//256
f 236//254 246//256 245//253
f 238//252 245//253 244//251
f 209//235 251//258 249//259
f 209//235 249//259 250//260
f 250//260 210//234 209//235
f 209//235 241//247 251//258
f 254//249 251//258 241//247
f 241//247 242//200 254//249
f 248//257 232//215 231//244
f 231//244 253//261 248//257
f 226//243 255//262 252//263
f 252//263 253//261 228//242
f 253//261 231//244 228//242
f 252//263 228//242 226//243
f 210//234 250//260 256//264
f 256//264 211//265 210//234
f 211//265 256//264 257//266
f 226//243 230//267 259//268
f 259//268 255//262 226//243
f 258//269 259//268 230//267
f 262//270 263//271 265//272
f 260//273 261//274 266//275
f 261//274 262//270 266//275
f 265//272 263//271 257//266
f 257//266 256//276 265//272
f 265//272 266//275 262//270
f 266//275 264//277 260//273
f 267//278 268//279 270//280
f 268//279 269//281 270//280
f 269//281 494//282 454//283
f 258//269 267//278 259//268
f 454//283 270//280 269//281
f 270//280 259//268 267//278
f 271//284 276//285 218//286
f 218//286 204//287 271//284
f 204//287 205//288 272//289
f 205//288 203//290 273//291
f 273//291 272//289 205//288
f 272//289 271//284 204//287
f 217//292 218//286 275//293
f 276//285 275//293 218//286
f 275//293 274//294 217//292
f 276//295 271//296 277//297
f 277//297 278//298 276//295
f 272//299 273//300 280//301
f 271//296 272//299 277//297
f 280//301 277//297 272//299
f 279//302 280//301 273//300
f 273//300 274//303 281//304
f 281//304 279//302 273//300
f 275//305 276//295 278//298
f 274//303 275//305 281//304
f 278//298 281//304 275//305
f 277//297 280//301 279//183
f 281//304 278//298 277//297
f 277//297 279//183 281//304
f 274//294 273//291 203//290
f 203//290 217//292 274//294
f 282//306 283//307 173//308
f 175//309 174//310 285//311
f 176//312 175//309 286//313
f 192//314 176//312 287//315
f 193//316 192//314 288//317
f 288//317 282//306 193//316
f 287//315 288//317 192//314
f 286//313 287//315 176//312
f 285//311 286//313 175//309
f 284//318 285//311 174//310
f 174//310 173//308 284//318
f 283//307 284//318 173//308
f 173//308 193//316 282//306
f 290//319 291//319 287//319
f 292//319 293//319 286//319
f 293//319 287//319 286//319
f 293//319 290//319 287//319
f 288//319 287//319 291//319
f 289//319 282//319 288//319
f 285//319 294//319 292//319
f 286//319 285//319 292//319
f 294//319 285//319 284//319
f 288//319 291//319 289//319
f 295//319 283//319 282//319
f 295//319 294//319 284//319
f 282//319 289//319 295//319
f 284//319 283//319 295//319
f 295//320 289//321 297//322
f 294//323 295//320 298//324
f 292//325 294//323 299//326
f 292//325 300//327 301//328
f 293//329 292//325 301//328
f 290//330 293//329 302//331
f 291//332 290//330 302//331
f 289//321 291//332 296//333
f 302//331 296//333 291//332
f 301//328 302//331 293//329
f 299//326 300//327 292//325
f 298//324 299//326 294//323
f 297//322 298//324 295//320
f 296//333 297//322 289//321
f 177//334 178//335 303//336
f 180//202 177//334 304//337
f 215//203 180//202 306//338
f 212//339 215//203 306//338
f 213//340 212//339 308//341
f 179//342 213//340 308//341
f 178//335 179//342 309//343
f 309//343 303//336 178//335
f 308//341 309//343 179//342
f 307//344 308//341 212//339
f 306//338 307//344 212//339
f 305//345 306//338 180//202
f 304//337 305//345 180//202
f 303//336 304//337 177//334
f 310//319 311//319 304//319
f 310//319 303//319 309//319
f 304//319 303//319 310//319
f 304//319 311//319 313//319
f 314//319 307//319 306//319
f 314//319 315//319 307//319
f 308//319 315//319 312//319
f 313//319 305//319 304//319
f 316//319 309//319 308//319
f 317//319 306//319 305//319
f 308//319 312//319 316//319
f 308//319 307//319 315//319
f 305//319 313//319 317//319
f 306//319 317//319 314//319
f 309//319 316//319 310//319
f 311//346 310//347 318//348
f 313//349 311//346 318//348
f 317//350 313//349 319//351
f 320//352 314//353 317//350
f 315//354 314//353 321//355
f 312//356 315//354 323//357
f 316//358 312//356 323//357
f 316//358 323//357 324//359
f 310//347 316//358 325//360
f 325//360 318//348 310//347
f 324//359 325//360 316//358
f 322//361 323//357 315//354
f 321//355 322//361 315//354
f 320//352 321//355 314//353
f 319//351 320//352 317//350
f 318//348 319//351 313//349
f 200//362 201//363 327//364
f 220//365 199//366 329//367
f 181//368 220//365 330//369
f 202//370 181//368 332//371
f 201//363 202//370 333//372
f 333//372 326//373 201//363
f 332//371 333//372 202//370
f 331//374 332//371 181//368
f 330//369 331//374 181//368
f 329//367 330//369 220//365
f 328//375 329//367 199//366
f 199//366 200//362 328//375
f 327//364 328//375 200//362
f 326//373 327//364 201//363
f 334//319 329//319 328//319
f 328//319 335//319 334//319
f 336//319 332//319 331//319
f 335//319 328//319 327//319
f 338//319 326//319 333//319
f 327//319 326//319 337//319
f 337//319 335//319 327//319
f 334//319 339//319 330//319
f 330//319 329//319 334//319
f 339//319 340//319 331//319
f 331//319 340//319 336//319
f 331//319 330//319 339//319
f 333//319 336//319 338//319
f 326//319 338//319 337//319
f 333//319 332//319 336//319
f 337//376 338//377 341//378
f 335//379 337//376 341//378
f 334//380 335//379 342//381
f 339//382 334//380 343//383
f 340//384 339//382 344//385
f 336//386 340//384 345//387
f 338//377 336//386 346//388
f 347//389 341//378 338//377
f 346//388 347//389 338//377
f 345//387 346//388 336//386
f 344//385 345//387 340//384
f 343//383 344//385 339//382
f 342//381 343//383 334//380
f 341//378 342//381 335//379
f 185//390 197//391 348//392
f 185//390 348//392 349//393
f 184//394 185//390 349//393
f 183//395 184//394 350//396
f 182//397 183//395 351//398
f 352//399 353//400 182//397
f 198//401 182//397 353//400
f 197//391 198//401 354//402
f 354//402 348//392 197//391
f 353//400 354//402 198//401
f 351//398 352//399 182//397
f 350//396 351//398 183//395
f 349//393 350//396 184//394
f 356//319 355//319 350//319
f 355//319 351//319 350//319
f 357//319 358//319 348//319
f 350//319 349//319 356//319
f 360//319 357//319 348//319
f 351//319 355//319 359//319
f 359//319 352//319 351//319
f 359//319 361//319 352//319
f 348//319 354//319 360//319
f 358//319 349//319 348//319
f 358//319 356//319 349//319
f 362//319 360//319 353//319
f 361//319 353//319 352//319
f 361//319 362//319 353//319
f 354//319 353//319 360//319
f 363//403 358//404 357//405
f 356//406 358//404 364//407
f 355//408 356//406 366//409
f 359//410 355//408 366//409
f 359//410 367//411 368//412
f 361//413 359//410 368//412
f 362//414 361//413 369//415
f 360//416 362//414 369//415
f 357//405 360//416 370//417
f 370//417 363//403 357//405
f 369//415 370//417 360//416
f 368//412 369//415 361//413
f 366//409 367//411 359//410
f 365//418 366//409 356//406
f 364//407 365//418 356//406
f 363//403 364//407 358//404
f 187//419 186//420 371//421
f 188//422 187//419 372//423
f 374//424 375//425 227//426
f 229//427 227//426 375//425
f 189//428 229//427 376//429
f 186//420 189//428 377//430
f 377//430 371//421 186//420
f 376//429 377//430 189//428
f 375//425 376//429 229//427
f 373//431 374//424 227//426
f 227//426 188//422 373//431
f 372//423 373//431 188//422
f 371//421 372//423 187//419
f 378//319 374//319 373//319
f 375//319 374//319 378//319
f 378//319 379//319 375//319
f 379//319 376//319 375//319
f 379//319 380//319 376//319
f 380//319 381//319 377//319
f 382//319 371//319 377//319
f 377//319 376//319 380//319
f 383//319 372//319 371//319
f 371//319 382//319 383//319
f 383//319 373//319 372//319
f 373//319 383//319 384//319
f 373//319 384//319 378//319
f 377//319 381//319 382//319
f 383//432 382//433 385//434
f 384//435 383//432 386//436
f 378//437 384//435 387//438
f 379//439 378//437 389//440
f 380//441 379//439 389//440
f 381//442 380//441 390//443
f 382//433 381//442 391//444
f 391//444 385//434 382//433
f 390//443 391//444 381//442
f 389//440 390//443 380//441
f 388//445 389//440 378//437
f 387//438 388//445 378//437
f 386//436 387//438 384//435
f 385//434 386//436 383//432
f 207//212 392//446 397//447
f 207//212 234//245 392//446
f 234//245 208//448 393//449
f 394//450 393//449 208//448
f 208//448 206//217 394//450
f 206//217 207//212 396//451
f 397//447 396//451 207//212
f 396//451 395//452 206//217
f 395//452 394//450 206//217
f 393//449 392//446 234//245
f 399//453 398//454 394//455
f 400//456 399//453 396//457
f 401//458 400//456 392//459
f 398//454 401//458 393//460
f 393//460 394//455 398//454
f 392//459 393//460 401//458
f 397//461 392//459 400//456
f 396//457 397//461 400//456
f 395//462 396//457 399//453
f 394//455 395//462 399//453
f 402//463 399//464 400//465
f 402//466 398//467 399//468
f 402//469 401//470 398//471
f 402//472 400//473 401//474
f 195//475 196//476 403//477
f 194//478 195//475 404//479
f 237//480 194//478 406//481
f 191//482 237//480 406//481
f 190//483 191//482 408//484
f 196//476 190//483 409//485
f 409//485 403//477 196//476
f 408//484 409//485 190//483
f 407//486 408//484 191//482
f 406//481 407//486 191//482
f 405//487 406//481 194//478
f 404//479 405//487 194//478
f 403//477 404//479 195//475
f 410//319 411//319 408//319
f 410//319 408//319 407//319
f 412//319 403//319 409//319
f 413//319 405//319 404//319
f 409//319 408//319 411//319
f 415//319 410//319 407//319
f 409//319 411//319 412//319
f 417//319 416//319 404//319
f 414//319 406//319 405//319
f 414//319 415//319 407//319
f 404//319 403//319 417//319
f 407//319 406//319 414//319
f 405//319 413//319 414//319
f 403//319 412//319 417//319
f 404//319 416//319 413//319
f 417//488 412//489 418//490
f 417//488 418//490 419//491
f 416//492 417//488 419//491
f 413//493 416//492 420//494
f 422//495 414//496 413//493
f 415//497 414//496 423//498
f 415//497 423//498 424//499
f 424//499 410//500 415//497
f 411//501 410//500 424//499
f 412//489 411//501 425//502
f 426//503 418//490 412//489
f 425//502 426//503 412//489
f 424//499 425//502 411//501
f 422//495 423//498 414//496
f 421//504 422//495 413//493
f 420//494 421//504 413//493
f 419//491 420//494 416//492
f 428//505 264//277 427//506
f 428//505 260//273 264//277
f 428//505 427//506 429//507
f 260//273 428//505 430//508
f 261//274 260//273 430//508
f 429//507 430//508 428//505
f 431//509 432//510 264//277
f 427//506 264//277 432//510
f 434//511 432//510 431//512
f 431//512 435//513 434//511
f 432//510 434//511 433//514
f 253//261 437//210 247//183
f 246//209 437//210 436//209
f 436//209 245//183 246//209
f 247//183 248//257 253//261
f 436//209 438//183 245//183
f 251//258 254//249 243//183
f 438//183 243//183 244//183
f 439//515 431//509 264//277
f 244//183 245//183 438//183
f 264//277 440//516 439//515
f 246//209 247//183 437//210
f 243//183 438//183 251//258
f 251//258 438//183 442//183
f 454//283 443//517 441//518
f 444//183 437//210 253//261
f 442//183 446//224 251//258
f 440//516 264//277 266//275
f 250//519 440//516 265//272
f 253//261 447//520 444//183
f 265//272 256//276 250//519
f 449//225 450//220 255//262
f 250//519 451//211 448//236
f 448//236 440//516 250//519
f 440//516 266//275 265//272
f 270//280 454//283 445//521
f 259//268 445//521 255//262
f 255//262 445//521 449//225
f 259//268 270//280 445//521
f 446//224 249//209 251//258
f 451//211 250//519 249//209
f 450//220 447//520 252//209
f 252//209 255//262 450//220
f 249//209 446//224 451//211
f 253//261 252//209 447//520
f 441//518 445//521 454//283
f 431//512 439//522 479//523
f 439//522 440//524 478//525
f 440//524 493//526 477//527
f 448//528 492//529 493//526
f 493//526 440//524 448//528
f 451//530 475//531 492//529
f 492//529 448//528 451//530
f 491//532 475//531 451//530
f 451//530 446//533 490//534
f 446//533 488//535 489//536
f 442//537 472//538 488//535
f 488//535 446//533 442//537
f 442//537 471//539 472//538
f 442//537 438//540 470//541
f 470//541 471//539 442//537
f 438//540 436//542 480//543
f 436//542 487//544 480//543
f 436//542 467//545 487//544
f 437//546 466//547 467//545
f 467//545 436//542 437//546
f 444//548 465//549 466//547
f 466//547 437//546 444//548
f 444//548 447//550 485//551
f 447//550 462//552 463//553
f 450//554 484//555 462//552
f 462//552 447//550 450//554
f 450//554 483//556 484//555
f 450//554 449//557 482//558
f 449//557 445//559 481//560
f 445//559 458//561 459//562
f 441//563 457//564 458//561
f 458//561 445//559 441//563
f 443//565 455//566 457//564
f 457//564 441//563 443//565
f 459//562 481//560 445//559
f 481//560 482//558 449//557
f 482//558 483//556 450//554
f 463//553 485//551 447//550
f 485//551 486//567 444//548
f 486//567 465//549 444//548
f 480//543 469//568 438//540
f 469//568 470//541 438//540
f 489//536 490//534 446//533
f 490//534 491//532 451//530
f 477//527 478//525 440//524
f 478//525 479//523 439//522
f 479//523 435//513 431//512
f 454//283 453//569 443//517
f 453//569 454//283 452//570
f 456//571 455//566 453//569
f 443//565 453//569 455//566
f 480//543 468//572 469//568
f 455//566 500//573 457//564
f 482//558 460//574 461//575
f 484//555 461//575 462//552
f 486//567 464//576 465//549
f 487//544 468//572 480//543
f 489//536 473//577 474//578
f 491//532 474//578 475//531
f 493//526 476//579 477//527
f 498//580 435//513 479//523
f 476//579 493//526 492//529
f 476//579 492//529 475//531
f 474//578 491//532 490//534
f 474//578 490//534 489//536
f 473//577 489//536 488//535
f 473//577 488//535 472//538
f 468//572 487//544 467//545
f 464//576 486//567 485//551
f 464//576 485//551 463//553
f 461//575 484//555 483//556
f 461//575 483//556 482//558
f 460//574 482//558 481//560
f 460//574 481//560 459//562
f 495//581 454//283 494//282
f 495//581 452//570 454//283
f 494//282 269//281 496//582
f 495//581 494//282 496//582
f 452//570 495//581 497//583
f 496//582 497//583 495//581
f 434//511 498//580 503//584
f 435//513 498//580 434//511
f 500//573 455//566 456//571
f 456//571 499//585 500//573
f 387//438 386//436 501//586
f 386//436 364//407 501//586
f 501//586 499//585 342//587
f 343//588 342//587 499//585
f 498//580 502//589 346//590
f 342//587 341//319 501//586
f 344//591 499//585 503//584
f 503//584 498//580 344//591
f 502//589 347//319 346//590
f 346//590 345//592 498//580
f 502//589 341//319 347//319
f 345//592 344//591 498//580
f 344//591 343//588 499//585
f 341//319 502//589 501//586
f 502//589 498//580 479//523
f 476//579 479//523 478//525
f 478//525 477//527 476//579
f 471//539 473//577 472//538
f 468//572 471//539 469//568
f 465//549 467//545 466//547
f 387//438 463//553 462//552
f 387//438 465//549 464//576
f 464//576 463//553 387//438
f 364//407 461//575 460//574
f 299//593 474//578 471//539
f 300//594 299//593 471//539
f 471//539 301//595 300//594
f 299//593 298//324 474//578
f 468//572 501//586 296//596
f 501//586 298//324 297//322
f 297//322 296//596 501//586
f 296//596 302//597 468//572
f 302//597 301//595 468//572
f 301//595 471//539 468//572
f 475//531 322//598 321//599
f 322//598 475//531 474//578
f 323//600 322//598 474//578
f 474//578 324//601 323//600
f 476//579 475//531 321//599
f 321//599 320//602 476//579
f 502//589 476//579 320//602
f 320//602 319//319 502//589
f 318//319 298//324 502//589
f 325//603 474//578 298//324
f 298//324 318//319 325//603
f 319//319 318//319 502//589
f 325//603 324//601 474//578
f 457//564 500//573 368//604
f 368//604 367//605 457//564
f 459//562 367//605 366//606
f 366//606 460//574 459//562
f 459//562 458//561 367//605
f 367//605 458//561 457//564
f 500//573 499//585 368//604
f 364//407 460//574 365//418
f 364//407 363//319 501//586
f 501//586 363//319 370//607
f 499//585 370//607 369//608
f 499//585 501//586 370//607
f 369//608 368//604 499//585
f 462//552 388//609 387//438
f 462//552 461//575 388//609
f 385//434 364//407 386//436
f 364//407 385//434 391//319
f 390//610 389//611 461//575
f 461//575 364//407 390//610
f 391//319 390//610 364//407
f 423//612 468//572 467//545
f 467//545 465//549 424//613
f 424//613 423//612 467//545
f 423//612 422//614 468//572
f 501//586 468//572 420//615
f 421//616 420//615 468//572
f 468//572 422//614 421//616
f 420//615 419//319 501//586
f 465//549 387//438 425//617
f 425//617 424//613 465//549
f 387//438 426//319 425//617
f 387//438 501//586 418//319
f 418//319 426//319 387//438
f 501//586 419//319 418//319
f 389//611 388//609 461//575
f 366//606 365//418 460//574
f 470//541 469//568 471//539
f 473//577 471//539 474//578
f 479//523 476//579 502//589
f 502//589 298//324 501//586
f 503//584 433//514 434//511
f 504//618 433//514 503//584
f 433//514 504//618 507//619
f 505//620 499//585 456//571
f 499//585 506//621 504//618
f 504//618 503//584 499//585
f 506//621 499//585 505//620
f 505//620 508//622 506//621
f 504//618 511//623 510//624
f 510//624 507//619 504//618
f 532//625 506//621 508//622
f 506//621 532//625 534//626
f 511//623 509//627 510//624
f 507//619 515//628 514//629
f 433//514 514//629 432//510
f 427//506 432//510 514//629
f 514//629 433//514 507//619
f 514//629 429//507 427//506
f 507//619 516//630 515//628
f 507//619 510//624 516//630
f 512//631 513//632 514//629
f 514//629 515//628 512//631
f 516//630 510//624 509//627
f 511//623 523//633 522//634
f 522//634 509//627 511//623
f 515//635 516//636 521//637
f 521//637 517//638 515//635
f 517//638 512//639 515//635
f 517//638 518//640 519//641
f 518//640 520//642 541//643
f 541//643 519//641 518//640
f 519//641 512//639 517//638
f 522//634 531//644 516//630
f 516//630 509//627 522//634
f 506//621 534//626 525//645
f 524//646 525//645 534//626
f 534//626 528//647 524//646
f 504//618 506//621 526//648
f 529//649 530//650 511//623
f 529//649 511//623 504//618
f 506//621 527//651 526//648
f 525//645 527//651 506//621
f 523//633 511//623 530//650
f 526//648 529//649 504//618
f 528//647 534//626 523//633
f 523//633 530//650 528//647
f 522//634 534//626 533//652
f 534//626 522//634 523//633
f 536//653 521//637 516//636
f 516//636 531//654 536//653
f 533//652 534//626 532//625
f 522//634 533//652 535//655
f 535//655 531//644 522//634
f 535//655 533//652 532//625
f 536//653 531//654 535//656
f 535//656 537//657 536//653
f 535//656 538//658 520//642
f 520//642 537//657 535//656
f 505//620 456//571 453//569
f 453//569 535//655 508//622
f 508//622 505//620 453//569
f 535//655 453//569 539//659
f 452//570 497//583 539//659
f 535//655 532//625 508//622
f 539//659 453//569 452//570
f 539//659 538//660 535//655
f 538//660 539//659 540//661
f 540//661 541//662 538//660
f 520//642 538//658 541//643
f 543//663 542//664 530//665
f 544//666 543//663 529//667
f 545//668 544//666 529//667
f 546//669 545//668 526//670
f 547//671 546//669 527//672
f 548//673 547//671 524//674
f 542//664 548//673 528//675
f 524//674 528//675 548//673
f 525//676 524//674 547//671
f 527//672 525//676 547//671
f 526//670 527//672 546//669
f 529//667 526//670 545//668
f 530//665 529//667 543//663
f 528//675 530//665 542//664
f 547//319 548//319 550//319
f 550//319 549//319 547//319
f 548//319 551//319 550//319
f 544//319 552//319 553//319
f 544//319 545//319 552//319
f 546//319 549//319 554//319
f 546//319 554//319 552//319
f 549//319 546//319 547//319
f 553//319 555//319 543//319
f 551//319 548//319 542//319
f 542//319 555//319 551//319
f 555//319 542//319 543//319
f 552//319 545//319 546//319
f 553//319 543//319 544//319
f 557//677 556//678 555//679
f 558//680 557//677 553//681
f 559//682 558//680 552//683
f 560//684 559//682 554//685
f 561//686 560//684 549//687
f 562//688 561//686 550//689
f 556//678 562//688 551//690
f 550//689 551//690 562//688
f 549//687 550//689 561//686
f 554//685 549//687 560//684
f 552//683 554//685 559//682
f 553//681 552//683 558//680
f 555//679 553//681 557//677
f 551//690 555//679 556//678
f 221//226 576//691 577//692
f 577//692 222//207 221//226
f 577//692 580//693 563//694
f 563//694 222//207 577//692
f 496//582 223//208 222//207
f 222//207 563//694 496//582
f 269//281 224//241 496//582
f 496//582 224//241 223//208
f 225//695 268//279 267//278
f 230//267 225//695 267//278
f 211//265 257//266 263//271
f 263//271 214//696 211//265
f 263//271 262//270 214//696
f 216//237 214//696 262//270
f 216//237 262//270 261//274
f 219//239 216//237 430//508
f 430//508 216//237 261//274
f 219//239 430//508 564//697
f 575//698 221//226 564//697
f 564//697 221//226 219//239
f 564//697 565//699 575//698
f 267//278 258//269 230//267
f 268//279 225//695 224//241
f 269//281 268//279 224//241
f 575//698 576//691 221//226
f 566//700 565//699 564//697
f 568//701 566//700 567//702
f 564//697 567//702 566//700
f 566//700 568//701 570//703
f 570//703 569//704 565//699
f 570//703 565//699 566//700
f 513//632 571//705 567//706
f 513//632 567//706 429//507
f 514//629 513//632 429//507
f 567//706 564//697 430//508
f 567//706 430//508 429//507
f 567//702 571//705 573//707
f 573//707 568//701 567//702
f 572//708 573//707 571//705
f 569//704 568//701 581//709
f 573//707 581//709 568//701
f 570//703 568//701 569//704
f 569//704 574//710 576//691
f 574//710 587//711 580//693
f 580//693 577//692 574//710
f 577//692 576//691 574//710
f 576//691 575//698 569//704
f 575//698 565//699 569//704
f 579//712 586//713 578//714
f 580//693 579//712 563//694
f 578//714 563//694 579//712
f 573//707 572//708 581//709
f 519//715 582//716 583//717
f 512//631 519//715 571//705
f 583//717 572//708 571//705
f 571//705 519//715 583//717
f 582//716 519//715 584//718
f 541//662 540//661 584//718
f 584//718 519//715 541//662
f 584//718 588//719 582//716
f 571//705 513//632 512//631
f 578//720 584//718 540//661
f 497//583 540//661 539//659
f 497//583 496//582 578//720
f 497//583 578//720 540//661
f 496//582 563//694 578//720
f 584//718 578//714 586//713
f 586//713 585//721 584//718
f 590//722 589//723 574//710
f 590//722 574//710 569//704
f 574//710 589//723 587//711
f 569//704 581//709 590//722
f 586//713 579//712 587//711
f 579//712 580//693 587//711
f 585//721 588//719 584//718
f 589//723 585//721 586//713
f 586//713 587//711 589//723
f 581//709 583//717 590//722
f 583//717 582//716 590//722
f 582//716 588//719 589//723
f 589//723 590//722 582//716
f 583//717 581//709 572//708
f 588//719 585//721 589//723
f 517//724 592//725 593//726
f 592//725 605//727 593//726
f 520//642 518//640 595//728
f 518//640 594//729 595//728
f 593//726 591//730 517//724
f 518//640 591//730 594//729
f 599//731 560//732 596//733
f 597//183 596//733 560//732
f 597//183 560//732 561//236
f 599//731 600//734 560//732
f 599//731 601//735 520//642
f 520//642 595//728 599//731
f 537//736 604//737 602//738
f 603//227 536//739 556//248
f 598//740 557//183 558//741
f 558//741 606//742 598//740
f 607//743 592//725 521//744
f 537//736 520//642 601//735
f 608//745 558//741 559//746
f 606//742 593//726 605//727
f 591//730 518//640 517//724
f 556//248 598//740 603//227
f 599//731 596//733 601//735
f 602//738 597//183 561//236
f 537//736 601//735 604//737
f 558//741 608//745 606//742
f 605//727 598//740 606//742
f 592//725 517//724 521//744
f 536//739 603//227 607//743
f 602//738 561//236 537//736
f 600//734 608//745 559//746
f 556//248 557//183 598//740
f 537//736 561//236 562//747
f 607//743 521//744 536//739
f 562//747 536//739 537//736
f 559//746 560//732 600//734
f 536//739 562//747 556//248
f 595//748 609//749 610//750
f 610//750 599//751 595//748
f 611//752 609//749 595//748
f 615//753 600//754 599//751
f 599//751 610//750 615//753
f 612//755 613//756 610//757
f 611//752 595//748 594//758
f 591//730 614//759 594//729
f 611//752 644//760 646//761
f 609//762 611//752 646//761
f 610//757 613//756 620//763
f 615//764 620//763 623//765
f 620//763 615//764 610//757
f 616//766 614//759 591//730
f 622//767 606//768 608//769
f 617//770 608//769 600//754
f 600//754 615//753 617//770
f 619//771 618//772 620//763
f 623//765 620//763 618//772
f 613//756 619//771 620//763
f 621//773 616//766 591//730
f 591//730 593//774 621//773
f 614//775 616//776 639//777
f 639//777 640//778 614//775
f 617//770 615//764 623//765
f 626//779 627//780 617//770
f 608//769 617//770 628//781
f 617//770 627//780 628//781
f 608//769 628//781 629//782
f 629//782 622//767 608//769
f 623//765 626//779 617//770
f 624//783 626//779 623//765
f 627//780 625//784 628//781
f 631//785 629//782 625//784
f 629//782 628//781 625//784
f 625//784 627//780 624//783
f 627//780 626//779 624//783
f 623//765 618//772 624//783
f 629//782 630//786 622//767
f 622//767 593//774 606//768
f 593//774 622//767 621//773
f 621//787 622//767 634//788
f 634//788 632//789 621//787
f 630//786 634//788 622//767
f 630//786 629//782 631//785
f 632//789 633//790 621//787
f 635//791 634//788 631//785
f 635//791 632//789 634//788
f 630//786 631//785 634//788
f 633//790 632//789 635//791
f 616//776 621//787 633//790
f 633//790 639//777 616//776
f 636//792 639//777 633//790
f 633//790 635//791 636//792
f 637//793 624//783 618//772
f 637//793 635//791 624//783
f 635//791 631//785 625//784
f 625//784 624//783 635//791
f 618//772 619//771 637//793
f 612//755 619//771 613//756
f 609//762 646//761 612//755
f 612//755 610//757 609//762
f 619//771 612//755 645//794
f 637//793 619//771 645//794
f 645//794 642//795 637//793
f 646//761 645//794 612//755
f 635//791 637//793 638//796
f 638//796 636//792 635//791
f 642//795 638//796 637//793
f 639//777 636//792 640//778
f 594//758 614//775 640//778
f 611//752 594//758 641//797
f 641//797 644//760 611//752
f 640//778 641//797 594//758
f 638//796 641//797 636//792
f 638//796 642//795 643//798
f 641//797 643//798 644//760
f 643//798 641//797 638//796
f 640//778 636//792 641//797
f 643//798 645//794 644//760
f 646//761 644//760 645//794
f 645//794 643//798 642//795
f 648//799 647//800 596//801
f 649//802 648//799 597//803
f 650//804 649//802 602//805
f 651//806 650//804 604//807
f 652//808 651//806 601//809
f 647//800 652//808 601//809
f 604//807 601//809 651//806
f 602//805 604//807 650//804
f 597//803 602//805 649//802
f 596//801 597//803 648//799
f 601//809 596//801 647//800
f 653//810 648//811 649//812
f 653//813 647//814 648//815
f 653//816 652//817 647//818
f 653//819 651//820 652//821
f 653//822 650//823 651//824
f 653//825 649//826 650//827
f 655//828 654//829 592//830
f 656//831 655//828 607//832
f 607//832 603//833 656//831
f 657//834 656//831 603//833
f 658//835 657//834 603//833
f 659//836 658//835 598//837
f 654//829 659//836 605//838
f 598//837 605//838 659//836
f 603//833 598//837 658//835
f 592//830 607//832 655//828
f 605//838 592//830 654//829
f 660//810 655//811 656//839
f 660//813 654//814 655//840
f 660//816 659//817 654//818
f 660//819 658//820 659//821
f 660//841 657//823 658//824
f 660//825 656//826 657//827
f 663//842 661//843 670//844
f 670//844 662//845 663//842
f 664//846 662//845 665//847
f 666//848 667//849 668//850
f 669//851 666//848 668//850
f 661//843 669//851 668//850
f 668//850 670//844 661//843
f 665//847 667//849 666//848
f 665//847 666//848 664//846
f 662//845 664//846 663//842
f 671//852 672//853 673//854
f 674//855 675//856 676//857
f 676//857 672//853 674//855
f 674//855 677//858 678//859
f 678//859 675//856 674//855
f 677//858 679//860 680//861
f 677//858 681//862 682//863
f 682//863 679//860 677//858
f 681//862 683//864 684//865
f 686//866 665//867 662//868
f 665//867 686//866 685//869
f 667//870 665//867 685//869
f 662//868 681//862 686//866
f 685//869 687//871 667//870
f 667//870 687//871 688//872
f 688//872 668//873 667//870
f 668//873 688//872 689//874
f 689//874 690//875 668//873
f 670//876 668//873 690//875
f 670//876 690//875 693//877
f 686//866 681//862 691//878
f 692//879 708//880 670//876
f 693//877 692//879 670//876
f 662//868 670//876 708//880
f 683//864 681//862 708//880
f 662//868 708//880 681//862
f 684//865 682//863 681//862
f 680//861 678//859 677//858
f 676//857 673//854 672//853
f 673//854 751//881 671//852
f 694//882 693//883 690//884
f 693//883 694//882 705//885
f 705//885 692//886 693//883
f 690//884 698//887 694//882
f 687//888 695//889 696//890
f 688//891 687//888 696//890
f 696//890 697//892 688//891
f 697//892 689//893 688//891
f 697//892 698//887 689//893
f 698//887 690//884 689//893
f 687//888 685//894 695//889
f 686//866 699//895 700//896
f 685//894 686//866 700//896
f 685//894 700//896 695//889
f 701//897 698//887 697//898
f 697//898 702//899 701//897
f 697//898 696//900 702//899
f 696//900 703//901 702//899
f 696//900 695//902 703//901
f 698//887 701//897 694//882
f 704//903 705//904 694//905
f 705//885 706//906 692//886
f 706//906 707//907 692//886
f 692//879 707//907 708//880
f 709//908 700//909 699//910
f 709//908 703//901 695//902
f 695//902 700//909 709//908
f 699//910 713//911 709//908
f 706//906 704//903 710//912
f 704//903 706//906 705//904
f 713//911 699//910 712//913
f 711//914 713//911 712//913
f 691//878 715//915 716//916
f 691//878 716//916 718//917
f 716//918 715//915 717//919
f 718//917 712//920 691//878
f 691//878 712//920 699//895
f 686//866 691//878 699//895
f 717//919 719//921 718//917
f 717//919 718//917 716//918
f 745//922 730//923 717//919
f 711//914 712//913 720//924
f 718//917 719//921 720//924
f 719//921 726//925 721//926
f 721//926 720//924 719//921
f 720//924 712//920 718//917
f 722//927 723//928 720//924
f 720//924 721//926 722//927
f 726//925 724//929 721//926
f 722//927 721//926 724//929
f 724//929 725//930 722//927
f 726//925 727//931 728//932
f 728//932 727//931 729//933
f 724//929 726//925 728//932
f 744//934 729//935 727//936
f 730//923 744//934 727//936
f 730//923 727//936 726//925
f 719//921 717//919 730//923
f 730//923 726//925 719//921
f 725//930 724//929 728//932
f 729//933 731//937 728//932
f 731//937 725//930 728//932
f 731//937 729//933 732//938
f 731//937 732//938 733//939
f 733//939 734//940 731//937
f 734//940 733//939 735//941
f 735//941 736//942 734//940
f 737//943 735//941 738//944
f 735//941 737//943 736//942
f 729//933 739//945 740//946
f 744//934 730//923 745//922
f 739//945 729//935 743//947
f 729//935 744//934 743//947
f 742//948 746//949 747//950
f 741//951 748//952 746//949
f 743//947 749//953 739//945
f 739//945 749//953 748//952
f 746//949 742//948 741//951
f 748//952 741//951 739//945
f 683//864 750//954 684//865
f 708//880 756//955 754//956
f 708//880 707//907 756//955
f 707//907 753//957 756//955
f 683//864 708//880 754//956
f 754//956 757//958 683//864
f 757//958 750//954 683//864
f 757//958 752//959 750//954
f 756//955 753//957 755//960
f 754//956 756//955 755//960
f 758//961 752//959 757//958
f 767//962 678//859 680//861
f 768//963 675//856 678//859
f 769//964 770//965 762//966
f 770//965 771//967 761//968
f 752//959 772//969 773//970
f 774//971 684//865 750//954
f 775//972 682//863 684//865
f 776//973 679//860 682//863
f 777//974 680//861 679//860
f 678//859 767//962 768//963
f 778//975 676//857 675//856
f 779//976 673//854 676//857
f 918//977 751//881 673//854
f 780//978 765//979 766//980
f 781//981 764//982 765//979
f 781//981 769//964 763//983
f 761//968 762//966 770//965
f 771//967 782//984 760//985
f 782//984 783//986 759//987
f 783//986 784//988 758//961
f 784//988 772//969 752//959
f 773//970 750//954 752//959
f 684//865 774//971 775//972
f 679//860 776//973 777//974
f 675//856 768//963 778//975
f 673//854 779//976 918//977
f 765//979 780//978 781//981
f 762//966 763//983 769//964
f 759//987 760//985 782//984
f 752//959 758//961 784//988
f 773//970 785//989 750//954
f 682//863 775//972 776//973
f 676//857 778//975 779//976
f 763//983 764//982 781//981
f 758//961 759//987 783//986
f 680//861 777//974 767//962
f 760//985 761//968 771//967
f 750//954 785//989 774//971
f 766//980 786//990 780//978
f 755//960 753//957 787//991
f 755//960 787//991 791//992
f 791//992 788//993 755//960
f 747//950 788//993 791//992
f 791//992 742//948 747//950
f 814//994 789//995 788//993
f 788//993 747//950 814//994
f 790//996 791//992 787//991
f 792//997 766//980 765//979
f 765//979 793//998 792//997
f 793//998 765//979 764//982
f 793//998 763//983 762//966
f 762//966 794//999 793//998
f 794//999 762//966 761//968
f 795//1000 794//999 760//985
f 760//985 759//987 795//1000
f 795//1000 759//987 758//961
f 758//961 796//1001 795//1000
f 796//1001 758//961 789//995
f 788//993 789//995 755//960
f 789//995 754//956 755//960
f 789//995 758//961 754//956
f 758//961 757//958 754//956
f 761//968 760//985 794//999
f 764//982 763//983 793//998
f 796//1001 789//995 830//1002
f 789//995 797//1003 829//1004
f 829//1004 830//1002 789//995
f 830//1002 798//1005 796//1001
f 825//1006 828//1007 796//1001
f 798//1005 825//1006 796//1001
f 789//995 814//994 797//1003
f 706//906 753//957 707//907
f 753//957 706//906 710//912
f 710//912 714//1008 753//957
f 714//1008 787//991 753//957
f 799//1009 805//1010 790//996
f 790//996 714//1008 799//1009
f 790//996 787//991 714//1008
f 803//1011 800//1012 802//1013
f 804//1014 742//948 803//1011
f 791//992 803//1011 742//948
f 805//1010 791//992 790//996
f 791//992 805//1010 803//1011
f 802//1013 804//1014 803//1011
f 801//1015 802//1013 800//1012
f 800//1012 808//1016 801//1015
f 808//1016 806//1017 807//1018
f 807//1018 801//1015 808//1016
f 812//1019 747//950 809//1020
f 810//1021 809//1020 746//1022
f 747//950 746//1022 809//1020
f 747//950 812//1019 814//994
f 804//1023 811//1024 812//1019
f 812//1019 809//1020 804//1023
f 797//1003 812//1019 813//1025
f 814//994 812//1019 797//1003
f 809//1020 810//1021 815//1026
f 815//1026 804//1023 809//1020
f 813//1025 811//1024 817//1027
f 811//1024 813//1025 812//1019
f 813//1025 817//1027 816//1028
f 816//1028 818//1029 813//1025
f 815//1026 810//1021 816//1028
f 816//1028 817//1027 815//1026
f 810//1021 818//1029 816//1028
f 748//1030 749//953 819//1031
f 746//1022 748//1030 810//1021
f 810//1021 748//1030 818//1029
f 820//1032 749//953 822//1033
f 822//1033 749//953 743//947
f 820//1032 819//1031 749//953
f 819//1031 818//1029 748//1030
f 745//922 828//1007 826//1034
f 826//1034 744//934 745//922
f 821//1035 822//1033 743//947
f 821//1035 744//934 826//1034
f 743//947 744//934 821//1035
f 822//1033 732//1036 740//946
f 732//1036 822//1033 821//1035
f 732//1036 821//1035 826//1034
f 826//1034 823//1037 732//1036
f 825//1006 798//1005 826//1034
f 826//1034 827//1038 824//1039
f 826//1034 828//1007 825//1006
f 827//1038 826//1034 798//1005
f 813//1025 818//1029 829//1004
f 829//1004 819//1031 830//1002
f 819//1031 820//1032 798//1005
f 820//1032 827//1038 798//1005
f 820//1032 824//1039 827//1038
f 798//1005 830//1002 819//1031
f 829//1004 797//1003 813//1025
f 819//1031 829//1004 818//1029
f 823//1037 826//1034 824//1039
f 831//1040 823//1037 824//1039
f 740//946 831//1040 824//1039
f 824//1039 822//1033 740//946
f 822//1033 824//1039 820//1032
f 832//1041 801//1042 807//1018
f 832//1041 833//1043 801//1042
f 833//1043 802//1044 801//1042
f 804//1023 802//1044 833//1043
f 804//1023 833//1043 811//1024
f 834//1045 817//1046 811//1024
f 811//1024 833//1043 834//1045
f 741//951 815//1047 817//1046
f 817//1046 834//1045 741//951
f 742//948 804//1014 815//1047
f 815//1047 741//951 742//948
f 834//1045 835//1048 739//945
f 738//944 735//941 837//1049
f 735//941 733//1050 836//1051
f 835//1048 836//1051 823//1037
f 823//1037 836//1051 732//1036
f 740//946 835//1048 831//1040
f 740//946 732//938 729//933
f 823//1037 831//1040 835//1048
f 735//941 836//1051 837//1049
f 733//1050 732//1036 836//1051
f 740//946 739//945 835//1048
f 739//945 741//951 834//1045
f 837//1049 836//1052 838//1053
f 835//1054 834//1055 839//1055
f 840//1056 838//1053 836//1052
f 836//1052 835//1054 840//1056
f 833//1057 841//1058 842//1059
f 841//1058 833//1057 832//1041
f 839//1055 840//1056 835//1054
f 834//1055 842//1059 839//1055
f 842//1059 834//1055 833//1057
f 843//1060 844//1061 838//1053
f 845//1062 843//1060 840//1063
f 846//1064 845//1062 839//1065
f 847//1066 846//1064 842//1067
f 842//1067 841//1058 847//1066
f 839//1065 842//1067 846//1064
f 840//1063 839//1065 845//1062
f 838//1053 840//1063 843//1060
f 863//1068 846//1069 847//1070
f 863//1068 865//1071 846//1069
f 864//1072 861//1073 844//1061
f 845//1074 846//1069 865//1071
f 864//1072 843//1075 845//1074
f 845//1074 865//1071 864//1072
f 844//1061 843//1075 864//1072
f 847//1070 848//1076 863//1068
f 848//1076 849//1077 850//1078
f 853//1079 854//1080 855//1081
f 862//1082 856//1083 857//1084
f 859//1085 860//1086 861//1073
f 863//1068 851//1087 852//1088
f 864//1072 857//1084 858//1089
f 865//1071 853//1079 855//1081
f 865//1071 855//1081 862//1082
f 865//1071 862//1082 864//1072
f 858//1089 861//1073 864//1072
f 852//1088 865//1071 863//1068
f 859//1085 861//1073 858//1089
f 853//1079 865//1071 852//1088
f 851//1087 863//1068 848//1076
f 857//1084 864//1072 862//1082
f 850//1078 851//1087 848//1076
f 868//1090 861//1073 860//1086
f 856//1083 862//1082 855//1081
f 849//1077 841//1058 832//1041
f 807//1018 806//1017 866//1091
f 849//1077 847//1066 841//1058
f 866//1091 832//1041 807//1018
f 866//1091 849//1077 832//1041
f 848//1076 847//1066 849//1077
f 838//1053 844//1061 868//1090
f 868//1090 844//1061 861//1073
f 837//1049 868//1090 867//1092
f 738//944 837//1049 867//1092
f 837//1049 838//1053 868//1090
f 867//1092 737//943 738//944
f 860//1086 859//1085 872//1093
f 859//1085 858//1089 872//1093
f 858//1089 857//1084 873//1094
f 856//1083 855//1081 874//1095
f 854//1080 853//1079 875//1096
f 853//1079 852//1088 875//1096
f 852//1088 851//1087 876//1097
f 874//1095 854//1080 877//1098
f 860//1086 872//1093 871//1099
f 872//1093 873//1094 871//1099
f 875//1096 876//1097 870//1100
f 871//1099 873//1094 869//1101
f 873//1094 856//1083 869//1101
f 874//1095 877//1098 869//1101
f 874//1095 869//1101 856//1083
f 850//1078 870//1100 876//1097
f 870//1100 877//1098 875//1096
f 875//1096 877//1098 854//1080
f 850//1078 876//1097 851//1087
f 876//1097 875//1096 852//1088
f 854//1080 874//1095 855//1081
f 856//1083 873//1094 857//1084
f 873//1094 872//1093 858//1089
f 878//1102 870//1100 866//1103
f 880//1104 879//1105 866//1103
f 850//1078 849//1077 866//1103
f 878//1102 866//1103 879//1105
f 850//1078 866//1103 870//1100
f 870//1100 878//1102 881//1106
f 860//1086 871//1099 882//1107
f 867//1108 860//1086 882//1107
f 860//1086 867//1108 868//1090
f 884//1109 867//1108 882//1107
f 884//1109 882//1107 871//1099
f 871//1099 899//1110 884//1109
f 867//1108 884//1109 883//1111
f 877//1098 870//1100 881//1106
f 881//1106 869//1101 877//1098
f 899//1110 871//1099 869//1101
f 894//1112 784//988 783//986
f 894//1112 783//986 782//984
f 782//984 895//1113 894//1112
f 895//1113 782//984 771//967
f 895//1113 771//967 770//965
f 770//965 896//1114 895//1113
f 896//1114 770//965 769//964
f 896//1114 769//964 781//981
f 781//981 897//1115 896//1114
f 897//1115 781//981 780//978
f 894//1112 895//1113 886//1116
f 895//1113 896//1114 888//1117
f 896//1114 897//1115 890//1118
f 894//1112 891//1119 899//1110
f 899//1110 869//1101 894//1112
f 891//1119 900//1120 899//1110
f 881//1106 898//1121 784//988
f 894//1112 869//1101 881//1106
f 881//1106 784//988 894//1112
f 786//990 897//1115 780//978
f 897//1115 786//990 892//1122
f 892//1122 893//1123 897//1115
f 897//1115 893//1123 890//1118
f 890//1118 889//1124 896//1114
f 889//1124 888//1117 896//1114
f 888//1117 887//1125 895//1113
f 887//1125 886//1116 895//1113
f 886//1116 885//1126 894//1112
f 885//1126 891//1119 894//1112
f 879//1105 880//1104 898//1121
f 879//1105 898//1121 881//1106
f 879//1105 881//1106 878//1102
f 883//1111 884//1109 900//1120
f 899//1110 900//1120 884//1109
f 1009//1127 901//1128 908//1129
f 909//1130 908//1129 906//1131
f 908//1129 902//1132 904//1133
f 902//1132 883//1111 900//1120
f 903//1134 902//1132 900//1120
f 1008//1135 1009//1127 909//1130
f 907//1136 1008//1135 909//1130
f 903//1134 904//1133 902//1132
f 904//1133 905//1137 908//1129
f 905//1137 906//1131 908//1129
f 908//1129 909//1130 1009//1127
f 902//1132 908//1129 901//1128
f 912//1138 913//1139 916//1140
f 915//1141 912//1138 911//1142
f 916//1140 914//1143 910//1144
f 990//1145 989//1146 914//1143
f 914//1143 989//1146 917//1147
f 917//1147 910//1144 914//1143
f 898//1121 880//1104 915//1141
f 916//1140 911//1142 912//1138
f 914//1143 916//1140 913//1139
f 912//1138 915//1141 880//1104
f 910//1144 785//989 773//970
f 915//1141 772//969 784//988
f 916//1140 773//970 911//1142
f 915//1141 784//988 898//1121
f 773//970 916//1140 910//1144
f 772//969 915//1141 911//1142
f 772//969 911//1142 773//970
f 785//989 910//1144 917//1147
f 785//989 917//1147 774//971
f 906//1131 907//1136 909//1130
f 900//1120 891//1119 903//1134
f 751//881 918//977 927//183
f 927//183 671//183 751//881
f 928//183 671//183 927//183
f 927//183 929//183 928//183
f 930//183 892//183 792//183
f 792//183 931//183 930//183
f 792//183 892//183 786//990
f 786//990 766//980 792//183
f 934//1148 932//1149 933//1150
f 929//1151 934//1148 935//1152
f 935//1152 928//1153 929//1151
f 933//1150 935//1152 934//1148
f 932//1149 936//1154 937//1155
f 937//1155 933//1150 932//1149
f 937//1155 936//1154 938//1156
f 938//1156 939//1157 937//1155
f 938//1156 940//1158 941//1159
f 941//1159 939//1157 938//1156
f 942//1160 930//1161 931//1162
f 940//1158 942//1160 943//1163
f 943//1163 941//1159 940//1158
f 931//1162 943//1163 942//1160
f 946//1164 792//1164 793//1164
f 794//1164 948//1164 947//1164
f 944//1165 672//1164 715//915
f 715//915 691//878 681//1166
f 793//1164 947//1164 946//1164
f 715//915 945//1167 944//1165
f 945//1167 681//1166 677//1168
f 715//915 672//1164 933//1169
f 939//1170 941//1164 949//1171
f 947//1164 793//1164 794//1164
f 717//919 715//915 937//1172
f 933//1169 937//1172 715//915
f 931//1164 792//1164 946//1164
f 715//915 681//1166 945//1167
f 677//1168 674//1164 950//1164
f 937//1172 939//1170 717//919
f 946//1164 949//1171 943//1164
f 674//1164 951//1164 950//1164
f 944//1165 951//1164 672//1164
f 949//1171 941//1164 943//1164
f 952//1173 948//1164 794//1164
f 949//1171 952//1173 717//919
f 674//1164 672//1164 951//1164
f 672//1164 671//1164 928//1164
f 795//1174 796//1001 952//1173
f 928//1164 935//1164 672//1164
f 943//1164 931//1164 946//1164
f 952//1173 796//1001 717//919
f 950//1164 945//1167 677//1168
f 935//1164 933//1169 672//1164
f 745//922 717//919 796//1001
f 794//1164 795//1174 952//1173
f 939//1170 949//1171 717//919
f 796//1001 828//1007 745//922
f 951//1175 944//1176 954//1177
f 950//1178 951//1175 955//1179
f 955//1179 956//1180 950//1178
f 945//1181 950//1178 957//1182
f 944//1176 945//1181 957//1182
f 957//1182 953//1183 944//1176
f 956//1180 957//1182 950//1178
f 954//1177 955//1179 951//1175
f 953//1183 954//1177 944//1176
f 956//1184 955//1184 960//1184
f 956//1184 960//1184 958//1184
f 959//1184 961//1184 954//1184
f 961//1184 955//1184 954//1184
f 958//1184 962//1184 957//1184
f 963//1184 953//1184 957//1184
f 954//1184 953//1184 959//1184
f 955//1184 961//1184 960//1184
f 957//1184 956//1184 958//1184
f 957//1184 962//1184 963//1184
f 953//1184 963//1184 959//1184
f 959//1185 963//1186 964//1187
f 961//1188 959//1185 964//1187
f 960//1189 961//1188 965//1190
f 958//1191 960//1189 967//1192
f 962//1193 958//1191 967//1192
f 963//1186 962//1193 968//1194
f 969//1195 964//1187 963//1186
f 968//1194 969//1195 963//1186
f 967//1192 968//1194 962//1193
f 966//1196 967//1192 960//1189
f 965//1190 966//1196 960//1189
f 964//1187 965//1190 961//1188
f 905//1137 970//1197 938//1198
f 940//1184 938//1198 970//1197
f 969//1199 905//1137 936//1200
f 905//1137 938//1198 936//1200
f 970//1197 905//1137 904//1133
f 967//1201 921//1202 922//1203
f 936//1200 964//1184 969//1199
f 921//1202 967//1201 966//1204
f 925//1205 926//1206 969//1199
f 907//1136 906//1131 969//1199
f 942//1184 940//1184 971//1184
f 936//1200 932//1184 964//1184
f 922//1203 923//1207 968//1208
f 969//1199 968//1208 924//1209
f 906//1131 905//1137 969//1199
f 932//1184 934//1184 964//1184
f 965//1210 964//1184 934//1184
f 927//1211 966//1204 965//1210
f 966//1204 927//1211 919//1212
f 966//1204 919//1212 920//1213
f 966//1204 920//1213 921//1202
f 942//1184 971//1184 972//1214
f 926//1206 907//1136 969//1199
f 970//1197 971//1184 940//1184
f 970//1197 903//1134 891//1119
f 973//1215 891//1119 885//1126
f 973//1215 885//1126 886//1116
f 968//1208 967//1201 922//1203
f 970//1197 904//1133 903//1134
f 888//1117 974//1216 973//1215
f 972//1214 975//1217 893//1123
f 924//1209 925//1205 969//1199
f 893//1123 892//1122 972//1214
f 934//1184 929//1218 965//1210
f 923//1207 924//1209 968//1208
f 891//1119 973//1215 970//1197
f 973//1215 886//1116 887//1125
f 973//1215 887//1125 888//1117
f 974//1216 888//1117 889//1124
f 889//1124 890//1118 975//1217
f 972//1214 930//1219 942//1184
f 965//1210 929//1218 927//1211
f 890//1118 893//1123 975//1217
f 972//1214 892//1122 930//1219
f 975//1217 974//1216 889//1124
f 977//1220 976//1221 975//1222
f 978//1223 977//1220 971//1224
f 979//1225 978//1223 970//1226
f 980//1227 979//1225 973//1228
f 981//1229 980//1227 973//1228
f 976//1221 981//1229 974//1230
f 973//1228 974//1230 981//1229
f 970//1226 973//1228 979//1225
f 971//1224 970//1226 978//1223
f 972//1231 971//1224 977//1220
f 975//1222 972//1231 977//1220
f 974//1230 975//1222 976//1221
f 979//1184 983//1184 982//1184
f 976//1184 984//1184 985//1184
f 976//1184 977//1184 984//1184
f 977//1184 978//1184 982//1184
f 977//1184 982//1184 984//1184
f 979//1184 980//1184 983//1184
f 982//1184 978//1184 979//1184
f 985//1184 986//1184 981//1184
f 981//1184 976//1184 985//1184
f 986//1184 983//1184 980//1184
f 986//1184 980//1184 981//1184
f 946//1232 947//1233 984//1234
f 949//1235 946//1232 984//1234
f 952//1236 949//1235 982//1237
f 948//1238 952//1236 983//1239
f 947//1233 948//1238 985//1240
f 986//1241 985//1240 948//1238
f 983//1239 986//1241 948//1238
f 982//1237 983//1239 952//1236
f 984//1234 982//1237 949//1235
f 985//1240 984//1234 947//1233
f 799//1009 913//1139 912//1138
f 799//1009 990//1145 914//1143
f 799//1009 987//1242 990//1145
f 806//1017 808//1016 800//1243
f 914//1143 913//1139 799//1009
f 800//1243 866//1103 806//1017
f 880//1104 803//1244 805//1245
f 880//1104 866//1103 800//1243
f 805//1245 912//1138 880//1104
f 800//1243 803//1244 880//1104
f 805//1245 799//1009 912//1138
f 917//1147 989//1146 991//1246
f 996//1247 988//1248 994//1249
f 996//1247 997//1250 998//1251
f 998//1251 993//1252 992//1253
f 998//1251 992//1253 991//1246
f 990//1145 987//1242 988//1248
f 997//1250 994//1249 995//1254
f 989//1146 990//1145 996//1247
f 989//1146 996//1247 991//1246
f 997//1250 996//1247 994//1249
f 998//1251 991//1246 996//1247
f 998//1251 997//1250 995//1254
f 988//1248 996//1247 990//1145
f 1001//1255 1002//1256 779//976
f 1003//1257 1001//1255 768//963
f 1004//1258 1003//1257 777//974
f 1001//1255 920//1213 919//1212
f 919//1212 1002//1256 1001//1255
f 1001//1255 921//1202 920//1213
f 1003//1257 922//1203 921//1202
f 921//1202 1001//1255 1003//1257
f 1003//1257 923//1207 922//1203
f 1004//1258 924//1209 923//1207
f 923//1207 1003//1257 1004//1258
f 1004//1258 925//1205 924//1209
f 1010//1259 926//1206 925//1205
f 925//1205 1004//1258 1010//1259
f 1004//1258 1000//1260 1010//1259
f 927//1211 1002//1256 919//1212
f 1002//1256 927//1211 918//977
f 918//977 779//976 1002//1256
f 774//971 917//1147 991//1246
f 1004//1258 775//972 992//1253
f 992//1253 1000//1260 1004//1258
f 774//971 991//1246 992//1253
f 992//1253 775//972 774//971
f 999//1261 907//1136 926//1206
f 1010//1259 999//1261 926//1206
f 776//973 775//972 1004//1258
f 777//974 776//973 1004//1258
f 767//962 777//974 1003//1257
f 768//963 767//962 1003//1257
f 778//975 768//963 1001//1255
f 779//976 778//975 1001//1255
f 1007//1262 1010//1259 1000//1260
f 1000//1260 992//1253 993//1252
f 1005//1263 993//1252 998//1251
f 1013//1264 1005//1263 995//1254
f 1005//1263 1006//1265 993//1252
f 1000//1260 993//1252 1006//1265
f 1006//1265 1007//1262 1000//1260
f 998//1251 995//1254 1005//1263
f 1010//1259 1014//1266 999//1261
f 999//1261 1009//1127 1008//1135
f 999//1261 1008//1135 907//1136
f 710//912 987//1242 799//1009
f 702//1267 703//1268 666//1269
f 703//1268 709//1270 664//1271
f 709//1270 713//1272 664//1271
f 720//924 723//928 1011//1273
f 1011//1273 711//914 720//924
f 711//914 1011//1273 1012//1274
f 713//1272 711//914 1012//1274
f 713//1272 1012//1274 664//1271
f 664//1271 666//1269 703//1268
f 664//1271 1012//1274 1013//1264
f 663//1275 664//1271 1013//1264
f 663//1275 1013//1264 995//1254
f 661//1276 663//1275 995//1254
f 995//1254 994//1249 661//1276
f 661//1276 994//1249 704//903
f 710//912 704//903 994//1249
f 994//1249 988//1248 710//912
f 988//1248 987//1242 710//912
f 661//1276 694//905 701//1277
f 704//903 694//905 661//1276
f 669//1278 661//1276 701//1277
f 701//1277 702//1267 669//1278
f 702//1267 666//1269 669//1278
f 799//1009 714//1008 710//912
f 722//1279 725//1280 902//1132
f 737//943 867//1108 734//1281
f 1011//1273 901//1128 1009//1127
f 902//1132 901//1128 722//1279
f 734//1281 736//942 737//943
f 883//1111 902//1132 725//1280
f 723//928 722//1279 901//1128
f 883//1111 731//1282 734//1281
f 723//928 901//1128 1011//1273
f 734//1281 867//1108 883//1111
f 725//1280 731//1282 883//1111
f 1012//1274 1016//1283 1015//1284
f 1009//1127 1016//1283 1011//1273
f 999//1261 1014//1266 1016//1283
f 1007//1262 1014//1266 1010//1259
f 1013//1264 1015//1284 1005//1263
f 1009//1127 999//1261 1016//1283
f 1016//1283 1012//1274 1011//1273
f 1014//1266 1006//1265 1016//1283
f 1006//1265 1015//1284 1016//1283
f 1006//1265 1005//1263 1015//1284
f 1015//1284 1013//1264 1012//1274
f 1007//1262 1006//1265 1014//1266
f 1050//1309 1049//1308 1082//1342
f 1082//1342 1083//183 1050//1309
f 1083//183 1084//1343 1050//1309
f 1049//1308 1067//1291 1082//1342
f 1067//1291 1085//1344 1082//1342
f 1051//1290 1086//1345 1085//1344
f 1085//1344 1067//1291 1051//1290
f 1086//1345 1051//1290 1050//1309
f 1050//1309 1084//1343 1086//1345
f 1547//1757 1507//1758 1506//1759
f 1506//1759 1084//1760 1547//1757
f 1086//1345 1508//1761 1558//1762
f 1086//1345 1084//1760 1508//1761
f 1507//1758 1547//1757 1558//1762
f 1570//1763 1573//1764 1568//1765
f 1086//1345 1546//1766 1545//1767
f 1525//1768 1509//1769 1510//1770
f 1512//1771 1510//1770 1509//1769
f 1525//1768 1514//1772 1522//1773
f 1509//1769 1525//1768 1550//1774
f 1511//1775 1513//1776 1522//1773
f 1545//1767 1566//1777 1082//1778
f 1566//1777 1567//1779 1082//1778
f 1082//1778 1085//1344 1515//1780
f 1085//1344 1516//1781 1515//1780
f 1086//1345 1517//1782 1516//1781
f 1545//1767 1518//1783 1517//1782
f 1518//1783 1545//1767 1082//1778
f 1517//1782 1086//1345 1545//1767
f 1515//1780 1518//1783 1082//1778
f 1516//1781 1085//1344 1086//1345
f 1519//1784 1083//1785 1525//1768
f 1520//1786 1083//1785 1519//1784
f 1521//1787 1520//1786 1519//1784
f 1084//1760 1520//1786 1522//1773
f 1520//1786 1084//1760 1083//1785
f 1525//1768 1522//1773 1523//1788
f 1527//1789 1538//1790 1526//1791
f 1527//1789 1541//1792 1538//1790
f 1567//1779 1527//1789 1528//1793
f 1082//1778 1528//1793 1529//1794
f 1528//1793 1082//1778 1567//1779
f 1567//1779 1541//1792 1527//1789
f 1529//1794 1531//1795 1530//1796
f 1082//1778 1530//1796 1531//1795
f 1530//1796 1082//1778 1529//1794
f 1531//1795 1083//1785 1082//1778
f 1525//1768 1531//1795 1533//1797
f 1550//1774 1525//1768 1533//1797
f 1533//1797 1532//1798 1550//1774
f 1532//1798 1565//1799 1550//1774
f 1532//1798 1534//1800 1565//1799
f 1565//1799 1534//1800 1526//1791
f 1558//1762 1538//1790 1535//1801
f 1535//1801 1536//1802 1558//1762
f 1536//1802 1576//1803 1558//1762
f 1539//1804 1541//1792 1576//1803
f 1545//1767 1544//1805 1566//1777
f 1543//1806 1542//1807 1544//1805
f 1544//1805 1545//1767 1543//1806
f 1543//1806 1546//1766 1542//1807
f 1565//1799 1547//1757 1549//1808
f 1547//1757 1548//1809 1549//1808
f 1550//1774 1565//1799 1549//1808
f 1554//1810 1513//1776 1552//1811
f 1552//1811 1513//1776 1550//1774
f 1552//1811 1551//1812 1554//1810
f 1553//1813 1554//1810 1551//1812
f 1554//1810 1547//1757 1513//1776
f 1555//1814 1566//1777 1544//1805
f 1544//1805 1542//1807 1556//1815
f 1555//1814 1556//1815 1557//1816
f 1556//1815 1555//1814 1544//1805
f 1566//1777 1555//1814 1557//1816
f 1557//1816 1556//1815 1570//1763
f 1557//1816 1570//1763 1566//1777
f 1558//1762 1547//1757 1559//1817
f 1559//1817 1547//1757 1560//1818
f 1561//1819 1559//1817 1564//1820
f 1565//1799 1561//1819 1564//1820
f 1559//1817 1563//1821 1558//1762
f 1562//1822 1561//1819 1538//1790
f 1561//1819 1565//1799 1538//1790
f 1569//1823 1568//1765 1567//1779
f 1569//1823 1567//1779 1566//1777
f 1569//1823 1570//1763 1568//1765
f 1568//1765 1572//1824 1571//1825
f 1568//1765 1573//1764 1572//1824
f 1571//1825 1567//1779 1568//1765
f 1573//1764 1574//1826 1572//1824
f 1576//1803 1575//1827 1579//1828
f 1575//1827 1576//1803 1541//1792
f 1577//1829 1579//1828 1575//1827
f 1575//1827 1541//1792 1577//1829
f 1574//1826 1577//1829 1578//1830
f 1574//1826 1573//1764 1576//1803
f 1577//1829 1571//1825 1578//1830
f 1571//1825 1577//1829 1541//1792
f 1531//1795 1525//1768 1083//1785
f 1565//1799 1526//1791 1538//1790
f 1541//1792 1567//1779 1571//1825
f 1522//1773 1513//1776 1547//1757
f 1522//1773 1547//1757 1084//1760
f 1506//1759 1508//1761 1084//1760
f 1558//1762 1576//1803 1086//1345
f 1576//1803 1573//1764 1086//1345
f 1573//1764 1570//1763 1086//1345
f 1570//1763 1542//1807 1086//1345
f 1542//1807 1546//1766 1086//1345
f 1574//1826 1578//1830 1572//1824
f 1585//1232 1582//1233 1584//1234
f 1586//1235 1585//1232 1584//1234
f 1588//1236 1586//1235 1587//1237
f 1590//1238 1588//1236 1589//1239
f 1582//1233 1590//1238 1583//1240
f 1591//1241 1583//1240 1590//1238
f 1589//1239 1591//1241 1590//1238
f 1587//1237 1589//1239 1588//1236
f 1584//1234 1587//1237 1586//1235
f 1583//1240 1584//1234 1582//1233
f 1593//1184 1583//1184 1591//1184
f 1594//1184 1589//1184 1587//1184
f 1587//1184 1597//1184 1592//1184
f 1591//1184 1589//1184 1595//1184
f 1583//1184 1593//1184 1596//1184
f 1587//1184 1584//1184 1597//1184
f 1587//1184 1592//1184 1594//1184
f 1591//1184 1595//1184 1593//1184
f 1584//1184 1583//1184 1596//1184
f 1584//1184 1596//1184 1597//1184
f 1589//1184 1594//1184 1595//1184
f 1597//1220 1596//1221 1598//1222
f 1592//1223 1597//1220 1600//1224
f 1594//1225 1592//1223 1601//1226
f 1595//1227 1594//1225 1602//1228
f 1593//1229 1595//1227 1602//1228
f 1596//1221 1593//1229 1603//1230
f 1602//1228 1603//1230 1593//1229
f 1601//1226 1602//1228 1594//1225
f 1600//1224 1601//1226 1592//1223
f 1599//1231 1600//1224 1597//1220
f 1598//1222 1599//1231 1597//1220
f 1603//1230 1598//1222 1596//1221
f 1604//1836 1636//1837 1637//1838
f 1604//1836 1635//1839 1636//1837
f 1637//1838 1605//1840 1604//1836
f 1604//1836 1601//1841 1633//1842
f 1605//1840 1637//1838 1606//1843
f 1606//1843 1638//1844 1639//1845
f 1604//1836 1634//1846 1635//1839
f 1606//1843 1637//1838 1638//1844
f 1633//1842 1634//1846 1604//1836
f 1606//1843 1640//1847 1641//1848
f 1644//1849 1645//1850 1607//1851
f 1606//1843 1639//1845 1640//1847
f 1601//1841 1604//1836 1608//1184
f 1609//1184 1602//1852 1601//1841
f 1645//1850 1610//1853 1607//1851
f 1610//1853 1645//1850 1646//1854
f 1647//1855 1648//1856 1610//1853
f 1601//1841 1600//1857 1633//1842
f 1601//1841 1608//1184 1609//1184
f 1606//1843 1641//1848 1642//1858
f 1646//1854 1647//1855 1610//1853
f 1629//1859 1630//1860 1598//1861
f 1648//1856 1612//1862 1610//1853
f 1632//1863 1633//1842 1599//1864
f 1642//1858 1611//1865 1606//1843
f 1609//1184 1613//1866 1602//1852
f 1611//1865 1642//1858 1643//1867
f 1644//1849 1607//1851 1611//1865
f 1630//1860 1631//1868 1599//1864
f 1600//1857 1599//1864 1633//1842
f 1611//1865 1643//1867 1644//1849
f 1599//1864 1598//1861 1630//1860
f 1648//1856 1614//1869 1612//1862
f 1606//1843 1617//1184 1616//1184
f 1631//1868 1632//1863 1599//1864
f 1612//1862 1614//1869 1615//1184
f 1617//1184 1615//1184 1616//1184
f 1602//1852 1618//1870 1627//1871
f 1603//1872 1627//1871 1628//1873
f 1603//1872 1628//1873 1629//1859
f 1616//1184 1605//1840 1606//1843
f 1615//1184 1617//1184 1612//1862
f 1613//1866 1618//1870 1602//1852
f 1627//1871 1603//1872 1602//1852
f 1598//1861 1603//1872 1629//1859
f 1609//1874 1608//1875 1619//1876
f 1613//1877 1609//1874 1620//1878
f 1620//1878 1621//1879 1613//1877
f 1619//1876 1620//1878 1609//1874
f 1615//1880 1614//1881 1622//1882
f 1616//1883 1615//1880 1623//1884
f 1623//1884 1624//1885 1616//1883
f 1622//1882 1623//1884 1615//1880
f 1605//1886 1625//1887 1626//1888
f 1626//1888 1604//1889 1605//1886
f 1626//1888 1619//1876 1608//1875
f 1608//1875 1604//1889 1626//1888
f 1624//1885 1625//1887 1605//1886
f 1605//1886 1616//1883 1624//1885
f 1651//1890 1663//1891 1664//1892
f 1652//1893 1664//1892 1665//1894
f 1652//1893 1665//1894 1666//1895
f 1653//1896 1666//1895 1667//1897
f 1653//1896 1667//1897 1668//1898
f 1654//1899 1668//1898 1669//1900
f 1654//1899 1669//1900 1670//1901
f 1655//1902 1670//1901 1671//1903
f 1655//1902 1671//1903 1672//1904
f 1656//1905 1672//1904 1673//1906
f 1656//1905 1673//1906 1674//1907
f 1657//1908 1674//1907 1675//1909
f 1658//1910 1675//1909 1676//1911
f 1658//1910 1676//1911 1677//1912
f 1659//1913 1677//1912 1678//1914
f 1660//1915 1678//1914 1679//1916
f 1660//1915 1679//1916 1680//1917
f 1661//1918 1680//1917 1681//1919
f 1661//1918 1681//1919 1682//1920
f 1662//1921 1682//1920 1683//1922
f 1652//1893 1628//1873 1627//1871
f 1627//1871 1651//1890 1652//1893
f 1652//1893 1629//1859 1628//1873
f 1653//1896 1630//1860 1629//1859
f 1653//1896 1631//1868 1630//1860
f 1654//1899 1632//1863 1631//1868
f 1654//1899 1633//1842 1632//1863
f 1655//1902 1634//1846 1633//1842
f 1655//1902 1635//1839 1634//1846
f 1656//1905 1636//1837 1635//1839
f 1656//1905 1637//1838 1636//1837
f 1638//1844 1656//1905 1657//1908
f 1657//1908 1658//1910 1639//1845
f 1658//1910 1659//1913 1641//1848
f 1659//1913 1660//1915 1642//1858
f 1660//1915 1661//1918 1644//1849
f 1661//1918 1662//1921 1646//1854
f 1651//1890 1627//1871 1618//1870
f 1663//1891 1651//1890 1649//1923
f 1662//1921 1683//1922 1650//1924
f 1647//1855 1662//1921 1648//1856
f 1650//1924 1648//1856 1662//1921
f 1618//1870 1649//1923 1651//1890
f 1647//1855 1646//1854 1662//1921
f 1646//1854 1645//1850 1661//1918
f 1645//1850 1644//1849 1661//1918
f 1644//1849 1643//1867 1660//1915
f 1643//1867 1642//1858 1660//1915
f 1642//1858 1641//1848 1659//1913
f 1641//1848 1640//1847 1658//1910
f 1640//1847 1639//1845 1658//1910
f 1639//1845 1638//1844 1657//1908
f 1638//1844 1637//1838 1656//1905
f 1635//1839 1655//1902 1656//1905
f 1633//1842 1654//1899 1655//1902
f 1631//1868 1653//1896 1654//1899
f 1629//1859 1652//1893 1653//1896
f 1682//1920 1662//1921 1661//1918
f 1680//1917 1661//1918 1660//1915
f 1678//1914 1660//1915 1659//1913
f 1677//1912 1659//1913 1658//1910
f 1675//1909 1658//1910 1657//1908
f 1674//1907 1657//1908 1656//1905
f 1672//1904 1656//1905 1655//1902
f 1670//1901 1655//1902 1654//1899
f 1668//1898 1654//1899 1653//1896
f 1666//1895 1653//1896 1652//1893
f 1664//1892 1652//1893 1651//1890
f 1683//1922 1688//1925 1684//1926
f 1682//1920 1691//1927 1688//1925
f 1673//1906 1704//1928 1703//1929
f 1670//1901 1669//1900 1709//1930
f 1669//1900 1668//1898 1710//1931
f 1688//1925 1683//1922 1682//1920
f 1681//1919 1692//1932 1691//1927
f 1680//1917 1693//1933 1692//1932
f 1679//1916 1695//1934 1693//1933
f 1677//1912 1698//1935 1697//1936
f 1676//1911 1699//1937 1698//1935
f 1703//1929 1674//1907 1673//1906
f 1672//1904 1671//1903 1706//1938
f 1710//1931 1709//1930 1669//1900
f 1668//1898 1667//1897 1712//1939
f 1667//1897 1666//1895 1714//1940
f 1666//1895 1665//1894 1715//1941
f 1691//1927 1682//1920 1681//1919
f 1693//1933 1680//1917 1679//1916
f 1678//1914 1697//1936 1695//1934
f 1698//1935 1677//1912 1676//1911
f 1674//1907 1703//1929 1702//1942
f 1706//1938 1704//1928 1672//1904
f 1712//1939 1710//1931 1668//1898
f 1715//1941 1714//1940 1666//1895
f 1664//1892 1663//1891 1718//1943
f 1663//1891 1649//1923 1686//1944
f 1692//1932 1681//1919 1680//1917
f 1697//1936 1678//1914 1677//1912
f 1675//1909 1702//1942 1699//1937
f 1673//1906 1672//1904 1704//1928
f 1671//1903 1670//1901 1708//1945
f 1714//1940 1712//1939 1667//1897
f 1665//1894 1664//1892 1716//1946
f 1686//1944 1718//1943 1663//1891
f 1695//1934 1679//1916 1678//1914
f 1702//1942 1675//1909 1674//1907
f 1709//1930 1708//1945 1670//1901
f 1718//1943 1716//1946 1664//1892
f 1699//1937 1676//1911 1675//1909
f 1716//1946 1715//1941 1665//1894
f 1708//1945 1706//1938 1671//1903
f 1684//1926 1650//1924 1683//1922
f 1684//1926 1685//319 1648//319
f 1614//319 1648//319 1685//319
f 1685//319 1622//319 1614//319
f 1648//319 1650//1924 1684//1926
f 1687//319 1686//1944 1649//1923
f 1613//319 1621//319 1687//319
f 1649//1923 1618//319 1687//319
f 1687//319 1618//319 1613//319
f 1685//1947 1684//1926 1688//1925
f 1688//1925 1689//1948 1685//1947
f 1690//1949 1689//1948 1691//1927
f 1690//1949 1692//1932 1693//1933
f 1693//1933 1694//1950 1690//1949
f 1694//1950 1693//1933 1695//1934
f 1696//1951 1694//1950 1697//1936
f 1697//1936 1698//1935 1696//1951
f 1696//1951 1698//1935 1699//1937
f 1699//1937 1700//1952 1696//1951
f 1701//1953 1700//1952 1702//1942
f 1700//1952 1699//1937 1702//1942
f 1701//1953 1703//1929 1704//1928
f 1704//1928 1705//1954 1701//1953
f 1705//1954 1704//1928 1706//1938
f 1707//1955 1705//1954 1708//1945
f 1707//1955 1709//1930 1710//1931
f 1710//1931 1711//1956 1707//1955
f 1711//1956 1710//1931 1712//1939
f 1713//1957 1711//1956 1714//1940
f 1714//1940 1715//1941 1713//1957
f 1713//1957 1715//1941 1716//1946
f 1716//1946 1717//1958 1713//1957
f 1687//1959 1717//1958 1718//1943
f 1717//1958 1716//1946 1718//1943
f 1718//1943 1686//1944 1687//1959
f 1712//1939 1714//1940 1711//1956
f 1708//1945 1709//1930 1707//1955
f 1706//1938 1708//1945 1705//1954
f 1702//1942 1703//1929 1701//1953
f 1695//1934 1697//1936 1694//1950
f 1691//1927 1692//1932 1690//1949
f 1688//1925 1691//1927 1689//1948
f 1626//1164 1625//1164 1701//1164
f 1625//1164 1700//1164 1701//1164
f 1701//1164 1705//1164 1626//1164
f 1719//1164 1700//1164 1625//1164
f 1626//1164 1705//1164 1586//1164
f 1619//1164 1626//1164 1586//1164
f 1586//1164 1705//1164 1707//1164
f 1586//1164 1707//1164 1711//1164
f 1711//1164 1713//1164 1582//1164
f 1624//1164 1623//1164 1720//1164
f 1625//1164 1624//1164 1719//1164
f 1585//1164 1586//1164 1711//1164
f 1685//1164 1721//1164 1720//1164
f 1713//1164 1717//1164 1590//1164
f 1721//1164 1689//1164 1690//1164
f 1717//1164 1687//1164 1590//1164
f 1590//1164 1621//1164 1620//1164
f 1720//1164 1719//1164 1624//1164
f 1720//1164 1622//1164 1685//1164
f 1590//1164 1582//1164 1713//1164
f 1620//1164 1588//1164 1590//1164
f 1690//1164 1694//1164 1722//1164
f 1719//1164 1722//1164 1694//1164
f 1721//1164 1685//1164 1689//1164
f 1620//1164 1619//1164 1588//1164
f 1586//1164 1588//1164 1619//1164
f 1722//1164 1721//1164 1690//1164
f 1694//1164 1696//1164 1719//1164
f 1623//1164 1622//1164 1720//1164
f 1590//1164 1687//1164 1621//1164
f 1696//1164 1700//1164 1719//1164
f 1582//1164 1585//1164 1711//1164
f 1722//1175 1719//1176 1724//1177
f 1721//1178 1722//1175 1725//1179
f 1725//1179 1726//1180 1721//1178
f 1720//1181 1721//1178 1727//1182
f 1719//1176 1720//1181 1727//1182
f 1727//1182 1723//1183 1719//1176
f 1726//1180 1727//1182 1721//1178
f 1724//1177 1725//1179 1722//1175
f 1723//1183 1724//1177 1719//1176
f 1726//1184 1725//1184 1728//1184
f 1726//1184 1728//1184 1729//1184
f 1731//1184 1727//1184 1726//1184
f 1731//1184 1730//1184 1727//1184
f 1730//1184 1723//1184 1727//1184
f 1730//1184 1732//1184 1723//1184
f 1732//1184 1724//1184 1723//1184
f 1733//1184 1728//1184 1725//1184
f 1725//1184 1724//1184 1733//1184
f 1724//1184 1732//1184 1733//1184
f 1726//1184 1729//1184 1731//1184
f 1732//1185 1730//1186 1606//1187
f 1733//1188 1732//1185 1606//1187
f 1728//1189 1733//1188 1611//1190
f 1729//1191 1728//1189 1610//1192
f 1731//1193 1729//1191 1610//1192
f 1730//1186 1731//1193 1612//1194
f 1617//1195 1606//1187 1730//1186
f 1612//1194 1617//1195 1730//1186
f 1610//1192 1612//1194 1731//1193
f 1607//1196 1610//1192 1728//1189
f 1611//1190 1607//1196 1728//1189
f 1606//1187 1611//1190 1733//1188
f 1740//1960 1734//1961 1739//1962
f 1740//1963 1735//1964 1734//1965
f 1740//1966 1736//1967 1735//1968
f 1740//1969 1737//1970 1736//1971
f 1740//1972 1738//1973 1737//1974
f 1740//1975 1739//1976 1738//1977
f 1735//1978 1736//1979 1741//1980
f 1734//1981 1735//1978 1742//1982
f 1738//1983 1739//1984 1743//1985
f 1737//1986 1738//1983 1744//1987
f 1736//1979 1737//1986 1745//1988
f 1744//1987 1745//1988 1737//1986
f 1743//1985 1744//1987 1738//1983
f 1739//1984 1734//1981 1743//1985
f 1742//1982 1743//1985 1734//1981
f 1741//1980 1742//1982 1735//1978
f 1745//1988 1741//1980 1736//1979
f 1742//1989 1746//1990 1747//1991
f 1745//1992 1744//1993 1748//1994
f 1749//1995 1742//1989 1747//1991
f 1747//1991 1752//1996 1749//1995
f 1744//1993 1781//1997 1748//1994
f 1741//1998 1754//1999 1746//1990
f 1756//2000 1751//2001 1762//2002
f 1751//2001 1757//2003 1750//2004
f 1743//2005 1742//1989 1749//1995
f 1781//1997 1744//1993 1743//2005
f 1758//2006 1757//2003 1753//2007
f 1746//1990 1742//1989 1741//1998
f 1761//2008 1759//2009 1758//2006
f 1759//2009 1756//2000 1762//2002
f 1757//2003 1751//2001 1753//2007
f 1748//1994 1754//1999 1745//1992
f 1759//2009 1761//2008 1763//2010
f 1755//2011 1758//2006 1759//2009
f 1751//2001 1749//1995 1753//2007
f 1743//2005 1749//1995 1781//1997
f 1754//1999 1741//1998 1745//1992
f 1754//1999 1759//2009 1763//2010
f 1751//2001 1750//2004 1762//2002
f 1758//2006 1753//2007 1761//2008
f 1760//2012 1746//1990 1754//1999
f 1763//2010 1760//2012 1754//1999
f 1752//1996 1753//2007 1749//1995
f 1762//2002 1755//2011 1759//2009
f 1764//2013 1765//2014 1754//2015
f 1754//2015 1748//2016 1764//2013
f 1766//2017 1767//2018 1765//2019
f 1765//2019 1764//2020 1766//2017
f 1768//2021 1759//2022 1754//2015
f 1754//2015 1765//2014 1768//2021
f 1767//2018 1769//2023 1768//2024
f 1768//2024 1765//2019 1767//2018
f 1767//2018 1766//2017 1771//2025
f 1771//2025 1770//2026 1767//2018
f 1764//2020 1772//2027 1766//2017
f 1771//2025 1766//2017 1772//2027
f 1773//2028 1771//2025 1772//2027
f 1772//2027 1774//2029 1773//2028
f 1776//2030 1767//2018 1770//2026
f 1767//2018 1776//2030 1769//2023
f 1768//2024 1769//2023 1775//2031
f 1769//2023 1776//2030 1775//2031
f 1775//2031 1777//2032 1778//2033
f 1777//2032 1775//2031 1776//2030
f 1748//2016 1781//2034 1780//2035
f 1780//2035 1764//2013 1748//2016
f 1780//2035 1781//2034 1779//2036
f 1782//2037 1756//2038 1759//2022
f 1759//2022 1768//2021 1782//2037
f 1782//2037 1783//2039 1756//2038
f 1761//2040 1753//2041 1784//2042
f 1763//2043 1761//2040 1785//2044
f 1760//2045 1763//2043 1786//2046
f 1746//2047 1760//2045 1787//2048
f 1747//2049 1746//2047 1788//2050
f 1752//2051 1747//2049 1789//2052
f 1753//2041 1752//2051 1790//2053
f 1789//2052 1790//2053 1752//2051
f 1788//2050 1789//2052 1747//2049
f 1787//2048 1788//2050 1746//2047
f 1786//2046 1787//2048 1760//2045
f 1785//2044 1786//2046 1763//2043
f 1784//2042 1785//2044 1761//2040
f 1790//2053 1784//2042 1753//2041
f 1792//183 1786//183 1785//183
f 1785//183 1791//183 1792//183
f 1793//183 1791//183 1785//183
f 1798//183 1794//209 1789//520
f 1785//183 1784//183 1793//183
f 1794//209 1795//520 1789//520
f 1795//520 1790//233 1789//520
f 1796//183 1793//183 1784//183
f 1797//183 1787//183 1786//183
f 1798//183 1788//183 1787//183
f 1789//520 1788//183 1798//183
f 1796//183 1784//183 1790//233
f 1795//520 1799//233 1790//233
f 1799//233 1796//183 1790//233
f 1787//183 1797//183 1798//183
f 1786//183 1792//183 1797//183
f 1801//2054 1777//2032 1776//2030
f 1802//2055 1770//2026 1771//2025
f 1771//2025 1773//2028 1800//2056
f 1776//2030 1803//2057 1801//2054
f 1776//2030 1770//2026 1803//2057
f 1800//2056 1802//2055 1771//2025
f 1770//2026 1802//2055 1803//2057
f 1801//2054 1807//2058 1777//2032
f 1792//2059 1791//2060 1801//2061
f 1797//2062 1792//2059 1803//2063
f 1798//2064 1797//2062 1802//2065
f 1794//2066 1798//2064 1802//2065
f 1800//2067 1795//2068 1794//2066
f 1795//2068 1800//2067 1804//2069
f 1799//2070 1795//2068 1804//2069
f 1804//2069 1805//2071 1799//2070
f 1796//2072 1799//2070 1805//2071
f 1805//2071 1806//2073 1796//2072
f 1796//2072 1806//2073 1807//2074
f 1807//2074 1801//2061 1791//2060
f 1807//2074 1791//2060 1793//2075
f 1807//2074 1793//2075 1796//2072
f 1802//2065 1800//2067 1794//2066
f 1803//2063 1802//2065 1797//2062
f 1801//2061 1803//2063 1792//2059
f 1808//2076 1777//2032 1807//2058
f 1807//2058 1806//2077 1808//2076
f 1811//2078 1806//2077 1805//2079
f 1806//2077 1811//2078 1809//2080
f 1809//2080 1808//2076 1806//2077
f 1811//2078 1805//2079 1804//2081
f 1773//2028 1804//2081 1800//2056
f 1804//2081 1773//2028 1811//2078
f 1773//2028 1774//2029 1810//2082
f 1811//2078 1810//2082 1816//2083
f 1810//2082 1811//2078 1773//2028
f 1812//2084 1808//2076 1809//2080
f 1778//2033 1777//2032 1812//2084
f 1808//2076 1812//2084 1777//2032
f 1815//2085 1813//2086 1816//2083
f 1814//2087 1816//2083 1813//2086
f 1811//2078 1816//2083 1814//2087
f 1813//2086 1820//2088 1809//2080
f 1809//2080 1811//2078 1814//2087
f 1809//2080 1814//2087 1813//2086
f 1818//2089 1813//2086 1815//2085
f 1813//2086 1818//2089 1817//2090
f 1809//2080 1819//2091 1812//2084
f 1820//2088 1819//2091 1809//2080
f 1819//2091 1821//2092 1822//2093
f 1821//2092 1819//2091 1820//2088
f 1824//2094 1823//2095 1755//2096
f 1825//2097 1824//2094 1762//2098
f 1762//2098 1750//2099 1826//2100
f 1827//2101 1826//2100 1750//2099
f 1828//2102 1827//2101 1757//2103
f 1823//2095 1828//2102 1758//2104
f 1757//2103 1758//2104 1828//2102
f 1750//2099 1757//2103 1827//2101
f 1826//2100 1825//2097 1762//2098
f 1755//2096 1762//2098 1824//2094
f 1758//2104 1755//2096 1823//2095
f 1829//1960 1825//1961 1826//1962
f 1829//2105 1824//2106 1825//1965
f 1829//1966 1823//1967 1824//1968
f 1829//1969 1828//1970 1823//1971
f 1829//1972 1827//1973 1828//1974
f 1829//1975 1826//1976 1827//1977
f 1830//2107 1832//2108 1831//2109
f 1830//2107 1831//2109 1834//2110
f 1833//2111 1831//2109 1832//2108
f 1835//2112 1834//2110 1836//2113
f 1837//2114 1838//2115 1839//2116
f 1841//2117 1836//2113 1842//2118
f 1834//2110 1835//2112 1830//2107
f 1832//2108 1843//2119 1844//2120
f 1843//2119 1845//2121 1844//2120
f 1845//2121 1846//2122 1847//2123
f 1848//2124 1849//2125 1850//2126
f 1848//2124 1851//2127 1849//2125
f 1851//2127 1852//2128 1837//2114
f 1840//2129 1886//2130 1821//2092
f 1840//2129 1853//2131 1886//2130
f 1855//2132 1856//2133 1857//2134
f 1856//2133 1858//2135 1842//2118
f 1836//2113 1841//2117 1835//2112
f 1844//2120 1833//2111 1832//2108
f 1847//2123 1844//2120 1845//2121
f 1859//2136 1850//2126 1847//2123
f 1839//2116 1851//2127 1837//2114
f 1854//2137 1817//2090 1871//2138
f 1854//2137 1813//2086 1817//2090
f 1861//2139 1854//2137 1871//2138
f 1863//2140 1864//2141 1861//2139
f 1842//2118 1857//2134 1856//2133
f 1847//2123 1846//2122 1859//2136
f 1851//2127 1848//2124 1852//2128
f 1838//2115 1866//2142 1839//2116
f 1866//2142 1886//2130 1860//2143
f 1886//2130 1853//2131 1860//2143
f 1813//2086 1854//2137 1840//2129
f 1861//2139 1862//2144 1863//2140
f 1864//2141 1863//2140 1865//2145
f 1840//2129 1820//2088 1813//2086
f 1865//2145 1867//2146 1864//2141
f 1867//2146 1855//2132 1868//2147
f 1842//2118 1858//2135 1841//2117
f 1860//2143 1839//2116 1866//2142
f 1868//2147 1864//2141 1867//2146
f 1850//2126 1859//2136 1848//2124
f 1861//2139 1871//2138 1862//2144
f 1821//2092 1820//2088 1840//2129
f 1857//2134 1868//2147 1855//2132
f 1817//2090 1818//2089 1869//2148
f 1869//2148 1871//2138 1817//2090
f 1870//2149 1871//2138 1869//2148
f 1872//2150 1886//2130 1866//2142
f 1875//2151 1848//2124 1859//2136
f 1877//2152 1832//2108 1830//2107
f 1879//2153 1830//2107 1835//2112
f 1881//2154 1835//2112 1841//2117
f 1882//2155 1855//2132 1867//2146
f 1871//2138 1870//2149 1862//2144
f 1855//2132 1882//2155 1873//2156
f 1855//2132 1873//2156 1856//2133
f 1835//2112 1881//2154 1880//2157
f 1835//2112 1880//2157 1879//2153
f 1830//2107 1879//2153 1878//2158
f 1830//2107 1878//2158 1877//2152
f 1832//2108 1877//2152 1876//2159
f 1832//2108 1876//2159 1843//2119
f 1848//2124 1875//2151 1874//2160
f 1848//2124 1874//2160 1852//2128
f 1869//2148 1818//2089 1883//2161
f 1870//2149 1869//2148 1884//2162
f 1883//2161 1884//2162 1869//2148
f 1886//2130 1885//2163 1822//2093
f 1886//2130 1872//2150 1885//2163
f 1822//2093 1821//2092 1886//2130
f 1885//2163 1872//2150 1887//2164
f 1822//2093 1885//2163 1887//2164
f 1887//2164 1888//2165 1822//2093
f 1853//2131 1840//2129 1890//2166
f 1860//2143 1853//2131 1890//2166
f 1851//2127 1839//2116 1891//2167
f 1849//2125 1851//2127 1893//2168
f 1850//2126 1849//2125 1893//2168
f 1844//2120 1847//2123 1894//2169
f 1833//2111 1844//2120 1895//2170
f 1831//2109 1833//2111 1895//2170
f 1834//2110 1831//2109 1896//2171
f 1836//2113 1834//2110 1897//2172
f 1842//2118 1836//2113 1898//2173
f 1857//2134 1842//2118 1898//2173
f 1868//2147 1857//2134 1900//2174
f 1864//2141 1868//2147 1900//2174
f 1861//2139 1864//2141 1901//2175
f 1854//2137 1861//2139 1902//2176
f 1840//2129 1854//2137 1889//2177
f 1903//2178 1889//2177 1854//2137
f 1902//2176 1903//2178 1854//2137
f 1901//2175 1902//2176 1861//2139
f 1900//2174 1901//2175 1864//2141
f 1899//2179 1900//2174 1857//2134
f 1898//2173 1899//2179 1857//2134
f 1897//2172 1898//2173 1836//2113
f 1896//2171 1897//2172 1834//2110
f 1895//2170 1896//2171 1831//2109
f 1894//2169 1895//2170 1844//2120
f 1850//2126 1894//2169 1847//2123
f 1892//2180 1893//2168 1851//2127
f 1891//2167 1892//2180 1851//2127
f 1860//2143 1891//2167 1839//2116
f 1889//2177 1890//2166 1840//2129
f 1904//319 1899//319 1898//319
f 1905//319 1898//319 1897//2181
f 1906//2182 1907//2183 1896//2184
f 1898//319 1905//319 1904//319
f 1908//319 1900//319 1899//319
f 1909//319 1901//319 1900//319
f 1910//319 1911//319 1902//319
f 1911//319 1912//319 1903//319
f 1896//2184 1895//2185 1906//2182
f 1913//2186 1897//2181 1896//2184
f 1913//2186 1905//319 1897//2181
f 1899//319 1904//319 1908//319
f 1902//319 1901//319 1910//319
f 1903//319 1902//319 1911//319
f 1900//319 1908//319 1909//319
f 1912//319 1914//319 1889//319
f 1914//319 1915//319 1890//2166
f 1916//2187 1917//319 1891//2188
f 1917//319 1918//319 1892//319
f 1919//2189 1850//2126 1893//2168
f 1896//2184 1907//2183 1913//2186
f 1901//319 1909//319 1910//319
f 1916//2187 1860//2143 1890//2166
f 1892//319 1891//2188 1917//319
f 1918//319 1893//2168 1892//319
f 1894//2190 1850//2126 1919//2189
f 1921//319 1895//2185 1894//2190
f 1890//2166 1889//319 1914//319
f 1891//2188 1860//2143 1916//2187
f 1893//2168 1920//319 1919//2189
f 1889//319 1903//319 1912//319
f 1894//2190 1919//2189 1921//319
f 1890//2166 1915//319 1916//2187
f 1895//2185 1921//319 1906//2182
f 1893//2168 1918//319 1920//319
f 1922//2191 1915//2192 1914//2193
f 1915//2192 1922//2191 1923//2194
f 1924//2195 1916//2196 1915//2192
f 1916//2196 1924//2195 1925//2197
f 1917//2198 1916//2196 1926//2199
f 1917//2198 1926//2199 1927//2200
f 1927//2200 1918//2201 1917//2198
f 1918//2201 1927//2200 1928//2202
f 1929//2203 1920//2204 1918//2201
f 1920//2204 1929//2203 1930//2205
f 1930//2205 1919//2206 1920//2204
f 1919//2206 1931//2207 1932//2208
f 1932//2208 1921//2209 1919//2206
f 1934//2210 1906//2211 1921//2209
f 1935//2212 1907//2213 1906//2211
f 1907//2213 1935//2212 1936//2214
f 1937//2215 1913//2216 1907//2213
f 1913//2216 1937//2215 1938//2217
f 1938//2217 1905//2218 1913//2216
f 1905//2218 1938//2217 1939//2219
f 1904//2220 1905//2218 1940//2221
f 1905//2218 1939//2219 1940//2221
f 1908//2222 1904//2220 1942//2223
f 1904//2220 1941//2224 1942//2223
f 1909//2225 1908//2222 1943//2226
f 1909//2225 1943//2226 1944//2227
f 1945//2228 1910//2229 1909//2225
f 1911//2230 1910//2229 1946//2231
f 1911//2230 1946//2231 1947//2232
f 1948//2233 1912//2234 1911//2230
f 1912//2234 1948//2233 1949//2235
f 1950//2236 1914//2193 1912//2234
f 1950//2236 1922//2191 1914//2193
f 1949//2235 1950//2236 1912//2234
f 1947//2232 1948//2233 1911//2230
f 1945//2228 1946//2231 1910//2229
f 1944//2227 1945//2228 1909//2225
f 1942//2223 1943//2226 1908//2222
f 1940//2221 1941//2224 1904//2220
f 1936//2214 1937//2215 1907//2213
f 1934//2210 1935//2212 1906//2211
f 1933//2237 1934//2210 1921//2209
f 1932//2208 1933//2237 1921//2209
f 1930//2205 1931//2207 1919//2206
f 1928//2202 1929//2203 1918//2201
f 1925//2197 1926//2199 1916//2196
f 1923//2194 1924//2195 1915//2192
f 1930//2205 1951//2238 1931//2207
f 1931//2207 1951//2238 1932//2208
f 1952//2239 1815//2085 1816//2083
f 1818//2089 1815//2085 1952//2239
f 1816//2083 1810//2082 1952//2239
f 1774//2029 1764//2020 1780//2240
f 1810//2082 1774//2029 1952//2239
f 1780//2240 1952//2239 1774//2029
f 1952//2239 1883//2161 1818//2089
f 1774//2029 1772//2027 1764//2020
f 1883//2241 1952//2242 1953//2243
f 1883//2161 1954//2244 1884//2162
f 1957//2245 1958//2246 1955//2247
f 1884//2162 1954//2244 1960//2248
f 1960//2248 1961//2249 1884//2162
f 1958//2246 1957//2245 1959//2250
f 1962//2251 1953//2243 1952//2242
f 1780//2035 1779//2036 1962//2251
f 1962//2251 1952//2242 1780//2035
f 1962//2252 1779//2253 1993//2254
f 1993//2254 1964//2255 1962//2252
f 1964//2255 1963//2256 1953//2243
f 1953//2243 1962//2252 1964//2255
f 1782//2257 1768//2024 1778//2033
f 1965//2258 1812//2084 1819//2091
f 1822//2093 1888//2165 1965//2258
f 1778//2033 1965//2258 1782//2257
f 1965//2258 1778//2033 1812//2084
f 1768//2024 1775//2031 1778//2033
f 1965//2258 1819//2091 1822//2093
f 1888//2165 1967//2259 1965//2258
f 1782//2037 1965//2258 1966//2260
f 1966//2260 1783//2039 1782//2037
f 1967//2259 1966//2260 1965//2258
f 1783//2261 1966//2262 1970//2263
f 1970//2263 1968//2264 1783//2261
f 1966//2262 1967//2265 1969//2266
f 1969//2266 1970//2263 1966//2262
f 1888//2267 1887//2268 1971//2269
f 1972//2270 1973//2271 1971//2269
f 1977//2272 1978//2273 1976//2274
f 1974//2275 1975//2276 1976//2274
f 1971//2269 1887//2268 1972//2270
f 1960//2248 1863//2140 1862//2144
f 1862//2144 1961//2249 1960//2248
f 1960//2248 1959//2250 1865//2145
f 1959//2250 1957//2245 1867//2146
f 1957//2245 1955//2247 1873//2156
f 1976//2274 1874//2160 1875//2151
f 1875//2151 1977//2272 1976//2274
f 1975//2276 1852//2128 1874//2160
f 1874//2160 1976//2274 1975//2276
f 1974//2275 1837//2114 1852//2128
f 1852//2128 1975//2276 1974//2275
f 1973//2271 1838//2115 1837//2114
f 1837//2114 1974//2275 1973//2271
f 1973//2271 1972//2270 1866//2142
f 1875//2151 1979//2277 1977//2272
f 1979//2277 1875//2151 1859//2136
f 1866//2142 1972//2270 1887//2164
f 1870//2149 1884//2162 1961//2249
f 1873//2156 1955//2247 1956//2278
f 1956//2278 1980//2279 1873//2156
f 1856//2133 1873//2156 1980//2279
f 1980//2279 1858//2135 1856//2133
f 1981//2280 1841//2117 1858//2135
f 1858//2135 1980//2279 1981//2280
f 1982//2281 1881//2154 1841//2117
f 1841//2117 1981//2280 1982//2281
f 1983//2282 1880//2157 1881//2154
f 1881//2154 1982//2281 1983//2282
f 1984//2283 1879//2153 1880//2157
f 1880//2157 1983//2282 1984//2283
f 1985//2284 1878//2158 1879//2153
f 1879//2153 1984//2283 1985//2284
f 1985//2284 1986//2285 1877//2152
f 1986//2285 1987//2286 1876//2159
f 1987//2286 1988//2287 1843//2119
f 1988//2287 1989//2288 1845//2121
f 1989//2288 1979//2277 1846//2122
f 1979//2277 1859//2136 1846//2122
f 1846//2122 1845//2121 1989//2288
f 1845//2121 1843//2119 1988//2287
f 1843//2119 1876//2159 1987//2286
f 1876//2159 1877//2152 1986//2285
f 1877//2152 1878//2158 1985//2284
f 1961//2249 1862//2144 1870//2149
f 1887//2164 1872//2150 1866//2142
f 1866//2142 1838//2115 1973//2271
f 1873//2156 1882//2155 1957//2245
f 1882//2155 1867//2146 1957//2245
f 1867//2146 1865//2145 1959//2250
f 1865//2145 1863//2140 1960//2248
f 1990//2289 1980//2279 1956//2290
f 1978//2273 1977//2272 1979//2277
f 1980//2279 1990//2289 1981//2280
f 1981//2280 1940//2221 1939//2219
f 1939//2219 1982//2281 1981//2280
f 1982//2281 1939//2219 1938//2217
f 1938//2217 1983//2282 1982//2281
f 1983//2282 1938//2217 1937//2215
f 1937//2215 1984//2283 1983//2282
f 1984//2283 1937//2215 1936//2214
f 1936//2214 1985//2284 1984//2283
f 1986//2285 1985//2284 1936//2214
f 1987//2286 1986//2285 1935//2212
f 1988//2287 1987//2286 1934//2210
f 1989//2288 1988//2287 1933//2237
f 1932//2208 1951//2238 1979//2277
f 1940//2221 1981//2280 1990//2289
f 1990//2289 1991//2291 1940//2221
f 1979//2277 1989//2288 1932//2208
f 1933//2237 1932//2208 1989//2288
f 1934//2210 1933//2237 1988//2287
f 1935//2212 1934//2210 1987//2286
f 1936//2214 1935//2212 1986//2285
f 1978//2273 1979//2277 1951//2238
f 1956//2290 1991//2291 1990//2289
f 1992//2292 1964//2293 1993//2294
f 1993//2294 1995//2295 1992//2292
f 1994//2296 1779//2253 1781//1997
f 1781//1997 1749//1995 1994//2296
f 1994//2296 1993//2254 1779//2253
f 1995//2295 1993//2294 1994//2296
f 1994//2296 1996//2297 1995//2295
f 2000//2298 1994//2296 1749//1995
f 2000//2298 1996//2297 1994//2296
f 1998//2299 1995//2295 1996//2297
f 1998//2299 1997//2300 1995//2295
f 1992//2292 1999//2301 1964//2293
f 1963//2302 1964//2293 1999//2301
f 2017//2303 1963//2302 1999//2301
f 1999//2301 2012//2304 2017//2303
f 2001//2305 1998//2299 2000//2298
f 1996//2297 2000//2298 1998//2299
f 1997//2300 2009//2306 2002//2307
f 2009//2306 1997//2300 1998//2299
f 2003//2308 2000//2298 2004//2309
f 1749//1995 2004//2309 2000//2298
f 2005//2310 1998//2299 2001//2305
f 2009//2306 1998//2299 2005//2310
f 2005//2310 2006//2311 2009//2306
f 2009//2306 2006//2311 2007//2312
f 2008//2313 2009//2306 2007//2312
f 2009//2306 2008//2313 2002//2307
f 1999//2314 1992//2315 1997//2300
f 1992//2315 1995//2295 1997//2300
f 2010//2316 2012//2317 1999//2314
f 1997//2300 2002//2307 1999//2314
f 1999//2314 2002//2307 2010//2316
f 2011//2318 2010//2316 2008//2313
f 2002//2307 2008//2313 2010//2316
f 2012//2317 2010//2316 2013//2319
f 2010//2316 2021//2320 2013//2319
f 2021//2320 2010//2316 2011//2318
f 2015//2321 2012//2317 2014//2322
f 2013//2319 2014//2322 2012//2317
f 2016//2323 2017//2303 2012//2304
f 2012//2304 2015//2324 2016//2323
f 2025//2325 2026//2326 2016//2323
f 2016//2323 2015//2324 2025//2325
f 2006//2311 2005//2310 2003//2308
f 2000//2298 2005//2310 2001//2305
f 2005//2310 2000//2298 2003//2308
f 2018//2327 2019//2328 2003//2308
f 2018//2327 2003//2308 2004//2309
f 2006//2311 2020//2329 2007//2312
f 2011//2318 2008//2313 2007//2312
f 2007//2312 2024//2330 2011//2318
f 2014//2322 2013//2319 2021//2320
f 2021//2320 2011//2318 2014//2322
f 2023//2331 2025//2332 2015//2321
f 2015//2321 2014//2322 2023//2331
f 2011//2318 2024//2330 2023//2331
f 2023//2331 2014//2322 2011//2318
f 2022//2333 2023//2331 2024//2330
f 2023//2331 2022//2333 2025//2332
f 2022//2333 2024//2330 2007//2312
f 2007//2312 2020//2329 2022//2333
f 2003//2308 2020//2329 2006//2311
f 2020//2329 2003//2308 2019//2334
f 2019//2328 2018//2327 2029//2335
f 2022//2333 2020//2329 2027//2336
f 2019//2334 2027//2336 2020//2329
f 2027//2336 2025//2332 2022//2333
f 2026//2326 2025//2325 2027//2337
f 2027//2337 2028//2338 2026//2326
f 2027//2337 2019//2328 2029//2335
f 2029//2335 2028//2338 2027//2337
f 2030//2339 2029//2335 2018//2327
f 2018//2327 2032//2340 2030//2339
f 1749//1995 1751//2001 2031//2341
f 2004//2309 2031//2341 2032//2340
f 2018//2327 2004//2309 2032//2340
f 2004//2309 1749//1995 2031//2341
f 2033//2342 2034//2343 2031//2344
f 2033//2342 2031//2344 1751//2345
f 1751//2345 2040//2346 2033//2342
f 2032//2347 2031//2344 2034//2343
f 2034//2343 2035//2348 2030//2349
f 2030//2349 2032//2347 2034//2343
f 2029//2335 2030//2339 2036//2350
f 2036//2350 2028//2351 2029//2335
f 2035//2352 2034//2353 2037//2354
f 2038//2355 2037//2354 2034//2353
f 2039//2356 2036//2357 2030//2349
f 2030//2349 2035//2348 2039//2356
f 2058//2358 2036//2357 2039//2356
f 2039//2356 2056//2359 2058//2358
f 1783//2261 1968//2264 2041//2360
f 1756//2000 1783//2261 2041//2360
f 1756//2000 2041//2360 1751//2001
f 2042//2361 2041//2362 1968//2363
f 2041//2362 2042//2361 2043//2364
f 1968//2363 2044//2365 2042//2361
f 2044//2365 1968//2363 1970//2263
f 1751//2345 2041//2362 2040//2346
f 2043//2364 2040//2346 2041//2362
f 2043//2364 2047//2366 2048//2367
f 2048//2367 2040//2346 2043//2364
f 2040//2346 2048//2367 2046//2368
f 2045//2369 2043//2364 2042//2370
f 2045//2369 2047//2366 2043//2364
f 1969//2266 2044//2365 1970//2263
f 1969//2371 2059//2372 2049//2373
f 2046//2368 2050//2374 2033//2375
f 2033//2375 2040//2346 2046//2368
f 2038//2355 2034//2353 2053//2376
f 2034//2353 2033//2375 2050//2374
f 2050//2374 2053//2376 2034//2353
f 2051//2377 2053//2376 2050//2374
f 2050//2374 2048//2367 2047//2366
f 2047//2366 2051//2377 2050//2374
f 2050//2374 2046//2368 2048//2367
f 2045//2369 2051//2377 2047//2366
f 2045//2369 2063//2378 2051//2377
f 2053//2376 2051//2377 2052//2379
f 2053//2376 2054//2380 2038//2355
f 2054//2380 2053//2376 2052//2379
f 2063//2378 2052//2379 2051//2377
f 2057//2381 2056//2382 2039//2383
f 2039//2383 2037//2354 2057//2381
f 2039//2383 2035//2352 2037//2354
f 2038//2355 2054//2380 2066//2384
f 2037//2354 2038//2355 2066//2384
f 2066//2384 2057//2381 2037//2354
f 2057//2381 2055//2385 2056//2382
f 1922//2191 2058//2386 2060//2387
f 2036//2350 2058//2386 2026//2388
f 1930//2205 1976//2274 1978//2273
f 2060//2387 1923//2194 1922//2191
f 1942//2223 1941//2224 1991//2291
f 1922//2191 2026//2388 2058//2386
f 2026//2388 2028//2351 2036//2350
f 1888//2267 1971//2269 2059//2389
f 2059//2389 1969//2266 1967//2265
f 1963//2256 2017//2390 1883//2241
f 1950//2236 1949//2235 2016//2391
f 1967//2265 1888//2267 2059//2389
f 1978//2273 1951//2238 1930//2205
f 1956//2278 1955//2247 1942//2223
f 1949//2235 1948//2233 1954//2392
f 2017//2390 1954//2392 1883//2241
f 1991//2291 1956//2278 1942//2223
f 1958//2246 1943//2226 1942//2223
f 1958//2246 1944//2227 1943//2226
f 2026//2388 1922//2191 1950//2236
f 1991//2291 1941//2224 1940//2221
f 1959//2250 1945//2228 1944//2227
f 1947//2232 1960//2248 1954//2392
f 1883//2241 1953//2243 1963//2256
f 2016//2391 2026//2388 1950//2236
f 1971//2269 1924//2195 2059//2389
f 1924//2195 1923//2194 2060//2387
f 1925//2197 1924//2195 1971//2269
f 1944//2227 1958//2246 1959//2250
f 1960//2248 1946//2231 1945//2228
f 1954//2392 1948//2233 1947//2232
f 2017//2390 2016//2391 1949//2235
f 2060//2387 2059//2389 1924//2195
f 1945//2228 1959//2250 1960//2248
f 1960//2248 1947//2232 1946//2231
f 1954//2392 2017//2390 1949//2235
f 1926//2199 1925//2197 1973//2271
f 1973//2271 1974//2275 1927//2200
f 1942//2223 1955//2247 1958//2246
f 1927//2200 1926//2199 1973//2271
f 1974//2275 1976//2274 1929//2203
f 1971//2269 1973//2271 1925//2197
f 1929//2203 1928//2202 1974//2275
f 1928//2202 1927//2200 1974//2275
f 1930//2205 1929//2203 1976//2274
f 2067//2393 2060//2394 2058//2358
f 2058//2358 2056//2359 2067//2393
f 2059//2372 2061//2395 2049//2373
f 2045//2369 2042//2370 2044//2396
f 2044//2396 2063//2378 2045//2369
f 2062//2397 2063//2378 1969//2371
f 2063//2378 2044//2396 1969//2371
f 1969//2371 2049//2373 2062//2397
f 2052//2379 2063//2378 2062//2397
f 2062//2397 2064//2398 2052//2379
f 2064//2398 2066//2384 2054//2380
f 2054//2380 2052//2379 2064//2398
f 2064//2398 2065//2399 2066//2384
f 2055//2385 2057//2381 2066//2384
f 2068//2400 2067//2401 2056//2382
f 2056//2382 2055//2385 2068//2400
f 2062//2397 2049//2373 2061//2402
f 2061//2402 2069//2403 2062//2397
f 2059//2372 2060//2394 2061//2395
f 2067//2393 2061//2395 2060//2394
f 2061//2402 2067//2401 2068//2400
f 2068//2400 2069//2403 2061//2402
f 2065//2399 2064//2398 2062//2397
f 2062//2397 2069//2403 2065//2399
f 2066//2384 2065//2399 2070//2404
f 2055//2385 2070//2404 2068//2400
f 2070//2404 2055//2385 2066//2384
f 2070//2404 2065//2399 2068//2400
f 2068//2400 2065//2399 2069//2403
f 2071//2405 2078//2406 2079//2407
f 2073//2408 2071//2405 2072//2409
f 2073//2408 2072//2409 2074//2410
f 2075//2411 2074//2410 2076//2412
f 2078//2406 2077//2413 2079//2407
f 2076//2412 2079//2407 2077//2413
f 2076//2412 2077//2413 2075//2411
f 2074//2410 2075//2411 2073//2408
f 2079//2407 2072//2409 2071//2405
f 2080//319 2081//1998 2075//319
f 2075//319 2077//319 2080//319
f 2081//1998 2083//2414 2075//319
f 2083//2414 2084//2415 2073//2414
f 2085//586 2078//2416 2071//2414
f 2073//2414 2075//319 2083//2414
f 2071//2414 2073//2414 2084//2415
f 2086//2414 2077//319 2078//2416
f 2071//2414 2084//2415 2082//2414
f 2078//2416 2085//586 2086//2414
f 2071//2414 2082//2414 2085//586
f 2077//319 2086//2414 2080//319
f 2081//2417 2094//2418 2087//2419
f 2083//2420 2087//2419 2088//2421
f 2088//2421 2089//2422 2083//2420
f 2089//2422 2090//2423 2084//2424
f 2082//2425 2084//2424 2090//2423
f 2085//2426 2082//2425 2090//2423
f 2090//2423 2091//2427 2085//2426
f 2091//2427 2092//2428 2085//2426
f 2086//2429 2085//2426 2092//2428
f 2086//2429 2092//2428 2093//2430
f 2093//2430 2094//2418 2080//2431
f 2094//2418 2081//2417 2080//2431
f 2093//2430 2080//2431 2086//2429
f 2089//2422 2084//2424 2083//2420
f 2087//2419 2083//2420 2081//2417
f 2096//2432 2095//2433 2106//2434
f 2097//2435 2096//2432 2107//2436
f 2107//2436 2106//2434 2099//2437
f 2090//2423 2099//2437 2091//2427
f 2098//2438 2090//2423 2089//2422
f 2098//2438 2089//2422 2108//2439
f 2088//2421 2087//2419 2100//2440
f 2108//2439 2100//2440 2102//2441
f 2109//2442 2102//2441 2110//2443
f 2110//2443 2103//2444 2105//2445
f 2108//2439 2089//2422 2088//2421
f 2104//2446 2105//2445 2103//2444
f 2103//2444 2110//2443 2102//2441
f 2109//2442 2101//2447 2108//2439
f 2102//2441 2109//2442 2108//2439
f 2100//2440 2108//2439 2088//2421
f 2090//2423 2098//2438 2107//2436
f 2099//2437 2090//2423 2107//2436
f 2107//2436 2098//2438 2097//2435
f 2106//2434 2107//2436 2096//2432
f 2108//2439 2101//2447 2113//2448
f 2113//2448 2097//2435 2098//2438
f 2113//2448 2111//2449 2097//2435
f 2098//2438 2108//2439 2113//2448
f 2112//2450 2109//2442 2110//2443
f 2101//2447 2109//2442 2113//2448
f 2105//2445 2104//2446 2114//2451
f 2110//2443 2105//2445 2114//2451
f 2114//2451 2112//2450 2110//2443
f 2112//2450 2113//2448 2109//2442
f 2115//2452 2114//2451 2104//2446
f 2117//2453 2095//2433 2096//2432
f 2096//2432 2116//2454 2117//2453
f 2096//2432 2097//2435 2116//2454
f 2111//2449 2116//2454 2097//2435
f 2095//2433 2117//2453 2118//2455
f 2118//2455 2119//2456 2095//2433
f 2094//2418 2093//2457 2127//2458
f 2091//2427 2126//2459 2092//2428
f 2126//2459 2127//2458 2092//2428
f 2125//2460 2126//2459 2091//2427
f 2124//2461 2125//2460 2099//2437
f 2123//2462 2124//2461 2106//2434
f 2106//2434 2095//2433 2123//2462
f 2123//2462 2119//2456 2196//2463
f 2119//2456 2123//2462 2095//2433
f 2196//2463 2121//2464 2123//2462
f 2104//2446 2130//2465 2162//2466
f 2130//2465 2172//2467 2162//2466
f 2130//2465 2122//2468 2172//2467
f 2104//2446 2162//2466 2115//2452
f 2131//2469 2104//2446 2103//2444
f 2131//2469 2103//2444 2102//2441
f 2120//2470 2102//2441 2100//2440
f 2120//2470 2100//2440 2087//2419
f 2094//2418 2128//2471 2087//2419
f 2094//2418 2127//2458 2128//2471
f 2087//2419 2128//2471 2120//2470
f 2102//2441 2120//2470 2131//2469
f 2104//2446 2131//2469 2130//2465
f 2099//2437 2106//2434 2124//2461
f 2091//2427 2099//2437 2125//2460
f 2093//2457 2092//2428 2127//2458
f 2123//2462 2144//2472 2134//2473
f 2124//2461 2134//2473 2145//2474
f 2125//2460 2145//2474 2146//2475
f 2126//2459 2146//2475 2147//2476
f 2127//2458 2147//2476 2148//2477
f 2128//2471 2148//2477 2149//2478
f 2129//2479 2149//2478 2150//2480
f 2130//2465 2150//2480 2143//2481
f 2120//2470 2128//2471 2129//2479
f 2129//2479 2131//2469 2120//2470
f 2130//2465 2131//2469 2129//2479
f 2143//2481 2122//2468 2130//2465
f 2150//2480 2130//2465 2129//2479
f 2149//2478 2129//2479 2128//2471
f 2148//2477 2128//2471 2127//2458
f 2147//2476 2127//2458 2126//2459
f 2146//2475 2126//2459 2125//2460
f 2145//2474 2125//2460 2124//2461
f 2134//2473 2124//2461 2123//2462
f 2144//2472 2123//2462 2121//2464
f 2132//2482 2133//2483 2144//2472
f 2135//2484 2136//2485 2145//2474
f 2136//2485 2137//2486 2146//2475
f 2137//2486 2138//2487 2146//2475
f 2138//2487 2139//2488 2148//2477
f 2139//2488 2140//2489 2149//2478
f 2140//2489 2141//2490 2150//2480
f 2150//2480 2142//2491 2143//2481
f 2150//2480 2149//2478 2140//2489
f 2149//2478 2148//2477 2139//2488
f 2148//2477 2147//2476 2138//2487
f 2147//2476 2146//2475 2138//2487
f 2146//2475 2145//2474 2136//2485
f 2145//2474 2134//2473 2135//2484
f 2134//2473 2144//2472 2133//2483
f 2135//2484 2134//2473 2133//2483
f 2151//2492 2141//2490 2140//2489
f 2153//2493 2139//2488 2138//2487
f 2154//2494 2137//2486 2136//2485
f 2152//2495 2135//2484 2133//2483
f 2152//2495 2133//2483 2132//2482
f 2138//2487 2154//2494 2153//2493
f 2136//2485 2152//2495 2154//2494
f 2140//2489 2153//2493 2151//2492
f 2137//2486 2154//2494 2138//2487
f 2139//2488 2153//2493 2140//2489
f 2141//2490 2151//2492 2142//2491
f 2135//2484 2152//2495 2136//2485
f 2150//2480 2141//2490 2142//2491
f 2153//2493 2154//2494 2155//2496
f 2151//2492 2157//2497 2156//2498
f 2151//2492 2153//2493 2157//2497
f 2152//2495 2132//2482 2158//2499
f 2155//2496 2157//2497 2153//2493
f 2154//2494 2159//2500 2155//2496
f 2152//2495 2158//2499 2159//2500
f 2159//2500 2154//2494 2152//2495
f 2156//2498 2142//2491 2151//2492
f 2115//2501 2162//2502 2161//2503
f 2161//2503 2160//2504 2115//2501
f 2162//2502 2169//2505 2170//2506
f 2170//2506 2161//2503 2162//2502
f 2160//2507 2161//2508 2163//2509
f 2161//2508 2170//2510 2164//2511
f 2164//2511 2163//2509 2161//2508
f 2170//2510 2175//2512 2164//2511
f 2167//2513 2165//2514 2166//2515
f 2166//2515 2168//2516 2167//2513
f 2167//2513 2168//2516 2170//2506
f 2169//2505 2167//2513 2170//2506
f 2169//2505 2165//2517 2167//2513
f 2169//2505 2171//2518 2165//2517
f 2171//2518 2169//2505 2162//2466
f 2172//2467 2171//2518 2162//2466
f 2165//2514 2171//2519 2178//2520
f 2178//2520 2166//2515 2165//2514
f 2166//2521 2173//2522 2174//2523
f 2174//2523 2168//2524 2166//2521
f 2170//2510 2174//2523 2175//2512
f 2170//2510 2168//2524 2174//2523
f 2172//2525 2176//2526 2177//2527
f 2171//2519 2177//2527 2178//2520
f 2171//2519 2172//2525 2177//2527
f 2178//2528 2179//2529 2173//2522
f 2173//2522 2166//2521 2178//2528
f 2180//2530 2177//2531 2176//2532
f 2180//2530 2179//2529 2177//2531
f 2179//2529 2178//2528 2177//2531
f 2181//2533 2143//2534 2142//2491
f 2142//2491 2156//2498 2181//2533
f 2176//2526 2172//2525 2122//2468
f 2122//2468 2143//2481 2176//2526
f 2176//2532 2143//2535 2182//2536
f 2182//2536 2180//2530 2176//2532
f 2182//2537 2143//2534 2181//2533
f 2159//2538 2158//2499 2184//2539
f 2155//2540 2159//2538 2184//2539
f 2157//2541 2155//2540 2185//2542
f 2156//2498 2157//2541 2186//2543
f 2186//2543 2181//2533 2156//2498
f 2185//2542 2186//2543 2157//2541
f 2184//2539 2185//2542 2155//2540
f 2183//2544 2184//2539 2158//2499
f 2187//2545 2185//2545 2184//2546
f 2183//2544 2188//2547 2189//2548
f 2189//2548 2184//2546 2183//2544
f 2187//2545 2190//2545 2185//2545
f 2192//2549 2182//2537 2181//2533
f 2190//2545 2192//2549 2186//2550
f 2184//2546 2189//2548 2191//2551
f 2186//2550 2185//2545 2190//2545
f 2181//2533 2186//2550 2192//2549
f 2184//2546 2191//2551 2187//2545
f 2183//2544 2158//2499 2132//2482
f 2132//2482 2144//2472 2183//2544
f 2197//2552 2188//2547 2121//2464
f 2188//2547 2144//2472 2121//2464
f 2188//2547 2183//2544 2144//2472
f 2121//2464 2196//2553 2197//2552
f 2197//2552 2199//2554 2188//2547
f 2194//2555 2195//2556 2193//2557
f 2195//2556 2197//2552 2196//2553
f 2195//2556 2196//2553 2193//2557
f 2198//2558 2195//2559 2194//2560
f 2198//2558 2199//2554 2195//2559
f 2197//2552 2195//2559 2199//2554
f 2206//2561 2205//2562 2194//2555
f 2194//2555 2193//2557 2206//2561
f 2194//2560 2205//2563 2200//2564
f 2200//2564 2198//2558 2194//2560
f 2203//2565 2204//2566 2205//2562
f 2205//2562 2206//2561 2203//2565
f 2204//2566 2203//2565 2201//2567
f 2202//2568 2204//2566 2201//2567
f 2203//2565 2206//2569 2201//2567
f 2119//2456 2201//2567 2193//2570
f 2206//2569 2193//2570 2201//2567
f 2119//2456 2193//2570 2196//2463
f 2211//2571 2207//2572 2119//2573
f 2201//2567 2207//2572 2202//2568
f 2207//2572 2201//2567 2119//2573
f 2208//2574 2200//2564 2204//2575
f 2208//2574 2204//2575 2202//2576
f 2200//2564 2205//2563 2204//2575
f 2210//2577 2209//2578 2207//2579
f 2202//2576 2209//2578 2208//2574
f 2202//2576 2207//2579 2209//2578
f 2207//2579 2211//2580 2210//2577
f 2211//2580 2212//2581 2214//2582
f 2211//2580 2214//2582 2221//2583
f 2212//2581 2213//2584 2214//2582
f 2214//2582 2220//2585 2221//2583
f 2213//2586 2219//2587 2220//2585
f 2214//2582 2213//2586 2220//2585
f 2215//2588 2216//2589 2213//2584
f 2216//2589 2215//2588 2217//2590
f 2218//2591 2220//2585 2219//2587
f 2216//2592 2222//2593 2219//2587
f 2216//2592 2223//2594 2222//2593
f 2216//2592 2224//2595 2223//2594
f 2219//2587 2213//2586 2216//2592
f 2217//2590 2225//2596 2216//2589
f 2217//2590 2226//2597 2225//2596
f 2226//2597 2217//2590 2228//2598
f 2228//2598 2227//2599 2226//2597
f 2229//2600 2230//2601 2227//2599
f 2229//2600 2233//2602 2230//2601
f 2227//2599 2228//2598 2229//2600
f 2119//2573 2118//2603 2211//2571
f 2111//2449 2113//2448 2074//2604
f 2074//2604 2072//2605 2111//2449
f 2074//2604 2113//2448 2112//2450
f 2074//2604 2231//2606 2233//2607
f 2074//2604 2112//2450 2231//2606
f 2112//2450 2114//2608 2232//2609
f 2232//2609 2231//2606 2112//2450
f 2160//2504 2232//2609 2114//2608
f 2114//2608 2115//2501 2160//2504
f 2233//2607 2229//2610 2074//2604
f 2076//2611 2074//2604 2229//2610
f 2229//2610 2228//2598 2076//2611
f 2217//2590 2079//2612 2076//2611
f 2076//2611 2228//2598 2217//2590
f 2217//2590 2215//2588 2079//2612
f 2118//2603 2212//2581 2211//2571
f 2118//2603 2117//2453 2212//2581
f 2117//2453 2213//2584 2212//2581
f 2117//2453 2072//2605 2213//2584
f 2072//2605 2215//2588 2213//2584
f 2215//2588 2072//2605 2079//2612
f 2117//2453 2116//2454 2072//2605
f 2072//2605 2116//2454 2111//2449
f 2234//2613 2233//2602 2231//2614
f 2224//2595 2216//2592 2225//2615
f 2225//2615 2235//2616 2224//2595
f 2235//2616 2225//2615 2226//2617
f 2226//2617 2236//2618 2235//2616
f 2236//2618 2226//2617 2227//2619
f 2237//2620 2236//2618 2227//2619
f 2238//2621 2237//2620 2227//2619
f 2227//2619 2230//2601 2239//2622
f 2239//2622 2238//2621 2227//2619
f 2222//2593 2218//2591 2219//2587
f 2222//2593 2223//2594 2241//2623
f 2223//2594 2224//2595 2240//2624
f 2240//2624 2241//2623 2223//2594
f 2241//2623 2218//2591 2222//2593
f 2231//2614 2232//2625 2243//2626
f 2242//2627 2243//2626 2232//2625
f 2243//2626 2234//2613 2231//2614
f 2230//2601 2233//2602 2244//2628
f 2254//2629 2244//2628 2233//2602
f 2245//2630 2254//2629 2234//2613
f 2233//2602 2234//2613 2254//2629
f 2244//2628 2239//2622 2230//2601
f 2224//2595 2235//2616 2246//2631
f 2246//2631 2236//2618 2247//2632
f 2237//2620 2238//2621 2248//2633
f 2248//2633 2239//2622 2253//2634
f 2239//2622 2248//2633 2238//2621
f 2248//2633 2247//2632 2237//2620
f 2237//2620 2247//2632 2236//2618
f 2236//2618 2246//2631 2235//2616
f 2246//2631 2241//2623 2240//2624
f 2246//2631 2240//2624 2224//2595
f 2242//2627 2232//2625 2160//2507
f 2242//2627 2160//2507 2250//2635
f 2174//2523 2164//2636 2175//2512
f 2174//2523 2173//2522 2164//2636
f 2173//2522 2179//2637 2164//2636
f 2180//2530 2163//2509 2164//2636
f 2164//2636 2179//2637 2180//2530
f 2182//2536 2163//2509 2180//2530
f 2249//2638 2160//2507 2163//2509
f 2160//2507 2249//2638 2250//2635
f 2163//2509 2182//2536 2249//2638
f 2192//2639 2252//2640 2249//2638
f 2192//2639 2190//2641 2255//2642
f 2247//2632 2248//2633 2190//2641
f 2190//2641 2187//2643 2247//2632
f 2187//2643 2246//2631 2247//2632
f 2189//2644 2218//2591 2241//2623
f 2189//2644 2220//2585 2218//2591
f 2189//2644 2221//2583 2220//2585
f 2209//2645 2198//2646 2200//2564
f 2209//2645 2210//2577 2198//2646
f 2199//2554 2198//2646 2210//2577
f 2210//2577 2221//2583 2189//2644
f 2210//2577 2211//2580 2221//2583
f 2199//2554 2210//2577 2189//2644
f 2189//2644 2188//2547 2199//2554
f 2200//2564 2208//2574 2209//2645
f 2241//2623 2191//2647 2189//2644
f 2241//2623 2246//2631 2191//2647
f 2246//2631 2187//2643 2191//2647
f 2248//2633 2255//2642 2190//2641
f 2255//2642 2252//2640 2192//2639
f 2249//2638 2182//2536 2192//2639
f 2234//2613 2243//2648 2251//2649
f 2243//2648 2242//2627 2249//2638
f 2250//2635 2249//2638 2242//2627
f 2249//2638 2251//2649 2243//2648
f 2251//2649 2245//2630 2234//2613
f 2244//2628 2253//2634 2239//2622
f 2253//2634 2254//2629 2255//2642
f 2254//2629 2245//2630 2255//2642
f 2251//2649 2252//2640 2245//2630
f 2252//2640 2255//2642 2245//2630
f 2255//2642 2248//2633 2253//2634
f 2254//2629 2253//2634 2244//2628
f 2249//2638 2252//2640 2251//2649
f 2305//2705 2299//2706 2304//2707
f 2305//2708 2300//2709 2299//2710
f 2305//2711 2301//2712 2300//2713
f 2305//2714 2302//2715 2301//2716
f 2305//2717 2303//2718 2302//2719
f 2305//2720 2304//2721 2303//2722
f 2300//2723 2301//2724 2306//2725
f 2299//2726 2300//2723 2307//2727
f 2303//2728 2304//2729 2308//2730
f 2302//2731 2303//2728 2309//2732
f 2301//2724 2302//2731 2310//2733
f 2309//2732 2310//2733 2302//2731
f 2308//2730 2309//2732 2303//2728
f 2304//2729 2299//2726 2308//2730
f 2307//2727 2308//2730 2299//2726
f 2306//2725 2307//2727 2300//2723
f 2310//2733 2306//2725 2301//2724
f 2312//2734 2313//2735 2309//2736
f 2306//183 2314//2737 2315//183
f 2308//2738 2317//2739 2312//2734
f 2312//2734 2309//2736 2308//2738
f 2316//2740 2318//2741 2323//183
f 2307//183 2315//183 2311//183
f 2315//183 2307//183 2306//183
f 2316//2740 2321//2742 2318//2741
f 2320//2743 2324//2744 2326//2745
f 2319//2746 2324//2744 2320//2743
f 2325//2747 2316//2740 2319//2746
f 2307//183 2311//183 2317//2739
f 2321//2742 2322//2748 2318//2741
f 2323//183 2319//2746 2316//2740
f 2319//2746 2320//2743 2325//2747
f 2308//2738 2307//183 2317//2739
f 2310//2749 2309//2736 2313//2735
f 2326//2745 2322//2748 2321//2742
f 2314//2737 2306//183 2310//2749
f 2314//2737 2321//2742 2327//2750
f 2326//2745 2321//2742 2320//2743
f 2321//2742 2316//2740 2327//2750
f 2312//2734 2317//2739 2325//2747
f 2310//2749 2313//2735 2314//2737
f 2325//2747 2320//2743 2312//2734
f 2327//2750 2315//183 2314//2737
f 2328//2751 2324//2752 2319//2753
f 2319//2753 2331//2754 2328//2751
f 2323//2755 2318//2756 2329//2757
f 2319//2753 2323//2755 2330//2758
f 2330//2758 2331//2754 2319//2753
f 2329//2757 2330//2758 2323//2755
f 2329//2757 2318//2756 2322//2759
f 2322//2759 2333//2760 2329//2757
f 2326//2761 2324//2752 2328//2751
f 2322//2759 2326//2761 2332//2762
f 2332//2762 2333//2760 2322//2759
f 2328//2751 2332//2762 2326//2761
f 2333//183 2332//2762 2328//2751
f 2331//183 2330//2758 2329//2757
f 2329//2757 2333//183 2328//2751
f 2328//2751 2331//183 2329//2757
f 2314//2737 2313//2735 2334//2763
f 2334//2763 2335//2764 2314//2737
f 2314//2737 2335//2764 2336//2765
f 2336//2765 2321//2742 2314//2737
f 2340//2766 2335//2767 2334//2768
f 2340//2766 2337//2769 2335//2767
f 2336//2770 2335//2767 2337//2769
f 2337//2769 2338//2771 2336//2770
f 2334//2768 2339//2772 2340//2766
f 2341//2773 2338//2771 2337//2769
f 2337//2769 2342//2774 2341//2773
f 2343//2775 2344//2776 2340//2766
f 2340//2766 2339//2772 2343//2775
f 2345//2777 2346//2778 2347//2779
f 2350//2780 2349//2781 2351//2782
f 2351//2782 2352//2783 2350//2780
f 2352//2783 2351//2782 2344//2776
f 2344//2776 2343//2775 2352//2783
f 2349//2781 2350//2780 2348//2784
f 2347//2779 2349//2781 2348//2784
f 2347//2779 2348//2784 2345//2777
f 2341//2773 2342//2774 2353//2785
f 2356//2786 2355//2787 2357//2788
f 2357//2788 2358//2789 2356//2786
f 2358//2789 2357//2788 2359//2790
f 2359//2790 2360//2791 2358//2789
f 2355//2787 2356//2786 2354//2792
f 2353//2785 2355//2787 2354//2792
f 2353//2785 2354//2792 2341//2773
f 2345//2777 2370//2793 2371//2794
f 2371//2794 2346//2778 2345//2777
f 2359//2790 2361//2795 2362//2796
f 2362//2796 2360//2791 2359//2790
f 2316//2797 2325//2798 2364//2799
f 2327//2800 2316//2797 2365//2801
f 2315//2802 2327//2800 2366//2803
f 2311//2804 2315//2802 2367//2805
f 2317//2806 2311//2804 2368//2807
f 2325//2798 2317//2806 2363//2808
f 2368//2807 2363//2808 2317//2806
f 2367//2805 2368//2807 2311//2804
f 2366//2803 2367//2805 2315//2802
f 2365//2801 2366//2803 2327//2800
f 2364//2799 2365//2801 2316//2797
f 2363//2808 2364//2799 2325//2798
f 2369//2809 2364//2810 2363//2811
f 2369//2812 2365//2813 2364//2814
f 2369//2815 2366//2816 2365//2817
f 2369//2818 2367//2819 2366//2820
f 2369//2821 2368//2822 2367//2823
f 2369//2824 2363//2825 2368//2826
f 2373//2827 2362//2796 2361//2795
f 2371//2794 2370//2793 2372//2828
f 2374//2829 2373//2830 2376//2831
f 2376//2831 2377//2832 2374//2829
f 2377//2832 2376//2831 2372//2833
f 2372//2833 2375//2834 2377//2832
f 2321//2742 2378//2835 2379//2836
f 2379//2836 2320//2743 2321//2742
f 2320//2743 2379//2837 2380//2838
f 2378//2835 2381//2839 2383//2840
f 2383//2840 2379//2836 2378//2835
f 2382//2841 2380//2838 2379//2837
f 2379//2837 2383//2840 2382//2841
f 2312//2734 2320//2743 2380//2838
f 2380//2838 2382//2841 2312//2734
f 2381//2839 2313//2735 2312//2734
f 2312//2734 2383//2840 2381//2839
f 2312//2734 2382//2841 2383//2840
f 2361//2795 2376//2842 2373//2827
f 2372//2828 2376//2842 2371//2794
f 2392//2843 2387//2844 2361//2795
f 2376//2842 2361//2795 2371//2794
f 2371//2794 2361//2795 2387//2844
f 2385//2845 2386//2846 2371//2794
f 2371//2794 2387//2844 2385//2845
f 2385//2845 2387//2844 2384//2847
f 2387//2844 2388//2848 2384//2847
f 2389//2849 2385//2845 2384//2847
f 2390//2850 2386//2846 2385//2845
f 2389//2849 2390//2850 2385//2845
f 2392//2843 2361//2795 2391//2851
f 2391//2851 2361//2795 2393//2852
f 2394//2853 2392//2843 2391//2851
f 2395//2854 2396//2855 2393//2852
f 2391//2851 2393//2852 2396//2855
f 2400//2856 2389//2849 2397//2857
f 2384//2847 2388//2848 2397//2857
f 2397//2857 2389//2849 2384//2847
f 2397//2857 2398//2858 2400//2856
f 2391//2851 2396//2855 2399//2859
f 2408//2860 2409//2861 2399//2859
f 2399//2859 2396//2855 2408//2860
f 2399//2859 2394//2853 2391//2851
f 2401//2862 2402//2863 2400//2856
f 2400//2856 2398//2858 2401//2862
f 2403//2864 2404//2865 2405//2866
f 2401//2862 2405//2866 2404//2865
f 2407//2867 2403//2864 2405//2866
f 2404//2865 2402//2863 2401//2862
f 2405//2866 2406//2868 2407//2867
f 2406//2868 2409//2861 2408//2860
f 2408//2860 2407//2867 2406//2868
f 2408//2860 2410//2869 2407//2867
f 2396//2855 2410//2869 2408//2860
f 2412//2870 2436//2871 2437//2872
f 2413//2873 2438//2874 2436//2871
f 2414//2875 2439//2876 2438//2874
f 2415//2877 2440//2878 2439//2876
f 2416//2879 2441//2880 2440//2878
f 2417//2881 2442//2882 2441//2880
f 2418//2883 2443//2884 2442//2882
f 2419//2885 2444//2886 2443//2884
f 2420//2887 2445//2888 2444//2886
f 2421//2889 2446//2890 2445//2888
f 2422//2891 2447//2892 2446//2890
f 2423//2893 2448//2894 2447//2892
f 2424//2895 2449//2896 2448//2894
f 2425//2897 2450//2898 2449//2896
f 2426//2899 2451//2900 2450//2898
f 2427//2901 2452//2902 2451//2900
f 2428//2903 2453//2904 2452//2902
f 2429//2905 2454//2906 2453//2904
f 2430//2907 2455//2908 2454//2906
f 2431//2909 2456//2910 2455//2908
f 2432//2911 2457//2912 2456//2910
f 2433//2913 2458//2914 2457//2912
f 2434//2915 2459//2916 2458//2914
f 2435//2917 2460//2918 2459//2916
f 2390//2850 2461//2919 2460//2918
f 2462//2920 2461//2919 2402//2863
f 2400//2856 2402//2863 2461//2919
f 2390//2850 2389//2849 2461//2919
f 2389//2849 2400//2856 2461//2919
f 2403//2864 2463//2921 2462//2920
f 2463//2921 2403//2864 2407//2867
f 2407//2867 2464//2922 2463//2921
f 2411//2923 2437//2872 2410//2869
f 2410//2869 2396//2855 2395//2854
f 2437//2872 2407//2867 2410//2869
f 2407//2867 2437//2872 2464//2922
f 2410//2869 2395//2854 2411//2923
f 2462//2920 2404//2865 2403//2864
f 2402//2863 2404//2865 2462//2920
f 2460//2918 2435//2917 2390//2850
f 2459//2916 2434//2915 2435//2917
f 2458//2914 2433//2913 2434//2915
f 2457//2912 2432//2911 2433//2913
f 2456//2910 2431//2909 2432//2911
f 2455//2908 2430//2907 2431//2909
f 2454//2906 2429//2905 2430//2907
f 2453//2904 2428//2903 2429//2905
f 2452//2902 2427//2901 2428//2903
f 2451//2900 2426//2899 2427//2901
f 2450//2898 2425//2897 2426//2899
f 2449//2896 2424//2895 2425//2897
f 2448//2894 2423//2893 2424//2895
f 2447//2892 2422//2891 2423//2893
f 2446//2890 2421//2889 2422//2891
f 2445//2888 2420//2887 2421//2889
f 2444//2886 2419//2885 2420//2887
f 2443//2884 2418//2883 2419//2885
f 2442//2882 2417//2881 2418//2883
f 2441//2880 2416//2879 2417//2881
f 2440//2878 2415//2877 2416//2879
f 2439//2876 2414//2875 2415//2877
f 2438//2874 2413//2873 2414//2875
f 2436//2871 2412//2870 2413//2873
f 2437//2872 2411//2923 2412//2870
f 2465//2924 2466//2925 2448//2926
f 2466//2925 2467//2927 2447//2928
f 2468//2929 2440//2930 2441//2931
f 2469//2932 2439//2933 2440//2930
f 2470//2934 2465//2924 2449//2935
f 2447//2928 2448//2926 2466//2925
f 2467//2927 2471//2936 2446//2937
f 2471//2936 2472//2938 2445//2939
f 2472//2938 2473//2940 2444//2941
f 2473//2940 2474//2942 2443//2943
f 2475//2944 2476//2945 2441//2931
f 2440//2930 2468//2929 2469//2932
f 2477//2946 2478//2947 2452//2948
f 2478//2947 2479//2949 2451//2950
f 2479//2949 2470//2934 2450//2951
f 2448//2926 2449//2935 2465//2924
f 2445//2939 2446//2937 2471//2936
f 2443//2943 2444//2941 2473//2940
f 2474//2942 2475//2944 2442//2952
f 2441//2931 2476//2945 2468//2929
f 2480//2953 2438//2954 2439//2933
f 2481//2955 2436//2956 2438//2954
f 2482//2957 2458//2958 2459//2959
f 2483//2960 2457//2961 2458//2958
f 2484//2962 2477//2946 2453//2963
f 2451//2950 2452//2948 2478//2947
f 2449//2935 2450//2951 2470//2934
f 2444//2941 2445//2939 2472//2938
f 2441//2931 2442//2952 2475//2944
f 2438//2954 2480//2953 2481//2955
f 2485//2964 2460//2965 2461//2966
f 2486//2967 2459//2959 2460//2965
f 2458//2958 2482//2957 2483//2960
f 2487//2968 2456//2969 2457//2961
f 2488//2970 2484//2962 2454//2971
f 2452//2948 2453//2963 2477//2946
f 2446//2937 2447//2928 2467//2927
f 2439//2933 2469//2932 2480//2953
f 2489//2972 2463//2973 2464//2974
f 2490//2975 2462//2976 2463//2973
f 2460//2965 2485//2964 2486//2967
f 2457//2961 2483//2960 2487//2968
f 2491//2977 2488//2970 2455//2978
f 2453//2963 2454//2971 2484//2962
f 2442//2952 2443//2943 2474//2942
f 2492//2979 2437//2980 2436//2956
f 2493//2981 2464//2974 2437//2980
f 2463//2973 2489//2972 2490//2975
f 2494//2982 2461//2966 2462//2976
f 2459//2959 2486//2967 2482//2957
f 2455//2978 2456//2969 2491//2977
f 2450//2951 2451//2950 2479//2949
f 2437//2980 2492//2979 2493//2981
f 2462//2976 2490//2975 2494//2982
f 2456//2969 2487//2968 2491//2977
f 2436//2956 2481//2955 2492//2979
f 2461//2966 2494//2982 2485//2964
f 2464//2974 2493//2981 2489//2972
f 2454//2971 2455//2978 2488//2970
f 2476//2945 2495//2983 2496//2984
f 2468//2929 2496//2984 2497//2985
f 2469//2932 2497//2985 2498//2986
f 2480//2953 2498//2986 2499//2987
f 2481//2955 2499//2987 2500//2988
f 2492//2979 2500//2988 2501//2989
f 2493//2981 2501//2989 2502//2990
f 2489//2972 2502//2990 2503//2991
f 2490//2975 2503//2991 2504//2992
f 2494//2982 2504//2992 2505//2993
f 2485//2964 2505//2993 2506//2994
f 2486//2967 2506//2994 2507//2995
f 2482//2957 2507//2995 2508//2996
f 2483//2960 2508//2996 2509//2997
f 2487//2968 2509//2997 2510//2998
f 2491//2977 2510//2998 2511//2999
f 2488//2970 2511//2999 2512//3000
f 2484//2962 2512//3000 2513//3001
f 2477//2946 2513//3001 2514//3002
f 2478//2947 2514//3002 2515//3003
f 2479//2949 2515//3003 2516//3004
f 2470//2934 2516//3004 2517//3005
f 2465//2924 2517//3005 2518//3006
f 2466//2925 2518//3006 2519//3007
f 2467//2927 2519//3007 2520//3008
f 2471//2936 2520//3008 2521//3009
f 2472//2938 2521//3009 2522//3010
f 2473//2940 2522//3010 2523//3011
f 2474//2942 2523//3011 2524//3012
f 2475//2944 2524//3012 2495//2983
f 2495//2983 2476//2945 2475//2944
f 2524//3012 2475//2944 2474//2942
f 2523//3011 2474//2942 2473//2940
f 2522//3010 2473//2940 2472//2938
f 2521//3009 2472//2938 2471//2936
f 2520//3008 2471//2936 2467//2927
f 2519//3007 2467//2927 2466//2925
f 2518//3006 2466//2925 2465//2924
f 2517//3005 2465//2924 2470//2934
f 2516//3004 2470//2934 2479//2949
f 2515//3003 2479//2949 2478//2947
f 2514//3002 2478//2947 2477//2946
f 2513//3001 2477//2946 2484//2962
f 2512//3000 2484//2962 2488//2970
f 2511//2999 2488//2970 2491//2977
f 2510//2998 2491//2977 2487//2968
f 2509//2997 2487//2968 2483//2960
f 2508//2996 2483//2960 2482//2957
f 2507//2995 2482//2957 2486//2967
f 2506//2994 2486//2967 2485//2964
f 2505//2993 2485//2964 2494//2982
f 2504//2992 2494//2982 2490//2975
f 2503//2991 2490//2975 2489//2972
f 2502//2990 2489//2972 2493//2981
f 2501//2989 2493//2981 2492//2979
f 2500//2988 2492//2979 2481//2955
f 2499//2987 2481//2955 2480//2953
f 2498//2986 2480//2953 2469//2932
f 2497//2985 2469//2932 2468//2929
f 2496//2984 2468//2929 2476//2945
f 2525//3013 2526//3014 2381//3015
f 2381//3015 2378//3016 2525//3013
f 2381//3015 2348//3017 2350//3018
f 2354//3019 2378//3016 2321//2742
f 2526//3014 2375//2834 2381//3015
f 2313//2735 2381//3015 2350//3018
f 2381//3015 2375//2834 2348//3017
f 2525//3013 2354//3019 2356//3020
f 2374//2829 2525//3013 2356//3020
f 2354//3019 2525//3013 2378//3016
f 2526//3014 2527//3021 2375//2834
f 2341//3022 2354//3019 2321//2742
f 2313//2735 2352//3023 2343//3024
f 2375//2834 2345//3025 2348//3017
f 2321//2742 2338//3026 2341//3022
f 2321//2742 2336//2765 2338//3026
f 2313//2735 2350//3018 2352//3023
f 2374//2829 2358//3027 2360//3028
f 2375//2834 2370//3029 2345//3025
f 2375//2834 2372//2833 2370//3029
f 2343//3024 2339//3030 2313//2735
f 2374//2829 2356//3020 2358//3027
f 2339//3030 2334//2763 2313//2735
f 2360//3028 2362//3031 2374//2829
f 2362//3031 2373//2830 2374//2829
f 2526//3032 2525//3033 2528//3034
f 2528//3034 2529//3035 2526//3032
f 2525//3033 2374//2829 2530//3036
f 2530//3036 2528//3034 2525//3033
f 2527//3021 2526//3032 2529//3035
f 2529//3035 2531//3037 2527//3021
f 2531//3037 2529//3038 2532//3039
f 2533//3040 2532//3039 2529//3038
f 2529//3038 2528//3034 2533//3040
f 2530//3036 2531//3037 2532//3039
f 2532//3039 2533//3040 2530//3036
f 2530//3036 2533//3040 2528//3034
f 2538//3041 2540//3042 2536//319
f 2534//319 2537//319 2535//319
f 2540//3042 2538//3041 2530//3036
f 2530//3036 2374//2829 2541//3043
f 2547//3044 2541//3043 2374//2829
f 2534//319 2377//2832 2537//319
f 2539//3045 2542//3046 2544//319
f 2531//3037 2543//3047 2545//3048
f 2536//319 2535//319 2538//3041
f 2539//3045 2527//3021 2542//3046
f 2531//3037 2545//3048 2549//3049
f 2546//3050 2539//3045 2543//3047
f 2535//319 2536//319 2534//319
f 2530//3036 2541//3043 2540//3042
f 2527//3021 2548//3051 2542//3046
f 2543//3047 2531//3037 2546//3050
f 2549//3049 2527//3021 2531//3037
f 2544//319 2543//3047 2539//3045
f 2377//2832 2527//3021 2550//3052
f 2549//3049 2548//3051 2527//3021
f 2377//2832 2534//319 2547//3044
f 2527//3021 2539//3045 2550//3052
f 2530//3036 2538//3041 2546//3050
f 2547//3044 2374//2829 2377//2832
f 2546//3050 2531//3037 2530//3036
f 2550//3052 2537//319 2377//2832
f 2527//3021 2377//2832 2375//2834
f 2551//3053 2545//3054 2543//3055
f 2543//3055 2554//2752 2551//3053
f 2544//3056 2542//2760 2552//3057
f 2543//3055 2544//3056 2553//3058
f 2553//3058 2554//2752 2543//3055
f 2552//3057 2553//3058 2544//3056
f 2552//3057 2542//2760 2548//3059
f 2548//3059 2556//2756 2552//3057
f 2549//3060 2545//3054 2551//3053
f 2548//3059 2549//3060 2555//3061
f 2555//3061 2556//2756 2548//3059
f 2551//3053 2555//3061 2549//3060
f 2554//319 2553//3058 2552//3057
f 2556//319 2555//3061 2551//3053
f 2551//3053 2554//319 2552//3057
f 2552//3057 2556//319 2551//3053
f 2539//3062 2546//3063 2558//3064
f 2550//3065 2539//3062 2559//3066
f 2537//3067 2550//3065 2560//3068
f 2535//3069 2537//3067 2561//3070
f 2538//3071 2535//3069 2562//3072
f 2546//3063 2538//3071 2557//3073
f 2562//3072 2557//3073 2538//3071
f 2561//3070 2562//3072 2535//3069
f 2560//3068 2561//3070 2537//3067
f 2559//3066 2560//3068 2550//3065
f 2558//3064 2559//3066 2539//3062
f 2557//3073 2558//3064 2546//3063
f 2563//3074 2558//3075 2557//3076
f 2563//3077 2559//3078 2558//3079
f 2563//3080 2560//3081 2559//3082
f 2563//3083 2561//3084 2560//3085
f 2563//3086 2562//3087 2561//3088
f 2563//3089 2557//3090 2562//3091
f 2565//3092 2564//3093 2534//3094
f 2566//3095 2565//3092 2536//3096
f 2568//3097 2567//3098 2540//3099
f 2569//1986 2568//3097 2541//3100
f 2564//3093 2569//1986 2547//3101
f 2541//3100 2547//3101 2569//1986
f 2540//3099 2541//3100 2568//3097
f 2567//3098 2566//3095 2540//3099
f 2536//3096 2540//3099 2566//3095
f 2534//3094 2536//3096 2565//3092
f 2547//3101 2534//3094 2564//3093
f 2570//3102 2566//1961 2567//3103
f 2570//3104 2565//2106 2566//1965
f 2570//1966 2564//1967 2565//1968
f 2570//3105 2569//1970 2564//1971
f 2570//1972 2568//1973 2569//1974
f 2570//1975 2567//1976 2568//1977
f 2424//2895 2423//2893 2422//2891
f 2416//2879 2418//2883 2417//2881
f 2415//2877 2414//2875 2416//2879
f 2579//3106 2412//2870 2573//3107
f 2573//3107 2572//1184 2579//3106
f 2579//3106 2572//1184 2571//1184
f 2575//3108 2361//2795 2359//2517
f 2571//1184 2359//2517 2579//3106
f 2575//3108 2574//3109 2411//2923
f 2575//3108 2395//2854 2393//2852
f 2571//1184 2575//3108 2359//2517
f 2412//2870 2411//2923 2574//3109
f 2574//3109 2573//3107 2412//2870
f 2411//2923 2395//2854 2575//3108
f 2393//2852 2361//2795 2575//3108
f 2579//3106 2359//2517 2357//1184
f 2579//3106 2357//1184 2576//3110
f 2416//2879 2414//2875 2577//3111
f 2577//3111 2414//2875 2413//2873
f 2577//3111 2578//3112 2416//2879
f 2413//2873 2579//3106 2577//3111
f 2578//3112 2576//3110 2357//1184
f 2578//3112 2355//3113 2416//2879
f 2357//1184 2355//3113 2578//3112
f 2580//3114 2419//2885 2418//2883
f 2581//3115 2418//2883 2416//2879
f 2416//2879 2355//3113 2581//3115
f 2581//3115 2580//3114 2418//2883
f 2582//3116 2420//2887 2419//2885
f 2420//2887 2583//3117 2584//3118
f 2580//3114 2582//3116 2419//2885
f 2584//3118 2355//3113 2353//3119
f 2420//2887 2582//3116 2583//3117
f 2355//3113 2584//3118 2581//3115
f 2353//3119 2342//3120 2420//2887
f 2421//2889 2420//2887 2337//3121
f 2422//2891 2337//3121 2585//3122
f 2424//2895 2422//2891 2588//3123
f 2340//3124 2425//2897 2586//3125
f 2586//3125 2425//2897 2424//2895
f 2337//3121 2340//3124 2587//1184
f 2337//3121 2587//1184 2585//3122
f 2424//2895 2588//3123 2586//3125
f 2422//2891 2585//3122 2588//3123
f 2340//3124 2586//3125 2587//1184
f 2340//3124 2426//2899 2425//2897
f 2427//2901 2344//3126 2351//1665
f 2427//2901 2340//3124 2344//3126
f 2427//2901 2351//1665 2589//3127
f 2351//1665 2590//3128 2589//3127
f 2591//3129 2430//2907 2429//2905
f 2429//2905 2428//2903 2591//3129
f 2589//3127 2592//3130 2427//2901
f 2351//1665 2349//3131 2590//3128
f 2430//2907 2591//3129 2590//3128
f 2428//2903 2592//3130 2591//3129
f 2590//3128 2349//3131 2430//2907
f 2592//3130 2428//2903 2427//2901
f 2347//2779 2346//2778 2593//1184
f 2595//3132 2349//3131 2347//2779
f 2346//2778 2596//3133 2593//1184
f 2430//2907 2349//3131 2595//3132
f 2432//2911 2595//3132 2594//3134
f 2432//2911 2431//2909 2595//3132
f 2347//2779 2593//1184 2595//3132
f 2346//2778 2433//2913 2596//3133
f 2594//3134 2433//2913 2432//2911
f 2431//2909 2430//2907 2595//3132
f 2594//3134 2596//3133 2433//2913
f 2434//2915 2346//2778 2597//3135
f 2599//3136 2598//3137 2386//2846
f 2386//2846 2390//2850 2599//3136
f 2599//3136 2390//2850 2435//2917
f 2346//2778 2598//3137 2597//3135
f 2598//3137 2346//2778 2386//2846
f 2597//3135 2599//3136 2434//2915
f 2599//3136 2435//2917 2434//2915
f 2346//2778 2371//2794 2386//2846
f 2427//2901 2426//2899 2340//3124
f 2337//3121 2422//2891 2421//2889
f 2342//3120 2337//3121 2420//2887
f 2584//3118 2353//3119 2420//2887
f 2413//2873 2412//2870 2579//3106
f 2434//2915 2433//2913 2346//2778
f 2578//3138 2577//3139 2600//3140
f 2576//3110 2578//3138 2601//3141
f 2577//3139 2579//3106 2604//3142
f 2604//3142 2600//3140 2577//3139
f 2603//3143 2604//3142 2579//3106
f 2602//3144 2603//3143 2579//3106
f 2579//3106 2576//3110 2602//3144
f 2601//3141 2602//3144 2576//3110
f 2600//3140 2601//3141 2578//3138
f 2572//3145 2573//3146 2605//3147
f 2571//3148 2572//3145 2606//3149
f 2575//3150 2571//3148 2607//3151
f 2574//3152 2575//3150 2608//3153
f 2573//3146 2574//3152 2608//3153
f 2608//3153 2605//3147 2573//3146
f 2607//3151 2608//3153 2575//3150
f 2606//3149 2607//3151 2571//3148
f 2605//3147 2606//3149 2572//3145
f 2595//3154 2593//3155 2609//3156
f 2594//3157 2595//3154 2610//3158
f 2596//3159 2594//3157 2611//3160
f 2593//3155 2596//3159 2612//3161
f 2611//3160 2612//3161 2596//3159
f 2610//3158 2611//3160 2594//3157
f 2609//3156 2610//3158 2595//3154
f 2612//3161 2609//3156 2593//3155
f 2597//3162 2598//3163 2613//3164
f 2599//3165 2597//3162 2614//3166
f 2598//3163 2599//3165 2616//3167
f 2615//3168 2616//3167 2599//3165
f 2614//3166 2615//3168 2599//3165
f 2613//3164 2614//3166 2597//3162
f 2616//3167 2613//3164 2598//3163
f 2592//3169 2589//3170 2618//3171
f 2591//3172 2592//3169 2618//3171
f 2590//3173 2591//3172 2620//3174
f 2589//3170 2590//3173 2617//3175
f 2620//3174 2617//3175 2590//3173
f 2619//3176 2620//3174 2591//3172
f 2618//3171 2619//3176 2591//3172
f 2617//3175 2618//3171 2589//3170
f 2582//3177 2580//3178 2621//3179
f 2583//3180 2582//3177 2622//3181
f 2581//3182 2584//3183 2624//3184
f 2580//3178 2581//3182 2625//3185
f 2625//3185 2621//3179 2580//3178
f 2624//3184 2625//3185 2581//3182
f 2623//3186 2624//3184 2584//3183
f 2584//3183 2583//3180 2623//3186
f 2622//3181 2623//3186 2583//3180
f 2621//3179 2622//3181 2582//3177
f 2588//3187 2585//3188 2626//3189
f 2586//3190 2588//3187 2628//3191
f 2587//3192 2586//3190 2629//3193
f 2585//3188 2587//3192 2626//3189
f 2629//3193 2626//3189 2587//3192
f 2628//3191 2629//3193 2586//3190
f 2627//3194 2628//3191 2588//3187
f 2626//3189 2627//3194 2588//3187
f 2628//1164 2630//3195 2633//3196
f 2631//3197 2626//1164 2632//3198
f 2633//3196 2634//1164 2628//1164
f 2627//1164 2631//3197 2630//3195
f 2634//1164 2635//1164 2629//1164
f 2630//3195 2628//1164 2627//1164
f 2629//1164 2628//1164 2634//1164
f 2635//1164 2636//1164 2626//1164
f 2626//1164 2629//1164 2635//1164
f 2636//1164 2632//3198 2626//1164
f 2627//1164 2626//1164 2631//3197
f 2637//3199 2641//3200 2634//3201
f 2638//3202 2637//3199 2633//3196
f 2633//3196 2630//3195 2638//3202
f 2634//3201 2633//3196 2637//3199
f 2640//3203 2636//3204 2635//3205
f 2641//3200 2635//3205 2634//3201
f 2635//3205 2641//3200 2640//3203
f 2636//3204 2640//3203 2639//3206
f 2643//3207 2642//3208 2631//3197
f 2639//3206 2643//3207 2632//3198
f 2632//3198 2636//3204 2639//3206
f 2631//3197 2632//3198 2643//3207
f 2644//1164 2619//1164 2618//1164
f 2619//1164 2644//1164 2645//1164
f 2645//1164 2647//1164 2620//1164
f 2618//1164 2646//1164 2644//1164
f 2647//1164 2648//1164 2620//1164
f 2617//1164 2620//1164 2648//1164
f 2650//1164 2618//1164 2617//1164
f 2618//1164 2650//1164 2646//1164
f 2645//1164 2620//1164 2619//1164
f 2617//1164 2649//1164 2650//1164
f 2617//1164 2648//1164 2649//1164
f 2652//3209 2651//3210 2646//3211
f 2653//3212 2652//3209 2650//3213
f 2650//3213 2649//3214 2653//3212
f 2646//3211 2650//3213 2652//3209
f 2655//3215 2654//3216 2645//3217
f 2645//3217 2644//3218 2655//3215
f 2647//3219 2645//3217 2654//3216
f 2653//3212 2649//3214 2648//3220
f 2656//3221 2648//3220 2647//3219
f 2647//3219 2654//3216 2656//3221
f 2648//3220 2656//3221 2653//3212
f 2714//3222 2657//3223 2658//3224
f 2659//3225 2660//3226 2661//3227
f 2662//3228 2659//3225 2663//3225
f 2664//3229 2665//3230 2666//3231
f 2667//3232 2664//3229 2668//3229
f 2669//3233 2693//3234 2644//3218
f 2694//3235 2655//3215 2644//3218
f 2644//3218 2693//3234 2694//3235
f 2644//3218 2646//3211 2670//3236
f 2667//3232 2671//3237 2646//3211
f 2646//3211 2671//3237 2670//3236
f 2672//3238 2666//3231 2630//3195
f 2665//3230 2638//3202 2630//3195
f 2630//3195 2666//3231 2665//3230
f 2630//3195 2631//3197 2673//3239
f 2662//3228 2674//3240 2631//3197
f 2631//3197 2674//3240 2673//3239
f 2675//3241 2661//3227 2676//3242
f 2660//3226 2707//3243 2676//3242
f 2676//3242 2661//3227 2660//3226
f 2714//3222 2677//3244 2678//3245
f 2675//3241 2676//3242 2678//3245
f 2678//3245 2677//3244 2675//3241
f 2631//3197 2642//3208 2662//3228
f 2673//3239 2672//3238 2630//3195
f 2646//3211 2651//3210 2667//3232
f 2670//3236 2669//3233 2644//3218
f 2668//3229 2671//3237 2667//3232
f 2666//3231 2668//3229 2664//3229
f 2663//3225 2674//3240 2662//3228
f 2661//3227 2663//3225 2659//3225
f 2658//3224 2677//3244 2714//3222
f 2679//3246 2658//3224 2657//3223
f 2657//3223 2680//3247 2679//3246
f 2679//3246 2680//3247 2681//3248
f 2682//3249 2681//3248 2683//3250
f 2681//3248 2682//3249 2679//3246
f 2684//3251 2682//3249 2683//3250
f 2683//3250 2685//3252 2684//3251
f 2686//3253 2685//3252 2687//3254
f 2687//3254 2688//3255 2686//3253
f 2685//3252 2686//3253 2684//3251
f 2689//3256 2688//3255 2687//3254
f 2687//3254 2690//3257 2689//3256
f 2693//3234 2691//3258 2692//3259
f 2692//3259 2694//3235 2693//3234
f 2695//3260 2696//3261 2697//3262
f 2691//3258 2697//3262 2692//3259
f 2697//3262 2691//3258 2695//3260
f 2698//3263 2699//3264 2696//3261
f 2696//3261 2695//3260 2698//3263
f 2700//3265 2704//3266 2699//3264
f 2699//3264 2698//3263 2700//3265
f 2704//3266 2700//3265 2703//3267
f 2703//3267 2701//3268 2702//3269
f 2702//3269 2704//3266 2703//3267
f 2705//3270 2713//3271 2709//3272
f 2707//3243 2705//3270 2706//3273
f 2706//3273 2676//3242 2707//3243
f 2709//3272 2706//3273 2705//3270
f 2708//3274 2678//3245 2625//1164
f 2709//1164 2710//1164 2623//1164
f 2676//1164 2622//1164 2621//1164
f 2624//1164 2623//1164 2710//1164
f 2621//1164 2678//3245 2676//1164
f 2622//1164 2676//1164 2706//1164
f 2623//1164 2706//1164 2709//1164
f 2678//3245 2621//1164 2625//1164
f 2710//1164 2708//3274 2624//1164
f 2706//1164 2623//1164 2622//1164
f 2625//1164 2624//1164 2708//3274
f 2711//3275 2708//3274 2710//3276
f 2712//3277 2710//3276 2709//3272
f 2709//3272 2713//3271 2712//3277
f 2710//3276 2712//3277 2711//3275
f 2715//3278 2714//3222 2678//3245
f 2711//3275 2715//3278 2708//3274
f 2678//3245 2708//3274 2715//3278
f 2519//3007 2518//3006 2673//3279
f 2518//3006 2517//3005 2672//3280
f 2516//3004 2666//3281 2672//3280
f 2515//3003 2668//3282 2666//3281
f 2514//3002 2671//3283 2668//3282
f 2513//3001 2670//3284 2671//3283
f 2522//3010 2521//3009 2661//3285
f 2521//3009 2520//3008 2663//3286
f 2520//3008 2519//3007 2674//3287
f 2672//3280 2673//3279 2518//3006
f 2666//3281 2516//3004 2515//3003
f 2671//3283 2514//3002 2513//3001
f 2524//3012 2523//3011 2677//3288
f 2523//3011 2522//3010 2675//3289
f 2663//3286 2661//3285 2521//3009
f 2673//3279 2674//3287 2519//3007
f 2668//3282 2515//3003 2514//3002
f 2512//3000 2669//3290 2670//3284
f 2675//3289 2677//3288 2523//3011
f 2674//3287 2663//3286 2520//3008
f 2670//3284 2513//3001 2512//3000
f 2511//2999 2693//3291 2669//3290
f 2661//3285 2675//3289 2522//3010
f 2669//3290 2512//3000 2511//2999
f 2672//3280 2517//3005 2516//3004
f 2716//3292 2524//3012 2658//3293
f 2677//3288 2658//3293 2524//3012
f 2505//2993 2504//2992 2717//3294
f 2504//2992 2503//2991 2718//3295
f 2500//2988 2719//3296 2720//3297
f 2499//2987 2721//3298 2719//3296
f 2498//2986 2722//3299 2721//3298
f 2497//2985 2723//3300 2722//3299
f 2507//2995 2506//2994 2724//3301
f 2506//2994 2505//2993 2725//3302
f 2718//3295 2717//3294 2504//2992
f 2502//2990 2726//3303 2718//3295
f 2719//3296 2500//2988 2499//2987
f 2722//3299 2498//2986 2497//2985
f 2508//2996 2507//2995 2727//3304
f 2725//3302 2724//3301 2506//2994
f 2718//3295 2503//2991 2502//2990
f 2501//2989 2720//3297 2726//3303
f 2721//3298 2499//2987 2498//2986
f 2496//2984 2689//3305 2723//3300
f 2509//2997 2508//2996 2729//3306
f 2724//3301 2727//3304 2507//2995
f 2726//3303 2502//2990 2501//2989
f 2723//3300 2497//2985 2496//2984
f 2693//3291 2511//2999 2728//3307
f 2728//3307 2730//3308 2691//3309
f 2727//3304 2729//3306 2508//2996
f 2720//3297 2501//2989 2500//2988
f 2691//3309 2693//3291 2728//3307
f 2717//3294 2725//3302 2505//2993
f 2728//3307 2511//2999 2510//2998
f 2731//3310 2509//2997 2701//3311
f 2729//3306 2701//3311 2509//2997
f 2716//3292 2679//3312 2682//3313
f 2510//2998 2731//3310 2728//3307
f 2510//2998 2509//2997 2731//3310
f 2716//3292 2658//3293 2679//3312
f 2732//3314 2682//3313 2684//3315
f 2738//3316 2735//3317 2689//3305
f 2695//3318 2691//3309 2730//3308
f 2716//3292 2495//2983 2524//3012
f 2733//3319 2701//3311 2703//3320
f 2689//3305 2496//2984 2738//3316
f 2496//2984 2495//2983 2738//3316
f 2730//3308 2736//3321 2695//3318
f 2701//3311 2733//3319 2731//3310
f 2698//3322 2737//3323 2733//3319
f 2698//3322 2695//3318 2737//3323
f 2682//3313 2732//3314 2734//3324
f 2686//3325 2735//3317 2732//3314
f 2733//3319 2703//3320 2700//3326
f 2688//3327 2689//3305 2735//3317
f 2716//3292 2738//3316 2495//2983
f 2733//3319 2700//3326 2698//3322
f 2732//3314 2684//3315 2686//3325
f 2735//3317 2686//3325 2688//3327
f 2734//3324 2716//3292 2682//3313
f 2736//3321 2737//3323 2695//3318
f 2728//3328 2731//3329 2743//3330
f 2731//3329 2733//3331 2739//3332
f 2733//3331 2737//3333 2740//3334
f 2737//3333 2736//3335 2741//3336
f 2736//3335 2730//3337 2742//3338
f 2730//3337 2728//3328 2743//3330
f 2743//3330 2742//3338 2730//3337
f 2742//3338 2741//3336 2736//3335
f 2741//3336 2740//3334 2737//3333
f 2740//3334 2739//3332 2733//3331
f 2739//3332 2743//3330 2731//3329
f 2745//3339 2744//3340 2741//3341
f 2746//3342 2745//3339 2743//3343
f 2747//3344 2746//3342 2743//3343
f 2748//3345 2747//3344 2739//3346
f 2749//3347 2748//3345 2740//3348
f 2744//3340 2749//3347 2741//3341
f 2740//3348 2741//3341 2749//3347
f 2739//3346 2740//3348 2748//3345
f 2743//3343 2739//3346 2747//3344
f 2742//3349 2743//3343 2745//3339
f 2741//3341 2742//3349 2745//3339
f 2750//3350 2745//3351 2746//3352
f 2750//3353 2744//3354 2745//3355
f 2750//3356 2749//3357 2744//3358
f 2750//3359 2748//3360 2749//3361
f 2750//3362 2747//3363 2748//3364
f 2750//3365 2746//3366 2747//3367
f 2732//3368 2735//3369 2751//3370
f 2735//3369 2738//3371 2752//3372
f 2738//3371 2716//3373 2753//3374
f 2716//3373 2734//3375 2754//3376
f 2734//3375 2732//3368 2756//3377
f 2756//3377 2755//3378 2734//3375
f 2755//3378 2754//3376 2734//3375
f 2754//3376 2753//3374 2716//3373
f 2753//3374 2752//3372 2738//3371
f 2752//3372 2751//3370 2735//3369
f 2751//3370 2756//3377 2732//3368
f 2758//3379 2757//3380 2753//3381
f 2759//3382 2758//3379 2754//3383
f 2760//3384 2759//3382 2756//3385
f 2761//3386 2760//3384 2752//3387
f 2757//3380 2761//3386 2752//3387
f 2752//3387 2753//3381 2757//3380
f 2751//3388 2752//3387 2760//3384
f 2756//3385 2751//3388 2760//3384
f 2755//3389 2756//3385 2759//3382
f 2754//3383 2755//3389 2759//3382
f 2753//3381 2754//3383 2758//3379
f 2762//3390 2758//3391 2759//3392
f 2762//3393 2757//3394 2758//3395
f 2762//3396 2761//3397 2757//3398
f 2762//3399 2760//3400 2761//3401
f 2762//3402 2759//3403 2760//3404
f 2397//2857 2763//3405 2725//3406
f 2764//3407 2399//2859 2720//3408
f 2723//3409 2689//3256 2765//3410
f 2690//3257 2795//3411 2765//3410
f 2765//3410 2689//3256 2690//3257
f 2765//3410 2766//3412 2722//3413
f 2766//3412 2767//3414 2721//3415
f 2764//3407 2719//3416 2767//3414
f 2767//3414 2719//3416 2721//3415
f 2726//3417 2720//3408 2406//3418
f 2409//2861 2720//3408 2399//2859
f 2409//2861 2406//3418 2720//3408
f 2398//2858 2397//2857 2717//3419
f 2718//3420 2405//3421 2401//3422
f 2401//3422 2717//3419 2718//3420
f 2401//3422 2398//2858 2717//3419
f 2724//3423 2725//3406 2768//3424
f 2768//3424 2725//3406 2763//3405
f 2768//3424 2769//3425 2727//3426
f 2769//3425 2770//3427 2729//3428
f 2702//3269 2701//3268 2770//3427
f 2770//3427 2701//3268 2729//3428
f 2770//3427 2771//3429 2702//3269
f 2729//3428 2727//3426 2769//3425
f 2727//3426 2724//3423 2768//3424
f 2718//3420 2726//3417 2405//3421
f 2406//3418 2405//3421 2726//3417
f 2721//3415 2722//3413 2766//3412
f 2722//3413 2723//3409 2765//3410
f 2720//3408 2719//3416 2764//3407
f 2725//3406 2717//3419 2397//2857
f 2772//3430 2779//3431 2778//3432
f 2763//3405 2772//3430 2768//3424
f 2773//3433 2768//3424 2772//3430
f 2778//3432 2773//3433 2772//3430
f 2774//3434 2775//3435 2776//3436
f 2777//3437 2776//3436 2778//3432
f 2778//3432 2779//3431 2777//3437
f 2776//3436 2777//3437 2774//3434
f 2611//1164 2768//1164 2780//3438
f 2614//1164 2780//3438 2768//1164
f 2780//3438 2612//1164 2611//1164
f 2768//1164 2615//1164 2614//1164
f 2775//1164 2780//3438 2613//1164
f 2781//1164 2770//1164 2610//1164
f 2770//1164 2769//1164 2611//1164
f 2614//1164 2613//1164 2780//3438
f 2612//1164 2780//3438 2782//1164
f 2610//1164 2609//1164 2781//1164
f 2611//1164 2610//1164 2770//1164
f 2783//1164 2609//1164 2612//1164
f 2609//1164 2783//1164 2781//1164
f 2769//1164 2768//1164 2611//1164
f 2778//1164 2776//1164 2616//1164
f 2776//1164 2775//1164 2613//1164
f 2615//1164 2768//1164 2773//1164
f 2613//1164 2616//1164 2776//1164
f 2773//1164 2778//1164 2616//1164
f 2616//1164 2615//1164 2773//1164
f 2612//1164 2782//1164 2783//1164
f 2784//3439 2787//3440 2782//3441
f 2785//3442 2784//3439 2780//3443
f 2774//3434 2785//3442 2775//3435
f 2780//3443 2775//3435 2785//3442
f 2782//3441 2780//3443 2784//3439
f 2786//3444 2781//3445 2783//3446
f 2787//3440 2783//3446 2782//3441
f 2783//3446 2787//3440 2786//3444
f 2788//3447 2771//3429 2770//3427
f 2786//3444 2788//3447 2781//3445
f 2770//3427 2781//3445 2788//3447
f 2789//3448 2764//3407 2767//3414
f 2791//3449 2789//3448 2790//3450
f 2790//3450 2801//3451 2791//3449
f 2767//3414 2790//3450 2789//3448
f 2795//3411 2792//3452 2794//3453
f 2794//3453 2765//3410 2795//3411
f 2793//3454 2794//3453 2792//3452
f 2793//1164 2602//1164 2601//1164
f 2798//1164 2766//1164 2603//1164
f 2797//1164 2603//1164 2602//1164
f 2606//1164 2766//1164 2798//1164
f 2602//1164 2793//1164 2796//1164
f 2798//1164 2799//1164 2606//1164
f 2602//1164 2796//1164 2797//1164
f 2766//1164 2606//1164 2605//1164
f 2800//1164 2801//1164 2607//1164
f 2801//1164 2790//1164 2608//1164
f 2600//1164 2765//1164 2794//1164
f 2793//1164 2601//1164 2600//1164
f 2797//1164 2798//1164 2603//1164
f 2607//1164 2606//1164 2800//1164
f 2608//1164 2607//1164 2801//1164
f 2608//1164 2790//1164 2767//1164
f 2600//1164 2794//1164 2793//1164
f 2766//1164 2765//1164 2604//1164
f 2799//1164 2800//1164 2606//1164
f 2766//1164 2604//1164 2603//1164
f 2765//1164 2600//1164 2604//1164
f 2767//1164 2766//1164 2605//1164
f 2767//1164 2605//1164 2608//1164
f 2803//3455 2796//3456 2793//3454
f 2793//3454 2792//3452 2803//3455
f 2796//3456 2803//3455 2802//3457
f 2804//3458 2807//3459 2799//3460
f 2805//3461 2804//3458 2798//3462
f 2802//3457 2805//3461 2797//3463
f 2797//3463 2796//3456 2802//3457
f 2798//3462 2797//3463 2805//3461
f 2799//3460 2798//3462 2804//3458
f 2791//3449 2801//3451 2800//3464
f 2806//3465 2800//3464 2799//3460
f 2799//3460 2807//3459 2806//3465
f 2800//3464 2806//3465 2791//3449
f 2387//2844 2840//3466 2816//3467
f 2392//2843 2845//3468 2840//3466
f 2653//3469 2641//1164 2637//1164
f 2840//3466 2387//2844 2392//2843
f 2815//3470 2845//3468 2392//2843
f 2791//3471 2815//3470 2392//2843
f 2394//2853 2399//2859 2764//1164
f 2387//2844 2816//3467 2779//3472
f 2388//2848 2387//2844 2779//3472
f 2764//1164 2789//1164 2394//2853
f 2789//1164 2791//3471 2394//2853
f 2791//3471 2392//2843 2394//2853
f 2713//3473 2639//3474 2833//3475
f 2640//3476 2852//3477 2831//3478
f 2828//3479 2852//3477 2653//3469
f 2640//3476 2641//1164 2653//3469
f 2643//1164 2639//3474 2713//3473
f 2687//3254 2792//3452 2795//3411
f 2704//3266 2702//3269 2771//3429
f 2852//3477 2640//3476 2653//3469
f 2714//3222 2680//1164 2657//3223
f 2795//3411 2690//3257 2687//3254
f 2791//3471 2806//3480 2813//3481
f 2847//3482 2848//3483 2777//3484
f 2692//3259 2654//3216 2655//3215
f 2653//3469 2656//3485 2851//3486
f 2637//1164 2638//1164 2653//3469
f 2804//1164 2805//3461 2802//3457
f 2813//3481 2814//3487 2791//3471
f 2779//3472 2816//3467 2847//3482
f 2785//3442 2787//3488 2784//3439
f 2771//3429 2788//3447 2704//3266
f 2655//3215 2694//3235 2692//3259
f 2831//3478 2843//3489 2640//3476
f 2639//3474 2640//3476 2853//3490
f 2388//2848 2779//3472 2772//1164
f 2388//2848 2772//1164 2763//1164
f 2777//3484 2779//3472 2847//3482
f 2788//3447 2786//3491 2704//3266
f 2654//3216 2692//3259 2697//1164
f 2656//3485 2654//3216 2696//3492
f 2851//3486 2828//3479 2653//3469
f 2853//3490 2833//3475 2639//3474
f 2763//1164 2397//2857 2388//2848
f 2786//3491 2699//3493 2704//3266
f 2714//3222 2681//1164 2680//1164
f 2792//3452 2687//3254 2685//3494
f 2792//3452 2846//3495 2810//3496
f 2802//3457 2807//3497 2804//1164
f 2807//3497 2811//3498 2812//3499
f 2696//3492 2850//3500 2656//3485
f 2640//3476 2843//3489 2853//3490
f 2712//3501 2833//3475 2854//3502
f 2685//3494 2846//3495 2792//3452
f 2812//3499 2813//3481 2806//3480
f 2814//3487 2815//3470 2791//3471
f 2656//3485 2850//3500 2851//3486
f 2712//3501 2713//3473 2833//3475
f 2836//3503 2714//3222 2711//3504
f 2821//3505 2699//3493 2786//3491
f 2707//3243 2713//3473 2705//3270
f 2712//3501 2854//3502 2836//3503
f 2653//3469 2638//1164 2665//1164
f 2653//3469 2667//1164 2651//3210
f 2653//3469 2665//1164 2664//1164
f 2810//3496 2803//3506 2792//3452
f 2803//3506 2810//3496 2811//3498
f 2811//3498 2802//3457 2803//3506
f 2785//3442 2774//3507 2787//3488
f 2774//3507 2821//3505 2787//3488
f 2713//3473 2660//1164 2659//1164
f 2711//3504 2712//3501 2836//3503
f 2664//1164 2667//1164 2653//3469
f 2714//3222 2683//3508 2681//1164
f 2802//3457 2811//3498 2807//3497
f 2812//3499 2806//3480 2807//3497
f 2848//3483 2821//3505 2774//3507
f 2707//3243 2660//1164 2713//3473
f 2662//1164 2642//1164 2713//3473
f 2652//3209 2653//3469 2651//3210
f 2846//3495 2685//3494 2683//3508
f 2774//3507 2777//3484 2848//3483
f 2786//3491 2787//3488 2821//3505
f 2850//3500 2696//3492 2699//3493
f 2699//3493 2821//3505 2849//3509
f 2642//1164 2643//1164 2713//3473
f 2697//1164 2696//3492 2654//3216
f 2714//3222 2846//3495 2683//3508
f 2659//1164 2662//1164 2713//3473
f 2714//3222 2838//3510 2846//3495
f 2699//3493 2849//3509 2850//3500
f 2714//3222 2837//3511 2838//3510
f 2714//3222 2836//3503 2837//3511
f 2714//3222 2715//3278 2711//3504
f 2840//3466 2841//3512 2816//3467
f 2846//3495 2808//3513 2809//3514
f 2846//3495 2809//3514 2810//3496
f 2847//3482 2817//3515 2818//3516
f 2847//3482 2818//3516 2819//3517
f 2848//3483 2819//3517 2820//3518
f 2848//3483 2820//3518 2821//3505
f 2849//3509 2822//3519 2823//3520
f 2849//3509 2823//3520 2824//3521
f 2850//3500 2824//3521 2825//3522
f 2850//3500 2825//3522 2826//3523
f 2851//3486 2826//3523 2827//3524
f 2851//3486 2827//3524 2828//3479
f 2852//3477 2829//3525 2830//3526
f 2852//3477 2830//3526 2831//3478
f 2853//3490 2844//3527 2832//3528
f 2853//3490 2832//3528 2833//3475
f 2854//3502 2834//3529 2835//3530
f 2854//3502 2835//3530 2836//3503
f 2839//3531 2840//3466 2845//3468
f 2808//3513 2846//3495 2838//3510
f 2834//3529 2854//3502 2833//3475
f 2844//3527 2853//3490 2843//3489
f 2829//3525 2852//3477 2828//3479
f 2826//3523 2851//3486 2850//3500
f 2824//3521 2850//3500 2849//3509
f 2822//3519 2849//3509 2821//3505
f 2819//3517 2848//3483 2847//3482
f 2817//3515 2847//3482 2816//3467
f 2842//3532 2843//3489 2831//3478
f 2839//3531 2845//3468 2815//3470
f 2841//3512 2840//3466 2856//3533
f 2839//3531 2856//3533 2840//3466
f 2856//3533 2855//3534 2841//3512
f 2843//3489 2857//3535 2844//3527
f 2857//3535 2843//3489 2859//3536
f 2843//3489 2842//3532 2858//3537
f 2858//3537 2859//3536 2843//3489
f 2887//3538 2860//3539 2855//3534
f 2855//3534 2886//3540 2887//3538
f 2841//3512 2855//3534 2861//3541
f 2861//3541 2855//3534 2860//3539
f 2860//3539 2862//3542 2861//3541
f 2864//3543 2863//3544 2828//3479
f 2864//3543 2827//3524 2826//3523
f 2826//3523 2865//3545 2864//3543
f 2865//3545 2826//3523 2825//3522
f 2865//3545 2825//3522 2824//3521
f 2824//3521 2866//3546 2865//3545
f 2867//3547 2866//3546 2822//3519
f 2821//3505 2820//3518 2867//3547
f 2867//3547 2820//3518 2819//3517
f 2819//3517 2868//3548 2867//3547
f 2868//3548 2819//3517 2818//3516
f 2816//3467 2841//3512 2861//3541
f 2817//3515 2816//3467 2862//3542
f 2868//3548 2818//3516 2817//3515
f 2817//3515 2862//3542 2868//3548
f 2863//3544 2869//3549 2830//3526
f 2869//3549 2831//3478 2830//3526
f 2831//3478 2869//3549 2871//3550
f 2871//3550 2842//3532 2831//3478
f 2830//3526 2829//3525 2863//3544
f 2861//3541 2862//3542 2816//3467
f 2822//3519 2821//3505 2867//3547
f 2823//3520 2822//3519 2866//3546
f 2824//3521 2823//3520 2866//3546
f 2828//3479 2827//3524 2864//3543
f 2829//3525 2828//3479 2863//3544
f 2871//3550 2869//3549 2870//3551
f 2870//3551 2858//3537 2871//3550
f 2871//3550 2858//3537 2842//3532
f 2872//3552 2873//3553 2858//3537
f 2858//3537 2870//3551 2872//3552
f 2872//3552 2875//3554 2874//3555
f 2873//3553 2872//3552 2874//3555
f 2873//3553 2874//3555 2857//3535
f 2857//3535 2859//3536 2873//3553
f 2873//3553 2859//3536 2858//3537
f 2874//3555 2875//3554 2876//3556
f 2876//3556 2857//3535 2874//3555
f 2857//3535 2876//3556 2877//3557
f 2844//3527 2857//3535 2877//3557
f 2878//3558 2814//3487 2813//3481
f 2878//3558 2813//3481 2812//3499
f 2812//3499 2879//3559 2878//3558
f 2879//3559 2812//3499 2811//3498
f 2880//3560 2879//3559 2810//3496
f 2880//3560 2808//3513 2838//3510
f 2838//3510 2881//3561 2880//3560
f 2881//3561 2838//3510 2837//3511
f 2837//3511 2882//3562 2881//3561
f 2882//3562 2837//3511 2836//3503
f 2883//3563 2882//3562 2835//3530
f 2815//3470 2814//3487 2884//3564
f 2814//3487 2878//3558 2884//3564
f 2877//3557 2832//3528 2844//3527
f 2877//3557 2833//3475 2832//3528
f 2877//3557 2883//3563 2833//3475
f 2839//3531 2815//3470 2884//3564
f 2834//3529 2833//3475 2883//3563
f 2835//3530 2834//3529 2883//3563
f 2836//3503 2835//3530 2882//3562
f 2809//3514 2808//3513 2880//3560
f 2810//3496 2809//3514 2880//3560
f 2811//3498 2810//3496 2879//3559
f 2839//3531 2884//3564 2885//3565
f 2885//3565 2856//3533 2839//3531
f 2888//3566 2856//3533 2885//3565
f 2885//3565 2889//3567 2888//3566
f 2888//3566 2886//3540 2855//3534
f 2855//3534 2856//3533 2888//3566
f 2888//3566 2887//3538 2886//3540
f 2888//3566 2889//3567 2887//3538
f 2875//3554 2887//3538 2889//3567
f 2875//3554 2872//3552 2887//3538
f 2887//3538 2866//2569 2867//3568
f 2875//3554 2881//3569 2882//3569
f 2863//3570 2864//3571 2872//3552
f 2865//3572 2866//2569 2887//3538
f 2875//3554 2880//1451 2881//3569
f 2867//3568 2868//3573 2887//3538
f 2875//3554 2882//3569 2883//3574
f 2872//3552 2869//3575 2863//3570
f 2870//3551 2869//3575 2872//3552
f 2887//3538 2862//3576 2860//3539
f 2878//3577 2879//1168 2889//3567
f 2875//3554 2879//1168 2880//1451
f 2868//3573 2862//3576 2887//3538
f 2889//3567 2884//3578 2878//3577
f 2872//3552 2865//3572 2887//3538
f 2883//3574 2877//3579 2875//3554
f 2889//3567 2879//1168 2875//3554
f 2877//3579 2876//3556 2875//3554
f 2885//3565 2884//3578 2889//3567
f 2864//3571 2865//3572 2872//3552
f 2890//3580 2891//1184 2892//1665
f 2893//1184 2894//1184 2891//1184
f 2891//1184 2890//3580 2893//1184
f 2895//3581 2896//1665 2894//1184
f 2897//3582 2898//3583 2899//3584
f 2894//1184 2893//1184 2895//3581
f 2895//3581 2900//3585 2896//1665
f 2900//3585 2895//3581 2897//3582
f 2898//3583 2901//3586 2902//3587
f 2905//1184 2904//3588 2903//3588
f 2906//3589 2907//3590 2908//3591
f 2909//3592 2910//2517 2911//3593
f 2909//3592 2912//1184 2910//2517
f 2913//1184 2914//1184 2912//1184
f 2915//3594 2917//3595 2918//3596
f 2917//3595 2919//3597 2920//3598
f 2919//3597 2921//3599 2922//3600
f 2902//3587 2899//3584 2898//3583
f 2901//3586 2903//3588 2923//3588
f 2903//3588 2924//1184 2905//1184
f 2905//1184 2924//1184 2925//3588
f 2925//3588 2926//3588 2927//3588
f 2928//3601 2908//3591 2929//3602
f 2908//3591 2928//3601 2906//3589
f 2932//3603 2931//1666 2930//3604
f 2933//3605 2934//3606 2932//3603
f 2935//3607 2911//3593 2934//3606
f 2912//1184 2909//3592 2913//1184
f 2918//3596 2916//2517 2915//3594
f 2922//3600 2920//3598 2919//3597
f 2922//3600 2921//3599 2890//3580
f 2899//3584 2900//3585 2897//3582
f 2904//3588 2923//3588 2903//3588
f 2936//3608 2929//3602 2926//3588
f 2906//3589 2937//3609 2907//3590
f 2938//1184 2930//3604 2939//1184
f 2930//3604 2940//3610 2932//3603
f 2934//3606 2933//3605 2935//3607
f 2913//1184 2915//3594 2914//1184
f 2920//3598 2918//3596 2917//3595
f 2925//3588 2927//3588 2905//1184
f 2929//3602 2936//3608 2928//3601
f 2937//3609 2938//1184 2942//1184
f 2931//1666 2939//1184 2930//3604
f 2911//3593 2935//3607 2909//3592
f 2890//3580 2892//1665 2922//3600
f 2926//3588 2925//3588 2936//3608
f 2942//1184 2941//1666 2937//3609
f 2932//3603 2940//3610 2933//3605
f 2923//3588 2902//3587 2901//3586
f 2939//1184 2942//1184 2938//1184
f 2941//1666 2907//3590 2937//3609
f 2916//2517 2914//1184 2915//3594
f 2904//3611 2905//1294 2943//1294
f 2923//3612 2904//3611 2944//3611
f 2902//3613 2923//3612 2945//3612
f 2899//3614 2902//3613 2946//3613
f 2900//3615 2899//3614 2947//3614
f 2896//3616 2900//3615 2948//3615
f 2894//3617 2896//3616 2949//3616
f 2891//3618 2894//3617 2950//3617
f 2892//3619 2891//3618 2951//3618
f 2922//3620 2892//3619 2952//3619
f 2920//3621 2922//3620 2953//3620
f 2918//3622 2920//3621 2954//3621
f 2916//3623 2918//3622 2955//3622
f 2914//3624 2916//3623 2956//3623
f 2912//3625 2914//3624 2957//3624
f 2910//3626 2912//3625 2958//3625
f 2911//3627 2910//3626 2959//3626
f 2934//3628 2911//3627 2960//3627
f 2932//3629 2934//3628 2961//3628
f 2931//3630 2932//3629 2962//3629
f 2939//3631 2931//3630 2963//3630
f 2942//3632 2939//3631 2964//3631
f 2941//3633 2942//3632 2965//3632
f 2907//3634 2941//3633 2966//3633
f 2908//3635 2907//3634 2967//3634
f 2929//3636 2908//3635 2968//3635
f 2926//3637 2929//3636 2969//3636
f 2927//3638 2926//3637 2970//3637
f 2905//1294 2927//3638 2971//3638
f 2971//3638 2943//1294 2905//1294
f 2970//3637 2971//3638 2927//3638
f 2969//3636 2970//3637 2926//3637
f 2968//3635 2969//3636 2929//3636
f 2967//3634 2968//3635 2908//3635
f 2966//3633 2967//3634 2907//3634
f 2965//3632 2966//3633 2941//3633
f 2964//3631 2965//3632 2942//3632
f 2963//3630 2964//3631 2939//3631
f 2962//3629 2963//3630 2931//3630
f 2961//3628 2962//3629 2932//3629
f 2960//3627 2961//3628 2934//3628
f 2959//3626 2960//3627 2911//3627
f 2958//3625 2959//3626 2910//3626
f 2957//3624 2958//3625 2912//3625
f 2956//3623 2957//3624 2914//3624
f 2955//3622 2956//3623 2916//3623
f 2954//3621 2955//3622 2918//3622
f 2953//3620 2954//3621 2920//3621
f 2952//3619 2953//3620 2922//3620
f 2951//3618 2952//3619 2892//3619
f 2950//3617 2951//3618 2891//3618
f 2949//3616 2950//3617 2894//3617
f 2948//3615 2949//3616 2896//3616
f 2947//3614 2948//3615 2900//3615
f 2946//3613 2947//3614 2899//3614
f 2945//3612 2946//3613 2902//3613
f 2944//3611 2945//3612 2923//3612
f 2943//1294 2944//3611 2904//3611
f 2947//3639 2946//3640 2972//3641
f 2950//3642 2973//3643 2974//3644
f 2956//3645 2955//3646 2975//3647
f 2946//3640 2976//3648 2972//3641
f 2947//3639 2977//3649 2978//3650
f 2948//3651 2978//3650 2979//3652
f 2974//3644 2951//3653 2950//3642
f 2952//3654 2951//3653 2980//3655
f 2955//3646 2981//3656 2975//3647
f 2956//3645 2982//3657 2983//3658
f 2958//3659 2957//3660 2984//3661
f 2978//3650 2948//3651 2947//3639
f 2979//3652 2949//3662 2948//3651
f 2950//3642 2949//3662 2985//3663
f 2980//3655 2986//3664 2952//3654
f 2983//3658 2957//3660 2956//3645
f 2957//3660 2983//3658 2984//3661
f 2979//3652 2985//3663 2949//3662
f 2974//3644 2980//3655 2951//3653
f 2954//3665 2953//3666 2987//3667
f 2984//3661 2988//3668 2958//3659
f 2959//3669 2958//3659 2988//3668
f 2959//3669 2989//3670 2990//3671
f 2961//3672 2991//3673 2992//3674
f 2985//3663 2973//3643 2950//3642
f 2952//3654 2986//3664 2993//3675
f 2953//3666 2993//3675 2987//3667
f 2954//3665 2994//3676 2981//3656
f 2988//3668 2989//3670 2959//3669
f 2990//3671 2960//3677 2959//3669
f 2961//3672 2960//3677 2995//3678
f 2992//3674 2962//3679 2961//3672
f 2945//3680 2944//3681 2996//3682
f 2993//3675 2953//3666 2952//3654
f 2981//3656 2955//3646 2954//3665
f 2990//3671 2995//3678 2960//3677
f 2992//3674 2997//3683 2962//3679
f 2963//3684 2962//3679 2997//3683
f 2963//3684 2998//3685 2999//3686
f 2965//3687 2964//3688 3000//3689
f 2943//3690 3001//3691 3002//3692
f 2944//3681 3002//3692 2996//3682
f 2987//3667 2994//3676 2954//3665
f 2995//3678 2991//3673 2961//3672
f 2999//3686 2964//3688 2963//3684
f 2964//3688 2999//3686 3000//3689
f 2968//3693 3003//3694 3004//3695
f 2996//3682 3005//3696 2945//3680
f 2945//3680 3005//3696 2976//3648
f 2975//3647 2982//3657 2956//3645
f 3000//3689 3006//3697 2965//3687
f 2967//3698 2966//3699 3007//3700
f 2968//3693 2967//3698 3008//3701
f 3004//3695 2969//3702 2968//3693
f 2970//3703 3009//3704 3010//3705
f 2976//3648 2946//3640 2945//3680
f 2997//3683 2998//3685 2963//3684
f 2965//3687 3006//3697 3011//3706
f 2966//3699 3011//3706 3007//3700
f 3004//3695 3012//3707 2969//3702
f 2970//3703 2969//3702 3012//3707
f 3010//3705 2971//3708 2970//3703
f 2943//3690 2971//3708 3013//3709
f 2972//3641 2977//3649 2947//3639
f 3007//3700 3008//3701 2967//3698
f 3012//3707 3009//3704 2970//3703
f 3013//3709 3001//3691 2943//3690
f 3011//3706 2966//3699 2965//3687
f 3010//3705 3013//3709 2971//3708
f 3008//3701 3003//3694 2968//3693
f 3002//3692 2944//3681 2943//3690
f 3013//3709 3014//3710 3001//3691
f 3015//3711 3014//3710 3010//3705
f 3014//3710 3013//3709 3010//3705
f 3012//3707 3015//3711 3009//3704
f 3004//3695 3016//3712 3012//3707
f 3008//3701 3016//3712 3003//3694
f 3007//3700 3017//3713 3008//3701
f 3018//3714 3017//3713 3011//3706
f 3017//3713 3007//3700 3011//3706
f 3000//3689 3018//3714 3006//3697
f 2999//3686 3019//3715 3000//3689
f 2997//3683 3019//3715 2998//3685
f 2992//3674 3020//3716 2997//3683
f 3021//3717 3020//3716 2991//3673
f 3020//3716 2992//3674 2991//3673
f 2990//3671 3021//3717 2995//3678
f 2989//3670 3022//3718 2990//3671
f 2984//3661 3022//3718 2988//3668
f 2983//3658 3023//3719 2984//3661
f 3024//3720 3023//3719 2982//3657
f 3023//3719 2983//3658 2982//3657
f 2981//3656 3024//3720 2975//3647
f 2994//3676 3025//3721 2981//3656
f 2993//3675 3025//3721 2987//3667
f 2986//3664 3026//3722 2993//3675
f 3027//3723 3026//3722 2980//3655
f 3026//3722 2986//3664 2980//3655
f 2973//3643 3027//3723 2974//3644
f 2985//3663 3028//3724 2973//3643
f 2978//3650 3028//3724 2979//3652
f 2977//3649 3029//3725 2978//3650
f 3030//3726 3029//3725 2972//3641
f 3029//3725 2977//3649 2972//3641
f 3030//3726 2976//3648 3005//3696
f 2996//3682 3031//3727 3005//3696
f 3001//3691 3031//3727 3002//3692
f 2996//3682 3002//3692 3031//3727
f 2972//3641 2976//3648 3030//3726
f 2985//3663 2979//3652 3028//3724
f 2980//3655 2974//3644 3027//3723
f 2994//3676 2987//3667 3025//3721
f 2982//3657 2975//3647 3024//3720
f 2989//3670 2988//3668 3022//3718
f 2991//3673 2995//3678 3021//3717
f 2999//3686 2998//3685 3019//3715
f 3011//3706 3006//3697 3018//3714
f 3004//3695 3003//3694 3016//3712
f 3010//3705 3009//3704 3015//3711
f 3031//3728 3001//3729 3032//3730
f 3005//3696 3031//3728 3033//3731
f 3030//3726 3005//3696 3034//3732
f 3029//3733 3030//3726 3035//3734
f 2978//3735 3029//3733 3036//3736
f 3028//3737 2978//3735 3037//3738
f 2973//3739 3028//3737 3038//3740
f 3027//3741 2973//3739 3039//3742
f 3026//3743 3027//3741 3040//3744
f 2993//3745 3026//3743 3041//3746
f 3025//3747 2993//3745 3042//3748
f 2981//3749 3025//3747 3043//3750
f 3024//3751 2981//3749 3044//3752
f 3023//3753 3024//3751 3045//3754
f 2984//3755 3023//3753 3046//3756
f 3022//3757 2984//3755 3047//3758
f 2990//3759 3022//3757 3048//3760
f 3021//3761 2990//3759 3049//3762
f 3020//3763 3021//3761 3050//3764
f 2997//3765 3020//3763 3051//3766
f 3019//3767 2997//3765 3052//3768
f 3000//3769 3019//3767 3053//3770
f 3018//3771 3000//3769 3054//3772
f 3017//3773 3018//3771 3055//3774
f 3008//3775 3017//3773 3056//3776
f 3016//3777 3008//3775 3057//3778
f 3012//3779 3016//3777 3058//3780
f 3015//3781 3012//3779 3059//3782
f 3014//3783 3015//3781 3060//3784
f 3001//3729 3014//3783 3061//3785
f 3061//3785 3032//3730 3001//3729
f 3060//3784 3061//3785 3014//3783
f 3059//3782 3060//3784 3015//3781
f 3058//3780 3059//3782 3012//3779
f 3057//3778 3058//3780 3016//3777
f 3056//3776 3057//3778 3008//3775
f 3055//3774 3056//3776 3017//3773
f 3054//3772 3055//3774 3018//3771
f 3053//3770 3054//3772 3000//3769
f 3052//3768 3053//3770 3019//3767
f 3051//3766 3052//3768 2997//3765
f 3050//3764 3051//3766 3020//3763
f 3049//3762 3050//3764 3021//3761
f 3048//3760 3049//3762 2990//3759
f 3047//3758 3048//3760 3022//3757
f 3046//3756 3047//3758 2984//3755
f 3045//3754 3046//3756 3023//3753
f 3044//3752 3045//3754 3024//3751
f 3043//3750 3044//3752 2981//3749
f 3042//3748 3043//3750 3025//3747
f 3041//3746 3042//3748 2993//3745
f 3040//3744 3041//3746 3026//3743
f 3039//3742 3040//3744 3027//3741
f 3038//3740 3039//3742 2973//3739
f 3037//3738 3038//3740 3028//3737
f 3036//3736 3037//3738 2978//3735
f 3035//3734 3036//3736 3029//3733
f 3034//3732 3035//3734 3030//3726
f 3033//3731 3034//3732 3005//3696
f 3032//3730 3033//3731 3031//3728
f 3062//3786 3051//3766 3050//3764
f 3063//3787 3052//3768 3051//3766
f 3064//3788 3053//3770 3052//3768
f 3064//3788 3054//3772 3053//3770
f 3065//3789 3066//3790 3045//3754
f 3046//3756 3045//3754 3066//3790
f 3047//3758 3046//3756 3066//3790
f 3047//3758 3067//3791 3068//3792
f 3051//3766 3062//3786 3063//3787
f 3069//3793 3055//3774 3054//3772
f 3070//3794 3035//3734 3034//3732
f 3071//3795 3036//3736 3035//3734
f 3072//3796 3073//3797 3042//3748
f 3073//3797 3074//3798 3043//3750
f 3068//3792 3048//3760 3047//3758
f 3075//3799 3050//3764 3049//3762
f 3052//3768 3063//3787 3064//3788
f 3069//3793 3076//3800 3055//3774
f 3076//3800 3077//3801 3057//3778
f 3035//3734 3070//3794 3071//3795
f 3079//3802 3037//3738 3036//3736
f 3080//3803 3038//3740 3037//3738
f 3043//3750 3042//3748 3073//3797
f 3074//3798 3065//3789 3044//3752
f 3066//3790 3067//3791 3047//3758
f 3049//3762 3068//3792 3075//3799
f 3054//3772 3064//3788 3069//3793
f 3057//3778 3056//3776 3076//3800
f 3077//3801 3081//3804 3058//3780
f 3081//3804 3082//3805 3059//3782
f 3032//3730 3083//3806 3078//3807
f 3034//3732 3078//3807 3070//3794
f 3037//3738 3079//3802 3080//3803
f 3080//3803 3039//3742 3038//3740
f 3084//3808 3072//3796 3040//3744
f 3044//3752 3043//3750 3074//3798
f 3068//3792 3049//3762 3048//3760
f 3056//3776 3055//3774 3076//3800
f 3059//3782 3058//3780 3081//3804
f 3082//3805 3085//3809 3060//3784
f 3061//3785 3060//3784 3085//3809
f 3078//3807 3034//3732 3033//3731
f 3040//3744 3039//3742 3084//3808
f 3045//3754 3044//3752 3065//3789
f 3058//3780 3057//3778 3077//3801
f 3032//3730 3061//3785 3085//3809
f 3036//3736 3071//3795 3079//3802
f 3041//3746 3040//3744 3072//3796
f 3050//3764 3075//3799 3062//3786
f 3085//3809 3083//3806 3032//3730
f 3039//3742 3080//3803 3084//3808
f 3060//3784 3059//3782 3082//3805
f 3042//3748 3041//3746 3072//3796
f 3078//3807 3033//3731 3032//3730
f 3070//3794 3087//3810 3086//3811
f 3070//3794 3088//3812 3087//3810
f 3070//3794 3078//3813 3088//3812
f 3091//3814 3080//3815 3079//3802
f 3089//3816 3090//3817 3079//3802
f 3090//3817 3091//3814 3079//3802
f 3084//3818 3080//3815 3093//3819
f 3093//3819 3092//3820 3084//3818
f 3094//3821 3072//3822 3084//3818
f 3095//3823 3094//3821 3084//3818
f 3072//3822 3094//3821 3096//3824
f 3073//3825 3098//3826 3097//3827
f 3073//3825 3096//3824 3098//3826
f 3073//3825 3072//3822 3096//3824
f 3074//3828 3073//3825 3099//3829
f 3097//3827 3099//3829 3073//3825
f 3065//3830 3101//3831 3100//3832
f 3101//3831 3065//3830 3074//3828
f 3103//3833 3066//3834 3065//3830
f 3100//3832 3102//3835 3065//3830
f 3102//3835 3103//3833 3065//3830
f 3067//3836 3105//3837 3104//3838
f 3067//3836 3066//3834 3105//3837
f 3106//3839 3068//3840 3067//3836
f 3067//3836 3107//3841 3106//3839
f 3068//3840 3106//3839 3108//3842
f 3075//3843 3110//3844 3109//3845
f 3075//3843 3108//3842 3110//3844
f 3075//3843 3068//3840 3108//3842
f 3062//3786 3075//3843 3111//3846
f 3109//3845 3111//3846 3075//3843
f 3114//3847 3064//3848 3063//3787
f 3112//3849 3113//3850 3063//3787
f 3113//3850 3114//3847 3063//3787
f 3069//3851 3116//3852 3115//3853
f 3069//3851 3064//3848 3116//3852
f 3117//3854 3076//3855 3069//3851
f 3118//3856 3117//3854 3069//3851
f 3076//3855 3117//3854 3119//3857
f 3077//3858 3121//3859 3120//3860
f 3077//3858 3119//3857 3121//3859
f 3077//3858 3076//3855 3119//3857
f 3081//3804 3077//3858 3122//3861
f 3120//3860 3122//3861 3077//3858
f 3125//3862 3085//3863 3082//3805
f 3123//3864 3124//3865 3082//3805
f 3124//3865 3125//3862 3082//3805
f 3083//3866 3127//3867 3126//3868
f 3083//3866 3085//3863 3127//3867
f 3128//3869 3078//3813 3083//3866
f 3129//3870 3128//3869 3083//3866
f 3078//3813 3128//3869 3088//3812
f 3126//3868 3129//3870 3083//3866
f 3125//3862 3127//3867 3085//3863
f 3115//3853 3118//3856 3069//3851
f 3114//3847 3116//3852 3064//3848
f 3104//3838 3107//3841 3067//3836
f 3103//3833 3105//3837 3066//3834
f 3092//3820 3095//3823 3084//3818
f 3091//3814 3093//3819 3080//3815
f 2924//3871 2903//3872 3132//3873
f 3132//3873 3131//3874 2924//3871
f 3133//3875 2925//3876 2924//3871
f 3134//3877 3133//3875 2924//3871
f 2925//3876 3133//3875 3135//3878
f 2936//3879 3137//3880 3136//3881
f 2936//3879 3135//3878 3137//3880
f 2936//3879 2925//3876 3135//3878
f 2928//3601 2936//3879 3138//3882
f 3136//3881 3138//3882 2936//3879
f 3141//3883 2937//3884 2906//3589
f 3139//3885 3140//3886 2906//3589
f 3140//3886 3141//3883 2906//3589
f 2938//3887 3143//3888 3142//3889
f 2938//3887 2937//3884 3143//3888
f 3144//3890 2930//3891 2938//3887
f 3145//3892 3144//3890 2938//3887
f 2930//3891 3144//3890 3146//3893
f 2940//3610 3148//3894 3147//3895
f 2940//3610 3146//3893 3148//3894
f 2940//3610 2930//3891 3146//3893
f 3151//3896 2909//3897 2935//3607
f 3149//3898 3150//3899 2935//3607
f 3150//3899 3151//3896 2935//3607
f 2913//3900 2909//3897 3153//3901
f 3153//3901 3152//3902 2913//3900
f 3154//3903 2915//3904 2913//3900
f 2913//3900 3152//3902 3155//3905
f 3155//3905 3154//3903 2913//3900
f 2915//3904 3154//3903 3156//3906
f 2917//3595 3158//3907 3157//3908
f 2917//3595 3156//3906 3158//3907
f 2917//3595 2915//3904 3156//3906
f 3161//3909 2890//3910 2921//3599
f 3159//3911 3160//3912 2921//3599
f 3160//3912 3161//3909 2921//3599
f 2893//3913 3163//3914 3162//3915
f 2893//3913 2890//3910 3163//3914
f 3164//3916 2895//3917 2893//3913
f 3165//3918 3164//3916 2893//3913
f 2895//3917 3164//3916 3166//3919
f 2897//3582 3168//3920 3167//3921
f 2897//3582 3166//3919 3168//3920
f 2897//3582 2895//3917 3166//3919
f 2901//3922 3170//3923 3169//3924
f 3170//3923 2901//3922 2898//3583
f 3130//3925 2903//3872 2901//3922
f 3169//3924 3171//3926 2901//3922
f 3171//3926 3130//3925 2901//3922
f 3162//3915 3165//3918 2893//3913
f 3161//3909 3163//3914 2890//3910
f 3151//3896 3153//3901 2909//3897
f 3142//3889 3145//3892 2938//3887
f 3141//3883 3143//3888 2937//3884
f 3131//3874 3134//3877 2924//3871
f 3130//3925 3132//3873 2903//3872
f 3120//3927 3121//3928 3140//3929
f 3140//3929 3139//3885 3120//3927
f 3141//3930 3140//3929 3121//3928
f 3121//3928 3119//3931 3141//3930
f 3122//3861 3120//3927 3139//3885
f 3139//3885 2906//3589 3122//3861
f 3145//3932 3142//3933 3118//3934
f 3145//3932 3118//3934 3115//3935
f 3116//3936 3144//3937 3145//3932
f 3145//3932 3115//3935 3116//3936
f 3143//3938 3117//3939 3118//3934
f 3118//3934 3142//3933 3143//3938
f 3117//3939 3143//3938 3141//3930
f 3141//3930 3119//3931 3117//3939
f 3148//3940 3113//3941 3112//3849
f 3112//3849 3147//3895 3148//3940
f 2940//3610 3147//3895 3112//3849
f 3112//3849 3063//3787 2940//3610
f 3146//3942 3114//3943 3113//3941
f 3113//3941 3148//3940 3146//3942
f 3146//3942 3144//3937 3116//3936
f 3116//3936 3114//3943 3146//3942
f 3149//3898 3109//3944 3110//3945
f 3110//3945 3150//3946 3149//3898
f 3108//3947 3151//3948 3150//3946
f 3150//3946 3110//3945 3108//3947
f 3111//3846 3109//3944 3149//3898
f 3111//3846 3149//3898 2935//3607
f 2933//3605 3062//3786 3111//3846
f 3062//3786 2933//3605 2940//3610
f 2940//3610 3063//3787 3062//3786
f 3111//3846 2935//3607 2933//3605
f 3152//3949 3107//3950 3104//3951
f 3104//3951 3155//3952 3152//3949
f 3105//3953 3154//3954 3155//3952
f 3155//3952 3104//3951 3105//3953
f 3153//3955 3106//3956 3107//3950
f 3107//3950 3152//3949 3153//3955
f 3106//3956 3153//3955 3151//3948
f 3151//3948 3108//3947 3106//3956
f 3158//3957 3102//3958 3100//3959
f 3100//3959 3157//3908 3158//3957
f 3101//3831 2917//3595 3157//3908
f 3157//3908 3100//3959 3101//3831
f 3156//3960 3103//3961 3102//3958
f 3102//3958 3158//3957 3156//3960
f 3154//3954 3105//3953 3103//3961
f 3103//3961 3156//3960 3154//3954
f 3097//3962 3098//3963 3160//3964
f 3160//3964 3159//3911 3097//3962
f 3161//3965 3160//3964 3098//3963
f 3098//3963 3096//3966 3161//3965
f 3099//3829 3097//3962 3159//3911
f 3159//3911 2921//3599 3099//3829
f 2919//3597 3074//3828 3099//3829
f 3074//3828 2919//3597 2917//3595
f 2917//3595 3101//3831 3074//3828
f 3099//3829 2921//3599 2919//3597
f 3165//3967 3095//3968 3092//3969
f 3165//3967 3162//3970 3095//3968
f 3092//3969 3164//3971 3165//3967
f 3092//3969 3093//3972 3164//3971
f 3163//3973 3094//3974 3095//3968
f 3095//3968 3162//3970 3163//3973
f 3094//3974 3163//3973 3161//3965
f 3161//3965 3096//3966 3094//3974
f 3090//3975 3089//3816 3167//3921
f 3167//3921 3168//3976 3090//3975
f 3089//3816 2897//3582 3167//3921
f 2897//3582 3089//3816 3079//3802
f 3091//3977 3090//3975 3168//3976
f 3168//3976 3166//3978 3091//3977
f 3166//3978 3164//3971 3093//3972
f 3093//3972 3091//3977 3166//3978
f 3086//3811 3087//3979 3171//3980
f 3171//3980 3169//3981 3086//3811
f 3088//3982 3130//3983 3171//3980
f 3171//3980 3087//3979 3088//3982
f 3170//3923 3070//3794 3086//3811
f 3086//3811 3169//3981 3170//3923
f 3170//3923 2898//3583 3071//3795
f 3079//3802 3071//3795 2898//3583
f 2898//3583 2897//3582 3079//3802
f 3071//3795 3070//3794 3170//3923
f 3134//3984 3131//3985 3129//3986
f 3134//3984 3129//3986 3126//3987
f 3127//3988 3133//3989 3134//3984
f 3134//3984 3126//3987 3127//3988
f 3131//3985 3128//3990 3129//3986
f 3128//3990 3131//3985 3132//3991
f 3088//3982 3128//3990 3132//3991
f 3132//3991 3130//3983 3088//3982
f 3124//3992 3123//3864 3136//3993
f 3136//3993 3137//3994 3124//3992
f 3138//3882 3136//3993 3123//3864
f 3123//3864 3082//3805 3138//3882
f 3125//3995 3124//3992 3137//3994
f 3137//3994 3135//3996 3125//3995
f 3133//3989 3127//3988 3125//3995
f 3125//3995 3135//3996 3133//3989
f 2928//3601 3081//3804 3122//3861
f 3081//3804 2928//3601 3138//3882
f 3138//3882 3082//3805 3081//3804
f 3122//3861 2906//3589 2928//3601
usemtl 0.000000_0.501961_0.000000_0.000000_0.002
f 1019//1285 1020//1286 1017//1287
f 1021//1288 1019//1285 1017//1287
f 1018//1289 1017//1287 1020//1286
f 1021//1288 1017//1287 1018//1289
f 1023//1290 1020//319 1019//319
f 1019//319 1022//1291 1023//1290
f 1020//1286 1023//1290 1068//1292
f 1068//1292 1018//1289 1020//1286
f 1018//1289 1068//1292 1024//1293
f 1024//1293 1021//1288 1018//1289
f 1024//1293 1022//1291 1019//1294
f 1019//1294 1021//1294 1024//1293
f 1052//1295 1028//1296 1027//1297
f 1052//1295 1025//1298 1028//1296
f 1027//1297 1026//1299 1052//1295
f 1025//1298 1052//1295 1024//1293
f 1029//1300 1025//1298 1024//1293
f 1026//1299 1027//1297 1029//1300
f 1030//1301 1064//1302 1066//1303
f 1067//1291 1032//1164 1031//1164
f 1064//1302 1034//1304 1033//1305
f 1032//1164 1067//1291 1066//1303
f 1064//1302 1035//1306 1034//1304
f 1035//1306 1064//1302 1067//1291
f 1066//1303 1064//1302 1036//1307
f 1064//1302 1033//1305 1036//1307
f 1031//1164 1035//1306 1067//1291
f 1036//1307 1032//1164 1066//1303
f 1064//1302 1029//1300 1067//1291
f 1029//1300 1024//1293 1068//1292
f 1030//1301 1066//1303 1049//1308
f 1066//1303 1067//1291 1049//1308
f 1050//1309 1051//1290 1041//1310
f 1056//1164 1043//1311 1038//1164
f 1051//1290 1039//1164 1040//1312
f 1067//1291 1042//1164 1039//1164
f 1039//1164 1051//1290 1067//1291
f 1041//1310 1051//1290 1040//1312
f 1050//1309 1044//1164 1045//1313
f 1045//1313 1049//1308 1050//1309
f 1046//1164 1047//1164 1041//1310
f 1041//1310 1037//1164 1046//1164
f 1047//1164 1050//1309 1041//1310
f 1037//1164 1048//1164 1046//1164
f 1047//1164 1044//1164 1050//1309
f 1068//1292 1023//1290 1067//1291
f 1052//1295 1022//1291 1024//1293
f 1022//1291 1052//1295 1053//1314
f 1054//1164 1055//1164 1042//1164
f 1054//1164 1056//1164 1038//1164
f 1038//1164 1055//1164 1054//1164
f 1043//1311 1056//1164 1057//1164
f 1057//1164 1041//1310 1043//1311
f 1037//1164 1058//1315 1059//1164
f 1060//1316 1059//1164 1058//1315
f 1059//1164 1048//1164 1037//1164
f 1060//1317 1049//1308 1045//1313
f 1064//1302 1030//1301 1061//1318
f 1061//1318 1062//1319 1064//1302
f 1062//1319 1063//1320 1064//1302
f 1026//1299 1029//1300 1065//1321
f 1065//1321 1029//1300 1064//1302
f 1042//1164 1067//1291 1054//1164
f 1053//1314 1054//1164 1022//1291
f 1057//1164 1037//1164 1041//1310
f 1049//1308 1060//1317 1030//1301
f 1054//1164 1067//1291 1023//1290
f 1054//1164 1023//1290 1022//1291
f 1068//1292 1067//1291 1029//1300
f 1069//1322 1057//1323 1056//1324
f 1069//1322 1056//1324 1054//1325
f 1054//1325 1070//1326 1069//1322
f 1069//1322 1073//1327 1037//1328
f 1037//1328 1057//1323 1069//1322
f 1072//1329 1058//1315 1037//1328
f 1037//1328 1073//1327 1072//1329
f 1058//1315 1072//1329 1071//1330
f 1071//1330 1075//1331 1030//1332
f 1030//1332 1060//1316 1071//1330
f 1075//1331 1061//1318 1030//1332
f 1060//1316 1058//1315 1071//1330
f 1075//1331 1062//1319 1061//1318
f 1062//1319 1075//1331 1074//1333
f 1076//1334 1053//1314 1052//1295
f 1052//1295 1077//1335 1076//1334
f 1054//1325 1076//1334 1070//1326
f 1054//1325 1053//1314 1076//1334
f 1077//1335 1052//1295 1026//1336
f 1074//1333 1077//1335 1026//1336
f 1026//1336 1063//1337 1074//1333
f 1063//1337 1062//1319 1074//1333
f 1079//1338 1027//1297 1028//1296
f 1028//1296 1078//1339 1079//1338
f 1080//1340 1029//1300 1027//1297
f 1027//1297 1079//1338 1080//1340
f 1078//1339 1028//1296 1025//1298
f 1025//1298 1081//1341 1078//1339
f 1081//1341 1025//1298 1029//1300
f 1029//1300 1080//1340 1081//1341
f 1080//1340 1079//1338 1078//1339
f 1078//1339 1081//1341 1080//1340
f 1087//1346 1063//1320 1026//1299
f 1026//1299 1088//1347 1087//1346
f 1065//1321 1089//1348 1026//1299
f 1026//1299 1089//1348 1088//1347
f 1087//1346 1090//1349 1063//1320
f 1063//1320 1090//1349 1064//1302
f 1065//1321 1064//1302 1091//1350
f 1064//1302 1092//1351 1091//1350
f 1089//1352 1065//1321 1091//1350
f 1091//1350 1093//1353 1089//1352
f 1093//1354 1091//1355 1092//1355
f 1092//1355 1094//1356 1093//1354
f 1090//1357 1094//1358 1092//1351
f 1092//1351 1064//1302 1090//1357
f 1046//1359 1095//1360 1096//1361
f 1047//1362 1096//1361 1097//1363
f 1045//1313 1097//1363 1098//1364
f 1098//1364 1060//1317 1045//1313
f 1060//1317 1098//1364 1099//1365
f 1059//1366 1099//1365 1100//1367
f 1048//1368 1100//1367 1095//1360
f 1095//1360 1046//1359 1048//1368
f 1100//1367 1048//1368 1059//1366
f 1099//1365 1059//1366 1060//1317
f 1097//1363 1045//1313 1044//1369
f 1097//1363 1044//1369 1047//1362
f 1096//1361 1047//1362 1046//1359
f 1099//1365 1095//1164 1100//1367
f 1098//1364 1097//1164 1099//1365
f 1097//1164 1096//1164 1099//1365
f 1096//1164 1095//1164 1099//1365
f 1101//1370 1038//1371 1043//1311
f 1038//1371 1101//1370 1102//1372
f 1102//1372 1055//1373 1038//1371
f 1055//1373 1102//1372 1103//1374
f 1042//1375 1103//1374 1104//1376
f 1040//1312 1104//1376 1105//1377
f 1040//1312 1105//1377 1106//1378
f 1041//1310 1106//1378 1101//1370
f 1101//1370 1043//1311 1041//1310
f 1106//1378 1041//1310 1040//1312
f 1104//1376 1040//1312 1039//1379
f 1104//1376 1039//1379 1042//1375
f 1103//1374 1042//1375 1055//1373
f 1106//1378 1105//1164 1101//1370
f 1105//1164 1104//1164 1101//1370
f 1104//1164 1103//1164 1101//1370
f 1103//1164 1102//1372 1101//1370
f 1031//1380 1107//1381 1108//1382
f 1035//1383 1108//1382 1109//1384
f 1034//1385 1109//1384 1110//1386
f 1033//1387 1110//1386 1111//1388
f 1036//1389 1111//1388 1112//1390
f 1032//1391 1112//1390 1107//1381
f 1112//1390 1032//1391 1036//1389
f 1111//1388 1036//1389 1033//1387
f 1110//1386 1033//1387 1034//1385
f 1109//1384 1034//1385 1035//1383
f 1108//1382 1035//1383 1031//1380
f 1107//1381 1031//1380 1032//1391
f 1109//1384 1107//1164 1112//1164
f 1112//1164 1111//1164 1109//1384
f 1111//1164 1110//1386 1109//1384
f 1108//1382 1107//1164 1109//1384
f 1093//1354 1094//1356 1113//1392
f 1113//1392 1114//1392 1093//1354
f 1114//1393 1115//1294 1116//1394
f 1114//1393 1113//1294 1115//1294
f 1090//1357 1115//1395 1113//1396
f 1113//1396 1094//1358 1090//1357
f 1115//1397 1090//1349 1087//1346
f 1089//1352 1093//1353 1114//1393
f 1114//1393 1116//1394 1089//1352
f 1088//1347 1116//1398 1115//1397
f 1115//1397 1087//1346 1088//1347
f 1088//1347 1089//1348 1116//1398
f 1071//1184 1121//1184 1136//1184
f 1117//1184 1121//1184 1071//1184
f 1069//1184 1125//1184 1119//1184
f 1126//1184 1076//1184 1120//1184
f 1136//1184 1075//1184 1071//1184
f 1071//1184 1122//1399 1117//1184
f 1122//1399 1124//1184 1123//1184
f 1118//1400 1073//1327 1131//1184
f 1128//1184 1129//1184 1130//1184
f 1126//1184 1120//1184 1129//1184
f 1130//1184 1131//1184 1128//1184
f 1073//1327 1119//1184 1131//1184
f 1129//1184 1122//1399 1130//1184
f 1074//1184 1075//1184 1127//1184
f 1071//1184 1124//1184 1122//1399
f 1119//1184 1073//1327 1069//1184
f 1069//1184 1070//1184 1125//1184
f 1076//1184 1126//1184 1134//1184
f 1129//1184 1132//1184 1126//1184
f 1129//1184 1135//1184 1122//1399
f 1122//1399 1123//1184 1130//1184
f 1130//1184 1118//1400 1131//1184
f 1134//1184 1125//1184 1070//1184
f 1134//1184 1070//1184 1076//1184
f 1129//1184 1128//1184 1132//1184
f 1129//1184 1127//1184 1135//1184
f 1120//1184 1076//1184 1077//1184
f 1127//1184 1136//1184 1133//1184
f 1133//1184 1135//1184 1127//1184
f 1077//1184 1074//1184 1137//1184
f 1074//1184 1127//1184 1137//1184
f 1137//1184 1120//1184 1077//1184
f 1075//1184 1136//1184 1127//1184
f 1129//1401 1120//1402 1138//1291
f 1138//1291 1139//1290 1129//1401
f 1137//1294 1140//1308 1138//1291
f 1138//1291 1120//1402 1137//1294
f 1127//1054 1129//1401 1139//1290
f 1139//1290 1141//1309 1127//1054
f 1137//183 1127//183 1141//1309
f 1141//1309 1140//1308 1137//183
f 1126//1403 1147//1404 1142//1405
f 1126//1403 1142//1405 1143//1406
f 1143//1406 1125//1407 1134//1408
f 1119//1409 1144//1410 1145//1411
f 1131//1412 1145//1411 1146//1413
f 1128//1414 1146//1413 1147//1404
f 1147//1404 1126//1403 1132//1415
f 1147//1404 1132//1415 1128//1414
f 1146//1413 1128//1414 1131//1412
f 1145//1411 1131//1412 1119//1409
f 1144//1410 1119//1409 1125//1407
f 1143//1406 1144//1410 1125//1407
f 1143//1406 1134//1408 1126//1403
f 1123//1416 1148//1417 1149//1418
f 1130//1419 1149//1418 1150//1420
f 1151//1421 1152//1422 1073//1327
f 1072//1329 1152//1422 1153//1423
f 1071//1330 1153//1423 1154//1424
f 1124//1425 1154//1424 1148//1417
f 1154//1424 1124//1425 1071//1330
f 1153//1423 1071//1330 1072//1329
f 1152//1422 1072//1329 1073//1327
f 1151//1421 1073//1327 1118//1400
f 1150//1420 1151//1421 1118//1400
f 1150//1420 1118//1400 1130//1419
f 1149//1418 1130//1419 1123//1416
f 1148//1417 1123//1416 1124//1425
f 1155//1426 1135//1427 1133//1428
f 1135//1427 1155//1426 1156//1429
f 1117//1430 1156//1429 1157//1431
f 1157//1431 1121//1432 1117//1430
f 1121//1432 1157//1431 1158//1433
f 1136//1434 1158//1433 1159//1435
f 1133//1428 1159//1435 1155//1426
f 1159//1435 1133//1428 1136//1434
f 1158//1433 1136//1434 1121//1432
f 1156//1429 1117//1430 1122//1436
f 1156//1429 1122//1436 1135//1427
f 1163//1437 1219//1438 1161//1439
f 1219//1438 1165//1440 1162//1164
f 1231//1441 1163//1437 1162//1164
f 1162//1164 1161//1439 1219//1438
f 1162//1164 1165//1440 1231//1441
f 1219//1438 1166//1442 1165//1440
f 1231//1441 1165//1440 1164//1443
f 1232//1164 1163//1437 1231//1441
f 1138//1291 1140//1308 1167//1164
f 1168//1444 1160//1445 1151//1421
f 1233//1446 1232//1164 1231//1441
f 1218//1447 1231//1441 1139//1290
f 1207//1164 1218//1447 1139//1290
f 1234//1448 1139//1290 1138//1291
f 1172//1449 1207//1164 1234//1448
f 1170//1450 1234//1448 1138//1291
f 1160//1445 1163//1437 1153//1164
f 1163//1437 1154//1164 1153//1164
f 1153//1164 1152//1164 1160//1445
f 1152//1164 1151//1421 1160//1445
f 1163//1437 1232//1164 1148//1164
f 1232//1164 1149//1164 1148//1164
f 1163//1437 1148//1164 1154//1164
f 1150//1420 1149//1164 1232//1164
f 1139//1290 1159//1435 1141//1309
f 1141//1309 1159//1435 1140//1308
f 1233//1446 1174//1451 1173//1452
f 1174//1451 1175//1453 1176//1164
f 1175//1453 1177//1164 1176//1164
f 1177//1164 1175//1453 1168//1444
f 1173//1452 1179//1454 1233//1446
f 1178//1455 1177//1164 1168//1444
f 1233//1446 1179//1454 1178//1455
f 1174//1451 1176//1164 1173//1452
f 1163//1437 1160//1445 1180//1456
f 1226//1457 1227//1458 1182//1164
f 1184//1164 1183//1164 1223//1459
f 1223//1459 1226//1457 1189//1164
f 1226//1457 1188//1164 1186//1164
f 1184//1164 1185//1164 1183//1164
f 1186//1164 1189//1164 1226//1457
f 1188//1164 1226//1457 1187//1164
f 1189//1164 1184//1164 1223//1459
f 1187//1164 1185//1164 1188//1164
f 1223//1459 1183//1164 1190//1460
f 1159//1435 1191//1461 1192//1164
f 1159//1435 1190//1460 1191//1461
f 1140//1308 1192//1164 1167//1164
f 1193//1164 1138//1291 1195//1164
f 1169//1164 1197//1164 1194//1164
f 1194//1164 1196//1164 1169//1164
f 1197//1164 1169//1164 1193//1164
f 1193//1164 1195//1164 1198//1164
f 1138//1291 1169//1164 1196//1164
f 1196//1164 1195//1164 1138//1291
f 1198//1164 1197//1164 1193//1164
f 1170//1450 1138//1291 1193//1164
f 1199//1462 1170//1450 1200//1463
f 1201//1164 1200//1463 1170//1450
f 1171//1464 1170//1450 1202//1465
f 1199//1462 1202//1465 1170//1450
f 1202//1465 1205//1164 1206//1466
f 1206//1466 1171//1464 1202//1465
f 1204//1164 1203//1164 1205//1164
f 1205//1164 1202//1465 1204//1164
f 1172//1449 1171//1464 1206//1466
f 1214//1467 1208//1468 1209//1469
f 1211//1470 1203//1164 1212//1164
f 1210//1164 1212//1164 1203//1164
f 1216//1471 1209//1469 1211//1470
f 1203//1164 1204//1164 1210//1164
f 1211//1470 1212//1164 1216//1471
f 1209//1469 1213//1472 1214//1467
f 1216//1471 1174//1451 1215//1473
f 1209//1469 1216//1471 1213//1472
f 1215//1473 1213//1472 1216//1471
f 1215//1473 1174//1451 1233//1446
f 1218//1447 1207//1164 1217//1474
f 1166//1442 1219//1438 1220//1475
f 1159//1435 1221//1476 1222//1477
f 1221//1476 1159//1435 1220//1475
f 1222//1477 1224//1478 1223//1459
f 1220//1475 1225//1479 1221//1476
f 1223//1459 1190//1460 1222//1477
f 1220//1475 1159//1435 1164//1443
f 1222//1477 1190//1460 1159//1435
f 1228//1480 1229//1481 1219//1438
f 1226//1457 1230//1482 1227//1458
f 1219//1438 1163//1437 1228//1480
f 1227//1458 1228//1480 1163//1437
f 1164//1443 1159//1435 1158//1433
f 1164//1443 1157//1164 1156//1164
f 1164//1443 1158//1433 1157//1164
f 1156//1164 1139//1290 1231//1441
f 1139//1290 1156//1164 1155//1426
f 1156//1164 1231//1441 1164//1443
f 1159//1435 1139//1290 1155//1426
f 1147//1483 1232//1164 1233//1446
f 1147//1483 1146//1164 1232//1164
f 1146//1164 1145//1164 1232//1164
f 1145//1164 1144//1164 1151//1421
f 1151//1421 1232//1164 1145//1164
f 1168//1444 1144//1164 1143//1484
f 1143//1484 1233//1446 1168//1444
f 1143//1484 1142//1485 1233//1446
f 1233//1446 1142//1485 1147//1483
f 1220//1475 1164//1443 1166//1442
f 1207//1164 1208//1468 1217//1474
f 1206//1466 1207//1164 1172//1449
f 1193//1164 1201//1164 1170//1450
f 1192//1164 1140//1308 1159//1435
f 1185//1164 1187//1164 1183//1164
f 1182//1164 1187//1164 1226//1457
f 1181//1164 1182//1164 1227//1458
f 1181//1164 1227//1458 1163//1437
f 1180//1456 1181//1164 1163//1437
f 1178//1455 1168//1444 1233//1446
f 1150//1420 1232//1164 1151//1421
f 1139//1290 1234//1448 1207//1164
f 1208//1468 1214//1467 1233//1446
f 1231//1441 1217//1474 1208//1468
f 1167//1164 1169//1164 1138//1291
f 1231//1441 1208//1468 1233//1446
f 1151//1421 1144//1164 1168//1444
f 1235//1486 1236//1487 1169//1488
f 1169//1488 1167//1489 1235//1486
f 1238//1490 1160//1445 1168//1444
f 1168//1444 1237//1491 1238//1490
f 1192//1492 1239//1493 1235//1486
f 1235//1486 1167//1489 1192//1492
f 1192//1492 1191//1461 1240//1494
f 1240//1494 1239//1493 1192//1492
f 1191//1461 1190//1460 1240//1494
f 1190//1460 1241//1495 1240//1494
f 1183//1496 1242//1497 1241//1495
f 1241//1495 1190//1460 1183//1496
f 1187//1498 1243//1499 1242//1497
f 1242//1497 1183//1496 1187//1498
f 1187//1498 1182//1500 1244//1501
f 1244//1501 1243//1499 1187//1498
f 1181//1502 1245//1503 1244//1501
f 1244//1501 1182//1500 1181//1502
f 1181//1502 1180//1456 1246//1504
f 1180//1456 1238//1490 1246//1504
f 1238//1490 1180//1456 1160//1445
f 1246//1504 1245//1503 1181//1502
f 1204//1505 1202//1506 1247//1507
f 1247//1507 1249//1508 1204//1505
f 1249//1508 1210//1509 1204//1505
f 1210//1509 1249//1508 1248//1510
f 1212//1511 1210//1509 1248//1510
f 1248//1510 1251//1512 1212//1511
f 1251//1512 1250//1513 1212//1511
f 1216//1514 1212//1511 1250//1513
f 1174//1515 1250//1513 1252//1516
f 1250//1513 1174//1515 1216//1514
f 1253//1517 1237//1491 1168//1444
f 1168//1444 1175//1453 1253//1517
f 1175//1453 1174//1515 1252//1516
f 1252//1516 1253//1517 1175//1453
f 1254//1518 1255//1519 1193//1520
f 1254//1518 1193//1520 1169//1488
f 1169//1488 1236//1487 1254//1518
f 1193//1520 1255//1519 1257//1521
f 1257//1521 1201//1522 1193//1520
f 1257//1521 1256//1523 1200//1463
f 1200//1463 1201//1522 1257//1521
f 1199//1462 1200//1463 1256//1523
f 1256//1523 1258//1524 1199//1462
f 1247//1507 1202//1506 1199//1462
f 1199//1462 1258//1524 1247//1507
f 1259//1525 1262//1526 1188//1527
f 1260//1528 1259//1525 1188//1527
f 1184//1529 1261//1530 1260//1528
f 1262//1526 1261//1530 1189//1531
f 1186//1532 1188//1527 1262//1526
f 1189//1531 1186//1532 1262//1526
f 1184//1529 1189//1531 1261//1530
f 1185//1533 1184//1529 1260//1528
f 1188//1527 1185//1533 1260//1528
f 1264//1534 1263//1535 1177//1536
f 1265//1537 1264//1534 1178//1538
f 1266//1539 1265//1537 1173//1540
f 1267//1541 1266//1539 1176//1542
f 1263//1535 1267//1541 1176//1542
f 1176//1542 1177//1536 1263//1535
f 1173//1540 1176//1542 1266//1539
f 1179//1543 1173//1540 1265//1537
f 1178//1538 1179//1543 1265//1537
f 1177//1536 1178//1538 1264//1534
f 1269//1544 1268//1545 1196//1546
f 1270//1547 1269//1544 1194//1548
f 1271//1549 1270//1547 1198//1550
f 1268//1545 1271//1549 1195//1551
f 1198//1550 1195//1551 1271//1549
f 1197//1552 1198//1550 1270//1547
f 1194//1548 1197//1552 1270//1547
f 1196//1546 1194//1548 1269//1544
f 1195//1551 1196//1546 1268//1545
f 1272//1553 1273//1554 1231//1441
f 1231//1441 1218//1447 1272//1553
f 1287//1555 1218//1447 1217//1474
f 1217//1474 1288//1556 1287//1555
f 1274//1557 1275//1558 1214//1467
f 1214//1467 1213//1472 1274//1557
f 1233//1446 1214//1467 1275//183
f 1275//183 1276//183 1233//1446
f 1213//319 1215//1473 1277//1559
f 1274//1560 1213//319 1277//1559
f 1233//1446 1277//1559 1215//1473
f 1277//1559 1233//1561 1276//1562
f 1274//1560 1277//1559 1276//1562
f 1276//1562 1275//1164 1274//1560
f 1279//319 1205//319 1203//1401
f 1203//1401 1278//1563 1279//319
f 1211//1564 1280//1565 1278//1563
f 1278//1563 1203//1401 1211//1564
f 1280//1566 1211//1470 1209//1469
f 1280//1566 1209//1469 1208//1468
f 1208//1468 1281//1567 1280//1566
f 1282//1568 1283//1569 1207//1570
f 1207//1570 1206//1571 1282//1568
f 1284//1572 1282//1568 1206//1571
f 1205//1573 1279//1294 1284//1572
f 1284//1572 1206//1571 1205//1573
f 1285//1574 1273//1554 1272//1553
f 1272//1553 1286//1575 1285//1574
f 1286//1576 1272//1553 1287//1555
f 1218//1447 1287//1555 1272//1553
f 1273//1554 1288//1556 1217//1474
f 1288//1556 1273//1554 1285//1054
f 1285//1054 1289//1054 1288//1556
f 1217//1474 1231//1441 1273//1554
f 1286//183 1289//183 1208//1468
f 1281//1567 1285//183 1286//183
f 1281//1567 1208//1468 1289//183
f 1286//183 1283//1569 1281//1567
f 1208//1468 1207//1570 1286//183
f 1289//183 1285//183 1281//1567
f 1286//183 1207//1570 1283//1569
f 1289//1577 1286//1576 1287//1555
f 1287//1555 1288//1556 1289//1577
f 1290//1578 1171//1464 1172//1449
f 1172//1449 1291//1579 1290//1578
f 1292//1580 1290//1578 1291//1581
f 1292//1580 1291//1581 1293//1582
f 1293//1582 1294//1583 1292//1580
f 1295//1164 1294//1164 1293//1164
f 1293//1164 1296//1164 1295//1164
f 1172//1449 1297//1584 1291//1579
f 1297//1584 1296//183 1293//183
f 1293//183 1291//1579 1297//1584
f 1297//1584 1172//1449 1234//1448
f 1170//1450 1298//1585 1297//1584
f 1297//1584 1234//1448 1170//1450
f 1295//1586 1296//1587 1297//1584
f 1297//1584 1298//1585 1295//1586
f 1221//1588 1299//1589 1300//1590
f 1300//1590 1222//1591 1221//1588
f 1299//1589 1221//319 1301//1592
f 1301//1592 1221//319 1225//1593
f 1222//1591 1300//1590 1299//1589
f 1299//1589 1301//1592 1222//1591
f 1224//1478 1222//1477 1301//1592
f 1301//1592 1225//1593 1224//1478
f 1220//1475 1302//1402 1225//1479
f 1302//1402 1303//1342 1224//1478
f 1224//1478 1225//1479 1302//1402
f 1224//1478 1303//1342 1223//1459
f 1303//1342 1304//1343 1226//1457
f 1226//1457 1223//1459 1303//1342
f 1302//1402 1220//1475 1219//1438
f 1219//1438 1305//1401 1302//1402
f 1305//1401 1229//1481 1230//1482
f 1226//1457 1304//1343 1230//1482
f 1229//1481 1305//1401 1219//1438
f 1230//1482 1304//1343 1305//1401
f 1227//1594 1306//1595 1307//1596
f 1307//1596 1228//1597 1227//1594
f 1306//1595 1227//183 1308//1598
f 1308//1598 1227//183 1230//1599
f 1308//1598 1228//1597 1307//1596
f 1307//1596 1306//1595 1308//1598
f 1229//1481 1228//1480 1308//1598
f 1308//1598 1230//1599 1229//1481
f 1309//1600 1166//1442 1164//1443
f 1164//1443 1165//1440 1309//1600
f 1309//1600 1165//1601 1166//1442
f 1162//1602 1163//1437 1310//1603
f 1163//1437 1161//1439 1310//1603
f 1310//1603 1161//1439 1162//1602
f 1292//1604 1294//319 1295//319
f 1295//319 1298//1605 1292//1604
f 1298//1606 1170//1450 1311//1607
f 1171//1464 1311//1607 1170//1450
f 1290//1578 1292//1580 1171//1464
f 1292//1604 1298//1605 1312//1608
f 1312//1608 1313//1609 1292//1604
f 1314//319 1313//319 1312//319
f 1312//319 1315//319 1314//319
f 1311//1607 1315//1054 1312//1610
f 1312//1610 1298//1606 1311//1607
f 1311//1611 1171//1612 1314//1613
f 1314//1613 1315//1164 1311//1611
f 1292//1614 1313//1615 1314//1616
f 1314//1616 1171//1617 1292//1614
f 1303//1164 1302//1164 1316//1164
f 1302//1164 1305//1164 1317//1164
f 1317//1164 1316//1164 1302//1164
f 1304//1164 1318//1164 1317//1164
f 1317//1164 1305//1164 1304//1164
f 1304//1164 1303//1164 1319//1164
f 1319//1164 1318//1164 1304//1164
f 1316//1164 1319//1164 1303//1164
f 1320//183 1316//183 1317//183
f 1317//183 1321//183 1320//183
f 1322//1294 1321//1294 1317//1294
f 1317//1294 1318//1294 1322//1294
f 1323//1054 1319//1054 1316//1054
f 1316//1054 1320//1054 1323//1054
f 1319//319 1323//319 1322//319
f 1322//319 1318//319 1319//319
f 1323//1164 1320//1164 1321//1164
f 1321//1164 1322//1164 1323//1164
f 1324//1164 1325//1618 1284//1164
f 1325//1618 1282//1164 1284//1164
f 1325//1618 1283//1164 1282//1164
f 1326//1164 1278//1164 1280//1164
f 1279//1164 1278//1164 1326//1164
f 1280//1164 1327//1619 1326//1164
f 1326//1164 1324//1164 1279//1164
f 1280//1164 1281//1164 1327//1619
f 1327//1619 1281//1164 1329//1620
f 1281//1164 1283//1164 1328//1621
f 1284//1164 1279//1164 1324//1164
f 1328//1621 1329//1620 1281//1164
f 1328//1621 1283//1164 1325//1618
f 1324//1622 1330//1622 1331//1623
f 1331//1623 1325//1618 1324//1622
f 1332//1624 1333//1625 1331//1626
f 1331//1626 1330//1627 1332//1624
f 1326//1628 1327//1619 1333//1629
f 1333//1629 1332//1628 1326//1628
f 1332//319 1330//319 1324//319
f 1324//319 1326//319 1332//319
f 1333//1625 1334//1630 1335//1631
f 1335//1631 1331//1626 1333//1625
f 1334//183 1329//183 1328//183
f 1328//183 1335//183 1334//183
f 1328//1621 1325//1618 1331//1623
f 1331//1623 1335//1632 1328//1621
f 1333//1629 1327//1619 1329//1620
f 1329//1620 1334//1633 1333//1629
f 1249//1508 1247//1507 1371//1634
f 1237//1184 1387//1635 1388//1636
f 1389//1184 1236//1184 1235//1184
f 1238//1637 1388//1636 1390//1638
f 1388//1636 1389//1184 1386//1639
f 1238//1637 1390//1638 1393//1640
f 1392//1641 1381//1641 1336//1639
f 1386//1639 1389//1184 1362//1641
f 1343//1642 1344//1643 1380//1639
f 1238//1637 1393//1640 1378//1644
f 1380//1639 1392//1641 1337//1645
f 1386//1639 1362//1641 1359//1646
f 1345//1647 1379//1643 1348//1648
f 1379//1643 1337//1645 1348//1648
f 1238//1637 1378//1644 1394//1649
f 1348//1648 1337//1645 1376//1650
f 1337//1645 1338//1651 1372//1652
f 1394//1649 1396//1653 1346//1654
f 1374//1655 1372//1652 1341//1656
f 1354//1657 1365//1658 1364//1659
f 1394//1649 1346//1654 1245//1503
f 1346//1654 1347//1660 1339//1646
f 1347//1660 1397//1641 1339//1646
f 1341//1656 1382//1661 1340//1643
f 1382//1661 1383//1643 1349//1184
f 1353//1662 1363//1663 1241//1495
f 1363//1663 1356//1664 1240//1494
f 1261//1184 1349//1184 1242//1497
f 1242//1497 1260//1665 1261//1184
f 1242//1497 1243//1499 1260//1665
f 1259//1666 1260//1665 1243//1499
f 1243//1499 1262//1184 1259//1666
f 1262//1184 1243//1499 1340//1643
f 1340//1643 1349//1184 1261//1184
f 1261//1184 1262//1184 1340//1643
f 1257//1184 1255//1184 1389//1184
f 1389//1184 1255//1184 1268//1184
f 1254//1667 1236//1184 1270//1184
f 1236//1184 1269//1184 1270//1184
f 1271//1184 1268//1184 1255//1184
f 1255//1184 1270//1184 1271//1184
f 1269//1184 1236//1184 1389//1184
f 1270//1184 1255//1184 1254//1667
f 1268//1184 1269//1184 1389//1184
f 1356//1664 1239//1184 1240//1494
f 1356//1664 1235//1184 1239//1184
f 1241//1495 1242//1497 1349//1184
f 1340//1643 1243//1499 1244//1184
f 1339//1646 1244//1184 1245//1503
f 1252//1184 1387//1635 1265//1184
f 1237//1184 1263//1184 1264//1184
f 1263//1184 1237//1184 1253//1184
f 1387//1635 1237//1184 1264//1184
f 1267//1184 1253//1184 1252//1184
f 1264//1184 1265//1184 1387//1635
f 1267//1184 1263//1184 1253//1184
f 1265//1184 1266//1184 1252//1184
f 1252//1184 1250//1184 1387//1635
f 1251//1512 1248//1510 1387//1635
f 1387//1635 1250//1184 1251//1512
f 1248//1510 1249//1508 1387//1635
f 1371//1634 1247//1507 1256//1184
f 1258//1524 1256//1184 1247//1507
f 1371//1634 1256//1184 1257//1184
f 1367//1668 1345//1647 1346//1654
f 1352//1184 1241//1495 1350//1643
f 1349//1184 1350//1643 1241//1495
f 1385//1669 1351//1641 1352//1184
f 1352//1184 1353//1662 1241//1495
f 1385//1669 1359//1646 1351//1641
f 1351//1641 1359//1646 1354//1657
f 1395//1670 1355//1184 1356//1664
f 1355//1184 1395//1670 1360//1643
f 1360//1643 1389//1184 1357//1184
f 1358//1669 1357//1184 1389//1184
f 1360//1643 1395//1670 1359//1646
f 1362//1641 1389//1184 1361//1639
f 1361//1639 1389//1184 1360//1643
f 1353//1662 1364//1659 1363//1663
f 1345//1647 1367//1668 1366//1671
f 1366//1671 1378//1644 1345//1647
f 1343//1642 1369//1672 1370//1673
f 1390//1638 1342//1674 1370//1673
f 1369//1672 1343//1642 1368//1675
f 1370//1673 1342//1674 1343//1642
f 1371//1634 1389//1184 1388//1636
f 1374//1655 1337//1645 1373//1676
f 1373//1676 1337//1645 1372//1652
f 1376//1650 1337//1645 1375//1677
f 1375//1677 1337//1645 1374//1655
f 1347//1660 1348//1648 1376//1650
f 1397//1641 1347//1660 1377//1678
f 1397//1641 1377//1678 1375//1677
f 1375//1677 1374//1655 1397//1641
f 1343//1642 1380//1639 1393//1640
f 1336//1639 1381//1641 1382//1661
f 1384//1184 1349//1184 1383//1643
f 1359//1646 1385//1669 1384//1184
f 1384//1184 1386//1639 1359//1646
f 1383//1643 1386//1639 1384//1184
f 1382//1661 1372//1652 1338//1651
f 1382//1661 1338//1651 1336//1639
f 1393//1640 1368//1675 1343//1642
f 1379//1643 1345//1647 1378//1644
f 1376//1650 1377//1678 1347//1660
f 1357//1184 1355//1184 1360//1643
f 1354//1657 1364//1659 1353//1662
f 1350//1643 1385//1669 1352//1184
f 1346//1654 1396//1653 1367//1668
f 1391//1639 1342//1674 1388//1636
f 1266//1184 1267//1184 1252//1184
f 1246//1504 1238//1637 1394//1649
f 1244//1184 1339//1646 1340//1643
f 1389//1184 1371//1634 1257//1184
f 1240//1494 1241//1495 1363//1663
f 1349//1184 1340//1643 1382//1661
f 1339//1646 1245//1503 1346//1654
f 1245//1503 1246//1504 1394//1649
f 1356//1664 1363//1663 1395//1670
f 1382//1661 1341//1656 1372//1652
f 1341//1656 1397//1641 1374//1655
f 1395//1670 1365//1658 1354//1657
f 1395//1670 1354//1657 1359//1646
f 1366//1671 1394//1649 1378//1644
f 1235//1184 1356//1664 1358//1669
f 1337//1645 1379//1643 1380//1639
f 1392//1641 1380//1639 1344//1643
f 1392//1641 1344//1643 1391//1639
f 1368//1675 1393//1640 1390//1638
f 1235//1184 1358//1669 1389//1184
f 1386//1639 1381//1641 1388//1636
f 1381//1641 1392//1641 1388//1636
f 1392//1641 1391//1639 1388//1636
f 1342//1674 1390//1638 1388//1636
f 1388//1636 1238//1637 1237//1184
f 1371//1634 1387//1635 1249//1508
f 1399//1679 1371//1634 1388//1636
f 1388//1636 1398//1680 1399//1679
f 1399//1679 1398//1680 1387//1635
f 1387//1635 1371//1634 1399//1679
f 1398//1680 1388//1636 1387//1635
f 1390//1638 1400//1681 1368//1675
f 1370//1673 1369//1672 1400//1682
f 1400//1682 1390//1638 1370//1673
f 1368//1675 1400//1681 1369//1672
f 1401//1683 1394//1649 1366//1671
f 1402//1684 1396//1653 1401//1683
f 1401//1683 1366//1671 1402//1684
f 1366//1671 1367//1668 1402//1684
f 1396//1653 1394//1649 1401//1683
f 1396//1653 1402//1684 1367//1668
f 1365//1658 1403//1685 1364//1659
f 1404//1686 1363//1663 1403//1685
f 1403//1685 1365//1658 1404//1686
f 1365//1658 1395//1670 1404//1686
f 1363//1663 1364//1659 1403//1685
f 1404//1686 1395//1670 1363//1663
f 1405//1342 1360//1643 1359//1646
f 1359//1646 1406//1343 1405//1342
f 1407//1184 1408//1184 1405//1184
f 1405//1184 1406//1184 1407//1184
f 1407//1401 1406//1343 1359//1646
f 1359//1646 1362//1641 1407//1401
f 1408//319 1407//1401 1362//1641
f 1362//1641 1361//1639 1408//319
f 1408//1294 1361//1639 1360//1643
f 1360//1643 1405//1342 1408//1294
f 1355//1343 1409//1343 1410//1342
f 1410//1342 1356//1664 1355//1343
f 1411//1184 1412//1184 1410//1184
f 1410//1184 1409//1184 1411//1184
f 1411//1054 1409//1343 1355//1343
f 1355//1343 1357//1054 1411//1054
f 1358//319 1412//319 1411//319
f 1411//319 1357//319 1358//319
f 1412//1294 1358//1669 1356//1664
f 1356//1664 1410//1342 1412//1294
f 1352//1343 1413//1343 1414//1342
f 1414//1342 1353//1662 1352//1343
f 1413//1184 1415//1184 1416//1184
f 1416//1184 1414//1184 1413//1184
f 1413//1343 1352//1343 1351//1641
f 1351//1641 1415//1401 1413//1343
f 1354//1657 1416//1402 1415//1401
f 1415//1401 1351//1641 1354//1657
f 1414//1342 1416//1402 1354//1657
f 1354//1657 1353//1662 1414//1342
f 1349//1343 1417//1343 1418//1342
f 1418//1342 1350//1643 1349//1343
f 1417//1184 1419//1184 1420//1184
f 1420//1184 1418//1184 1417//1184
f 1349//1343 1419//1054 1417//1343
f 1349//1343 1384//1054 1419//1054
f 1385//319 1420//319 1419//319
f 1419//319 1384//319 1385//319
f 1418//1342 1420//1294 1350//1643
f 1420//1294 1385//1669 1350//1643
f 1421//1343 1422//1342 1347//1660
f 1347//1660 1346//1654 1421//1343
f 1423//1184 1424//1184 1422//1184
f 1422//1184 1421//1184 1423//1184
f 1421//1343 1346//1654 1345//1647
f 1345//1647 1423//1401 1421//1343
f 1423//1401 1345//1647 1348//1648
f 1348//1648 1424//1402 1423//1401
f 1422//1342 1424//1402 1348//1648
f 1348//1648 1347//1660 1422//1342
f 1425//1342 1344//1643 1343//1642
f 1343//1642 1426//1343 1425//1342
f 1425//1184 1426//1184 1427//1184
f 1427//1184 1428//1184 1425//1184
f 1426//1343 1343//1642 1342//1674
f 1342//1674 1427//1401 1426//1343
f 1428//1402 1427//1401 1342//1674
f 1342//1674 1391//1639 1428//1402
f 1425//1342 1428//1402 1391//1639
f 1391//1639 1344//1643 1425//1342
f 1429//1343 1339//1646 1397//1641
f 1397//1641 1430//1401 1429//1343
f 1429//1184 1430//1184 1431//1184
f 1431//1184 1432//1184 1429//1184
f 1431//1402 1430//1401 1397//1641
f 1397//1641 1341//1656 1431//1402
f 1432//183 1340//1643 1339//1646
f 1339//1646 1429//1343 1432//183
f 1432//1294 1431//1402 1341//1656
f 1341//1656 1340//1643 1432//1294
f 1433//1342 1434//1402 1336//1639
f 1336//1639 1338//1651 1433//1342
f 1435//1184 1436//1184 1434//1184
f 1434//1184 1433//1184 1435//1184
f 1435//1343 1433//1342 1337//1645
f 1433//1342 1338//1651 1337//1645
f 1435//1343 1337//1645 1392//1641
f 1392//1641 1436//1401 1435//1343
f 1434//1402 1392//1641 1336//1639
f 1392//1641 1434//1402 1436//1401
f 1437//1343 1438//1342 1379//1643
f 1379//1643 1378//1644 1437//1343
f 1439//1184 1438//1184 1437//1184
f 1437//1184 1440//1184 1439//1184
f 1440//1401 1437//1343 1378//1644
f 1378//1644 1393//1640 1440//1401
f 1439//1402 1380//1639 1379//1643
f 1379//1643 1438//1342 1439//1402
f 1440//1401 1393//1640 1380//1639
f 1380//1639 1439//1402 1440//1401
f 1441//1687 1442//1688 1375//1689
f 1441//1687 1443//1690 1442//1688
f 1443//1690 1444//1691 1445//1692
f 1445//1692 1442//1688 1443//1690
f 1441//1687 1375//1689 1377//1678
f 1377//1678 1446//1693 1441//1687
f 1446//1693 1447//1694 1443//1695
f 1448//1696 1444//1691 1443//1695
f 1443//1695 1447//1694 1448//1696
f 1443//1695 1441//1687 1446//1693
f 1376//1650 1446//1693 1377//1678
f 1376//1650 1449//1697 1446//1693
f 1449//1697 1447//1698 1446//1693
f 1447//1698 1449//1697 1450//1699
f 1450//1699 1448//1696 1447//1698
f 1376//1650 1375//1677 1442//1700
f 1449//1701 1442//1700 1445//1692
f 1449//1701 1376//1650 1442//1700
f 1445//1692 1450//1699 1449//1701
f 1451//1702 1372//1652 1374//1655
f 1451//1702 1452//1703 1453//1704
f 1453//1704 1454//1705 1451//1702
f 1455//1706 1454//1705 1453//1704
f 1453//1704 1456//1707 1455//1706
f 1374//1655 1452//1703 1451//1702
f 1373//1676 1452//1703 1374//1655
f 1457//1708 1453//1709 1452//1703
f 1453//1709 1457//1708 1458//1710
f 1458//1710 1456//1707 1453//1709
f 1373//1676 1457//1708 1452//1703
f 1457//1711 1373//1676 1372//1652
f 1459//1712 1460//1713 1458//1710
f 1458//1710 1457//1711 1459//1712
f 1457//1711 1372//1652 1459//1712
f 1451//1702 1459//1714 1372//1652
f 1451//1702 1454//1715 1459//1714
f 1454//1715 1455//1706 1460//1713
f 1460//1713 1459//1714 1454//1715
f 1461//1401 1462//1343 1382//1661
f 1382//1661 1381//1641 1461//1401
f 1463//1184 1462//1184 1461//1184
f 1461//1184 1464//1184 1463//1184
f 1464//1402 1461//1401 1381//1641
f 1381//1641 1386//1639 1464//1402
f 1386//1639 1463//1342 1464//1402
f 1386//1639 1383//1643 1463//1342
f 1463//1342 1383//1643 1382//1661
f 1382//1661 1462//1343 1463//1342
f 1485//1716 1460//1713 1455//1706
f 1455//1706 1488//1717 1485//1716
f 1468//1718 1456//1707 1458//1710
f 1458//1710 1469//1719 1468//1718
f 1469//1719 1465//1720 1468//1718
f 1465//1720 1469//1719 1470//1721
f 1466//1722 1470//1721 1471//1723
f 1467//1724 1471//1723 1445//1692
f 1444//1691 1467//1724 1445//1692
f 1467//1724 1466//1722 1471//1723
f 1470//1721 1466//1722 1465//1720
f 1473//1725 1472//1726 1448//1696
f 1473//1725 1448//1696 1450//1699
f 1450//1699 1475//1727 1473//1725
f 1472//1726 1473//1725 1474//1728
f 1477//1729 1476//1730 1475//1727
f 1475//1727 1476//1730 1473//1725
f 1474//1728 1473//1725 1476//1730
f 1481//1731 1476//1730 1477//1729
f 1477//1729 1479//1732 1481//1731
f 1481//1731 1478//1733 1474//1728
f 1474//1728 1476//1730 1481//1731
f 1482//1734 1472//1726 1474//1728
f 1474//1728 1478//1733 1482//1734
f 1480//1735 1481//1731 1479//1732
f 1484//1736 1482//1734 1478//1733
f 1487//1737 1485//1716 1486//1738
f 1486//1738 1485//1716 1489//1739
f 1488//1717 1489//1739 1485//1716
f 1491//1740 1490//1741 1488//1717
f 1490//1741 1489//1739 1488//1717
f 1494//1742 1486//1738 1489//1739
f 1489//1739 1490//1741 1494//1742
f 1467//1724 1444//1691 1472//1726
f 1472//1726 1482//1734 1466//1722
f 1468//1718 1488//1717 1455//1706
f 1465//1720 1466//1722 1482//1734
f 1455//1706 1456//1707 1468//1718
f 1466//1722 1467//1724 1472//1726
f 1465//1720 1482//1734 1484//1736
f 1491//1740 1488//1717 1468//1718
f 1484//1736 1492//1743 1465//1720
f 1492//1743 1491//1740 1465//1720
f 1468//1718 1465//1720 1491//1740
f 1448//1696 1472//1726 1444//1691
f 1494//1742 1493//1744 1487//1737
f 1494//1742 1487//1737 1486//1738
f 1445//1692 1477//1729 1475//1727
f 1485//1716 1487//1737 1458//1710
f 1487//1737 1493//1744 1469//1719
f 1445//1692 1475//1727 1450//1699
f 1469//1719 1458//1710 1487//1737
f 1470//1721 1469//1719 1493//1744
f 1479//1732 1477//1729 1445//1692
f 1479//1732 1471//1723 1470//1721
f 1445//1692 1471//1723 1479//1732
f 1493//1744 1480//1735 1470//1721
f 1480//1735 1479//1732 1470//1721
f 1460//1713 1485//1716 1458//1710
f 1495//1745 1493//1744 1494//1742
f 1480//1735 1493//1744 1495//1745
f 1497//1746 1495//1745 1494//1742
f 1481//1731 1480//1735 1483//1747
f 1495//1745 1500//1748 1480//1735
f 1480//1735 1500//1748 1483//1747
f 1490//1741 1491//1740 1492//1743
f 1496//1749 1490//1741 1492//1743
f 1490//1741 1496//1749 1497//1746
f 1497//1746 1494//1742 1490//1741
f 1495//1745 1497//1746 1498//1750
f 1492//1743 1499//1751 1496//1749
f 1484//1736 1478//1733 1504//1752
f 1504//1752 1478//1733 1483//1747
f 1478//1733 1481//1731 1483//1747
f 1500//1748 1501//1753 1483//1747
f 1492//1743 1484//1736 1505//1754
f 1505//1754 1499//1751 1492//1743
f 1496//1749 1499//1751 1502//1755
f 1504//1752 1505//1754 1484//1736
f 1505//1754 1504//1752 1503//1756
f 1498//1750 1497//1746 1502//1755
f 1497//1746 1496//1749 1502//1755
f 1502//1755 1503//1756 1501//1753
f 1501//1753 1498//1750 1502//1755
f 1501//1753 1500//1748 1498//1750
f 1500//1748 1495//1745 1498//1750
f 1501//1753 1503//1756 1504//1752
f 1504//1752 1483//1747 1501//1753
f 1499//1751 1505//1754 1503//1756
f 1502//1755 1499//1751 1503//1756
f 1525//1768 1523//1788 1521//1787
f 1523//1788 1524//1831 1521//1787
f 1524//1831 1523//1788 1522//1773
f 1524//1831 1520//1786 1521//1787
f 1521//1787 1519//1784 1525//1768
f 1524//1831 1522//1773 1520//1786
f 1508//1761 1506//1759 1507//1758
f 1558//1762 1508//1761 1507//1758
f 1514//1772 1511//1775 1522//1773
f 1514//1772 1512//1771 1511//1775
f 1512//1771 1509//1769 1550//1774
f 1513//1776 1512//1771 1550//1774
f 1525//1768 1510//1770 1514//1772
f 1512//1771 1514//1772 1510//1770
f 1512//1771 1513//1776 1511//1775
f 1529//1794 1534//1800 1532//1798
f 1532//1798 1531//1795 1529//1794
f 1534//1800 1529//1794 1528//1793
f 1528//1793 1527//1789 1534//1800
f 1527//1789 1526//1791 1534//1800
f 1531//1795 1532//1798 1533//1797
f 1541//1792 1539//1804 1537//1832
f 1539//1804 1540//1833 1537//1832
f 1535//1801 1537//1832 1540//1833
f 1536//1802 1540//1833 1539//1804
f 1537//1832 1535//1801 1538//1790
f 1537//1832 1538//1790 1541//1792
f 1539//1804 1576//1803 1536//1802
f 1536//1802 1535//1801 1540//1833
f 1545//1767 1546//1766 1543//1806
f 1553//1813 1547//1757 1554//1810
f 1549//1808 1548//1809 1551//1812
f 1548//1809 1547//1757 1553//1813
f 1548//1809 1553//1813 1551//1812
f 1551//1812 1550//1774 1549//1808
f 1551//1812 1552//1811 1550//1774
f 1570//1763 1556//1815 1542//1807
f 1538//1790 1558//1762 1563//1821
f 1563//1821 1562//1822 1538//1790
f 1563//1821 1559//1817 1562//1822
f 1562//1822 1559//1817 1561//1819
f 1579//1828 1577//1829 1574//1826
f 1574//1826 1576//1803 1579//1828
f 1570//1763 1569//1823 1566//1777
f 1518//1783 1515//1780 1517//1782
f 1515//1780 1516//1781 1517//1782
f 1571//1825 1572//1824 1578//1830
f 1580//1834 1581//1835 1565//1799
f 1564//1820 1581//1835 1580//1834
f 1547//1757 1565//1799 1581//1835
f 1581//1835 1559//1817 1560//1818
f 1581//1835 1564//1820 1559//1817
f 1547//1757 1581//1835 1560//1818
f 1580//1834 1565//1799 1564//1820
