# Blender 5.1.1
# www.blender.org
mtllib r_wrist_x_purdue.mtl
o r_wrist_x_purdue
v 0.043000 -0.028690 -0.001301
v 0.041687 -0.026148 -0.001050
v 0.043000 -0.024555 -0.000117
v 0.041269 -0.024047 0.000688
v 0.043000 -0.022640 0.003163
v 0.041693 -0.022672 0.003514
v 0.041291 -0.023329 0.006027
v 0.043000 -0.023617 0.006798
v 0.041360 -0.026551 0.008660
v 0.043000 -0.026788 0.008888
v 0.041300 -0.030557 0.007858
v 0.043000 -0.031912 0.007145
v 0.041687 -0.032672 0.005264
v 0.043000 -0.032449 0.001786
v 0.041304 -0.032366 0.002127
v 0.041269 -0.029643 -0.000689
v 0.043165 -0.025751 0.010238
v 0.043141 -0.022625 0.008029
v 0.043214 -0.021177 0.004932
v 0.043000 -0.034137 0.002247
v 0.043076 -0.021991 0.000163
v 0.043154 -0.033673 0.007064
v 0.043140 -0.029886 0.010144
v 0.043000 -0.026496 -0.002642
v 0.043154 -0.031280 -0.001917
v 0.043817 -0.026177 -0.002419
v 0.043957 -0.022155 0.000601
v 0.043838 -0.033884 0.001965
v 0.041353 -0.028327 0.001629
v 0.041349 -0.025874 0.005177
v 0.041361 -0.029442 0.005228
v 0.041377 -0.025797 0.002555
v 0.041360 -0.029971 0.003462
v 0.041361 -0.027997 0.006051
v 0.043994 -0.024410 0.000550
v 0.043979 -0.023526 0.006260
v 0.043998 -0.028376 0.008395
v 0.043994 -0.031937 0.005889
v 0.043965 -0.030528 -0.000313
v 0.044004 -0.022382 0.006892
v 0.044003 -0.026609 0.009891
v 0.044016 -0.032734 0.007796
v 0.044004 -0.030748 -0.001542
v -0.022821 -0.012834 0.025780
v -0.021542 -0.012866 0.028079
v -0.020280 -0.012866 0.026089
v -0.021586 -0.012139 0.026656
v -0.021448 -0.017763 0.028207
v -0.022967 -0.017670 0.027249
v -0.022657 -0.017384 0.025911
v -0.021134 -0.017373 0.025382
v -0.020285 -0.017371 0.027035
v -0.019443 -0.017956 0.025695
v -0.021944 -0.017878 0.024771
v -0.030926 -0.017890 0.018378
v -0.018925 -0.017890 0.031418
v -0.018677 -0.017890 0.029734
v -0.029843 -0.017890 0.022349
v -0.026641 -0.017890 0.021678
v -0.023011 -0.017890 0.021909
v -0.026719 -0.007890 0.021646
v -0.030291 -0.007890 0.018422
v -0.031160 -0.007890 0.018701
v -0.023093 -0.007890 0.021855
v -0.018385 -0.007890 0.031161
v -0.019050 -0.007890 0.028922
v -0.019602 -0.007890 0.024986
v -0.030380 0.007810 0.021825
v -0.031531 0.007810 0.016464
v -0.019729 0.007810 0.031246
v -0.014539 -0.007890 0.031347
v -0.014447 0.007810 0.031297
v -0.013522 -0.007890 0.028912
v -0.013558 0.007810 0.028885
v -0.033391 0.007799 0.011865
v -0.033492 -0.007890 0.011764
v -0.033493 -0.007730 -0.000750
v -0.035503 -0.000908 0.006329
v -0.035502 -0.006094 0.001477
v -0.035196 -0.004730 -0.003608
v -0.035468 -0.001293 -0.005991
v -0.035196 0.003347 -0.004918
v -0.035502 0.006218 -0.000809
v -0.035196 0.004312 0.004098
v -0.033558 0.001297 -0.007680
v -0.033422 0.007803 -0.011884
v -0.034577 -0.003258 0.005451
v -0.034551 -0.006049 0.001693
v -0.034539 -0.006002 -0.001663
v -0.034551 0.005830 -0.002337
v -0.034551 0.006056 0.001668
v -0.034551 0.001363 0.006131
v -0.034182 0.001359 -0.006279
v -0.034034 -0.002146 -0.006319
v -0.033618 -0.005627 0.005097
v -0.033588 -0.005235 -0.005241
v -0.033610 0.006574 -0.003546
v -0.033649 0.006899 0.002659
v -0.033590 0.001758 0.007418
v -0.033489 -0.007890 -0.011803
v -0.031214 0.007810 -0.018898
v -0.031240 -0.007890 -0.018366
v -0.035500 0.005122 0.000438
v -0.035500 0.003298 -0.004053
v -0.035500 0.002583 0.004535
v -0.035500 -0.002036 -0.004812
v -0.035500 -0.005206 -0.000455
v -0.035500 -0.002746 0.004476
v -0.039447 -0.002425 -0.004518
v -0.039381 -0.004834 -0.001238
v -0.039406 -0.004400 0.002451
v -0.039422 -0.001232 0.004836
v -0.039395 0.002810 0.004270
v -0.039442 0.005097 -0.000581
v -0.039387 0.002498 -0.004385
v -0.039500 -0.001561 0.001543
v -0.039500 0.001189 0.001976
v -0.039500 -0.002105 -0.000580
v -0.039500 0.002105 -0.000580
v -0.039500 0.000000 -0.002306
v -0.031470 0.001750 -0.001264
v -0.031480 0.001929 0.001279
v -0.031431 -0.000462 0.002099
v -0.031511 -0.002157 0.000609
v -0.031431 -0.000743 -0.002201
v -0.024948 0.007810 0.021055
v -0.026774 0.007810 0.016909
v -0.030758 0.007810 0.006798
v -0.030456 -0.007892 0.008921
v -0.025926 0.007810 -0.018702
v -0.031346 0.007804 -0.002994
v -0.030397 -0.007892 -0.009444
v -0.024957 -0.007890 -0.019609
v -0.013522 0.007810 -0.028912
v -0.031500 -0.007890 -0.000000
v -0.013935 -0.007890 -0.028423
v -0.013963 -0.007890 -0.031147
v -0.014539 0.007810 -0.031347
v -0.020077 0.007810 -0.031134
v -0.019487 -0.017890 -0.031306
v -0.019089 -0.007890 -0.031264
v -0.029643 -0.017890 -0.022745
v -0.026234 0.007810 -0.026234
v -0.031020 -0.017890 -0.018420
v -0.030723 -0.007890 -0.018426
v -0.025362 -0.017890 -0.019428
v -0.019662 -0.017961 -0.025394
v -0.018404 -0.007890 -0.030747
v -0.019548 -0.007890 -0.025021
v -0.019520 -0.017947 -0.027226
v -0.018272 -0.017890 -0.030680
v -0.023009 -0.017741 -0.026063
v -0.021806 -0.017724 -0.025180
v -0.021944 -0.017876 -0.028538
v -0.020285 -0.017371 -0.026277
v -0.022657 -0.017384 -0.027401
v -0.021134 -0.017373 -0.027931
v -0.021542 -0.012866 -0.025233
v -0.022821 -0.012834 -0.027533
v -0.020280 -0.012866 -0.027223
v -0.021586 -0.012139 -0.026656
v -0.027322 0.007810 -0.020004
v -0.020006 0.007810 0.027224
v -0.021460 0.007810 -0.028367
v -0.022401 0.007810 -0.025189
v -0.027260 0.007810 -0.023192
v -0.028275 0.007810 -0.021623
v -0.026229 0.007810 0.023248
v -0.021071 0.007810 0.024929
v -0.023217 0.007810 -0.027050
v -0.023381 0.007810 0.026818
v -0.027118 0.007810 0.019796
v -0.028193 0.007810 0.022260
v -0.021531 0.007810 0.028301
v -0.025236 0.007810 -0.020692
v -0.019845 0.007810 -0.026034
v -0.025325 0.007810 -0.022554
v -0.026702 -0.000194 -0.019941
v -0.028231 -0.000197 -0.021011
v -0.027177 -0.000220 -0.023302
v -0.024869 -0.000220 -0.021434
v -0.026656 -0.001136 -0.021586
v -0.026348 -0.000194 0.023202
v -0.028193 -0.000202 0.022342
v -0.026995 -0.000236 0.019782
v -0.024949 -0.000202 0.021729
v -0.026656 -0.001136 0.021586
v -0.023000 -0.000197 -0.025756
v -0.022831 -0.000197 -0.027778
v -0.020484 -0.000209 -0.028018
v -0.020544 -0.000220 -0.025195
v -0.021586 -0.001136 -0.026656
v -0.023000 -0.000197 0.027556
v -0.022921 -0.000194 0.025695
v -0.020991 -0.000202 0.025050
v -0.019967 -0.000192 0.026611
v -0.020913 -0.000202 0.028231
v -0.021586 -0.001136 0.026656
v 0.028903 0.008806 0.027659
v 0.029133 0.008798 0.029168
v 0.027620 0.008806 0.029418
v 0.027288 0.008782 0.027758
v 0.028209 0.008194 0.028500
v 0.029178 0.013810 0.029108
v 0.028299 0.013810 0.027280
v 0.027238 0.013810 0.029210
v 0.025952 0.013810 0.030945
v 0.031145 0.013810 0.020541
v 0.025378 0.013810 0.027305
v 0.031269 0.013810 0.031385
v 0.031435 0.005000 0.031239
v 0.029548 0.005000 0.031826
v 0.031144 -0.031000 0.020540
v 0.025415 -0.031000 0.027264
v 0.025710 -0.031000 0.030634
v 0.029606 -0.031000 0.031986
v 0.031450 -0.031000 0.041480
v 0.031447 0.005000 0.041446
v 0.029964 -0.031000 0.040970
v 0.029949 0.005000 0.041026
v 0.022500 -0.031000 0.054000
v 0.022500 0.005000 0.054000
v -0.019886 -0.024253 0.054000
v 0.009316 0.001702 0.054000
v -0.019169 0.001763 0.054000
v -0.020455 -0.021908 0.054000
v -0.021613 -0.023346 0.054000
v -0.022500 0.005000 0.054000
v 0.009976 0.003876 0.054000
v -0.022500 -0.031000 0.054000
v -0.021284 0.001702 0.054000
v 0.010027 -0.024456 0.054000
v 0.011431 0.001763 0.054000
v 0.011513 -0.022590 0.054000
v -0.019070 -0.022733 0.054000
v 0.009339 -0.022180 0.054000
v -0.020624 0.003876 0.054000
v -0.029949 -0.031000 0.041026
v -0.029964 0.005000 0.040970
v -0.029987 -0.031000 0.033218
v -0.029501 0.005000 0.031805
v -0.029273 -0.031000 0.031801
v 0.011050 -0.021903 0.055000
v 0.009000 -0.023439 0.055000
v 0.010925 -0.024186 0.055000
v -0.019550 -0.021903 0.055000
v -0.021600 -0.023439 0.055000
v -0.019650 -0.024508 0.055000
v -0.018531 0.003145 0.055000
v -0.021358 0.003233 0.055000
v -0.020967 0.001439 0.055000
v -0.019047 0.001999 0.055000
v 0.010828 0.003580 0.055000
v 0.009242 0.003233 0.055000
v 0.009633 0.001439 0.055000
v 0.011754 0.002100 0.055000
v -0.027103 0.013810 0.031376
v -0.026394 -0.031000 0.031050
v -0.024906 0.013810 0.028454
v -0.025083 -0.031000 0.027862
v -0.031145 -0.031000 0.020541
v -0.031144 0.013810 0.020540
v -0.031269 0.013810 0.031385
v -0.031435 0.005000 0.031239
v -0.027190 0.013810 0.029139
v -0.028001 0.013810 0.027380
v -0.029384 0.013810 0.028872
v -0.031490 -0.031000 0.041108
v -0.031345 -0.031000 0.041663
v -0.031438 0.005000 0.041504
v -0.027787 0.008807 0.029484
v -0.027134 0.008782 0.027979
v -0.028812 0.008802 0.027578
v -0.029172 0.008798 0.029111
v -0.028209 0.008194 0.028500
v 0.022281 0.005000 0.056924
v -0.022323 0.005000 0.056839
v 0.022633 0.002000 0.056616
v 0.012334 0.002113 0.057000
v 0.011475 0.004331 0.055000
v 0.011346 0.004407 0.057000
v 0.008737 0.003946 0.055000
v 0.008314 0.003366 0.057000
v 0.008326 0.002011 0.055000
v -0.018264 0.002062 0.057000
v -0.019662 0.004702 0.057018
v -0.020867 0.004685 0.054999
v -0.022343 0.003028 0.056741
v -0.022383 0.002090 0.055000
v -0.023440 0.001999 0.055660
v -0.023655 -0.000750 0.055000
v 0.023655 -0.000000 0.055000
v 0.022431 -0.000000 0.056784
v -0.022395 0.000000 0.056818
v 0.022348 -0.001500 0.056832
v -0.022384 -0.001500 0.056800
v 0.023655 -0.001500 0.055000
v -0.023685 -0.003714 0.055084
v 0.023655 -0.003500 0.055000
v 0.022431 -0.003500 0.056784
v -0.021950 -0.003500 0.056930
v 0.022348 -0.005000 0.056832
v -0.022384 -0.005000 0.056800
v 0.023655 -0.005000 0.055000
v -0.023685 -0.007214 0.055084
v 0.023655 -0.007000 0.055000
v 0.022431 -0.007000 0.056784
v -0.021950 -0.007000 0.056930
v 0.022348 -0.008500 0.056832
v -0.022384 -0.008500 0.056800
v 0.023655 -0.008500 0.055000
v -0.023685 -0.010714 0.055084
v 0.023655 -0.010500 0.055000
v 0.022431 -0.010500 0.056784
v -0.021950 -0.010500 0.056930
v 0.022348 -0.012000 0.056832
v -0.022384 -0.012000 0.056800
v 0.023655 -0.012000 0.055000
v -0.023655 -0.014750 0.055000
v 0.023655 -0.014000 0.055000
v 0.022395 -0.014000 0.056818
v -0.022431 -0.014000 0.056784
v -0.022348 -0.015500 0.056832
v 0.022384 -0.015500 0.056800
v 0.023655 -0.015500 0.055000
v -0.023655 -0.018250 0.055000
v 0.022690 -0.017500 0.056563
v -0.022431 -0.017500 0.056784
v -0.022348 -0.019000 0.056832
v 0.022384 -0.019000 0.056800
v 0.023655 -0.019000 0.055000
v -0.023703 -0.021000 0.055109
v 0.022513 -0.021000 0.056753
v -0.021251 -0.021133 0.057053
v 0.022750 -0.022500 0.056499
v 0.012257 -0.022450 0.055000
v 0.011775 -0.021637 0.057000
v 0.010373 -0.020931 0.055000
v 0.008971 -0.021484 0.057000
v 0.008336 -0.022425 0.055000
v -0.018695 -0.021777 0.057000
v -0.018759 -0.021715 0.055000
v -0.020983 -0.021149 0.055000
v -0.022254 -0.022410 0.056774
v -0.022259 -0.022472 0.055000
v -0.023659 -0.022500 0.055126
v 0.028166 -0.031000 0.029694
v 0.027238 -0.031000 0.027790
v -0.029161 -0.031000 0.028879
v 0.029264 -0.031000 0.027988
v -0.029133 -0.031000 0.027825
v 0.022395 -0.031000 0.056818
v -0.028772 -0.031000 0.029418
v -0.027259 -0.031000 0.029187
v -0.027614 -0.031000 0.027584
v -0.022431 -0.031000 0.056784
v -0.022348 -0.028000 0.056832
v 0.022744 -0.028000 0.056501
v -0.023655 -0.028000 0.055000
v 0.023655 -0.025500 0.055000
v -0.023655 -0.025250 0.055000
v 0.029133 -0.025988 0.027832
v 0.028903 -0.025996 0.029341
v 0.027288 -0.025972 0.029242
v 0.027620 -0.025996 0.027582
v 0.028209 -0.025384 0.028500
v -0.027787 -0.025997 0.027516
v -0.027134 -0.025972 0.029021
v -0.028812 -0.025992 0.029422
v -0.029172 -0.025988 0.027889
v -0.028209 -0.025384 0.028500
v 0.022431 -0.024500 0.056784
v 0.022253 -0.026000 0.056915
v -0.022289 -0.026000 0.056880
v 0.010300 -0.025219 0.057000
v -0.022719 -0.024500 0.056484
v -0.021468 -0.024749 0.055000
v 0.010300 -0.025158 0.055000
v -0.020454 -0.025211 0.057049
v 0.023915 -0.047900 0.021893
v 0.024591 -0.049900 0.022311
v 0.024202 -0.047900 0.024677
v 0.023591 -0.049900 0.024792
v 0.021772 -0.047900 0.023288
v 0.021763 -0.049900 0.023005
v 0.025432 -0.049900 0.024735
v 0.020889 -0.049900 0.023524
v 0.024902 -0.049900 0.021214
v 0.021629 -0.049900 0.021522
v 0.022421 -0.049900 0.025688
v 0.023432 -0.059463 0.020750
v 0.025672 -0.056863 0.022588
v 0.024694 -0.057808 0.025525
v 0.021157 -0.060812 0.024696
v 0.021202 -0.060870 0.022083
v 0.015806 -0.058284 0.036266
v 0.015258 -0.046409 0.050532
v 0.019624 -0.061723 0.011737
v 0.015193 -0.062404 0.008633
v 0.027264 -0.055557 0.010776
v 0.023134 -0.059770 0.012999
v 0.029280 -0.047913 0.031359
v 0.028995 -0.047491 0.037839
v 0.023112 -0.045160 0.046753
v 0.019053 -0.042561 0.052081
v 0.015850 -0.040462 0.055272
v 0.016603 -0.053174 0.043374
v 0.021971 -0.059394 0.031140
v 0.021114 -0.049234 0.045164
v 0.017075 -0.062218 0.028706
v 0.027651 -0.051406 0.035807
v 0.025480 -0.055291 0.033784
v -0.015470 -0.048791 0.048439
v -0.017411 -0.056813 0.038262
v -0.015328 -0.040342 0.055376
v -0.017547 -0.041489 0.053854
v -0.023679 -0.045457 0.046015
v -0.028996 -0.047497 0.037795
v -0.029315 -0.047913 0.030302
v -0.016103 -0.062319 0.028698
v -0.026967 -0.056134 0.010528
v -0.024187 -0.058282 0.025590
v -0.025669 -0.056729 0.024034
v -0.025130 -0.057694 0.021505
v -0.021846 -0.060280 0.025346
v -0.020865 -0.060979 0.022950
v -0.022187 -0.060312 0.021138
v -0.024453 -0.056734 0.032931
v -0.019986 -0.060903 0.029955
v -0.027651 -0.051386 0.035849
v -0.021310 -0.049978 0.044223
v -0.021175 -0.049900 0.021933
v -0.021489 -0.049900 0.025066
v -0.024530 -0.049900 0.025539
v -0.025765 -0.049900 0.023210
v -0.024267 -0.049900 0.020962
v -0.023915 -0.049900 0.021893
v -0.021772 -0.049900 0.023288
v -0.024203 -0.049900 0.024677
v -0.022272 -0.047900 0.022368
v -0.022129 -0.047900 0.024242
v -0.024536 -0.047900 0.024302
v -0.023980 -0.047900 0.022004
v 0.024982 -0.059565 0.002397
v 0.031351 -0.047901 0.002774
v 0.013443 -0.062400 0.009793
v 0.011336 -0.062399 0.008893
v 0.011168 -0.060902 0.008338
v 0.011484 -0.062399 0.006162
v 0.012073 -0.060901 0.005712
v 0.014637 -0.062397 0.005739
v 0.014994 -0.060902 0.006330
v 0.014966 -0.060903 0.008804
v 0.013061 -0.060902 0.009745
v -0.015187 -0.062400 0.008639
v -0.030100 -0.047904 0.011419
v -0.031806 -0.047937 -0.000101
v -0.029035 -0.054597 0.002727
v -0.018279 -0.062341 -0.000536
v -0.013443 -0.062400 0.009793
v -0.014284 -0.060904 0.009486
v -0.015324 -0.060905 0.007420
v -0.014637 -0.062397 0.005739
v -0.013938 -0.060902 0.005608
v -0.011484 -0.062399 0.006162
v -0.012104 -0.060904 0.005864
v -0.011049 -0.060903 0.007593
v -0.011336 -0.062399 0.008893
v -0.012163 -0.060904 0.009456
v 0.026701 -0.047666 0.036124
v 0.020104 -0.045154 0.046389
v 0.016160 -0.042658 0.051669
v -0.023113 -0.046655 0.041623
v -0.016674 -0.042981 0.051204
v -0.026702 -0.047655 0.036100
v -0.015918 -0.057022 0.035457
v -0.022024 -0.061376 -0.000128
v -0.026165 -0.058568 0.001821
v -0.023317 -0.060764 0.002251
v -0.026919 -0.057722 -0.000378
v -0.025387 -0.053400 -0.002284
v -0.025714 -0.058795 -0.002102
v -0.023440 -0.060423 -0.002256
v -0.022830 -0.053400 -0.001894
v -0.022136 -0.053400 0.000704
v -0.024531 -0.053400 0.002613
v -0.027051 -0.053401 -0.000005
v -0.025879 -0.053400 -0.000607
v -0.023249 -0.053400 0.000904
v -0.025242 -0.053400 0.001209
v -0.023836 -0.053400 -0.001312
v -0.024070 -0.051900 -0.001444
v -0.023116 -0.051900 0.000496
v -0.025085 -0.051900 0.001386
v -0.025854 -0.051900 -0.000486
v 0.029166 -0.054688 0.000386
v 0.026906 -0.057749 -0.000549
v 0.021899 -0.061502 -0.000177
v 0.022442 -0.061202 0.001566
v 0.026692 -0.058105 0.001180
v 0.022099 -0.053400 -0.000715
v 0.024669 -0.053400 -0.002577
v 0.024355 -0.059830 -0.002629
v 0.026876 -0.053400 -0.000638
v 0.025938 -0.053400 0.002156
v 0.022855 -0.053400 0.001863
v 0.023121 -0.053400 -0.000607
v 0.025751 -0.053400 0.000904
v 0.025164 -0.053400 -0.001312
v 0.023758 -0.053400 0.001209
v 0.024930 -0.051900 -0.001444
v 0.025724 -0.051900 0.001037
v 0.022908 -0.051900 0.000320
v -0.028337 -0.051996 -0.000477
v -0.028475 -0.051972 0.000250
v -0.025928 -0.051900 -0.003639
v -0.020560 -0.051900 -0.000032
v -0.025543 -0.051901 0.003832
v -0.022060 -0.051900 0.002906
v -0.022430 -0.051900 -0.003253
v -0.020804 -0.060104 -0.001123
v -0.022421 -0.058924 -0.003254
v -0.024695 -0.057109 -0.003842
v -0.026715 -0.054885 -0.003187
v -0.028019 -0.052971 0.001728
v -0.025363 -0.056797 0.003737
v -0.023227 -0.058772 0.003635
v -0.021088 -0.060054 0.001833
v -0.028052 -0.052747 -0.001651
v -0.030026 -0.047905 0.001088
v -0.027059 -0.054601 0.002918
v -0.018536 -0.060672 0.003167
v -0.017936 -0.060829 -0.001419
v -0.015787 -0.060835 0.028297
v -0.018555 -0.060332 0.021622
v -0.022787 -0.058027 0.018642
v -0.025770 -0.054086 0.018885
v -0.027425 -0.050607 0.017659
v -0.028271 -0.047933 0.015461
v -0.024976 -0.056077 0.010486
v -0.020167 -0.059214 0.026309
v -0.023068 -0.056287 0.028311
v -0.027233 -0.047966 0.030022
v -0.018660 -0.059780 0.028870
v -0.019643 -0.051941 0.039999
v -0.015590 -0.049807 0.045055
v -0.025239 -0.051011 0.034438
v -0.022383 -0.055830 0.031683
v -0.026837 -0.047897 0.018522
v -0.021158 -0.047900 0.027027
v -0.018963 -0.047900 0.022693
v -0.021964 -0.047900 0.019290
v -0.024831 -0.047900 0.027569
v -0.025743 -0.052308 0.027934
v -0.022360 -0.056441 0.027464
v -0.019094 -0.059696 0.023555
v -0.020029 -0.059455 0.020523
v -0.022932 -0.056876 0.019167
v 0.020666 -0.051900 -0.001207
v 0.022781 -0.051900 0.003669
v 0.027510 -0.051898 -0.002383
v 0.024387 -0.051900 -0.003913
v 0.027357 -0.051897 0.002651
v 0.021917 -0.059633 0.002847
v 0.023206 -0.058770 0.003595
v 0.025106 -0.057059 0.003783
v 0.027867 -0.052933 0.001774
v 0.028073 -0.052671 -0.001540
v 0.027146 -0.054297 -0.002854
v 0.023962 -0.057755 -0.003834
v 0.022012 -0.059224 -0.002892
v 0.021009 -0.059937 -0.001558
v 0.028427 -0.051932 0.000179
v 0.025686 -0.056129 -0.003678
v 0.028585 -0.051889 -0.000154
v 0.030075 -0.047929 0.001963
v 0.020699 -0.060217 0.000628
v 0.027264 -0.054302 0.002789
v 0.004103 -0.060708 -0.007483
v 0.017993 -0.060825 -0.001410
v 0.018283 -0.060584 0.006344
v 0.020403 -0.059471 0.020128
v 0.022744 -0.058061 0.018359
v 0.025695 -0.054286 0.018858
v 0.027395 -0.050704 0.017695
v 0.028241 -0.047939 0.015753
v 0.025607 -0.052575 0.028018
v 0.022732 -0.056674 0.028097
v 0.020482 -0.058933 0.026584
v 0.018730 -0.060165 0.022970
v 0.027281 -0.048003 0.030096
v 0.018903 -0.059578 0.029037
v 0.015986 -0.060825 0.028278
v 0.019580 -0.051888 0.040128
v 0.015553 -0.049919 0.044933
v 0.015694 -0.056210 0.036737
v 0.021511 -0.056871 0.031004
v 0.024149 -0.053070 0.033325
v 0.026394 -0.047900 0.018721
v 0.021952 -0.047900 0.019288
v 0.023013 -0.057094 0.019126
v 0.024833 -0.047900 0.027567
v 0.019100 -0.047899 0.022329
v 0.020768 -0.047900 0.026847
v 0.019349 -0.059470 0.022066
v 0.019217 -0.059573 0.024307
v 0.022852 -0.055522 0.027464
v -0.001873 -0.062401 -0.018918
v 0.001322 -0.062399 -0.019079
v -0.000528 -0.062394 -0.017389
v 0.003858 -0.062399 -0.016826
v 0.002111 -0.062393 -0.014898
v -0.002052 -0.062393 -0.015893
v -0.003921 -0.062399 -0.016392
v 0.001592 -0.062393 -0.016733
v -0.001749 -0.062388 -0.013978
v 0.000838 -0.062388 -0.013202
v -0.000447 -0.058357 -0.019424
v 0.003699 -0.059272 -0.017376
v 0.004001 -0.062265 -0.007049
v -0.003820 -0.059463 -0.016923
v -0.004001 -0.062286 -0.006932
v -0.000401 -0.059469 -0.013228
v 0.001787 -0.058970 -0.016769
v -0.001892 -0.058970 -0.016533
v -0.001744 -0.059025 -0.014076
v 0.001460 -0.059188 -0.013696
v 0.027009 -0.047902 -0.004195
v 0.025708 -0.047898 -0.008877
v 0.030660 -0.047956 -0.007181
v 0.029641 -0.047918 -0.004457
v 0.029398 -0.047899 -0.010824
v 0.029681 -0.052786 -0.010508
v 0.028968 -0.051787 -0.010854
v 0.028282 -0.054245 -0.013900
v 0.028800 -0.052829 -0.011353
v 0.028355 -0.053435 -0.012377
v 0.024876 -0.053412 -0.018377
v 0.024671 -0.053648 -0.019464
v 0.023041 -0.053301 -0.008648
v 0.024300 -0.051867 -0.008118
v 0.023957 -0.051997 -0.020340
v 0.023770 -0.052461 -0.019329
v 0.018689 -0.051580 -0.016726
v 0.024060 -0.047900 -0.020060
v 0.020592 -0.047903 -0.017854
v 0.018192 -0.053259 -0.015171
v 0.028532 -0.047902 -0.004852
v 0.025864 -0.053717 -0.004832
v 0.027426 -0.051594 -0.004572
v 0.026194 -0.055237 -0.004834
v 0.025752 -0.051668 -0.003966
v 0.022466 -0.055648 -0.005663
v 0.018838 -0.057244 -0.007991
v 0.019102 -0.057773 -0.008015
v 0.022436 -0.056722 -0.006269
v 0.024668 -0.054051 -0.004577
v 0.022397 -0.058175 -0.005915
v 0.018372 -0.058776 -0.008336
v 0.017159 -0.047902 -0.021270
v 0.020559 -0.053471 -0.012381
v 0.014625 -0.058326 -0.011981
v 0.014328 -0.057201 -0.013324
v 0.014056 -0.056023 -0.015728
v 0.014134 -0.055513 -0.017930
v 0.008953 -0.051900 -0.023175
v 0.010160 -0.051951 -0.024580
v 0.008439 -0.054704 -0.021691
v 0.008573 -0.051900 -0.020118
v 0.009272 -0.056278 -0.018772
v 0.010718 -0.051899 -0.017646
v 0.011844 -0.056493 -0.017413
v 0.014060 -0.051900 -0.017851
v 0.014671 -0.053376 -0.018342
v 0.015370 -0.051879 -0.019133
v 0.015386 -0.051882 -0.019850
v 0.014035 -0.055776 -0.014841
v 0.015210 -0.057132 -0.011437
v 0.018328 -0.047912 -0.022243
v 0.004455 -0.057754 -0.017541
v 0.002996 -0.052371 -0.025728
v 0.010976 -0.047899 -0.028091
v -0.003162 -0.047898 -0.030083
v 0.018835 -0.047904 -0.023137
v 0.016123 -0.052043 -0.021498
v 0.017534 -0.049748 -0.022979
v 0.015944 -0.051956 -0.020369
v 0.013030 -0.051900 -0.019959
v 0.010927 -0.051900 -0.021861
v 0.011314 -0.051900 -0.020162
v 0.013298 -0.051900 -0.022406
v 0.011993 -0.053400 -0.022605
v 0.013573 -0.053400 -0.021861
v 0.012957 -0.053400 -0.019924
v 0.010709 -0.053400 -0.020849
v 0.010900 -0.053400 -0.023287
v 0.014622 -0.053400 -0.020644
v 0.009809 -0.053399 -0.020407
v 0.014097 -0.053560 -0.022924
v 0.012858 -0.053543 -0.023652
v 0.012742 -0.053400 -0.018715
v 0.010152 -0.057179 -0.019749
v 0.010193 -0.055386 -0.022644
v 0.014569 -0.055484 -0.020473
v 0.012992 -0.057073 -0.018839
v 0.028191 -0.056425 -0.014100
v 0.029782 -0.054737 -0.010236
v 0.030439 -0.052069 -0.007999
v 0.028941 -0.055879 -0.009053
v 0.029250 -0.053089 -0.005609
v 0.021611 -0.047988 -0.022909
v 0.021896 -0.051018 -0.022607
v 0.023292 -0.054260 -0.021175
v 0.025374 -0.056153 -0.018548
v 0.027260 -0.057766 -0.012562
v 0.022057 -0.058013 -0.010897
v 0.024929 -0.057236 -0.008793
v 0.027654 -0.055292 -0.006795
v 0.002969 -0.047920 -0.031659
v 0.015520 -0.047901 -0.027581
v -0.003391 -0.054998 -0.024622
v 0.018507 -0.053178 -0.021271
v 0.018641 -0.057717 -0.014550
v 0.022621 -0.060187 -0.005024
v 0.018153 -0.062330 -0.001566
v 0.010980 -0.059472 -0.015253
v 0.012732 -0.050722 -0.026757
v 0.019105 -0.050901 -0.023018
v 0.017840 -0.055728 -0.018468
v 0.022987 -0.056769 -0.019454
v 0.021280 -0.054450 -0.021645
v 0.024726 -0.057790 -0.017023
v -0.025695 -0.047898 -0.008848
v -0.026984 -0.047904 -0.004225
v -0.030613 -0.047916 -0.007452
v -0.029426 -0.047901 -0.004672
v -0.029279 -0.047900 -0.010835
v -0.024177 -0.052077 -0.008091
v -0.028403 -0.047903 -0.004807
v -0.029200 -0.053658 -0.011635
v -0.028354 -0.053412 -0.012356
v -0.029616 -0.052019 -0.010565
v -0.028618 -0.052454 -0.010917
v -0.025057 -0.053848 -0.019011
v -0.022841 -0.053378 -0.008877
v -0.023988 -0.052406 -0.020357
v -0.023865 -0.052447 -0.019396
v -0.024724 -0.053391 -0.018262
v -0.024020 -0.047900 -0.019967
v -0.020595 -0.047902 -0.017854
v -0.018717 -0.053448 -0.014503
v -0.018822 -0.051349 -0.016840
v -0.018174 -0.052781 -0.015782
v -0.026477 -0.050416 -0.003897
v -0.028573 -0.051278 -0.004038
v -0.025211 -0.056209 -0.005214
v -0.026969 -0.052250 -0.004585
v -0.019107 -0.057219 -0.007805
v -0.023283 -0.055044 -0.005198
v -0.022821 -0.056219 -0.005825
v -0.024876 -0.053796 -0.004471
v -0.019892 -0.058668 -0.007407
v -0.014021 -0.055865 -0.014736
v -0.015357 -0.051888 -0.019129
v -0.017159 -0.047900 -0.021279
v -0.014125 -0.055592 -0.016347
v -0.014813 -0.058330 -0.011758
v -0.014695 -0.053351 -0.018370
v -0.014065 -0.055536 -0.017899
v -0.013744 -0.057656 -0.014085
v -0.015597 -0.058002 -0.011146
v -0.013185 -0.051899 -0.017297
v -0.011063 -0.056652 -0.017458
v -0.009209 -0.051900 -0.018871
v -0.008636 -0.055717 -0.019938
v -0.008486 -0.051898 -0.022282
v -0.008922 -0.053619 -0.023180
v -0.014358 -0.047958 -0.028244
v -0.013709 -0.047912 -0.026811
v -0.007941 -0.047902 -0.030526
v -0.018845 -0.047904 -0.022811
v -0.021677 -0.047937 -0.022870
v -0.015366 -0.051878 -0.019816
v -0.015011 -0.057144 -0.011617
v -0.017437 -0.049852 -0.022921
v -0.010443 -0.051896 -0.024588
v -0.006986 -0.058429 -0.015201
v -0.015973 -0.051874 -0.020550
v -0.016135 -0.052095 -0.021340
v -0.013186 -0.051900 -0.020162
v -0.013573 -0.051900 -0.021861
v -0.011470 -0.051900 -0.019959
v -0.011202 -0.051900 -0.022406
v -0.012507 -0.053400 -0.022605
v -0.010927 -0.053400 -0.021861
v -0.011543 -0.053400 -0.019924
v -0.013791 -0.053400 -0.020849
v -0.014715 -0.053399 -0.021532
v -0.009878 -0.053400 -0.020704
v -0.013857 -0.053399 -0.019376
v -0.011412 -0.053399 -0.018852
v -0.013427 -0.053490 -0.023365
v -0.010770 -0.053399 -0.023332
v -0.013538 -0.056856 -0.018986
v -0.014665 -0.054464 -0.021799
v -0.011575 -0.054115 -0.023614
v -0.009739 -0.056153 -0.021524
v -0.010790 -0.057358 -0.019255
v -0.030388 -0.049586 -0.006621
v -0.030380 -0.052653 -0.008270
v -0.028885 -0.056179 -0.012531
v -0.025810 -0.056347 -0.017963
v -0.022213 -0.052317 -0.022308
v -0.023927 -0.054976 -0.020423
v -0.027065 -0.057802 -0.012990
v -0.028752 -0.056287 -0.009454
v -0.029120 -0.053352 -0.005673
v -0.024309 -0.057496 -0.009174
v -0.021918 -0.058015 -0.011084
v -0.027153 -0.055852 -0.007116
v -0.019171 -0.050866 -0.023023
v -0.008221 -0.051447 -0.027643
v -0.022550 -0.060225 -0.004996
v -0.015691 -0.061122 -0.008659
v -0.018589 -0.057686 -0.014611
v -0.017789 -0.056526 -0.017199
v -0.018190 -0.053996 -0.020516
v -0.021418 -0.054825 -0.021361
v -0.023065 -0.056795 -0.019417
v -0.024751 -0.057808 -0.016943
v -0.014565 0.021101 0.012371
v -0.015380 0.021010 0.008540
v -0.010372 0.021010 0.014209
v -0.018413 0.021110 0.005112
v -0.008024 0.021102 0.017343
v -0.017751 0.021010 -0.000473
v -0.018858 0.021119 -0.003092
v -0.015817 0.021110 -0.010724
v -0.013846 0.021010 -0.011119
v -0.009852 0.021110 -0.016374
v -0.004294 0.021010 -0.017231
v 0.015817 0.021110 -0.010724
v 0.018858 0.021101 -0.003092
v 0.017302 0.021010 -0.003182
v -0.002066 0.021110 -0.018997
v 0.018413 0.021110 0.005112
v 0.017039 0.021010 0.004376
v 0.013267 0.021121 0.014005
v 0.013626 0.021010 0.011126
v -0.001426 0.021005 0.017691
v 0.008100 0.021110 -0.017508
v 0.007010 0.021010 -0.016316
v 0.014366 0.021010 -0.010153
v 0.007695 0.021010 0.015819
v 0.002086 0.021110 0.019178
v 0.014102 0.021658 -0.014600
v 0.017936 0.021310 -0.009509
v 0.019996 0.021712 -0.003780
v 0.019630 0.021491 0.005451
v 0.007251 0.021521 -0.019056
v -0.015025 0.021681 0.013623
v -0.018094 0.021284 0.009443
v -0.020256 0.021659 0.001743
v -0.019282 0.021656 -0.006105
v -0.016817 0.021303 -0.011557
v 0.015535 0.021668 0.013062
v -0.013445 0.021724 -0.015173
v -0.008533 0.021567 -0.018338
v -0.001576 0.021692 -0.020254
v 0.008502 0.021704 0.018377
v 0.000000 0.021688 0.020295
v -0.008589 0.021724 0.018337
v -0.005483 0.019538 -0.016584
v -0.011819 0.019566 -0.012861
v -0.017015 0.019528 -0.004916
v -0.016516 0.019566 0.006201
v -0.010819 0.019554 0.013755
v -0.002454 0.019533 0.017508
v 0.009204 0.019544 0.015046
v 0.016242 0.019547 0.006908
v 0.017090 0.019517 -0.004728
v 0.012202 0.019570 -0.012501
v 0.004262 0.019543 -0.017102
v 0.012305 0.021810 0.008283
v 0.012583 0.021810 0.006666
v 0.014043 0.021810 0.008447
v 0.014000 0.021810 0.006905
v -0.013867 0.021810 0.008559
v -0.012178 0.021810 0.008125
v -0.014131 0.021810 0.007043
v -0.012774 0.021810 0.006596
v 0.001142 0.021810 -0.015754
v -0.000962 0.021810 -0.015858
v -0.000335 0.021810 -0.014126
v 0.014540 0.021789 -0.005551
v 0.011469 0.021806 -0.006047
v 0.011136 0.021805 -0.008926
v 0.014817 0.021775 -0.009584
v -0.011064 0.021808 -0.006693
v -0.011456 0.021802 -0.009224
v -0.015634 0.021797 -0.007408
v -0.013997 0.021806 -0.009844
v -0.013207 0.021799 -0.005205
v -0.002326 0.021798 0.016005
v 0.001145 0.021798 0.013088
v -0.001442 0.021808 0.013450
v 0.002191 0.021798 0.016305
v -0.000178 0.021808 0.017554
v -0.003919 0.021810 -0.004442
v 0.001021 0.019510 -0.015615
v 0.000335 0.019510 -0.014126
v -0.001008 0.019510 -0.014887
v -0.000489 0.019510 -0.016329
v -0.012068 0.019510 0.007727
v -0.013880 0.019510 0.008658
v -0.013550 0.019510 0.006472
v 0.014131 0.019510 0.007043
v 0.013867 0.019510 0.008559
v 0.012178 0.019510 0.008125
v 0.012774 0.019510 0.006596
v -0.001229 0.020602 0.015079
v -0.000112 0.020650 0.016414
v 0.001148 0.020634 0.015549
v 0.000373 0.020644 0.014120
v 0.001109 0.019510 0.015642
v 0.000510 0.019510 0.014145
v -0.001016 0.019510 0.014666
v -0.000594 0.019510 0.016371
v -0.014411 0.020567 -0.008076
v -0.012924 0.020617 -0.006415
v -0.012221 0.020604 -0.008401
v -0.013109 0.019510 -0.006277
v -0.012192 0.019510 -0.008263
v -0.014154 0.019510 -0.008513
v 0.012249 0.020655 -0.008258
v 0.012381 0.020632 -0.006730
v 0.014318 0.020621 -0.007066
v 0.013580 0.020644 -0.008755
v 0.013990 0.019510 -0.006686
v 0.014118 0.019510 -0.008446
v 0.012187 0.019510 -0.008362
v 0.012481 0.019510 -0.006733
v 0.000047 0.019573 -0.012870
v 0.007600 0.019577 -0.013102
v 0.002745 0.019572 -0.014724
v -0.007599 0.019572 0.013106
v -0.011176 0.019573 0.006397
v -0.014160 0.019588 0.004952
v -0.011390 0.019600 0.009720
v -0.015150 0.019572 -0.000028
v -0.014136 0.019596 -0.004972
v -0.011380 0.019582 -0.009751
v -0.011203 0.019583 -0.006353
v -0.007547 0.019577 -0.013133
v 0.015150 0.019572 0.000028
v 0.014122 0.019574 0.005001
v 0.011159 0.019633 0.006406
v 0.011380 0.019582 0.009751
v 0.007551 0.019572 0.013134
v -0.002679 0.019571 -0.014679
v 0.014161 0.019582 -0.004952
v 0.011176 0.019573 -0.006397
v 0.011390 0.019600 -0.009720
v 0.002712 0.019617 0.014690
v 0.000018 0.019548 0.012875
v -0.002746 0.019602 0.014708
v -0.015052 0.020810 0.000239
v -0.014000 0.020810 0.004963
v -0.014039 0.020810 -0.004951
v -0.011208 0.020810 -0.010364
v -0.011029 0.020810 -0.006459
v -0.002732 0.020810 -0.014634
v 0.000079 0.020810 -0.012781
v 0.002702 0.020810 -0.014606
v 0.007319 0.020810 -0.013154
v 0.011308 0.020810 -0.009683
v 0.014579 0.020810 -0.004525
v 0.011108 0.020810 -0.006322
v 0.014039 0.020810 0.004951
v -0.011108 0.020810 0.006322
v -0.011308 0.020810 0.009683
v -0.003371 0.020810 0.014889
v -0.000079 0.020810 0.012781
v 0.002732 0.020810 0.014634
v 0.011208 0.020810 0.010364
v 0.011029 0.020810 0.006459
v -0.039873 0.001999 0.004642
v -0.041500 0.003298 0.004053
v -0.039772 0.004776 0.001150
v -0.041500 0.005122 -0.000438
v -0.040187 0.004565 -0.002358
v -0.041500 0.002982 -0.004187
v -0.039790 0.002615 -0.004092
v -0.039860 -0.000950 -0.004876
v -0.041500 -0.002401 -0.004756
v -0.039860 -0.004331 -0.002432
v -0.041500 -0.005206 0.000455
v -0.039863 -0.004760 0.001179
v -0.039860 -0.002663 0.004193
v -0.041500 -0.002036 0.004812
v -0.041642 0.004650 -0.004786
v -0.041642 0.006598 -0.000996
v -0.041669 0.001292 -0.006503
v -0.041666 -0.006458 0.001690
v -0.041606 0.005342 0.004251
v -0.041605 -0.004960 0.004435
v -0.041655 -0.006165 -0.002545
v -0.041640 -0.002857 -0.006116
v -0.041500 -0.000929 0.006617
v -0.042349 -0.001223 0.006303
v -0.042383 0.002387 0.005888
v -0.039864 -0.000000 0.002291
v -0.039846 0.001503 -0.001788
v -0.039860 0.002109 0.000832
v -0.039862 -0.001495 -0.001799
v -0.039860 -0.002103 0.000846
v -0.042494 0.003326 0.003286
v -0.042464 0.004004 -0.002926
v -0.042494 -0.002103 -0.004177
v -0.042497 -0.004563 -0.000603
v -0.042480 -0.002302 0.004308
v -0.042507 0.001774 -0.006010
v -0.042528 0.006504 0.000126
v -0.042528 -0.005508 -0.003461
v -0.042504 -0.004992 0.003617
v -0.005088 -0.041412 0.025237
v -0.003046 -0.041461 0.025033
v -0.004229 -0.041418 0.026791
v -0.004067 -0.042001 0.025680
v -0.005175 -0.037525 0.025200
v -0.004635 -0.037514 0.026704
v -0.003211 -0.037557 0.026511
v -0.003395 -0.037461 0.024581
v 0.000092 -0.037400 -0.028349
v -0.012169 -0.037428 -0.025897
v -0.019879 -0.037448 -0.020328
v -0.027734 -0.037459 -0.007124
v -0.026676 -0.037400 0.001081
v -0.024948 -0.037400 0.001307
v -0.025131 -0.037400 0.002907
v -0.028170 -0.037463 0.005108
v -0.026777 -0.037400 0.002924
v -0.017032 -0.037445 0.022879
v 0.003134 -0.037400 0.026606
v 0.003279 -0.037433 0.028502
v 0.000779 -0.037400 0.026319
v 0.002265 -0.037400 0.024723
v 0.023688 -0.037452 0.016186
v 0.027501 -0.037469 0.007328
v 0.028419 -0.037419 0.001541
v 0.027427 -0.037442 -0.008192
v 0.023457 -0.037446 -0.016050
v 0.019710 -0.037452 -0.020531
v 0.014545 -0.037436 -0.024410
v 0.025330 -0.037400 0.008712
v 0.023587 -0.037400 0.008326
v 0.024467 -0.037400 0.009761
v 0.025115 -0.037400 -0.008352
v 0.024711 -0.037400 -0.009800
v 0.023598 -0.037400 -0.008399
v -0.023438 -0.037436 -0.016128
v -0.023710 -0.037400 -0.009569
v -0.025340 -0.037400 -0.009008
v -0.024310 -0.037400 -0.008016
v -0.023628 -0.037400 0.008279
v -0.025340 -0.037400 0.008777
v -0.024407 -0.037400 0.009760
v 0.009271 -0.037431 -0.026894
v 0.005204 -0.037517 -0.026658
v 0.003059 -0.037529 -0.024390
v 0.004806 -0.037525 -0.024345
v 0.003581 -0.037540 -0.027293
v -0.009494 -0.037552 0.027180
v -0.000806 -0.037400 -0.026168
v -0.003267 -0.037400 -0.025943
v -0.002002 -0.037400 -0.024733
v -0.002198 -0.037400 -0.027057
v 0.027107 -0.037400 -0.001478
v 0.025797 -0.037400 -0.003272
v 0.024838 -0.037400 -0.001335
v -0.006541 -0.037399 0.022677
v -0.014267 -0.037400 0.018505
v -0.017764 -0.037400 0.018994
v -0.016179 -0.037400 0.020738
v -0.016020 -0.037400 0.018840
v -0.023483 -0.037439 0.016391
v -0.017814 -0.037400 0.020529
v -0.019644 -0.037404 0.013287
v -0.023477 -0.037400 -0.001036
v -0.019008 -0.037400 -0.017827
v -0.020631 -0.037400 -0.017718
v -0.016355 -0.037400 -0.017091
v -0.020396 -0.037400 -0.015756
v -0.018738 -0.037400 -0.016381
v -0.022201 -0.037400 -0.008240
v -0.007542 -0.037400 -0.022225
v -0.012225 -0.037400 -0.023919
v -0.010506 -0.037400 -0.023541
v -0.011367 -0.037400 -0.022498
v 0.002204 -0.037400 -0.023578
v 0.012069 -0.037400 -0.020411
v 0.010570 -0.037400 -0.023919
v 0.012289 -0.037400 -0.023541
v 0.011428 -0.037400 -0.022498
v 0.018172 -0.037400 -0.019886
v 0.016592 -0.037400 -0.020903
v 0.015692 -0.037400 -0.019664
v 0.016799 -0.037400 -0.018602
v 0.019198 -0.037400 -0.013588
v 0.022697 -0.037400 -0.006091
v 0.023477 -0.037400 -0.001036
v 0.022435 -0.037399 0.006984
v 0.019309 -0.037400 0.013359
v 0.019933 -0.037400 0.015650
v 0.018602 -0.037400 0.016799
v 0.020923 -0.037400 0.017098
v 0.019615 -0.037400 0.018103
v 0.013986 -0.037401 0.018945
v 0.014913 -0.037482 0.024483
v 0.005694 -0.037900 0.021250
v -0.000000 -0.037665 0.022027
v 0.006340 -0.037399 0.022532
v -0.005694 -0.037900 0.021250
v -0.023145 -0.037400 0.004069
v 0.006223 -0.042900 0.022426
v -0.006294 -0.042911 0.022491
v 0.003648 -0.039350 -0.027287
v 0.016972 -0.039300 -0.018602
v 0.015600 -0.039300 -0.019886
v 0.016922 -0.039300 -0.020899
v 0.018134 -0.039300 -0.019930
v 0.025197 -0.039300 -0.003104
v 0.026780 -0.039300 -0.002802
v 0.026863 -0.039300 -0.001240
v 0.025113 -0.039300 -0.001154
v -0.026696 -0.039300 0.001045
v -0.025060 -0.039300 0.001277
v -0.025014 -0.039300 0.002898
v -0.026751 -0.039300 0.002896
v -0.019937 -0.039300 -0.015725
v -0.021005 -0.039300 -0.017133
v -0.019606 -0.039300 -0.018021
v -0.018517 -0.039300 -0.016773
v -0.003380 -0.039300 -0.025749
v -0.001879 -0.039300 -0.027053
v -0.000805 -0.039300 -0.025350
v -0.024659 -0.039300 0.009781
v -0.024915 -0.039300 0.008019
v -0.023564 -0.039300 0.008970
v -0.025281 -0.039300 -0.008968
v -0.024403 -0.039300 -0.009777
v -0.023564 -0.039300 -0.008815
v -0.024560 -0.039300 -0.008009
v -0.012273 -0.039300 -0.023749
v -0.010502 -0.039300 -0.023720
v -0.011428 -0.039300 -0.022498
v 0.011665 -0.039300 -0.022469
v 0.010557 -0.039300 -0.023875
v 0.012131 -0.039300 -0.023831
v 0.023577 -0.039300 -0.009063
v 0.024468 -0.039300 -0.009738
v 0.025325 -0.039300 -0.008909
v 0.024313 -0.039300 -0.008019
v 0.023543 -0.039300 0.008813
v 0.024752 -0.039300 0.008034
v 0.024898 -0.039300 0.009770
v 0.004874 -0.039300 -0.024676
v 0.003933 -0.039300 -0.024112
v 0.002994 -0.039300 -0.024847
v 0.005035 -0.039300 -0.026876
v 0.001165 -0.039300 0.026781
v 0.001110 -0.039300 0.025244
v 0.002724 -0.039300 0.024861
v 0.002926 -0.039300 0.026727
v 0.004328 -0.039300 0.025963
v -0.000240 -0.039300 0.026125
v 0.002109 -0.039300 0.028009
v 0.001967 -0.039300 0.023790
v -0.000248 -0.042900 0.025963
v 0.002113 -0.042900 0.023790
v 0.004006 -0.042900 0.025211
v 0.002927 -0.042909 0.028122
v -0.017322 -0.039300 0.018561
v -0.015648 -0.039300 0.020238
v -0.017806 -0.039300 0.020583
v -0.018028 -0.039299 0.021621
v -0.015180 -0.039300 0.018345
v -0.015360 -0.039299 0.021229
v -0.018676 -0.039301 0.018393
v -0.017963 -0.040433 0.017847
v -0.015396 -0.041034 0.018190
v -0.014919 -0.041596 0.020426
v -0.016667 -0.041456 0.021900
v -0.018858 -0.040774 0.020562
v -0.011850 -0.042349 0.020425
v -0.020198 -0.039299 0.012166
v -0.023145 -0.039300 0.004069
v -0.023433 -0.039300 -0.003497
v -0.019533 -0.039300 -0.013060
v -0.014302 -0.039300 -0.018646
v -0.007571 -0.039300 -0.022311
v 0.004346 -0.039300 -0.023308
v 0.014302 -0.039300 -0.018647
v 0.019893 -0.039300 -0.012522
v 0.022697 -0.039300 -0.006091
v 0.023334 -0.039300 0.003751
v 0.019756 -0.039331 0.012776
v 0.018142 -0.039903 0.015348
v 0.010616 -0.042664 0.021043
v -0.023561 -0.039234 0.016355
v -0.027481 -0.039274 0.007291
v -0.028550 -0.039252 -0.002104
v -0.024965 -0.039230 -0.013945
v -0.019347 -0.039239 -0.020865
v -0.014251 -0.039267 -0.024592
v -0.007680 -0.039256 -0.027500
v 0.009743 -0.039265 -0.026766
v 0.014565 -0.039300 -0.024206
v 0.023444 -0.039255 -0.016128
v 0.027659 -0.039257 -0.007439
v 0.028211 -0.039272 0.004944
v 0.017761 -0.039219 -0.022552
v -0.017149 -0.041441 0.022820
v -0.012061 -0.042573 0.025991
v 0.018587 -0.039300 0.016295
v 0.021035 -0.039300 0.016462
v 0.019664 -0.039300 0.018079
v 0.020732 -0.039438 0.015019
v 0.021894 -0.039300 0.016870
v 0.019891 -0.039300 0.019123
v 0.018266 -0.039300 0.015396
v 0.017785 -0.039299 0.017440
v 0.021894 -0.039769 0.017435
v 0.019876 -0.040305 0.019032
v 0.018038 -0.040451 0.017978
v 0.012240 -0.042562 0.025930
v 0.016879 -0.041523 0.023037
v 0.023690 -0.039304 0.016088
v -0.000001 -0.038274 -0.029105
v -0.002596 -0.042820 0.028507
v -0.004786 -0.042709 0.018541
v -0.004753 -0.038150 0.018520
v 0.004796 -0.038150 0.018587
v 0.004789 -0.042717 0.018543
v -0.000000 -0.042672 0.019174
v 0.040000 0.002027 -0.001074
v 0.040000 0.001245 0.001638
v 0.040000 -0.000896 0.001937
v 0.040000 -0.002055 0.000111
v 0.040000 -0.001100 -0.001829
v 0.043854 -0.001047 -0.001920
v 0.043881 0.000671 -0.002047
v 0.043879 0.001987 -0.000811
v 0.043854 0.001928 0.000973
v 0.043869 0.000140 0.002159
v 0.043871 -0.001624 0.001393
v 0.043810 -0.002118 -0.000344
v 0.043911 -0.002054 -0.004681
v 0.043906 0.002682 -0.004257
v 0.043931 0.004481 0.002304
v 0.043881 -0.004776 -0.001430
v 0.043878 0.004828 -0.001235
v 0.043944 -0.004404 0.002618
v 0.043904 0.000469 0.005065
v 0.041000 -0.002129 -0.004606
v 0.041000 -0.004775 -0.001904
v 0.041000 -0.004326 0.002932
v 0.041000 -0.000549 0.005043
v 0.041000 0.003593 0.003794
v 0.041000 0.005035 -0.001397
v 0.041000 0.001643 -0.004871
v 0.035500 -0.003298 -0.004053
v 0.035500 -0.005122 0.000438
v 0.035500 -0.002982 0.004187
v 0.035500 0.001261 0.004983
v 0.035508 0.002305 0.005503
v 0.035500 0.005206 -0.000455
v 0.035500 0.002036 -0.004812
v 0.035502 -0.006218 -0.000809
v 0.035196 0.005403 0.002489
v 0.035196 -0.003347 -0.004918
v 0.035497 0.000940 -0.006048
v 0.035476 0.005673 -0.002502
v 0.035500 -0.001145 0.005980
v 0.035196 -0.004312 0.004098
v 0.033590 -0.001758 0.007418
v 0.033389 -0.007876 0.011870
v 0.033590 -0.003784 -0.006371
v 0.033620 0.004020 -0.006386
v 0.033436 0.007805 -0.011908
v 0.033522 0.007648 0.001518
v 0.033597 0.004242 0.006076
v 0.033632 -0.006499 0.003389
v 0.033494 -0.007631 -0.001731
v 0.033878 0.006647 -0.001005
v 0.034556 0.002776 -0.005706
v 0.034551 -0.001363 0.006131
v 0.034551 -0.006056 0.001668
v 0.034551 -0.005830 -0.002337
v 0.034189 -0.001351 -0.006276
v 0.034539 0.005504 -0.002915
v 0.034577 0.003258 0.005451
v 0.033491 -0.007890 -0.011767
v 0.031160 -0.007890 -0.018701
v 0.031531 0.007810 -0.016464
v 0.033492 0.007810 0.011764
v 0.031214 0.007810 0.018898
v 0.031240 -0.007890 0.018366
v 0.029643 -0.017890 0.022745
v 0.019939 0.007810 0.031208
v 0.026234 0.007810 0.026234
v 0.031020 -0.017890 0.018420
v 0.030723 -0.007890 0.018426
v 0.025362 -0.017890 0.019428
v 0.024957 -0.007890 0.019609
v 0.019548 -0.007890 0.025021
v 0.019399 -0.017938 0.025897
v 0.018426 -0.017890 0.030723
v 0.018404 -0.007890 0.030747
v 0.019487 -0.017890 0.031306
v 0.019089 -0.007890 0.031264
v 0.022256 -0.017884 0.024882
v 0.023078 -0.017682 0.026720
v 0.021574 -0.017717 0.028248
v 0.013522 0.007810 0.028912
v 0.013935 -0.007890 0.028423
v 0.013963 -0.007890 0.031147
v 0.014506 0.007810 0.031319
v 0.013582 0.007810 -0.028957
v 0.028606 0.007810 -0.014269
v 0.023093 -0.007890 -0.021855
v 0.031393 -0.007890 -0.006033
v 0.031393 0.007810 0.006033
v 0.029792 -0.007890 0.010732
v 0.023346 0.007810 0.021395
v 0.014447 0.007810 -0.031297
v 0.014539 -0.007890 -0.031347
v 0.013522 -0.007890 -0.028912
v 0.019729 0.007810 -0.031246
v 0.018385 -0.007890 -0.031161
v 0.020282 -0.017384 0.026712
v 0.021449 -0.017342 0.025272
v 0.020287 -0.012881 0.027059
v 0.021112 -0.012882 0.025385
v 0.022645 -0.012887 0.025893
v 0.022375 -0.012854 0.027880
v 0.021586 -0.012139 0.026656
v 0.018925 -0.017890 -0.031418
v 0.030380 0.007810 -0.021825
v 0.029843 -0.017890 -0.022349
v 0.030274 -0.007890 -0.018423
v 0.030946 -0.017890 -0.018396
v 0.026677 -0.007890 -0.021656
v 0.026683 -0.017890 -0.021669
v 0.023011 -0.017890 -0.021909
v 0.018677 -0.017890 -0.029734
v 0.019050 -0.007890 -0.028922
v 0.019602 -0.007890 -0.024986
v 0.019446 -0.017890 -0.025304
v 0.021007 -0.017746 -0.025093
v 0.019646 -0.017869 -0.027046
v 0.023411 -0.017887 -0.026292
v 0.022254 -0.017880 -0.028426
v 0.022605 -0.017354 -0.027630
v 0.022283 -0.017358 -0.025461
v 0.020534 -0.017360 -0.027553
v 0.020287 -0.012881 -0.026254
v 0.021112 -0.012882 -0.027928
v 0.022645 -0.012887 -0.027419
v 0.022375 -0.012854 -0.025432
v 0.021586 -0.012139 -0.026656
v 0.020920 0.007810 0.028237
v 0.019967 0.007810 0.026619
v 0.023006 0.007810 -0.025762
v 0.027170 0.007810 -0.023313
v 0.020363 0.007810 -0.027860
v 0.028236 0.007810 -0.021018
v 0.022721 0.007810 -0.027942
v 0.020547 0.007810 -0.025183
v 0.022917 0.007810 0.025688
v 0.020982 0.007810 0.025050
v 0.024861 0.007810 -0.021424
v 0.026989 0.007810 0.019767
v 0.023006 0.007810 0.027550
v 0.024947 0.007810 0.021738
v 0.026356 0.007810 0.023204
v 0.028199 0.007810 0.022336
v 0.026710 0.007810 -0.019941
v 0.025241 -0.000197 -0.020686
v 0.025321 -0.000194 -0.022547
v 0.027251 -0.000202 -0.023192
v 0.028274 -0.000192 -0.021630
v 0.027329 -0.000202 -0.020010
v 0.026656 -0.001136 -0.021586
v 0.026238 -0.000202 0.023247
v 0.024985 -0.000197 0.021446
v 0.027106 -0.000236 0.019806
v 0.028195 -0.000197 0.022251
v 0.026656 -0.001136 0.021586
v 0.021540 -0.000194 0.028301
v 0.020011 -0.000197 0.027231
v 0.021065 -0.000220 0.024939
v 0.023373 -0.000220 0.026808
v 0.021586 -0.001136 0.026656
v 0.021147 -0.000220 -0.024917
v 0.020132 -0.000220 -0.027708
v 0.022800 -0.000202 -0.027864
v 0.023073 -0.000192 -0.026017
v 0.021586 -0.001136 -0.026656
v 0.028475 0.015810 0.029946
v 0.029703 0.017810 0.028691
v 0.029615 0.015810 0.028623
v 0.028727 0.015810 0.027124
v 0.027813 0.017810 0.026966
v 0.026631 0.015810 0.028358
v 0.027274 0.017810 0.029827
v 0.025392 0.017810 0.028259
v 0.030932 0.017811 0.027175
v 0.026366 0.017810 0.030638
v 0.029589 0.017810 0.031140
v 0.027284 0.017806 0.025723
v 0.025445 0.021810 0.027170
v 0.028451 0.020243 0.031317
v 0.030765 0.018237 0.029839
v 0.030459 0.019566 0.026687
v 0.028407 0.021724 0.025722
v 0.026680 0.021792 0.030864
v 0.030522 0.021774 0.007037
v 0.016878 0.021786 0.041251
v 0.021237 0.021776 0.039133
v 0.025989 0.019002 0.039342
v 0.030942 0.013441 0.038629
v 0.031450 0.009481 0.040502
v 0.031441 0.016187 0.033015
v 0.031407 0.020142 0.018103
v -0.016033 0.012598 0.056858
v -0.019499 0.021817 0.040502
v -0.026625 0.021818 0.030800
v -0.025383 0.017810 0.028435
v -0.025308 0.021810 0.027355
v -0.026883 0.017809 0.025882
v -0.028698 0.021588 0.025665
v -0.030408 0.017808 0.026481
v -0.031191 0.017955 0.028612
v -0.029127 0.019640 0.031260
v -0.029235 0.017810 0.031114
v -0.026678 0.017810 0.030886
v -0.029748 0.021736 0.018094
v -0.030431 0.021785 0.002343
v -0.028475 0.017810 0.029946
v -0.029615 0.017810 0.028623
v -0.028727 0.017810 0.027124
v -0.026631 0.017810 0.028358
v -0.027274 0.015810 0.029827
v -0.027813 0.015810 0.026966
v -0.029703 0.015810 0.028691
v -0.031450 0.020954 0.005748
v -0.031415 0.012546 0.038528
v -0.026394 0.018926 0.039062
v -0.031441 0.018671 0.025317
v -0.031638 0.016074 0.031813
v -0.031411 0.005037 0.041946
v -0.021950 0.008059 0.056796
v -0.019052 0.011874 0.056475
v -0.022317 0.004999 0.056890
v 0.022247 0.005000 0.056890
v 0.022324 0.007560 0.056549
v 0.020444 0.010848 0.056445
v 0.016668 0.012864 0.056483
v 0.018149 0.011822 0.056955
v 0.031448 0.005000 0.041418
v 0.031453 0.020836 0.002929
v 0.031282 0.021094 -0.013620
v -0.029468 0.020913 -0.014397
v -0.030570 0.021038 -0.014342
v -0.031394 0.020801 -0.013530
v -0.030289 0.021742 -0.013747
v -0.031484 0.015810 -0.013502
v -0.029924 0.015810 -0.014692
v -0.024880 0.021838 -0.008266
v -0.026787 0.020804 -0.011860
v -0.025059 0.015809 -0.009288
v -0.014376 0.021813 0.021293
v -0.024449 0.021810 0.007495
v 0.014969 0.021814 0.021030
v 0.000000 0.021826 0.025596
v 0.024824 0.021810 0.006137
v 0.024781 0.021856 -0.007521
v 0.025027 0.015810 -0.009287
v 0.026156 0.021196 -0.011034
v 0.031486 0.015810 -0.013462
v 0.030022 0.015810 -0.014697
v 0.030591 0.020819 -0.014380
v 0.029507 0.021071 -0.014375
v 0.030201 0.021754 -0.013586
v -0.031500 0.005150 0.031650
v -0.029606 0.005331 0.031541
v -0.025444 0.015656 0.031500
v 0.031500 0.005150 0.031650
v 0.031500 0.015810 0.031500
v 0.028653 0.010439 0.031504
v 0.024838 0.015808 0.031500
v 0.029495 0.005187 0.031689
v 0.021681 0.018103 0.040834
v 0.026167 0.014388 0.040892
v 0.028907 0.009278 0.040845
v 0.029454 0.005000 0.040864
v -0.020822 0.018494 0.024739
v -0.016563 0.019736 0.040726
v -0.021625 0.018133 0.040833
v -0.026161 0.014413 0.040864
v -0.028889 0.009296 0.040875
v -0.029449 0.005000 0.040892
v 0.016750 0.019683 0.040798
v 0.022073 0.005069 0.053836
v -0.021736 0.005000 0.053890
v -0.018874 0.010725 0.053916
v -0.021421 0.007719 0.053792
v 0.019797 0.010083 0.053863
v 0.016523 0.011964 0.053840
v -0.016488 0.012248 0.053564
v 0.016955 0.019024 0.026750
v 0.016659 0.019659 0.027585
v 0.024353 0.015817 0.020813
v 0.020522 0.018532 0.024726
v 0.016977 0.015809 0.026615
v 0.008856 0.015810 0.029952
v 0.009431 0.019200 0.030067
v 0.024449 0.015810 0.007495
v 0.017071 0.015810 0.018717
v 0.008522 0.015810 0.023803
v 0.008544 0.019208 0.029527
v 0.008483 0.019716 0.030434
v 0.008229 0.019660 0.023873
v -0.008570 0.015810 0.023836
v -0.017785 0.015810 0.018040
v -0.024824 0.015810 0.006137
v 0.000000 0.019810 0.025200
v -0.008264 0.019644 0.023839
v -0.008825 0.015810 0.029942
v -0.016977 0.015809 0.026615
v -0.016546 0.019526 0.027225
v -0.018664 0.018529 0.025504
v -0.024312 0.015814 0.020830
v -0.008509 0.019726 0.030549
v -0.008553 0.019280 0.029625
v -0.009545 0.019118 0.030033
v 0.032160 -0.027663 0.006227
v 0.032191 -0.025508 0.003650
v 0.032175 -0.027807 0.001501
v 0.032191 -0.029971 0.003780
v 0.030938 -0.027736 0.003836
v 0.041000 -0.027821 0.006238
v 0.041000 -0.025499 0.003791
v 0.041000 -0.027653 0.001494
v 0.041000 -0.029965 0.003639
v 0.040931 -0.026590 0.008748
v 0.040859 -0.023002 0.005804
v 0.040903 -0.030393 0.008039
v 0.040903 -0.032395 0.005574
v 0.040930 -0.023610 0.000789
v 0.040937 -0.032299 0.001683
v 0.040930 -0.028496 -0.001236
v 0.037000 -0.031530 0.000095
v 0.037000 -0.032644 0.005365
v 0.037000 -0.030231 0.008254
v 0.037000 -0.026475 0.008820
v 0.037000 -0.025019 0.009230
v 0.037000 -0.022750 0.002273
v 0.037000 -0.026247 -0.001084
v 0.037000 -0.023490 -0.000646
v 0.037000 -0.021567 0.005549
v 0.037000 -0.033607 0.002206
v 0.037000 -0.029780 -0.002231
v 0.037000 -0.030328 0.009440
v 0.037000 -0.033396 0.006092
v 0.031646 -0.029997 0.010767
v 0.031618 -0.033230 0.008570
v 0.031596 -0.035158 0.004397
v 0.031634 -0.034400 0.001065
v 0.031629 -0.031687 -0.002197
v 0.031626 -0.026477 -0.003278
v 0.031621 -0.022044 -0.000863
v 0.031653 -0.020566 0.005394
v 0.031625 -0.024985 0.010513
v 0.032523 -0.028423 -0.002355
v 0.032501 -0.023503 0.008330
v 0.032878 -0.028448 0.009881
v 0.032921 -0.031437 0.008713
v 0.032875 -0.033374 0.006131
v 0.032862 -0.033823 0.003503
v 0.032957 -0.032458 -0.000163
v 0.032890 -0.025178 -0.001678
v 0.032750 -0.023107 -0.000153
v 0.032886 -0.021691 0.002752
v 0.032862 -0.022074 0.006096
v 0.032862 -0.025793 0.009614
v 0.031251 -0.035802 -0.019777
v 0.031256 -0.035810 0.019628
v 0.031317 -0.017900 -0.020272
v 0.026459 -0.035854 -0.025841
v 0.019629 -0.035782 -0.031289
v 0.023056 -0.017811 -0.028358
v 0.019418 -0.017900 -0.031403
v 0.013873 -0.035937 -0.030522
v -0.019584 -0.035742 -0.031336
v 0.023346 -0.017900 0.028706
v 0.026119 -0.035871 0.026119
v 0.031300 -0.017900 0.020224
v 0.019853 -0.035835 0.031116
v 0.019819 -0.017900 0.031200
v -0.019895 -0.035828 0.031097
v -0.019874 -0.017900 0.031272
v -0.025944 -0.035853 0.026340
v -0.026234 -0.017900 0.026233
v -0.031304 -0.017900 0.019737
v -0.031137 -0.035855 0.019678
v -0.031125 -0.017900 -0.020237
v -0.031101 -0.035832 -0.019939
v -0.026260 -0.035756 -0.026124
v -0.026234 -0.017900 -0.026234
v -0.019688 -0.017900 -0.031407
v -0.005757 -0.028990 -0.031500
v 0.007027 -0.027068 -0.031500
v 0.005600 -0.028400 -0.031500
v -0.008394 -0.028228 -0.031500
v -0.006580 -0.027070 -0.031500
v -0.007346 -0.029665 -0.031500
v 0.008387 -0.028400 -0.031500
v 0.007027 -0.029732 -0.031500
v 0.005610 -0.028134 -0.028301
v 0.006829 -0.029721 -0.028033
v 0.008412 -0.028400 -0.027599
v 0.007109 -0.027120 -0.027962
v -0.005920 -0.027517 -0.028850
v -0.008128 -0.027540 -0.028850
v -0.007781 -0.029478 -0.028728
v -0.006108 -0.029382 -0.028771
v 0.002448 -0.018073 -0.028887
v -0.017529 -0.029841 -0.028114
v -0.004705 -0.029633 -0.028652
v -0.017116 -0.029446 -0.028644
v -0.018496 -0.029323 -0.027382
v -0.019349 -0.017861 -0.026550
v -0.017431 -0.017995 -0.028865
v -0.021183 -0.029696 -0.023603
v -0.019472 -0.029723 -0.024394
v -0.023470 -0.029716 -0.023956
v -0.018967 -0.029505 -0.025307
v 0.009685 -0.018040 -0.027265
v -0.019933 -0.017857 -0.025091
v -0.021741 -0.018068 -0.024057
v -0.019339 -0.018390 -0.024812
v -0.024766 -0.029236 -0.023794
v -0.026030 -0.029209 -0.022250
v -0.025804 -0.029432 -0.020243
v -0.025722 -0.029894 -0.021618
v -0.017177 -0.029900 -0.023277
v -0.023998 -0.029249 -0.018289
v -0.026353 -0.018058 -0.020623
v -0.025415 -0.018087 -0.023653
v -0.023033 -0.029829 -0.017498
v -0.023591 -0.029311 -0.016772
v -0.023958 -0.018403 -0.018169
v -0.022435 -0.017877 -0.024934
v -0.023862 -0.017970 -0.016887
v -0.028562 -0.018030 -0.006677
v 0.016927 -0.018004 -0.023842
v 0.016973 -0.029587 -0.023447
v 0.022005 -0.018406 -0.023149
v 0.021217 -0.017867 -0.024596
v 0.019602 -0.018395 -0.024340
v 0.018866 -0.029195 -0.024170
v 0.020919 -0.029197 -0.023966
v 0.022633 -0.029375 -0.021919
v 0.022370 -0.029280 -0.018976
v 0.020052 -0.029838 -0.023794
v 0.022169 -0.029853 -0.021623
v 0.021878 -0.029853 -0.018858
v 0.023035 -0.028966 -0.017329
v 0.024126 -0.018074 -0.016544
v 0.022403 -0.018388 -0.018565
v 0.023744 -0.017824 -0.017755
v 0.022913 -0.018043 -0.021750
v 0.028880 -0.018100 -0.014083
v 0.027364 -0.018077 -0.015974
v 0.026997 -0.029700 -0.015727
v 0.028546 -0.029676 -0.013943
v 0.028808 -0.018018 0.004801
v 0.024022 -0.029626 -0.016264
v 0.028552 -0.029769 -0.005142
v 0.023541 -0.018358 0.017470
v 0.024078 -0.017893 0.017411
v 0.023028 -0.029834 0.017510
v 0.023998 -0.029249 0.018289
v 0.023592 -0.029308 0.016786
v 0.026295 -0.018072 0.020930
v 0.025804 -0.029432 0.020243
v 0.026030 -0.029209 0.022250
v 0.025779 -0.018090 0.023228
v 0.023613 -0.018019 0.024401
v 0.023529 -0.029396 0.024129
v 0.021476 -0.018409 0.023804
v 0.024629 -0.029787 0.023579
v 0.025665 -0.029870 0.021169
v 0.021193 -0.029671 0.023616
v 0.019571 -0.029703 0.024332
v 0.019018 -0.029329 0.025316
v 0.015641 -0.029900 0.024401
v 0.003577 -0.029584 0.028744
v 0.017518 -0.029873 0.027833
v 0.017156 -0.029452 0.028609
v 0.018496 -0.029323 0.027382
v 0.019448 -0.018048 0.024963
v 0.018552 -0.018414 0.027400
v -0.004720 -0.017956 0.028774
v 0.017417 -0.017999 0.028871
v 0.021529 -0.017834 0.024554
v 0.019517 -0.017877 0.026972
v -0.012183 -0.018011 0.026336
v -0.016901 -0.018018 0.023756
v -0.016930 -0.029589 0.023419
v -0.025376 -0.018015 0.022771
v -0.021315 -0.018434 0.023988
v -0.021446 -0.017958 0.025002
v -0.028729 -0.018098 0.019121
v -0.020769 -0.029716 0.023781
v -0.024391 -0.029283 0.022982
v -0.026653 -0.029704 0.021242
v -0.028647 -0.029664 0.018905
v -0.024014 -0.029900 0.016155
v -0.028858 -0.029901 0.004016
v -0.002962 -0.035863 0.029024
v -0.029035 -0.035815 -0.001792
v 0.000212 -0.035807 -0.029149
v 0.012832 -0.035893 -0.026384
v 0.028808 -0.035799 0.004507
v -0.027111 -0.035782 0.010588
v -0.021882 -0.035869 0.019034
v -0.017204 -0.035878 0.023291
v -0.013982 -0.035848 0.025270
v 0.009206 -0.035764 0.027575
v 0.017560 -0.035877 0.023100
v 0.021988 -0.035600 0.018677
v 0.025468 -0.035862 0.013809
v 0.028079 -0.035769 -0.007569
v 0.022056 -0.035799 -0.018802
v 0.015010 -0.035880 -0.024836
v -0.012076 -0.035781 -0.026477
v -0.019981 -0.035870 -0.021034
v -0.025172 -0.035874 -0.014535
v -0.025905 -0.035866 -0.013258
v 0.022217 -0.035900 0.018871
v -0.016833 -0.035900 0.030620
v -0.013566 -0.035900 0.030227
v 0.031043 -0.035900 0.014795
v -0.030469 -0.035900 -0.017322
v -0.029935 -0.035900 -0.013161
v -0.026388 -0.035900 -0.018135
v -0.024544 -0.035900 0.023206
v -0.022813 -0.035900 0.022320
v -0.022504 -0.035900 0.024248
v -0.012727 -0.035900 0.027322
v -0.018496 -0.035900 0.027742
v -0.016921 -0.035900 0.025532
v 0.024098 -0.035900 0.022363
v 0.022252 -0.035900 0.022981
v 0.023407 -0.035900 0.024537
v 0.025613 -0.035900 0.017416
v 0.027780 -0.035900 0.012618
v 0.029162 -0.035900 0.018217
v 0.018316 -0.035900 -0.027130
v 0.017141 -0.035900 -0.030616
v 0.026865 -0.019900 0.018219
v 0.025181 -0.019900 0.016077
v 0.025924 -0.019900 0.013467
v 0.029465 -0.019900 0.012842
v 0.030647 -0.019900 0.017169
v 0.028572 -0.019900 0.017313
v 0.026263 -0.019900 0.015557
v 0.029388 -0.019900 0.014394
v 0.027361 -0.019900 0.014010
v 0.026717 -0.017900 0.016698
v 0.026591 -0.017900 0.014631
v 0.028120 -0.017900 0.013863
v 0.029779 -0.017900 0.015372
v 0.028580 -0.017900 0.017056
v -0.016928 -0.019900 0.030517
v -0.018507 -0.019900 0.027946
v -0.016268 -0.019900 0.025120
v -0.013157 -0.019900 0.026284
v -0.013307 -0.019900 0.030183
v -0.013775 -0.019900 0.028352
v -0.017356 -0.019900 0.028043
v -0.015275 -0.019900 0.026280
v -0.015579 -0.019900 0.029677
v -0.016522 -0.017900 0.029430
v -0.017056 -0.017900 0.027259
v -0.014441 -0.017900 0.026471
v -0.014324 -0.017900 0.029204
v -0.030528 -0.019900 -0.013680
v -0.030087 -0.019900 -0.017580
v -0.026539 -0.019900 -0.018206
v -0.025152 -0.019900 -0.015147
v -0.026689 -0.019900 -0.012910
v -0.029652 -0.019900 -0.014724
v -0.026763 -0.019900 -0.016747
v -0.026824 -0.019900 -0.014185
v -0.028820 -0.019900 -0.016984
v -0.028136 -0.017900 -0.013743
v -0.029741 -0.017900 -0.015940
v -0.027696 -0.017900 -0.017200
v -0.026263 -0.017900 -0.015490
v 0.014972 -0.019900 -0.025005
v 0.012699 -0.019900 -0.027451
v 0.013689 -0.019900 -0.030381
v 0.017265 -0.019900 -0.030424
v 0.018332 -0.019900 -0.026996
v 0.017309 -0.019900 -0.028039
v 0.013956 -0.019900 -0.027243
v 0.014971 -0.019900 -0.029762
v 0.015829 -0.019900 -0.026361
v 0.015937 -0.017900 -0.026385
v 0.014013 -0.017900 -0.027136
v 0.015007 -0.017900 -0.029830
v 0.017272 -0.017900 -0.027987
v 0.024532 -0.031856 0.023213
v 0.022510 -0.031857 0.024241
v 0.022819 -0.031892 0.022320
v 0.023317 -0.031284 0.023317
v -0.022759 -0.031888 0.022322
v -0.022338 -0.031896 0.023800
v -0.023765 -0.031889 0.024364
v -0.024317 -0.031892 0.022824
v -0.023317 -0.031284 0.023317
v 0.024084 -0.018103 -0.019792
v 0.025842 -0.018082 -0.020967
v 0.027137 -0.018105 -0.020079
v 0.026270 -0.018078 -0.017868
v 0.023007 -0.017975 -0.026085
v 0.020681 -0.018123 -0.027819
v 0.020100 -0.018127 -0.026313
v -0.023079 -0.018117 -0.026315
v -0.021445 -0.017918 -0.028583
v -0.022967 -0.018120 0.026064
v -0.020069 -0.018125 0.026475
v -0.022293 -0.018089 0.028142
v 0.023408 -0.017906 0.026293
v 0.022254 -0.017910 0.028426
v 0.027006 -0.018406 -0.018948
v 0.024397 -0.018417 -0.018187
v 0.025329 -0.022900 -0.017768
v 0.026259 -0.022900 -0.020791
v 0.026987 -0.022900 -0.018903
v 0.023964 -0.022900 -0.019261
v -0.021134 -0.018417 0.027931
v -0.021542 -0.022924 0.025233
v -0.022821 -0.022956 0.027533
v -0.020280 -0.022924 0.027223
v -0.021586 -0.023651 0.026656
v -0.020285 -0.018419 -0.027035
v -0.022196 -0.018450 -0.027929
v -0.021132 -0.018420 -0.025383
v -0.021542 -0.022924 -0.028079
v -0.022821 -0.022956 -0.025780
v -0.020280 -0.022924 -0.026089
v -0.021586 -0.023651 -0.026656
v 0.022605 -0.018436 0.027630
v 0.022283 -0.018432 0.025461
v 0.020582 -0.018406 0.025823
v 0.020534 -0.018430 0.027553
v 0.020287 -0.022909 0.026254
v 0.021112 -0.022908 0.027928
v 0.022645 -0.022903 0.027419
v 0.022375 -0.022936 0.025432
v 0.021586 -0.023651 0.026656
v 0.022283 -0.018432 -0.027851
v 0.021747 -0.018406 -0.025368
v 0.020287 -0.022909 -0.027059
v 0.021112 -0.022908 -0.025385
v 0.022645 -0.022903 -0.025893
v 0.022375 -0.022936 -0.027880
v 0.021586 -0.023651 -0.026656
v -0.001511 -0.039800 0.014237
v -0.001211 -0.039800 0.011002
v 0.001587 -0.039800 0.011493
v 0.001530 -0.039800 0.014144
v 0.001511 -0.037800 0.014237
v 0.001498 -0.037800 0.011387
v -0.001310 -0.037800 0.011059
v -0.001530 -0.037800 0.014144
v -0.003568 0.010649 0.029532
v -0.002882 0.001468 0.029684
v -0.015740 0.010766 0.025280
v -0.015080 0.001468 0.025730
v -0.024595 0.010658 0.016600
v -0.024490 0.001468 0.017020
v -0.029465 0.010756 0.004383
v -0.028387 0.001466 0.008591
v -0.028642 0.010680 -0.007803
v -0.029796 0.001468 -0.001271
v -0.024068 0.010772 -0.017316
v -0.026508 0.001468 -0.013665
v -0.018080 0.010770 -0.023596
v -0.020887 0.001466 -0.021057
v -0.005971 0.010758 -0.029185
v -0.012834 0.001468 -0.026921
v 0.006240 0.010680 -0.029022
v -0.003418 0.001480 -0.029503
v 0.006346 0.001472 -0.029116
v 0.017887 0.010755 -0.023730
v 0.014701 0.001466 -0.025759
v 0.025917 0.010750 -0.014710
v 0.022506 0.001468 -0.019568
v 0.029636 0.010686 -0.002220
v 0.027292 0.001466 -0.011610
v 0.029729 0.001476 -0.002009
v 0.027828 0.010685 0.010467
v 0.028753 0.001466 0.007274
v 0.022719 0.010765 0.019045
v 0.024875 0.001468 0.016451
v 0.017696 0.010784 0.023818
v 0.010048 0.010736 0.028014
v 0.015669 0.001468 0.025375
v 0.007041 0.001466 0.028811
v -0.022750 0.010810 0.019325
v 0.000204 -0.001000 0.030120
v -0.009575 -0.000994 0.028738
v -0.018066 -0.001000 0.024102
v -0.025014 -0.000994 0.017084
v -0.029876 -0.000994 0.005002
v -0.029215 -0.000994 -0.008005
v -0.023153 -0.000994 -0.019532
v -0.015703 -0.001000 -0.025703
v -0.007458 -0.000969 -0.029290
v 0.002085 -0.001004 -0.030114
v 0.012626 -0.000994 -0.027535
v 0.023020 -0.000994 -0.019688
v 0.029160 -0.000994 -0.008203
v 0.029909 -0.000994 0.004799
v 0.025129 -0.000994 0.016914
v 0.018390 -0.001000 0.023855
v 0.009769 -0.000994 0.028673
v 0.003173 -0.004206 0.030125
v -0.009769 -0.004206 0.028673
v -0.018390 -0.004200 0.023855
v -0.025129 -0.004206 0.016914
v -0.029909 -0.004206 0.004799
v -0.029160 -0.004206 -0.008203
v -0.023020 -0.004206 -0.019688
v -0.015354 -0.004200 -0.025914
v -0.006505 -0.004219 -0.029575
v 0.003374 -0.004190 -0.029943
v 0.012812 -0.004206 -0.027448
v 0.023153 -0.004206 -0.019532
v 0.029215 -0.004206 -0.008005
v 0.029876 -0.004206 0.005002
v 0.025014 -0.004206 0.017084
v 0.015529 -0.004206 0.026008
v 0.003158 -0.013824 0.030224
v -0.005863 -0.013849 0.029720
v -0.015208 -0.013884 0.026565
v -0.024160 -0.013835 0.018718
v -0.029188 -0.013853 0.008104
v -0.030353 -0.013826 -0.002237
v -0.026564 -0.013881 -0.015175
v -0.021436 -0.013858 -0.021439
v -0.014798 -0.013892 -0.026658
v -0.014373 -0.013890 -0.027283
v -0.003159 -0.013821 -0.030148
v 0.006354 -0.013829 -0.029759
v 0.014996 -0.013903 -0.026618
v 0.023247 -0.013860 -0.019587
v 0.027104 -0.013900 -0.014431
v 0.029782 -0.013857 -0.005566
v 0.030117 -0.013827 0.004502
v 0.026683 -0.013902 0.014854
v 0.020802 -0.013840 0.022150
v 0.014442 -0.013907 0.027016
v -0.024670 -0.013589 0.020246
v -0.025669 -0.013808 0.020778
v -0.026973 -0.013791 0.019576
v -0.025955 -0.013769 0.017831
v -0.026249 -0.007900 0.020490
v -0.026801 -0.007900 0.018827
v -0.025452 -0.007876 0.017934
v -0.024323 -0.007898 0.019818
v -0.025176 -0.007427 0.018941
v -0.027321 -0.007900 0.016686
v -0.026433 -0.007900 0.021692
v -0.031336 -0.007900 0.016934
v -0.028615 -0.007900 0.014325
v -0.029282 -0.007900 0.016085
v -0.023250 -0.007900 0.021511
v -0.031584 -0.007900 -0.002273
v -0.031382 -0.013900 0.016926
v -0.023225 -0.013900 0.021557
v -0.026365 -0.013900 0.021705
v -0.026805 -0.006362 0.014833
v -0.028064 -0.006351 0.014284
v -0.027577 -0.013924 0.014104
v -0.027063 -0.006147 0.016049
v -0.029358 -0.013900 0.016179
v -0.026885 -0.013900 0.016343
v -0.031395 -0.007900 -0.016636
v -0.031414 -0.013900 -0.016446
v -0.029440 -0.007900 -0.018849
v -0.029684 -0.013900 -0.018759
v -0.025209 -0.013900 -0.019366
v -0.025002 -0.007900 -0.019487
v -0.028210 -0.007900 -0.014270
v -0.027376 -0.007900 -0.016775
v -0.029430 -0.007900 -0.015395
v -0.027034 -0.006100 -0.015927
v -0.027616 -0.006347 -0.014314
v -0.027766 -0.013900 -0.014240
v -0.027958 -0.013900 -0.016917
v -0.029396 -0.013900 -0.015190
v -0.019331 -0.013900 0.025336
v -0.014173 -0.013900 0.028127
v -0.015425 -0.013900 0.029334
v -0.018759 -0.013900 0.029684
v -0.016953 -0.013900 0.028037
v -0.016446 -0.013900 0.031414
v 0.016878 -0.013900 0.031385
v 0.019420 -0.013900 0.025178
v 0.016541 -0.013900 0.027010
v 0.018903 -0.013900 0.029197
v 0.014663 -0.013900 0.029060
v 0.016406 -0.013900 0.029003
v 0.031257 -0.013900 0.017363
v 0.025373 -0.013900 0.019374
v 0.029190 -0.013900 0.016390
v 0.026829 -0.013900 0.016260
v 0.028487 -0.013900 0.014252
v 0.031322 -0.013900 -0.016973
v 0.026802 -0.013900 -0.016215
v 0.025107 -0.013900 -0.019445
v 0.029197 -0.013900 -0.018903
v 0.028606 -0.013900 -0.016713
v 0.029246 -0.013900 -0.014813
v 0.015021 -0.013900 -0.029188
v 0.014245 -0.013900 -0.028261
v 0.018890 -0.013900 -0.029219
v 0.016825 -0.013900 -0.027612
v 0.019369 -0.013900 -0.025212
v 0.016234 -0.013900 -0.029102
v 0.016878 -0.013900 -0.031385
v -0.017700 -0.013900 -0.031033
v -0.016425 -0.013900 -0.029026
v -0.014562 -0.013900 -0.028967
v -0.016650 -0.013900 -0.027292
v -0.019321 -0.013900 -0.025304
v -0.016636 -0.007900 0.031395
v -0.018849 -0.007900 0.029440
v -0.016641 -0.007900 0.027274
v -0.019525 -0.007900 0.024905
v -0.006772 -0.007900 0.030763
v -0.014307 -0.007900 0.028694
v -0.016406 -0.007900 0.029003
v 0.002842 -0.007900 0.031528
v 0.015723 -0.007900 0.029386
v 0.016807 -0.007900 0.027504
v 0.019434 -0.007900 0.025024
v 0.014222 -0.007900 0.028226
v 0.016390 -0.007900 0.031436
v 0.018760 -0.007900 0.029697
v -0.015911 -0.006065 0.027072
v -0.014368 -0.006334 0.027480
v -0.019434 -0.007900 -0.025024
v -0.016390 -0.007900 -0.031436
v -0.015729 -0.007900 -0.029421
v -0.016759 -0.007900 -0.027406
v 0.000590 -0.007900 -0.031626
v -0.018760 -0.007900 -0.029697
v -0.014298 -0.007900 -0.028423
v 0.016696 -0.007900 -0.031365
v 0.016582 -0.007900 -0.027205
v 0.019522 -0.007900 -0.024916
v 0.018849 -0.007900 -0.029440
v 0.016425 -0.007900 -0.029026
v 0.014311 -0.007900 -0.028673
v -0.016190 -0.006399 -0.026856
v -0.014473 -0.006137 -0.027745
v 0.025108 -0.007900 -0.019402
v 0.031607 -0.007900 -0.001183
v 0.030700 -0.007900 -0.018315
v 0.028577 -0.007900 -0.014266
v 0.029036 -0.007900 -0.016464
v 0.027037 -0.007900 -0.016447
v 0.029440 -0.007900 0.018849
v 0.031395 -0.007900 0.016636
v 0.029367 -0.007900 0.015550
v 0.028429 -0.007900 0.014288
v 0.024915 -0.007900 0.019525
v 0.027650 -0.007900 0.016894
v 0.026995 -0.006383 -0.014617
v 0.026941 -0.006407 -0.016247
v 0.027819 -0.005974 -0.014714
v 0.014842 -0.006371 -0.026799
v 0.014604 -0.006027 -0.027861
v 0.016255 -0.006400 -0.026980
v 0.014268 -0.006400 0.028079
v 0.014906 -0.006371 0.026765
v 0.015827 -0.005983 0.027191
v 0.026818 -0.006366 0.016034
v 0.027783 -0.006130 0.014488
v -0.016470 0.007807 0.026909
v -0.025900 0.007805 0.017956
v -0.002851 0.007810 0.031525
v 0.010869 0.007810 0.029779
v 0.019063 0.007810 0.025077
v 0.025981 0.007804 0.017848
v 0.030352 0.007810 0.008427
v 0.031576 0.007810 -0.002295
v 0.027585 0.007808 -0.015167
v 0.021662 0.007810 -0.022869
v 0.012508 0.007804 -0.028954
v 0.001936 0.007810 -0.031503
v -0.008752 0.007811 -0.030446
v -0.015459 0.007810 -0.027932
v -0.021662 0.007810 -0.022869
v -0.028006 0.007808 -0.014460
v -0.031454 0.007810 -0.002999
v -0.030787 0.007811 0.007297
v -0.019951 0.007810 0.026064
v -0.020897 0.007810 0.030999
v -0.027896 0.007810 0.015730
v -0.025083 0.007810 0.021018
v -0.027383 0.007810 0.019854
v -0.029170 0.007810 0.016810
v -0.023232 0.007810 0.027456
v -0.022084 0.007810 0.024986
v -0.031198 0.007810 0.020028
v -0.028023 0.007810 0.022667
v -0.020757 0.007810 0.028146
v -0.029656 0.007810 0.015541
v -0.025650 0.007810 0.023009
v -0.018914 0.010810 0.031393
v -0.024582 0.010810 0.027910
v -0.031200 0.010810 0.019819
v -0.022496 0.010810 0.028299
v -0.023042 0.010810 0.025809
v -0.021087 0.010810 0.024986
v -0.019901 0.010810 0.027072
v -0.026591 0.010810 0.023415
v -0.028385 0.010810 0.021364
v -0.026334 0.010810 0.019830
v -0.024984 0.010810 0.021621
v -0.029258 0.010810 0.015224
v -0.029551 0.010810 0.016647
v -0.027880 0.010810 0.016017
v -0.031297 0.010810 -0.019830
v -0.031132 0.007810 -0.020143
v -0.021032 0.007810 -0.030886
v -0.026234 0.010810 -0.026234
v -0.019587 0.010810 -0.031315
v 0.019715 0.010810 -0.031252
v 0.020143 0.007810 -0.031132
v 0.026234 0.010810 -0.026234
v 0.030903 0.007810 -0.021028
v 0.031198 0.010810 -0.020059
v 0.031198 0.007810 0.020058
v 0.021237 0.007810 0.030843
v 0.031247 0.010810 0.020114
v 0.026234 0.010810 0.026234
v 0.020235 0.010810 0.031169
v -0.023277 0.007810 -0.026438
v -0.025015 0.007810 -0.022174
v -0.016822 0.007810 -0.028572
v -0.021455 0.007810 -0.024875
v -0.026146 0.007810 -0.019875
v -0.028351 0.007810 -0.021178
v -0.027155 0.007810 -0.023256
v -0.021908 0.007810 -0.028412
v -0.019857 0.007810 -0.026878
v -0.015728 0.007810 -0.029832
v -0.026601 0.010810 -0.019914
v -0.028218 0.010810 -0.020901
v -0.027734 0.010810 -0.022907
v -0.025842 0.010810 -0.023046
v -0.024961 0.010810 -0.021178
v -0.021521 0.010810 -0.024826
v -0.023251 0.010810 -0.026510
v -0.021848 0.010810 -0.028468
v -0.019887 0.010810 -0.026807
v -0.016471 0.010810 -0.029755
v -0.016261 0.010810 -0.027989
v -0.015139 0.010810 -0.028747
v 0.023220 0.007810 -0.025937
v 0.025178 0.007810 -0.022435
v 0.029345 0.007810 -0.015137
v 0.027990 0.007810 -0.016275
v 0.028098 0.007810 -0.020532
v 0.027463 0.007810 -0.023178
v 0.019887 0.007810 -0.026807
v 0.021848 0.007810 -0.028468
v 0.020986 0.007810 -0.025060
v 0.025563 0.007810 -0.020221
v 0.029257 0.007810 -0.016775
v 0.020297 0.010810 -0.025482
v 0.020109 0.010810 -0.027381
v 0.021908 0.010810 -0.028412
v 0.023177 0.010810 -0.025658
v 0.025491 0.010810 -0.020356
v 0.025083 0.010810 -0.022153
v 0.027389 0.010810 -0.023303
v 0.027846 0.010810 -0.020201
v 0.027927 0.010810 -0.015914
v 0.029075 0.010810 -0.015180
v 0.029600 0.010810 -0.016677
v 0.020972 0.010810 0.025025
v 0.023024 0.010810 0.025756
v 0.020053 0.010810 0.027757
v 0.025015 0.010810 0.020997
v 0.026524 0.010810 0.023434
v 0.016949 0.010810 0.028666
v 0.015390 0.010810 0.028220
v 0.015476 0.010810 0.029642
v 0.022904 0.010810 0.027776
v 0.026788 0.010810 0.019929
v 0.028365 0.010810 0.021244
v 0.026053 0.007810 0.023177
v 0.021653 0.007810 0.024779
v 0.026716 0.007810 0.019889
v 0.028497 0.007810 0.021956
v 0.024947 0.007810 0.021244
v 0.023245 0.007810 0.027184
v 0.016724 0.007810 0.029445
v 0.021530 0.007810 0.028327
v 0.016227 0.007810 0.027976
v 0.015097 0.007810 0.029183
v 0.019896 0.007810 0.027068
v -0.018059 -0.030461 -0.015113
v -0.022590 -0.030466 -0.006677
v 0.020750 -0.030451 0.011089
v 0.023422 -0.030465 0.002500
v 0.022590 -0.030466 -0.006677
v 0.018059 -0.030461 -0.015113
v 0.012983 -0.030468 -0.019523
v -0.002314 -0.030452 -0.023414
v -0.010938 -0.030465 -0.020862
v -0.023422 -0.030465 0.002500
v -0.020750 -0.030451 0.011089
v 0.002519 -0.030472 0.023434
v 0.009018 -0.030468 0.021642
v 0.015094 -0.030465 0.018084
v -0.015094 -0.030465 0.018084
v -0.007002 -0.030466 0.022491
v 0.006646 -0.030465 -0.022598
v -0.002648 -0.037400 0.023536
v 0.010483 -0.037400 0.021389
v 0.019581 -0.037400 0.013216
v 0.023269 -0.037400 0.004061
v 0.022878 -0.037400 -0.005831
v 0.017982 -0.037400 -0.015367
v 0.009654 -0.037400 -0.021556
v -0.000000 -0.037400 -0.023624
v -0.009654 -0.037400 -0.021556
v -0.017982 -0.037400 -0.015367
v -0.022878 -0.037400 -0.005831
v -0.023269 -0.037400 0.004061
v -0.019581 -0.037400 0.013216
v -0.012462 -0.037400 0.020062
v 0.016178 -0.037350 -0.015378
v 0.010886 -0.037349 -0.019612
v 0.020139 -0.037349 -0.009878
v 0.022404 -0.037350 -0.001136
v 0.012814 -0.037349 0.018410
v 0.004515 -0.037349 0.021972
v -0.004515 -0.037349 0.021972
v -0.012814 -0.037349 0.018410
v 0.021034 -0.037348 0.007790
v 0.017650 -0.037350 0.013663
v -0.022174 -0.037350 0.003397
v -0.019036 -0.037348 0.011865
v -0.018942 -0.037350 -0.011807
v -0.014611 -0.037349 -0.017019
v -0.021715 -0.037349 -0.005623
v -0.002269 -0.037349 -0.022316
v 0.004493 -0.037350 -0.021863
v -0.008802 -0.037350 -0.020512
v -0.002269 -0.030450 -0.022318
v 0.006715 -0.030452 -0.021402
v 0.014611 -0.030451 -0.017019
v 0.018942 -0.030450 -0.011807
v 0.021715 -0.030451 -0.005623
v 0.022177 -0.030448 0.003397
v 0.019036 -0.030452 0.011865
v 0.012814 -0.030451 0.018410
v 0.004515 -0.030451 0.021972
v -0.004515 -0.030451 0.021972
v -0.012814 -0.030451 0.018410
v -0.017650 -0.030450 0.013663
v -0.021034 -0.030452 0.007790
v -0.022407 -0.030448 -0.001136
v -0.020139 -0.030451 -0.009878
v -0.016178 -0.030450 -0.015378
v -0.010886 -0.030451 -0.019612
v 0.008145 -0.030475 0.017605
v -0.004170 -0.030475 0.018944
v 0.015904 -0.030475 0.010783
v 0.018962 -0.030481 0.003108
v 0.006194 -0.030475 -0.018382
v -0.006194 -0.030475 -0.018382
v -0.014645 -0.030475 -0.012439
v -0.018962 -0.030481 0.003108
v -0.014784 -0.030475 0.012558
v 0.018515 -0.030475 -0.005141
v 0.014645 -0.030475 -0.012439
v -0.018515 -0.030475 -0.005141
v 0.003825 -0.030469 -0.017130
v -0.001906 -0.030482 -0.017528
v 0.008964 -0.030476 -0.015197
v 0.014627 -0.030461 -0.009917
v 0.017391 -0.030487 -0.002851
v 0.017044 -0.030472 0.004588
v 0.013465 -0.030464 0.011437
v 0.007403 -0.030482 0.016002
v -0.000017 -0.030462 0.017669
v -0.007430 -0.030484 0.015985
v -0.012109 -0.030469 0.012706
v -0.015516 -0.030476 0.008400
v -0.017310 -0.030475 0.002838
v -0.017391 -0.030487 -0.002851
v -0.014627 -0.030461 -0.009917
v -0.008964 -0.030476 -0.015197
v 0.001905 -0.037313 -0.017520
v 0.008980 -0.037328 -0.015196
v 0.013364 -0.037326 -0.011365
v 0.016371 -0.037313 -0.006523
v 0.017528 -0.037330 -0.000887
v 0.017041 -0.037324 0.004572
v 0.013469 -0.037339 0.011440
v 0.007400 -0.037313 0.015994
v 0.000017 -0.037338 0.017669
v -0.007373 -0.037316 0.016011
v -0.013469 -0.037339 0.011440
v -0.017041 -0.037324 0.004572
v -0.017528 -0.037330 -0.000887
v -0.016364 -0.037316 -0.006554
v -0.012139 -0.037338 -0.012839
v -0.005473 -0.037325 -0.016776
v 0.015904 -0.037325 0.010783
v 0.008145 -0.037325 0.017605
v -0.004170 -0.037325 0.018944
v -0.014784 -0.037325 0.012558
v 0.006194 -0.037325 -0.018382
v 0.014645 -0.037325 -0.012439
v 0.018515 -0.037325 -0.005141
v 0.018962 -0.037319 0.003108
v -0.018962 -0.037319 0.003108
v -0.018515 -0.037325 -0.005141
v -0.014645 -0.037325 -0.012439
v -0.006194 -0.037325 -0.018382
v -0.000814 -0.037800 -0.010825
v -0.000053 -0.038600 -0.010155
v -0.002082 -0.037800 -0.012568
v -0.002080 -0.038601 -0.012337
v -0.000768 -0.037800 -0.014787
v -0.002064 -0.038600 -0.014231
v 0.000770 -0.038600 -0.014954
v 0.001690 -0.037800 -0.013980
v 0.002076 -0.038601 -0.012260
v 0.001709 -0.037800 -0.011398
v 0.000814 -0.038600 -0.010825
v 0.000854 -0.037800 -0.011781
v 0.000653 -0.037800 -0.013755
v -0.001346 -0.037800 -0.012872
v -0.000854 -0.036700 -0.011781
v -0.000653 -0.036700 -0.013755
v 0.001346 -0.036700 -0.012872
v 0.002382 -0.038600 -0.013882
v 0.002935 -0.038733 -0.009310
v -0.002929 -0.038733 -0.009323
v -0.001960 -0.036700 -0.014872
v 0.002200 -0.036700 -0.014440
v 0.002608 -0.036986 -0.009850
v -0.002588 -0.036700 -0.009600
v 0.002494 -0.036986 -0.009524
v -0.002662 -0.037087 -0.009555
v 0.006275 -0.038800 0.007497
v 0.009785 -0.038800 0.001701
v 0.007685 -0.038800 -0.006300
v 0.002623 -0.037072 0.009512
v 0.007164 -0.037112 0.006341
v 0.009529 -0.037112 0.000856
v 0.007699 -0.037107 -0.005876
v 0.002626 -0.036864 0.009677
v -0.006143 -0.038800 -0.007504
v -0.007164 -0.037112 -0.006341
v -0.009632 -0.038800 -0.002351
v -0.009529 -0.037112 -0.000856
v -0.008071 -0.038800 0.005760
v -0.007699 -0.037107 0.005876
v -0.002901 -0.038700 0.009361
v -0.002668 -0.037104 0.009555
v 0.004771 -0.037050 -0.006699
v -0.002018 -0.037050 -0.007973
v 0.001144 -0.037050 0.008145
v -0.006190 -0.037050 0.005620
v -0.007865 -0.037050 -0.002836
v 0.007972 -0.037050 -0.001533
v -0.002571 -0.036827 0.009574
v 0.006948 -0.037050 0.004401
v -0.001144 -0.039250 0.008145
v -0.006948 -0.039250 0.004401
v -0.007972 -0.039250 -0.001533
v -0.004771 -0.039250 -0.006699
v 0.002018 -0.039250 -0.007973
v 0.007865 -0.039250 -0.002836
v 0.006190 -0.039250 0.005620
v -0.000834 -0.039346 -0.000729
v 0.000955 -0.039363 0.000572
v 0.000681 -0.039347 -0.000950
v -0.001004 -0.039354 0.000469
v 0.000155 -0.039338 0.001101
v 0.000438 -0.039865 0.009714
v -0.003027 -0.039769 -0.009459
v -0.003121 -0.039755 0.009353
v 0.004391 -0.039778 -0.009051
v 0.009749 -0.039769 -0.002533
v 0.008717 -0.039761 0.004786
v 0.004969 -0.039784 0.008498
v -0.008548 -0.039870 0.005324
v -0.009625 -0.039930 -0.000699
v -0.008240 -0.039816 -0.005575
v -0.002145 -0.038601 0.011831
v 0.002758 -0.038645 0.009495
v 0.001960 -0.036700 0.014872
v 0.002148 -0.038600 0.014481
v -0.000200 -0.038600 0.015159
v -0.002200 -0.036700 0.014440
v -0.002382 -0.038600 0.013882
v 0.001346 -0.036700 0.012628
v -0.000854 -0.036700 0.013719
v -0.000653 -0.036700 0.011745
v 0.000932 -0.038600 0.010822
v 0.002082 -0.038600 0.012932
v -0.000814 -0.037800 0.014675
v -0.002082 -0.037800 0.012932
v -0.000768 -0.037800 0.010713
v 0.001690 -0.037800 0.011520
v 0.001709 -0.037800 0.014102
v -0.001346 -0.037800 0.012628
v 0.000653 -0.037800 0.011745
v 0.000854 -0.037800 0.013719
v 0.004344 -0.043482 0.001911
v 0.002058 -0.043460 -0.004077
v -0.003891 -0.043473 -0.002617
v -0.003992 -0.043452 0.001806
v -0.000294 -0.043180 0.004784
v -0.005573 -0.042509 0.001310
v -0.009162 -0.040155 0.000965
v -0.005564 -0.042514 -0.001387
v -0.001644 -0.040853 0.008023
v 0.001524 -0.042260 0.005904
v 0.001115 -0.043318 0.000335
v -0.000265 -0.043354 0.001061
v -0.000572 -0.043360 -0.000947
v 0.000755 -0.043366 -0.000869
v -0.001112 -0.043337 0.000090
v 0.000093 -0.043055 0.004201
v 0.001659 -0.041321 0.004200
v 0.000062 -0.040104 0.004200
v -0.001718 -0.041364 0.004200
v 0.000462 -0.042543 0.004200
v 0.000984 -0.040943 0.004200
v -0.001098 -0.041624 0.004200
v -0.004200 -0.040542 -0.001091
v -0.004200 -0.042907 -0.000851
v -0.004200 -0.041967 0.001252
v -0.004200 -0.040113 0.000962
v -0.004200 -0.040337 0.000063
v -0.004200 -0.042539 -0.000362
v 0.001055 -0.041592 -0.000051
v 0.000346 -0.042453 0.000977
v -0.000715 -0.042239 0.000755
v -0.000852 -0.040758 0.000836
v 0.000599 -0.040527 0.000891
v -0.001065 -0.040366 -0.000404
v -0.000120 -0.041803 -0.001049
v -0.001044 -0.042518 0.000093
v 0.011353 -0.033789 -0.009760
v 0.011036 -0.033791 -0.011716
v 0.009066 -0.033786 -0.011351
v 0.009511 -0.033790 -0.009486
v 0.010246 -0.033049 -0.010610
v 0.010386 -0.038635 -0.012120
v 0.011663 -0.038646 -0.010835
v 0.011089 -0.038638 -0.009430
v 0.009351 -0.038384 -0.009595
v 0.008772 -0.038664 -0.010901
v 0.010617 -0.038808 -0.008455
v -0.014515 -0.038764 0.011835
v -0.017887 -0.038781 0.004766
v -0.018584 -0.038771 -0.001370
v -0.016417 -0.038764 -0.008847
v -0.012714 -0.038783 -0.013422
v -0.005399 -0.038760 -0.018035
v 0.006175 -0.038771 -0.017690
v 0.012562 -0.038748 0.013732
v 0.005915 -0.038782 0.017686
v -0.006696 -0.038714 -0.007199
v -0.009685 -0.038739 -0.001534
v -0.005671 -0.038680 0.007789
v -0.008726 -0.038726 0.004261
v -0.004532 -0.038768 0.018320
v 0.003051 -0.038802 0.009429
v 0.002064 -0.038800 0.015017
v 0.006911 -0.038649 0.006766
v 0.009368 -0.038710 0.002631
v 0.009524 -0.038726 -0.002159
v 0.007467 -0.038668 -0.006084
v 0.000107 -0.038800 -0.015768
v 0.014286 -0.038781 -0.011999
v 0.010114 -0.038800 0.009835
v 0.008272 -0.038800 0.009007
v 0.010408 -0.038800 0.012322
v 0.006091 -0.038800 0.010972
v 0.007887 -0.038800 0.013302
v 0.012157 -0.038800 -0.003273
v 0.017848 -0.038800 -0.004091
v 0.015201 -0.038800 -0.003520
v 0.018638 -0.038729 -0.000719
v 0.012449 -0.038800 0.000066
v 0.017285 -0.038778 0.007097
v 0.015942 -0.038800 -0.000460
v 0.007724 -0.038800 -0.013120
v 0.005930 -0.038800 -0.015065
v 0.002800 -0.038800 -0.013381
v 0.003267 -0.038800 -0.012606
v 0.005650 -0.038800 -0.010557
v 0.003106 -0.038785 -0.009372
v -0.006577 -0.038800 -0.009689
v -0.002629 -0.038800 -0.013743
v -0.007070 -0.038800 -0.012963
v -0.009719 -0.038800 -0.012984
v -0.010311 -0.038800 -0.009691
v -0.011728 -0.038800 0.001007
v -0.012307 -0.038800 0.003117
v -0.014465 -0.038800 0.003922
v -0.016090 -0.038800 0.001752
v -0.014399 -0.038800 -0.000554
v -0.010377 -0.038851 0.008556
v -0.011525 -0.038641 0.011406
v -0.011225 -0.038582 0.009563
v -0.008876 -0.038647 0.011030
v -0.009891 -0.038628 0.011982
v -0.009223 -0.038731 0.009496
v -0.003084 -0.038809 0.009396
v -0.003231 -0.038800 0.012265
v -0.007613 -0.038800 0.013916
v -0.006128 -0.038800 0.010700
v -0.004461 -0.038800 0.014872
v -0.002250 -0.038800 0.014760
v 0.011838 -0.038800 0.008453
v 0.013072 -0.038800 0.005727
v 0.010475 -0.038800 0.004223
v 0.008966 -0.038800 0.007036
v 0.013065 -0.038800 -0.007184
v 0.012358 -0.038800 -0.004767
v 0.009017 -0.038800 -0.007179
v 0.010071 -0.038800 -0.004435
v -0.010032 -0.038800 -0.008261
v -0.012354 -0.038800 -0.007989
v -0.013033 -0.038800 -0.005503
v -0.008989 -0.038800 -0.005645
v -0.010946 -0.038800 -0.004326
v -0.012266 -0.038800 0.008021
v -0.013144 -0.038800 0.005776
v -0.008988 -0.038800 0.006476
v -0.010331 -0.038800 0.004260
v -0.003062 -0.038778 -0.009401
v -0.003091 -0.036700 0.009273
v 0.003179 -0.036700 0.009182
v -0.001952 -0.036700 0.015190
v 0.002399 -0.036700 0.014478
v 0.001152 -0.036700 0.013257
v -0.000898 -0.036700 0.013632
v -0.000238 -0.036700 0.011449
v -0.003175 -0.036700 -0.009194
v 0.002626 -0.036700 -0.013757
v 0.000801 -0.036700 -0.015501
v -0.002417 -0.036700 -0.014464
v -0.008985 -0.030950 0.004221
v -0.005264 -0.030950 0.008213
v -0.009899 -0.030950 -0.000394
v -0.008712 -0.030950 -0.004625
v -0.004934 -0.030950 -0.008567
v 0.007568 -0.030950 -0.006161
v 0.004344 -0.030950 -0.008750
v 0.009461 -0.030950 -0.002409
v 0.009592 -0.030950 0.001829
v 0.007915 -0.030950 0.005722
v 0.003832 -0.030950 0.009092
v 0.000385 -0.030950 -0.009806
v 0.003023 -0.036700 -0.009372
v -0.001443 -0.030950 0.009707
v 0.000854 -0.036700 -0.011781
v -0.001346 -0.036700 -0.012872
v 0.000653 -0.036700 -0.013755
v 0.009069 -0.036700 0.007419
v 0.011698 -0.036700 0.008362
v 0.013103 -0.036700 0.006719
v 0.012142 -0.036700 0.004548
v 0.009782 -0.036700 0.004707
v 0.010280 -0.036700 0.007456
v 0.012260 -0.036700 0.006529
v 0.010718 -0.036700 0.005125
v 0.010378 -0.035250 0.008107
v 0.011443 -0.035250 0.007568
v 0.012058 -0.035250 0.005687
v 0.010318 -0.035250 0.005420
v 0.008953 -0.035250 0.006800
v 0.010074 -0.035250 0.004476
v 0.012613 -0.035250 0.004937
v 0.012754 -0.035250 0.007722
v 0.008691 -0.029193 0.005404
v 0.008937 -0.029382 0.007429
v 0.011162 -0.029256 0.008741
v 0.013035 -0.029331 0.007471
v 0.012934 -0.029318 0.005104
v 0.011127 -0.029337 0.004118
v 0.010074 -0.036700 -0.004476
v 0.012949 -0.036700 -0.005180
v 0.011835 -0.036700 -0.008458
v 0.008966 -0.036700 -0.007036
v 0.009786 -0.036700 -0.005875
v 0.011443 -0.036700 -0.007568
v 0.012058 -0.036700 -0.005687
v 0.010718 -0.035250 -0.005125
v 0.012260 -0.035250 -0.006529
v 0.010280 -0.035250 -0.007456
v 0.012424 -0.035250 -0.004566
v 0.012663 -0.035250 -0.007758
v 0.010149 -0.035250 -0.008303
v 0.008969 -0.035250 -0.005547
v 0.009398 -0.029315 -0.004845
v 0.011466 -0.029329 -0.004119
v 0.013228 -0.029357 -0.005864
v 0.012249 -0.029255 -0.008448
v 0.010692 -0.029661 -0.008439
v 0.008877 -0.029352 -0.007251
v 0.001346 -0.035250 -0.012872
v -0.000653 -0.035250 -0.013755
v -0.000854 -0.035250 -0.011781
v 0.002123 -0.035250 -0.012794
v -0.000081 -0.035250 -0.010463
v -0.002116 -0.035250 -0.012941
v 0.000079 -0.035250 -0.014980
v 0.001874 -0.029703 -0.011551
v 0.001540 -0.029346 -0.014391
v -0.001105 -0.029345 -0.014786
v -0.002206 -0.029380 -0.012412
v -0.000751 -0.029233 -0.010555
v 0.002459 -0.029155 -0.011577
v -0.009069 -0.036700 -0.007419
v -0.012362 -0.036700 -0.008174
v -0.012892 -0.036700 -0.005404
v -0.010331 -0.036700 -0.004260
v -0.010718 -0.036700 -0.005125
v -0.012260 -0.036700 -0.006529
v -0.010280 -0.036700 -0.007456
v -0.010378 -0.035250 -0.008107
v -0.011443 -0.035250 -0.007568
v -0.012058 -0.035250 -0.005687
v -0.010318 -0.035250 -0.005420
v -0.008953 -0.035250 -0.006800
v -0.010074 -0.035250 -0.004476
v -0.012754 -0.035250 -0.007722
v -0.012613 -0.035250 -0.004937
v -0.009278 -0.029334 -0.005033
v -0.008937 -0.029382 -0.007429
v -0.011161 -0.029254 -0.008743
v -0.013035 -0.029331 -0.007471
v -0.012931 -0.029326 -0.005107
v -0.011127 -0.029337 -0.004118
v -0.008989 -0.036700 0.005645
v -0.010951 -0.036700 0.004323
v -0.013034 -0.036700 0.005499
v -0.012362 -0.036700 0.007989
v -0.010024 -0.036700 0.008252
v -0.009786 -0.036700 0.005875
v -0.011443 -0.036700 0.007568
v -0.012058 -0.036700 0.005687
v -0.010718 -0.035250 0.005125
v -0.012260 -0.035250 0.006529
v -0.010280 -0.035250 0.007456
v -0.012424 -0.035250 0.004566
v -0.008969 -0.035250 0.005547
v -0.012663 -0.035250 0.007758
v -0.010149 -0.035250 0.008303
v -0.009398 -0.029315 0.004845
v -0.011467 -0.029323 0.004115
v -0.013233 -0.029346 0.005862
v -0.012249 -0.029258 0.008446
v -0.010692 -0.029661 0.008439
v -0.008877 -0.029352 0.007251
v -0.003525 -0.029850 0.009249
v 0.001653 -0.029850 0.009695
v -0.008159 -0.029850 0.005597
v -0.009812 -0.029850 0.001440
v -0.009074 -0.029850 -0.004299
v -0.004423 -0.029850 -0.008781
v -0.000327 -0.029850 -0.009827
v 0.004611 -0.029850 -0.008773
v 0.008893 -0.029850 -0.004226
v 0.009917 -0.029850 0.001112
v 0.007226 -0.029850 0.006971
v -0.005853 -0.029150 0.007594
v -0.009837 -0.029150 0.000925
v -0.005670 -0.029150 -0.008017
v 0.000974 -0.029150 -0.009538
v 0.006453 -0.029150 -0.007122
v 0.009436 -0.029150 -0.001879
v 0.006500 -0.029150 0.007047
v -0.001346 -0.035250 0.012872
v 0.000653 -0.035250 0.013755
v 0.000854 -0.035250 0.011781
v 0.002116 -0.035250 0.012941
v 0.000081 -0.035250 0.010463
v -0.002123 -0.035250 0.012794
v -0.000079 -0.035250 0.014980
v -0.001874 -0.029703 0.011551
v -0.001540 -0.029346 0.014391
v 0.001100 -0.029361 0.014779
v 0.002206 -0.029380 0.012412
v 0.000855 -0.029660 0.010845
v 0.000314 -0.029133 0.009915
v -0.002450 -0.029165 0.011581
v -0.009322 -0.029232 -0.014929
v -0.014440 -0.029192 -0.009576
v -0.015464 -0.029218 0.008383
v -0.008875 -0.029197 0.015069
v 0.000287 -0.029212 0.017642
v 0.009156 -0.029197 0.014900
v 0.015743 -0.029213 0.007861
v 0.014240 -0.029192 -0.009870
v 0.008823 -0.029232 -0.015229
v -0.000225 -0.029224 -0.017485
v 0.017320 -0.029209 -0.003211
v -0.017414 -0.029211 -0.002632
v -0.005408 -0.030795 0.015080
v -0.007649 -0.030782 0.013556
v -0.006265 -0.030787 0.010749
v -0.003690 -0.030795 0.011605
v -0.003506 -0.030791 0.013851
v -0.005470 -0.029538 0.012887
v -0.011036 -0.033791 0.011716
v -0.011353 -0.033789 0.009760
v -0.009511 -0.033790 0.009486
v -0.009066 -0.033786 0.011351
v -0.010246 -0.033049 0.010610
v -0.013800 -0.030765 0.004106
v -0.016165 -0.030775 0.001149
v -0.013651 -0.030805 -0.000478
v -0.011654 -0.030784 0.001270
v -0.013896 -0.029538 0.001706
v -0.010709 -0.030760 -0.010471
v -0.008697 -0.030800 -0.013451
v -0.006290 -0.030791 -0.011842
v -0.007403 -0.030783 -0.009142
v -0.008425 -0.029538 -0.011181
v 0.004403 -0.030796 -0.011014
v 0.003205 -0.030773 -0.013447
v 0.006153 -0.030794 -0.015072
v 0.007621 -0.030797 -0.013063
v 0.006678 -0.030791 -0.011006
v 0.005470 -0.029538 -0.012887
v 0.012568 -0.030784 0.000152
v 0.012065 -0.030776 -0.003151
v 0.015574 -0.030762 -0.003374
v 0.015480 -0.030791 -0.000129
v 0.013896 -0.029538 -0.001706
v 0.006374 -0.030791 0.012069
v 0.006744 -0.030797 0.009828
v 0.008841 -0.030791 0.008998
v 0.010579 -0.030795 0.010765
v 0.009241 -0.030770 0.013361
v 0.008425 -0.029538 0.011181
v 0.005293 -0.037600 0.016777
v 0.013213 -0.037600 0.011864
v 0.017302 -0.037600 0.003182
v 0.017039 -0.037600 -0.004376
v 0.013626 -0.037600 -0.011126
v 0.007695 -0.037600 -0.015819
v -0.001427 -0.037599 -0.017690
v -0.010372 -0.037600 -0.014209
v -0.015380 -0.037600 -0.008540
v -0.017751 -0.037600 0.000473
v -0.014697 -0.037600 0.010443
v -0.004294 -0.037600 0.017231
v 0.006347 -0.037600 0.017694
v 0.014795 -0.037600 0.011882
v 0.017830 -0.038091 -0.006132
v 0.014088 -0.037600 -0.012445
v 0.007561 -0.037600 -0.017211
v -0.018912 -0.037600 0.001548
v -0.011063 -0.037600 0.015417
v 0.018606 -0.037600 0.002681
v -0.000365 -0.037600 -0.018795
v -0.010227 -0.037600 -0.015984
v -0.016776 -0.037600 -0.008481
v -0.001669 -0.037600 0.018724
v 0.019353 -0.031331 0.017380
v 0.020618 -0.031677 0.017274
v 0.019416 -0.031655 0.015993
v 0.020446 -0.037400 0.017469
v 0.019166 -0.037400 0.017514
v 0.019165 -0.037400 0.016235
v 0.020361 -0.037400 0.016271
v 0.003862 -0.037352 -0.027020
v 0.018567 -0.037329 0.015040
v 0.024067 -0.037400 0.001094
v 0.023472 -0.037454 0.006975
v 0.022277 -0.037337 0.008579
v 0.023389 -0.037440 -0.006710
v 0.008567 -0.037363 -0.022301
v 0.004764 -0.037310 -0.024730
v 0.003014 -0.037291 -0.024976
v 0.001101 -0.037402 -0.024059
v -0.006711 -0.037444 -0.023390
v -0.001184 -0.037381 -0.023985
v -0.024067 -0.037400 -0.001094
v -0.023472 -0.037454 -0.006975
v -0.022277 -0.037337 -0.008579
v -0.023390 -0.037444 0.006711
v -0.008572 -0.037340 0.022283
v 0.001568 -0.037435 0.026833
v -0.004763 -0.037304 0.024755
v -0.006974 -0.037445 0.023472
v -0.003170 -0.037270 0.024850
v -0.001094 -0.037400 0.024067
v -0.013273 -0.037400 0.024209
v -0.005116 -0.037294 0.026433
v -0.003184 -0.037269 0.026499
v -0.016271 -0.037400 0.020361
v -0.014089 -0.037456 0.020145
v -0.016235 -0.037400 0.019165
v -0.015040 -0.037329 0.018567
v -0.017469 -0.037400 0.020446
v -0.020960 -0.037400 0.017803
v -0.017514 -0.037400 0.019166
v -0.026041 -0.037400 0.009039
v -0.020132 -0.037467 0.013999
v -0.025119 -0.037400 0.001597
v -0.026222 -0.037400 0.002992
v -0.026461 -0.037400 0.001356
v -0.027485 -0.037401 -0.002436
v -0.025547 -0.037400 -0.010179
v -0.019166 -0.037400 -0.017514
v -0.014257 -0.037401 -0.023696
v -0.018530 -0.037331 -0.015033
v -0.019165 -0.037400 -0.016235
v -0.020145 -0.037456 -0.014089
v -0.020361 -0.037400 -0.016271
v -0.020519 -0.037429 -0.017489
v -0.013997 -0.037452 -0.020130
v -0.001356 -0.037400 -0.026461
v -0.002747 -0.037400 -0.025474
v -0.001597 -0.037400 -0.025119
v -0.002536 -0.037441 -0.026804
v 0.011622 -0.037401 -0.025122
v 0.005149 -0.037232 -0.026263
v 0.016271 -0.037400 -0.020361
v 0.017469 -0.037400 -0.020446
v 0.016235 -0.037400 -0.019165
v 0.014833 -0.037445 -0.019564
v 0.018705 -0.037387 -0.015056
v 0.017514 -0.037400 -0.019166
v 0.025547 -0.037400 -0.010179
v 0.020587 -0.037400 -0.018486
v 0.020154 -0.037420 -0.013397
v 0.025119 -0.037400 -0.001597
v 0.027013 -0.037447 -0.001659
v 0.026222 -0.037400 -0.002992
v 0.020145 -0.037456 0.014089
v 0.025290 -0.037400 0.010859
v 0.018035 -0.037400 0.020846
v 0.014000 -0.037469 0.020133
v 0.008787 -0.037400 0.026079
v 0.003003 -0.037400 0.026114
v 0.001186 -0.037386 0.023983
v 0.001596 -0.037400 0.025120
v 0.006711 -0.037442 0.023389
v 0.005869 -0.032400 0.022820
v 0.001350 -0.032401 0.023766
v -0.000715 -0.032401 0.024447
v -0.006060 -0.032401 0.023020
v -0.008200 -0.032401 0.023146
v -0.015049 -0.032401 0.018772
v -0.013694 -0.032401 0.020189
v -0.018434 -0.032401 0.015062
v -0.018492 -0.037344 0.015028
v -0.020193 -0.032401 0.013829
v -0.022270 -0.037350 0.008602
v -0.022426 -0.032401 0.008545
v -0.022820 -0.032400 0.005869
v -0.023495 -0.032400 0.007830
v -0.023766 -0.032401 0.001350
v -0.023985 -0.037381 0.001184
v -0.024457 -0.032401 -0.000693
v -0.022261 -0.032401 -0.008607
v -0.023537 -0.032401 -0.006965
v -0.018772 -0.032401 -0.015049
v -0.020190 -0.032401 -0.013634
v -0.015062 -0.032401 -0.018434
v -0.015027 -0.037332 -0.018484
v -0.013932 -0.032401 -0.020228
v -0.008541 -0.032401 -0.022428
v -0.008594 -0.037360 -0.022279
v -0.006751 -0.032401 -0.023426
v -0.001350 -0.032401 -0.023766
v 0.000638 -0.032401 -0.024548
v 0.006060 -0.032401 -0.023020
v 0.006975 -0.037449 -0.023472
v 0.008237 -0.032401 -0.023029
v 0.012624 -0.032400 -0.019874
v 0.012922 -0.037314 -0.019998
v 0.015049 -0.032401 -0.018772
v 0.014720 -0.032400 -0.019964
v 0.018434 -0.032401 -0.015062
v 0.020203 -0.032401 -0.013785
v 0.022270 -0.037350 -0.008602
v 0.023242 -0.032401 -0.008049
v 0.022820 -0.032400 -0.005869
v 0.023989 -0.037390 -0.001181
v 0.023641 -0.032400 0.001426
v 0.024586 -0.032401 -0.000575
v 0.022261 -0.032401 0.008607
v 0.023457 -0.032401 0.006831
v 0.019874 -0.032400 0.012624
v 0.019916 -0.032400 0.014688
v 0.018132 -0.032400 0.014957
v 0.015062 -0.032401 0.018434
v 0.015028 -0.037344 0.018492
v 0.013799 -0.032401 0.020196
v 0.007867 -0.032400 0.023457
v 0.008622 -0.032400 0.021867
v 0.008595 -0.037357 0.022278
v 0.026764 -0.031694 -0.002252
v 0.026090 -0.031690 -0.001166
v 0.025313 -0.031340 -0.001882
v 0.025656 -0.031690 -0.002890
v 0.017380 -0.031331 -0.019353
v 0.015993 -0.031655 -0.019416
v 0.017274 -0.031677 -0.020618
v -0.002252 -0.031694 -0.026764
v -0.001166 -0.031690 -0.026090
v -0.001882 -0.031340 -0.025313
v -0.002890 -0.031690 -0.025656
v -0.019353 -0.031331 -0.017380
v -0.019416 -0.031655 -0.015993
v -0.020618 -0.031677 -0.017274
v -0.026764 -0.031694 0.002252
v -0.026090 -0.031690 0.001166
v -0.025313 -0.031340 0.001882
v -0.025656 -0.031690 0.002890
v -0.017380 -0.031331 0.019353
v -0.015993 -0.031655 0.019416
v -0.017274 -0.031677 0.020618
v -0.007019 -0.030400 0.023701
v -0.000139 -0.030400 0.024616
v -0.014216 -0.030400 0.020084
v -0.020400 -0.030400 0.014417
v -0.023284 -0.030400 0.008004
v -0.024808 -0.030400 -0.000074
v -0.023367 -0.030400 -0.007700
v -0.019871 -0.030400 -0.014786
v -0.013919 -0.030400 -0.020210
v -0.007765 -0.030400 -0.023476
v -0.000377 -0.030400 -0.024795
v 0.002687 -0.030400 -0.024704
v 0.007869 -0.030400 -0.023432
v 0.014113 -0.030400 -0.020187
v 0.015188 -0.030400 -0.019152
v 0.019537 -0.030400 -0.014956
v 0.023570 -0.030400 -0.007388
v 0.024661 -0.030400 -0.000097
v 0.023501 -0.030400 0.007251
v 0.020032 -0.030400 0.014552
v 0.015036 -0.030400 0.019550
v 0.007786 -0.030400 0.023522
v 0.009247 -0.035164 0.027445
v -0.003398 -0.035349 0.028703
v 0.019571 -0.035344 0.021157
v 0.026848 -0.035104 0.010725
v 0.027922 -0.035266 -0.007467
v 0.028708 -0.035235 0.001556
v 0.023796 -0.035235 -0.016134
v 0.017522 -0.035191 -0.022934
v 0.006226 -0.035283 -0.028283
v -0.006130 -0.035324 -0.028251
v -0.017497 -0.035182 -0.023016
v -0.025519 -0.035170 -0.013587
v -0.028371 -0.035235 -0.004651
v -0.028565 -0.035266 0.004404
v -0.023926 -0.035302 0.016379
v -0.015144 -0.035349 0.024562
v -0.002566 -0.017900 0.028787
v 0.013399 -0.017900 0.025951
v 0.019415 -0.017900 0.021375
v 0.026063 -0.017900 0.013261
v 0.028556 -0.017900 -0.005687
v 0.019771 -0.017900 -0.020872
v 0.005315 -0.017900 -0.028449
v -0.006759 -0.017900 -0.028099
v -0.019771 -0.017900 -0.020872
v -0.025170 -0.017900 -0.014584
v -0.026562 -0.017900 -0.012878
v -0.028708 -0.017900 0.001557
v -0.025838 -0.017900 0.013444
v -0.018852 -0.017900 0.021797
v -0.013532 -0.017900 0.025777
v -0.013990 -0.017900 -0.025519
v 0.025351 -0.017900 -0.013872
v 0.004102 -0.032381 -0.024542
v 0.003029 -0.032396 -0.025593
v 0.003907 -0.032384 -0.026796
v 0.005125 -0.032394 -0.025770
v 0.004067 -0.031799 -0.025680
v -0.004032 -0.032381 0.026818
v -0.005106 -0.032396 0.025767
v -0.004228 -0.032384 0.024564
v -0.003010 -0.032394 0.025590
v -0.004067 -0.031799 0.025680
v 0.002253 -0.031694 0.026762
v 0.001166 -0.031690 0.026090
v 0.001841 -0.031327 0.025342
v 0.002876 -0.031685 0.025557
v 0.025363 -0.017900 0.019346
v 0.029343 -0.017900 0.018842
v 0.031155 -0.017900 0.016537
v 0.030802 -0.017900 0.014840
v 0.018727 -0.017900 0.029777
v 0.017479 -0.017900 0.030244
v 0.015766 -0.017900 0.031316
v -0.016319 -0.017900 0.031463
v 0.016159 -0.017900 -0.031274
v 0.013021 -0.017900 -0.029415
v 0.018898 -0.017900 -0.029312
v 0.029777 -0.017900 -0.018727
v 0.031138 -0.017900 -0.016357
v -0.031167 -0.017900 -0.016025
v -0.029548 -0.017900 -0.013101
v -0.029705 -0.017900 -0.018741
v -0.028864 -0.017900 -0.018326
v -0.014887 -0.017900 -0.030899
v -0.018727 -0.017900 -0.029777
v -0.016321 -0.017900 -0.031273
v -0.017430 -0.017900 0.030369
v -0.018733 -0.017900 0.029702
v -0.013030 -0.017900 0.029833
v -0.031065 -0.017900 0.015302
v -0.031059 -0.017900 0.017103
v 0.012679 -0.017900 0.028712
v 0.019448 -0.017900 0.025089
v 0.018320 -0.017900 0.027322
v 0.016549 -0.017900 0.025265
v 0.025151 -0.017900 0.015900
v 0.027246 -0.017900 0.018478
v 0.029025 -0.017900 0.012783
v 0.025089 -0.017900 -0.019448
v 0.025871 -0.017900 -0.017455
v 0.028320 -0.017900 -0.018416
v 0.029738 -0.017900 -0.013043
v 0.016664 -0.017900 -0.025310
v 0.019321 -0.017900 -0.025369
v 0.017848 -0.017900 -0.029840
v 0.013169 -0.017900 -0.025973
v -0.012501 -0.017900 -0.028295
v -0.016572 -0.017900 -0.025212
v -0.019431 -0.017900 -0.025141
v -0.018449 -0.017900 -0.027944
v -0.025924 -0.017900 -0.017580
v -0.025264 -0.017900 -0.019355
v -0.018272 -0.017900 0.027149
v -0.016366 -0.017900 0.025203
v -0.019397 -0.017900 0.025105
v -0.025542 -0.017900 0.017612
v -0.028864 -0.017900 0.012721
v -0.023977 -0.017900 0.019216
v -0.026858 -0.017900 0.018384
v -0.023415 -0.017900 0.021482
v -0.026473 -0.017900 0.021701
v -0.026226 -0.017900 0.020814
v -0.023279 -0.013900 0.021536
v -0.031318 -0.013900 0.016961
v 0.019366 -0.013900 0.025198
v 0.025197 -0.013900 -0.019366
v -0.019344 -0.013900 -0.025277
v -0.017789 -0.013900 0.031007
v -0.019333 -0.013900 0.025237
v -0.031500 -0.013900 0.000000
v -0.031282 -0.013900 -0.017033
v -0.029102 -0.013900 -0.018915
v -0.025144 -0.013900 -0.019444
v 0.016255 -0.013900 -0.031464
v -0.018733 -0.013900 -0.029702
v -0.016390 -0.013900 -0.031436
v 0.018727 -0.013900 -0.029777
v 0.019410 -0.013900 -0.025212
v 0.031381 -0.013900 0.016845
v 0.030712 -0.013900 -0.018292
v 0.029080 -0.013900 0.018915
v 0.025203 -0.013900 0.019425
v 0.018733 -0.013900 0.029702
v 0.016319 -0.013900 0.031463
v -0.026384 -0.013900 0.021719
v -0.024033 -0.014259 0.019573
v -0.025262 -0.014079 0.017688
v -0.027276 -0.014039 0.019316
v -0.025845 -0.013996 0.020862
v -0.023549 -0.013934 0.018559
v -0.029444 -0.014800 0.018131
v -0.030907 -0.014800 0.015146
v -0.029027 -0.014800 0.012783
v -0.026064 -0.014800 0.013334
v -0.025359 -0.014800 0.017185
v -0.027879 -0.014800 0.017224
v -0.029836 -0.014800 0.015558
v -0.026220 -0.014800 0.015490
v -0.027946 -0.014800 0.013825
v -0.028834 -0.013900 0.017014
v -0.029562 -0.013900 0.014561
v -0.026678 -0.013900 0.014248
v -0.026791 -0.013900 0.016721
v -0.017489 -0.014800 0.030243
v -0.018106 -0.014800 0.026382
v -0.014682 -0.014800 0.025203
v -0.012523 -0.014800 0.027843
v -0.014208 -0.014800 0.030619
v -0.013646 -0.014800 0.027971
v -0.016153 -0.014800 0.029676
v -0.017164 -0.014800 0.027680
v -0.015836 -0.014800 0.026333
v -0.016352 -0.013900 0.029495
v -0.017164 -0.013900 0.027417
v -0.015487 -0.013900 0.026338
v -0.014468 -0.013900 0.029302
v -0.016075 -0.014800 -0.025005
v -0.018562 -0.014800 -0.028734
v -0.015304 -0.014800 -0.030923
v -0.012842 -0.014800 -0.029174
v -0.013092 -0.014800 -0.026465
v -0.013951 -0.014800 -0.028573
v -0.014518 -0.014800 -0.026582
v -0.016415 -0.014800 -0.026623
v -0.017233 -0.014800 -0.028347
v -0.015464 -0.014800 -0.029704
v -0.016013 -0.013900 -0.026372
v -0.017252 -0.013900 -0.028227
v -0.015584 -0.013900 -0.029699
v -0.013992 -0.013900 -0.028675
v -0.014275 -0.013900 -0.026785
v -0.029444 -0.014800 -0.012916
v -0.030907 -0.014800 -0.015901
v -0.028751 -0.014800 -0.018415
v -0.025026 -0.014800 -0.016465
v -0.026445 -0.014800 -0.013105
v -0.026277 -0.014800 -0.015745
v -0.028070 -0.014800 -0.013694
v -0.029715 -0.014800 -0.015865
v -0.027946 -0.014800 -0.017222
v -0.029294 -0.013900 -0.014350
v -0.029256 -0.013900 -0.016735
v -0.027407 -0.013900 -0.017065
v -0.026263 -0.013900 -0.015490
v -0.027432 -0.013900 -0.013982
v 0.028102 -0.014800 -0.012599
v 0.025273 -0.014800 -0.014325
v 0.026594 -0.014800 -0.018311
v 0.030591 -0.014800 -0.017016
v 0.030438 -0.014800 -0.013985
v 0.029294 -0.014800 -0.014350
v 0.027432 -0.014800 -0.013982
v 0.026263 -0.014800 -0.015490
v 0.027527 -0.014800 -0.017126
v 0.029342 -0.014800 -0.016582
v 0.028418 -0.013900 -0.013903
v 0.026559 -0.013900 -0.014540
v 0.027155 -0.013900 -0.017192
v 0.029784 -0.013900 -0.015683
v 0.014972 -0.014800 -0.025005
v 0.012486 -0.014800 -0.028734
v 0.016734 -0.014800 -0.030885
v 0.018332 -0.014800 -0.026996
v 0.017252 -0.014800 -0.028227
v 0.015458 -0.014800 -0.026176
v 0.015199 -0.014800 -0.029753
v 0.013852 -0.014800 -0.027970
v 0.014006 -0.013900 -0.026866
v 0.014599 -0.013900 -0.029396
v 0.015956 -0.013900 -0.029576
v 0.017233 -0.013900 -0.028347
v 0.016359 -0.013900 -0.026558
v 0.015947 -0.014800 0.030959
v 0.012463 -0.014800 0.028612
v 0.014783 -0.014800 0.025115
v 0.017890 -0.014800 0.026284
v 0.018230 -0.014800 0.028985
v 0.017401 -0.014800 0.027971
v 0.014894 -0.014800 0.029676
v 0.015211 -0.014800 0.026333
v 0.013883 -0.014800 0.027680
v 0.015579 -0.013900 0.029677
v 0.013962 -0.013900 0.028690
v 0.014926 -0.013900 0.026308
v 0.017354 -0.013900 0.028039
v 0.028102 -0.014800 0.018448
v 0.025273 -0.014800 0.016722
v 0.026594 -0.014800 0.012736
v 0.030591 -0.014800 0.014032
v 0.030438 -0.014800 0.017062
v 0.026791 -0.014800 0.016721
v 0.028834 -0.014800 0.017014
v 0.026805 -0.014800 0.014131
v 0.029611 -0.014800 0.014743
v 0.027095 -0.013900 0.017166
v 0.026702 -0.013900 0.014321
v 0.029115 -0.013900 0.014154
v 0.029508 -0.013900 0.016258
v 0.029950 -0.013900 0.004143
v 0.022880 -0.013900 0.019435
v -0.013938 -0.013900 0.027097
v 0.002054 -0.013900 0.030069
v 0.029024 -0.013900 -0.008059
v 0.007168 -0.013900 -0.029228
v -0.003074 -0.013900 -0.029860
v -0.023078 -0.013900 -0.019598
v -0.029024 -0.013900 -0.008059
v -0.029963 -0.013900 0.003934
v 0.009585 -0.010964 0.028445
v -0.002786 -0.010965 0.029829
v 0.020867 -0.011035 0.021542
v 0.025857 -0.010931 0.014887
v 0.029751 -0.011050 0.004209
v 0.029595 -0.010932 -0.003795
v 0.026269 -0.010971 -0.014431
v 0.020667 -0.010962 -0.021543
v 0.012177 -0.010967 -0.027384
v 0.000000 -0.010978 -0.029999
v -0.009532 -0.011010 -0.028290
v -0.018485 -0.010949 -0.023567
v -0.026515 -0.010978 -0.014057
v -0.029936 -0.010965 -0.001167
v -0.028613 -0.010958 0.008306
v -0.024589 -0.010980 0.017139
v -0.018923 -0.010944 0.023087
v -0.012189 -0.010954 0.027184
v -0.020029 -0.010956 0.013015
v -0.022892 -0.010829 -0.008286
v -0.023319 -0.010850 0.006557
v -0.008286 -0.010829 0.022892
v -0.023854 -0.010956 -0.001244
v 0.006557 -0.010850 0.023319
v -0.015028 -0.010949 0.018574
v 0.018567 -0.010956 0.015027
v 0.022892 -0.010829 0.008286
v 0.023854 -0.010956 0.001244
v -0.006557 -0.010850 -0.023319
v -0.024516 -0.010852 0.000494
v -0.013015 -0.010956 -0.020029
v -0.018567 -0.010956 -0.015027
v 0.013015 -0.010956 0.020029
v 0.008535 -0.010900 0.022437
v 0.023319 -0.010850 -0.006557
v 0.001244 -0.010956 -0.023854
v -0.014810 -0.010850 -0.019544
v 0.008286 -0.010829 -0.022892
v -0.001244 -0.010956 0.023854
v 0.020032 -0.010949 -0.013022
v 0.015027 -0.010956 -0.018567
v 0.000494 -0.010852 0.024516
v 0.006069 -0.015900 0.023024
v -0.001343 -0.015900 0.023773
v 0.000682 -0.015900 0.024502
v -0.006143 -0.010929 0.023071
v -0.005919 -0.015900 0.022860
v -0.007845 -0.015900 0.023461
v -0.008622 -0.015900 0.021867
v -0.014011 -0.010852 0.020124
v -0.015060 -0.015900 0.018443
v -0.013856 -0.015900 0.020222
v -0.019544 -0.010850 0.014810
v -0.020227 -0.015900 0.013883
v -0.018903 -0.015900 0.015038
v -0.022437 -0.010900 0.008535
v -0.023024 -0.015900 0.006069
v -0.023103 -0.015900 0.008209
v -0.023773 -0.015900 -0.001343
v -0.024618 -0.015900 0.000558
v -0.023071 -0.010929 -0.006143
v -0.023227 -0.015900 -0.008068
v -0.023379 -0.015900 -0.006650
v -0.021867 -0.015900 -0.008622
v -0.020124 -0.010852 -0.014011
v -0.018443 -0.015900 -0.015060
v -0.020228 -0.015900 -0.013844
v -0.014855 -0.015900 -0.019757
v -0.012625 -0.015900 -0.019873
v -0.008535 -0.010900 -0.022437
v -0.006069 -0.015900 -0.023024
v -0.008223 -0.015900 -0.023091
v -0.000494 -0.010852 -0.024516
v 0.001343 -0.015900 -0.023773
v -0.000610 -0.015900 -0.024599
v 0.006144 -0.010926 -0.023072
v 0.008537 -0.015900 -0.022437
v 0.006821 -0.015900 -0.023475
v 0.014011 -0.010850 -0.020125
v 0.014896 -0.015900 -0.019585
v 0.012864 -0.015900 -0.020000
v 0.019544 -0.010850 -0.014810
v 0.020189 -0.015900 -0.013647
v 0.018903 -0.015900 -0.015038
v 0.022437 -0.010900 -0.008535
v 0.023024 -0.015900 -0.006069
v 0.023232 -0.015900 -0.008148
v 0.024517 -0.010850 -0.000494
v 0.023773 -0.015900 0.001343
v 0.024512 -0.015900 -0.000663
v 0.023072 -0.010926 0.006144
v 0.022437 -0.015900 0.008537
v 0.023580 -0.015900 0.007065
v 0.020125 -0.010850 0.014011
v 0.018443 -0.015900 0.015060
v 0.020219 -0.015900 0.013885
v 0.014810 -0.010852 0.019544
v 0.014829 -0.015900 0.019713
v 0.012625 -0.015900 0.019873
v 0.008190 -0.015900 0.023203
v 0.000139 -0.017900 0.024616
v -0.007786 -0.017900 0.023522
v -0.015036 -0.017900 0.019550
v -0.019938 -0.017900 0.014574
v -0.023474 -0.017900 0.007891
v -0.024661 -0.017900 -0.000097
v -0.023570 -0.017900 -0.007388
v -0.019871 -0.017900 -0.014527
v -0.015188 -0.017900 -0.019152
v -0.014113 -0.017900 -0.020187
v -0.007869 -0.017900 -0.023432
v 0.000285 -0.017900 -0.024721
v 0.007765 -0.017900 -0.023476
v 0.013919 -0.017900 -0.020210
v 0.019871 -0.017900 -0.014786
v 0.023367 -0.017900 -0.007700
v 0.024808 -0.017900 -0.000074
v 0.020400 -0.017900 0.014417
v 0.014563 -0.017900 0.019944
v 0.008390 -0.017900 0.023161
v 0.012046 -0.030400 0.019488
v 0.008494 -0.030400 0.021017
v 0.009926 -0.030468 0.019476
v 0.013417 -0.030407 0.016856
v 0.017857 -0.030400 0.014896
v 0.001596 -0.030400 0.023504
v 0.019477 -0.030471 0.009926
v 0.000422 -0.030376 0.021442
v 0.003418 -0.030469 0.021586
v 0.005398 -0.030400 0.021893
v 0.006851 -0.030391 0.020362
v 0.020292 -0.030363 0.006730
v 0.022338 -0.030400 0.005538
v 0.017012 -0.030424 0.013254
v 0.023143 -0.030400 -0.001587
v 0.021586 -0.030469 -0.003418
v 0.022547 -0.030400 -0.005691
v -0.020556 -0.030376 0.006084
v -0.022967 -0.030400 0.001567
v -0.021586 -0.030467 0.003418
v -0.001710 -0.030400 0.022846
v -0.008299 -0.030400 0.020884
v -0.016861 -0.030431 0.013548
v -0.013310 -0.030394 0.016878
v -0.018963 -0.030400 0.015114
v -0.021017 -0.030400 0.008494
v -0.019476 -0.030468 0.009926
v 0.021930 -0.030400 0.008816
v -0.005583 -0.030400 0.021306
v -0.009927 -0.030482 0.019479
v -0.018605 -0.030400 0.011926
v -0.022887 -0.030400 0.005829
v 0.021443 -0.030379 -0.000423
v 0.022846 -0.030400 0.001710
v 0.019105 -0.030400 0.011839
v -0.008634 -0.030400 0.022093
v -0.012051 -0.030400 0.019411
v -0.021387 -0.030361 0.000253
v -0.020292 -0.030364 -0.006730
v 0.020726 -0.030422 -0.005962
v -0.015135 -0.030400 0.018851
v -0.022697 -0.030400 -0.005590
v -0.022685 -0.030400 -0.001563
v -0.019477 -0.030471 -0.009926
v -0.021747 -0.030400 -0.008761
v -0.015184 -0.030400 -0.018431
v 0.020412 -0.030400 -0.007673
v -0.007041 -0.030407 0.020332
v -0.020219 -0.030400 0.013251
v -0.019411 -0.030400 -0.012051
v 0.019784 -0.030400 -0.012269
v 0.022224 -0.030400 -0.008738
v -0.017294 -0.030400 -0.014491
v 0.001710 -0.030400 -0.022846
v 0.005534 -0.030400 -0.022335
v 0.003418 -0.030467 -0.021586
v -0.017388 -0.030376 -0.012563
v -0.005398 -0.030400 -0.021893
v -0.001567 -0.030400 -0.022967
v 0.008544 -0.030400 -0.021258
v 0.009926 -0.030468 -0.019476
v 0.006729 -0.030355 -0.020289
v 0.011829 -0.030400 -0.018909
v -0.015458 -0.030473 -0.015458
v 0.017413 -0.030369 -0.012494
v -0.013605 -0.030400 -0.017042
v -0.000422 -0.030376 -0.021442
v -0.011699 -0.030465 -0.018413
v -0.009927 -0.030479 -0.019478
v 0.013559 -0.030446 -0.016893
v 0.017286 -0.030400 -0.014418
v 0.015456 -0.030462 -0.015456
v -0.006850 -0.030391 -0.020362
v -0.008494 -0.030400 -0.021017
v 0.000224 -0.030400 -0.024549
v 0.006035 -0.028601 0.018781
v 0.011605 -0.028625 0.015981
v 0.015457 -0.030470 0.015457
v 0.009956 -0.027950 0.019545
v 0.011624 -0.027951 0.016018
v 0.005944 -0.027951 0.018825
v 0.003999 -0.027950 0.021226
v -0.000836 -0.027950 0.021704
v -0.001596 -0.027950 0.023504
v 0.000221 -0.027950 0.024552
v 0.001621 -0.027950 0.023208
v 0.000611 -0.027950 0.021556
v -0.008489 -0.027950 0.021015
v -0.007755 -0.027950 0.023464
v -0.005507 -0.027950 0.022227
v -0.006511 -0.027950 0.020388
v -0.014822 -0.027950 0.017622
v -0.014841 -0.027950 0.019401
v -0.013251 -0.027950 0.020219
v -0.011961 -0.027950 0.018776
v -0.012794 -0.027950 0.017174
v -0.018355 -0.027950 0.011878
v -0.020234 -0.027950 0.013364
v -0.018491 -0.027950 0.015232
v -0.017040 -0.027950 0.013501
v -0.021174 -0.027950 0.005672
v -0.023450 -0.027950 0.006425
v -0.021935 -0.027950 0.008810
v -0.020312 -0.027950 0.007242
v -0.023160 -0.027950 -0.001732
v -0.024438 -0.027950 0.000937
v -0.021460 -0.027950 0.000853
v -0.020414 -0.027950 -0.006677
v -0.020568 -0.027950 -0.007974
v -0.022362 -0.027950 -0.008672
v -0.023440 -0.027950 -0.007038
v -0.021898 -0.027950 -0.005404
v -0.017225 -0.027950 -0.014462
v -0.019236 -0.027950 -0.014965
v -0.020219 -0.027950 -0.013251
v -0.018054 -0.027950 -0.011894
v -0.011763 -0.027950 -0.018727
v -0.014063 -0.027950 -0.020145
v -0.015088 -0.027950 -0.018150
v -0.013501 -0.027950 -0.017040
v -0.006432 -0.027950 -0.020488
v -0.005463 -0.027950 -0.022186
v -0.007869 -0.027950 -0.023410
v -0.008356 -0.027950 -0.020760
v 0.000836 -0.027950 -0.021704
v 0.001596 -0.027950 -0.023504
v -0.000225 -0.027950 -0.024546
v -0.001621 -0.027950 -0.023208
v -0.000611 -0.027950 -0.021556
v 0.007542 -0.027950 -0.020258
v 0.008678 -0.027950 -0.022358
v 0.007036 -0.027950 -0.023432
v 0.005404 -0.027950 -0.021898
v 0.013430 -0.027950 -0.016849
v 0.015087 -0.027950 -0.018608
v 0.013957 -0.027950 -0.020175
v 0.011969 -0.027950 -0.019126
v 0.017029 -0.027950 -0.012963
v 0.019411 -0.027950 -0.012051
v 0.020110 -0.027950 -0.013865
v 0.018489 -0.027950 -0.015213
v 0.022186 -0.027950 -0.005463
v 0.023442 -0.027950 -0.007142
v 0.022266 -0.027950 -0.008692
v 0.020164 -0.027950 -0.007251
v 0.022250 -0.027950 0.001544
v 0.024473 -0.027950 0.000621
v 0.023583 -0.027950 -0.001605
v 0.021556 -0.027950 -0.000611
v 0.020568 -0.027950 0.007974
v 0.022358 -0.027950 0.008678
v 0.023397 -0.027950 0.006315
v 0.020764 -0.027950 0.005835
v 0.017303 -0.027950 0.014634
v 0.019401 -0.027950 0.014841
v 0.020219 -0.027950 0.013251
v 0.018050 -0.027950 0.011906
v 0.011859 -0.027950 0.018171
v 0.013364 -0.027950 0.020234
v 0.015135 -0.027950 0.018851
v 0.014012 -0.027950 0.017089
v 0.005463 -0.027950 0.022186
v 0.007497 -0.027950 0.023461
v 0.008693 -0.027950 0.021762
v 0.007066 -0.027950 0.020216
v 0.015512 -0.027950 0.015512
v 0.015981 -0.028625 0.011605
v 0.016018 -0.027951 0.011624
v 0.018907 -0.027950 0.010376
v 0.019531 -0.027950 0.009287
v 0.018781 -0.028601 0.006035
v 0.018825 -0.027951 0.005943
v 0.021650 -0.027950 0.003425
v 0.021586 -0.030469 0.003418
v 0.019747 -0.028621 -0.000000
v 0.019784 -0.027951 -0.000000
v 0.021445 -0.027950 -0.002797
v 0.021226 -0.027950 -0.003999
v 0.018781 -0.028601 -0.006035
v 0.019479 -0.030482 -0.009927
v 0.018856 -0.027950 -0.007406
v 0.019429 -0.027950 -0.005214
v 0.019545 -0.027950 -0.009956
v 0.015981 -0.028625 -0.011605
v 0.016018 -0.027951 -0.011624
v 0.015512 -0.027950 -0.015512
v 0.011605 -0.028625 -0.015981
v 0.011624 -0.027951 -0.016018
v 0.009956 -0.027950 -0.019545
v 0.006035 -0.028601 -0.018781
v 0.005943 -0.027951 -0.018825
v 0.003425 -0.027950 -0.021650
v -0.000000 -0.028621 -0.019747
v -0.003418 -0.030469 -0.021586
v -0.000000 -0.027951 -0.019784
v -0.002797 -0.027950 -0.021445
v -0.003999 -0.027950 -0.021226
v -0.006035 -0.028601 -0.018781
v -0.005944 -0.027951 -0.018825
v -0.009956 -0.027950 -0.019545
v -0.011605 -0.028625 -0.015981
v -0.011624 -0.027951 -0.016018
v -0.015512 -0.027950 -0.015512
v -0.015981 -0.028625 -0.011605
v -0.016018 -0.027951 -0.011624
v -0.018907 -0.027950 -0.010376
v -0.019531 -0.027950 -0.009287
v -0.018781 -0.028601 -0.006035
v -0.021589 -0.030481 -0.003418
v -0.018825 -0.027951 -0.005943
v -0.021226 -0.027950 -0.003999
v -0.021445 -0.027950 -0.002797
v -0.019747 -0.028621 0.000000
v -0.019784 -0.027951 0.000000
v -0.021445 -0.027950 0.002797
v -0.021226 -0.027950 0.003999
v -0.018781 -0.028601 0.006035
v -0.018825 -0.027951 0.005944
v -0.019545 -0.027950 0.009956
v -0.015981 -0.028625 0.011605
v -0.015457 -0.030468 0.015457
v -0.016018 -0.027951 0.011624
v -0.015512 -0.027950 0.015512
v -0.011605 -0.028625 0.015981
v -0.011624 -0.027951 0.016018
v -0.009956 -0.027950 0.019545
v -0.006035 -0.028601 0.018781
v -0.003418 -0.030469 0.021586
v -0.005943 -0.027951 0.018825
v -0.003425 -0.027950 0.021650
v 0.002797 -0.027950 0.021445
v -0.000000 -0.028621 0.019747
v -0.000000 -0.027951 0.019784
v 0.005744 -0.027950 0.026097
v 0.016067 -0.027950 0.021136
v 0.020235 -0.027950 0.017188
v 0.024662 -0.027950 0.009825
v 0.026642 -0.027950 -0.000192
v 0.024664 -0.027950 -0.009827
v 0.020182 -0.027950 -0.017144
v 0.016169 -0.027950 -0.020864
v 0.011147 -0.027950 -0.024093
v -0.000000 -0.027950 -0.026875
v -0.011147 -0.027950 -0.024093
v -0.022189 -0.027950 -0.014808
v -0.016172 -0.027950 -0.020861
v -0.026200 -0.027950 -0.004295
v -0.025747 -0.027950 0.007148
v -0.018553 -0.027950 0.019435
v -0.007312 -0.027950 0.025620
v -0.008029 -0.020350 0.025453
v 0.002880 -0.020350 0.026484
v -0.016067 -0.020350 0.021136
v -0.020235 -0.020350 0.017188
v -0.024748 -0.020350 0.009860
v -0.026630 -0.020350 -0.000300
v -0.024664 -0.020350 -0.009827
v -0.020233 -0.020350 -0.017186
v -0.013688 -0.020350 -0.022750
v -0.016117 -0.020350 -0.020903
v -0.006835 -0.020350 -0.025740
v 0.002871 -0.020350 -0.026394
v 0.011186 -0.020350 -0.024178
v 0.020233 -0.020350 -0.017186
v 0.016117 -0.020350 -0.020903
v 0.025869 -0.020350 -0.007184
v 0.026511 -0.020350 0.001437
v 0.024748 -0.020350 0.009860
v 0.018560 -0.020350 0.019409
v 0.011148 -0.020350 0.024096
v -0.005463 -0.020350 0.022186
v -0.007497 -0.020350 0.023461
v -0.008693 -0.020350 0.021762
v -0.023397 -0.020350 0.006315
v -0.022358 -0.020350 0.008678
v -0.021556 -0.020350 -0.000611
v -0.022967 -0.020350 0.001567
v -0.023583 -0.020350 -0.001605
v -0.021704 -0.020350 0.000836
v -0.024473 -0.020350 0.000621
v -0.022186 -0.020350 -0.005463
v -0.023442 -0.020350 -0.007142
v -0.022266 -0.020350 -0.008692
v -0.007036 -0.020350 -0.023432
v -0.008678 -0.020350 -0.022358
v -0.005404 -0.020350 -0.021898
v 0.000225 -0.020350 -0.024546
v 0.001621 -0.020350 -0.023208
v 0.000611 -0.020350 -0.021556
v -0.001596 -0.020350 -0.023504
v -0.000836 -0.020350 -0.021704
v 0.007869 -0.020350 -0.023410
v 0.005463 -0.020350 -0.022186
v 0.008356 -0.020350 -0.020760
v 0.022362 -0.020350 -0.008672
v 0.023440 -0.020350 -0.007038
v 0.021460 -0.020350 0.000853
v 0.023160 -0.020350 -0.001732
v 0.024438 -0.020350 0.000937
v 0.023450 -0.020350 0.006425
v 0.021174 -0.020350 0.005672
v 0.021935 -0.020350 0.008810
v 0.007755 -0.020350 0.023464
v 0.008489 -0.020350 0.021015
v 0.005507 -0.020350 0.022227
v 0.000836 -0.020350 0.021704
v 0.001596 -0.020350 0.023504
v -0.001621 -0.020350 0.023208
v -0.000221 -0.020350 0.024552
v -0.000611 -0.020350 0.021556
v 0.006511 -0.020350 0.020388
v 0.003425 -0.020350 0.021650
v 0.005944 -0.020349 0.018825
v 0.009956 -0.020350 0.019545
v 0.011961 -0.020350 0.018776
v 0.014841 -0.020350 0.019401
v 0.013251 -0.020350 0.020219
v 0.011624 -0.020349 0.016018
v 0.012794 -0.020350 0.017174
v 0.014822 -0.020350 0.017622
v 0.015512 -0.020350 0.015512
v 0.016018 -0.020349 0.011624
v 0.018491 -0.020350 0.015232
v 0.017040 -0.020350 0.013501
v 0.019545 -0.020350 0.009956
v 0.018355 -0.020350 0.011878
v 0.020234 -0.020350 0.013364
v 0.018825 -0.020349 0.005943
v 0.021226 -0.020350 0.003999
v 0.020312 -0.020350 0.007242
v 0.019784 -0.020349 -0.000000
v 0.021445 -0.020350 -0.002797
v 0.021445 -0.020350 0.002797
v 0.021226 -0.020350 -0.003999
v 0.021898 -0.020350 -0.005404
v 0.020258 -0.020350 -0.007542
v 0.018825 -0.020349 -0.005944
v 0.019545 -0.020350 -0.009956
v 0.020219 -0.020350 -0.013251
v 0.016018 -0.020349 -0.011624
v 0.018054 -0.020350 -0.011894
v 0.017225 -0.020350 -0.014462
v 0.019236 -0.020350 -0.014965
v 0.011624 -0.020349 -0.016018
v 0.015512 -0.020350 -0.015512
v 0.013501 -0.020350 -0.017040
v 0.015088 -0.020350 -0.018150
v 0.011763 -0.020350 -0.018727
v 0.014063 -0.020350 -0.020145
v 0.005943 -0.020349 -0.018825
v 0.009956 -0.020350 -0.019545
v 0.003999 -0.020350 -0.021226
v 0.006432 -0.020350 -0.020488
v -0.000000 -0.020349 -0.019784
v 0.002797 -0.020350 -0.021445
v -0.003425 -0.020350 -0.021650
v -0.007542 -0.020350 -0.020258
v -0.005944 -0.020349 -0.018825
v -0.009956 -0.020350 -0.019545
v -0.011969 -0.020350 -0.019126
v -0.011624 -0.020349 -0.016018
v -0.015087 -0.020350 -0.018608
v -0.013430 -0.020350 -0.016849
v -0.013957 -0.020350 -0.020175
v -0.016018 -0.020349 -0.011624
v -0.015512 -0.020350 -0.015512
v -0.020110 -0.020350 -0.013865
v -0.017029 -0.020350 -0.012963
v -0.019545 -0.020350 -0.009956
v -0.019411 -0.020350 -0.012051
v -0.018489 -0.020350 -0.015213
v -0.019429 -0.020350 -0.005214
v -0.018692 -0.019988 -0.006504
v -0.021226 -0.020350 -0.003999
v -0.020164 -0.020350 -0.007251
v -0.019784 -0.020349 0.000000
v -0.021650 -0.020350 0.003425
v -0.021445 -0.020350 -0.002797
v -0.020764 -0.020350 0.005835
v -0.020568 -0.020350 0.007974
v -0.018825 -0.020349 0.005944
v -0.019531 -0.020350 0.009287
v -0.018050 -0.020350 0.011906
v -0.017303 -0.020350 0.014634
v -0.020219 -0.020350 0.013251
v -0.018907 -0.020350 0.010376
v -0.016018 -0.020349 0.011624
v -0.019401 -0.020350 0.014841
v -0.015512 -0.020350 0.015512
v -0.011624 -0.020349 0.016018
v -0.009956 -0.020350 0.019545
v -0.015135 -0.020350 0.018851
v -0.011859 -0.020350 0.018171
v -0.014012 -0.020350 0.017089
v -0.013364 -0.020350 0.020234
v -0.005943 -0.020349 0.018825
v -0.007066 -0.020350 0.020216
v -0.003999 -0.020350 0.021226
v -0.000000 -0.020349 0.019784
v -0.002797 -0.020350 0.021445
v -0.000422 -0.017924 0.021442
v -0.001596 -0.017900 0.023504
v 0.001710 -0.017900 0.022846
v -0.006851 -0.017909 0.020362
v -0.008494 -0.017900 0.021017
v -0.005398 -0.017900 0.021893
v -0.013417 -0.017894 0.016856
v -0.012046 -0.017900 0.019488
v -0.019105 -0.017900 0.011839
v -0.017857 -0.017900 0.014896
v -0.017012 -0.017876 0.013254
v -0.020293 -0.017935 0.006731
v -0.022338 -0.017900 0.005538
v -0.021258 -0.017900 0.008544
v -0.021442 -0.017924 -0.000422
v -0.023143 -0.017900 -0.001587
v -0.022846 -0.017900 0.001710
v -0.020249 -0.017890 -0.007336
v -0.022224 -0.017900 -0.008738
v -0.021893 -0.017900 -0.005398
v -0.017042 -0.017900 -0.013605
v -0.018099 -0.017900 -0.015034
v -0.019958 -0.017900 -0.012599
v -0.017861 -0.017879 -0.012084
v -0.012124 -0.017916 -0.017711
v -0.012353 -0.017900 -0.019617
v -0.014161 -0.017900 -0.017177
v -0.006729 -0.017943 -0.020290
v -0.005534 -0.017900 -0.022335
v -0.008544 -0.017900 -0.021258
v 0.000423 -0.017921 -0.021443
v 0.001567 -0.017900 -0.022967
v -0.001710 -0.017900 -0.022846
v 0.006849 -0.017910 -0.020362
v 0.008494 -0.017900 -0.021017
v 0.005398 -0.017900 -0.021893
v 0.013605 -0.017900 -0.017042
v 0.015184 -0.017900 -0.018431
v 0.011699 -0.017831 -0.018415
v 0.017388 -0.017924 -0.012563
v 0.019411 -0.017900 -0.012051
v 0.017294 -0.017900 -0.014491
v 0.020290 -0.017941 -0.006729
v 0.022697 -0.017900 -0.005590
v 0.021747 -0.017900 -0.008761
v 0.021442 -0.017924 0.000422
v 0.022967 -0.017900 0.001567
v 0.022506 -0.017900 -0.001555
v 0.021017 -0.017900 0.008494
v 0.023284 -0.017900 0.008004
v 0.022887 -0.017900 0.005829
v 0.020554 -0.017927 0.006084
v 0.016860 -0.017870 0.013548
v 0.018963 -0.017900 0.015114
v 0.020219 -0.017900 0.013251
v 0.018605 -0.017900 0.011926
v 0.012603 -0.017923 0.017352
v 0.012051 -0.017900 0.019411
v 0.014665 -0.017900 0.017391
v 0.005583 -0.017900 0.021306
v 0.006187 -0.017900 0.023143
v 0.008299 -0.017900 0.020884
v 0.007041 -0.017893 0.020332
v -0.006035 -0.019699 0.018781
v -0.003418 -0.017833 0.021586
v -0.000000 -0.019679 0.019747
v 0.003418 -0.017833 0.021586
v -0.009926 -0.017829 0.019477
v -0.015457 -0.017830 0.015457
v -0.011605 -0.019675 0.015981
v -0.015981 -0.019675 0.011605
v -0.019478 -0.017821 0.009927
v -0.018781 -0.019699 0.006035
v -0.021586 -0.017833 0.003418
v -0.021586 -0.017831 -0.003418
v -0.019747 -0.019679 0.000000
v -0.019486 -0.019251 -0.005162
v -0.019477 -0.017829 -0.009926
v -0.015458 -0.017827 -0.015458
v -0.015981 -0.019675 -0.011605
v -0.011605 -0.019675 -0.015981
v -0.009926 -0.017829 -0.019477
v -0.006035 -0.019699 -0.018781
v -0.003418 -0.017828 -0.021587
v 0.003418 -0.017833 -0.021586
v -0.000000 -0.019679 -0.019747
v 0.006035 -0.019699 -0.018781
v 0.009927 -0.017821 -0.019478
v 0.015457 -0.017832 -0.015457
v 0.011605 -0.019675 -0.015981
v 0.015981 -0.019675 -0.011605
v 0.019477 -0.017829 -0.009926
v 0.018781 -0.019699 -0.006035
v 0.021586 -0.017831 -0.003418
v 0.021586 -0.017833 0.003418
v 0.019747 -0.019679 -0.000000
v 0.018781 -0.019699 0.006035
v 0.019477 -0.017829 0.009926
v 0.015458 -0.017827 0.015458
v 0.015981 -0.019675 0.011605
v 0.011605 -0.019675 0.015981
v 0.009927 -0.017818 0.019479
v 0.006035 -0.019699 0.018781
v -0.001511 -0.039800 -0.011263
v -0.001211 -0.039800 -0.014498
v 0.001587 -0.039800 -0.014007
v 0.001530 -0.039800 -0.011356
v 0.001511 -0.037800 -0.011263
v 0.001498 -0.037800 -0.014113
v -0.001310 -0.037800 -0.014441
v -0.001530 -0.037800 -0.011356
v -0.004304 0.020663 0.010017
v -0.010121 0.020669 0.004403
v -0.008927 0.020697 -0.007072
v 0.003179 0.020665 -0.010773
v 0.010537 0.020669 -0.003283
v 0.009770 0.020663 0.004840
v 0.003848 0.020669 0.010344
v 0.002551 0.018469 -0.014390
v 0.008688 0.018467 -0.011706
v 0.014283 0.018483 -0.004254
v 0.012489 0.018483 0.008132
v 0.003398 0.018474 0.014316
v -0.007444 0.018483 0.012911
v -0.013479 0.018467 0.005551
v -0.014432 0.018483 -0.003719
v -0.006721 0.018477 -0.013278
v 0.002766 0.013810 0.014451
v -0.008080 0.013810 0.012527
v -0.013643 0.013810 0.005131
v -0.014232 0.013810 -0.004434
v -0.005966 0.013809 -0.013642
v 0.006414 0.013809 -0.013519
v 0.014481 0.013810 -0.003538
v 0.012071 0.013810 0.008746
v 0.014302 0.013810 0.009591
v -0.015520 0.013810 -0.013566
v -0.014249 0.013810 0.009577
v -0.016400 0.013810 0.012785
v -0.014255 0.013810 0.008035
v 0.016400 0.013810 0.012785
v 0.016274 0.013810 0.009395
v -0.007572 0.013935 0.017098
v -0.015896 0.013810 0.009658
v -0.000854 0.013810 -0.018469
v -0.008523 0.013810 -0.018770
v -0.020423 0.013810 0.002764
v 0.008523 0.013810 -0.018770
v 0.015520 0.013810 -0.013566
v 0.014770 0.013810 0.007455
v -0.016009 0.013810 0.007781
v 0.000000 0.013810 -0.020614
v -0.019740 0.013810 -0.005932
v 0.001346 0.013810 -0.017378
v 0.019740 0.013810 -0.005932
v 0.020423 0.013810 0.002764
v -0.000653 0.013810 -0.016495
v 0.008587 0.013916 0.018489
v 0.007573 0.013932 0.017097
v 0.008597 0.015869 0.018474
v 0.008206 0.016837 0.017763
v 0.007296 0.017408 0.017050
v -0.008599 0.013898 0.018495
v -0.008584 0.016142 0.018424
v 0.000055 0.018453 0.016962
v -0.013817 0.016299 0.015122
v -0.015255 0.017279 0.011244
v -0.018891 0.016178 0.007965
v -0.020270 0.016268 0.002094
v -0.020004 0.016278 -0.004396
v -0.016484 0.016279 -0.012156
v -0.010109 0.016280 -0.017811
v -0.004173 0.016310 -0.019929
v 0.004173 0.016310 -0.019929
v 0.010109 0.016280 -0.017811
v 0.016484 0.016279 -0.012156
v 0.020005 0.016278 -0.004396
v 0.020270 0.016268 0.002094
v 0.018877 0.016189 0.007999
v 0.017423 0.016822 0.009140
v 0.013808 0.016306 0.015127
v -0.007420 0.017345 0.017099
v -0.001346 0.014910 -0.017378
v 0.000653 0.014910 -0.016495
v 0.000854 0.014910 -0.018469
v -0.002344 0.014910 -0.017453
v 0.002412 0.014910 -0.018063
v -0.000004 0.014910 -0.015044
v -0.000508 0.014910 -0.019815
v -0.000139 0.019441 -0.015207
v 0.002345 0.018437 -0.016733
v 0.000391 0.016612 -0.020016
v -0.001228 0.016956 -0.019392
v -0.002355 0.018312 -0.016942
v 0.013965 0.014910 0.008173
v 0.015478 0.014910 0.010000
v 0.016146 0.014910 0.008026
v 0.016381 0.014910 0.006849
v 0.017467 0.014910 0.008896
v 0.013890 0.014910 0.006758
v 0.012901 0.014910 0.009191
v 0.015314 0.014910 0.011214
v 0.013387 0.018491 0.010160
v 0.015727 0.017101 0.011044
v 0.016486 0.017871 0.006875
v 0.013238 0.019529 0.007217
v -0.016323 0.014910 0.008853
v -0.015112 0.014910 0.009977
v -0.013962 0.014910 0.008643
v -0.015331 0.014910 0.007535
v -0.013888 0.014910 0.006769
v -0.016381 0.014910 0.006849
v -0.017467 0.014910 0.008896
v -0.012902 0.014910 0.009193
v -0.015314 0.014910 0.011214
v -0.015813 0.018358 0.006364
v -0.017422 0.016823 0.009151
v -0.012799 0.019463 0.008183
v 0.000149 0.021349 -0.011927
v 0.006571 0.021078 -0.010525
v 0.010471 0.021367 -0.005656
v 0.011669 0.021321 0.003378
v 0.005960 0.021436 0.010224
v -0.009343 0.021239 0.007656
v -0.011612 0.021429 0.002263
v -0.010831 0.021233 -0.005597
v -0.006169 0.021376 -0.010004
v -0.002593 0.021379 0.011736
v 0.002787 0.008439 0.029230
v 0.009333 0.010810 0.028150
v 0.015409 0.008359 0.024857
v 0.017762 0.010810 0.023365
v 0.024324 0.008442 0.016492
v 0.026156 0.010810 0.013732
v 0.027846 0.008377 0.008674
v 0.029358 0.008438 -0.001592
v 0.029557 0.010810 -0.001602
v 0.026901 0.008347 -0.010995
v 0.024153 0.008462 -0.016507
v 0.025381 0.010810 -0.015007
v 0.018078 0.008417 -0.023108
v 0.017153 0.010810 -0.023846
v 0.008731 0.008305 -0.027591
v -0.000000 0.008452 -0.029407
v 0.006314 0.010810 -0.028684
v -0.003174 0.010810 -0.029178
v -0.009272 0.008286 -0.027348
v -0.013132 0.010810 -0.026449
v -0.017785 0.008442 -0.023395
v -0.020184 0.010810 -0.021308
v -0.023783 0.008299 -0.016453
v -0.024293 0.010810 -0.016471
v -0.028336 0.008452 -0.007867
v -0.028300 0.010810 -0.007858
v -0.029031 0.008425 0.004359
v -0.029307 0.010810 0.001589
v -0.027358 0.010810 0.010901
v -0.025313 0.008305 0.014027
v -0.021677 0.008301 0.019146
v -0.022369 0.010810 0.019001
v -0.015474 0.008417 0.024928
v -0.015720 0.010810 0.024937
v -0.007301 0.008304 0.028012
v -0.003176 0.010810 0.029199
v 0.019194 0.008310 0.021066
v 0.002531 0.008310 0.028386
v 0.017684 0.008310 -0.022349
v 0.027603 0.008310 -0.007090
v 0.028029 0.008310 0.005155
v -0.028207 0.008310 0.004064
v 0.000553 0.008310 -0.028493
v -0.027307 0.008310 -0.008156
v -0.016803 0.008310 -0.023018
v -0.002531 0.010810 0.028386
v -0.011904 0.010810 0.025730
v -0.021405 0.010810 0.019220
v -0.028029 0.010810 0.005155
v -0.027007 0.010810 -0.009908
v -0.017684 0.010810 -0.022349
v -0.003897 0.010810 -0.028502
v 0.014147 0.010810 -0.025049
v 0.026421 0.010810 -0.011380
v 0.028207 0.010810 0.004064
v 0.022430 0.010810 0.018013
v 0.009622 0.010810 0.026825
v -0.007602 0.010915 0.025387
v -0.000021 0.010906 0.026687
v 0.008522 0.010913 0.024096
v 0.007311 0.010917 0.025526
v -0.008566 0.010918 0.023755
v -0.014365 0.010566 0.012632
v 0.008949 0.010745 -0.017534
v 0.017352 0.010613 -0.008440
v 0.018878 0.010610 -0.003238
v 0.018492 0.010613 0.005006
v -0.017021 0.010608 0.008748
v -0.019573 0.010738 -0.001256
v -0.015092 0.010746 -0.012635
v -0.009003 0.010609 -0.017023
v -0.002302 0.010617 -0.019027
v 0.000018 0.013745 0.026705
v -0.007312 0.013710 0.025530
v 0.008656 0.010275 0.016952
v 0.013500 0.009175 0.013298
v 0.017517 0.008907 -0.007362
v 0.011296 0.008948 -0.015164
v 0.004388 0.008898 -0.018398
v -0.007787 0.008962 -0.017238
v -0.011661 0.008951 -0.014843
v -0.014310 0.008969 -0.012369
v -0.016468 0.009330 -0.009392
v -0.018860 0.009114 -0.001726
v -0.018852 0.010340 0.003373
v -0.017669 0.010380 -0.007150
v 0.004175 0.010358 -0.018732
v 0.013166 0.010422 -0.013842
v 0.019040 0.010385 0.000974
v 0.016090 0.010575 0.010696
v 0.011484 0.010291 0.015203
v -0.011517 0.010288 0.015177
v -0.006052 0.010177 -0.018032
v 0.008406 0.009374 -0.017029
v 0.014725 0.009234 -0.011936
v 0.008531 0.013709 0.023968
v 0.007557 0.013752 0.025440
v 0.008567 0.010770 0.016514
v 0.008772 0.010765 0.017340
v 0.008429 0.010192 0.016829
v 0.008030 0.009466 0.017204
v 0.007525 0.009762 0.017193
v 0.016928 0.008912 0.008616
v 0.018990 0.008947 0.000773
v -0.002050 0.008911 -0.018859
v -0.018020 0.008899 -0.005664
v -0.018396 0.008899 0.004707
v -0.014467 0.008917 0.012283
v -0.008646 0.008918 0.016825
v 0.010157 0.008897 0.015890
v -0.008624 0.010857 0.017073
v -0.007515 0.009758 0.017205
v -0.008626 0.010202 0.016918
v -0.007542 0.009384 0.017433
v -0.008876 0.010754 0.017379
v -0.008375 0.010112 0.016856
v -0.008464 0.010312 0.016666
v -0.008507 0.013729 0.024156
v 0.008607 0.013726 0.011933
v -0.008608 0.013729 0.011937
v 0.004169 0.009697 0.018494
v -0.001989 0.009721 0.018745
v 0.003624 0.008967 0.018663
v -0.001649 0.008910 0.018812
v -0.015312 0.008854 0.009660
v 0.007430 0.009718 0.012741
v -0.007870 0.009748 0.012298
v -0.008441 0.010388 0.011621
v -0.008499 0.008983 0.011777
v -0.008105 0.008959 0.006506
v -0.008502 0.009100 0.007160
v 0.008596 0.011880 0.011989
v -0.008596 0.011881 0.011944
v -0.012970 0.013810 0.006803
v -0.013329 0.011880 0.006015
v 0.013136 0.013810 0.006356
v 0.013246 0.011880 0.005247
v 0.012657 0.013810 0.004688
v 0.010138 0.013810 0.003603
v 0.010110 0.011880 0.003628
v 0.010990 0.013810 0.001121
v 0.011092 0.011880 0.001078
v 0.013016 0.013810 0.001334
v 0.014113 0.011880 0.001140
v 0.014382 0.013810 0.000665
v 0.010423 0.013810 -0.010237
v 0.005285 0.013810 -0.013279
v 0.010331 0.011880 -0.010094
v 0.005209 0.011880 -0.013254
v 0.013770 0.011880 -0.004881
v 0.013624 0.013810 -0.005205
v 0.003845 0.013810 -0.010416
v 0.003500 0.011880 -0.010023
v 0.001242 0.013810 -0.010650
v 0.001078 0.011880 -0.011096
v 0.001162 0.013810 -0.014108
v 0.001332 0.011880 -0.013309
v 0.000443 0.011880 -0.014419
v -0.008257 0.013810 -0.012339
v -0.013276 0.013810 -0.005242
v -0.010318 0.011880 -0.010405
v -0.013160 0.011880 -0.006067
v -0.005152 0.011880 -0.013623
v -0.014113 0.011880 -0.001140
v -0.014152 0.013810 -0.001152
v -0.010051 0.011880 -0.003572
v -0.010136 0.013810 -0.003601
v -0.010990 0.013810 -0.001121
v -0.011092 0.011880 -0.001078
v -0.012588 0.011880 -0.004664
v -0.008278 0.011880 0.006696
v 0.008269 0.011880 0.006680
v 0.007867 0.009104 0.006506
v 0.008499 0.008977 0.006952
v 0.008497 0.008997 0.011750
v 0.004286 0.008980 0.014013
v -0.001048 0.008962 0.014611
v -0.005567 0.009047 0.013365
v -0.003583 0.009604 0.014082
v 0.001494 0.009678 0.014582
v 0.008326 0.010102 0.011938
v -0.007642 0.011880 -0.003166
v -0.006673 0.011880 -0.012299
v -0.012424 0.011880 -0.006915
v 0.004302 0.011747 0.003013
v 0.000064 0.011775 0.005322
v -0.004639 0.011791 0.002673
v -0.004820 0.011825 -0.002060
v -0.002868 0.011827 -0.004477
v -0.002718 0.011880 -0.008175
v -0.003382 0.011880 -0.011652
v -0.002285 0.011880 -0.011069
v -0.002590 0.011880 -0.012435
v -0.012404 0.011880 0.002823
v -0.011738 0.011880 0.002014
v -0.011100 0.011880 0.003188
v 0.011994 0.011880 -0.001984
v 0.001354 0.011829 -0.005106
v 0.004927 0.011787 -0.002031
v 0.003142 0.011880 -0.007709
v 0.006678 0.011880 -0.012302
v 0.012319 0.011880 -0.006663
v 0.012144 0.011880 -0.003239
v 0.011037 0.011880 -0.003009
v 0.008197 0.011880 -0.002702
v 0.010114 0.008880 -0.003525
v 0.007671 0.008880 -0.003164
v 0.012323 0.008880 -0.006587
v 0.007135 0.008880 -0.012431
v 0.002771 0.008880 -0.008125
v -0.006573 0.008880 -0.012284
v -0.012415 0.008880 -0.007088
v -0.008171 0.008880 -0.002704
v -0.003206 0.008880 -0.007684
v -0.003444 0.008880 -0.010037
v -0.001794 0.008923 0.004888
v -0.004776 0.008998 0.002143
v -0.004775 0.008934 -0.002257
v -0.001053 0.008925 -0.005136
v 0.002453 0.008904 -0.004582
v 0.005222 0.008909 -0.001151
v 0.004300 0.008962 0.002856
v 0.001623 0.008921 0.004970
v 0.011132 0.006950 -0.003220
v 0.012352 0.006950 -0.002931
v 0.011803 0.006950 -0.001966
v 0.013268 0.006950 -0.002010
v 0.011264 0.006950 -0.001014
v 0.010005 0.006950 -0.003057
v 0.012364 0.006950 -0.004401
v 0.012596 0.008880 -0.001197
v 0.013311 0.008880 -0.003275
v 0.011652 0.008880 -0.004393
v 0.010318 0.008880 -0.001740
v -0.012428 0.006950 0.002383
v -0.011039 0.006950 0.002463
v -0.011590 0.006950 0.003374
v -0.010335 0.006950 0.003709
v -0.012864 0.006950 0.004107
v -0.012707 0.006950 0.001220
v -0.010376 0.006950 0.001645
v -0.011299 0.008880 0.004324
v -0.009918 0.008880 0.002344
v -0.012200 0.008880 0.001069
v -0.013450 0.008880 0.003345
v -0.002963 0.006950 -0.011026
v -0.002987 0.006950 -0.012423
v -0.002026 0.006950 -0.011652
v -0.000954 0.006950 -0.011613
v -0.004104 0.006950 -0.012735
v -0.002141 0.006950 -0.013294
v -0.003367 0.006950 -0.009956
v -0.001176 0.008880 -0.010903
v -0.001504 0.008880 -0.012895
v -0.003327 0.008880 -0.013286
v -0.004436 0.008880 -0.011552
v 0.012428 0.008880 0.002691
v 0.011539 0.008880 0.003380
v 0.011205 0.008880 0.002128
v 0.002212 0.008880 -0.012313
v 0.002539 0.008880 -0.011073
v -0.012398 0.008880 -0.002971
v -0.011031 0.008880 -0.003029
v -0.011737 0.008880 -0.002007
v 0.014384 0.008880 0.009359
v 0.014998 0.008880 0.007893
v 0.016091 0.008880 0.008834
v -0.014270 0.008880 0.008637
v -0.015805 0.008880 0.008013
v 0.000756 0.008880 -0.017975
v -0.000833 0.008880 -0.017981
v 0.000169 0.008880 -0.016576
v 0.003405 0.008880 -0.011572
v -0.012023 0.013810 -0.003311
v -0.012283 0.013810 -0.002283
v -0.010945 0.013810 -0.002608
v 0.002207 0.013810 -0.012199
v 0.002357 0.013810 -0.011091
v 0.003459 0.013810 -0.011870
v 0.011049 0.013810 0.002763
v 0.012060 0.013810 0.003389
v 0.011848 0.013810 0.001965
v -0.000898 0.013810 -0.017320
v 0.000686 0.013810 -0.016826
v 0.000165 0.013810 -0.018401
v 0.014270 0.013810 0.008637
v 0.015287 0.013810 0.009656
v 0.015805 0.013810 0.008013
v -0.016091 0.013810 0.008834
v -0.014384 0.013810 0.009359
v -0.014998 0.013810 0.007893
v 0.031125 0.013763 0.019856
v 0.019838 0.013768 -0.031133
v -0.025998 0.013779 -0.026224
v -0.031112 0.013779 -0.019898
v -0.028218 0.013810 -0.020901
v -0.027746 0.013810 -0.022894
v -0.024961 0.013810 -0.021178
v -0.026601 0.013810 -0.019914
v -0.025888 0.013810 -0.023085
v -0.026716 0.013810 0.019892
v -0.024793 0.013810 0.021823
v -0.028385 0.013810 0.021364
v -0.026119 0.013779 0.026119
v -0.027145 0.013810 0.023219
v -0.019843 0.013791 0.031114
v 0.026326 0.013777 0.025921
v 0.030109 0.013810 -0.014081
v 0.031091 0.013743 -0.019939
v 0.030912 0.013810 -0.016897
v 0.027777 0.013810 -0.018142
v 0.027015 0.013810 -0.014650
v 0.026224 0.013780 -0.025996
v 0.019950 0.013682 0.031147
v 0.022100 0.013810 0.028343
v 0.019773 0.013810 0.026823
v 0.021526 0.013810 0.024962
v 0.023287 0.013810 0.026311
v 0.024990 0.013810 0.021731
v 0.026220 0.013810 0.019887
v 0.026716 0.013810 0.023410
v 0.028365 0.013810 0.021244
v 0.014888 0.013810 0.030863
v 0.016884 0.013853 0.031069
v 0.013865 0.013810 0.028333
v 0.018194 0.013810 0.028418
v 0.015919 0.013810 0.026576
v 0.025158 0.013810 -0.022462
v 0.025417 0.013810 -0.020465
v 0.027570 0.013810 -0.023167
v 0.027800 0.013810 -0.020143
v 0.021281 0.013810 -0.025012
v 0.019919 0.013810 -0.026335
v 0.021135 0.013810 -0.028373
v 0.023432 0.013810 -0.026432
v -0.022951 0.013810 -0.025647
v -0.021173 0.013810 -0.025036
v -0.019901 0.013751 -0.031108
v -0.019845 0.013810 -0.026627
v -0.020987 0.013810 -0.028198
v -0.022837 0.013810 -0.027867
v -0.017596 0.013810 -0.030417
v -0.017911 0.013810 -0.027659
v -0.014678 0.013810 -0.030731
v -0.015689 0.013810 -0.026690
v -0.013934 0.013810 -0.028118
v -0.021585 0.013810 0.028561
v -0.021646 0.013810 0.024962
v -0.019885 0.013810 0.026311
v -0.023285 0.013810 0.026374
v -0.030746 0.013810 0.014498
v -0.031064 0.013762 0.019998
v -0.030320 0.013810 0.017637
v -0.026781 0.013810 0.014798
v -0.027854 0.013810 0.017996
v 0.016080 0.013810 0.020312
v 0.013886 0.013810 -0.016865
v -0.024121 0.013810 0.019042
v -0.022896 0.010810 0.027774
v -0.023078 0.010810 0.025922
v -0.020634 0.010810 0.025005
v -0.020413 0.010810 0.027994
v -0.028281 0.010810 0.021979
v -0.027182 0.010810 0.019839
v -0.024871 0.010810 0.021552
v -0.026717 0.010810 0.023328
v -0.027681 0.010810 -0.020012
v -0.028067 0.010810 -0.022947
v -0.025777 0.010810 -0.023018
v -0.024994 0.010810 -0.021061
v -0.021646 0.010810 -0.024914
v -0.023275 0.010810 -0.026443
v -0.022973 0.010810 -0.028089
v -0.020370 0.010810 -0.027922
v -0.020082 0.010810 -0.026001
v 0.019786 0.010810 -0.027011
v 0.022200 0.010810 -0.028286
v 0.023252 0.010810 -0.026510
v 0.021716 0.010810 -0.024875
v 0.025349 0.010810 -0.020541
v 0.025229 0.010810 -0.022572
v 0.028314 0.010810 -0.021985
v 0.027321 0.010810 -0.019969
v 0.025687 0.010810 0.023074
v 0.025229 0.010810 0.020599
v 0.027684 0.010810 0.020072
v 0.028159 0.010810 0.022827
v 0.021712 0.010810 0.028356
v 0.019774 0.010810 0.026700
v 0.021645 0.010810 0.024958
v 0.023358 0.010810 0.026640
v -0.020114 0.010810 0.031247
v -0.026234 0.010810 0.026234
v -0.031200 0.010810 0.019819
v -0.031315 0.010810 -0.019587
v -0.026234 0.010810 -0.026234
v -0.019587 0.010810 -0.031315
v 0.019819 0.010810 -0.031200
v 0.023677 0.010810 -0.028423
v 0.028170 0.010810 -0.023184
v 0.031109 0.010810 -0.020329
v 0.031314 0.010810 0.019604
v 0.026234 0.010810 0.026234
v 0.020329 0.010810 0.031109
v -0.030671 0.011810 0.014680
v -0.030171 0.011810 0.017998
v -0.026628 0.011810 0.016705
v -0.028143 0.011810 0.013863
v -0.030000 0.011810 0.015251
v -0.028680 0.011810 0.017231
v -0.027739 0.011810 0.015505
v -0.029335 0.010810 0.017216
v -0.027664 0.010810 0.015976
v -0.029377 0.010810 0.014785
v -0.017891 0.011810 -0.030239
v -0.017557 0.011810 -0.027314
v -0.014888 0.011810 -0.026862
v -0.014113 0.011810 -0.030352
v -0.014977 0.011810 -0.029404
v -0.015314 0.011810 -0.027804
v -0.016432 0.011810 -0.030011
v -0.017094 0.011810 -0.028379
v -0.015832 0.010810 -0.030023
v -0.017238 0.010810 -0.028980
v -0.016040 0.010810 -0.027698
v -0.014789 0.010810 -0.028752
v 0.026717 0.011810 -0.016942
v 0.027854 0.011810 -0.014001
v 0.030893 0.011810 -0.014829
v 0.029895 0.011810 -0.018040
v 0.027653 0.011810 -0.016481
v 0.028908 0.011810 -0.014784
v 0.030008 0.011810 -0.016660
v 0.027659 0.010810 -0.016240
v 0.028565 0.010810 -0.014873
v 0.030033 0.010810 -0.015629
v 0.029164 0.010810 -0.017156
v 0.014865 0.010810 0.029143
v 0.017158 0.010810 0.028970
v 0.016089 0.010810 0.030049
v 0.015905 0.010810 0.027575
v 0.015130 0.011810 0.027997
v 0.015451 0.011810 0.030040
v 0.017252 0.011810 0.028461
v 0.013901 0.011810 0.029375
v 0.015672 0.011810 0.031127
v 0.018010 0.011810 0.029742
v 0.014525 0.011810 0.027185
v 0.017437 0.011810 0.027090
v -0.024998 -0.048470 0.002218
v -0.026650 -0.048470 -0.000597
v -0.023516 -0.048470 -0.002129
v -0.022512 -0.048470 0.000792
v -0.023958 -0.051895 -0.002054
v -0.022626 -0.051893 -0.001105
v -0.022827 -0.051891 0.001553
v -0.025721 -0.051892 0.001864
v -0.026637 -0.051894 -0.000116
v -0.025710 -0.051893 -0.001818
v -0.026589 -0.051900 0.003303
v -0.028353 -0.051900 0.000209
v -0.026218 -0.051900 -0.003714
v -0.021188 -0.051900 -0.002246
v -0.021091 -0.051900 0.001808
v -0.023485 -0.051900 0.003695
v -0.027207 -0.048091 0.002888
v -0.028288 -0.048145 0.001231
v -0.028445 -0.047957 -0.002402
v -0.024992 -0.047972 -0.004324
v -0.021428 -0.047975 -0.003297
v -0.020153 -0.047943 0.001268
v -0.024928 -0.047971 0.004416
v -0.024917 -0.048568 0.003850
v -0.028285 -0.048492 -0.000704
v -0.027392 -0.048496 -0.002489
v -0.025371 -0.048597 -0.003767
v -0.021312 -0.048559 -0.002157
v -0.022926 -0.048525 -0.003470
v -0.021788 -0.048245 0.002918
v -0.020694 -0.048678 0.000207
v -0.010497 -0.048007 -0.008108
v -0.008332 -0.047955 -0.010960
v -0.014285 -0.047961 -0.009307
v -0.012688 -0.048129 -0.013622
v -0.013878 -0.048147 -0.012557
v 0.014341 -0.047970 -0.014160
v 0.016196 -0.047986 -0.009606
v 0.011798 -0.048130 -0.008948
v 0.012087 -0.048132 -0.013469
v 0.013673 -0.047955 -0.008044
v -0.012574 -0.047984 0.023358
v -0.008842 -0.048099 0.026588
v -0.014026 -0.047989 0.028276
v 0.016562 -0.047936 0.027006
v 0.014924 -0.047944 0.023449
v 0.011250 -0.047971 0.024040
v 0.010346 -0.047955 0.027593
v 0.007935 -0.047970 -0.021906
v 0.020546 -0.048090 -0.000045
v 0.022391 -0.047961 -0.003917
v -0.024261 -0.047900 0.022246
v -0.022253 -0.047900 0.022273
v 0.014014 -0.047968 0.029724
v 0.004358 -0.047900 0.031275
v -0.010504 -0.047977 0.029410
v -0.029271 -0.047966 0.030814
v -0.026184 -0.047809 0.031520
v -0.026201 -0.047900 0.029955
v -0.026041 -0.047900 0.027253
v -0.022111 -0.047900 0.024005
v -0.024202 -0.047900 0.024677
v -0.029126 -0.047933 0.026094
v -0.029893 -0.047900 0.013020
v -0.031504 -0.047899 0.002209
v -0.030809 -0.047900 -0.006557
v -0.026890 -0.047900 -0.016453
v -0.015952 -0.048110 -0.022692
v -0.016022 -0.048192 -0.020139
v -0.015050 -0.047900 -0.027987
v -0.012973 -0.048127 -0.025158
v -0.008387 -0.048182 -0.020340
v -0.011753 -0.047983 -0.016860
v -0.009505 -0.048159 -0.018339
v -0.014659 -0.048111 -0.018032
v -0.009180 -0.048169 -0.023686
v -0.000000 -0.047900 -0.031521
v 0.011731 -0.047900 -0.029360
v 0.022800 -0.047900 -0.022042
v 0.014399 -0.047983 -0.025227
v 0.015876 -0.048002 -0.018851
v 0.016519 -0.047998 -0.021754
v 0.008945 -0.047994 -0.018286
v 0.009546 -0.047959 -0.024780
v 0.028777 -0.047900 -0.012812
v 0.030809 -0.047900 -0.006555
v 0.025622 -0.048151 -0.003847
v 0.028448 -0.048126 -0.000440
v 0.027196 -0.048089 0.003049
v 0.031504 -0.047903 0.002142
v 0.024918 -0.048102 0.003946
v 0.029897 -0.047899 0.012865
v 0.021662 -0.048099 0.002778
v 0.023122 -0.047900 0.021824
v 0.027242 -0.047900 0.026214
v 0.024751 -0.047900 0.023020
v 0.023864 -0.047900 0.024652
v 0.021862 -0.047900 0.023837
v 0.029508 -0.047906 0.026471
v 0.027115 -0.047900 0.030683
v 0.025654 -0.047900 0.028448
v 0.026024 -0.047800 0.031513
v 0.029325 -0.047945 0.030671
v 0.004358 -0.047900 -0.015546
v -0.009377 -0.047924 0.023977
v -0.031292 -0.040757 0.011924
v -0.031463 -0.035899 0.014358
v -0.022594 -0.035900 0.022002
v -0.022072 -0.035900 0.024099
v -0.023864 -0.035900 0.024652
v -0.024735 -0.035900 0.022809
v 0.031296 -0.040754 0.011884
v 0.031428 -0.035899 0.015050
v 0.024652 -0.035900 0.022553
v 0.023699 -0.035900 0.024760
v 0.021875 -0.035900 0.023605
v 0.022684 -0.035900 0.022056
v 0.031343 -0.035900 -0.000561
v 0.030632 -0.037900 0.027533
v 0.029000 -0.037900 0.031064
v 0.025636 -0.037900 0.028922
v 0.027320 -0.037900 0.026131
v 0.030582 -0.043242 0.027793
v 0.030679 -0.042636 0.029224
v -0.026725 -0.037900 0.026398
v -0.026018 -0.037900 0.029870
v -0.028802 -0.037900 0.030890
v -0.029637 -0.037900 0.026505
v -0.030695 -0.037901 0.028966
v -0.030534 -0.043474 0.027729
v 0.026599 -0.037900 0.028705
v 0.028916 -0.037900 0.029793
v 0.029237 -0.037900 0.027244
v 0.029372 -0.031000 0.027653
v 0.029265 -0.031000 0.029522
v 0.026990 -0.031000 0.029485
v 0.027546 -0.031000 0.027188
v -0.028475 -0.037900 0.027054
v -0.029615 -0.037900 0.028377
v -0.028728 -0.037900 0.029875
v -0.026631 -0.037900 0.028642
v -0.026892 -0.031000 0.027922
v -0.027430 -0.031000 0.029759
v -0.029145 -0.031000 0.029556
v -0.029237 -0.031000 0.027244
v 0.010714 -0.048368 -0.017656
v 0.013150 -0.047965 -0.016934
v 0.008370 -0.048505 -0.021366
v 0.009895 -0.048515 -0.024338
v 0.013158 -0.048621 -0.024979
v 0.013498 -0.048574 -0.017549
v 0.009101 -0.048578 -0.019084
v 0.015795 -0.048585 -0.022861
v 0.015793 -0.048640 -0.019706
v 0.023243 -0.048306 0.003662
v 0.020964 -0.048346 -0.001593
v 0.020930 -0.048401 0.001416
v 0.027951 -0.048394 0.001769
v 0.022918 -0.048548 -0.003554
v 0.027490 -0.048430 -0.002548
v 0.021188 -0.051900 -0.002246
v 0.021632 -0.051900 0.002888
v 0.026334 -0.051900 0.003517
v 0.028353 -0.051900 0.000209
v 0.026218 -0.051900 -0.003714
v 0.022367 -0.051894 -0.000067
v 0.024911 -0.051892 -0.002108
v 0.023062 -0.051893 0.001625
v 0.023221 -0.051892 -0.001789
v 0.026410 -0.051893 -0.001012
v 0.026332 -0.051892 0.001242
v 0.024529 -0.051891 0.002124
v -0.010719 -0.048141 -0.024848
v -0.014483 -0.048688 -0.024315
v -0.008567 -0.048496 -0.022215
v -0.012234 -0.048554 -0.017369
v 0.023516 -0.048470 -0.002129
v 0.026650 -0.048470 -0.000597
v 0.024998 -0.048470 0.002218
v 0.022512 -0.048470 0.000792
v -0.009651 -0.047966 -0.013623
v -0.012698 -0.048500 -0.008806
v -0.014094 -0.048649 -0.010423
v -0.010731 -0.048592 -0.013615
v -0.009213 -0.048565 -0.009930
v -0.011010 -0.048556 -0.008612
v -0.009208 -0.048627 -0.012108
v -0.013778 -0.049650 -0.012622
v -0.013340 -0.049649 -0.008995
v -0.009409 -0.049649 -0.009378
v -0.010129 -0.049650 -0.013520
v -0.012991 -0.049650 -0.012165
v -0.010288 -0.049650 -0.012139
v -0.010302 -0.049650 -0.010203
v -0.012146 -0.049650 -0.009599
v -0.011998 -0.046400 -0.012787
v -0.010002 -0.046400 -0.011437
v -0.011145 -0.046400 -0.009521
v -0.013095 -0.046400 -0.010645
v -0.014667 -0.047954 0.025455
v -0.013029 -0.048655 0.024279
v -0.009749 -0.048476 0.028259
v -0.013185 -0.048472 0.028436
v -0.011048 -0.048533 0.023821
v -0.009465 -0.048554 0.024900
v -0.011522 -0.048647 0.028928
v -0.014202 -0.048472 0.025952
v -0.012422 -0.049650 0.023847
v -0.014182 -0.049650 0.026233
v -0.012446 -0.049650 0.028951
v -0.009213 -0.049650 0.027625
v -0.009576 -0.049650 0.024682
v -0.012991 -0.049650 0.025335
v -0.010288 -0.049650 0.025361
v -0.010302 -0.049650 0.027297
v -0.012146 -0.049650 0.027901
v -0.011998 -0.046400 0.024713
v -0.010002 -0.046400 0.026063
v -0.011145 -0.046400 0.027979
v -0.013095 -0.046400 0.026855
v 0.016043 -0.048369 0.026501
v 0.013190 -0.048483 0.028924
v 0.011692 -0.048477 0.028308
v 0.010811 -0.048585 0.026386
v 0.013952 -0.048533 0.023821
v 0.011865 -0.048623 0.024321
v 0.015561 -0.048541 0.024923
v 0.015076 -0.048501 0.028458
v 0.013128 -0.049650 0.023596
v 0.010818 -0.049650 0.026233
v 0.012554 -0.049650 0.028951
v 0.015595 -0.049650 0.027843
v 0.015820 -0.049650 0.025423
v 0.012009 -0.049650 0.025335
v 0.012854 -0.049650 0.027901
v 0.014698 -0.049650 0.027297
v 0.014712 -0.049650 0.025361
v 0.013002 -0.046400 0.024713
v 0.014998 -0.046400 0.026063
v 0.013855 -0.046400 0.027979
v 0.011905 -0.046400 0.026855
v 0.015728 -0.048190 -0.012485
v 0.010243 -0.047976 -0.011501
v 0.010855 -0.048506 -0.010718
v 0.014269 -0.048592 -0.013615
v 0.016004 -0.048670 -0.010763
v 0.011186 -0.048479 -0.012372
v 0.014990 -0.048562 -0.009090
v 0.013212 -0.048706 -0.008555
v 0.013128 -0.049650 -0.013904
v 0.010818 -0.049650 -0.011267
v 0.012554 -0.049650 -0.008549
v 0.015595 -0.049650 -0.009657
v 0.015820 -0.049650 -0.012077
v 0.012009 -0.049650 -0.012165
v 0.012854 -0.049650 -0.009599
v 0.014712 -0.049650 -0.012139
v 0.014698 -0.049650 -0.010203
v 0.013002 -0.046400 -0.012787
v 0.014998 -0.046400 -0.011437
v 0.013855 -0.046400 -0.009521
v 0.011905 -0.046400 -0.010645
v -0.030113 -0.046400 -0.009929
v -0.031450 -0.046334 -0.001140
v -0.031433 -0.045795 -0.000466
v -0.023769 -0.046400 -0.021052
v -0.013737 -0.046400 -0.028496
v -0.000000 -0.046400 -0.031670
v 0.015095 -0.046400 -0.028028
v 0.027032 -0.046400 -0.016380
v 0.030812 -0.046400 -0.006549
v -0.030294 -0.035900 -0.000419
v -0.030357 -0.045715 -0.000578
v -0.031353 -0.035900 -0.000557
v 0.031471 -0.046076 -0.000519
v 0.030398 -0.045695 -0.000613
v 0.030293 -0.035900 -0.000419
v 0.029962 -0.046315 -0.000956
v 0.027931 -0.035900 0.012363
v 0.029573 -0.046173 0.005170
v 0.027519 -0.046181 0.012181
v 0.023710 -0.046173 0.018415
v 0.019961 -0.045872 0.022670
v 0.019026 -0.046334 0.023782
v 0.019681 -0.035900 0.023452
v 0.020106 -0.045815 0.024672
v 0.026592 -0.045621 0.031465
v 0.025875 -0.035900 0.030934
v 0.025820 -0.046303 0.031465
v -0.029817 -0.046334 -0.000797
v -0.019657 -0.035900 0.023522
v -0.027931 -0.035900 0.012363
v -0.025292 -0.046168 0.016371
v -0.029171 -0.046187 0.007386
v -0.019818 -0.046187 0.022622
v -0.019960 -0.045837 0.024419
v -0.019651 -0.046330 0.024863
v -0.026618 -0.045678 0.031496
v -0.025645 -0.046357 0.031488
v -0.026658 -0.035900 0.031346
v 0.028886 -0.035980 0.031543
v -0.027105 -0.047709 0.032514
v 0.027089 -0.047724 0.032441
v 0.029733 -0.031003 0.031855
v 0.029572 -0.037684 0.032358
v 0.028406 -0.043511 0.032348
v 0.024974 -0.031000 0.028137
v 0.025433 -0.035900 0.027221
v 0.026931 -0.031000 0.031372
v 0.015497 -0.041699 0.052786
v 0.018612 -0.043637 0.049268
v 0.022128 -0.045842 0.043779
v 0.026847 -0.047268 0.036285
v 0.027015 -0.047619 0.036395
v 0.028978 -0.047433 0.038206
v 0.020454 -0.043249 0.050623
v -0.026409 -0.047377 0.036784
v -0.026915 -0.047593 0.036516
v -0.022043 -0.045887 0.044069
v -0.029052 -0.047411 0.037935
v -0.017569 -0.042877 0.050692
v -0.022636 -0.044692 0.047632
v 0.015578 -0.040073 0.055645
v -0.016465 -0.040349 0.055302
v -0.015315 -0.041674 0.052864
v -0.021960 -0.031066 0.056974
v -0.031288 -0.031001 0.020533
v -0.031528 -0.031005 0.041409
v -0.030769 -0.040336 0.040433
v -0.022784 -0.031113 0.056521
v -0.021403 -0.034010 0.056587
v -0.016289 -0.037910 0.056951
v -0.030686 -0.042486 0.028999
v 0.031527 -0.031006 0.041416
v 0.031288 -0.031001 0.020533
v 0.022342 -0.030995 0.056898
v 0.031170 -0.035903 0.020559
v 0.030821 -0.039979 0.040570
v 0.020415 -0.034954 0.056660
v 0.016192 -0.038014 0.056937
v 0.022474 -0.032332 0.056478
v -0.031170 -0.035903 0.020559
v 0.029879 -0.035900 0.021991
v -0.026872 -0.047294 0.036204
v -0.026826 -0.047252 0.036314
v -0.026978 -0.047591 0.036489
v -0.026830 -0.047273 0.036329
v -0.026833 -0.047284 0.036335
v -0.026827 -0.047262 0.036323
v -0.026856 -0.047367 0.036383
v -0.026846 -0.047327 0.036359
v -0.026844 -0.047316 0.036352
v -0.026838 -0.047295 0.036340
v -0.026836 -0.047294 0.036341
v -0.026833 -0.047284 0.036335
v -0.026830 -0.047273 0.036329
v -0.026829 -0.047266 0.036324
v -0.026865 -0.047401 0.036403
v -0.026862 -0.047390 0.036397
v -0.026859 -0.047380 0.036391
v -0.026862 -0.047390 0.036397
v -0.026870 -0.047422 0.036416
v -0.026859 -0.047380 0.036391
v -0.026862 -0.047390 0.036397
v -0.026856 -0.047369 0.036385
v -0.026865 -0.047401 0.036403
v -0.026867 -0.047412 0.036410
v -0.026859 -0.047380 0.036391
v -0.026862 -0.047390 0.036397
v -0.026865 -0.047401 0.036403
v -0.026867 -0.047412 0.036410
v -0.026864 -0.047400 0.036403
v -0.026870 -0.047422 0.036416
v -0.026867 -0.047412 0.036410
v -0.026875 -0.047444 0.036429
v -0.026873 -0.047433 0.036422
v -0.026870 -0.047422 0.036416
v -0.026859 -0.047380 0.036391
v -0.026862 -0.047391 0.036397
v -0.026865 -0.047401 0.036403
v -0.026867 -0.047412 0.036410
v -0.026887 -0.047491 0.036457
v -0.026873 -0.047433 0.036422
v -0.026870 -0.047422 0.036416
v -0.026859 -0.047380 0.036391
v -0.026862 -0.047391 0.036397
v -0.026857 -0.047369 0.036384
v -0.026865 -0.047401 0.036403
v -0.026867 -0.047412 0.036410
v -0.026859 -0.047380 0.036390
v -0.026862 -0.047391 0.036397
v -0.026857 -0.047369 0.036384
v -0.026865 -0.047401 0.036403
v -0.026867 -0.047412 0.036410
v -0.026849 -0.047337 0.036365
v -0.026851 -0.047348 0.036371
v -0.026844 -0.047316 0.036352
v -0.026846 -0.047327 0.036359
v -0.026859 -0.047380 0.036390
v -0.026854 -0.047359 0.036378
v -0.026857 -0.047369 0.036384
v -0.026865 -0.047401 0.036403
v -0.026862 -0.047391 0.036397
v -0.029873 -0.031003 0.031982
v -0.029291 -0.040079 0.032362
v -0.029146 -0.035863 0.031625
v -0.026202 -0.031000 0.031132
v -0.024974 -0.035900 0.028136
v -0.025281 -0.031000 0.027470
v -0.029879 -0.035900 0.021991
v -0.020572 -0.037229 0.051769
v -0.029874 -0.033436 0.040855
v -0.023924 -0.035695 0.048650
v -0.029943 -0.031000 0.041074
v -0.017260 -0.039245 0.053340
v -0.028014 -0.043898 0.037780
v -0.029216 -0.039140 0.039334
v 0.019997 -0.037931 0.051883
v 0.023924 -0.035695 0.048650
v 0.029941 -0.031001 0.041088
v 0.029869 -0.033397 0.040882
v 0.015643 -0.039829 0.053905
v 0.028186 -0.043264 0.038038
v 0.029228 -0.039087 0.039346
v 0.016536 -0.038483 0.053915
v 0.022675 -0.031092 0.054018
v -0.022675 -0.031109 0.054008
v -0.015278 -0.039645 0.053943
v 0.008470 -0.051900 -0.022267
v 0.010141 -0.051900 -0.017712
v 0.015066 -0.051931 -0.018733
v 0.015749 -0.051841 -0.020200
v 0.015982 -0.050277 -0.020797
v 0.015937 -0.051812 -0.021919
v 0.014272 -0.049926 -0.024499
v 0.010458 -0.051707 -0.024644
v 0.013779 -0.051897 -0.019706
v 0.014394 -0.051893 -0.021569
v 0.010117 -0.051894 -0.021284
v 0.010896 -0.051892 -0.022928
v 0.010812 -0.051893 -0.019593
v 0.012279 -0.051890 -0.019094
v 0.012977 -0.051810 -0.023271
v 0.014037 -0.048470 -0.022736
v 0.013475 -0.048470 -0.019377
v 0.010896 -0.048470 -0.019519
v 0.010358 -0.048470 -0.022501
v -0.015165 -0.051953 -0.018607
v -0.010141 -0.051900 -0.017712
v -0.008470 -0.051900 -0.022267
v -0.010457 -0.051707 -0.024643
v -0.014273 -0.049926 -0.024499
v -0.015950 -0.051816 -0.021892
v -0.015931 -0.051896 -0.020332
v -0.015982 -0.050279 -0.020799
v -0.015094 -0.051903 -0.019595
v -0.010107 -0.051893 -0.021213
v -0.010956 -0.051892 -0.022997
v -0.014519 -0.051894 -0.021010
v -0.013158 -0.051822 -0.023167
v -0.010998 -0.051893 -0.019423
v -0.012937 -0.051894 -0.019192
v -0.010463 -0.048470 -0.022736
v -0.010896 -0.048470 -0.019519
v -0.013475 -0.048470 -0.019377
v -0.014142 -0.048470 -0.022501
v 0.000000 0.008254 -0.036224
v -0.001575 0.008267 -0.035344
v -0.001860 0.008284 -0.033995
v -0.000592 0.008266 -0.032400
v 0.001500 0.008270 -0.033125
v 0.001800 0.008267 -0.035052
v 0.000000 0.013809 -0.036517
v -0.002422 0.013803 -0.034431
v 0.000000 0.013809 -0.032050
v 0.002422 0.013803 -0.034431
v -0.018384 0.013810 -0.031862
v -0.007468 0.013810 -0.036546
v 0.018384 0.013810 -0.031880
v 0.007468 0.013810 -0.036546
v 0.018080 -0.003627 -0.031606
v 0.018093 -0.004028 -0.032360
v 0.017560 -0.005063 -0.032058
v -0.016306 -0.006322 -0.032775
v -0.017977 -0.004070 -0.031635
v -0.018135 -0.004017 -0.032306
v 0.015578 -0.006886 -0.033589
v 0.013789 -0.007798 -0.035144
v 0.012760 -0.007909 -0.037021
v -0.015442 0.000497 -0.033954
v -0.014375 -0.007569 -0.034722
v -0.012761 -0.007913 -0.037017
v -0.012883 -0.003077 -0.037028
v 0.011685 -0.008461 -0.038981
v 0.009852 -0.010208 -0.040847
v 0.008823 -0.012598 -0.041594
v 0.010969 -0.017138 -0.039520
v 0.012745 -0.018084 -0.037046
v 0.008999 -0.011861 -0.042188
v 0.009103 -0.014705 -0.041285
v 0.009307 -0.014686 -0.041894
v 0.011296 -0.017408 -0.039747
v -0.013008 -0.018142 -0.036558
v -0.011694 -0.017548 -0.038965
v -0.009799 -0.015729 -0.040904
v -0.008764 -0.013100 -0.041568
v -0.010974 -0.008849 -0.039501
v -0.009279 -0.014538 -0.041852
v -0.009098 -0.011799 -0.042054
v -0.009103 -0.011295 -0.041284
v -0.011262 -0.008622 -0.039795
v 0.018115 -0.021963 -0.032331
v 0.014223 -0.018381 -0.034878
v 0.017621 -0.021103 -0.031925
v 0.015590 -0.019234 -0.033239
v 0.012883 -0.022923 -0.037028
v 0.018100 -0.022739 -0.031569
v -0.013787 -0.018202 -0.035145
v -0.015781 -0.019334 -0.033143
v -0.018084 -0.022449 -0.031578
v -0.018048 -0.021713 -0.032319
v -0.017585 -0.021005 -0.032016
v 0.017994 -0.035888 -0.031520
v 0.018200 -0.035303 -0.032422
v -0.018268 -0.035460 -0.032209
v -0.017989 -0.035891 -0.031516
v -0.011829 -0.033772 -0.035107
v -0.003758 -0.029416 -0.036906
v -0.005021 -0.032830 -0.036719
v 0.002438 -0.032724 -0.036940
v 0.008905 -0.033265 -0.035972
v 0.003603 -0.029194 -0.036872
v 0.010097 -0.029528 -0.035700
v 0.007458 -0.031910 -0.036380
v -0.007059 -0.031939 -0.036457
v -0.010386 -0.028940 -0.035569
v 0.010437 -0.028380 -0.033500
v 0.007324 -0.032012 -0.033500
v 0.003576 -0.028871 -0.033500
v 0.005411 -0.025385 -0.033500
v 0.004671 -0.026035 -0.037218
v 0.007293 -0.025004 -0.037482
v 0.008708 -0.025526 -0.033500
v 0.010022 -0.026996 -0.035796
v -0.003548 -0.028510 -0.033500
v -0.006931 -0.032026 -0.033500
v -0.010500 -0.028399 -0.033500
v -0.009318 -0.025977 -0.036375
v -0.008387 -0.025358 -0.033500
v -0.006974 -0.025091 -0.037467
v -0.005431 -0.025431 -0.033500
v -0.004393 -0.026176 -0.037146
v 0.005510 -0.029229 -0.033500
v 0.006368 -0.026632 -0.033500
v 0.008738 -0.028272 -0.033500
v 0.007400 -0.030058 -0.033500
v 0.005510 -0.027571 -0.031500
v 0.007400 -0.026742 -0.031500
v 0.008732 -0.029127 -0.031500
v 0.005919 -0.029767 -0.031500
v -0.007685 -0.026839 -0.031500
v -0.005539 -0.027450 -0.031500
v -0.005852 -0.029661 -0.031500
v -0.008574 -0.029425 -0.031500
v -0.007632 -0.026632 -0.033500
v -0.005262 -0.028272 -0.033500
v -0.006600 -0.030058 -0.033500
v -0.008490 -0.029229 -0.033500
v 0.011885 -0.024223 -0.037060
v 0.007741 -0.021584 -0.043202
v 0.010626 -0.021739 -0.040611
v 0.015402 -0.026459 -0.033990
v -0.004268 -0.021594 -0.044812
v 0.000039 -0.021615 -0.045513
v 0.004284 -0.021593 -0.044808
v -0.010652 -0.021730 -0.040584
v -0.007688 -0.021543 -0.043252
v -0.013298 -0.023359 -0.036266
v -0.014771 -0.026375 -0.034347
v -0.011846 -0.024159 -0.037150
v -0.009162 -0.023116 -0.040295
v 0.010159 -0.023290 -0.039358
v 0.005305 -0.023043 -0.043009
v 0.000138 -0.026029 -0.037384
v -0.002622 -0.023075 -0.043922
v 0.013298 -0.002641 -0.036266
v -0.010582 -0.004286 -0.040673
v -0.007732 -0.004444 -0.043216
v -0.004284 -0.004407 -0.044808
v -0.000039 -0.004385 -0.045513
v 0.004268 -0.004406 -0.044812
v -0.011832 -0.002001 -0.037252
v 0.010652 -0.004270 -0.040584
v 0.007688 -0.004453 -0.043250
v 0.014812 0.000409 -0.034311
v 0.011745 -0.002006 -0.037315
v 0.008716 -0.002899 -0.040617
v -0.008536 -0.002898 -0.040760
v -0.000180 -0.001794 -0.039008
v 0.002533 0.000745 -0.037174
v -0.007412 0.000631 -0.036589
v 0.009548 0.000926 -0.035933
v -0.004047 -0.002921 -0.043376
v 0.002622 -0.002925 -0.043922
v -0.014565 0.015930 0.012371
v -0.013626 0.016010 0.011126
v -0.017039 0.016010 0.004376
v -0.006101 0.015901 -0.018109
v -0.007010 0.016010 -0.016316
v -0.014703 0.015915 -0.012489
v -0.018858 0.015910 -0.003092
v -0.017302 0.016010 -0.003182
v -0.018413 0.015930 0.005112
v -0.006980 0.015856 0.017865
v -0.007695 0.016010 0.015819
v 0.018588 0.015872 -0.005161
v 0.017751 0.016010 -0.000473
v 0.013846 0.016010 -0.011119
v -0.014366 0.016010 -0.010153
v 0.000000 0.016018 0.019138
v 0.001426 0.016012 0.017690
v 0.018413 0.015919 0.005112
v 0.015380 0.016010 0.008540
v 0.006943 0.015850 0.017873
v 0.010372 0.016010 0.014209
v 0.014565 0.015902 0.012371
v 0.013141 0.015937 -0.013873
v 0.004147 0.015905 -0.018840
v 0.004294 0.016010 -0.017231
v -0.000275 0.019136 -0.017674
v -0.010910 0.019164 -0.013889
v -0.016341 0.019163 -0.006251
v -0.017462 0.019151 0.001184
v -0.015369 0.019122 0.008404
v -0.008866 0.019159 0.015278
v 0.000214 0.019157 0.017500
v 0.007564 0.019160 0.015778
v 0.013494 0.019131 0.011161
v 0.016933 0.019131 0.004463
v 0.017229 0.019156 -0.003066
v 0.014339 0.019171 -0.010017
v 0.008816 0.019156 -0.015116
v 0.000000 0.013810 0.019136
v 0.007887 0.013810 0.018090
v 0.008448 0.015810 0.019296
v -0.008456 0.015810 0.019352
v -0.007887 0.013810 0.018090
v -0.008831 0.015802 0.031030
v 0.008803 0.013810 0.031066
v 0.008832 0.015801 0.031032
v 0.031478 0.015791 0.031180
v 0.031417 0.013810 0.031361
v 0.031425 0.015810 -0.018400
v 0.031476 0.013810 -0.018012
v 0.030510 0.013809 -0.021116
v 0.025850 0.013900 -0.023026
v 0.024236 0.015780 -0.024225
v 0.025057 0.013880 -0.021722
v 0.023491 0.015807 -0.020209
v 0.025974 0.013850 -0.019960
v 0.026797 0.015794 -0.017953
v 0.028158 0.013892 -0.020895
v 0.030255 0.015831 -0.021331
v 0.027778 0.013895 -0.022848
v 0.028117 0.015521 -0.024425
v -0.008840 0.013810 0.031154
v -0.031413 0.015767 0.031320
v -0.031417 0.013810 0.031361
v -0.031500 0.015810 0.023404
v -0.031432 0.015810 -0.018280
v -0.030155 0.015846 -0.021635
v -0.031428 0.013810 -0.018962
v -0.029805 0.013811 -0.022053
v -0.028109 0.015516 -0.024421
v -0.026689 0.013888 -0.023239
v -0.028002 0.013888 -0.020557
v -0.028684 0.015804 -0.018726
v -0.024699 0.015803 -0.018613
v -0.025821 0.013883 -0.020057
v -0.023191 0.015852 -0.023052
v -0.025225 0.013895 -0.022502
v -0.024334 0.015836 -0.024434
v -0.028082 0.013891 -0.022342
v 0.021769 0.015847 -0.030141
v 0.015245 0.013807 -0.034251
v 0.008664 0.015810 -0.036107
v -0.001008 0.015828 -0.037144
v 0.000000 0.013816 -0.037161
v -0.015284 0.013808 -0.034144
v -0.011435 0.015810 -0.035294
v -0.021704 0.015834 -0.030153
v 0.024787 0.013810 -0.027592
v 0.024092 0.015554 -0.028444
v 0.028575 0.013810 -0.023438
v -0.024739 0.013810 -0.027626
v -0.024396 0.015598 -0.028199
v -0.023257 0.013893 -0.026582
v -0.018565 0.015799 -0.024756
v -0.021525 0.013878 -0.024886
v -0.019906 0.013889 -0.026836
v -0.018750 0.015805 -0.028719
v -0.021743 0.013895 -0.028381
v 0.020554 0.013885 -0.028082
v 0.018025 0.015755 -0.027930
v 0.020280 0.013886 -0.025556
v 0.020219 0.015805 -0.023427
v 0.022208 0.013842 -0.025161
v 0.023202 0.013876 -0.026372
v 0.022787 0.013901 -0.027792
v -0.001245 0.013986 -0.034784
v -0.002912 0.015805 -0.034679
v -0.000621 0.014291 -0.032908
v -0.001186 0.015800 -0.031484
v 0.002748 0.015800 -0.032964
v 0.001032 0.013989 -0.033454
v 0.001237 0.013986 -0.034805
v 0.001948 0.015805 -0.036498
v -0.000002 0.014027 -0.035652
v -0.000822 0.013810 -0.033037
v 0.029678 0.015810 0.028526
v 0.028416 0.015810 0.029925
v 0.026676 0.015810 0.028633
v 0.028336 0.015810 0.027041
v -0.027086 0.015810 0.029610
v -0.029839 0.015810 0.028635
v -0.027624 0.015810 0.027115
v 0.023544 0.015805 0.029631
v -0.024973 0.015799 0.028122
v -0.018398 0.015805 0.025237
v -0.019788 0.015791 0.029938
v -0.021730 0.015806 0.023123
v 0.018140 0.015800 0.025831
v 0.019553 0.015806 0.029511
v 0.023721 0.015840 0.023776
v 0.020771 0.015808 0.023297
v 0.024312 0.015791 0.018609
v 0.029572 0.015793 0.019426
v 0.029556 0.015809 0.023447
v 0.025114 0.015849 0.025274
v -0.025564 0.015765 0.018029
v -0.029930 0.015804 0.020391
v -0.023316 0.015798 0.023159
v -0.028321 0.015774 0.024956
v -0.027531 0.013810 0.029711
v -0.026734 0.013810 0.028003
v -0.028753 0.013810 0.027172
v -0.029531 0.013810 0.029332
v 0.029468 0.013810 0.029422
v 0.028940 0.013810 0.027295
v 0.027091 0.013810 0.027493
v 0.027181 0.013810 0.029508
v -0.027730 0.013883 0.020296
v -0.028274 0.013908 0.021760
v -0.027075 0.013891 0.023230
v -0.025444 0.013856 0.022672
v -0.025012 0.013896 0.021227
v -0.026174 0.013894 0.020066
v -0.021583 0.013905 0.024995
v -0.023312 0.013836 0.026562
v -0.021376 0.013895 0.028390
v -0.019886 0.013875 0.026474
v 0.021592 0.013902 0.024994
v 0.020035 0.013871 0.026116
v 0.020229 0.013888 0.027575
v 0.021674 0.013897 0.028337
v 0.023317 0.013857 0.026577
v 0.025668 0.013896 0.020251
v 0.025042 0.013842 0.021642
v 0.025800 0.013841 0.022974
v 0.027798 0.013874 0.022923
v 0.027796 0.013891 0.020289
v 0.016223 0.013828 0.002660
v 0.013439 0.013818 -0.009112
v 0.008448 0.013816 0.014041
v 0.004068 0.013814 -0.016037
v -0.006998 0.013810 -0.014523
v -0.015503 0.014163 -0.000699
v -0.013785 0.014294 0.006880
v -0.010901 0.013811 0.011877
v -0.013445 0.013812 -0.009116
v -0.003491 0.013814 0.015861
v -0.020635 0.013810 0.012556
v -0.006056 0.014751 0.014118
v -0.014917 0.014823 0.002445
v -0.013187 0.014873 -0.007091
v -0.009274 0.014794 -0.011951
v -0.003233 0.014782 -0.014690
v 0.002780 0.014803 -0.014814
v 0.009274 0.014794 -0.011951
v 0.014026 0.014839 -0.005587
v 0.014917 0.014823 0.002445
v 0.012449 0.014782 0.008441
v 0.008182 0.014789 0.012658
v 0.002073 0.014809 0.014930
v 0.002787 0.019127 0.014734
v 0.000993 0.019210 0.015270
v -0.014106 0.019210 -0.007214
v -0.002751 0.019102 0.014710
v -0.013115 0.019210 -0.008488
v -0.015143 0.019114 0.000735
v -0.000453 0.019210 0.014501
v -0.000703 0.019210 0.015849
v -0.011369 0.019108 -0.009686
v 0.011365 0.019114 -0.009701
v 0.012337 0.019210 -0.008110
v 0.011551 0.019118 0.009811
v 0.013333 0.019210 -0.006746
v 0.014086 0.019107 -0.004993
v -0.012665 0.019122 0.008587
v -0.006885 0.019086 0.013446
v -0.011142 0.019168 -0.006449
v -0.012325 0.019210 -0.007305
v 0.006315 0.019110 -0.013925
v 0.015146 0.019128 0.002326
v 0.014045 0.019210 -0.007994
v -0.014097 0.019114 -0.004982
v -0.001639 0.019118 -0.015066
v -0.007684 0.019115 -0.013056
v 0.011156 0.019168 -0.006425
v -0.000013 0.019162 0.012871
v 0.006777 0.019063 0.013503
v 0.002817 0.016709 0.014678
v -0.000880 0.016609 0.015068
v -0.002759 0.016709 0.014651
v 0.000079 0.016710 0.012781
v -0.000163 0.016710 0.014376
v -0.000026 0.016504 0.016120
v 0.000893 0.016612 0.015100
v 0.000000 0.016070 0.015063
v 0.014094 0.016709 -0.004921
v 0.011295 0.016710 -0.009790
v 0.013603 0.016607 -0.006734
v 0.011029 0.016710 -0.006459
v 0.012415 0.016673 -0.007991
v 0.013527 0.016496 -0.008471
v 0.013046 0.016062 -0.007542
v -0.014106 0.016710 -0.004899
v -0.011309 0.016710 -0.009769
v -0.012557 0.016632 -0.008197
v -0.012597 0.016710 -0.006984
v -0.011108 0.016710 -0.006322
v -0.013026 0.016068 -0.007544
v -0.013622 0.016504 -0.008395
v -0.013772 0.016555 -0.006925
vn -0.0063 0.6575 -0.7534
vn -0.4289 0.2619 -0.8645
vn -0.3006 0.7599 -0.5763
vn -0.0335 0.9870 -0.1572
vn -0.4846 0.8736 -0.0454
vn -0.6764 0.6551 0.3365
vn -0.1112 0.7767 0.6199
vn -0.6668 0.1833 0.7223
vn -0.0710 0.1365 0.9881
vn -0.6557 -0.3465 0.6708
vn -0.0780 -0.7589 0.6465
vn -0.4139 -0.8904 0.1895
vn -0.0325 -0.8976 -0.4396
vn -0.6902 -0.6729 -0.2663
vn -0.6740 -0.3550 -0.6478
vn -0.0832 -0.2134 -0.9734
vn -0.3380 0.3631 0.8683
vn -0.3622 0.6519 0.6662
vn -0.9953 0.0827 0.0494
vn -0.2390 0.9660 0.0984
vn -0.9954 0.0176 0.0944
vn -0.5514 -0.8201 -0.1529
vn -0.3441 -0.8727 0.3464
vn -0.9945 -0.0730 0.0751
vn -0.9937 0.1117 0.0066
vn -0.9995 0.0267 -0.0191
vn -0.4561 0.7264 -0.5140
vn -0.5543 0.1016 -0.8261
vn -0.9980 -0.0347 -0.0525
vn -0.9994 -0.0129 -0.0314
vn -0.2608 -0.3153 0.9124
vn -0.9905 -0.0515 -0.1272
vn 0.6676 0.2178 -0.7120
vn 0.2019 -0.9131 -0.3542
vn 0.5497 -0.4740 -0.6879
vn 0.7639 0.5745 -0.2940
vn -0.9992 -0.0279 0.0302
vn -0.6265 0.0124 0.7793
vn -0.6017 -0.6318 0.4886
vn -0.5471 0.8209 0.1635
vn -0.5785 -0.6454 -0.4987
vn -0.4910 0.6617 -0.5666
vn -0.5454 0.0331 -0.8375
vn 0.6828 0.3981 0.6126
vn 0.6779 -0.4999 0.5390
vn 0.6776 -0.6394 -0.3634
vn 0.6582 0.0756 -0.7491
vn 0.6347 0.7092 -0.3070
vn 0.9998 -0.0146 -0.0126
vn 1.0000 0.0006 -0.0076
vn 0.9999 -0.0103 -0.0106
vn 0.9988 0.0148 -0.0464
vn 1.0000 0.0044 -0.0089
vn 0.9999 -0.0009 0.0108
vn 0.7207 -0.5009 0.4793
vn 0.9996 -0.0224 -0.0181
vn 0.9942 -0.1074 0.0010
vn 0.8521 -0.2221 -0.4739
vn 0.5575 0.1100 0.8229
vn 0.5126 0.7487 0.4205
vn 0.6383 -0.6783 -0.3641
vn 0.6080 -0.6791 -0.4112
vn 0.6620 -0.6805 -0.3141
vn -0.5671 -0.7412 -0.3592
vn -0.5936 -0.7424 -0.3106
vn -0.5341 -0.7424 -0.4045
vn -0.0934 -0.7133 0.6947
vn -0.0380 -0.7153 0.6978
vn -0.1483 -0.7139 0.6844
vn 0.7995 -0.2152 0.5608
vn 0.0116 -0.2005 -0.9796
vn 0.5529 -0.7770 -0.3009
vn -0.8935 -0.1564 0.4209
vn -0.3449 0.0430 0.9377
vn -0.9254 -0.0181 -0.3785
vn -0.1315 -0.8839 -0.4488
vn 0.8191 0.1346 0.5576
vn 0.0323 -0.9742 0.2232
vn -0.4274 -0.8874 0.1729
vn -0.2214 -0.7323 0.6440
vn 0.2747 -0.5887 0.7603
vn 0.6909 -0.7226 -0.0203
vn 0.8438 -0.2797 -0.4579
vn -0.6367 -0.6453 0.4221
vn 0.0003 -1.0000 0.0024
vn -0.4829 -0.5553 -0.6771
vn -0.0065 -1.0000 0.0065
vn 0.3294 0.0365 -0.9435
vn 0.2985 -0.6258 -0.7206
vn 0.5603 -0.1874 -0.8068
vn 0.4283 0.0619 -0.9015
vn -0.9485 -0.3159 -0.0244
vn 0.1316 -0.8427 -0.5221
vn 0.4393 -0.3724 0.8176
vn 0.9872 0.0110 -0.1589
vn 0.7472 -0.1751 -0.6411
vn -0.8603 -0.0036 0.5098
vn -0.3484 -0.0357 0.9367
vn -0.9530 -0.0377 0.3007
vn 0.4054 -0.5891 0.6990
vn 0.5514 0.0033 0.8342
vn 0.7718 -0.6058 -0.1935
vn 0.9506 -0.0659 -0.3032
vn -0.9889 0.0305 0.1454
vn -0.7352 -0.6713 0.0940
vn -0.9686 0.0541 0.2426
vn -0.9655 -0.2145 0.1477
vn -0.5538 -0.8321 -0.0299
vn 0.2784 -0.1487 0.9489
vn -0.0412 -0.9649 0.2595
vn -0.5618 -0.3985 0.7249
vn -0.8212 -0.4585 -0.3398
vn -0.6956 -0.6822 -0.2252
vn -0.7444 -0.1205 -0.6568
vn -0.5801 0.4534 -0.6767
vn -0.8004 -0.0089 -0.5994
vn 0.1299 0.9862 -0.1022
vn -0.6052 0.7450 -0.2806
vn -0.5298 0.6090 0.5903
vn -0.6640 0.7331 0.1472
vn -0.7083 0.1533 0.6891
vn -0.3618 -0.3322 -0.8711
vn -0.4313 -0.8521 0.2965
vn -0.9392 -0.2297 -0.2552
vn -0.9738 0.0181 -0.2266
vn -0.9347 0.3363 -0.1150
vn -0.8126 0.5768 0.0839
vn -0.9888 -0.0345 -0.1449
vn -0.7108 -0.6951 -0.1078
vn -0.8893 -0.0061 -0.4574
vn -0.9055 -0.4242 0.0103
vn -0.9659 0.2045 0.1589
vn -0.9992 0.0402 -0.0006
vn -0.9921 0.0961 0.0812
vn -0.9375 0.2242 -0.2660
vn -0.9300 0.1883 -0.3157
vn -0.9703 -0.2176 -0.1058
vn -0.9872 -0.1223 -0.1026
vn -0.9996 -0.0243 -0.0123
vn -0.9997 0.0126 0.0217
vn -0.8827 0.2363 0.4062
vn -0.9998 0.0141 -0.0155
vn -0.6189 -0.3717 -0.6919
vn 0.0063 -0.3855 -0.9227
vn 0.0327 -0.9938 -0.1066
vn -0.6242 -0.6841 0.3773
vn 0.0379 -0.5192 0.8538
vn 0.0113 0.4941 0.8693
vn -0.6372 -0.1645 0.7530
vn -0.6220 0.4536 0.6382
vn 0.0026 0.9930 0.1180
vn -0.6228 0.7790 -0.0725
vn 0.0116 0.6170 -0.7869
vn -0.6229 0.3583 -0.6955
vn -0.6282 -0.7421 -0.2337
vn -0.9996 -0.0206 0.0186
vn -0.9995 -0.0326 -0.0047
vn -0.9996 0.0157 0.0255
vn -0.9997 0.0200 -0.0125
vn -0.9996 0.0086 -0.0270
vn 0.0434 -0.0039 0.9991
vn -0.0553 0.3572 0.9324
vn -0.0383 -0.8010 0.5974
vn 0.0464 -0.9612 0.2720
vn -0.0430 -0.8339 -0.5503
vn 0.0531 -0.5060 -0.8609
vn 0.0443 0.6731 -0.7383
vn -0.0407 0.1960 -0.9798
vn -0.0523 0.9786 -0.1992
vn 0.0379 0.9500 0.3100
vn 0.7639 0.3276 -0.5560
vn 0.6083 0.7339 -0.3022
vn 0.9754 -0.0275 -0.2189
vn 0.9524 0.0114 -0.3048
vn 0.8175 -0.0368 0.5748
vn 0.9908 -0.0440 0.1282
vn 0.6207 -0.7572 0.2037
vn 0.9455 -0.0076 0.3254
vn 0.7693 -0.1596 0.6187
vn 0.9981 -0.0011 -0.0610
vn 0.9983 -0.0014 -0.0578
vn 0.9996 -0.0133 -0.0230
vn 0.9999 -0.0089 0.0068
vn 0.9990 0.0074 0.0431
vn 0.9999 0.0126 -0.0073
vn 0.7090 -0.5861 0.3921
vn 0.6464 -0.1551 0.7471
vn 0.7035 0.0205 -0.7104
vn 0.5265 -0.0231 -0.8499
vn -0.3473 -0.0435 -0.9368
vn 0.1574 -0.1030 -0.9821
vn -0.0930 -0.5978 -0.7962
vn -0.8340 -0.0046 -0.5518
vn -0.7211 0.0016 -0.6928
vn -0.7337 0.0151 0.6793
vn 0.1329 -0.7170 0.6843
vn 0.5044 -0.0140 0.8633
vn 0.6130 -0.7703 0.1755
vn -0.0000 -1.0000 -0.0000
vn 0.4796 -0.8546 -0.1991
vn -0.0117 -0.9999 -0.0067
vn -0.0812 -0.9967 0.0024
vn 0.5094 -0.8227 0.2523
vn 0.7360 -0.5934 -0.3257
vn 0.5073 -0.8517 -0.1312
vn -0.0261 -0.8326 -0.5532
vn -0.0115 -0.9995 -0.0297
vn 0.0100 -0.9999 -0.0090
vn 0.0546 -0.9765 0.2086
vn 0.0290 -0.9995 0.0139
vn -0.3327 -0.6040 0.7242
vn -0.4323 -0.8914 -0.1358
vn 0.8119 0.1025 0.5748
vn 0.7977 -0.2189 0.5619
vn 0.0083 -0.1970 -0.9804
vn -0.9535 0.0424 -0.2983
vn -0.0933 -0.7132 0.6947
vn -0.0379 -0.7153 0.6978
vn -0.0000 1.0000 -0.0000
vn -0.0001 1.0000 0.0002
vn 0.0002 1.0000 0.0008
vn -0.0008 1.0000 0.0002
vn -0.0014 1.0000 0.0002
vn 0.0001 1.0000 -0.0016
vn -0.0022 1.0000 0.0001
vn -0.0043 1.0000 -0.0000
vn 0.9994 -0.0142 0.0325
vn 0.3516 -0.0349 -0.9355
vn 0.9651 0.0410 -0.2586
vn 0.3379 -0.0095 0.9411
vn 0.2347 0.0706 0.9695
vn -0.7889 -0.0255 0.6140
vn -0.8199 -0.0412 -0.5711
vn -0.9971 0.0754 -0.0045
vn -0.0371 0.0419 -0.9984
vn 0.3224 0.8264 -0.4616
vn 0.3654 0.8270 -0.4272
vn 0.2743 0.8269 -0.4910
vn 0.5604 0.7899 0.2490
vn 0.5335 0.7913 0.2987
vn 0.5800 0.7903 0.1977
vn -0.4223 0.7412 0.5217
vn -0.4633 0.7424 0.4839
vn -0.3769 0.7424 0.5539
vn -0.3700 0.8028 -0.4676
vn -0.3243 0.8028 -0.5003
vn -0.4105 0.8041 -0.4300
vn 0.9420 -0.0034 -0.3357
vn -0.2740 -0.0280 -0.9613
vn 0.9400 0.0062 -0.3412
vn 0.3155 -0.0022 0.9489
vn -0.9637 -0.0241 0.2660
vn 0.1996 0.0506 0.9786
vn -0.9990 0.0434 0.0143
vn -0.1815 0.0083 -0.9834
vn 0.2387 0.8194 -0.5212
vn 0.2881 0.8202 -0.4943
vn 0.1873 0.8197 -0.5413
vn 0.5923 0.7606 0.2658
vn 0.5650 0.7624 0.3154
vn 0.6121 0.7611 0.2147
vn -0.4537 0.7612 0.4634
vn -0.4916 0.7615 0.4225
vn -0.4110 0.7629 0.4991
vn -0.4133 0.8198 -0.3964
vn -0.3723 0.8200 -0.4346
vn -0.4489 0.8205 -0.3539
vn 0.9666 -0.0443 0.2526
vn 0.4152 -0.0584 -0.9078
vn 0.8072 0.0512 -0.5881
vn -0.1495 -0.0684 0.9864
vn 0.7152 0.0506 0.6971
vn -0.9445 -0.0874 -0.3166
vn -0.6717 0.0766 0.7368
vn -0.6054 0.0816 -0.7917
vn 0.1428 0.7904 -0.5957
vn 0.1967 0.7907 -0.5797
vn 0.0883 0.7918 -0.6044
vn 0.5715 0.8192 0.0472
vn 0.5634 0.8198 0.1028
vn 0.5726 0.8198 -0.0080
vn 0.0652 0.8011 0.5950
vn 0.0093 0.8021 0.5971
vn 0.1199 0.8015 0.5858
vn -0.6498 0.7600 -0.0105
vn -0.6451 0.7612 -0.0665
vn -0.6475 0.7608 0.0447
vn 0.9971 -0.0745 -0.0145
vn 0.0292 -0.0412 -0.9987
vn 0.8161 0.0422 -0.5764
vn -0.2340 -0.0698 0.9697
vn 0.7915 0.0268 0.6106
vn -0.9655 -0.0405 -0.2573
vn -0.9992 0.0149 0.0372
vn -0.3553 0.0352 -0.9341
vn -0.3329 0.0108 0.9429
vn 0.1812 0.8109 -0.5564
vn 0.2335 0.8114 -0.5358
vn 0.1277 0.8117 -0.5700
vn 0.5622 0.8267 0.0249
vn 0.5563 0.8270 0.0807
vn 0.5610 0.8272 -0.0305
vn 0.1847 0.8195 0.5425
vn 0.1307 0.8202 0.5570
vn 0.2363 0.8197 0.5217
vn -0.4717 0.8276 0.3044
vn -0.4994 0.8277 0.2559
vn -0.4383 0.8283 0.3489
vn -0.4879 0.8270 -0.2793
vn -0.4566 0.8278 -0.3261
vn -0.5127 0.8272 -0.2300
vn 0.0247 0.7985 0.6015
vn -0.0029 0.7984 0.6021
vn 0.0527 0.7992 0.5987
vn -0.5895 0.8022 0.0947
vn -0.5944 0.8032 0.0391
vn -0.5776 0.8026 0.1491
vn -0.0928 0.8014 -0.5909
vn -0.0378 0.8018 -0.5964
vn -0.1476 0.8024 -0.5783
vn 0.6047 0.7853 -0.1325
vn 0.6122 0.7870 -0.0767
vn 0.5905 0.7854 -0.1858
vn -0.7974 -0.0237 -0.6029
vn 0.5387 0.0061 -0.8424
vn 0.8212 -0.1077 -0.5604
vn -0.6392 0.0436 0.7678
vn -0.8480 -0.0622 -0.5264
vn 0.7944 0.0660 0.6038
vn -0.0452 -0.1616 0.9858
vn 0.6915 0.0543 0.7203
vn -0.6909 0.0111 0.7229
vn -0.3393 0.3303 0.8808
vn 0.9394 0.2299 0.2544
vn -0.9465 0.0023 -0.3227
vn 0.3602 0.0581 -0.9311
vn 0.3374 0.0333 -0.9408
vn -0.9510 -0.0548 -0.3042
vn -0.7842 0.0014 0.6205
vn -0.8030 -0.0508 0.5938
vn 0.9548 0.0109 0.2972
vn 0.7349 0.6416 0.2196
vn -0.9754 0.0340 -0.2178
vn -0.9661 -0.0344 -0.2557
vn -0.8676 0.0003 -0.4973
vn -0.8672 -0.0000 -0.4979
vn -0.0000 -0.0000 -1.0000
vn 0.8676 -0.0003 -0.4973
vn 0.8672 -0.0000 -0.4979
vn 0.9596 0.0348 -0.2792
vn 0.9755 -0.0398 -0.2165
vn 0.9801 0.0020 0.1984
vn 0.3274 0.3155 0.8906
vn 0.6272 -0.0335 0.7782
vn 0.7026 -0.7050 -0.0966
vn -0.9614 -0.2606 0.0883
vn -0.4607 -0.8819 -0.1003
vn 0.1963 0.9760 0.0941
vn 0.9787 0.2040 -0.0214
vn -0.6083 0.7936 -0.0173
vn 0.3978 -0.8457 -0.3556
vn -0.9802 -0.1807 -0.0813
vn -0.4309 -0.8859 -0.1719
vn 0.9875 0.0634 -0.1444
vn -0.1997 0.9393 0.2791
vn 0.9919 0.1268 0.0091
vn -0.4061 0.9078 0.1049
vn 0.1483 -0.9877 0.0505
vn -0.8601 0.4926 0.1323
vn -0.8200 0.3818 0.4265
vn 0.7857 0.6009 0.1471
vn 0.4480 0.8937 -0.0249
vn 0.8522 -0.5232 -0.0047
vn -0.8020 -0.2517 0.5418
vn 0.1589 -0.9702 0.1829
vn -0.7996 0.5559 0.2273
vn -0.9473 0.1596 0.2777
vn 0.4452 0.8948 -0.0322
vn 0.8822 -0.4649 0.0749
vn -0.5800 -0.7702 0.2654
vn 0.9992 0.0406 0.0064
vn 0.6554 0.0020 0.7553
vn 0.9742 -0.0048 -0.2255
vn 0.4410 0.0199 0.8973
vn -0.3190 0.0585 -0.9459
vn -0.3532 -0.0473 -0.9343
vn -0.7163 0.0413 0.6965
vn -0.9378 0.2338 0.2565
vn -0.9942 0.0242 0.1043
vn -0.7582 0.6257 0.1835
vn -0.9113 -0.0038 0.4117
vn -0.8893 0.0764 0.4509
vn -0.4015 0.0171 -0.9157
vn -0.7957 -0.1407 -0.5892
vn 0.8445 0.0102 -0.5354
vn 0.5293 0.0606 0.8463
vn 0.9294 -0.1363 -0.3430
vn -0.1512 -0.1319 0.9797
vn -0.1356 0.7844 0.6052
vn -0.1621 0.7850 0.5979
vn -0.1079 0.7844 0.6109
vn -0.5539 0.7928 -0.2542
vn -0.5287 0.7927 -0.3036
vn -0.5729 0.7945 -0.2015
vn 0.1460 0.8113 -0.5661
vn 0.1993 0.8123 -0.5481
vn 0.0919 0.8116 -0.5770
vn 0.5864 0.7978 0.1402
vn 0.5703 0.7984 0.1935
vn 0.5957 0.7987 0.0852
vn -0.0000 1.0000 0.0001
vn -0.0001 1.0000 0.0001
vn 0.4245 -0.3121 0.8500
vn -0.4121 -0.6463 0.6423
vn -0.3638 -0.3440 0.8656
vn -0.4527 -0.6573 0.6025
vn 0.6441 -0.7648 -0.0101
vn -0.4291 -0.9010 -0.0635
vn 0.4902 -0.7310 0.4747
vn 0.2865 -0.5703 0.7699
vn 0.4216 0.0157 0.9066
vn -0.0084 0.3147 0.9492
vn 0.0018 -0.6785 0.7346
vn 0.0028 0.0667 0.9978
vn -0.5076 0.0331 0.8610
vn 0.0004 -0.9995 0.0312
vn -0.9890 -0.1452 0.0273
vn 0.2342 -0.7880 0.5693
vn -0.3470 -0.9374 -0.0293
vn 0.0710 -0.5336 0.8427
vn 0.3602 -0.3273 0.8736
vn -0.4267 -0.2989 0.8536
vn -0.0003 0.0005 1.0000
vn -0.0000 -0.0000 1.0000
vn 0.1468 -0.0657 0.9870
vn -0.1021 -0.5785 0.8093
vn -0.3536 0.7446 0.5662
vn 0.3274 0.6302 0.7041
vn 0.8397 0.1858 0.5102
vn -0.5162 0.8565 0.0045
vn 0.3014 -0.6261 0.7192
vn -0.3968 0.0466 0.9167
vn 0.8357 -0.2016 0.5109
vn -0.0144 -0.9292 -0.3693
vn -0.0147 -0.9266 -0.3758
vn -0.3507 0.0997 0.9312
vn 0.6963 0.1676 0.6979
vn 0.0017 0.0011 1.0000
vn 0.0004 0.0282 0.9996
vn -0.2815 0.6780 0.6791
vn 0.4234 0.6046 0.6746
vn 0.3022 -0.6263 0.7186
vn -0.4468 -0.7823 0.4341
vn 0.8367 -0.2015 0.5092
vn -0.3478 0.0686 0.9351
vn 0.0018 -0.0000 1.0000
vn -0.2371 0.6757 0.6980
vn 0.3282 0.6303 0.7036
vn 0.0012 -0.0202 0.9998
vn 0.0001 -0.0011 1.0000
vn 0.0012 -0.0207 0.9998
vn -0.4037 0.7578 0.5125
vn 0.4057 0.5763 0.7094
vn 0.8362 0.2011 0.5103
vn -0.5191 0.8547 -0.0031
vn -0.3544 0.0567 0.9334
vn 0.3806 -0.6446 0.6630
vn 0.8391 -0.1782 0.5139
vn -0.0145 -0.9314 -0.3636
vn -0.0147 -0.9290 -0.3698
vn -0.0013 0.0216 0.9998
vn -0.0364 0.6263 0.7787
vn -0.0347 0.5963 0.8020
vn 0.6085 0.0250 0.7932
vn -0.5237 0.8519 0.0012
vn -0.4181 0.7585 0.4999
vn -0.3513 0.0591 0.9344
vn 0.3401 -0.6173 0.7094
vn 0.9501 0.0916 0.2982
vn -0.6703 0.1480 0.7272
vn 0.3996 0.2534 0.8810
vn -0.0254 0.6437 0.7649
vn 0.0006 0.0396 0.9992
vn 0.1503 0.3211 0.9350
vn -0.1222 -0.5318 0.8380
vn -0.2555 -0.9600 0.1146
vn -0.1588 -0.4811 0.8622
vn -0.0316 -0.9995 -0.0091
vn 0.2317 -0.9107 0.3419
vn 0.1533 -0.4824 0.8624
vn -0.0953 -0.7593 0.6438
vn 0.0118 0.1827 0.9831
vn 0.6832 -0.0404 0.7292
vn -0.1397 -0.9898 -0.0263
vn 0.2539 -0.9670 0.0191
vn -0.0373 -0.6348 0.7718
vn 0.2518 -0.5273 0.8115
vn -0.8493 -0.0200 0.5275
vn 0.0861 -0.5350 0.8405
vn -0.0000 -1.0000 0.0007
vn 0.4288 -0.0174 0.9032
vn 0.6249 0.0292 0.7802
vn -0.3914 0.6278 0.6728
vn -0.5163 0.0311 0.8558
vn -0.0011 0.0206 0.9998
vn -0.0276 0.5219 0.8526
vn -0.0265 0.5015 0.8648
vn -0.7936 0.0129 0.6083
vn 0.5387 -0.0061 0.8424
vn 0.7997 0.1091 0.5904
vn -0.6332 -0.0496 -0.7724
vn -0.8889 0.0844 0.4503
vn 0.7937 -0.0681 -0.6045
vn 0.0477 0.1518 -0.9873
vn 0.0249 -0.7986 -0.6013
vn -0.0029 -0.7984 -0.6021
vn 0.0527 -0.7992 -0.5987
vn -0.5894 -0.8022 -0.0947
vn -0.5944 -0.8032 -0.0391
vn -0.5776 -0.8026 -0.1491
vn -0.0929 -0.8014 0.5909
vn -0.0379 -0.8018 0.5964
vn -0.1476 -0.8024 0.5782
vn 0.6047 -0.7853 0.1325
vn 0.6122 -0.7870 0.0767
vn 0.5904 -0.7854 0.1858
vn -0.8909 -0.0310 -0.4531
vn -0.4313 -0.0201 0.9020
vn -0.5595 0.0262 0.8284
vn 0.5175 -0.0420 -0.8547
vn -0.8189 0.0177 -0.5736
vn 0.3839 0.0037 -0.9233
vn 0.8532 -0.0322 0.5205
vn 0.9555 0.0023 -0.2951
vn 0.7539 0.0137 0.6569
vn -0.1352 -0.7845 -0.6052
vn -0.1621 -0.7850 -0.5979
vn -0.1079 -0.7844 -0.6109
vn -0.5539 -0.7928 0.2542
vn -0.5287 -0.7927 0.3036
vn -0.5729 -0.7945 0.2016
vn 0.1461 -0.8114 0.5660
vn 0.1993 -0.8124 0.5480
vn 0.0919 -0.8116 0.5770
vn 0.5863 -0.7978 -0.1403
vn 0.5702 -0.7984 -0.1935
vn 0.5957 -0.7987 -0.0852
vn 0.4312 0.7480 0.5045
vn 0.2960 -0.7087 0.6403
vn 0.8310 -0.0876 -0.5493
vn 0.8668 0.0030 0.4986
vn -0.0048 -0.9309 -0.3652
vn -0.0049 -0.9300 -0.3675
vn -0.8676 -0.0073 0.4972
vn -0.8663 0.0077 0.4995
vn -0.8684 -0.0000 0.4958
vn -0.8745 -0.0124 0.4849
vn -0.8685 -0.0036 0.4956
vn -0.8429 0.0297 0.5372
vn -0.8698 -0.0037 0.4934
vn -0.6907 0.7196 0.0720
vn -0.4136 0.0184 0.9103
vn -0.4491 0.7603 0.4693
vn -0.8542 -0.0184 0.5197
vn -0.0248 0.9996 0.0106
vn -0.0193 0.6576 0.7531
vn 0.0011 0.4995 0.8663
vn -0.0011 0.6812 0.7321
vn -0.0000 0.0001 1.0000
vn 0.0314 -0.0157 0.9994
vn -0.0000 -0.0001 1.0000
vn -0.0327 0.8777 0.4781
vn -0.1060 -0.3962 0.9120
vn -0.5469 -0.1329 -0.8266
vn -0.3438 -0.0984 0.9339
vn -0.7801 0.1276 0.6124
vn 0.9919 -0.1234 -0.0290
vn -0.1268 0.1090 -0.9859
vn 0.9630 0.1285 0.2368
vn -0.0000 -1.0000 -0.0001
vn -0.0001 -1.0000 -0.0002
vn -0.0001 -1.0000 -0.0000
vn -0.0001 -1.0000 -0.0001
vn -0.6105 -0.0731 0.7887
vn 0.2097 0.0887 0.9737
vn -0.9341 0.0915 0.3451
vn 0.5988 -0.6013 -0.5290
vn -0.8446 -0.0708 -0.5307
vn 0.3248 -0.0467 -0.9446
vn 0.9920 -0.0297 -0.1231
vn 0.7039 -0.7055 -0.0819
vn 0.7104 -0.6699 0.2156
vn 0.6198 -0.0401 0.7837
vn 0.2232 -0.7380 0.6368
vn 0.4900 -0.8123 0.3164
vn 0.6861 -0.6503 0.3262
vn 0.1359 -0.8206 0.5551
vn 0.1404 -0.6233 0.7693
vn 0.4832 -0.6210 0.6171
vn 0.1793 -0.9483 0.2619
vn -0.3951 -0.8925 -0.2174
vn 0.3187 -0.9478 0.0077
vn 0.8066 -0.4961 0.3213
vn 0.8390 -0.5406 0.0613
vn 0.8815 -0.4710 0.0328
vn 0.6182 -0.7855 0.0292
vn 0.5902 -0.8057 0.0499
vn 0.8313 0.5557 -0.0119
vn 0.8736 0.4015 0.2752
vn 0.7777 0.4555 0.4332
vn 0.7272 0.4940 0.4766
vn 0.4101 0.5626 0.7178
vn -0.2042 -0.7000 0.6844
vn -0.2168 -0.8085 0.5472
vn -0.3418 0.5886 0.7326
vn -0.1160 -0.9725 0.2021
vn -0.4625 -0.6356 0.6182
vn -0.6444 -0.6899 0.3297
vn -0.4028 -0.8712 0.2807
vn -0.6942 0.4503 0.5616
vn -0.5559 -0.5882 -0.5874
vn -0.7802 -0.5891 -0.2106
vn -0.1129 -0.9300 -0.3498
vn -0.7994 -0.5044 0.3264
vn -0.8394 -0.5393 0.0671
vn -0.7684 0.4495 0.4555
vn -0.5057 -0.8413 0.1909
vn -0.3353 -0.6834 0.6484
vn -0.8644 0.4179 0.2795
vn -0.8259 0.5623 0.0422
vn -0.6996 -0.7097 0.0834
vn -0.8350 -0.0452 0.5483
vn 0.3293 -0.0479 0.9430
vn 0.4418 -0.0312 -0.8966
vn 0.9979 -0.0450 0.0474
vn -0.7223 -0.0315 -0.6908
vn -0.0000 -1.0000 0.0002
vn 0.0001 -1.0000 -0.0000
vn -0.0000 -1.0000 0.0001
vn -0.0000 -1.0000 -0.0002
vn -0.0001 -1.0000 -0.0003
vn -0.7160 -0.0104 0.6981
vn 0.5543 -0.0284 0.8319
vn 0.4430 0.1623 0.8817
vn -0.7170 -0.0168 -0.6969
vn -0.9737 0.2280 -0.0014
vn 0.8256 -0.0318 -0.5633
vn 0.5440 0.1825 -0.8190
vn 0.1298 -0.9818 -0.1386
vn 0.6614 -0.7499 0.0147
vn 0.6543 -0.7241 -0.2180
vn 0.5040 -0.6708 -0.5441
vn 0.1442 -0.8518 -0.5036
vn 0.8863 -0.4619 -0.0332
vn 0.9616 -0.2703 0.0483
vn -0.0680 -0.8367 -0.5435
vn 0.8267 -0.0226 -0.5622
vn 0.0505 0.8156 -0.5764
vn 0.5289 0.8357 -0.1481
vn 0.7782 0.0035 0.6280
vn 0.2268 0.8642 0.4490
vn -0.5587 -0.0438 0.8282
vn -0.4496 0.8447 0.2904
vn -0.5002 0.8061 -0.3162
vn -0.8104 0.5795 0.0863
vn -0.8469 0.5309 0.0288
vn -0.8724 -0.4884 0.0197
vn -0.3516 -0.6713 -0.6524
vn -0.6380 -0.6978 -0.3255
vn 0.4808 -0.8544 -0.1973
vn -0.1463 -0.9836 -0.1054
vn 0.2986 0.8104 -0.5040
vn 0.0447 -0.8266 -0.5610
vn 0.5911 -0.0070 0.8066
vn 0.5748 0.8163 0.0573
vn -0.7305 0.0331 0.6821
vn -0.2618 0.8103 0.5243
vn 0.1388 0.8270 0.5447
vn -0.5656 0.8246 0.0135
vn -0.8377 0.0005 -0.5461
vn -0.2850 0.7989 -0.5296
vn -0.5042 0.8578 0.1001
vn -0.3426 0.8953 -0.2847
vn -0.2683 0.8255 -0.4966
vn -0.0138 0.8298 -0.5578
vn -0.0283 0.8754 -0.4826
vn 0.3263 0.8143 -0.4800
vn 0.3841 0.8966 -0.2204
vn 0.0141 0.9998 -0.0140
vn -0.2620 0.7061 -0.6579
vn -0.1978 0.8347 -0.5139
vn 0.1831 0.8198 -0.5427
vn 0.2176 0.6339 -0.7422
vn 0.1966 0.6944 -0.6922
vn -0.1269 0.9646 -0.2310
vn 0.1120 0.9609 -0.2531
vn -0.6523 -0.7579 -0.0093
vn -0.0718 -0.9886 0.1321
vn 0.3860 -0.0322 0.9219
vn 0.9970 -0.0662 -0.0401
vn -0.4473 -0.7116 0.5418
vn -0.7022 -0.6676 0.2474
vn -0.6665 -0.0366 0.7446
vn -0.9508 -0.0493 -0.3060
vn 0.0488 -0.0835 -0.9953
vn 0.0004 -1.0000 -0.0001
vn 0.0005 -1.0000 -0.0001
vn 0.0003 -1.0000 -0.0001
vn 0.0002 -1.0000 0.0001
vn -0.9566 -0.0762 -0.2811
vn -0.2803 -0.0252 0.9596
vn -0.4839 0.0824 0.8712
vn 0.4015 -0.0232 -0.9156
vn -0.8167 0.0324 -0.5762
vn 0.5658 0.0375 -0.8237
vn 0.9503 -0.0406 0.3086
vn 0.9145 -0.0049 0.4045
vn 0.0663 -0.9965 -0.0500
vn 0.9448 -0.0336 0.3258
vn 0.6650 -0.6907 0.2840
vn -0.0623 -0.0122 0.9980
vn -0.9569 -0.0328 0.2885
vn -0.5354 -0.0652 -0.8421
vn 0.6387 -0.0457 -0.7681
vn -0.0002 -1.0000 -0.0001
vn -0.0001 -1.0000 0.0001
vn -0.7584 -0.1711 -0.6289
vn -0.2978 -0.1392 0.9444
vn -0.5259 0.0150 0.8504
vn -0.8578 0.0290 -0.5132
vn 0.4365 -0.0835 -0.8958
vn 0.9495 -0.2229 -0.2209
vn 0.8587 -0.0095 0.5123
vn -0.0124 0.9999 0.0004
vn -0.0243 0.9997 0.0017
vn -0.7306 0.6504 -0.2081
vn 0.6067 0.7935 0.0474
vn -0.0117 0.9999 0.0007
vn -0.0089 1.0000 -0.0013
vn 0.5512 0.0459 -0.8331
vn 0.6815 0.7316 0.0151
vn 0.7250 0.6582 -0.2027
vn 0.6205 0.6256 -0.4729
vn -0.3304 0.1080 -0.9376
vn 0.4630 0.5716 -0.6774
vn 0.2475 0.8462 -0.4719
vn -0.2318 0.1160 0.9658
vn 0.3532 0.7797 0.5170
vn 0.3660 0.5980 0.7131
vn 0.6307 0.0481 0.7746
vn 0.6336 0.6433 0.4299
vn 0.9988 0.0387 -0.0284
vn 0.6657 0.7330 0.1399
vn 0.5482 0.5671 0.6147
vn 0.2417 0.9701 -0.0212
vn 0.1603 0.9823 0.0967
vn 0.5160 0.8558 -0.0379
vn 0.3968 0.9172 -0.0372
vn 0.6689 0.6579 -0.3460
vn 0.8284 0.5546 -0.0782
vn 0.6219 0.3399 -0.7055
vn 0.5505 0.8307 -0.0832
vn 0.9143 0.2302 -0.3331
vn 0.4877 0.6757 -0.5529
vn 0.4281 0.8598 -0.2783
vn 0.6356 0.6838 -0.3584
vn 0.7620 0.5541 -0.3352
vn 0.7601 0.3273 0.5614
vn 0.7983 0.5861 0.1390
vn 0.7704 0.6275 0.1124
vn 0.9533 0.2397 0.1836
vn 0.3243 0.8252 -0.4624
vn 0.4731 0.2108 -0.8554
vn 0.4988 0.0264 -0.8663
vn 0.5788 0.0401 0.8145
vn 0.3661 -0.0391 0.9298
vn 0.5855 0.2296 0.7775
vn 0.9909 0.0509 -0.1247
vn 0.9522 -0.2004 0.2306
vn 0.6026 -0.2694 -0.7512
vn 0.0001 1.0000 0.0001
vn -0.0003 1.0000 -0.0002
vn 0.0034 1.0000 -0.0012
vn 0.6198 0.7390 0.2641
vn 0.5290 0.6693 -0.5217
vn -0.0003 1.0000 0.0001
vn -0.0005 1.0000 0.0001
vn 0.4818 0.6507 0.5869
vn -0.4612 0.0947 0.8822
vn -0.7033 0.7074 0.0701
vn -0.7041 0.6830 0.1943
vn -0.6244 0.6008 0.4991
vn -0.6020 0.5257 0.6010
vn -0.4867 0.5384 0.6880
vn 0.9348 -0.0827 0.3455
vn -0.1451 0.8862 -0.4400
vn -0.4632 0.5873 -0.6637
vn -0.0886 0.0752 -0.9932
vn -0.4730 0.5937 -0.6510
vn -0.9609 0.0815 -0.2646
vn -0.6547 0.7166 -0.2406
vn -0.7305 0.6796 -0.0663
vn -0.6998 0.6121 -0.3683
vn -0.8332 0.5530 -0.0019
vn -0.0327 0.9894 0.1412
vn -0.1341 0.9840 0.1176
vn -0.3097 0.9508 -0.0006
vn -0.5530 0.8330 -0.0153
vn -0.7006 0.6277 -0.3393
vn -0.6845 0.6953 -0.2190
vn -0.6488 0.3181 -0.6913
vn -0.8844 0.1569 -0.4395
vn -0.5574 0.8227 -0.1117
vn -0.4909 0.6619 -0.5665
vn -0.4387 0.8504 -0.2904
vn -0.7739 0.3529 0.5258
vn -0.7305 0.5854 -0.3517
vn -0.7831 0.6093 0.1241
vn -0.5730 0.7348 -0.3631
vn -0.7574 0.6174 0.2126
vn -0.5098 0.8586 -0.0536
vn -0.5111 -0.0336 -0.8589
vn -0.5175 0.3344 -0.7876
vn -0.4230 0.0555 -0.9044
vn -0.4230 -0.0226 0.9059
vn -0.5211 0.1922 0.8316
vn -0.9789 0.0482 -0.1987
vn -0.9287 0.1215 -0.3503
vn -0.6365 0.0390 0.7703
vn -0.8869 -0.3021 0.3496
vn 0.0956 -0.9917 -0.0855
vn -0.0038 -1.0000 -0.0063
vn -0.0776 -0.9947 -0.0681
vn 0.0356 -0.9993 0.0117
vn 0.0080 -1.0000 -0.0042
vn -0.0017 -1.0000 0.0045
vn 0.0015 -1.0000 0.0030
vn -0.0007 -1.0000 0.0033
vn 0.1094 -0.8457 0.5224
vn 0.7090 -0.6387 -0.2989
vn -0.5607 -0.8223 -0.0969
vn -0.4050 -0.8192 0.4061
vn -0.0049 -1.0000 -0.0060
vn 0.0050 -1.0000 -0.0067
vn 0.5439 -0.8247 0.1550
vn -0.7191 -0.6527 -0.2383
vn -0.1701 -0.8496 -0.4993
vn 0.4134 -0.8509 -0.3241
vn -0.4702 -0.0253 -0.8822
vn -0.5295 -0.6502 -0.5448
vn -0.0463 -0.6249 -0.7794
vn 0.3412 -0.0215 -0.9397
vn 0.4521 -0.6539 -0.6067
vn 0.1433 0.8391 -0.5247
vn -0.7135 -0.1461 0.6853
vn -0.7531 -0.1074 -0.6491
vn 0.6275 -0.6139 0.4789
vn 0.5118 0.8200 0.2562
vn -0.0249 -0.9983 -0.0529
vn -0.1001 0.9102 0.4018
vn -0.0201 0.9998 -0.0026
vn 0.7879 0.6138 -0.0497
vn -0.3062 0.9202 0.2437
vn -0.0235 0.8350 0.5498
vn 0.3264 0.5945 -0.7349
vn -0.6101 0.7016 -0.3680
vn -0.2440 0.6923 0.6791
vn 0.0002 1.0000 -0.0000
vn 0.0001 1.0000 -0.0000
vn 0.0006 1.0000 0.0003
vn 0.0023 1.0000 0.0009
vn 0.0374 0.9993 -0.0082
vn 0.0102 0.9999 -0.0015
vn 0.0170 0.1142 -0.9933
vn -0.7996 0.5154 -0.3082
vn 0.8678 0.0858 -0.4894
vn 0.0852 0.7377 -0.6698
vn 0.8166 0.3138 -0.4844
vn -0.0329 0.9241 -0.3807
vn -0.5645 0.8235 0.0570
vn 0.4246 0.8994 -0.1040
vn 0.8312 0.2564 -0.4933
vn -0.2562 0.9412 0.2204
vn -0.2121 0.8737 0.4378
vn 0.6732 0.5195 0.5262
vn 0.9394 0.0531 -0.3388
vn -0.1086 0.6424 0.7586
vn 0.8070 0.5816 0.1028
vn 0.0017 0.7199 0.6941
vn -0.2971 0.0595 0.9530
vn -0.0645 -0.3215 0.9447
vn 0.0818 -0.2345 0.9687
vn 0.2410 -0.0956 0.9658
vn -0.6837 0.3572 0.6364
vn -0.5429 0.0366 0.8390
vn -0.0783 -0.6337 0.7696
vn -0.5709 -0.0554 0.8191
vn -0.6388 0.2572 0.7251
vn -0.4539 0.6983 0.5535
vn -0.5043 0.6939 0.5140
vn -0.3696 0.8397 0.3979
vn -0.6695 0.7137 -0.2059
vn -0.8941 0.3415 0.2897
vn -0.6795 0.3625 0.6379
vn -0.5095 0.7276 0.4594
vn -0.9834 -0.0510 0.1743
vn -0.9797 -0.1739 -0.0995
vn -0.5005 0.4228 0.7554
vn -0.1983 0.4192 0.8860
vn -0.9526 0.0553 0.2993
vn -0.6872 0.6159 -0.3854
vn -0.6346 0.6321 0.4447
vn -0.4266 0.6141 0.6641
vn -0.3836 0.0500 0.9222
vn -0.2388 0.6248 0.7434
vn 0.3059 0.6488 0.6968
vn -0.2669 0.8358 0.4798
vn -0.4189 0.8873 -0.1932
vn -0.0437 0.9071 0.4186
vn -0.0673 0.7569 0.6501
vn -0.1035 0.9235 0.3693
vn 0.0781 0.6303 0.7724
vn -0.4967 0.8549 0.1496
vn -0.6130 0.5996 0.5145
vn -0.2626 0.9629 0.0616
vn -0.4597 0.8211 -0.3383
vn -0.5296 0.7221 -0.4451
vn -0.0001 1.0000 -0.0001
vn 0.0009 1.0000 -0.0095
vn 0.0665 0.9917 -0.1104
vn -0.0046 1.0000 0.0003
vn -0.0000 1.0000 -0.0002
vn 0.0001 1.0000 -0.0002
vn -0.5888 -0.0696 -0.8053
vn -0.6638 -0.1445 0.7338
vn -0.9471 0.0281 0.3196
vn 0.5999 0.0032 -0.8001
vn -0.4677 0.1012 -0.8781
vn 0.8427 -0.0977 0.5294
vn 0.9555 0.1225 -0.2684
vn 0.2387 0.0210 0.9709
vn -0.0007 -1.0000 0.0003
vn 0.4257 -0.5856 0.6898
vn -0.0006 -1.0000 0.0002
vn -0.0694 -0.9946 0.0770
vn 0.0905 -0.9289 -0.3590
vn -0.7674 -0.6134 -0.1866
vn -0.0345 -0.9975 0.0622
vn 0.2413 -0.9296 -0.2786
vn 0.9351 -0.0804 -0.3452
vn 0.4074 -0.6623 -0.6288
vn 0.6483 -0.6786 -0.3453
vn -0.1525 -0.0439 -0.9873
vn -0.2257 -0.6223 -0.7495
vn 0.1531 -0.6272 -0.7637
vn 0.6941 -0.6727 0.2563
vn 0.3831 -0.9235 -0.0224
vn 0.8057 -0.4169 -0.4207
vn 0.9905 -0.1344 0.0303
vn 0.9148 -0.3884 0.1106
vn 0.9561 -0.2813 -0.0820
vn 0.4100 -0.1018 -0.9064
vn 0.4901 0.5655 -0.6633
vn 0.5278 -0.3379 -0.7792
vn 0.6128 -0.4162 -0.6718
vn 0.2308 -0.8945 -0.3829
vn 0.6406 -0.7497 0.1658
vn 0.0729 -0.9330 -0.3524
vn 0.1825 -0.9630 -0.1984
vn 0.3881 -0.8793 -0.2760
vn 0.1472 -0.9189 -0.3660
vn 0.1035 0.3290 -0.9386
vn -0.0403 -0.7973 -0.6022
vn 0.2733 -0.6230 -0.7329
vn 0.3756 0.4439 -0.8136
vn 0.2887 -0.4574 -0.8411
vn -0.0095 -0.6774 -0.7356
vn 0.0227 -0.8058 -0.5917
vn 0.4171 -0.9080 -0.0405
vn -0.0893 -0.5178 -0.8508
vn 0.0901 -0.8350 -0.5428
vn 0.6564 0.6495 -0.3837
vn -0.0357 0.7947 0.6059
vn 0.1530 0.6830 0.7143
vn -0.7391 0.6544 -0.1598
vn 0.2785 0.9278 0.2484
vn -0.2919 0.6104 -0.7363
vn -0.0003 1.0000 0.0006
vn -0.0029 1.0000 0.0005
vn -0.0197 0.9998 -0.0018
vn -0.0001 1.0000 -0.0000
vn 0.0002 1.0000 0.0002
vn 0.1010 0.4649 -0.8796
vn 0.8191 0.5237 -0.2341
vn 0.0152 0.0146 0.9998
vn -0.7583 0.0377 -0.6508
vn -0.8142 0.2553 -0.5215
vn -0.2522 0.9015 -0.3518
vn 0.5090 0.8507 0.1308
vn -0.8208 0.3250 -0.4698
vn -0.4311 0.9006 0.0546
vn 0.2411 0.8935 0.3789
vn -0.7182 0.5031 0.4808
vn -0.8938 0.1302 -0.4291
vn -0.9825 0.1231 0.1400
vn 0.1324 0.7717 0.6220
vn 0.0713 0.4340 0.8981
vn -0.0748 0.6511 0.7553
vn 0.0472 -0.0216 0.9987
vn 0.2804 -0.3131 0.9074
vn -0.0877 -0.4267 0.9001
vn 0.7959 0.3597 0.4870
vn 0.5788 0.4306 0.6925
vn 0.5014 0.0249 0.8649
vn 0.6781 0.2963 0.6726
vn 0.4679 0.5871 0.6605
vn 0.6837 0.0269 0.7293
vn 0.7094 0.3382 0.6183
vn 0.8399 0.4777 0.2574
vn 0.3799 0.8038 0.4578
vn 0.6710 0.7163 -0.1915
vn 0.5296 0.6751 0.5137
vn 0.4848 0.3919 0.7819
vn 0.9744 0.2250 0.0035
vn 0.5470 0.7171 0.4319
vn 0.2776 0.4354 0.8563
vn 0.2922 0.6617 0.6904
vn -0.1351 0.6228 0.7707
vn 0.4034 0.6701 0.6230
vn 0.7690 0.0719 0.6352
vn 0.9733 0.0308 -0.2274
vn 0.6902 0.6685 0.2769
vn 0.3745 0.6873 0.6223
vn -0.0161 0.9996 -0.0224
vn 0.0004 0.9999 -0.0105
vn -0.2141 0.4190 -0.8824
vn -0.4124 0.4036 -0.8167
vn -0.0112 0.9997 -0.0212
vn 0.2520 0.9677 0.0112
vn -0.0025 1.0000 -0.0059
vn 0.5647 0.7022 -0.4336
vn 0.4755 0.8754 -0.0875
vn 0.0886 0.9256 0.3680
vn 0.3590 0.5950 0.7191
vn 0.6270 0.5904 0.5083
vn 0.4647 0.8844 0.0435
vn -0.0598 0.9951 -0.0781
vn 0.0056 1.0000 -0.0000
vn -0.0005 1.0000 0.0007
vn -0.0001 1.0000 0.0012
vn -0.0114 0.9999 -0.0111
vn -0.4678 0.1012 -0.8780
vn 0.0001 -1.0000 0.0006
vn 0.0004 -1.0000 -0.0004
vn -0.0004 -1.0000 0.0005
vn -0.0187 -0.9995 0.0240
vn 0.0001 -0.9999 0.0117
vn 0.0338 -0.9981 0.0524
vn 0.0371 -0.9980 0.0515
vn 0.0074 -0.9998 0.0164
vn 0.0001 -1.0000 0.0007
vn -0.3327 -0.0401 -0.9422
vn -0.3530 -0.6561 -0.6670
vn -0.0373 -0.6878 -0.7250
vn 0.9981 -0.0017 0.0616
vn 0.4506 -0.7388 -0.5012
vn -0.6218 0.0073 0.7832
vn -0.2444 -0.8076 -0.5368
vn -0.4368 -0.8907 0.1258
vn -0.6257 -0.6031 -0.4948
vn -0.9752 -0.0736 -0.2089
vn 0.6776 -0.0221 -0.7351
vn -0.9699 -0.2270 0.0885
vn -0.9675 -0.2508 0.0317
vn -0.5532 -0.1227 -0.8240
vn -0.4483 -0.1551 -0.8803
vn -0.5245 -0.3402 -0.7805
vn -0.7179 -0.4461 -0.5344
vn -0.8654 -0.4461 -0.2282
vn -0.8658 -0.4867 0.1163
vn -0.5933 -0.7784 0.2052
vn -0.3988 -0.9096 -0.1167
vn -0.1999 -0.9112 -0.3603
vn -0.5933 -0.7963 0.1176
vn -0.1087 -0.9248 -0.3646
vn -0.1710 -0.9422 -0.2883
vn -0.4082 -0.8763 -0.2560
vn -0.1910 -0.6739 -0.7137
vn -0.2349 -0.4827 -0.8437
vn -0.0450 -0.7379 -0.6734
vn -0.3829 -0.9200 -0.0834
vn -0.2191 -0.9526 -0.2109
vn -0.0884 -0.8512 -0.5173
vn -0.0289 -0.8332 -0.5522
vn 0.1052 -0.5481 -0.8298
vn -0.1682 -0.9689 0.1813
vn -0.0682 -0.9970 0.0354
vn -0.0441 -0.9973 0.0595
vn -0.2237 -0.9739 0.0391
vn -0.1137 -0.9532 0.2801
vn -0.0918 -0.9958 0.0007
vn -0.3159 -0.9476 -0.0475
vn -0.1088 -0.9914 -0.0724
vn -0.1515 -0.9626 -0.2245
vn -0.0578 -0.9970 -0.0520
vn 0.1427 -0.9818 -0.1251
vn 0.2860 -0.9577 -0.0313
vn 0.0590 -0.9982 -0.0133
vn -0.0246 -0.9963 -0.0820
vn 0.1933 -0.9799 0.0501
vn 0.0638 -0.9979 0.0151
vn 0.2411 -0.9234 0.2986
vn 0.0701 -0.9965 0.0463
vn -0.0304 -0.9624 -0.2700
vn 0.1337 -0.9641 -0.2295
vn 0.0521 -0.9978 -0.0412
vn -0.0156 -0.9947 0.1014
vn 0.0222 -0.9978 -0.0618
vn 0.0562 -0.9913 0.1191
vn 0.0687 -0.9227 0.3795
vn 0.6440 0.1411 -0.7519
vn 0.9621 0.1957 -0.1898
vn 0.9641 0.0755 0.2545
vn 0.2887 0.1150 -0.9505
vn 0.9068 -0.1700 -0.3858
vn -0.6670 0.1951 0.7191
vn -0.9869 0.1500 0.0591
vn -0.9372 0.1509 -0.3145
vn -0.8145 -0.1613 -0.5572
vn 0.8009 0.1657 0.5755
vn -0.8991 -0.1161 0.4220
vn -0.6391 0.1820 -0.7473
vn -0.3626 0.1372 -0.9218
vn -0.0465 0.1940 -0.9799
vn 0.4226 0.1402 0.8954
vn -0.1188 0.1571 0.9804
vn -0.3956 0.2163 0.8926
vn -0.1767 -0.2159 -0.9603
vn 0.1217 -0.5683 -0.8138
vn -0.2875 -0.6917 -0.6624
vn -0.4673 -0.6109 -0.6391
vn -0.7701 -0.2851 -0.5706
vn -0.8146 -0.5118 -0.2727
vn -0.9224 -0.3860 0.0151
vn -0.7793 -0.5773 0.2436
vn -0.8167 -0.1996 0.5414
vn -0.4686 -0.6827 0.5606
vn -0.5449 -0.0756 0.8351
vn -0.1592 -0.6447 0.7477
vn 0.0128 -0.1520 0.9883
vn 0.4255 -0.6233 0.6561
vn 0.7118 -0.3576 0.6046
vn 0.7340 -0.5957 0.3262
vn 0.9532 -0.2711 0.1338
vn 0.7590 -0.6077 -0.2338
vn 0.8043 -0.2389 -0.5440
vn 0.5280 -0.6029 -0.5981
vn 0.4331 -0.2679 -0.8606
vn 0.9952 -0.0670 -0.0716
vn 0.3023 -0.1824 0.9356
vn -0.0284 0.9996 0.0039
vn -0.0019 1.0000 -0.0016
vn 0.0238 0.9995 0.0204
vn 0.0095 0.9999 -0.0038
vn -0.0018 1.0000 -0.0020
vn -0.0246 0.9996 0.0131
vn -0.0187 0.9998 -0.0068
vn 0.0045 1.0000 0.0051
vn -0.0061 1.0000 -0.0078
vn 0.0039 0.9999 -0.0147
vn 0.0160 0.9995 -0.0274
vn -0.0356 0.9992 -0.0186
vn 0.0002 1.0000 0.0001
vn 0.0270 0.9994 -0.0234
vn 0.0075 0.9998 0.0192
vn 0.0016 0.9999 0.0127
vn 0.0066 0.9999 -0.0132
vn -0.0006 1.0000 0.0010
vn -0.0344 0.9994 -0.0102
vn -0.0186 0.9997 -0.0173
vn -0.0049 0.9999 0.0128
vn -0.0105 0.9998 0.0151
vn -0.0054 1.0000 0.0006
vn 0.0120 0.9999 -0.0029
vn 0.0133 0.9998 0.0145
vn -0.0079 0.9990 0.0443
vn 0.2118 -0.2014 -0.9563
vn -0.9047 -0.1998 0.3763
vn -0.3506 0.0155 -0.9364
vn 0.8013 -0.1972 0.5648
vn 0.9368 0.0760 -0.3414
vn 0.3589 0.0296 0.9329
vn -0.9436 0.0695 0.3236
vn -0.8754 -0.0409 -0.4817
vn -0.4442 -0.0723 0.8930
vn -0.9809 0.1542 -0.1188
vn 0.5491 -0.0388 -0.8349
vn 0.5530 0.1716 -0.8153
vn 0.8826 -0.0125 0.4700
vn 0.3317 0.2155 0.9184
vn -0.7497 -0.0434 0.6604
vn 0.5762 -0.0389 0.8164
vn 0.4158 0.0496 0.9081
vn -0.6857 -0.0461 -0.7264
vn -0.8545 0.0386 0.5179
vn 0.7881 -0.0533 -0.6132
vn -0.5337 0.0522 -0.8440
vn 0.8892 0.0476 -0.4551
vn -0.3651 0.7132 0.5984
vn 0.4371 0.6983 0.5669
vn -0.1808 0.7845 0.5932
vn 0.6675 0.7082 -0.2300
vn 0.6175 0.7783 0.1140
vn 0.0482 0.7023 -0.7102
vn 0.0653 0.7526 -0.6552
vn -0.6350 0.7180 -0.2852
vn -0.6679 0.7365 -0.1071
vn -0.9299 0.0817 -0.3587
vn 0.4622 0.0387 -0.8859
vn 0.0349 -0.0636 -0.9974
vn -0.9717 -0.0300 -0.2343
vn -0.4307 0.0131 0.9024
vn 0.8300 0.0456 0.5559
vn -0.2782 -0.0955 0.9558
vn 0.9869 -0.0686 0.1463
vn 0.2148 0.7194 0.6606
vn 0.6845 0.7178 -0.1275
vn 0.5616 0.8054 0.1896
vn 0.0659 0.7216 -0.6891
vn -0.0803 0.8144 -0.5748
vn -0.6282 0.7290 -0.2721
vn -0.5311 0.6832 0.5011
vn -0.4554 0.8080 0.3738
vn -0.9039 0.0305 0.4268
vn -0.0418 0.0150 -0.9990
vn -0.8167 -0.0460 0.5753
vn 0.7195 0.0562 0.6922
vn 0.9734 -0.0360 0.2262
vn -0.3043 -0.0678 -0.9502
vn -0.4724 0.6922 0.5456
vn 0.5792 0.7169 0.3880
vn -0.1347 0.7193 0.6816
vn 0.5329 0.6950 -0.4827
vn 0.4293 0.7503 -0.5027
vn -0.4007 0.6967 -0.5950
vn -0.7058 0.6633 -0.2489
vn 0.5557 0.7481 0.3627
vn -0.8897 -0.1143 -0.4419
vn -0.7459 0.0510 0.6642
vn -0.5983 0.0086 -0.8012
vn -0.3001 -0.0283 0.9535
vn 0.8074 0.0527 0.5877
vn 0.6313 0.0583 -0.7733
vn 0.6606 -0.0489 -0.7492
vn 0.8510 -0.0927 0.5169
vn -0.3255 -0.7763 0.5399
vn 0.1027 -0.8193 0.5641
vn 0.2528 -0.8807 -0.4006
vn 0.5230 -0.8312 -0.1886
vn 0.4031 -0.8547 -0.3270
vn -0.0332 -0.9989 -0.0334
vn -0.0314 -0.9991 0.0268
vn 0.6820 -0.6172 -0.3924
vn 0.0526 -0.9986 0.0081
vn 0.6321 -0.7747 0.0167
vn 0.4184 -0.8371 0.3523
vn 0.6604 -0.6135 0.4330
vn 0.0058 -0.9985 0.0543
vn 0.0489 -0.9988 -0.0026
vn -0.0395 -0.9989 -0.0256
vn 0.5626 -0.8101 0.1650
vn 0.2165 -0.8804 0.4220
vn -0.5355 -0.8256 0.1778
vn -0.4798 -0.8771 -0.0206
vn -0.4088 -0.7924 0.4527
vn -0.4103 -0.8418 -0.3507
vn -0.0679 -0.9976 -0.0102
vn -0.7387 -0.6196 -0.2653
vn -0.6811 -0.5987 -0.4215
vn -0.0478 -0.9971 -0.0595
vn 0.0150 -0.9997 -0.0176
vn 0.0252 -0.9995 0.0210
vn 0.0203 -0.9998 -0.0076
vn -0.1112 -0.8164 0.5667
vn 0.0009 -0.6153 0.7883
vn 0.0171 -0.9998 0.0109
vn -0.0214 -0.9992 0.0348
vn 0.1182 -0.9900 0.0773
vn -0.0024 -0.9993 -0.0373
vn -0.0103 -0.9996 0.0281
vn 0.0306 -0.9992 -0.0267
vn -0.6823 -0.6168 0.3925
vn -0.0553 -0.9984 -0.0111
vn -0.0202 -0.9939 0.1083
vn 0.1064 -0.7918 -0.6014
vn -0.2199 -0.8816 -0.4176
vn 0.0226 -0.6225 -0.7823
vn -0.1366 -0.8142 -0.5642
vn -0.0406 -0.9987 -0.0322
vn 0.6863 -0.6686 -0.2862
vn 0.0135 -0.9990 0.0422
vn 0.7207 -0.6929 -0.0216
vn 0.5618 -0.6729 -0.4813
vn 0.5850 -0.6383 0.5004
vn 0.6897 -0.5815 0.4314
vn 0.8837 -0.0880 0.4597
vn -0.1160 -0.6320 0.7662
vn 0.1275 -0.6706 0.7308
vn 0.0188 -0.0701 0.9974
vn -0.3405 -0.6913 0.6373
vn -0.9244 -0.0380 0.3795
vn -0.7107 -0.5894 0.3841
vn -0.8565 -0.0879 0.5085
vn -0.6005 -0.6379 -0.4822
vn 0.8553 -0.0738 -0.5129
vn 0.7154 -0.6384 -0.2839
vn 0.0357 -0.5615 -0.8267
vn -0.0259 -0.0828 -0.9962
vn 0.1137 -0.6288 -0.7692
vn -0.6937 -0.5687 -0.4419
vn -0.8786 -0.0825 -0.4704
vn 0.1189 0.6581 0.7435
vn 0.6037 0.2476 0.7578
vn 0.6531 0.7223 0.2276
vn 0.0412 0.9981 -0.0462
vn 0.4256 0.8069 -0.4096
vn 0.0252 0.5185 -0.8547
vn 0.7139 0.3140 -0.6259
vn 0.6350 -0.0655 -0.7697
vn 0.1360 -0.4665 -0.8740
vn 0.5712 -0.7179 -0.3979
vn 0.0739 -0.9935 0.0870
vn 0.6717 -0.6954 0.2554
vn 0.6505 -0.4594 0.6048
vn 0.1153 -0.3595 0.9260
vn 0.2201 0.7326 -0.6441
vn 0.4273 0.8671 -0.2560
vn 0.9962 0.0865 -0.0072
vn 0.4217 0.0955 -0.9017
vn 0.9958 0.0470 -0.0781
vn 0.2363 0.7623 0.6026
vn 0.9979 0.0418 0.0500
vn 0.4113 -0.6294 0.6593
vn 0.9947 -0.1026 0.0010
vn 0.9994 -0.0285 0.0183
vn 0.2292 -0.9613 0.1528
vn 0.4309 -0.8735 -0.2265
vn 0.9960 -0.0422 -0.0789
vn 0.5274 -0.0893 0.8449
vn 0.2122 -0.3660 -0.9061
vn -0.4801 0.3307 0.8125
vn -0.7172 -0.1819 0.6727
vn 0.5636 -0.0388 -0.8251
vn 0.6528 -0.3560 0.6687
vn 0.5584 0.7765 -0.2920
vn 0.6217 0.4187 0.6619
vn 0.5637 -0.7882 -0.2469
vn -0.6548 0.3566 -0.6664
vn -0.6297 -0.5626 -0.5357
vn -0.6896 -0.5719 0.4442
vn -0.6795 0.2606 0.6858
vn -0.6399 0.7644 0.0795
vn -0.9986 -0.0026 0.0525
vn -0.9999 -0.0168 0.0039
vn -0.9985 0.0288 0.0464
vn -0.9998 -0.0025 0.0185
vn -0.9992 0.0162 0.0369
vn -0.9587 -0.2270 0.1717
vn -0.9999 0.0143 0.0093
vn -0.9998 0.0222 0.0024
vn -0.8262 -0.4621 0.3224
vn -0.5312 0.2743 -0.8016
vn -0.1915 0.9768 0.0959
vn -0.2288 -0.7848 -0.5760
vn 0.5710 0.7589 -0.3133
vn 0.5950 0.7597 -0.2625
vn 0.5412 0.7600 -0.3598
vn 0.0893 0.6937 0.7147
vn 0.0327 0.6967 0.7166
vn 0.1433 0.6940 0.7056
vn -0.6184 0.6564 -0.4321
vn -0.5844 0.6569 -0.4764
vn -0.6464 0.6592 -0.3842
vn 0.8932 0.0932 0.4400
vn -0.8297 0.2227 0.5119
vn -0.1855 0.9319 0.3118
vn 0.0859 0.1535 -0.9844
vn 0.3643 0.9095 0.2000
vn 0.2501 0.8827 -0.3979
vn -0.3600 0.8753 -0.3229
vn -0.3287 0.6318 -0.7020
vn 0.0004 1.0000 -0.0069
vn 0.0280 0.8092 0.5869
vn 0.6621 0.7490 -0.0247
vn 0.5397 0.8160 0.2070
vn -0.7964 0.5621 -0.2232
vn -0.0295 0.9996 -0.0024
vn -0.7838 0.6067 0.1324
vn 0.6502 0.7472 -0.1377
vn -0.0302 0.9995 0.0077
vn 0.0083 0.9999 0.0130
vn 0.0958 0.6562 0.7485
vn 0.1096 0.8771 -0.4676
vn -0.0250 0.9992 0.0303
vn -0.0071 0.9999 -0.0113
vn 0.3822 0.6674 0.6391
vn -0.5159 0.7607 0.3940
vn 0.6062 0.6829 -0.4076
vn 0.5601 0.6557 -0.5063
vn 0.0496 0.9407 -0.3357
vn 0.3586 0.6727 -0.6473
vn 0.7288 0.6285 0.2719
vn 0.7742 0.6329 -0.0109
vn 0.0415 0.9987 0.0310
vn 0.6300 0.6605 0.4084
vn 0.0126 0.9999 0.0112
vn -0.0036 1.0000 0.0028
vn 0.7121 0.6608 -0.2370
vn 0.0092 0.9999 -0.0083
vn 0.0149 0.9999 0.0064
vn -0.6622 0.7284 0.1759
vn -0.0085 1.0000 -0.0037
vn -0.0015 0.9999 -0.0104
vn 0.2146 0.6930 -0.6882
vn -0.3115 0.9446 0.1031
vn -0.0107 0.9999 -0.0116
vn 0.0013 1.0000 -0.0043
vn 0.0042 0.9977 0.0681
vn -0.6045 0.6503 -0.4600
vn -0.0224 0.9997 -0.0036
vn -0.0027 1.0000 -0.0025
vn -0.0041 1.0000 0.0046
vn 0.5490 0.7643 -0.3382
vn -0.0245 0.9997 0.0035
vn -0.6226 0.6664 0.4102
vn 0.1777 0.8734 0.4534
vn 0.0072 0.8919 -0.4522
vn -0.4308 0.8746 0.2225
vn -0.2879 0.7901 -0.5412
vn 0.3636 0.8675 -0.3396
vn -0.2263 0.6553 0.7207
vn -0.0886 0.8867 -0.4537
vn -0.0026 1.0000 -0.0041
vn -0.0034 0.9999 0.0111
vn -0.0031 1.0000 0.0001
vn 0.0146 0.9999 -0.0010
vn 0.0047 1.0000 -0.0039
vn 0.0006 1.0000 0.0032
vn -0.6072 0.7941 0.0270
vn -0.0012 1.0000 0.0048
vn -0.0011 1.0000 -0.0065
vn 0.0263 0.9992 0.0287
vn -0.0035 1.0000 -0.0073
vn -0.4545 0.6806 0.5746
vn -0.0170 0.9997 0.0202
vn -0.5224 0.6729 -0.5237
vn -0.0171 0.9997 -0.0174
vn 0.0024 0.9999 -0.0152
vn 0.4349 0.7765 0.4560
vn -0.0067 1.0000 -0.0004
vn 0.2205 0.7376 0.6382
vn -0.2839 0.8181 0.5002
vn 0.0191 0.9981 -0.0586
vn 0.0204 0.9997 -0.0158
vn -0.5991 0.7732 -0.2079
vn 0.0069 1.0000 0.0024
vn 0.0085 1.0000 -0.0034
vn -0.0261 0.9997 -0.0034
vn 0.0258 0.9994 0.0216
vn 0.0143 0.9996 0.0236
vn 0.0105 0.9999 0.0128
vn 0.6386 0.6359 -0.4334
vn -0.0089 0.9911 -0.1326
vn -0.6197 0.6486 -0.4418
vn 0.5268 -0.8431 -0.1075
vn 0.3978 -0.5593 0.7273
vn 0.9897 -0.0318 -0.1396
vn 0.0430 -0.0006 -0.9991
vn 0.4074 -0.9131 0.0177
vn 0.1879 -0.0625 0.9802
vn -0.9953 -0.0558 0.0794
vn -0.0253 -0.8676 0.4966
vn -0.0660 0.0303 -0.9974
vn -0.9948 0.0172 0.1002
vn 0.0819 -0.2449 0.9661
vn 0.8153 -0.1289 -0.5646
vn 0.6411 0.0529 0.7656
vn -0.7586 0.0054 0.6515
vn -0.8743 -0.1830 -0.4495
vn -0.6889 0.0034 -0.7248
vn 0.6457 0.0207 -0.7633
vn 0.6398 -0.0301 0.7680
vn 0.7199 0.0070 -0.6941
vn 0.6403 -0.0084 0.7681
vn -0.7837 -0.0152 0.6209
vn -0.6534 -0.0368 -0.7561
vn -0.7106 0.0103 -0.7035
vn 0.7182 0.0289 -0.6952
vn -0.7312 0.0321 0.6814
vn 0.7330 -0.1258 0.6685
vn 0.4477 -0.0284 -0.8937
vn 0.9830 0.0664 0.1712
vn -0.8208 0.0223 -0.5707
vn -0.6096 -0.0715 0.7895
vn -0.9835 0.0248 -0.1793
vn 0.0369 -0.0073 -0.9993
vn -0.1315 0.1109 0.9851
vn 0.9980 -0.0569 0.0257
vn -0.0036 0.0298 -0.9995
vn 0.9555 0.2228 -0.1932
vn 0.1593 -0.0029 0.9872
vn -0.9712 -0.0921 0.2196
vn -0.1200 0.1366 0.9833
vn -0.8330 0.2552 -0.4909
vn 0.9732 -0.1384 0.1835
vn -0.1127 -0.1522 -0.9819
vn 0.3246 0.1703 -0.9304
vn -0.7708 -0.2208 0.5976
vn 0.5003 0.2125 0.8393
vn -0.9892 0.1324 -0.0630
vn 0.9722 -0.1544 0.1759
vn -0.1815 -0.1599 -0.9703
vn 0.1476 0.0293 -0.9886
vn -0.7018 -0.2408 0.6705
vn 0.0027 0.0476 0.9989
vn -0.9893 0.0692 -0.1288
vn 0.9961 0.0327 0.0826
vn 0.8159 -0.0589 0.5752
vn 0.0480 0.0154 -0.9987
vn 0.0551 -0.0231 -0.9982
vn 0.9024 0.0154 0.4306
vn -0.9020 0.0419 0.4296
vn -0.9597 -0.0283 0.2797
vn 0.8451 -0.0271 0.5339
vn -0.1362 0.0700 -0.9882
vn -0.7959 0.0524 0.6032
vn 0.8995 0.0037 0.4368
vn -0.2084 -0.2123 0.9547
vn 0.8777 -0.2226 -0.4244
vn 0.9727 0.0048 0.2321
vn -0.7739 -0.1689 -0.6104
vn -0.9970 0.0770 -0.0062
vn 0.1015 0.1128 -0.9884
vn -0.0077 0.0338 0.9994
vn 0.8689 -0.1108 0.4824
vn 0.1815 0.0364 -0.9827
vn -0.3868 0.0883 -0.9179
vn -0.9464 -0.1532 0.2844
vn -0.4090 0.1532 0.8996
vn 0.9929 -0.0506 -0.1072
vn 0.0279 -0.8341 -0.5509
vn -0.5007 -0.8219 -0.2718
vn -0.3961 -0.8509 0.3452
vn 0.9134 -0.2290 -0.3364
vn -0.8090 -0.1501 -0.5684
vn 0.6168 -0.0022 -0.7871
vn -0.1635 -0.2007 0.9659
vn 0.7812 0.0297 0.6235
vn -0.5930 0.0445 0.8039
vn -0.7150 0.0338 -0.6983
vn 0.9934 0.0335 -0.1100
vn 0.0592 -0.0179 -0.9981
vn -0.0535 -0.8494 0.5250
vn 0.0366 -0.0221 0.9991
vn 0.9973 0.0274 -0.0679
vn -0.9978 -0.0589 0.0320
vn 0.0104 -0.0319 0.9994
vn -0.4447 -0.8750 0.1915
vn 0.7748 -0.0425 0.6308
vn 0.7681 -0.0151 -0.6401
vn 0.7306 0.1598 -0.6638
vn -0.7034 -0.0287 0.7102
vn 0.3144 0.2231 0.9227
vn -0.5612 -0.0601 -0.8255
vn -0.9166 0.2208 -0.3333
vn 0.0001 -1.0000 0.0002
vn 0.0006 -1.0000 0.0003
vn 0.0002 -1.0000 0.0011
vn -0.0001 -1.0000 0.0006
vn 0.0003 -1.0000 0.0003
vn -0.0002 -1.0000 0.0005
vn 0.0003 -1.0000 0.0005
vn 0.8160 -0.0586 0.5750
vn 0.9304 -0.0296 -0.3654
vn -0.0201 -0.8823 0.4703
vn -0.7486 -0.1305 0.6501
vn -0.7245 -0.2085 0.6569
vn -0.9482 0.0077 -0.3177
vn -0.7351 -0.1090 -0.6692
vn -0.1561 0.0621 -0.9858
vn 0.5394 -0.1057 -0.8354
vn -0.4557 0.0528 -0.8886
vn 0.2031 -0.7603 -0.6171
vn 0.5928 -0.1025 -0.7988
vn 0.5531 -0.2806 -0.7845
vn 0.5785 -0.7476 -0.3262
vn 0.6516 -0.7455 -0.1398
vn 0.5934 -0.7997 0.0911
vn 0.5168 -0.7856 0.3401
vn 0.3269 -0.7844 0.5271
vn 0.2058 -0.7688 0.6055
vn -0.2230 -0.0689 0.9724
vn -0.4283 -0.7854 0.4469
vn -0.5664 -0.7555 0.3292
vn -0.6570 -0.7376 0.1561
vn -0.6029 -0.7929 -0.0880
vn -0.8420 -0.0467 -0.5374
vn -0.5619 -0.7260 -0.3965
vn -0.5914 0.0097 -0.8063
vn -0.0397 -0.9244 -0.3794
vn -0.4333 0.0146 -0.9011
vn 0.4584 0.0559 -0.8870
vn -0.0041 -0.9999 0.0113
vn -0.0083 -0.9999 0.0075
vn -0.4144 -0.6662 -0.6201
vn -0.0040 -1.0000 0.0019
vn -0.1989 -0.6022 -0.7732
vn 0.0033 -0.9999 -0.0119
vn 0.2605 -0.8213 -0.5076
vn 0.5034 -0.5899 -0.6314
vn 0.6121 -0.6698 -0.4202
vn 0.7366 -0.6544 -0.1706
vn 0.0068 -1.0000 0.0063
vn 0.0362 -0.9989 -0.0284
vn 0.0133 -0.9999 -0.0085
vn 0.0079 -1.0000 -0.0003
vn 0.7609 -0.6349 0.1342
vn 0.6555 -0.6673 0.3537
vn 0.0045 -1.0000 -0.0007
vn 0.0047 -1.0000 -0.0017
vn 0.2039 -0.9776 -0.0515
vn 0.0007 -1.0000 0.0006
vn -0.0040 -0.9997 -0.0230
vn -0.0005 -0.9998 -0.0203
vn -0.4953 -0.6610 -0.5636
vn -0.0078 -0.9998 -0.0175
vn -0.0319 -0.9992 -0.0223
vn -0.7040 -0.6068 -0.3690
vn -0.8201 -0.5705 -0.0457
vn -0.0341 -0.9993 -0.0118
vn -0.0038 -1.0000 0.0021
vn -0.0088 -0.9999 -0.0105
vn -0.6885 -0.6271 0.3643
vn -0.7128 -0.6535 0.2547
vn -0.0124 -0.9999 0.0085
vn -0.0067 -1.0000 -0.0007
vn 0.0210 -0.9998 -0.0000
vn 0.0252 -0.9997 -0.0044
vn 0.0022 -1.0000 -0.0037
vn 0.0010 -1.0000 0.0014
vn -0.0009 -1.0000 0.0027
vn -0.0159 -0.9999 -0.0024
vn -0.0183 -0.9998 0.0027
vn -0.5929 -0.6473 0.4791
vn -0.1780 -0.9728 -0.1482
vn -0.1659 -0.9821 -0.0891
vn -0.2500 -0.9517 -0.1783
vn -0.4092 -0.6809 0.6074
vn -0.0075 -0.9996 -0.0280
vn -0.1199 -0.0158 0.9927
vn 0.9999 -0.0038 -0.0148
vn 0.8812 0.1786 0.4377
vn -0.9379 0.1824 0.2950
vn -0.9546 0.0426 -0.2949
vn 0.1130 0.1463 -0.9828
vn 0.0671 0.0143 -0.9976
vn -0.1032 -0.9842 0.1440
vn -0.8478 -0.4919 0.1983
vn -0.0224 -0.9975 0.0675
vn -0.0001 -1.0000 0.0003
vn -0.0001 -1.0000 0.0004
vn -0.0374 -0.9992 0.0138
vn -0.0146 -0.9998 0.0163
vn -0.0003 -1.0000 0.0003
vn 0.0980 -0.9922 -0.0769
vn 0.6389 -0.1900 0.7454
vn -0.2434 -0.8980 -0.3666
vn -0.0704 -0.0274 -0.9971
vn 0.0709 -0.7336 -0.6759
vn 0.4532 -0.7953 -0.4027
vn 0.9693 0.0408 -0.2426
vn 0.6114 -0.6462 0.4567
vn 0.3427 -0.6951 0.6320
vn 0.1501 -0.9884 -0.0245
vn 0.0515 -0.8171 -0.5742
vn 0.0072 -0.1257 -0.9920
vn 0.3373 -0.0465 -0.9402
vn -0.0842 -0.6544 0.7515
vn -0.0138 -0.9999 -0.0011
vn -0.0187 -0.9994 -0.0302
vn 0.4107 -0.5851 -0.6993
vn 0.0344 -0.9993 0.0172
vn -0.4143 -0.5652 -0.7134
vn 0.0289 -0.7097 -0.7040
vn 0.4163 0.5569 -0.7187
vn -0.3861 0.5615 -0.7319
vn 0.6065 -0.6790 0.4136
vn 1.0000 -0.0000 -0.0000
vn 0.6058 0.3297 0.7241
vn 0.6359 0.7708 -0.0373
vn 0.8387 0.2261 0.4954
vn 0.0922 -0.6449 -0.7587
vn 0.8137 -0.5158 -0.2679
vn 0.8169 -0.0450 -0.5750
vn 0.0744 0.4214 -0.9038
vn 0.8012 0.4446 -0.4005
vn 0.8031 0.5880 0.0957
vn 0.8009 -0.5562 0.2218
vn 0.8449 -0.1321 0.5184
vn 0.6384 -0.3072 -0.7057
vn 0.6403 0.4121 -0.6482
vn 0.6368 -0.6527 0.4104
vn 0.6497 -0.7340 -0.1981
vn 0.6645 0.7232 -0.1883
vn 0.6375 0.6888 0.3452
vn 0.6334 0.0418 0.7727
vn 0.0375 -0.9381 -0.3444
vn 0.0531 -0.8231 0.5654
vn 0.0409 0.7084 0.7046
vn 0.0080 0.9648 -0.2627
vn 0.0201 0.3278 -0.9445
vn 0.0549 -0.1488 0.9873
vn -0.0002 -0.4082 -0.9129
vn -0.0390 0.3910 -0.9196
vn -0.0558 -0.6089 -0.7913
vn -0.0508 -0.9964 0.0679
vn -0.0502 -0.5710 0.8194
vn 0.7327 -0.1267 0.6686
vn -0.0396 0.9960 -0.0801
vn 0.4933 0.1768 0.8517
vn 0.9992 -0.0402 -0.0006
vn 0.9378 -0.2288 -0.2610
vn 0.9919 -0.0973 0.0812
vn 0.9995 -0.0116 -0.0310
vn 0.9998 0.0134 -0.0137
vn 0.9607 0.2713 0.0581
vn 0.9991 0.0422 -0.0025
vn 0.7913 0.5433 0.2807
vn 0.9276 -0.2023 -0.3141
vn 0.2837 0.3475 0.8937
vn 0.9995 -0.0238 0.0230
vn 0.9632 -0.2230 0.1503
vn 0.9642 -0.1980 0.1766
vn 0.9647 -0.0701 0.2538
vn 0.7165 -0.6796 0.1572
vn 0.9191 -0.3597 0.1610
vn 0.5767 -0.8151 -0.0554
vn 0.9623 0.1437 -0.2311
vn 0.9823 0.0577 -0.1783
vn 0.8047 0.5908 -0.0591
vn 0.5333 0.8453 0.0325
vn 0.9508 -0.1470 -0.2726
vn 0.3812 -0.0908 -0.9200
vn 0.6454 0.3075 -0.6992
vn 0.5592 -0.5655 0.6063
vn 0.6599 -0.7242 0.2004
vn 0.6250 -0.4709 -0.6226
vn 0.2258 0.8108 -0.5400
vn 0.9620 0.1737 0.2107
vn 0.6159 0.4082 0.6738
vn 0.2214 0.8511 -0.4760
vn 0.1203 0.1916 -0.9741
vn 0.6562 -0.6725 -0.3421
vn -0.1299 -0.9862 -0.1022
vn 0.5996 -0.1284 0.7900
vn 0.0797 -0.1471 0.9859
vn 0.7350 -0.6718 -0.0920
vn 0.7347 0.6726 0.0888
vn 0.9477 -0.3182 0.0244
vn 0.9510 -0.0366 -0.3069
vn 0.8893 -0.0085 0.4573
vn 0.9066 -0.4217 -0.0140
vn 0.6209 -0.6583 0.4257
vn 0.6070 -0.5525 -0.5713
vn 0.3380 -0.0432 0.9402
vn 0.1028 -0.0017 0.9947
vn 0.7197 0.0012 0.6943
vn -0.1328 -0.7169 -0.6844
vn -0.5086 -0.0182 -0.8608
vn -0.6514 -0.1699 -0.7395
vn -0.7664 -0.1476 -0.6251
vn -0.5665 -0.7597 -0.3194
vn -0.6889 -0.6233 0.3701
vn -0.4902 -0.8484 0.2001
vn -0.1796 -0.1048 0.9781
vn -0.0590 -0.9809 0.1856
vn -0.0091 -0.8751 -0.4839
vn 0.0037 -0.9985 -0.0541
vn 0.0024 -1.0000 0.0026
vn -0.5000 -0.8656 -0.0271
vn -0.6885 0.0084 0.7252
vn -0.5382 -0.0220 0.8425
vn -0.9400 -0.0005 -0.3411
vn -0.7090 -0.5861 -0.3921
vn -0.8903 -0.0399 0.4536
vn -0.9688 -0.0362 0.2451
vn -0.7577 -0.1850 0.6258
vn -0.9827 -0.0292 -0.1828
vn -0.9825 0.0133 0.1855
vn -0.7620 -0.0337 -0.6467
vn -0.6203 -0.7546 -0.2141
vn -0.5798 -0.1765 0.7954
vn -0.7728 -0.5960 0.2182
vn -0.5510 0.0032 -0.8345
vn -0.4054 -0.5891 -0.6990
vn 0.3484 -0.0357 -0.9367
vn -0.4393 -0.3724 -0.8176
vn 0.1462 -0.5898 0.7942
vn 0.7202 -0.5735 -0.3904
vn 0.9383 -0.0872 -0.3348
vn -0.5057 -0.1438 -0.8507
vn 0.3912 -0.0406 0.9194
vn 0.9978 0.0456 -0.0474
vn -0.8359 -0.0743 0.5439
vn 0.0545 0.0628 0.9965
vn 0.5372 -0.8007 0.2652
vn 0.5587 -0.8014 0.2137
vn 0.5095 -0.8013 0.3135
vn 0.2457 -0.7607 -0.6008
vn 0.1932 -0.7624 -0.6176
vn 0.2967 -0.7610 -0.5769
vn -0.6062 -0.7922 -0.0701
vn -0.6103 -0.7921 -0.0139
vn -0.5952 -0.7940 -0.1240
vn -0.1831 -0.8189 0.5440
vn -0.1292 -0.8196 0.5582
vn -0.2349 -0.8192 0.5232
vn -0.2883 -0.5719 -0.7680
vn 0.8603 -0.0036 -0.5098
vn 0.8376 -0.0003 -0.5462
vn 0.4770 -0.5724 0.6669
vn -0.1324 -0.8387 0.5282
vn -0.2182 -0.8056 0.5509
vn -0.3143 -0.6261 0.7136
vn -0.4026 0.0610 0.9133
vn -0.7568 -0.6520 0.0464
vn 0.0589 -0.9982 0.0146
vn -0.9875 0.0134 0.1573
vn -0.8693 0.0096 0.4941
vn -0.0147 -0.9999 0.0086
vn 0.0900 -0.9955 -0.0298
vn 0.1565 -0.9876 0.0132
vn 0.0915 -0.9934 -0.0694
vn 0.0137 -0.9985 -0.0537
vn -0.0236 -0.9993 0.0291
vn -0.1809 -0.6907 0.7001
vn -0.6687 -0.7305 -0.1387
vn -0.6569 -0.5769 0.4854
vn 0.4198 0.1133 -0.9005
vn -0.6410 0.0808 -0.7633
vn 0.5340 -0.4478 0.7172
vn 0.9355 -0.1179 -0.3332
vn -0.5525 -0.0934 -0.8283
vn 0.3742 -0.0533 0.9258
vn 0.8019 0.1062 0.5880
vn -0.7552 0.0545 0.6532
vn -0.8599 -0.0163 0.5103
vn -0.1293 -0.8196 0.5582
vn -0.0000 1.0000 0.0002
vn 0.0052 1.0000 0.0005
vn -0.0032 1.0000 0.0023
vn 0.0011 1.0000 -0.0003
vn 0.0354 0.9993 -0.0088
vn 0.7914 0.0268 0.6106
vn -0.3329 0.0109 0.9429
vn 0.5621 0.8267 0.0249
vn 0.5563 0.8271 0.0807
vn 0.1847 0.8195 0.5426
vn -0.4717 0.8276 0.3043
vn -0.4877 0.8270 -0.2796
vn -0.5127 0.8272 -0.2301
vn 0.9997 -0.0212 0.0157
vn 0.1766 -0.0078 -0.9842
vn 0.2390 0.0177 -0.9708
vn -0.1837 -0.0226 0.9827
vn 0.9870 0.0201 0.1593
vn -0.9397 -0.0047 -0.3421
vn -0.2493 0.0058 0.9684
vn -0.9452 0.0039 -0.3264
vn 0.4811 0.8109 -0.3330
vn 0.5102 0.8114 -0.2852
vn 0.4466 0.8117 -0.3765
vn 0.3938 0.7772 0.4908
vn 0.3476 0.7789 0.5220
vn 0.4356 0.7773 0.4540
vn -0.5791 0.7777 0.2446
vn -0.5980 0.7779 0.1931
vn -0.5527 0.7795 0.2947
vn -0.2672 0.8108 -0.5208
vn -0.2159 0.8115 -0.5430
vn -0.3150 0.8113 -0.4926
vn 0.9651 0.0410 -0.2585
vn 0.3379 -0.0096 0.9411
vn 0.2743 0.8268 -0.4910
vn -0.4222 0.7412 0.5218
vn 0.7323 -0.0081 0.6809
vn 0.5988 -0.0435 -0.7997
vn 0.8280 0.0430 0.5590
vn -0.6402 0.0055 0.7682
vn -0.8294 -0.0309 -0.5578
vn -0.6339 -0.0013 0.7734
vn 0.3367 0.0503 -0.9403
vn -0.9038 0.0061 -0.4280
vn 0.6313 0.7411 -0.2285
vn 0.6465 0.7424 -0.1758
vn 0.6086 0.7424 -0.2803
vn 0.0315 0.7764 0.6294
vn -0.0242 0.7769 0.6292
vn 0.0869 0.7777 0.6226
vn -0.5560 0.8276 0.0775
vn -0.5607 0.8277 0.0224
vn -0.5444 0.8283 0.1325
vn -0.2983 0.8126 -0.5007
vn -0.2479 0.8139 -0.5254
vn -0.3445 0.8125 -0.4703
vn -0.9960 0.0468 -0.0767
vn -0.1686 0.0366 -0.9850
vn -0.9713 -0.1977 -0.1321
vn -0.3421 0.0484 0.9384
vn 0.9931 0.0429 0.1095
vn 0.2772 -0.1966 0.9405
vn 0.5739 -0.2126 -0.7908
vn -0.0003 1.0000 -0.0004
vn -0.0005 1.0000 -0.0019
vn -0.0002 1.0000 0.0003
vn -0.0008 1.0000 -0.0027
vn -0.0002 1.0000 -0.0000
vn -0.0004 1.0000 -0.0000
vn 0.9991 -0.0015 0.0428
vn 0.2714 0.0847 0.9587
vn 0.4522 0.8760 0.1675
vn 0.6740 0.0009 -0.7387
vn 0.5824 0.7825 -0.2204
vn 0.6047 0.6273 -0.4907
vn -0.4513 0.0485 -0.8911
vn -0.7845 0.5187 -0.3400
vn -0.9012 0.0011 0.4334
vn 0.3480 0.5084 0.7877
vn 0.3506 0.7468 0.5651
vn 0.5641 0.7052 0.4295
vn 0.9274 0.3283 0.1792
vn 0.7955 0.5908 0.1346
vn 0.8656 0.4987 0.0454
vn 0.9260 0.3760 -0.0345
vn 0.4030 0.9150 0.0209
vn 0.2029 0.9486 0.2428
vn 0.8528 0.3778 0.3605
vn -0.1269 0.5512 0.8247
vn 0.1607 0.6627 0.7314
vn 0.1318 0.9473 0.2921
vn -0.2211 0.9320 0.2871
vn -0.9982 0.0027 -0.0595
vn -0.5904 -0.0175 -0.8069
vn -0.4586 0.8806 0.1191
vn -0.4175 0.0657 0.9063
vn -0.0018 -0.1374 0.9905
vn 0.6186 0.5460 0.5650
vn 0.4724 0.8726 0.1242
vn 0.4147 0.0524 -0.9085
vn -0.7688 0.6191 0.1602
vn -0.6169 0.6324 -0.4685
vn -0.5814 0.8026 -0.1336
vn 0.0730 0.9960 -0.0509
vn -0.0005 1.0000 -0.0008
vn 0.0205 0.9998 0.0011
vn -0.0000 1.0000 -0.0001
vn -0.0000 1.0000 -0.0005
vn 0.0235 0.9996 0.0149
vn -0.2772 0.1966 0.9405
vn -0.5739 0.2126 -0.7908
vn -0.9931 -0.0429 0.1095
vn 0.9713 0.1977 -0.1321
vn 0.3421 -0.0484 0.9384
vn 0.1686 -0.0366 -0.9850
vn 0.9960 -0.0468 -0.0767
vn -0.9865 0.0912 -0.1362
vn -0.5721 0.7119 0.4073
vn -0.9348 0.2529 0.2496
vn -0.4195 0.9067 0.0446
vn -0.3244 0.9458 -0.0169
vn -0.8977 0.4405 0.0140
vn -0.3633 0.9275 0.0886
vn -0.9121 0.4061 0.0567
vn -0.1499 0.8968 -0.4162
vn -0.8543 0.3698 -0.3653
vn -0.5598 0.2167 0.7998
vn -0.4252 0.5300 0.7337
vn -0.7876 -0.5561 0.2653
vn -0.3697 -0.5960 0.7128
vn 0.5149 -0.0177 0.8570
vn 0.2717 0.4642 0.8430
vn 0.6369 0.1744 0.7510
vn 0.5382 0.4716 0.6985
vn 0.9586 0.1088 0.2631
vn 0.7242 -0.6377 0.2623
vn 0.8408 0.4189 -0.3430
vn 0.1284 0.9173 -0.3769
vn -0.3621 0.4014 -0.8413
vn 0.4156 0.3581 -0.8361
vn -0.7188 -0.6030 -0.3460
vn 0.0305 -0.5975 -0.8013
vn 0.7319 0.3829 -0.5636
vn 0.9161 -0.0084 -0.4010
vn 0.0083 0.9980 -0.0624
vn 0.9923 -0.0025 -0.1234
vn -0.0046 1.0000 -0.0002
vn -0.0065 1.0000 0.0033
vn 0.0032 1.0000 0.0009
vn 0.0005 1.0000 0.0010
vn -0.0173 0.9996 -0.0239
vn 0.0059 1.0000 0.0035
vn -0.9364 0.0535 -0.3469
vn -0.9796 -0.0311 -0.1986
vn -0.7349 0.4975 -0.4608
vn -0.2969 0.4242 -0.8555
vn -0.0551 -0.5910 -0.8048
vn 0.7252 -0.6227 -0.2939
vn 0.3784 0.3002 -0.8756
vn -0.5699 -0.5969 -0.5647
vn 0.4800 -0.8501 -0.2168
vn 0.0104 -0.5781 -0.8159
vn 0.5742 -0.5819 -0.5758
vn 0.9953 0.0962 0.0147
vn 0.0056 -0.7087 -0.7055
vn -0.5911 -0.2525 -0.7661
vn -0.4888 -0.8638 -0.1224
vn -0.5878 -0.5612 -0.5827
vn -0.4275 -0.8708 -0.2429
vn -0.1243 -0.9691 -0.2130
vn -0.0087 -0.9510 0.3090
vn -0.1086 -0.9068 0.4074
vn -0.7224 -0.6356 -0.2723
vn -0.0422 -0.9984 0.0382
vn -0.9076 -0.3307 -0.2586
vn -0.9658 -0.0309 -0.2576
vn 0.4831 -0.8390 -0.2504
vn 0.1535 -0.9226 0.3539
vn -0.1480 -0.8016 0.5793
vn 0.9299 -0.2633 -0.2569
vn 0.9574 -0.0366 -0.2865
vn 0.9588 -0.2688 0.0922
vn 0.7493 -0.5900 -0.3008
vn 0.0285 -0.9952 0.0941
vn 0.1957 -0.9515 -0.2374
vn 0.5770 -0.2497 -0.7776
vn 0.3638 -0.4033 -0.8397
vn 0.1654 -0.6430 -0.7478
vn 0.5229 -0.0175 -0.8522
vn -0.1595 -0.5576 -0.8147
vn -0.4373 -0.3829 -0.8137
vn -0.5342 -0.1885 -0.8240
vn 0.0002 -1.0000 -0.0057
vn -0.0087 -0.9997 -0.0214
vn -0.0196 -0.9996 -0.0206
vn -0.0020 -1.0000 -0.0006
vn -0.0134 -0.9999 -0.0038
vn 0.3864 -0.4188 0.8218
vn 0.3739 -0.6848 0.6255
vn -0.4324 -0.6140 0.6603
vn 0.1071 -0.1778 0.9782
vn -0.0003 -1.0000 -0.0005
vn 0.0007 -1.0000 0.0002
vn 0.0002 -1.0000 -0.0004
vn -0.8519 0.0102 -0.5235
vn -0.9181 -0.2099 0.3362
vn -0.5697 -0.4137 -0.7101
vn -0.1020 -0.9786 0.1788
vn -0.9651 -0.0118 -0.2618
vn -0.5992 0.0075 -0.8006
vn -0.9396 -0.0195 -0.3418
vn 0.9455 -0.0185 -0.3251
vn 0.5833 0.0046 -0.8122
vn 0.7473 -0.0243 -0.6641
vn 0.9708 -0.0023 -0.2401
vn 0.0102 0.1211 -0.9926
vn 0.8405 -0.0120 -0.5417
vn 0.5038 -0.4422 -0.7420
vn 0.0016 0.1928 -0.9812
vn -0.7390 0.0008 -0.6737
vn 0.4547 -0.5762 0.6792
vn 0.9124 -0.2482 0.3255
vn -0.0004 -1.0000 0.0001
vn -0.3578 -0.7129 0.6031
vn -0.0542 -0.9985 -0.0039
vn -0.0734 -0.9970 0.0244
vn -0.0002 -1.0000 0.0001
vn -0.1323 -0.1747 0.9757
vn -0.4419 -0.3831 0.8111
vn -0.0011 -1.0000 0.0003
vn 0.0795 -0.9876 0.1354
vn 0.7905 -0.4743 -0.3875
vn 0.7907 -0.5074 -0.3425
vn 0.7918 -0.4360 -0.4277
vn 0.8011 -0.4119 0.4342
vn 0.8021 -0.3687 0.4697
vn 0.8015 -0.4500 0.3938
vn 0.8014 0.4367 0.4087
vn 0.8018 0.4723 0.3661
vn 0.8024 0.3957 0.4467
vn 0.7900 0.4507 -0.4155
vn 0.7913 0.4101 -0.4534
vn 0.7903 0.4865 -0.3726
vn -0.0116 -0.9999 -0.0027
vn -0.0128 0.0356 -0.9993
vn 0.0146 -0.0311 -0.9994
vn -0.0115 -0.0353 0.9993
vn 0.0127 -0.9981 0.0598
vn -0.0118 0.9977 0.0666
vn 0.0127 0.0305 0.9995
vn 0.0128 0.9999 0.0012
vn 0.5931 0.7450 0.3053
vn 0.9997 0.0010 0.0237
vn 0.9994 0.0336 0.0098
vn 0.6312 0.1977 0.7500
vn 0.6372 -0.4031 0.6569
vn 0.6420 -0.7208 0.2614
vn 0.6273 0.6185 -0.4732
vn 0.6180 -0.1057 -0.7790
vn 0.9998 0.0013 -0.0216
vn 0.9997 -0.0232 0.0034
vn 0.6330 -0.7068 -0.3157
vn -0.0218 -0.7140 -0.6998
vn -0.0080 -0.9639 0.2660
vn 0.0183 -0.4855 0.8741
vn 0.7921 0.0231 0.6100
vn -0.0498 0.9653 -0.2563
vn -0.0246 0.2874 -0.9575
vn 0.6792 0.1970 0.7070
vn 0.6214 0.7602 0.1895
vn 0.2252 0.4110 0.8834
vn 0.0559 -0.3020 -0.9517
vn 0.0590 -0.9525 -0.2987
vn 0.3472 -0.7276 -0.5916
vn 0.4215 -0.9048 -0.0608
vn 0.0382 -0.9220 0.3853
vn 0.0576 -0.3951 0.9168
vn 0.3704 -0.5515 0.7474
vn 0.3800 -0.0444 0.9239
vn 0.3760 0.2930 0.8791
vn 0.2511 0.7092 0.6588
vn 0.3093 0.8732 0.3766
vn 0.0951 0.6815 -0.7256
vn 0.2861 0.9313 -0.2252
vn 0.3698 -0.1447 -0.9178
vn 0.3409 0.3649 -0.8664
vn 0.4262 0.6953 -0.5786
vn 0.3568 -0.8504 0.3867
vn 0.9491 -0.1437 -0.2804
vn 0.9429 0.0220 -0.3323
vn 0.9371 0.3409 0.0747
vn 0.9351 0.1637 0.3143
vn 0.9430 -0.0986 0.3177
vn 0.9263 -0.2835 0.2481
vn 0.8296 -0.5575 0.0318
vn 0.9151 -0.3831 -0.1261
vn 0.9467 0.2421 -0.2126
vn 0.9396 -0.0086 0.3420
vn 0.7386 -0.6285 0.2441
vn 0.7249 -0.6511 -0.2251
vn 0.9309 0.0151 -0.3649
vn 0.5109 -0.6854 -0.5188
vn 0.2453 -0.6340 -0.7335
vn 0.3704 0.8007 -0.4708
vn 0.2958 0.6523 -0.6979
vn 0.3183 -0.9064 0.2778
vn -0.2813 -0.6473 -0.7084
vn 0.5151 -0.6859 0.5140
vn 0.6333 0.0027 0.7739
vn 0.2597 -0.6313 0.7307
vn 0.3029 -0.0405 0.9521
vn -0.3336 -0.0189 0.9425
vn -0.2620 -0.6249 0.7355
vn -0.9458 -0.0163 0.3244
vn -0.7235 -0.6421 0.2536
vn -0.5169 -0.6800 0.5201
vn -0.7242 -0.0079 0.6896
vn -0.7298 -0.6417 -0.2357
vn -0.9559 -0.0035 -0.2938
vn -0.5163 -0.6771 -0.5243
vn -0.7143 -0.0389 -0.6987
vn -0.2952 -0.0024 -0.9554
vn 0.0010 0.0012 -1.0000
vn 0.0002 0.0090 -1.0000
vn -0.0079 -0.0015 -1.0000
vn 0.0002 0.0063 -1.0000
vn -0.0021 -0.0037 -1.0000
vn -0.0010 -0.0231 -0.9997
vn 0.0099 -0.0045 -0.9999
vn 0.0025 -0.0213 -0.9998
vn -0.0231 0.9996 0.0181
vn 0.9989 0.0095 0.0453
vn 0.0178 0.9990 -0.0418
vn -1.0000 -0.0000 0.0064
vn -0.9994 0.0257 -0.0250
vn -0.0269 -0.9993 0.0248
vn -0.1849 -0.9827 -0.0096
vn 0.9827 -0.1790 -0.0466
vn -0.6624 0.7439 -0.0884
vn -0.7576 -0.6448 -0.1013
vn -0.9168 0.3891 0.0904
vn 0.7756 -0.6212 -0.1120
vn -0.2853 -0.9518 0.1129
vn 0.9832 -0.1556 0.0954
vn 0.5949 0.7973 -0.1018
vn 0.2611 0.9630 0.0676
vn 0.2619 0.4126 0.8725
vn -0.0790 0.4975 0.8638
vn 0.0071 0.0259 0.9996
vn 0.1231 0.0669 0.9901
vn -0.0338 0.0311 0.9989
vn -0.0443 0.2598 0.9646
vn -0.0869 0.6824 0.7258
vn 0.2639 0.7982 0.5416
vn 0.3584 0.7932 0.4924
vn 0.8110 0.4155 0.4119
vn 0.8206 0.4845 0.3032
vn 0.9173 0.0700 0.3920
vn 0.4370 0.7843 0.4403
vn 0.1287 0.6129 0.7796
vn 0.0300 0.7027 0.7109
vn 0.0822 0.7969 0.5985
vn 0.7500 0.3463 0.5635
vn 0.4575 0.3779 0.8049
vn 0.9024 0.2904 0.3185
vn 0.5321 0.8439 0.0688
vn 0.7898 0.4854 -0.3750
vn 0.7487 0.5304 0.3977
vn 0.0329 0.9992 0.0224
vn 0.8113 0.1763 -0.5574
vn 0.5430 0.8269 -0.1462
vn 0.8193 0.3993 -0.4115
vn 0.3438 0.8242 0.4499
vn 0.1636 0.9629 0.2145
vn -0.3457 0.9377 0.0337
vn 0.9344 0.1827 0.3057
vn 0.0808 0.9947 -0.0643
vn 0.7438 0.6654 0.0630
vn -0.7078 0.6991 0.1012
vn -0.0655 0.9965 0.0522
vn -0.7313 0.1385 0.6678
vn -0.0246 0.1247 0.9919
vn -0.0796 0.6539 0.7524
vn -0.4120 0.1407 0.9003
vn 0.1100 0.3275 0.9384
vn -0.4901 0.3177 0.8117
vn -0.8834 0.3815 0.2721
vn -0.8357 0.5006 0.2259
vn -0.9390 0.3298 0.0974
vn -0.1104 0.8411 0.5295
vn -0.4172 0.9043 0.0905
vn -0.7789 0.4425 0.4445
vn -0.8139 -0.0083 0.5809
vn -0.3709 0.6079 0.7021
vn -0.1296 0.9888 0.0739
vn -0.6494 0.1503 0.7454
vn -0.3062 0.7940 0.5251
vn -0.3641 0.6319 0.6842
vn -0.6104 0.7699 0.1865
vn -0.7493 0.6009 0.2784
vn -0.9938 0.0724 0.0846
vn -0.8467 0.5166 -0.1273
vn -0.9288 0.3542 0.1085
vn -0.4208 0.9050 0.0622
vn -0.9057 0.1706 -0.3880
vn -0.8213 0.1896 0.5381
vn -0.8305 0.3717 0.4149
vn -0.7406 0.5705 -0.3552
vn -0.5365 0.8427 0.0451
vn -0.5758 0.8046 0.1451
vn -0.6400 0.1325 -0.7568
vn -0.8843 0.3200 -0.3401
vn -0.0568 0.7838 -0.6184
vn -0.3836 0.6787 -0.6263
vn -0.0558 0.0438 -0.9975
vn -0.0981 0.3504 -0.9314
vn -0.4396 0.7864 -0.4341
vn -0.3269 0.8815 -0.3409
vn -0.9121 0.0216 -0.4094
vn -0.8032 0.3930 -0.4476
vn -0.0473 0.7631 -0.6446
vn -0.0163 0.9998 -0.0125
vn -0.1473 0.0204 -0.9889
vn -0.3229 0.4677 -0.8228
vn -0.6056 0.6008 -0.5218
vn -0.7927 0.3041 -0.5283
vn -0.0796 0.8169 -0.5712
vn -0.0489 0.9008 -0.4314
vn -0.2539 0.8018 -0.5409
vn 0.1141 0.7349 -0.6685
vn -0.2853 0.9550 -0.0810
vn 0.3578 0.7634 -0.5377
vn -0.0307 0.9566 0.2897
vn 0.0955 0.5495 -0.8300
vn 0.1201 0.6579 -0.7435
vn 0.3949 0.0747 -0.9157
vn 0.3879 0.4119 -0.8246
vn 0.6228 0.7584 -0.1922
vn 0.5299 0.6702 -0.5196
vn 0.7267 0.6377 -0.2555
vn 0.0613 0.7025 -0.7090
vn 0.8106 0.5666 0.1476
vn 0.9961 0.0335 -0.0822
vn 0.5740 0.7240 -0.3825
vn 0.0778 -0.7469 -0.6604
vn 0.2921 0.6817 -0.6708
vn -0.2393 0.0110 0.9709
vn -0.2388 0.6736 0.6995
vn -0.2115 0.0109 0.9773
vn -0.2549 0.0004 0.9670
vn -0.0009 -0.7278 0.6858
vn -0.2253 0.0069 0.9743
vn 0.4186 -0.5668 0.7096
vn -0.6672 -0.7377 -0.1033
vn 0.6913 -0.7210 0.0471
vn 0.6086 -0.7580 -0.2346
vn 0.5010 -0.7441 -0.4420
vn 0.4089 -0.7320 -0.5449
vn 0.0992 -0.9429 -0.3180
vn -0.2088 -0.7517 -0.6256
vn -0.5297 -0.0329 -0.8476
vn -0.7487 -0.0213 -0.6625
vn -0.8656 -0.2522 -0.4325
vn -0.6349 -0.7492 0.1888
vn -0.5085 -0.7375 0.4444
vn -0.8318 -0.5535 -0.0426
vn 0.2622 -0.7690 0.5830
vn 0.5716 -0.0456 0.8192
vn 0.4644 -0.7436 0.4811
vn -0.1156 -0.6091 0.7847
vn 0.6404 -0.6017 -0.4773
vn -0.4146 -0.7518 -0.5127
vn -0.5393 -0.7071 -0.4574
vn -0.0674 -0.9964 -0.0507
vn -0.2733 -0.9333 -0.2328
vn -0.0062 -0.9943 0.1066
vn 0.0022 -1.0000 0.0092
vn -0.2422 -0.9617 0.1282
vn 0.0148 -0.9992 0.0376
vn -0.0672 -0.9977 -0.0091
vn 0.2995 -0.8881 -0.3486
vn -0.2347 -0.8921 0.3862
vn 0.0067 -0.9997 0.0224
vn 0.0104 -0.9999 -0.0060
vn -0.0068 -1.0000 0.0038
vn -0.5799 -0.8123 0.0634
vn -0.1501 -0.9877 -0.0433
vn -0.0002 -1.0000 -0.0097
vn 0.7324 -0.5562 -0.3927
vn -0.0055 -0.9997 0.0250
vn -0.0037 -1.0000 0.0016
vn -0.0019 -1.0000 -0.0045
vn -0.0330 -0.8404 0.5409
vn 0.0357 -0.9994 -0.0049
vn -0.2741 -0.8999 0.3393
vn 0.9814 -0.0251 -0.1905
vn 0.3136 -0.0350 -0.9489
vn 0.7680 0.0305 -0.6397
vn 0.6721 -0.0293 0.7399
vn 0.8607 0.0148 0.5088
vn -0.5261 -0.0526 0.8488
vn -0.8640 -0.0584 -0.5001
vn -0.4049 0.0426 -0.9134
vn 0.7296 0.0229 -0.6835
vn -0.3865 -0.1157 -0.9150
vn -0.3162 0.1603 -0.9350
vn 0.8503 -0.0790 0.5204
vn 0.9876 0.1228 -0.0981
vn -0.1055 -0.0809 0.9911
vn 0.3767 0.0866 0.9223
vn -0.9989 0.0228 0.0412
vn -0.8097 0.1173 0.5750
vn 0.4501 -0.0030 -0.8930
vn -0.7208 -0.0200 -0.6929
vn 0.4450 0.0028 -0.8955
vn 0.9984 -0.0030 0.0568
vn 0.2783 -0.0266 0.9601
vn 0.9984 -0.0060 0.0554
vn -0.8339 -0.0404 0.5504
vn -0.6440 0.0083 -0.7650
vn 0.5104 0.0013 0.8599
vn 0.8486 -0.0939 0.5207
vn 0.5680 -0.0693 -0.8201
vn 0.9953 0.0964 0.0121
vn -0.5792 -0.0926 0.8099
vn -0.0709 0.1137 0.9910
vn -0.7207 -0.1284 -0.6813
vn -0.9859 0.0463 -0.1607
vn 0.0338 0.1037 -0.9940
vn 0.8084 -0.0250 -0.5881
vn -0.3766 -0.0230 -0.9261
vn 0.7212 -0.0060 0.6927
vn 0.8070 0.0213 0.5902
vn -0.4615 0.0028 0.8872
vn -0.9964 -0.0138 -0.0836
vn 0.9658 -0.1168 0.2313
vn 0.0959 -0.0742 -0.9926
vn 0.8714 0.0887 -0.4825
vn -0.1544 -0.1125 0.9816
vn 0.5057 0.0822 0.8588
vn -0.9959 -0.0811 -0.0410
vn -0.7360 0.0977 0.6699
vn -0.6417 0.1246 -0.7568
vn 0.9821 -0.0044 -0.1885
vn 0.1338 -0.0296 -0.9906
vn 0.5982 0.0091 0.8013
vn -0.5921 -0.0049 0.8059
vn -0.9349 -0.0029 -0.3548
vn -0.9506 0.0035 -0.3102
vn 0.9078 -0.0277 -0.4185
vn -0.2617 -0.0064 -0.9651
vn -0.1993 0.0209 -0.9797
vn 0.2568 -0.0074 0.9664
vn 0.9370 0.0036 -0.3494
vn -0.9962 -0.0203 0.0845
vn -0.9939 0.0087 0.1096
vn 0.2858 0.0278 0.9579
vn -0.9847 -0.1738 -0.0082
vn 0.4503 -0.1375 0.8822
vn -0.6747 0.1844 0.7147
vn 0.5878 -0.1864 -0.7872
vn -0.1558 0.1734 -0.9725
vn 0.9435 0.1337 0.3033
vn -0.3526 -0.6267 -0.6949
vn -0.4008 -0.6286 -0.6665
vn -0.3017 -0.6286 -0.7168
vn -0.2962 -0.7433 0.5998
vn -0.2459 -0.7434 0.6220
vn -0.3444 -0.7456 0.5705
vn 0.6609 -0.7407 0.1205
vn 0.6662 -0.7430 0.0643
vn 0.6486 -0.7409 0.1741
vn -0.9182 -0.0063 -0.3960
vn -0.4689 0.0782 0.8798
vn -0.6218 0.1415 -0.7703
vn 0.4137 -0.0557 -0.9087
vn 0.8735 -0.0032 0.4869
vn 0.9905 0.1262 0.0545
vn -0.4468 0.0056 0.8946
vn -0.2231 -0.8006 -0.5561
vn -0.2736 -0.8011 -0.5324
vn -0.1702 -0.8015 -0.5732
vn -0.5769 -0.8011 0.1593
vn -0.5582 -0.8021 0.2123
vn -0.5886 -0.8015 0.1054
vn 0.1898 -0.7895 0.5837
vn 0.2422 -0.7901 0.5631
vn 0.1363 -0.7905 0.5971
vn 0.5790 -0.7890 -0.2054
vn 0.5568 -0.7899 -0.2569
vn 0.5943 -0.7897 -0.1522
vn -0.4707 0.8730 -0.1277
vn 0.6636 0.7281 0.1719
vn -0.0172 0.8427 0.5382
vn -0.0427 0.9989 0.0199
vn -0.4991 0.8417 0.2058
vn -0.0971 0.9716 -0.2157
vn -0.0115 0.9995 -0.0298
vn -0.0250 0.9990 0.0370
vn 0.0059 0.9992 0.0385
vn 0.0302 0.9993 0.0199
vn -0.0033 1.0000 0.0015
vn 0.0214 0.9983 -0.0541
vn -0.0311 0.9991 -0.0290
vn -0.0089 0.9992 -0.0378
vn 0.0059 0.9999 0.0106
vn -0.0063 1.0000 -0.0068
vn -0.0255 0.9997 0.0010
vn -0.0111 0.9998 0.0190
vn -0.0094 0.9999 -0.0120
vn 0.0023 0.9997 0.0245
vn 0.4828 0.8570 -0.1801
vn 0.2953 0.8242 0.4833
vn 0.0103 0.9996 0.0281
vn -0.3937 0.8845 -0.2504
vn 0.0940 0.9916 -0.0890
vn 0.0340 0.9986 0.0394
vn 0.0238 0.9997 -0.0042
vn 0.0127 0.9999 0.0099
vn 0.0629 0.9977 -0.0245
vn 0.0144 0.9998 -0.0153
vn 0.0320 0.9994 0.0095
vn 0.0598 0.9977 -0.0332
vn -0.4896 0.8710 0.0418
vn 0.2435 0.8527 -0.4623
vn 0.4872 0.8528 0.1880
vn -0.0076 0.9999 -0.0103
vn 0.4244 0.9055 -0.0021
vn -0.0135 0.9997 0.0215
vn -0.4475 -0.1193 -0.8863
vn -0.9250 -0.2525 -0.2839
vn 0.5987 0.4384 -0.6704
vn -0.7549 0.6151 -0.2275
vn 0.0969 0.6140 -0.7833
vn -0.2618 0.5956 0.7594
vn 0.7900 0.6032 0.1102
vn -0.4669 -0.3686 -0.8038
vn 0.7984 0.2318 -0.5557
vn 0.0142 0.2099 0.9776
vn -0.8892 0.1747 -0.4228
vn 0.6382 0.6783 0.3641
vn 0.6080 0.6791 0.4112
vn 0.6620 0.6805 0.3141
vn -0.5670 0.7412 0.3593
vn -0.5936 0.7424 0.3106
vn -0.5341 0.7424 0.4045
vn -0.0933 0.7132 -0.6947
vn -0.0379 0.7153 -0.6978
vn -0.1483 0.7139 -0.6844
vn -0.1179 0.8028 -0.5845
vn -0.0958 0.7341 0.6722
vn -0.5547 0.7604 0.3377
vn 0.9815 -0.0396 -0.1871
vn 0.5406 0.0083 0.8412
vn 0.8173 0.1764 -0.5486
vn 0.0310 0.1438 0.9891
vn -0.8935 0.1565 -0.4209
vn -0.2735 -0.0656 -0.9596
vn -0.9431 -0.0825 0.3223
vn -0.1760 0.6873 -0.7047
vn -0.6372 0.7611 0.1213
vn -0.6575 0.5762 -0.4855
vn 0.0584 0.7372 0.6732
vn -0.4757 0.6364 0.6071
vn 0.6797 0.7284 -0.0863
vn 0.6626 0.4993 0.5583
vn 0.5240 0.3923 -0.7560
vn 0.9273 0.0779 0.3662
vn -0.5252 0.0252 0.8506
vn 0.7552 -0.0255 0.6550
vn 0.3742 0.0533 -0.9258
vn 0.7371 -0.0751 -0.6717
vn -0.7552 -0.0545 -0.6532
vn -0.8599 0.0163 -0.5103
vn -0.5610 -0.0168 0.8276
vn 0.5372 0.8007 -0.2652
vn 0.5587 0.8014 -0.2137
vn 0.5095 0.8013 -0.3135
vn 0.2457 0.7607 0.6008
vn 0.1932 0.7624 0.6176
vn 0.2967 0.7610 0.5769
vn -0.6062 0.7922 0.0702
vn -0.6103 0.7921 0.0139
vn -0.5952 0.7940 0.1241
vn -0.1831 0.8189 -0.5440
vn -0.1293 0.8196 -0.5582
vn -0.2349 0.8192 -0.5232
vn -0.4245 0.4334 0.7950
vn -0.2308 0.7163 -0.6585
vn 0.9245 0.1355 0.3562
vn -0.5127 0.1100 0.8515
vn 0.3698 0.0724 -0.9263
vn -0.8423 0.0741 -0.5339
vn -0.0452 -0.0266 -0.9986
vn -0.4902 -0.5807 -0.6500
vn 0.6357 -0.5873 -0.5010
vn 0.5836 -0.5895 0.5584
vn 0.6937 0.0074 0.7202
vn -0.7244 -0.0091 0.6893
vn 0.5967 0.5886 -0.5455
vn -0.5407 0.5708 -0.6179
vn -0.6127 0.5839 0.5326
vn 0.3441 0.7580 -0.5542
vn 0.0152 0.3240 -0.9459
vn 0.1051 -0.0635 -0.9924
vn 0.5688 0.7156 -0.4054
vn 0.5015 -0.0703 -0.8623
vn 0.6619 0.7415 -0.1096
vn 0.8084 -0.1170 -0.5769
vn 0.6680 0.7248 0.1685
vn 0.9985 -0.0096 0.0541
vn 0.5241 0.7505 0.4025
vn 0.8879 -0.0135 0.4599
vn 0.4078 0.7440 0.5293
vn 0.1303 0.7415 0.6582
vn 0.4320 -0.0607 0.8998
vn -0.1411 0.7203 0.6792
vn 0.1062 -0.0643 0.9923
vn -0.3938 0.7435 0.5405
vn -0.2194 -0.0524 0.9742
vn -0.5870 0.7421 0.3235
vn -0.7402 -0.0889 0.6665
vn -0.8207 0.5692 0.0496
vn -0.9141 -0.0511 0.4023
vn -0.6375 0.7384 -0.2199
vn -0.9973 -0.0115 0.0724
vn -0.5134 0.7372 -0.4393
vn -0.8289 -0.0857 -0.5528
vn -0.4122 0.7365 -0.5364
vn -0.2043 0.7329 -0.6490
vn -0.5348 -0.0477 -0.8437
vn -0.1826 -0.0625 -0.9812
vn -0.9599 -0.0703 -0.2713
vn -0.5189 -0.0737 0.8517
vn 0.6826 -0.0739 0.7270
vn 0.9420 -0.0685 -0.3286
vn 0.0619 0.9957 -0.0691
vn 0.2993 -0.1615 -0.9404
vn 0.6142 -0.1234 -0.7795
vn 0.8285 -0.0873 -0.5531
vn 0.9782 -0.1255 -0.1656
vn 0.9538 -0.1567 0.2562
vn 0.7673 -0.1202 0.6299
vn 0.2568 -0.1204 0.9589
vn -0.0849 -0.1262 0.9884
vn -0.4217 -0.1199 0.8988
vn -0.7524 -0.0853 0.6531
vn -0.9546 -0.1265 0.2699
vn -0.9812 -0.1166 -0.1537
vn -0.8306 -0.0982 -0.5481
vn -0.3194 -0.0697 -0.9451
vn -0.0082 -0.1069 -0.9942
vn -0.6536 -0.1130 -0.7484
vn 0.5527 -0.1369 0.8220
vn -0.0962 -0.0244 -0.9951
vn 0.3007 -0.0167 -0.9536
vn 0.6267 -0.0020 -0.7792
vn 0.8433 0.0022 -0.5375
vn 0.9861 -0.0133 -0.1655
vn 0.9620 -0.0181 0.2724
vn 0.7642 -0.0220 0.6446
vn 0.5118 -0.0178 0.8589
vn 0.2158 -0.0197 0.9762
vn -0.1263 -0.0029 0.9920
vn -0.4401 -0.0236 0.8976
vn -0.7706 -0.0117 0.6373
vn -0.9651 -0.0199 0.2610
vn -0.9847 -0.0091 -0.1738
vn -0.8323 -0.0147 -0.5542
vn -0.5107 -0.0448 -0.8586
vn -0.0451 -0.6561 -0.7533
vn 0.5095 -0.8348 -0.2087
vn 0.6920 -0.4734 -0.5451
vn 0.6804 -0.7311 0.0512
vn 0.2086 -0.8430 0.4958
vn 0.4765 -0.7249 0.4975
vn 0.5718 -0.8195 0.0368
vn 0.0588 -0.7129 0.6988
vn -0.1269 -0.7336 0.6676
vn -0.4239 -0.5582 0.7132
vn -0.5103 -0.7413 0.4360
vn -0.6731 -0.7330 0.0985
vn -0.7000 -0.7084 -0.0905
vn -0.4745 -0.7288 -0.4937
vn -0.3668 -0.5729 -0.7330
vn -0.7625 -0.5191 -0.3863
vn -0.4795 -0.8703 -0.1130
vn -0.3798 -0.8433 0.3804
vn 0.6243 -0.7542 -0.2036
vn 0.1025 -0.7430 -0.6614
vn -0.9136 -0.1417 0.3811
vn 0.0245 -0.9996 -0.0146
vn 0.0366 -0.8462 -0.5316
vn -0.6732 0.4309 -0.6010
vn 0.9414 -0.0659 0.3309
vn 0.4357 -0.0732 -0.8971
vn 0.5731 -0.8096 -0.1270
vn -0.2040 -0.1063 0.9732
vn 0.1002 -0.8484 0.5197
vn -0.9275 -0.1107 -0.3570
vn -0.8332 0.1390 0.5353
vn -0.7223 0.4424 0.5315
vn -0.8014 -0.2504 0.5432
vn -0.6991 0.6437 0.3113
vn -0.6199 0.7100 -0.3342
vn -0.0042 1.0000 0.0010
vn -0.5728 0.1869 0.7981
vn -0.0001 1.0000 0.0003
vn -0.9976 0.0678 -0.0106
vn -0.2961 -0.0874 0.9512
vn -0.3520 0.0200 0.9358
vn -0.3869 -0.0702 0.9195
vn -0.9187 -0.0000 0.3950
vn -0.7400 -0.5376 0.4041
vn -0.6560 0.0029 0.7547
vn -0.2129 0.1437 0.9664
vn -0.9279 -0.0965 0.3600
vn -0.7827 0.0948 -0.6152
vn 0.0717 0.0112 0.9974
vn 0.8997 -0.0182 -0.4362
vn 0.9098 0.1305 -0.3940
vn -0.7364 0.6210 -0.2683
vn -0.9594 -0.0068 -0.2821
vn -0.5214 0.0239 -0.8530
vn -0.3988 0.0037 -0.9170
vn -0.4427 -0.0045 -0.8966
vn -0.6133 0.1278 -0.7794
vn 0.3843 0.9229 0.0234
vn -0.1128 0.3818 -0.9173
vn -0.7115 0.6146 0.3408
vn -0.5686 -0.0383 -0.8217
vn -0.9835 -0.1053 0.1471
vn 0.0055 -0.9201 0.3917
vn 0.9845 0.0378 -0.1715
vn -0.0275 -0.8568 -0.5149
vn 0.0530 -0.9975 -0.0469
vn 0.0133 -0.9993 -0.0344
vn -0.4782 -0.8765 -0.0553
vn 0.0034 -0.9997 0.0248
vn -0.6631 -0.6458 0.3785
vn 0.4104 -0.9119 -0.0037
vn 0.3039 -0.6344 0.7108
vn -0.2197 -0.6497 0.7278
vn 0.5445 -0.7976 0.2595
vn 0.7047 -0.6573 0.2670
vn 0.0006 -1.0000 -0.0061
vn -0.0031 -0.9994 0.0334
vn -0.0014 -1.0000 -0.0031
vn 0.3041 -0.7764 0.5520
vn 0.0022 -1.0000 -0.0026
vn 0.0079 -1.0000 -0.0061
vn -0.0052 -1.0000 0.0005
vn 0.0003 -1.0000 0.0010
vn -0.0045 -1.0000 0.0031
vn -0.0167 -0.9998 0.0108
vn -0.0087 -1.0000 0.0020
vn -0.3026 -0.9292 -0.2123
vn -0.0024 -0.9965 -0.0841
vn -0.0086 -1.0000 -0.0017
vn 0.7033 -0.6525 -0.2821
vn -0.0157 -0.9997 0.0165
vn 0.0005 -1.0000 0.0016
vn 0.2996 -0.6339 -0.7130
vn 0.0017 -1.0000 0.0004
vn -0.3253 -0.8792 0.3481
vn 0.0121 -0.9998 0.0156
vn 0.4159 -0.8743 -0.2503
vn 0.0243 -0.9993 0.0270
vn -0.0003 -1.0000 0.0014
vn -0.0234 -0.9997 0.0031
vn 0.0082 -1.0000 0.0046
vn 0.0014 -1.0000 -0.0028
vn 0.0005 -1.0000 0.0003
vn 0.0121 -0.9996 0.0265
vn 0.0349 -0.9966 -0.0740
vn -0.3494 -0.0241 0.9367
vn -0.9166 0.0016 0.3997
vn -0.1373 0.7359 0.6630
vn -0.8127 0.5823 0.0185
vn -0.7584 0.1378 0.6370
vn 0.3011 0.5678 0.7661
vn -0.8912 0.0066 0.4536
vn 0.0473 0.0205 0.9987
vn 0.2423 0.6526 0.7179
vn 0.8948 0.3910 0.2158
vn -0.3036 0.7231 0.6204
vn 0.7569 0.1560 0.6346
vn 0.8519 -0.0158 0.5235
vn -0.8461 -0.1068 0.5222
vn -0.3511 0.0005 0.9363
vn 0.6016 -0.0803 -0.7947
vn -0.0358 0.0558 -0.9978
vn -0.7039 0.1704 -0.6896
vn -0.8628 -0.0358 -0.5043
vn -0.8789 0.0003 -0.4771
vn 0.0016 0.0374 -0.9993
vn -0.2334 0.6467 -0.7262
vn 0.0975 0.9091 0.4050
vn 0.4958 0.7048 -0.5075
vn -0.8780 0.4426 -0.1822
vn -0.6037 -0.0568 -0.7952
vn 0.2845 0.6326 -0.7204
vn 0.7922 0.5785 -0.1944
vn -0.3937 0.5222 -0.7565
vn 0.7154 0.1564 -0.6810
vn 0.9096 0.0002 -0.4156
vn 0.8949 -0.0019 -0.4463
vn -0.4136 0.0599 -0.9085
vn -0.6207 0.0131 -0.7839
vn 0.6599 0.0422 0.7501
vn 0.2925 -0.0265 -0.9559
vn 0.4456 0.0040 -0.8952
vn 0.6470 0.1488 -0.7478
vn 0.5728 0.6318 -0.5222
vn 0.9995 0.0326 0.0002
vn 0.2614 0.5255 -0.8096
vn 0.7896 0.4116 0.4551
vn 0.9356 -0.0401 -0.3507
vn 0.8286 -0.0666 0.5559
vn 0.7259 0.6346 0.2652
vn -0.4498 0.8918 -0.0482
vn 0.2378 0.4688 0.8507
vn 0.3637 0.8033 -0.4717
vn 0.6224 0.1292 0.7719
vn 0.4212 -0.0219 0.9067
vn 0.6277 -0.4375 -0.6438
vn 0.5654 -0.2113 -0.7973
vn 0.8888 -0.1552 0.4313
vn 0.8464 0.0213 0.5321
vn -0.7615 -0.0790 0.6434
vn -0.4600 0.0445 0.8868
vn 0.8004 -0.1087 -0.5895
vn 0.4563 -0.4974 -0.7378
vn 0.9920 0.0213 0.1244
vn 0.3508 -0.0255 -0.9361
vn 0.3257 0.0293 -0.9450
vn -0.9413 0.0334 -0.3359
vn -0.6167 -0.0654 0.7845
vn 0.3772 0.0051 0.9261
vn -0.5817 0.0083 0.8134
vn 0.3454 -0.4846 0.8037
vn 0.6891 -0.0915 0.7188
vn 0.7386 0.0559 0.6718
vn 0.3284 -0.1056 0.9386
vn -0.7240 0.0467 0.6882
vn 0.6556 0.0613 -0.7526
vn -0.1926 -0.0789 -0.9781
vn -0.6965 0.0538 -0.7155
vn 0.7606 0.0418 0.6479
vn 0.9011 0.0509 0.4306
vn 0.8407 -0.0103 0.5414
vn 0.7120 0.0540 -0.7001
vn -0.7940 0.1048 -0.5988
vn -0.4276 0.0404 0.9031
vn -0.5165 0.0282 0.8558
vn -0.8150 0.0255 0.5789
vn -0.1031 0.0275 0.9943
vn 0.3244 0.0114 0.9459
vn 0.6121 0.0108 0.7907
vn 0.8276 0.0128 0.5611
vn 0.9637 -0.0006 0.2670
vn 0.9973 -0.0063 -0.0737
vn 0.8860 0.0277 -0.4628
vn 0.6829 0.0243 -0.7301
vn 0.3890 0.0082 -0.9212
vn -0.1578 -0.7485 -0.6440
vn 0.0780 0.0152 -0.9968
vn -0.4456 -0.4262 -0.7873
vn -0.7094 0.0054 -0.7048
vn -0.8967 0.0092 -0.4425
vn -0.9977 0.0134 -0.0668
vn -0.9744 -0.0160 0.2244
vn -0.9902 0.0027 -0.1399
vn -0.0004 -1.0000 0.0006
vn -0.3417 -0.6068 0.7176
vn -0.0010 -1.0000 0.0009
vn -0.0164 -0.9998 0.0125
vn -0.0023 -1.0000 0.0008
vn 0.0046 -0.0386 0.9992
vn 0.0012 -1.0000 -0.0000
vn 0.0010 -1.0000 -0.0000
vn -0.1401 0.6536 0.7438
vn -0.5369 0.6326 0.5582
vn -0.9335 0.0425 0.3559
vn -0.7268 0.6437 0.2394
vn -0.3180 -0.0876 0.9441
vn 0.8786 -0.0787 0.4710
vn 0.3196 0.1299 0.9386
vn -0.9481 -0.1397 -0.2858
vn -0.9296 0.0905 0.3573
vn 0.4376 -0.1261 -0.8903
vn -0.4619 0.0805 -0.8833
vn 0.9065 0.1331 -0.4007
vn 0.9883 -0.1084 0.1073
vn -0.0015 0.8946 -0.4469
vn 0.8101 0.1206 -0.5738
vn -0.1797 -0.0951 0.9791
vn 0.4153 0.1263 0.9009
vn -0.5118 0.8589 -0.0160
vn -0.9198 0.0896 0.3819
vn -0.5691 0.0859 -0.8178
vn 0.3950 -0.0930 0.9139
vn 0.7912 0.1330 0.5969
vn -0.9482 0.1482 0.2808
vn 0.2363 0.0906 -0.9675
vn 0.6420 -0.1357 -0.7546
vn -0.9890 -0.1253 -0.0791
vn 0.2034 0.6395 0.7414
vn 0.4445 0.0076 0.8957
vn -0.9412 -0.0123 -0.3375
vn -0.7019 -0.6570 -0.2750
vn -0.9998 0.0176 0.0094
vn -0.5619 0.6328 -0.5328
vn -0.4472 0.0403 -0.8935
vn -0.1816 0.6332 -0.7524
vn 0.0014 -0.0099 -1.0000
vn 0.2133 0.6498 -0.7295
vn 0.2789 -0.6479 -0.7089
vn 0.5378 0.6335 -0.5562
vn 0.7040 -0.6228 -0.3412
vn 0.9722 0.0102 -0.2340
vn 0.7232 0.6294 0.2845
vn 0.9999 -0.0138 -0.0023
vn 0.7019 -0.6534 0.2835
vn 0.6089 0.5807 0.5405
vn 0.3900 -0.9163 -0.0915
vn -0.0002 -1.0000 -0.0003
vn -0.0004 -1.0000 -0.0001
vn 0.0001 -1.0000 -0.0002
vn -0.5156 -0.4624 -0.7213
vn -0.0000 -1.0000 0.0010
vn 0.9070 0.0029 -0.4212
vn -0.0000 -0.0132 -0.9999
vn -0.2594 0.0847 -0.9620
vn 0.6590 -0.0481 0.7506
vn 0.9620 0.0667 -0.2649
vn -0.2692 0.8407 0.4698
vn 0.2895 0.1009 0.9519
vn -0.4869 0.8652 -0.1198
vn -0.9383 0.1187 0.3249
vn 0.9968 -0.0103 -0.0788
vn -0.0612 -0.0006 -0.9981
vn 0.9927 0.0034 -0.1203
vn 0.1294 0.0001 0.9916
vn -0.9968 -0.0120 0.0787
vn -0.9928 0.0023 0.1200
vn -0.1046 0.0140 -0.9944
vn 0.1707 0.0150 0.9852
vn -0.2903 0.1994 0.9359
vn 0.4911 -0.2203 0.8428
vn 0.4085 -0.2043 -0.8896
vn -0.9867 -0.1603 -0.0254
vn 0.0011 -1.0000 -0.0010
vn 0.0015 -1.0000 -0.0011
vn 0.0007 -1.0000 -0.0002
vn 0.0006 -1.0000 -0.0003
vn 0.0003 -1.0000 -0.0020
vn 0.6629 -0.0973 -0.7424
vn -0.8754 -0.0644 -0.4791
vn 0.2917 0.0414 -0.9556
vn 0.8767 -0.0290 0.4802
vn 0.9841 0.0868 0.1552
vn -0.3153 -0.0114 0.9489
vn -0.2238 0.0219 0.9744
vn -0.9536 0.0142 -0.3008
vn 0.6041 0.0492 -0.7954
vn 0.2964 0.8805 -0.3698
vn -0.2900 0.9165 -0.2755
vn 0.4456 0.8718 0.2035
vn -0.1676 0.9293 0.3290
vn 0.8534 0.0252 0.5206
vn -0.8445 0.0235 -0.5350
vn -0.5056 0.0233 0.8624
vn 0.9760 0.0151 0.2172
vn -0.4886 0.0275 0.8721
vn -0.6749 -0.1282 0.7267
vn -0.4429 0.1447 -0.8848
vn 0.9991 -0.0350 0.0245
vn -0.2864 -0.0398 -0.9573
vn 0.0060 0.9993 -0.0374
vn -0.0077 1.0000 -0.0001
vn 0.0004 0.9990 -0.0447
vn -0.0161 0.9999 -0.0024
vn 0.0084 0.9997 -0.0239
vn 0.0065 1.0000 -0.0025
vn 0.0220 0.9997 -0.0120
vn -0.0052 1.0000 -0.0024
vn -0.0116 0.9999 -0.0048
vn 0.0050 1.0000 0.0062
vn 0.0017 1.0000 0.0086
vn 0.0034 1.0000 -0.0063
vn 0.0060 1.0000 0.0025
vn -0.0177 0.9998 0.0095
vn -0.0094 0.9999 0.0067
vn -0.0095 0.9999 -0.0063
vn 0.0018 1.0000 -0.0032
vn -0.0034 1.0000 -0.0023
vn -0.0028 1.0000 0.0036
vn -0.0084 0.9998 0.0199
vn 0.0059 1.0000 0.0052
vn 0.0130 0.9999 0.0026
vn 0.0023 0.9999 0.0106
vn 0.0012 -1.0000 0.0010
vn 0.0009 -1.0000 0.0014
vn 0.0032 -1.0000 0.0015
vn 0.0001 -1.0000 0.0001
vn 0.9676 -0.0371 0.2496
vn 0.0944 -0.0797 -0.9923
vn 0.9878 -0.0218 0.1541
vn -0.0854 -0.0112 0.9963
vn -0.0816 0.0649 0.9946
vn -0.9857 -0.0678 0.1543
vn -0.9767 0.0697 -0.2031
vn 0.3626 0.0229 -0.9317
vn 0.4539 -0.0906 0.8865
vn 0.8148 -0.1341 -0.5640
vn 0.9894 0.0936 -0.1113
vn -0.8411 -0.0414 0.5394
vn -0.0193 0.1410 0.9898
vn -0.9667 0.1252 -0.2232
vn -0.6953 -0.1155 -0.7094
vn 0.0202 0.0439 -0.9988
vn 0.9275 0.1829 -0.3261
vn -0.2075 0.1664 0.9640
vn 0.6307 -0.1347 0.7643
vn 0.4653 -0.1684 -0.8690
vn -0.7484 0.1428 -0.6477
vn -0.9627 -0.2201 0.1573
vn -0.5354 0.7174 -0.4459
vn -0.0109 0.9996 -0.0268
vn 0.0189 0.9998 0.0118
vn -0.7554 0.6297 -0.1812
vn -0.0224 0.9995 -0.0212
vn 0.6828 0.6272 0.3748
vn 0.7163 0.6975 0.0185
vn 0.0223 0.9995 0.0235
vn 0.0167 0.9998 0.0125
vn 0.0083 0.9997 -0.0225
vn 0.7515 0.6377 -0.1690
vn 0.5437 0.7211 -0.4294
vn 0.0282 0.9996 0.0033
vn 0.3938 0.7219 -0.5690
vn 0.0268 0.9996 -0.0099
vn -0.2930 0.6679 -0.6842
vn -0.0012 0.9996 0.0292
vn -0.7414 0.6711 0.0075
vn -0.0206 0.9997 -0.0146
vn 0.0149 0.6716 0.7408
vn 0.2619 0.7370 0.6231
vn -0.0046 0.9995 0.0314
vn 0.4758 0.7075 0.5225
vn -0.0020 0.9996 0.0288
vn 0.0239 0.9996 0.0142
vn -0.0539 0.6282 -0.7762
vn -0.6468 0.6500 0.3989
vn -0.2757 0.6890 0.6703
vn -0.0246 0.9994 0.0236
vn 0.0150 0.9998 -0.0118
vn -0.0225 0.9995 -0.0201
vn 0.2022 0.6186 -0.7592
vn -0.0294 0.9996 -0.0001
vn -0.5193 0.6800 0.5177
vn -0.0983 -0.0144 0.9950
vn 0.4355 -0.0155 0.9001
vn 0.8230 -0.0054 0.5679
vn 0.9848 0.0038 0.1738
vn 0.9678 0.0017 -0.2517
vn 0.7677 -0.0037 -0.6408
vn 0.4141 -0.0108 -0.9102
vn 0.0014 0.0035 -1.0000
vn -0.4095 0.0031 -0.9123
vn -0.7631 0.0048 -0.6462
vn -0.9678 0.0017 -0.2517
vn -0.9848 0.0038 0.1738
vn -0.8280 0.0030 0.5607
vn -0.5243 -0.0039 0.8515
vn -0.0298 -0.9993 0.0248
vn -0.0190 -0.9998 -0.0053
vn -0.0381 -0.9983 0.0437
vn -0.0364 -0.9993 -0.0026
vn -0.0343 -0.9994 0.0087
vn -0.0280 -0.9994 -0.0183
vn -0.0330 -0.9992 -0.0218
vn -0.0142 -0.9994 -0.0308
vn -0.0032 -0.9995 -0.0312
vn 0.0023 -0.9993 -0.0379
vn 0.0094 -0.9984 -0.0552
vn 0.0200 -0.9991 -0.0363
vn 0.0270 -0.9996 -0.0005
vn 0.0192 -0.9980 -0.0595
vn -0.0350 -0.9994 -0.0055
vn -0.0155 -0.9996 -0.0227
vn 0.0410 -0.9991 -0.0081
vn 0.0173 -0.9997 0.0186
vn 0.0498 -0.9986 -0.0180
vn 0.0430 -0.9990 0.0101
vn 0.0292 -0.9993 0.0241
vn 0.0080 -0.9997 0.0234
vn 0.0022 -0.9996 -0.0268
vn 0.0081 -0.9997 0.0220
vn 0.0007 -0.9993 0.0368
vn 0.0341 -0.9991 -0.0252
vn 0.0168 -0.9992 0.0368
vn -0.0014 -0.9992 0.0398
vn -0.0149 -0.9996 0.0221
vn -0.0152 -0.9992 0.0377
vn -0.0363 -0.9986 0.0374
vn 0.0090 -1.0000 -0.0013
vn 0.0002 1.0000 -0.0040
vn -0.0022 1.0000 -0.0050
vn -0.0010 1.0000 -0.0015
vn -0.0041 1.0000 -0.0013
vn 0.0016 1.0000 0.0006
vn 0.0028 1.0000 -0.0027
vn 0.0043 1.0000 -0.0008
vn -0.0048 1.0000 0.0026
vn -0.0017 1.0000 0.0005
vn -0.0010 1.0000 0.0035
vn 0.0018 1.0000 0.0053
vn 0.0054 1.0000 0.0024
vn -0.2323 0.7393 -0.6320
vn -0.0160 0.7960 -0.6051
vn -0.4492 0.7915 -0.4144
vn -0.6614 0.7484 0.0493
vn -0.6312 0.7661 -0.1210
vn -0.5283 0.7851 0.3234
vn -0.3946 0.7423 0.5416
vn -0.2092 0.7306 0.6500
vn 0.0243 0.7496 0.6614
vn 0.6084 0.7485 -0.2640
vn 0.6495 0.7428 -0.1626
vn 0.2874 0.7531 0.5919
vn 0.6449 0.7455 0.1686
vn 0.5480 0.7747 0.3155
vn 0.4848 0.7471 -0.4547
vn 0.2324 0.7814 -0.5792
vn 0.0521 -0.7687 -0.6375
vn 0.2269 -0.7510 -0.6200
vn 0.5421 -0.7341 -0.4090
vn 0.6317 -0.7648 -0.1266
vn 0.7055 -0.7056 0.0663
vn 0.5794 -0.7615 0.2905
vn 0.4034 -0.7625 0.5058
vn 0.1495 -0.7552 0.6382
vn -0.0411 -0.7729 0.6332
vn -0.2908 -0.7856 0.5461
vn -0.5206 -0.7564 0.3962
vn -0.6641 -0.7039 0.2519
vn -0.6427 -0.7660 -0.0113
vn -0.6709 -0.7201 -0.1770
vn -0.5352 -0.7512 -0.3863
vn -0.2486 -0.7274 -0.6396
vn -0.0009 -1.0000 -0.0016
vn -0.0027 -1.0000 -0.0059
vn 0.0002 -1.0000 -0.0040
vn 0.0013 -1.0000 -0.0011
vn -0.0030 -1.0000 0.0032
vn -0.0060 -1.0000 0.0009
vn -0.0036 -1.0000 -0.0003
vn 0.0035 -1.0000 -0.0004
vn -0.0021 -1.0000 0.0051
vn 0.0051 -1.0000 0.0010
vn 0.0014 -1.0000 0.0022
vn 0.0019 -1.0000 0.0041
vn 0.9988 0.0484 0.0092
vn 0.5863 -0.0206 -0.8098
vn -0.0088 -0.7746 -0.6323
vn 0.3373 -0.1279 0.9327
vn -0.3012 -0.8154 -0.4943
vn -0.8557 0.1047 0.5067
vn -0.1899 -0.8202 -0.5396
vn -0.7744 -0.0212 -0.6323
vn -0.8916 -0.4408 -0.1033
vn -0.2411 -0.8356 -0.4936
vn -0.4615 -0.8046 -0.3736
vn 0.4737 -0.0706 0.8779
vn 0.5628 -0.0006 -0.8266
vn 0.9850 0.1556 0.0747
vn -0.9850 -0.1556 0.0747
vn -0.4737 0.0706 0.8779
vn -0.5628 0.0006 -0.8266
vn 0.7538 -0.6096 -0.2453
vn 0.9614 -0.2694 -0.0561
vn 0.5473 0.0214 -0.8366
vn -0.5348 -0.0687 -0.8422
vn 0.7720 -0.0137 -0.6355
vn 0.7358 0.6770 0.0154
vn -0.6484 -0.0701 -0.7581
vn -0.6103 0.6317 0.4779
vn 0.0517 0.9978 0.0421
vn 0.4149 0.9086 -0.0484
vn 0.0327 0.9993 0.0178
vn 0.0246 0.9993 0.0284
vn -0.7302 0.6591 -0.1801
vn 0.8195 0.5651 -0.0960
vn 0.5434 -0.0624 0.8371
vn 0.6687 0.0371 0.7426
vn 0.6042 0.6515 0.4587
vn 0.9835 -0.0787 0.1629
vn 0.7332 0.6798 -0.0138
vn 0.7691 -0.1600 -0.6188
vn 0.6196 0.6714 -0.4066
vn -0.6318 -0.0289 -0.7746
vn -0.5967 0.6478 -0.4736
vn -0.9715 0.0114 -0.2368
vn -0.7619 0.6472 0.0263
vn -0.8028 0.1075 0.5865
vn -0.5887 0.6745 0.4456
vn -0.5319 -0.1229 0.8378
vn -0.7958 0.1939 0.5737
vn -0.0167 0.9998 -0.0111
vn 0.0144 0.9999 0.0076
vn -0.4837 0.8500 0.2087
vn -0.0345 0.9991 0.0227
vn 0.0539 0.9985 -0.0126
vn -0.0572 0.9981 -0.0227
vn 0.0305 0.9953 -0.0921
vn 0.0444 0.9987 0.0242
vn 0.7003 0.6975 -0.1517
vn 0.7196 0.0356 -0.6934
vn -0.1913 0.0883 -0.9776
vn 0.1913 -0.0883 -0.9776
vn 0.9400 0.0277 0.3402
vn 0.8982 -0.0580 -0.4358
vn 0.2325 0.0714 0.9700
vn 0.5987 -0.1415 0.7883
vn -0.5987 0.1415 0.7883
vn -0.2325 -0.0714 0.9700
vn -0.9975 0.0067 0.0704
vn -0.9400 -0.0277 0.3402
vn -0.8982 0.0580 -0.4358
vn -0.7196 -0.0356 -0.6934
vn 0.9975 -0.0067 0.0704
vn 0.0075 0.9999 0.0111
vn 0.0140 0.9999 0.0030
vn 0.2707 0.8896 0.3679
vn -0.0102 0.9999 -0.0098
vn -0.0137 0.9999 0.0051
vn -0.4926 0.8408 -0.2244
vn -0.0034 0.9999 0.0131
vn -0.2015 0.9051 0.3743
vn 0.0121 0.9999 -0.0080
vn 0.5033 0.8258 -0.2543
vn -0.0257 0.8298 -0.5574
vn 0.0013 0.9999 -0.0134
vn 0.4720 0.2647 -0.8409
vn -0.3690 0.0119 -0.9294
vn -0.3392 -0.4225 0.8405
vn 0.0151 -0.0600 0.9981
vn 0.7894 0.5769 -0.2098
vn 0.7834 0.4251 0.4534
vn 0.5050 0.0731 0.8600
vn -0.8820 0.2159 0.4190
vn -0.9837 -0.1769 0.0312
vn -0.7947 -0.2466 -0.5547
vn -0.8036 -0.5856 0.1065
vn -0.7802 -0.0061 0.6255
vn -0.7503 -0.6089 0.2577
vn 0.6381 0.0159 0.7698
vn 0.6441 -0.6204 0.4475
vn -0.1100 -0.2820 0.9531
vn 0.0194 0.9998 -0.0053
vn 0.0416 0.9989 -0.0232
vn -0.0136 0.9999 -0.0078
vn -0.0082 0.9992 -0.0403
vn -0.0384 -0.9993 0.0030
vn -0.0062 -0.9997 0.0247
vn 0.0062 -0.9991 0.0423
vn 0.9224 0.2638 -0.2822
vn 0.5936 -0.0299 -0.8042
vn 0.0706 -0.1963 -0.9780
vn 0.3052 0.2888 0.9074
vn 0.9109 -0.1561 0.3820
vn -0.8338 0.0424 0.5504
vn -0.3796 -0.0923 0.9205
vn -0.7434 0.2501 -0.6204
vn -0.9951 -0.0734 -0.0668
vn 0.5237 -0.8382 -0.1523
vn 0.4500 -0.8772 0.1672
vn 0.2203 -0.8785 -0.4239
vn -0.1521 -0.8378 -0.5244
vn -0.3921 -0.8697 -0.2998
vn -0.4362 -0.8467 0.3046
vn -0.4391 -0.8657 0.2404
vn 0.4268 0.2003 0.8819
vn -0.5260 -0.8498 -0.0346
vn -0.5396 -0.8385 0.0761
vn -0.0634 -0.9605 0.2709
vn -0.5540 -0.8299 -0.0658
vn 0.1497 -0.8821 0.4466
vn 0.2868 -0.8283 0.4813
vn -0.4680 -0.7705 0.4327
vn 0.0242 -0.9645 0.2629
vn 0.2491 -0.8306 -0.4980
vn 0.5163 -0.8136 0.2674
vn -0.0398 -0.9990 0.0191
vn -0.0023 -0.9989 0.0467
vn 0.1205 -0.8610 -0.4942
vn -0.4712 -0.8687 -0.1529
vn 0.0367 -0.9992 0.0159
vn -0.0148 -0.9995 0.0262
vn -0.3445 -0.8516 0.3951
vn 0.0273 -0.9993 0.0243
vn 0.4972 -0.8676 -0.0026
vn 0.2712 -0.8603 0.4317
vn -0.1519 0.9429 0.2966
vn -0.9785 -0.1606 0.1294
vn -0.0220 -0.9796 0.1998
vn 0.8134 -0.0664 0.5779
vn -0.0012 0.0015 1.0000
vn -0.0000 0.0007 1.0000
vn 0.0001 0.0002 1.0000
vn -0.5178 -0.1453 0.8431
vn 0.0649 -0.9979 0.0033
vn -0.0003 -0.0002 1.0000
vn -0.2137 -0.6094 0.7635
vn 0.0119 0.3697 0.9291
vn -0.3402 0.3261 -0.8820
vn -0.5770 0.7309 0.3644
vn -0.0666 0.4350 -0.8980
vn -0.5916 -0.6472 -0.4808
vn -0.8329 -0.5197 -0.1904
vn -0.8902 0.4155 0.1869
vn 0.0245 -0.5201 0.8538
vn 0.0262 0.3154 -0.9486
vn -0.9914 0.1240 0.0411
vn -0.3619 0.9279 -0.0893
vn -0.3817 0.9224 0.0590
vn 0.9765 0.1906 -0.1002
vn 0.7460 0.6637 0.0541
vn 0.8104 -0.5721 0.1262
vn -0.5896 -0.8006 0.1072
vn 0.6482 0.0464 -0.7600
vn 0.8231 -0.0164 0.5676
vn 0.1403 -0.0751 0.9873
vn 0.9870 -0.1092 0.1182
vn 0.6267 -0.0625 -0.7768
vn -0.3940 -0.0600 -0.9172
vn -0.9817 0.0339 0.1873
vn -0.5659 0.1120 -0.8168
vn -0.0876 0.2881 0.9536
vn -0.1494 -0.9066 0.3947
vn -0.0812 -0.5543 -0.8283
vn -0.0763 0.5432 -0.8362
vn -0.0555 0.9968 0.0580
vn -0.0866 -0.8050 -0.5869
vn -0.1140 -0.8052 -0.5820
vn -0.0589 -0.8051 -0.5902
vn -0.6027 -0.7920 0.0973
vn -0.5901 -0.7928 0.1524
vn -0.6078 -0.7929 0.0426
vn 0.1093 -0.7885 0.6052
vn 0.1642 -0.7895 0.5913
vn 0.0549 -0.7893 0.6116
vn 0.5851 -0.7985 -0.1414
vn 0.5687 -0.7991 -0.1948
vn 0.5946 -0.7994 -0.0866
vn -0.7928 -0.0900 -0.6028
vn -0.5741 -0.1172 0.8104
vn -0.5497 -0.8290 0.1029
vn -0.3997 -0.7303 -0.5540
vn 0.6716 0.2084 -0.7110
vn 0.5673 -0.0469 -0.8221
vn 0.8479 -0.0802 0.5241
vn 0.5664 -0.8220 0.0590
vn -0.0473 -0.8675 0.4952
vn -0.0324 -0.9808 -0.1921
vn -0.6003 -0.6069 -0.5209
vn -0.2280 -0.8643 0.4484
vn -0.6129 -0.6935 -0.3788
vn -0.0165 -0.9999 -0.0047
vn -0.2495 -0.5259 0.8131
vn -0.7028 -0.5009 0.5051
vn 0.0051 -1.0000 0.0043
vn 0.7664 -0.5596 0.3153
vn 0.4735 -0.6173 0.6282
vn 0.6363 -0.7642 0.1052
vn 0.6021 -0.7468 -0.2824
vn 0.0267 -0.9996 -0.0087
vn 0.4113 -0.7344 -0.5398
vn -0.2835 -0.8834 0.3732
vn 0.0013 -1.0000 0.0051
vn 0.2006 -0.7031 0.6822
vn -0.6873 -0.6183 -0.3813
vn -0.4886 -0.7352 -0.4700
vn -0.0157 -0.9996 -0.0219
vn -0.6571 -0.7311 -0.1837
vn -0.6392 -0.7529 0.1567
vn -0.0287 -0.9995 -0.0117
vn 0.4138 -0.8930 0.1770
vn -0.5076 -0.7217 0.4707
vn -0.6823 -0.6331 0.3655
vn -0.2347 -0.5021 -0.8323
vn 0.2168 -0.6396 -0.7375
vn -0.0223 -0.8754 0.4829
vn -0.0012 -1.0000 -0.0039
vn 0.3170 -0.9420 -0.1103
vn 0.1944 -0.6317 0.7504
vn 0.5399 -0.7151 -0.4441
vn 0.0133 -0.9999 0.0092
vn -0.0005 -1.0000 0.0040
vn -0.0007 -1.0000 0.0017
vn 0.2062 -0.8888 -0.4092
vn 0.4580 -0.8766 -0.1478
vn 0.0045 -1.0000 0.0030
vn -0.0103 -0.9999 0.0061
vn 0.8210 -0.5672 -0.0648
vn 0.0174 -0.9998 -0.0018
vn -0.0109 -0.9999 -0.0019
vn 0.0025 -0.9999 -0.0106
vn -0.7476 -0.5614 0.3549
vn 0.5207 -0.7479 -0.4117
vn -0.0026 -1.0000 0.0027
vn 0.9348 -0.2557 0.2465
vn -0.3100 -0.9127 -0.2660
vn 0.6933 -0.5919 0.4110
vn 0.4438 -0.7766 0.4472
vn -0.0003 -1.0000 -0.0052
vn -0.0037 -1.0000 -0.0071
vn 0.3064 -0.9155 -0.2608
vn 0.0126 -0.9999 -0.0101
vn 0.1502 -0.8698 -0.4699
vn -0.4277 -0.8188 -0.3830
vn -0.7593 -0.5625 0.3272
vn -0.7764 -0.6150 -0.1376
vn -0.0079 -1.0000 -0.0005
vn 0.0017 -0.9995 -0.0328
vn 0.4774 -0.6244 0.6182
vn 0.4220 -0.8625 -0.2793
vn -0.1423 -0.9115 -0.3858
vn -0.7153 -0.6966 -0.0561
vn -0.1051 -0.8036 -0.5858
vn -0.0127 -0.9998 -0.0141
vn 0.6357 -0.6531 -0.4114
vn -0.0043 -1.0000 0.0022
vn -0.0005 -1.0000 0.0062
vn -0.0010 -1.0000 0.0072
vn 0.0094 -0.9999 -0.0125
vn -0.0512 -0.9985 -0.0188
vn 0.0670 -0.9976 -0.0174
vn 0.3637 -0.8978 -0.2483
vn -0.2971 -0.8509 -0.4332
vn 0.3590 -0.8481 0.3897
vn -0.0042 -1.0000 0.0052
vn -0.0051 -0.9997 0.0241
vn 0.0361 -0.9992 0.0191
vn -0.0037 -1.0000 0.0026
vn 0.3704 -0.8191 -0.4379
vn 0.6529 -0.7552 0.0589
vn 0.5756 -0.0234 -0.8174
vn 0.5706 -0.0036 -0.8212
vn 0.7378 0.0717 -0.6712
vn -0.7839 -0.0703 -0.6169
vn -0.6032 0.0251 -0.7972
vn -0.6089 -0.0169 -0.7931
vn -0.5355 -0.0231 0.8442
vn -0.8812 0.0270 0.4720
vn 0.7819 0.0056 0.6233
vn 0.3207 -0.0126 0.9471
vn 0.9172 0.0504 0.3953
vn -0.3305 -0.0107 0.9437
vn 0.9029 -0.0263 -0.4290
vn 0.5796 -0.0584 -0.8128
vn 0.9963 -0.0656 0.0558
vn 0.8437 0.0675 0.5325
vn 0.5395 -0.0153 0.8419
vn -0.7581 -0.0853 0.6466
vn -0.4505 0.0593 0.8908
vn -0.9718 -0.0322 0.2336
vn -0.9706 0.0427 -0.2370
vn -0.8381 -0.0015 -0.5455
vn -0.3962 -0.0949 -0.9133
vn -0.0429 -0.0056 0.9991
vn 0.1113 -0.0461 -0.9927
vn 0.9508 0.0999 -0.2933
vn 0.2804 0.1069 0.9539
vn 0.6773 -0.0403 0.7346
vn -0.3187 0.0724 -0.9451
vn 0.8661 0.0028 -0.4999
vn -0.9472 0.1239 0.2959
vn -0.9822 -0.0098 -0.1877
vn -0.5208 -0.0182 0.8535
vn -0.2366 -0.0583 -0.9699
vn 0.6553 0.3617 -0.6631
vn 0.3107 0.1772 0.9338
vn 0.7203 -0.0396 0.6925
vn -0.9743 0.1714 -0.1464
vn -0.3223 0.8579 -0.4001
vn -0.8272 -0.0678 0.5578
vn 0.3533 0.5225 -0.7760
vn 0.7540 0.6372 -0.1594
vn 0.2815 0.3556 -0.8912
vn 0.4374 0.1135 0.8921
vn 0.3977 0.9034 0.1604
vn 0.5069 0.8000 -0.3210
vn -0.7889 0.0949 -0.6072
vn -0.0176 0.8481 -0.5295
vn -0.7572 0.0771 0.6486
vn -0.5085 0.8152 -0.2772
vn -0.4760 0.8335 0.2806
vn 0.0091 0.8130 0.5822
vn -0.8404 -0.0853 -0.5353
vn 0.4476 -0.0180 -0.8940
vn -0.9270 -0.0131 0.3749
vn -0.3324 -0.1038 0.9374
vn 0.9451 -0.0154 0.3263
vn -0.7851 0.1559 -0.5994
vn 0.9335 0.1282 -0.3350
vn 0.2449 -0.1296 -0.9609
vn -0.2924 0.1438 0.9454
vn -0.9743 -0.1714 0.1464
vn 0.6035 -0.1126 0.7894
vn -0.5670 0.1388 -0.8120
vn 0.8928 0.1371 -0.4290
vn -0.0857 0.8282 -0.5539
vn -0.7847 0.0904 0.6132
vn -0.5630 0.8225 -0.0804
vn 0.4330 0.0880 0.8971
vn 0.2481 -0.3725 0.8943
vn 0.5059 0.8371 0.2082
vn 0.4321 0.8082 -0.4000
vn -0.2612 0.8672 0.4239
vn -0.4778 0.1275 0.8692
vn -0.5676 0.0892 -0.8185
vn -0.9747 -0.2133 0.0673
vn 0.9747 0.2133 0.0673
vn 0.4778 -0.1275 0.8692
vn 0.5676 -0.0892 -0.8185
vn -0.9934 0.1143 0.0006
vn 0.0492 0.1013 -0.9936
vn -0.7479 0.2925 -0.5960
vn -0.0354 0.1168 0.9925
vn -0.3836 0.8490 0.3633
vn 0.9938 0.0966 0.0545
vn 0.2457 0.8488 0.4682
vn 0.5501 0.8233 -0.1396
vn 0.1292 0.8569 -0.4990
vn -0.1906 0.9769 -0.0962
vn -0.9473 -0.0106 -0.3203
vn -0.8761 -0.1304 0.4641
vn 0.5864 -0.0708 0.8070
vn 0.9130 -0.0459 -0.4054
vn 0.0563 0.0148 -0.9983
vn -0.3032 -0.0804 -0.9495
vn 0.8721 -0.0358 -0.4880
vn -0.6553 0.3617 0.6631
vn -0.3107 0.1772 -0.9338
vn -0.7203 -0.0396 -0.6925
vn 0.9743 0.1714 0.1464
vn 0.3223 0.8579 0.4001
vn 0.8272 -0.0678 -0.5578
vn -0.3533 0.5225 0.7760
vn -0.7677 0.6239 0.1463
vn -0.2816 0.3557 0.8912
vn -0.4551 0.0898 -0.8859
vn -0.4929 0.7983 -0.3461
vn -0.4884 0.8377 0.2446
vn 0.7889 0.0950 0.6071
vn 0.0198 0.8495 0.5273
vn 0.7572 0.0769 -0.6486
vn 0.5067 0.8211 0.2627
vn 0.4723 0.8320 -0.2909
vn 0.0177 0.8109 -0.5849
vn 0.9471 0.0329 0.3191
vn -0.2498 0.0545 0.9668
vn 0.8968 0.0188 0.4421
vn 0.6681 -0.0595 -0.7417
vn -0.9955 0.0497 -0.0811
vn -0.5270 -0.1069 -0.8431
vn -0.9529 -0.0490 0.2994
vn 0.0573 -0.0133 0.9983
vn 0.7851 0.1559 0.5994
vn -0.9335 0.1282 0.3350
vn -0.2449 -0.1296 0.9609
vn 0.2924 0.1438 -0.9454
vn 0.9743 -0.1714 -0.1464
vn -0.6035 -0.1126 -0.7894
vn 0.5668 0.1396 0.8119
vn -0.8929 0.1372 0.4289
vn 0.0760 0.8422 0.5337
vn 0.7845 0.0907 -0.6134
vn 0.5431 0.8341 0.0966
vn -0.4330 0.0880 -0.8971
vn -0.2473 -0.3738 -0.8939
vn -0.5009 0.8362 -0.2234
vn -0.4269 0.8124 0.3971
vn 0.2509 0.8679 -0.4287
vn 0.3546 -0.2475 -0.9017
vn -0.2383 -0.0865 -0.9673
vn 0.7593 -0.3130 -0.5706
vn 0.9815 -0.0163 -0.1907
vn 0.8235 -0.4069 0.3953
vn 0.3692 -0.2108 0.9051
vn 0.1085 -0.2426 0.9640
vn -0.4430 -0.2862 0.8496
vn -0.8618 -0.2453 0.4440
vn -0.9628 -0.2506 -0.1011
vn -0.7281 -0.1694 -0.6642
vn 0.3536 0.8457 -0.3996
vn -0.0147 0.9305 -0.3659
vn 0.9907 -0.1346 -0.0176
vn 0.6386 0.1449 0.7557
vn -0.1510 -0.2048 0.9671
vn -0.7098 0.0907 0.6985
vn -0.9814 -0.0646 0.1808
vn -0.4720 0.6533 -0.5919
vn 0.6789 0.1491 -0.7189
vn 0.2185 0.0836 0.9723
vn 0.9877 -0.1543 -0.0241
vn -0.9125 0.1722 -0.3711
vn -0.4792 -0.1471 -0.8653
vn -0.6348 -0.1301 0.7617
vn 0.9934 0.1143 -0.0006
vn -0.0493 0.0870 0.9950
vn 0.8394 -0.0602 0.5402
vn 0.0350 0.1161 -0.9926
vn 0.3851 0.8473 -0.3657
vn -0.9939 0.0960 -0.0549
vn -0.2484 0.8451 -0.4733
vn -0.5529 0.8178 0.1600
vn -0.4864 0.3241 0.8114
vn 0.2484 0.9585 0.1402
vn 0.5768 0.6945 0.4301
vn -0.3815 0.6638 0.6433
vn 0.3866 0.6716 0.6320
vn 0.0165 0.6759 0.7368
vn 0.6688 0.6716 0.3189
vn 0.6020 0.6870 -0.4069
vn 0.3600 0.6569 -0.6624
vn 0.0156 0.6846 -0.7287
vn -0.3926 0.6582 -0.6423
vn 0.0259 0.9994 -0.0245
vn 0.7370 0.6631 -0.1310
vn -0.5990 0.6912 -0.4042
vn -0.7393 0.6657 -0.1019
vn -0.0274 0.9995 0.0131
vn -0.6567 0.6795 0.3271
vn -0.0996 0.9770 -0.1887
vn -0.0166 0.9996 -0.0240
vn 0.0730 0.9958 -0.0553
vn 0.9717 -0.0063 -0.2361
vn 0.0158 -0.0308 -0.9994
vn 0.9172 0.0415 -0.3963
vn 0.3967 0.0067 0.9179
vn -0.7779 -0.0266 0.6278
vn 0.3251 0.0336 0.9451
vn -0.8952 -0.0400 -0.4439
vn -0.9480 0.0539 0.3137
vn -0.4115 0.0703 -0.9087
vn 0.5365 -0.8009 0.2659
vn 0.5579 -0.8017 0.2145
vn 0.5088 -0.8015 0.3143
vn 0.3191 -0.8195 -0.4760
vn 0.2712 -0.8197 -0.5045
vn 0.3632 -0.8203 -0.4419
vn -0.2995 -0.8326 -0.4659
vn -0.3444 -0.8330 -0.4330
vn -0.2509 -0.8328 -0.4934
vn -0.5513 -0.8330 0.0464
vn -0.5434 -0.8333 0.1015
vn -0.5525 -0.8335 -0.0094
vn -0.1832 -0.8189 0.5439
vn -0.1295 -0.8196 0.5581
vn -0.2350 -0.8193 0.5231
vn 0.7921 -0.0674 0.6067
vn 0.5735 -0.1088 -0.8119
vn -0.5537 -0.0550 0.8309
vn -0.8417 -0.0927 -0.5320
vn 0.0866 -0.8050 0.5869
vn 0.1140 -0.8052 0.5820
vn 0.0589 -0.8051 0.5902
vn 0.6027 -0.7920 -0.0973
vn 0.5901 -0.7928 -0.1524
vn 0.6078 -0.7929 -0.0426
vn -0.1093 -0.7885 -0.6052
vn -0.1642 -0.7895 -0.5913
vn -0.0549 -0.7893 -0.6116
vn -0.5851 -0.7985 0.1414
vn -0.5687 -0.7991 0.1948
vn -0.5946 -0.7994 0.0866
vn 0.9863 -0.0588 0.1540
vn -0.0050 -0.0797 -0.9968
vn -0.0852 -0.0381 0.9956
vn 0.1999 0.0430 0.9789
vn -0.9351 0.0705 0.3474
vn -0.9919 -0.0522 0.1155
vn 0.9994 0.0068 -0.0338
vn 0.3142 -0.8066 0.5007
vn 0.3591 -0.8078 0.4674
vn 0.2657 -0.8066 0.5279
vn 0.5104 -0.7581 -0.4059
vn 0.4730 -0.7593 -0.4470
vn 0.5424 -0.7590 -0.3601
vn -0.5033 -0.7781 -0.3758
vn -0.5341 -0.7787 -0.3292
vn -0.4670 -0.7793 -0.4178
vn -0.3702 -0.8220 0.4328
vn -0.3262 -0.8220 0.4668
vn -0.4098 -0.8229 0.3935
vn 0.9527 -0.0819 -0.2926
vn -0.3842 -0.0680 -0.9207
vn 0.1903 -0.0739 0.9789
vn 0.6370 0.0549 0.7689
vn -0.6413 0.0767 0.7635
vn -0.9550 -0.0590 0.2906
vn 0.5233 -0.7708 0.3634
vn 0.5513 -0.7723 0.3155
vn 0.4892 -0.7711 0.4076
vn 0.2304 -0.7761 -0.5870
vn 0.1776 -0.7766 -0.6044
vn 0.2808 -0.7774 -0.5629
vn -0.5414 -0.8112 -0.2210
vn -0.5595 -0.8116 -0.1682
vn -0.5171 -0.8119 -0.2710
vn -0.3227 -0.8115 0.4872
vn -0.2745 -0.8119 0.5153
vn -0.3670 -0.8122 0.4534
vn 0.5351 -0.0404 -0.8438
vn -0.5516 -0.0250 -0.8338
vn -0.0875 0.0702 -0.9937
vn 0.9509 -0.0393 0.3071
vn -0.2154 -0.0153 0.9764
vn -0.1547 0.0052 0.9879
vn -0.9972 0.0510 0.0550
vn -0.9951 -0.0136 0.0983
vn 0.2936 -0.7875 0.5418
vn 0.3402 -0.7887 0.5121
vn 0.2428 -0.7880 0.5658
vn 0.5090 -0.8211 -0.2582
vn 0.4814 -0.8211 -0.3066
vn 0.5304 -0.8221 -0.2068
vn 0.0037 -0.8327 -0.5537
vn -0.0520 -0.8332 -0.5505
vn 0.0593 -0.8329 -0.5502
vn -0.5034 -0.8333 -0.2285
vn -0.5236 -0.8335 -0.1765
vn -0.4772 -0.8338 -0.2776
vn -0.4543 -0.8271 0.3309
vn -0.4186 -0.8276 0.3739
vn -0.4843 -0.8274 0.2842
vn 0.7740 -0.0154 0.6330
vn 0.6037 0.0116 -0.7972
vn 0.6191 0.0139 -0.7852
vn 0.7569 -0.0057 0.6535
vn -0.5694 0.0113 0.8220
vn -0.6844 -0.0362 0.7282
vn -0.8310 0.0356 -0.5552
vn -0.7111 -0.0120 -0.7030
vn 0.0423 -0.7849 0.6181
vn 0.0700 -0.7851 0.6153
vn 0.0144 -0.7854 0.6189
vn 0.6056 -0.7901 -0.0943
vn 0.5938 -0.7907 -0.1489
vn 0.6105 -0.7910 -0.0390
vn -0.0580 -0.8109 -0.5822
vn -0.1129 -0.8114 -0.5735
vn -0.0022 -0.8117 -0.5841
vn -0.6029 -0.7975 -0.0243
vn -0.6010 -0.7987 0.0312
vn -0.5978 -0.7977 -0.0799
vn 0.8798 -0.0569 -0.4719
vn -0.3260 -0.0688 -0.9429
vn 0.2723 0.0566 -0.9606
vn 0.7712 -0.0348 0.6357
vn 0.9941 0.0577 0.0915
vn -0.2026 -0.0323 0.9787
vn 0.1481 0.0406 0.9881
vn -0.9860 -0.0543 0.1580
vn -0.8031 0.0337 0.5949
vn -0.8599 0.0510 -0.5079
vn 0.2057 -0.8324 0.5145
vn 0.2561 -0.8327 0.4909
vn 0.1527 -0.8330 0.5318
vn 0.5456 -0.8329 0.0926
vn 0.5514 -0.8334 0.0370
vn 0.5333 -0.8331 0.1468
vn 0.2511 -0.8008 -0.5437
vn 0.1989 -0.8018 -0.5635
vn 0.3003 -0.8011 -0.5178
vn -0.5217 -0.8122 -0.2611
vn -0.5441 -0.8122 -0.2102
vn -0.4931 -0.8132 -0.3091
vn -0.4030 -0.8257 0.3947
vn -0.3614 -0.8262 0.4321
vn -0.4395 -0.8261 0.3528
vn -0.2609 -0.0207 0.9651
vn 0.3018 -0.0185 0.9532
vn 0.7429 -0.0061 0.6693
vn 0.9822 0.0076 0.1877
vn 0.9635 0.0048 -0.2675
vn 0.7828 0.0132 -0.6221
vn 0.4020 0.0104 -0.9156
vn -0.0744 0.0181 -0.9971
vn -0.5906 0.0047 -0.8069
vn -0.8717 0.0055 -0.4900
vn -0.9992 0.0118 0.0383
vn -0.8059 0.0038 0.5920
vn 0.0231 0.9997 -0.0084
vn 0.4458 0.8943 -0.0399
vn -0.0144 0.9992 -0.0374
vn 0.0080 0.9998 -0.0176
vn 0.3329 0.9377 -0.0996
vn -0.0000 1.0000 -0.0007
vn -0.0002 1.0000 -0.0008
vn -0.7592 0.5110 0.4031
vn -0.8578 0.5055 0.0933
vn -0.5165 0.3913 0.7616
vn 0.0095 -0.3196 0.9475
vn 0.3659 -0.1181 0.9231
vn 0.7281 -0.4020 0.5552
vn 0.9397 -0.3054 0.1541
vn 0.6866 -0.1597 -0.7093
vn 0.0115 -0.5113 -0.8593
vn -0.4867 -0.4487 -0.7495
vn -0.8972 -0.1177 -0.4256
vn 0.4926 -0.2408 -0.8363
vn -0.2409 -0.9480 0.2082
vn -0.1990 -0.9484 0.2469
vn -0.2751 -0.9470 0.1659
vn 0.7035 -0.0450 -0.7092
vn -0.8625 -0.1059 -0.4949
vn -0.7319 0.0064 -0.6813
vn 0.4965 -0.1161 0.8602
vn 0.6986 -0.0451 -0.7141
vn -0.6947 0.0336 0.7185
vn 0.7164 -0.0018 0.6977
vn -0.3771 -0.8803 0.2880
vn 0.3363 -0.9153 -0.2217
vn -0.0461 -0.7258 0.6864
vn 0.2253 -0.9514 -0.2099
vn -0.6795 -0.7314 -0.0571
vn -0.0125 -0.9999 -0.0001
vn -0.5866 -0.7789 -0.2218
vn -0.6350 -0.6799 -0.3667
vn -0.7121 -0.6953 0.0970
vn -0.6183 -0.7732 0.1410
vn -0.6783 -0.6433 0.3551
vn -0.0060 -1.0000 0.0006
vn -0.2500 -0.8726 -0.4196
vn 0.2673 -0.7912 -0.5500
vn -0.1939 -0.7981 0.5705
vn -0.4061 -0.6641 0.6278
vn 0.1987 -0.7876 0.5833
vn -0.2781 -0.8095 -0.5171
vn 0.0631 -0.3845 0.9210
vn 0.3153 -0.6606 0.6814
vn 0.7125 -0.7008 0.0344
vn -0.4907 -0.8434 -0.2188
vn 0.5924 -0.7739 0.2238
vn 0.6551 -0.6687 0.3515
vn 0.6069 -0.7803 -0.1511
vn -0.5520 -0.8074 0.2081
vn 0.6987 -0.7103 -0.0850
vn 0.6662 -0.6692 -0.3291
vn 0.0399 -0.7256 -0.6869
vn 0.0557 -0.7926 0.6073
vn -0.2827 -0.6117 -0.7389
vn 0.2930 -0.8750 0.3854
vn -0.2467 -0.8405 0.4823
vn 0.1921 -0.8032 -0.5639
vn 0.3771 -0.6293 -0.6796
vn -0.3416 -0.8626 0.3731
vn 0.2792 -0.9189 0.2786
vn 0.3829 -0.8096 -0.4449
vn -0.0079 -1.0000 0.0057
vn 0.0073 -0.9985 -0.0547
vn 0.5968 -0.6488 -0.4721
vn 0.0003 -1.0000 -0.0004
vn 0.0102 -0.9999 0.0018
vn 0.4841 -0.7922 -0.3716
vn 0.4906 -0.6472 -0.5835
vn 0.0007 -1.0000 -0.0001
vn -0.5494 -0.8354 -0.0149
vn 0.4793 -0.6539 0.5854
vn 0.0774 -0.9970 -0.0040
vn 0.0285 -0.9994 0.0181
vn 0.3314 -0.8767 -0.3487
vn 0.4405 -0.8118 0.3833
vn 0.7057 -0.3320 0.6259
vn -0.5613 -0.6776 -0.4751
vn 0.5897 -0.6521 0.4765
vn 0.3334 -0.8065 0.4883
vn -0.0003 -1.0000 -0.0008
vn 0.0021 -0.9999 0.0131
vn -0.0414 -0.7929 -0.6079
vn -0.4735 -0.8292 0.2971
vn 0.0075 -1.0000 -0.0063
vn 0.0281 -0.9996 -0.0089
vn -0.3437 -0.7974 0.4960
vn -0.2785 -0.5313 0.8001
vn -0.0017 -1.0000 0.0001
vn -0.0007 -1.0000 0.0009
vn -0.5217 -0.7040 0.4819
vn -0.0003 -1.0000 0.0020
vn -0.5871 -0.7277 0.3547
vn -0.0171 -0.9995 -0.0248
vn -0.0194 -0.9998 -0.0031
vn -0.0697 -0.9334 0.3520
vn -0.8795 -0.1491 -0.4519
vn -0.4625 -0.8148 -0.3496
vn 0.0056 -1.0000 0.0080
vn -0.0058 -1.0000 -0.0043
vn 0.3531 -0.8446 0.4024
vn 0.0002 -1.0000 -0.0000
vn -0.4764 -0.6585 -0.5826
vn -0.0575 -0.9983 -0.0064
vn -0.3716 -0.7927 -0.4833
vn -0.5835 -0.6464 -0.4916
vn 0.1611 -0.8512 0.4995
vn -0.3224 -0.9451 -0.0528
vn -0.1326 -0.7672 -0.6275
vn -0.3664 -0.6619 -0.6539
vn 0.0091 -0.9998 -0.0172
vn -0.0914 -0.7144 -0.6937
vn 0.5158 -0.1234 -0.8478
vn 0.5235 -0.1318 0.8418
vn -0.0133 0.6309 -0.7758
vn -0.1648 0.6831 -0.7115
vn 0.0105 0.1061 -0.9943
vn 0.1052 0.6560 -0.7474
vn 0.3239 0.0696 -0.9435
vn 0.5484 0.0609 -0.8340
vn 0.5425 0.6959 -0.4706
vn 0.5057 0.6849 -0.5246
vn 0.7899 0.0771 -0.6084
vn 0.6017 0.6840 -0.4124
vn 0.9241 0.1957 -0.3282
vn 0.7726 0.6285 0.0900
vn 0.7136 0.6822 -0.1590
vn 0.9914 0.1311 0.0022
vn 0.9477 0.0630 0.3129
vn 0.6428 0.6619 0.3856
vn 0.8236 -0.0008 0.5672
vn 0.4863 0.7100 0.5093
vn 0.5357 0.6834 0.4959
vn 0.6235 0.1065 0.7745
vn 0.2879 0.7008 0.6527
vn 0.2908 0.0650 0.9546
vn 0.1263 0.6627 0.7381
vn -0.0004 0.1505 0.9886
vn -0.0209 0.6580 0.7528
vn -0.3668 0.0300 0.9298
vn -0.2513 0.6465 0.7203
vn -0.5911 0.1328 0.7956
vn -0.6318 0.6502 0.4220
vn -0.6992 -0.0326 0.7141
vn -0.8239 0.0685 0.5625
vn -0.9498 0.0962 0.2976
vn -0.7702 0.6370 -0.0307
vn -0.9940 0.1086 0.0089
vn -0.7384 0.6422 -0.2056
vn -0.9341 0.0104 -0.3570
vn -0.8334 0.0170 -0.5524
vn -0.7384 0.6283 -0.2450
vn -0.7781 0.1834 -0.6008
vn -0.3626 0.6204 -0.6954
vn -0.5361 0.6853 -0.4929
vn -0.5883 0.0673 -0.8058
vn -0.3506 0.1898 -0.9171
vn -0.4855 0.6120 -0.6243
vn 0.0344 0.1154 -0.9927
vn -0.3393 0.2285 0.9125
vn -0.0006 1.0000 -0.0004
vn -0.9539 0.1261 -0.2722
vn 0.2533 0.1889 0.9487
vn 0.7737 0.2795 -0.5686
vn -0.5377 0.1227 -0.8342
vn -0.0295 -0.0843 -0.9960
vn -0.9629 -0.0978 0.2517
vn 0.9708 -0.0422 -0.2362
vn 0.8809 0.1293 -0.4552
vn 0.4627 -0.0442 0.8854
vn -0.2712 -0.9482 -0.1656
vn -0.2977 -0.9476 -0.1158
vn -0.2396 -0.9477 -0.2107
vn -0.1596 -0.9488 0.2727
vn -0.1104 -0.9483 0.2975
vn -0.2065 -0.9482 0.2414
vn -0.7092 -0.0450 -0.7035
vn -0.4949 -0.1059 0.8625
vn -0.6813 0.0064 0.7319
vn 0.8602 -0.1161 -0.4965
vn -0.7141 -0.0451 -0.6986
vn 0.7185 0.0336 0.6947
vn 0.6977 -0.0018 -0.7164
vn 0.2082 -0.9480 0.2408
vn 0.2469 -0.9484 0.1990
vn 0.1659 -0.9470 0.2751
vn -0.9971 -0.0617 0.0435
vn 0.2408 -0.0549 0.9690
vn -0.2362 -0.0423 -0.9708
vn -0.5021 0.0084 -0.8647
vn 0.8883 -0.0378 -0.4578
vn 0.8442 0.0040 -0.5361
vn -0.1656 -0.9482 0.2712
vn -0.1158 -0.9476 0.2977
vn -0.2107 -0.9477 0.2396
vn 0.2728 -0.9488 0.1596
vn 0.2975 -0.9483 0.1104
vn 0.2415 -0.9482 0.2065
vn -0.7042 -0.0477 0.7084
vn 0.8631 -0.1118 0.4924
vn -0.4965 -0.1161 -0.8602
vn -0.6992 -0.0450 0.7135
vn -0.7164 -0.0018 -0.6977
vn 0.2409 -0.9480 -0.2082
vn 0.1990 -0.9484 -0.2469
vn 0.2751 -0.9470 -0.1659
vn 0.0435 -0.0617 0.9971
vn 0.9704 -0.0549 -0.2350
vn 0.6858 0.0854 0.7228
vn -0.9708 -0.0422 0.2362
vn -0.9294 0.0804 0.3602
vn -0.4627 -0.0442 -0.8854
vn 0.2539 0.1391 -0.9572
vn 0.2712 -0.9482 0.1656
vn 0.2977 -0.9476 0.1158
vn 0.2396 -0.9477 0.2107
vn 0.1596 -0.9488 -0.2727
vn 0.1104 -0.9483 -0.2975
vn 0.2065 -0.9482 -0.2414
vn 0.7092 -0.0450 0.7035
vn 0.4949 -0.1059 -0.8625
vn 0.6813 0.0064 -0.7319
vn -0.8602 -0.1161 0.4965
vn 0.7141 -0.0451 0.6986
vn -0.7185 0.0336 -0.6947
vn -0.6977 -0.0018 0.7164
vn -0.2082 -0.9480 -0.2408
vn -0.2469 -0.9484 -0.1990
vn -0.1659 -0.9470 -0.2751
vn 0.1039 -0.1922 -0.9758
vn -0.0143 -0.2789 -0.9602
vn 0.5859 -0.1442 -0.7975
vn 0.6450 -0.5776 -0.5003
vn 0.8800 -0.2502 -0.4037
vn 0.9838 -0.1765 0.0312
vn 0.9324 -0.1115 0.3438
vn 0.7471 -0.0148 0.6645
vn 0.5738 -0.0793 0.8151
vn 0.5750 0.0335 0.8175
vn 0.3297 -0.0870 0.9401
vn 0.1645 -0.1470 0.9754
vn -0.1502 -0.5846 0.7973
vn -0.3151 -0.0752 0.9461
vn -0.3842 -0.2398 0.8916
vn -0.7990 -0.3815 0.4647
vn -0.7636 -0.2513 0.5948
vn -0.9566 -0.1910 0.2202
vn -0.9863 -0.1631 -0.0262
vn -0.9504 -0.0241 -0.3101
vn -0.7962 -0.2282 -0.5603
vn -0.5534 -0.4435 -0.7050
vn -0.3059 -0.2512 -0.9183
vn 0.8327 0.1707 0.5267
vn 0.2605 -0.5365 0.8026
vn -0.0786 -0.6763 0.7324
vn 0.6007 -0.5276 0.6007
vn 0.7827 -0.5204 0.3414
vn 0.7903 -0.5448 0.2805
vn 0.7968 -0.6030 -0.0379
vn 0.7811 -0.5987 -0.1776
vn 0.7153 -0.6918 0.0989
vn 0.7828 -0.5404 -0.3085
vn 0.7194 -0.5218 -0.4585
vn 0.5003 -0.5469 -0.6712
vn 0.6542 -0.4482 -0.6092
vn 0.1594 -0.5781 -0.8002
vn -0.1613 -0.6776 -0.7176
vn -0.5413 -0.5551 -0.6316
vn -0.6941 -0.5844 -0.4204
vn -0.8557 -0.4905 -0.1650
vn -0.7917 -0.5998 0.1162
vn -0.6782 -0.5862 0.4433
vn -0.6146 -0.5034 0.6072
vn -0.4657 -0.5250 0.7124
vn -0.0362 -0.7548 0.6549
vn -0.1138 -0.0149 0.9934
vn 0.3148 -0.0020 0.9492
vn 0.6861 -0.0030 0.7275
vn 0.4560 -0.7586 0.4655
vn 0.9220 -0.0007 0.3871
vn 0.7862 -0.2832 0.5493
vn 0.9975 0.0145 0.0698
vn 0.6342 -0.7676 -0.0927
vn 0.9616 -0.0070 -0.2742
vn 0.8320 -0.0055 -0.5548
vn 0.6010 -0.0255 -0.7989
vn 0.6953 -0.0093 -0.7186
vn 0.5841 -0.2937 -0.7567
vn 0.2055 -0.0232 -0.9784
vn -0.2150 -0.0052 -0.9766
vn -0.1362 -0.7506 -0.6466
vn 0.0917 -0.7452 -0.6605
vn -0.6019 -0.0173 -0.7984
vn -0.8700 -0.0330 -0.4920
vn -0.8645 -0.1748 -0.4712
vn -0.6886 -0.0408 -0.7240
vn -0.6872 -0.2732 -0.6732
vn -0.9879 -0.0122 -0.1548
vn -0.9861 -0.0133 0.1659
vn -0.6642 -0.7464 0.0429
vn -0.8029 -0.2871 0.5225
vn -0.8250 -0.0249 0.5646
vn -0.4634 -0.7417 0.4848
vn -0.5194 -0.0289 0.8541
vn -0.3894 -0.4685 0.7930
vn -0.4492 -0.2626 -0.8539
vn 0.8269 -0.3225 -0.4606
vn 0.4290 -0.1676 0.8876
vn 0.9995 -0.0069 -0.0306
vn -0.0964 -0.0317 -0.9948
vn 0.1655 -0.0198 0.9860
vn -0.9991 -0.0092 0.0416
vn 0.4871 -0.8011 0.3479
vn 0.5171 -0.8013 0.3007
vn 0.4515 -0.8023 0.3905
vn 0.4233 -0.8023 -0.4208
vn 0.3812 -0.8035 -0.4572
vn 0.4607 -0.8024 -0.3794
vn -0.4748 -0.7903 -0.3873
vn -0.5078 -0.7906 -0.3422
vn -0.4366 -0.7915 -0.4277
vn -0.4008 -0.7876 0.4681
vn -0.3559 -0.7887 0.5013
vn -0.4410 -0.7880 0.4297
vn 0.9996 -0.0056 -0.0265
vn -0.0528 -0.1033 -0.9932
vn 0.1702 -0.0254 0.9851
vn -0.9905 -0.1074 0.0857
vn 0.4870 -0.8011 0.3479
vn 0.5172 -0.8013 0.3007
vn 0.4234 -0.8023 -0.4208
vn 0.3812 -0.8035 -0.4571
vn -0.4749 -0.7902 -0.3873
vn -0.5078 -0.7905 -0.3423
vn 0.9966 -0.0753 -0.0333
vn -0.2702 -0.0836 -0.9592
vn 0.3004 -0.0362 0.9531
vn 0.4574 0.1105 0.8824
vn -0.8395 -0.0553 0.5406
vn 0.1783 -0.9398 -0.2916
vn 0.1284 -0.9394 -0.3180
vn 0.2234 -0.9394 -0.2601
vn -0.2911 -0.9438 -0.1565
vn -0.3135 -0.9436 -0.1061
vn -0.2620 -0.9431 -0.2047
vn -0.5804 -0.7867 0.2102
vn -0.9529 -0.1498 0.2638
vn -0.9163 -0.2213 -0.3337
vn -0.1915 -0.8300 0.5238
vn 0.0572 -0.1127 -0.9920
vn -0.4562 -0.8019 -0.3857
vn -0.1978 -0.6385 0.7437
vn 0.5203 -0.8358 -0.1754
vn 0.2220 -0.2658 0.9381
vn -0.0367 -0.3235 0.9455
vn -0.7496 -0.5224 0.4065
vn -0.4473 -0.7828 0.4326
vn -0.2663 -0.8527 -0.4495
vn -0.9258 -0.3329 -0.1792
vn -0.2822 -0.8774 0.3880
vn -0.4102 -0.6536 -0.6361
vn -0.3072 -0.7757 0.5513
vn 0.3298 -0.1662 0.9293
vn 0.4562 -0.8369 0.3026
vn 0.1642 -0.8419 0.5141
vn 0.6639 -0.3841 0.6417
vn 0.3550 -0.6590 0.6631
vn 0.9316 -0.2213 0.2882
vn 0.4454 -0.8505 0.2798
vn 0.3532 -0.6450 -0.6777
vn 0.8164 -0.3188 -0.4816
vn 0.9686 -0.1441 -0.2028
vn -0.2321 -0.8407 -0.4892
vn 0.8540 -0.1890 -0.4847
vn 0.5706 -0.7824 -0.2497
vn -0.5446 -0.1680 -0.8217
vn 0.2470 -0.8488 -0.4675
vn -0.6736 -0.6344 -0.3792
vn -0.2810 -0.1707 -0.9444
vn -0.3681 -0.8337 0.4116
vn -0.2494 -0.6299 0.7355
vn -0.4798 -0.8689 0.1218
vn -0.8862 -0.0010 0.4632
vn -0.3789 -0.0067 0.9254
vn -0.8819 0.0021 0.4714
vn -0.3096 0.0182 0.9507
vn 0.4647 -0.0421 0.8845
vn 0.8925 0.0024 0.4511
vn 0.8842 0.0185 0.4667
vn 0.4470 0.0004 0.8945
vn 0.4508 0.0081 -0.8926
vn 0.8800 -0.0440 -0.4729
vn 0.4590 0.0119 -0.8884
vn -0.4541 -0.0187 -0.8908
vn -0.8877 0.0007 -0.4604
vn -0.8828 0.0281 -0.4690
vn -0.4411 -0.0082 -0.8974
vn 0.2232 0.6305 0.7434
vn -0.6131 0.0644 0.7873
vn -0.8713 0.0424 0.4890
vn -0.9218 -0.0992 0.3747
vn -0.9961 -0.0886 0.0026
vn -0.9130 -0.0095 -0.4078
vn -0.3176 0.0197 -0.9480
vn -0.2109 0.6358 -0.7425
vn 0.2308 0.6266 -0.7444
vn 0.2989 -0.0574 -0.9526
vn -0.6590 0.6489 -0.3805
vn 0.6738 0.6223 -0.3983
vn 0.7810 -0.0155 -0.6243
vn 0.7332 0.6107 0.2992
vn 0.2489 0.6570 0.7116
vn 0.8604 -0.0250 0.5090
vn 0.6575 0.6485 0.3837
vn -0.2937 -0.0805 0.9525
vn -0.9109 -0.0699 0.4066
vn -0.9955 0.0630 -0.0704
vn -0.1538 -0.4277 0.8907
vn -0.8924 -0.2433 -0.3801
vn 0.3061 0.1303 -0.9430
vn 0.7100 -0.1167 -0.6945
vn 0.4869 0.8734 -0.0114
vn -0.1329 0.7709 -0.6229
vn -0.6780 0.4557 0.5768
vn 0.9909 -0.0441 0.1268
vn 0.4479 -0.1034 -0.8881
vn 0.3585 -0.0102 0.9335
vn -0.6970 -0.0413 0.7159
vn -0.8682 -0.1186 -0.4818
vn 0.7907 0.0626 0.6090
vn 0.5468 0.0856 -0.8329
vn 0.9914 -0.0829 -0.1009
vn -0.7186 0.0685 -0.6920
vn -0.6893 0.0821 0.7198
vn -0.9969 -0.0765 -0.0159
vn -0.0754 0.0508 -0.9959
vn 0.0300 -0.1263 0.9915
vn 0.7029 -0.0158 -0.7112
vn -0.3861 -0.0071 -0.9224
vn 0.6208 0.0258 -0.7835
vn 0.8755 -0.0554 0.4800
vn -0.2707 -0.1102 0.9563
vn 0.2894 0.0236 0.9569
vn -0.9963 -0.0317 0.0795
vn -0.7111 0.0713 0.6995
vn -0.7850 0.1392 -0.6037
vn 0.9835 -0.0078 0.1808
vn 0.4487 0.8827 0.1398
vn 0.6133 -0.0227 -0.7895
vn 0.3467 0.0672 -0.9356
vn -0.2658 0.4135 0.8708
vn 0.1827 0.0723 0.9805
vn -0.5309 0.4809 0.6978
vn -0.2554 0.9070 -0.3349
vn -0.9976 0.0382 -0.0572
vn 0.9987 0.0146 0.0483
vn 0.9827 -0.0756 0.1692
vn 0.2669 -0.0862 -0.9599
vn -0.0798 -0.1734 0.9816
vn -0.8954 -0.0464 0.4429
vn -0.9910 0.0582 0.1202
vn -0.8253 -0.0737 -0.5599
vn 0.9944 0.0092 -0.1054
vn 0.9902 -0.0534 0.1291
vn 0.1606 0.8572 -0.4894
vn 0.6180 0.0039 -0.7862
vn 0.0983 -0.0185 0.9950
vn 0.9657 0.0137 0.2594
vn -0.4826 0.8458 0.2275
vn -0.0173 0.0196 0.9997
vn -0.6587 0.5302 -0.5339
vn -0.9448 0.0412 0.3251
vn -0.5713 0.0718 -0.8176
vn 0.9895 -0.0875 0.1153
vn 0.5029 -0.0209 -0.8641
vn 0.9886 -0.0488 0.1425
vn 0.2108 -0.0742 0.9747
vn -0.9376 -0.0963 0.3342
vn -0.5469 -0.1127 -0.8296
vn 0.2781 0.0173 0.9604
vn 0.5548 0.0308 -0.8314
vn 0.7668 0.1883 -0.6136
vn -0.5404 0.1167 -0.8333
vn 0.0007 0.0297 -0.9996
vn 0.7027 0.0613 0.7089
vn 0.9917 -0.0262 0.1262
vn -0.9862 0.0812 -0.1440
vn -0.4449 0.0162 0.8955
vn -0.9918 0.0807 0.0989
vn -0.0309 0.0557 0.9980
vn 0.9572 -0.0181 -0.2890
vn 0.0292 0.0107 -0.9995
vn 0.4976 -0.0732 0.8643
vn -0.8106 -0.1348 0.5698
vn -0.1655 0.0042 0.9862
vn -0.8516 -0.0890 -0.5166
vn 0.7900 0.3218 -0.5218
vn -0.2402 -0.0399 -0.9699
vn 0.3325 0.0272 -0.9427
vn 0.1789 0.9167 0.3573
vn 0.9852 -0.1610 0.0597
vn -0.9923 0.0015 0.1237
vn -0.6776 -0.2406 0.6950
vn -0.7526 -0.0749 -0.6542
vn 0.1721 0.1410 0.9749
vn 0.9545 -0.1211 0.2725
vn 0.1893 -0.1278 -0.9736
vn -0.3442 -0.2040 0.9164
vn -0.9342 -0.1023 -0.3419
vn 0.6821 -0.0196 0.7310
vn 0.5413 0.4757 -0.6933
vn 0.9959 -0.0382 0.0821
vn -0.9596 0.0675 0.2732
vn -0.4694 0.2267 0.8534
vn 0.1300 0.0712 0.9890
vn -0.2361 0.4995 -0.8335
vn -0.9834 0.1075 0.1458
vn 0.0013 -0.0352 -0.9994
vn 0.9717 -0.0807 -0.2220
vn -0.0554 -0.1509 -0.9870
vn 0.2848 -0.0966 0.9537
vn -0.7923 -0.0695 0.6062
vn -0.3317 0.0541 0.9418
vn -0.9382 -0.0577 -0.3413
vn -0.9749 0.0673 0.2122
vn 0.4531 0.8740 -0.1758
vn -0.2525 0.1232 -0.9597
vn 0.2996 0.0523 -0.9526
vn 0.1859 0.6971 0.6924
vn 0.9630 -0.1377 0.2317
vn -0.3893 0.9210 0.0099
vn -0.9968 0.0029 0.0794
vn -0.0544 0.0113 0.9985
vn 0.9356 -0.0648 -0.3472
vn -0.0568 -0.0212 -0.9982
vn 0.2181 0.0513 -0.9746
vn 0.4668 -0.1013 0.8785
vn 0.9951 -0.0085 -0.0981
vn -0.8405 -0.0914 0.5340
vn -0.8320 -0.0512 -0.5523
vn 0.8356 -0.0192 0.5490
vn 0.5247 0.0426 -0.8502
vn 0.6730 -0.0073 0.7396
vn -0.8990 0.0296 -0.4369
vn -0.5010 0.1408 0.8539
vn -0.9079 0.0409 0.4172
vn -0.4757 -0.1104 -0.8727
vn 0.8816 -0.0664 -0.4673
vn 0.6286 0.7719 0.0946
vn 0.6934 0.6398 0.3314
vn 0.5095 0.7461 0.4287
vn -0.0095 0.9997 -0.0231
vn 0.0104 0.9969 -0.0776
vn 0.0040 0.9999 -0.0113
vn 0.5899 0.7913 -0.1611
vn 0.8024 0.3653 -0.4719
vn 0.1199 0.7980 -0.5906
vn -0.0000 1.0000 0.0004
vn -0.6036 0.7941 0.0710
vn -0.6928 0.6355 0.3407
vn 0.0114 0.9999 0.0049
vn -0.0001 0.9999 0.0165
vn 0.0058 0.9999 0.0084
vn 0.2349 0.6316 0.7389
vn -0.1087 0.6199 0.7771
vn 0.0944 0.1508 0.9840
vn 0.5062 0.2251 0.8325
vn 0.5122 0.6536 0.5571
vn 0.6020 0.7231 0.3386
vn 0.7371 0.6709 -0.0805
vn 0.7217 0.6810 0.1241
vn 0.6143 0.7041 -0.3562
vn 0.5581 0.6665 -0.4943
vn 0.2742 0.7041 -0.6550
vn 0.0274 0.6575 -0.7530
vn -0.0548 0.0952 -0.9939
vn -0.2150 0.6720 -0.7086
vn -0.4582 0.6818 -0.5702
vn -0.4545 0.1751 -0.8733
vn -0.8159 0.1959 -0.5440
vn -0.6882 0.6322 -0.3560
vn -0.7541 0.6547 -0.0508
vn -0.9498 0.1762 -0.2587
vn -0.6876 0.6949 0.2104
vn -0.5820 0.6915 0.4279
vn -0.5102 0.6714 0.5375
vn -0.2433 0.7353 0.6325
vn 0.7369 0.6030 -0.3057
vn 0.6422 0.6831 -0.3478
vn 0.6115 0.7581 0.2268
vn 0.5023 0.7870 0.3582
vn 0.6666 0.7281 -0.1594
vn 0.6214 0.7834 -0.0116
vn 0.2338 0.7497 -0.6190
vn 0.3489 0.7875 -0.5081
vn 0.7355 0.6504 0.1899
vn 0.7426 0.6678 0.0500
vn 0.4808 0.7805 -0.3995
vn -0.1584 0.7251 -0.6702
vn -0.0069 0.7844 -0.6202
vn 0.5740 0.6380 -0.5133
vn -0.5070 0.6366 -0.5811
vn -0.3747 0.7799 -0.5014
vn -0.6277 0.7441 -0.2287
vn -0.5129 0.7914 -0.3327
vn -0.7327 0.6511 -0.1982
vn -0.7441 0.6667 -0.0422
vn 0.1552 0.7341 0.6611
vn 0.0217 0.7851 0.6190
vn 0.2435 0.6508 0.7192
vn 0.3700 0.7024 0.6081
vn 0.5274 0.6265 0.5739
vn 0.4016 0.7791 0.4814
vn -0.2654 0.6389 -0.7221
vn -0.3775 0.6978 -0.6088
vn -0.6004 0.7985 0.0444
vn -0.6692 0.7264 0.1566
vn -0.1919 0.6524 0.7332
vn -0.0359 0.6782 0.7340
vn -0.2308 0.7530 0.6162
vn -0.3515 0.7779 0.5209
vn 0.1873 0.6482 -0.7381
vn 0.0406 0.6812 -0.7310
vn -0.7298 0.6104 0.3078
vn -0.6432 0.6759 0.3599
vn -0.5935 0.5814 0.5566
vn -0.5117 0.7723 0.3766
vn -0.1200 -0.6569 -0.7443
vn 0.0172 -0.0457 -0.9988
vn 0.1505 -0.6833 -0.7145
vn -0.0589 -0.6636 -0.7458
vn 0.3426 -0.1945 -0.9191
vn 0.4675 -0.6129 -0.6370
vn 0.5785 -0.0474 -0.8143
vn 0.5894 -0.6390 -0.4943
vn 0.5013 -0.6846 -0.5292
vn 0.8304 -0.0707 -0.5527
vn 0.9520 -0.1079 -0.2863
vn 0.7885 -0.6104 -0.0760
vn 0.9971 -0.0757 0.0078
vn 0.7192 -0.6806 0.1395
vn 0.6603 -0.7482 0.0655
vn 0.8753 -0.1663 0.4542
vn 0.6074 -0.5467 0.5764
vn 0.8253 -0.0744 0.5597
vn 0.4644 -0.6742 0.5743
vn 0.5487 -0.0621 0.8337
vn 0.2941 -0.6490 0.7017
vn 0.3446 0.0012 0.9387
vn 0.0215 -0.6599 0.7510
vn -0.0114 -0.0818 0.9966
vn -0.1308 -0.6814 0.7202
vn -0.2384 -0.0485 0.9700
vn -0.3182 -0.6769 0.6637
vn -0.2560 -0.6583 0.7079
vn -0.4954 -0.0841 0.8646
vn -0.5605 -0.6905 0.4573
vn -0.8473 -0.1046 0.5208
vn -0.9565 -0.0632 0.2846
vn -0.7461 -0.6558 0.1148
vn -0.9912 -0.1327 0.0009
vn -0.7379 -0.6468 -0.1928
vn -0.9554 -0.0723 -0.2863
vn -0.6679 -0.6680 -0.3282
vn -0.7884 -0.1728 -0.5904
vn -0.5011 -0.6378 -0.5849
vn -0.5502 -0.0936 -0.8298
vn -0.1882 -0.6488 -0.7373
vn -0.3185 -0.0835 -0.9442
vn -0.0513 -0.0726 -0.9960
vn 0.3405 -0.2139 0.9156
vn 0.5515 -0.1103 -0.8269
vn -0.2606 -0.1589 0.9523
vn -0.0004 0.2925 -0.9563
vn 0.3047 0.2518 -0.9186
vn 0.6394 0.0548 -0.7669
vn 0.9217 0.1639 -0.3516
vn 0.9610 0.1938 0.1974
vn 0.7950 0.1184 0.5949
vn 0.4230 0.1806 0.8879
vn 0.3081 -0.0937 0.9467
vn -0.0695 0.1904 0.9792
vn -0.6143 0.0048 0.7891
vn -0.3383 0.1016 0.9355
vn -0.7496 0.0311 0.6611
vn -0.9813 0.1890 0.0372
vn -0.6568 0.5912 -0.4682
vn -0.5187 0.4122 -0.7491
vn -0.5033 0.2290 -0.8332
vn -0.8838 0.2032 -0.4214
vn -0.9424 0.1591 0.2943
vn -0.5396 0.0696 0.8391
vn 0.8041 0.3535 0.4780
vn 0.9842 0.1744 0.0296
vn 0.7777 0.1542 -0.6094
vn -0.0532 -0.9894 -0.1354
vn 0.0152 -0.9998 0.0135
vn -0.0042 -0.9998 0.0187
vn 0.4042 -0.9146 -0.0110
vn -0.0064 -1.0000 0.0070
vn -0.0059 -0.9887 -0.1498
vn -0.4990 -0.8528 -0.1544
vn -0.1007 -0.9035 0.4165
vn 0.4445 -0.8953 0.0313
vn 0.1952 -0.8672 -0.4581
vn -0.0062 -0.8570 -0.5153
vn -0.2697 -0.8912 -0.3648
vn -0.0768 -0.9950 -0.0643
vn -0.1747 -0.8337 -0.5239
vn 0.0489 -0.9036 -0.4256
vn -0.1057 -0.8700 0.4815
vn -0.1496 -0.9878 -0.0425
vn 0.4890 -0.8567 -0.1638
vn -0.0065 -0.9999 -0.0084
vn 0.0611 -0.9966 0.0558
vn 0.0075 -0.9999 0.0146
vn -0.0259 -0.9986 0.0455
vn 0.0210 -0.9932 -0.1145
vn 0.0086 -0.9999 0.0073
vn -0.2465 -0.8525 -0.4610
vn -0.4079 -0.8620 -0.3009
vn -0.0025 -1.0000 0.0025
vn 0.5133 -0.8582 -0.0030
vn 0.0980 -0.9951 -0.0157
vn -0.0549 -0.9974 0.0457
vn -0.0190 -0.9998 -0.0030
vn -0.5235 -0.8520 0.0054
vn -0.1202 -0.9925 -0.0213
vn -0.5018 -0.8494 0.1632
vn -0.9810 -0.1927 0.0220
vn -0.9616 -0.2419 -0.1294
vn -0.0071 -1.0000 -0.0024
vn 0.3743 -0.8841 -0.2798
vn 0.1969 0.9590 -0.2037
vn 0.2808 -0.8773 -0.3892
vn 0.2858 -0.8728 0.3956
vn -0.2523 -0.9254 0.2827
vn 0.0007 -0.9996 0.0289
vn 0.5424 -0.8401 -0.0027
vn 0.0005 -1.0000 -0.0013
vn 0.5396 -0.8315 -0.1317
vn 0.0062 -1.0000 -0.0000
vn -0.1212 -0.8965 0.4262
vn -0.0709 -0.9952 -0.0679
vn 0.4934 -0.8557 0.1559
vn 0.3482 -0.0102 -0.9374
vn -0.0348 -0.9970 0.0688
vn -0.0057 -0.9999 -0.0131
vn -0.0007 -1.0000 -0.0072
vn -0.0710 -0.8745 0.4798
vn -0.3528 -0.8888 0.2925
vn -0.0088 -0.9999 -0.0146
vn 0.0128 -0.9999 -0.0053
vn -0.0423 -0.9876 0.1510
vn 0.1485 -0.9883 -0.0353
vn -0.0994 -0.9935 0.0558
vn -0.2913 -0.9027 -0.3166
vn 0.1759 -0.8246 -0.5377
vn 0.9310 -0.1385 0.3377
vn 0.4472 -0.8352 0.3200
vn -0.2714 -0.8914 0.3630
vn -0.0592 -0.8906 0.4508
vn -0.0159 -0.9997 -0.0176
vn 0.5170 -0.8549 -0.0423
vn 0.0033 -0.9883 0.1523
vn -0.4374 -0.8420 0.3159
vn 0.0054 -0.8492 0.5281
vn -0.5866 -0.0418 0.8088
vn -0.0655 -0.9917 0.1102
vn -0.0083 -0.9999 -0.0107
vn 0.4069 -0.9132 0.0230
vn -0.2406 -0.9151 -0.3235
vn 0.1028 -0.9867 0.1259
vn -0.1635 -0.8413 0.5153
vn -0.1923 -0.9225 0.3347
vn 0.0201 -0.9997 -0.0138
vn 0.0078 -0.9953 0.0969
vn -0.1364 -0.9850 0.1058
vn 0.1759 -0.8339 0.5232
vn 0.0064 -0.9999 -0.0079
vn 0.0172 -0.9994 0.0289
vn 0.1165 -0.4477 0.8865
vn -0.3438 -0.7650 0.5445
vn -0.2143 -0.7190 -0.6612
vn -0.4058 -0.7239 -0.5579
vn -0.3635 0.8577 -0.3636
vn -0.7030 0.1070 -0.7031
vn -0.5864 -0.0182 -0.8098
vn -0.2743 0.8601 -0.4302
vn -0.4555 0.6371 -0.6218
vn -0.4529 0.1060 -0.8852
vn -0.3072 -0.0331 -0.9511
vn -0.3439 0.8160 -0.4646
vn -0.3189 0.6203 -0.7166
vn -0.2023 0.0767 -0.9763
vn 0.9848 0.1261 0.1195
vn -0.2682 0.1156 0.9564
vn 0.5735 -0.0119 0.8191
vn 0.1195 0.0579 -0.9911
vn 0.9373 -0.0662 -0.3421
vn -0.9671 0.0422 -0.2508
vn -0.1312 -0.0665 -0.9891
vn -0.9961 -0.0109 -0.0880
vn -0.4714 -0.0049 0.8819
vn 0.7387 0.0210 0.6737
vn -0.0483 0.0195 0.9986
vn 0.8627 -0.1160 0.4922
vn 0.3982 -0.1625 -0.9028
vn -0.9598 0.1074 0.2592
vn -0.9589 -0.0735 -0.2740
vn -0.3622 -0.0850 0.9282
vn -0.1597 0.1517 0.9754
vn 0.7801 -0.0234 0.6252
vn 0.8523 -0.1076 -0.5119
vn -0.9119 0.1212 -0.3921
vn -0.0948 0.8543 -0.5111
vn -0.5043 0.8633 -0.0195
vn -0.5205 0.0022 0.8538
vn 0.0087 0.0187 0.9998
vn -0.9978 0.0538 -0.0388
vn -0.0501 0.8993 0.4345
vn 0.9856 -0.0081 0.1687
vn 0.2115 0.0667 -0.9751
vn 0.4256 0.9040 0.0392
vn -0.0521 -0.0344 -0.9980
vn -0.9974 -0.0720 -0.0006
vn -0.3687 -0.1002 0.9241
vn -0.7910 0.1267 0.5986
vn 0.9196 -0.1567 0.3603
vn -0.5552 0.1265 -0.8220
vn 0.0881 -0.1437 -0.9857
vn -0.9875 -0.0634 -0.1445
vn -0.9994 -0.0051 -0.0339
vn 0.0424 -0.1669 0.9851
vn 0.0089 0.0369 -0.9993
vn 0.8021 -0.2301 -0.5510
vn -0.8796 -0.1957 -0.4337
vn -0.9538 0.1623 -0.2529
vn -0.4374 0.8384 0.3251
vn 0.1592 0.8571 0.4900
vn 0.4367 0.1002 -0.8940
vn 0.9923 -0.0983 -0.0754
vn -0.0095 -0.0251 -0.9996
vn -0.5306 0.8201 -0.2144
vn -0.8102 0.0395 -0.5848
vn -0.8331 -0.0223 0.5526
vn 0.5349 0.1065 -0.8382
vn 0.9709 -0.0833 -0.2246
vn -0.3522 -0.1455 -0.9246
vn 0.2966 -0.0245 0.9547
vn -0.9887 -0.0624 0.1365
vn 0.9947 0.0208 -0.1005
vn 0.2641 -0.0603 0.9626
vn 0.0352 0.0315 -0.9989
vn 0.9635 -0.0435 -0.2642
vn -0.0609 -0.0428 -0.9972
vn -0.9918 0.0709 0.1062
vn -0.2054 0.0554 -0.9771
vn -0.4439 -0.0435 -0.8950
vn 0.3458 0.0398 0.9375
vn -0.9509 -0.0347 0.3076
vn 0.9091 0.0309 -0.4155
vn 0.4405 -0.0501 0.8964
vn 0.8069 -0.0596 -0.5877
vn -0.9846 0.1246 -0.1229
vn 0.2371 0.0730 -0.9687
vn -0.5735 -0.0119 -0.8191
vn -0.9366 -0.0680 0.3437
vn 0.1127 -0.1254 0.9857
vn 0.9956 -0.0158 0.0924
vn 0.4714 -0.0049 -0.8819
vn -0.9189 0.0952 -0.3829
vn 0.2959 0.0635 -0.9531
vn -0.2233 -0.1296 -0.9661
vn -0.3943 0.1089 0.9125
vn -0.9659 -0.0949 0.2411
vn 0.9450 0.1100 0.3080
vn 0.1253 -0.0731 0.9894
vn 0.9957 -0.0855 -0.0343
vn -0.0684 0.0140 -0.9976
vn 0.0470 0.0153 -0.9988
vn -0.9916 0.0289 -0.1259
vn -0.1965 -0.0088 0.9805
vn 0.9534 -0.0279 0.3003
vn 0.6981 0.0704 -0.7125
vn -0.1842 0.8876 -0.4221
vn -0.5188 0.8466 0.1189
vn 0.8122 0.0536 0.5809
vn 0.1410 -0.1301 0.9814
vn 0.9330 -0.1391 -0.3318
vn 0.6903 0.0090 -0.7235
vn -0.1683 -0.0895 -0.9817
vn -0.9999 -0.0148 -0.0078
vn 0.8782 0.0067 0.4782
vn 0.9859 -0.1192 0.1174
vn -0.1684 -0.0157 0.9856
vn 0.9670 0.0220 0.2538
vn 0.4548 -0.0551 -0.8889
vn -0.9086 -0.0985 -0.4059
vn -0.0189 0.0107 0.9998
vn -0.3109 -0.0411 0.9495
vn 0.9052 -0.0093 0.4249
vn 0.0215 0.1145 -0.9932
vn 0.9691 0.1646 0.1835
vn 0.4339 0.8570 -0.2779
vn -0.1790 0.8746 -0.4505
vn -0.8758 -0.1592 0.4556
vn 0.2883 0.8877 0.3590
vn 0.9712 0.0469 0.2338
vn 0.7611 -0.0750 -0.6443
vn -0.9648 -0.0742 0.2525
vn 0.3684 -0.1640 0.9151
vn -0.3890 0.0086 -0.9212
vn 0.8362 0.2055 -0.5085
vn 0.0076 0.1855 0.9826
vn 0.4121 0.9041 0.1134
vn -0.8583 0.1937 -0.4752
vn 0.0538 0.8872 -0.4582
vn -0.9982 0.0127 -0.0588
vn -0.3706 0.0012 0.9288
vn 0.2496 0.0355 0.9677
vn 0.0819 -0.0865 0.9929
vn 0.9777 -0.0169 -0.2093
vn -0.8818 0.0649 0.4672
vn -0.9954 -0.0658 0.0703
vn -0.1482 -0.0420 -0.9881
vn -0.5560 -0.7265 -0.4037
vn -0.5781 -0.0036 -0.8160
vn -0.8945 0.0906 -0.4378
vn -0.8007 -0.0091 -0.5990
vn -0.6159 0.6332 -0.4687
vn -0.5698 0.8177 -0.0816
vn -0.6761 -0.7032 -0.2199
vn -0.4559 0.8891 -0.0409
vn -0.9819 0.1020 -0.1594
vn -0.9612 -0.0332 -0.2739
vn -0.7469 0.5989 -0.2888
vn -0.7007 -0.7135 0.0007
vn -0.6017 0.7905 -0.1147
vn -0.9763 0.0767 0.2023
vn -0.9998 -0.0135 -0.0168
vn -0.7763 0.6302 -0.0144
vn -0.4623 0.8178 0.3427
vn -0.6532 -0.7266 0.2129
vn -0.8905 -0.0679 0.4499
vn -0.8854 0.1047 0.4529
vn -0.9304 0.1874 0.3152
vn -0.5558 0.5347 0.6365
vn -0.8252 0.5444 -0.1507
vn -0.5682 -0.7132 0.4105
vn -0.3197 0.8715 0.3719
vn -0.7030 0.1078 0.7030
vn -0.8095 -0.0183 0.5868
vn -0.6218 0.6371 0.4556
vn -0.3956 -0.7370 0.5481
vn -0.1764 0.8891 0.4224
vn -0.4529 0.1060 0.8852
vn -0.5866 -0.0180 0.8097
vn -0.4566 0.6358 0.6223
vn -0.2196 -0.7042 0.6752
vn -0.1626 -0.0463 0.9856
vn -0.1594 0.1022 0.9819
vn -0.2885 -0.0433 0.9565
vn -0.2987 0.6004 0.7418
vn 0.0008 -0.7139 0.7003
vn -0.1526 0.7796 0.6074
vn 0.2023 0.0767 0.9763
vn -0.0169 -0.0134 0.9998
vn -0.0156 0.6320 0.7748
vn 0.3439 0.8160 0.4647
vn 0.2151 -0.7190 0.6609
vn 0.2382 0.8598 0.4516
vn 0.4529 0.1050 0.8854
vn 0.3070 -0.0333 0.9511
vn 0.3181 0.6234 0.7143
vn 0.3891 -0.7554 0.5272
vn 0.3723 0.8713 0.3198
vn 0.7031 0.1067 0.7031
vn 0.5866 -0.0184 0.8097
vn 0.4555 0.6371 0.6218
vn 0.5648 -0.7159 0.4105
vn 0.5781 -0.0036 0.8160
vn 0.8945 0.0906 0.4378
vn 0.8007 -0.0091 0.5989
vn 0.6159 0.6332 0.4687
vn 0.5698 0.8177 0.0816
vn 0.6766 -0.7030 0.2190
vn 0.5479 0.7825 0.2957
vn 0.9854 0.0973 0.1395
vn 0.9559 -0.0229 0.2929
vn 0.7387 0.5971 0.3127
vn 0.5811 0.7975 -0.1621
vn 0.7090 -0.7052 0.0004
vn 0.5891 0.7996 0.1162
vn 0.9763 0.0768 -0.2023
vn 1.0000 -0.0035 -0.0003
vn 0.7786 0.6275 -0.0002
vn 0.4663 0.8152 -0.3436
vn 0.6688 -0.7114 -0.2158
vn 0.4291 0.8604 -0.2749
vn 0.8852 0.1060 -0.4529
vn 0.9511 -0.0331 -0.3071
vn 0.7167 0.6202 -0.3189
vn 0.5500 -0.7342 -0.3981
vn 0.3142 0.8728 -0.3735
vn 0.7030 0.1072 -0.7030
vn 0.8098 -0.0182 -0.5865
vn 0.6218 0.6371 -0.4555
vn 0.4092 -0.7174 -0.5638
vn 0.1745 0.9070 -0.3832
vn 0.4529 0.1047 -0.8854
vn 0.5868 -0.0183 -0.8096
vn 0.4566 0.6358 -0.6223
vn 0.2143 -0.7218 -0.6580
vn 0.1625 -0.0465 -0.9856
vn 0.1594 0.1020 -0.9819
vn 0.2883 -0.0435 -0.9566
vn 0.3017 0.6038 -0.7378
vn 0.1554 0.7808 -0.6051
vn -0.0006 -0.7139 -0.7003
vn 0.0168 -0.0135 -0.9998
vn 0.0157 0.6320 -0.7748
vn -0.1585 0.6656 -0.7293
vn -0.4096 0.6740 -0.6147
vn -0.5739 0.6862 -0.4469
vn -0.6885 0.6748 -0.2656
vn -0.6658 0.6909 0.2815
vn -0.5665 0.6808 0.4642
vn -0.4373 0.6979 0.5672
vn 0.2987 0.6836 0.6659
vn 0.4575 0.6838 0.5684
vn 0.0014 1.0000 -0.0000
vn 0.7180 0.6641 -0.2085
vn 0.0003 1.0000 -0.0001
vn 0.5085 0.6647 -0.5474
vn 0.2035 0.6637 -0.7198
vn -0.2921 0.6767 0.6758
vn -0.0001 1.0000 -0.0004
vn 0.0003 1.0000 -0.0004
vn 0.0003 1.0000 -0.0002
vn 0.0002 1.0000 -0.0002
vn 0.0005 1.0000 -0.0001
vn 0.0003 1.0000 0.0002
vn 0.0001 1.0000 0.0002
vn 0.0004 1.0000 0.0004
vn -0.0002 1.0000 0.0002
vn -0.0002 1.0000 -0.0001
vn 0.2299 -0.6610 -0.7143
vn -0.0739 0.0025 -0.9973
vn 0.4117 -0.6665 -0.6215
vn 0.6886 -0.6640 -0.2915
vn 0.9999 -0.0030 0.0166
vn 0.9868 0.0508 0.1538
vn 0.6845 -0.6762 0.2724
vn 0.5577 -0.6791 0.4773
vn 0.8507 0.0167 0.5253
vn 0.3755 -0.6823 0.6273
vn 0.4507 -0.7020 0.5515
vn 0.1872 -0.6704 0.7180
vn 0.0300 0.0369 0.9989
vn -0.1340 -0.0502 0.9897
vn -0.3004 -0.6675 0.6813
vn -0.5737 -0.6737 0.4658
vn -0.4424 -0.6864 0.5772
vn -0.7248 -0.6519 0.2229
vn -0.6936 -0.6656 -0.2756
vn -0.9963 -0.0119 -0.0847
vn -0.9996 0.0212 0.0196
vn -0.5192 -0.6647 -0.5372
vn -0.3159 -0.6684 -0.6734
vn 0.5811 -0.6819 -0.4442
vn -0.1603 -0.7997 -0.5786
vn -0.0538 -0.8872 -0.4582
vn 0.3366 -0.8949 -0.2930
vn -0.2883 -0.8877 0.3589
vn 0.1636 -0.8708 -0.4637
vn 0.5738 -0.8094 -0.1252
vn 0.5295 -0.8379 0.1324
vn 0.2996 -0.8963 0.3270
vn 0.1191 -0.8071 0.5783
vn -0.2382 -0.8598 0.4516
vn -0.3360 -0.8939 0.2969
vn -0.6103 -0.7788 -0.1448
vn -0.5814 -0.8048 0.1198
vn -0.0014 -1.0000 -0.0000
vn -0.0003 -1.0000 -0.0001
vn -0.4256 -0.9040 0.0392
vn -0.0003 -1.0000 -0.0003
vn -0.3017 -0.6038 -0.7378
vn 0.0940 -0.8583 -0.5044
vn -0.1859 -0.8632 -0.4693
vn -0.4566 -0.6358 -0.6223
vn 0.5337 -0.8444 -0.0460
vn -0.3527 -0.8877 -0.2958
vn -0.0003 -1.0000 -0.0002
vn -0.6218 -0.6371 -0.4555
vn -0.0002 -1.0000 -0.0002
vn 0.0500 -0.8993 0.4345
vn -0.4294 -0.8603 -0.2748
vn -0.7166 -0.6203 -0.3189
vn -0.4663 -0.8152 -0.3436
vn -0.7771 -0.6293 0.0011
vn -0.5477 -0.7828 0.2956
vn -0.7189 -0.6141 0.3257
vn -0.4705 -0.8756 -0.1089
vn -0.3836 -0.9068 0.1748
vn -0.6223 -0.6358 0.4566
vn 0.1517 -0.9045 -0.3987
vn -0.4555 -0.6371 0.6218
vn -0.0002 -1.0000 0.0002
vn -0.0001 -1.0000 0.0002
vn -0.3181 -0.6234 0.7143
vn -0.0004 -1.0000 0.0003
vn -0.3439 -0.8161 0.4646
vn 0.0157 -0.6320 0.7748
vn 0.2988 -0.6004 0.7418
vn 0.0001 -1.0000 0.0003
vn 0.1952 -0.8679 0.4567
vn 0.4566 -0.6358 0.6223
vn 0.0002 -1.0000 0.0002
vn 0.6218 -0.6371 0.4555
vn 0.2012 -0.8798 -0.4307
vn 0.0002 -1.0000 0.0003
vn 0.4276 -0.8694 0.2475
vn 0.5607 -0.6690 0.4879
vn 0.7311 -0.6781 0.0755
vn 0.4333 -0.8293 0.3527
vn 0.7748 -0.6320 -0.0157
vn 0.7269 -0.6184 -0.2987
vn -0.4482 -0.8479 -0.2833
vn 0.5700 -0.8176 -0.0817
vn 0.0003 -1.0000 -0.0002
vn 0.6159 -0.6332 -0.4687
vn 0.0001 -1.0000 -0.0001
vn 0.0002 -1.0000 -0.0001
vn 0.2745 -0.8602 -0.4298
vn -0.4121 -0.9041 0.1134
vn 0.4555 -0.6371 -0.6218
vn 0.3189 -0.6203 -0.7166
vn 0.0001 -1.0000 -0.0004
vn 0.3438 -0.8161 -0.4646
vn -0.0157 -0.6320 -0.7748
vn 0.9961 0.0109 -0.0880
vn 0.4714 0.0049 0.8819
vn 0.2682 -0.1156 0.9564
vn 0.1312 0.0665 -0.9891
vn 0.9671 -0.0422 -0.2508
vn -0.9373 0.0662 -0.3421
vn -0.1195 -0.0579 -0.9911
vn -0.5735 0.0119 0.8191
vn -0.9848 -0.1261 0.1195
vn 0.9954 0.0658 0.0703
vn -0.0819 0.0865 0.9929
vn 0.4284 0.8705 0.2424
vn 0.1482 0.0420 -0.9881
vn -0.9777 0.0169 -0.2093
vn -0.4037 0.9148 -0.0116
vn -0.2496 -0.0355 0.9677
vn 0.3706 -0.0012 0.9288
vn -0.0076 -0.1855 0.9826
vn 0.9982 -0.0127 -0.0588
vn 0.8583 -0.1937 -0.4752
vn -0.8362 -0.2055 -0.5085
vn 0.9684 0.0527 0.2438
vn -0.3684 0.1640 0.9151
vn 0.3264 -0.1351 0.9355
vn 0.4010 -0.0122 -0.9160
vn 0.7691 0.2127 -0.6028
vn -0.7623 0.0767 -0.6427
vn -0.9712 -0.0469 0.2338
vn -0.1964 0.8667 -0.4586
vn 0.8689 0.1414 0.4744
vn 0.1236 0.8819 0.4549
vn -0.1937 0.8536 -0.4837
vn -0.9629 -0.1177 0.2428
vn 0.3109 0.0411 0.9495
vn -0.8580 0.0005 0.5137
vn -0.9609 -0.0618 0.2699
vn 0.9305 0.0475 -0.3632
vn 0.9803 0.1963 0.0220
vn 0.0349 0.0562 -0.9978
vn -0.0501 0.8998 -0.4335
vn -0.8423 -0.0153 -0.5389
vn 0.0193 -0.0108 0.9998
vn 0.1684 0.0157 0.9856
vn -0.9966 0.0313 0.0759
vn 0.0416 0.8946 0.4450
vn 0.9999 0.0148 -0.0078
vn 0.1432 0.0318 -0.9892
vn -0.0308 0.9111 -0.4110
vn -0.9893 -0.0292 0.1426
vn -0.1466 0.1037 0.9838
vn -0.9453 0.1532 -0.2878
vn -0.9904 0.0094 0.1379
vn 0.7804 0.1202 0.6136
vn 0.4149 0.8598 -0.2976
vn -0.4109 -0.0443 -0.9106
vn -0.3810 -0.0068 0.9246
vn -0.9465 0.1361 0.2926
vn -0.0077 0.0695 -0.9976
vn -0.8371 -0.0399 -0.5456
vn 0.2383 0.0708 0.9686
vn -0.4029 0.8392 0.3652
vn 0.9916 -0.0289 -0.1259
vn 0.5165 0.0396 -0.8554
vn -0.9958 0.0854 -0.0344
vn 0.2231 0.1294 -0.9662
vn -0.2959 -0.0636 -0.9531
vn -0.1253 0.0731 0.9894
vn -0.9451 -0.1101 0.3077
vn 0.9659 0.0949 0.2411
vn 0.3943 -0.1089 0.9125
vn 0.9188 -0.0952 -0.3831
vn -0.9944 -0.0024 0.1055
vn -0.4711 0.0046 -0.8820
vn -0.2373 -0.0732 -0.9687
vn -0.1156 0.0733 0.9906
vn 0.9325 0.0352 0.3593
vn 0.5733 0.0116 -0.8192
vn 0.4295 0.9017 -0.0504
vn -0.5065 0.8617 -0.0289
vn -0.8069 0.0596 -0.5877
vn 0.4439 0.0436 -0.8950
vn 0.2058 -0.0552 -0.9770
vn -0.4405 0.0501 0.8964
vn -0.9091 -0.0309 -0.4154
vn 0.9509 0.0347 0.3076
vn -0.3458 -0.0398 0.9375
vn 0.9918 -0.0707 0.1066
vn 0.0611 0.0426 -0.9972
vn 0.9887 0.0620 0.1362
vn 0.1920 0.9225 0.3349
vn -0.9635 0.0435 -0.2642
vn -0.0344 -0.0315 -0.9989
vn -0.2641 0.0603 0.9626
vn -0.9947 -0.0208 -0.1005
vn -0.1160 0.4478 0.8866
vn -0.5349 -0.1065 -0.8382
vn -0.2966 0.0245 0.9547
vn 0.8331 0.0223 0.5526
vn 0.8102 -0.0395 -0.5848
vn 0.3514 0.8892 0.2929
vn 0.0662 0.0948 -0.9933
vn 0.9673 0.0922 0.2364
vn 0.9565 -0.1184 -0.2665
vn -0.9923 0.0983 -0.0754
vn -0.4374 -0.1001 -0.8937
vn -0.2577 0.1036 0.9607
vn -0.9310 0.1385 0.3377
vn 0.0723 0.8787 0.4718
vn -0.8021 0.2301 -0.5510
vn 0.8793 0.1998 -0.4323
vn -0.0230 -0.0238 -0.9995
vn -0.0545 0.1701 0.9839
vn 0.1573 0.9036 0.3985
vn 0.9896 -0.0180 -0.1427
vn -0.0881 0.1437 -0.9857
vn 0.9874 0.0637 -0.1447
vn 0.5548 -0.1264 -0.8223
vn -0.9196 0.1567 0.3603
vn 0.3686 0.1003 0.9242
vn -0.2789 0.8719 0.4025
vn 0.7913 -0.1265 0.5983
vn 0.9974 0.0722 -0.0007
vn 0.9978 -0.0537 -0.0386
vn 0.0522 0.0343 -0.9980
vn -0.2115 -0.0667 -0.9751
vn -0.9856 0.0081 0.1687
vn -0.0089 -0.0186 0.9998
vn 0.4392 0.0469 0.8972
vn 0.5959 -0.0742 0.7996
vn 0.8610 -0.1121 -0.4961
vn -0.8958 -0.0032 -0.4444
vn -0.6403 -0.1169 -0.7592
vn -0.8115 -0.0147 0.5842
vn -0.7255 -0.0486 0.6865
vn 0.9555 0.1242 -0.2674
vn 0.3622 0.0850 0.9282
vn 0.9373 -0.0648 0.3426
vn -0.3569 0.1683 -0.9189
vn 0.3067 0.8489 -0.4304
vn -0.8666 0.0913 0.4907
vn -0.8079 -0.0310 0.5885
vn 0.0483 -0.0195 0.9986
vn 0.4529 -0.1057 -0.8853
vn 0.3071 0.0331 -0.9511
vn 0.2023 -0.0769 -0.9763
vn 0.2146 0.7190 -0.6610
vn 0.0525 0.9896 -0.1338
vn 0.1752 0.8337 -0.5237
vn 0.0034 0.9871 -0.1601
vn 0.0061 0.8569 -0.5154
vn -0.0219 0.9929 -0.1171
vn 0.0007 0.7139 -0.7003
vn -0.0168 0.0134 -0.9998
vn -0.1625 0.0463 -0.9856
vn -0.1594 -0.1022 -0.9819
vn 0.4056 0.7239 -0.5581
vn 0.0767 0.9950 -0.0642
vn 0.2696 0.8912 -0.3649
vn 0.7031 -0.1070 -0.7030
vn 0.5865 0.0182 -0.8097
vn 0.5565 0.7264 -0.4033
vn -0.4795 0.8766 0.0396
vn 0.4081 0.8621 -0.3004
vn 0.5781 0.0042 -0.8159
vn 0.8946 -0.0899 -0.4378
vn 0.8006 0.0093 -0.5991
vn 0.6761 0.7030 -0.2208
vn 0.1509 0.9876 -0.0430
vn 0.5168 0.8410 -0.1598
vn 0.9856 0.0463 -0.1625
vn 0.9819 -0.1022 -0.1594
vn 0.9613 0.0333 -0.2736
vn 0.7003 0.7139 0.0008
vn 0.1576 0.9875 0.0048
vn 0.5236 0.8520 0.0057
vn 0.9723 -0.0852 0.2176
vn 0.9998 0.0134 -0.0168
vn 0.5105 0.8456 0.1558
vn 0.7169 0.6788 0.1591
vn 0.7525 0.6387 0.1606
vn 0.1652 0.9854 0.0408
vn 0.8812 -0.1054 0.4609
vn 0.7043 0.0050 0.7099
vn 0.5555 0.7267 0.4042
vn 0.1203 0.9887 0.0892
vn 0.4216 0.8538 0.3053
vn 0.7031 -0.1067 0.7031
vn 0.8098 0.0182 0.5865
vn 0.4106 0.7148 0.5661
vn -0.0169 0.9993 0.0332
vn 0.3134 0.8453 0.4326
vn 0.4529 -0.1057 0.8853
vn 0.5864 0.0183 0.8098
vn 0.2195 0.7039 0.6755
vn 0.0419 0.9881 0.1481
vn 0.1633 0.8413 0.5153
vn 0.1625 0.0467 0.9856
vn 0.1594 -0.1017 0.9820
vn 0.2885 0.0434 0.9565
vn -0.0002 0.7134 0.7007
vn -0.0026 0.9890 0.1482
vn -0.0045 0.8492 0.5280
vn -0.2023 -0.0769 0.9763
vn 0.0167 0.0135 0.9998
vn -0.2152 0.7191 0.6607
vn -0.0115 0.9949 0.1001
vn -0.1762 0.8338 0.5232
vn -0.4529 -0.1050 0.8854
vn -0.3070 0.0333 0.9511
vn -0.3888 0.7552 0.5277
vn -0.1048 0.9863 0.1273
vn -0.7030 -0.1072 0.7030
vn -0.5867 0.0183 0.8096
vn -0.5650 0.7159 0.4102
vn 0.0403 0.9968 0.0688
vn -0.4476 0.8351 0.3196
vn -0.8853 -0.1057 0.4529
vn -0.8097 0.0182 0.5865
vn -0.6756 0.7038 0.2197
vn -0.1487 0.9878 0.0464
vn -0.4947 0.8555 0.1530
vn -0.9853 -0.0983 0.1394
vn -0.9511 0.0332 0.3071
vn -0.7003 0.7138 -0.0004
vn -0.1667 0.9859 -0.0115
vn -0.5378 0.8431 -0.0057
vn -0.9763 -0.0768 -0.2023
vn -1.0000 0.0033 -0.0001
vn -0.6685 0.7117 -0.2159
vn -0.0949 0.9954 -0.0137
vn -0.4920 0.8561 -0.1580
vn -0.8853 -0.1057 -0.4529
vn -0.9511 0.0331 -0.3071
vn -0.5498 0.7343 -0.3980
vn -0.0270 0.9986 -0.0446
vn -0.3719 0.8849 -0.2804
vn -0.7031 -0.1067 -0.7031
vn -0.8098 0.0182 -0.5865
vn -0.4108 0.7144 -0.5665
vn 0.3600 0.8446 0.3962
vn -0.3204 0.8380 -0.4416
vn -0.4529 -0.1047 -0.8854
vn -0.5866 0.0184 -0.8096
vn 0.0263 0.9986 0.0463
vn -0.0073 0.9999 0.0139
vn -0.0086 0.9999 0.0082
vn -0.0016 1.0000 0.0010
vn -0.0157 0.9998 0.0139
vn 0.0556 0.9974 0.0468
vn 0.0194 0.9998 -0.0035
vn 0.0154 0.9997 -0.0166
vn -0.0003 0.9996 0.0272
vn -0.0022 1.0000 -0.0057
vn -0.0370 0.9990 0.0236
vn 0.0063 1.0000 0.0067
vn 0.0010 0.9998 0.0180
vn 0.0057 0.9999 -0.0130
vn 0.0014 1.0000 0.0026
vn 0.0093 0.9999 -0.0106
vn 0.0055 0.9999 -0.0101
vn 0.0071 0.9999 -0.0105
vn -0.0060 0.9995 -0.0319
vn -0.1761 0.8245 -0.5377
vn -0.0213 0.9997 -0.0132
vn 0.0007 1.0000 -0.0067
vn -0.0135 0.9999 -0.0065
vn 0.2412 0.9159 -0.3210
vn -0.0067 0.9999 -0.0084
vn -0.0093 1.0000 -0.0010
vn -0.1213 0.9905 -0.0647
vn -0.2145 0.7219 -0.6579
vn -0.2882 0.0435 -0.9566
vn -0.5367 0.5669 -0.6250
vn -0.0014 -1.0000 -0.0010
vn -0.0865 -0.9465 0.3109
vn 0.2968 -0.9242 0.2405
vn -0.2931 -0.9518 0.0907
vn -0.0003 -1.0000 0.0001
vn -0.0579 -0.8489 0.5253
vn -0.3115 -0.8769 0.3661
vn -0.4812 -0.8668 0.1307
vn -0.4182 -0.8679 -0.2681
vn -0.4623 -0.8679 -0.1819
vn -0.1061 -0.8574 -0.5036
vn -0.1917 -0.8618 -0.4696
vn 0.2449 -0.8716 -0.4246
vn 0.1645 -0.8738 -0.4577
vn 0.4887 -0.8495 -0.1989
vn 0.4494 -0.8733 -0.1884
vn 0.4593 -0.8824 0.1020
vn 0.1900 -0.8906 0.4132
vn 0.4693 -0.0072 -0.8830
vn -0.2437 -0.0110 -0.9698
vn -0.1742 0.0108 -0.9847
vn 0.9223 -0.0110 -0.3863
vn 0.5405 0.0097 -0.8413
vn 0.9647 -0.0128 0.2630
vn 0.9390 0.0111 -0.3437
vn 0.4952 -0.0046 0.8688
vn 0.9389 0.0057 0.3441
vn 0.4069 0.0336 0.9129
vn -0.4453 0.0292 0.8949
vn -0.1021 0.0436 0.9938
vn -0.6877 0.0538 0.7240
vn -0.9541 0.0180 0.2989
vn -0.8580 -0.0081 -0.5136
vn -0.9754 0.0100 0.2200
vn -0.8091 0.0115 -0.5876
vn -0.3200 -0.7779 0.5407
vn -0.0017 -1.0000 0.0037
vn -0.1531 -0.5589 0.8150
vn 0.0019 -0.9993 0.0379
vn -0.0001 -1.0000 -0.0004
vn 0.2220 -0.8008 0.5563
vn -0.0092 -0.9996 0.0251
vn 0.0016 -1.0000 0.0034
vn 0.1302 -0.6016 0.7882
vn 0.0048 -1.0000 0.0031
vn -0.0059 -1.0000 0.0037
vn -0.0002 -1.0000 -0.0000
vn 0.7934 0.1335 0.5939
vn 0.5620 0.4307 0.7062
vn 0.9891 0.0335 0.1435
vn 0.8751 0.3614 0.3217
vn 0.9495 0.0586 -0.3081
vn 0.8722 0.4503 -0.1910
vn 0.7350 0.0610 -0.6753
vn 0.7213 0.4453 -0.5306
vn 0.4012 0.0358 -0.9153
vn 0.4217 0.4455 -0.7897
vn -0.0012 0.0997 -0.9950
vn 0.1467 0.4378 -0.8870
vn -0.2454 0.5009 -0.8300
vn -0.3865 0.8250 -0.4123
vn -0.4012 0.0358 -0.9153
vn -0.5050 0.4979 -0.7050
vn -0.7350 0.0610 -0.6753
vn -0.7229 0.5052 -0.4714
vn -0.9495 0.0586 -0.3081
vn -0.8513 0.5065 -0.1372
vn -0.9891 0.0332 0.1432
vn -0.8350 0.5406 0.1030
vn -0.8413 0.3897 0.3746
vn -0.7828 0.1443 0.6053
vn -0.5703 0.4276 0.7014
vn 0.1618 0.3182 0.9341
vn 0.8668 0.4982 0.0225
vn -0.1654 0.3285 0.9299
vn -0.2060 0.6112 0.7642
vn 0.0638 0.6194 0.7825
vn 0.0010 0.6130 0.7901
vn 0.0457 0.5457 0.8367
vn -0.5143 0.8290 -0.2196
vn 0.0861 0.9398 0.3308
vn -0.1838 0.9378 0.2946
vn 0.3319 0.8814 -0.3362
vn 0.4737 0.0706 -0.8779
vn 0.5628 0.0006 0.8266
vn 0.9850 -0.1556 -0.0747
vn -0.9850 0.1556 -0.0747
vn -0.4737 -0.0706 -0.8779
vn -0.5628 -0.0006 0.8266
vn 0.0003 1.0000 -0.0000
vn -0.0171 0.1092 -0.9939
vn 0.0512 -0.0413 -0.9978
vn -0.8856 -0.0231 -0.4639
vn -0.9779 0.0768 0.1943
vn 0.9952 0.0824 -0.0521
vn 0.2469 0.2025 0.9476
vn 0.4897 0.8693 0.0670
vn 0.9058 0.0051 -0.4237
vn 0.7420 -0.0089 -0.6703
vn 0.2061 0.1146 0.9718
vn 0.9281 -0.1047 0.3573
vn -0.9025 0.1288 -0.4110
vn -0.1799 -0.1488 -0.9724
vn -0.7996 0.0424 0.5990
vn -0.0000 1.0000 0.0003
vn 0.9705 0.0720 -0.2302
vn 0.7868 -0.0851 0.6113
vn 0.8610 -0.0595 -0.5050
vn -0.0693 0.0609 -0.9957
vn -0.5215 0.0110 0.8532
vn -0.9934 0.0291 -0.1111
vn -0.4022 -0.0509 0.9141
vn 0.5121 0.0187 0.8587
vn 0.6616 0.1119 -0.7414
vn 0.6842 0.0795 0.7249
vn 0.9943 -0.0342 -0.1006
vn -0.7375 0.0303 -0.6747
vn -0.0370 -0.0761 -0.9964
vn -0.7454 0.0711 0.6628
vn -0.9884 -0.1134 0.1012
vn 0.0710 -0.0766 0.9945
vn 0.9965 -0.0118 -0.0824
vn 0.1046 -0.0888 0.9905
vn 0.0562 0.0314 -0.9979
vn -0.9604 0.0056 -0.2784
vn -0.5486 0.0510 0.8345
vn -0.9597 -0.1368 0.2453
vn 0.5856 0.0175 0.8104
vn -0.0337 0.9623 -0.2700
vn 0.2016 0.9196 -0.3372
vn 0.2668 0.9482 -0.1724
vn 0.2444 0.9668 0.0752
vn -0.0392 0.9425 0.3319
vn -0.2720 0.9363 0.2219
vn -0.2695 0.9606 0.0675
vn -0.3111 0.9334 -0.1788
vn -0.1378 0.9444 -0.2984
vn 0.1400 0.9446 0.2968
vn 0.3912 0.8692 0.3024
vn 0.4119 0.8712 0.2671
vn 0.5189 0.8447 0.1311
vn 0.2998 0.8694 -0.3928
vn -0.0070 0.8544 -0.5195
vn -0.3605 0.8658 -0.3470
vn -0.4342 0.8579 0.2748
vn -0.5176 0.8430 0.1463
vn 0.1550 -0.8559 0.4934
vn 0.0763 -0.5712 0.8172
vn 0.1320 -0.8816 0.4531
vn 0.4198 -0.7773 0.4686
vn 0.6248 -0.6121 0.4847
vn 0.8848 -0.0795 0.4592
vn 0.6072 -0.7658 0.2117
vn 0.7457 -0.6651 -0.0399
vn 0.9986 0.0055 -0.0528
vn 0.3745 -0.8945 0.2442
vn 0.8774 -0.0661 -0.4752
vn 0.6007 -0.6464 -0.4705
vn 0.4980 -0.6205 -0.6058
vn 0.5464 -0.0364 -0.8368
vn 0.3337 -0.9113 -0.2411
vn 0.0070 -0.5867 -0.8098
vn 0.1528 -0.7909 -0.5926
vn 0.1131 -0.9378 -0.3284
vn -0.2368 -0.8147 -0.5293
vn -0.1156 -0.7769 -0.6190
vn -0.4835 -0.6097 -0.6281
vn -0.4613 -0.7768 -0.4288
vn -0.1830 -0.9796 -0.0827
vn -0.8208 -0.1663 -0.5465
vn -0.7614 -0.6153 -0.2039
vn -0.7812 -0.6114 0.1260
vn -0.6448 -0.7643 -0.0015
vn -0.9069 -0.2101 0.3652
vn -0.1342 -0.9649 0.2257
vn -0.2020 -0.9740 -0.1028
vn -0.7522 -0.1501 0.6416
vn -0.3890 -0.6614 0.6413
vn -0.5317 -0.0147 0.8468
vn -0.1046 -0.9688 0.2248
vn -0.1494 -0.1530 0.9769
vn -0.6472 -0.7408 -0.1797
vn -0.2295 -0.9133 -0.3365
vn -0.0649 -0.8400 -0.5387
vn 0.0840 -0.9920 -0.0945
vn -0.5206 -0.8437 -0.1309
vn -0.5070 -0.8607 0.0462
vn -0.1352 -0.9908 0.0098
vn 0.5949 -0.7989 0.0887
vn 0.2998 -0.8114 0.5017
vn -0.0772 -0.8602 0.5041
vn 0.5155 0.1849 -0.8367
vn 0.0503 -0.0424 -0.9978
vn 0.6883 -0.0906 -0.7197
vn 0.9847 -0.0535 -0.1660
vn 0.9471 0.0155 0.3206
vn 0.9972 -0.0426 -0.0612
vn 0.6019 -0.0624 0.7961
vn 0.1155 0.0280 0.9929
vn -0.5068 0.0216 0.8618
vn -0.8885 -0.1374 0.4377
vn -0.6929 -0.2166 0.6877
vn -0.9931 -0.0082 -0.1168
vn -0.7842 0.1825 -0.5930
vn -0.3000 0.0054 -0.9539
vn 0.0052 -0.9986 -0.0522
vn 0.2983 -0.8139 -0.4986
vn 0.0363 -0.6910 -0.7220
vn -0.0206 -0.9991 -0.0373
vn -0.3135 -0.7313 -0.6057
vn -0.5828 -0.7968 -0.1595
vn 0.0101 -0.9998 0.0147
vn 0.0185 -0.9994 -0.0289
vn -0.0738 -0.9619 0.2631
vn 0.6400 -0.7348 -0.2244
vn -0.0095 -0.9998 0.0157
vn 0.1784 -0.9531 0.2446
vn -0.5059 -0.7569 0.4136
vn 0.4493 -0.8213 0.3514
vn 0.0165 -0.9998 -0.0100
vn 0.5502 -0.7867 -0.2799
vn 0.2136 -0.8865 -0.4104
vn 0.0217 -0.9998 0.0031
vn 0.5591 -0.8062 0.1934
vn 0.5462 -0.8326 -0.0916
vn 0.0066 -1.0000 -0.0074
vn -0.0153 -0.9999 -0.0003
vn -0.5146 -0.8288 0.2195
vn -0.5131 -0.8575 -0.0368
vn -0.0071 -1.0000 -0.0028
vn -0.0124 -0.9999 -0.0099
vn -0.0019 -0.9998 -0.0209
vn -0.2642 -0.8017 -0.5362
vn -0.3611 -0.8821 -0.3025
vn -0.0381 -0.7571 -0.6522
vn 0.0081 0.7059 -0.7082
vn -0.3419 0.7978 -0.4966
vn 0.2916 0.7574 -0.5842
vn -0.8693 0.3339 -0.3645
vn 0.5929 0.1784 0.7853
vn -0.7777 -0.4572 -0.4315
vn 0.1615 0.2965 -0.9413
vn 0.3878 -0.5334 -0.7518
vn 0.6468 0.4092 -0.6436
vn 0.6875 -0.5089 -0.5180
vn -0.9393 0.2844 0.1919
vn -0.7226 -0.6827 -0.1083
vn -0.6860 -0.0773 0.7235
vn 0.1036 -0.0596 0.9928
vn 0.1221 -0.3580 0.9257
vn 0.6278 -0.7209 0.2934
vn 0.5912 -0.5420 0.5973
vn 0.6548 -0.7157 -0.2429
vn 0.4442 -0.6638 -0.6017
vn -0.2743 0.0721 -0.9589
vn -0.2215 -0.7591 -0.6121
vn -0.4158 -0.7362 -0.5339
vn -0.6635 -0.2020 -0.7204
vn 0.1907 -0.1775 0.9655
vn 0.8723 0.4842 0.0679
vn -0.6072 0.7807 -0.1478
vn -0.9943 0.1057 0.0155
vn -0.6773 0.5995 0.4265
vn 0.0438 0.8646 0.5006
vn 0.7112 -0.7014 0.0479
vn 0.1640 -0.7343 -0.6587
vn -0.0547 -0.7053 -0.7068
vn -0.6832 -0.7054 -0.1889
vn -0.6802 -0.7087 0.1874
vn -0.2203 -0.0188 0.9752
vn -0.3771 -0.7038 0.6020
vn 0.3566 -0.7210 0.5942
vn -0.5403 -0.7108 0.4504
vn 0.5009 0.8114 0.3012
vn 0.9810 -0.1057 0.1629
vn 0.0162 0.8597 0.5105
vn 0.9033 0.3863 0.1864
vn 0.6117 0.7620 -0.2126
vn 0.0702 -0.6107 0.7887
vn 0.2124 0.6727 0.7087
vn -0.0893 0.6987 0.7098
vn -0.0439 -0.6671 0.7437
vn 0.0416 -0.9564 -0.2892
vn 0.1930 0.7927 -0.5783
vn -0.4050 0.7868 -0.4657
vn -0.0755 0.7989 -0.5967
vn 0.5526 0.5681 -0.6098
vn 0.9936 0.0879 -0.0703
vn 0.4726 -0.8551 -0.2133
vn 0.2433 -0.8506 0.4662
vn 0.8613 0.4873 0.1441
vn 0.9654 0.2211 -0.1382
vn 0.7489 0.6031 -0.2747
vn 0.3303 0.8898 0.3149
vn 0.8859 0.0137 -0.4637
vn 0.7330 0.0056 0.6802
vn 0.9431 -0.0264 -0.3315
vn 0.7226 0.0189 0.6910
vn -0.7358 0.6109 -0.2923
vn -0.9428 0.0864 -0.3221
vn -0.9740 0.1793 -0.1383
vn -0.9476 0.1135 0.2985
vn -0.6860 -0.0072 0.7276
vn -0.9285 0.0194 0.3709
vn -0.9213 0.0313 0.3875
vn -0.5280 0.0033 -0.8492
vn -0.5215 0.0191 -0.8530
vn -0.0863 0.7718 -0.6300
vn -0.7119 0.0885 -0.6967
vn -0.4639 0.8603 -0.2117
vn -0.4256 0.7899 0.4416
vn 0.2398 -0.0180 0.9707
vn -0.6970 0.0426 0.7158
vn 0.3121 -0.0079 0.9500
vn -0.6022 0.7579 0.2508
vn -0.9429 0.0329 0.3316
vn 0.5759 0.0395 0.8166
vn 0.3546 0.0054 0.9350
vn -0.5904 0.5877 0.5531
vn -0.8833 -0.0844 0.4611
vn -0.3064 0.9014 0.3060
vn -0.7613 0.6339 0.1363
vn -0.2063 0.5853 0.7842
vn 0.5401 0.0603 0.8394
vn 0.9609 -0.0791 -0.2653
vn 0.7534 -0.1397 0.6425
vn 0.7811 0.6013 0.1684
vn 0.2378 -0.2243 0.9450
vn 0.5319 -0.0127 0.8467
vn 0.5594 0.0100 0.8288
vn 0.9340 -0.0176 -0.3570
vn 0.9103 0.0358 -0.4123
vn 0.5026 0.6269 -0.5954
vn -0.2208 0.4887 0.8440
vn -0.3394 0.8856 0.3172
vn -0.4944 -0.8437 0.2090
vn -0.9770 0.1688 -0.1302
vn -0.4987 -0.8431 -0.2013
vn 0.0561 -0.8199 -0.5698
vn 0.2342 -0.7542 -0.6135
vn -0.1566 -0.8152 -0.5576
vn 0.3188 0.8015 0.5059
vn 0.0077 1.0000 0.0060
vn -0.2298 0.8266 -0.5137
vn -0.0408 0.9991 0.0098
vn 0.4295 0.9030 0.0095
vn 0.4501 0.7238 -0.5230
vn -0.0118 0.9999 0.0055
vn -0.5469 0.8026 0.2380
vn -0.5029 0.7970 -0.3344
vn 0.0009 0.7858 -0.6185
vn 0.4979 0.8184 -0.2870
vn 0.5869 0.7846 0.1999
vn -0.1693 0.7943 0.5834
vn 0.0036 1.0000 0.0019
vn 0.5367 0.8163 -0.2135
vn 0.5863 0.6862 0.4305
vn 0.0338 0.8527 0.5212
vn -0.7408 0.3814 0.5529
vn -0.4552 0.8903 -0.0106
vn -0.5989 -0.3324 -0.7286
vn 0.3703 0.0816 -0.9253
vn 0.0414 -0.0350 -0.9985
vn -0.4401 -0.8977 -0.0200
vn -0.0526 0.1070 0.9929
vn 0.9902 0.1099 -0.0856
vn 0.9990 0.0110 0.0436
vn -0.0368 -0.0470 0.9982
vn -0.0390 -0.0067 0.9992
vn -0.0444 0.0409 -0.9982
vn -0.5528 -0.7994 -0.2353
vn -0.9983 -0.0331 -0.0470
vn -0.5769 -0.6688 0.4689
vn 0.2373 -0.8045 -0.5445
vn 0.5730 -0.7895 -0.2202
vn 0.5510 -0.7972 0.2468
vn 0.1407 -0.7847 0.6037
vn -0.3226 -0.7845 0.5296
vn -0.5651 -0.8177 0.1094
vn -0.2181 -0.8015 -0.5568
vn -0.5375 -0.7717 -0.3399
vn 0.9509 -0.0549 0.3046
vn -0.3123 -0.0910 -0.9456
vn 0.0112 0.0566 -0.9983
vn -0.6717 -0.0597 0.7384
vn -0.9180 0.0555 0.3928
vn 0.7922 0.0863 0.6041
vn 0.4901 0.0917 0.8668
vn -0.2720 -0.0730 0.9595
vn 0.9225 -0.1184 0.3675
vn 0.9515 0.0233 -0.3068
vn 0.3293 -0.1179 -0.9369
vn -0.0796 -0.0265 -0.9965
vn -0.9560 -0.1610 -0.2453
vn -0.4183 -0.8415 0.3418
vn -0.7031 -0.5640 -0.4330
vn 0.9501 -0.0900 -0.2988
vn -0.7702 -0.1437 -0.6213
vn -0.0747 0.0801 -0.9940
vn -0.0879 -0.0949 0.9916
vn 0.8906 0.1360 0.4339
vn -0.8823 0.1085 0.4581
vn 0.1050 -0.8305 0.5471
vn -0.6294 -0.1522 0.7620
vn 0.7690 -0.0878 0.6332
vn 0.9702 0.1027 -0.2193
vn 0.7272 -0.0597 -0.6839
vn -0.2137 0.1264 -0.9687
vn -0.6063 -0.0890 -0.7902
vn -0.4169 -0.9009 0.1204
vn 0.9871 -0.0802 -0.1387
vn -0.5989 -0.1384 -0.7887
vn 0.4562 0.1224 -0.8814
vn -0.2737 -0.1078 0.9558
vn 0.4279 0.1253 0.8951
vn -0.9963 0.0775 -0.0374
vn 0.8374 -0.0075 0.5466
vn -0.3097 -0.1761 0.9344
vn 0.9838 -0.1158 0.1370
vn 0.3200 -0.0682 -0.9450
vn 0.7007 0.0182 -0.7132
vn -0.3428 0.0263 -0.9390
vn -0.8383 -0.1372 -0.5276
vn -0.5055 -0.8622 0.0332
vn -0.3252 -0.1212 0.9378
vn 0.0088 -0.9999 0.0060
vn -0.0056 -1.0000 -0.0057
vn -0.0337 -0.9500 -0.3104
vn 0.1066 -0.9387 -0.3278
vn 0.1772 -0.9643 0.1971
vn -0.3232 -0.9459 0.0289
vn -0.0066 -0.9999 -0.0090
vn -0.0047 -1.0000 -0.0056
vn -0.0030 -1.0000 0.0008
vn -0.0085 -1.0000 0.0021
vn -0.0020 -1.0000 0.0002
vn -0.0002 -1.0000 0.0022
vn 0.0069 -0.9999 0.0084
vn 0.0118 -0.9999 -0.0072
vn 0.1333 -0.9169 0.3761
vn 0.0648 -0.9978 0.0110
vn 0.2014 -0.9592 0.1986
vn -0.2969 -0.9385 0.1760
vn -0.0090 -0.9998 -0.0180
vn -0.0009 -1.0000 -0.0017
vn 0.0007 -0.9995 0.0301
vn 0.0068 -1.0000 0.0004
vn 0.0156 -0.9999 0.0066
vn -0.0083 -0.9999 -0.0075
vn 0.0201 -0.9998 0.0067
vn 0.0017 -1.0000 -0.0007
vn 0.0041 -1.0000 -0.0046
vn 0.0002 -1.0000 -0.0012
vn -0.0267 -0.9996 0.0032
vn -0.0046 -1.0000 0.0066
vn 0.8903 0.1049 0.4431
vn -0.8705 0.1112 0.4794
vn 0.3641 -0.0787 0.9280
vn 0.0027 0.0806 -0.9967
vn 0.7119 -0.1068 -0.6941
vn -0.9774 -0.1364 -0.1617
vn 0.3682 0.0102 -0.9297
vn 0.5975 0.0930 0.7965
vn 0.4131 -0.0288 -0.9102
vn -0.9987 0.0289 -0.0420
vn -0.9811 -0.0574 0.1850
vn 0.6687 -0.0166 0.7433
vn 0.9897 -0.0782 -0.1196
vn -0.5329 -0.1371 -0.8350
vn -0.3026 -0.1340 0.9437
vn 0.8788 0.1388 0.4565
vn 0.3239 0.9425 -0.0822
vn -0.7058 -0.1333 -0.6958
vn -0.0754 0.9421 0.3267
vn 0.7390 0.1610 -0.6542
vn 0.2321 0.1036 0.9672
vn 0.9732 -0.1151 0.1991
vn -0.9704 0.1417 -0.1958
vn -0.2295 -0.1255 -0.9652
vn -0.6638 -0.1608 0.7304
vn 0.3119 0.9481 -0.0614
vn -0.9753 0.1168 0.1874
vn -0.2072 0.9614 -0.1807
vn -0.2321 -0.1036 0.9672
vn 0.0755 0.8736 -0.4808
vn 0.5470 0.6575 -0.5182
vn -0.3908 0.9197 -0.0365
vn -0.4566 0.8834 0.1055
vn 0.0019 1.0000 -0.0005
vn -0.0055 1.0000 -0.0003
vn -0.2284 0.6696 0.7067
vn 0.4394 0.8584 -0.2648
vn -0.4705 0.8754 -0.1106
vn -0.0062 1.0000 -0.0015
vn -0.5224 0.6699 -0.5276
vn -0.2408 0.8625 0.4452
vn -0.0230 0.9995 -0.0197
vn -0.7120 0.6310 -0.3080
vn -0.0093 0.9999 0.0045
vn -0.0561 0.8485 -0.5261
vn -0.0090 0.9997 -0.0241
vn -0.0006 1.0000 -0.0000
vn -0.7142 0.6529 0.2523
vn -0.0203 0.9998 0.0049
vn -0.5057 0.6997 0.5046
vn -0.0189 0.9997 0.0153
vn 0.0360 0.8579 0.5125
vn -0.0002 1.0000 -0.0011
vn -0.0008 0.9996 -0.0291
vn 0.7124 0.6419 0.2836
vn 0.2318 0.9728 -0.0064
vn 0.0028 1.0000 0.0011
vn 0.7208 0.6565 -0.2224
vn 0.0420 0.9973 0.0599
vn -0.4099 0.8960 0.1704
vn 0.2816 0.6198 0.7325
vn 0.5513 0.6783 0.4858
vn 0.0003 1.0000 -0.0035
vn 0.0381 0.8883 0.4577
vn -0.5312 0.8430 0.0847
vn 0.0153 0.9998 0.0117
vn 0.0057 1.0000 -0.0058
vn 0.0194 0.9998 0.0051
vn -0.0032 1.0000 -0.0050
vn 0.3127 0.7820 -0.5391
vn -0.0034 1.0000 -0.0014
vn 0.0322 0.9992 -0.0217
vn 0.0164 0.9991 0.0390
vn -0.0094 0.9999 -0.0059
vn 0.2518 0.6554 -0.7120
vn 0.0027 0.9999 -0.0161
vn 0.0008 1.0000 -0.0051
vn -0.3066 0.6341 -0.7098
vn -0.0257 0.9990 -0.0353
vn 0.0074 0.9998 -0.0176
vn -0.0138 0.9991 -0.0396
vn 0.0007 1.0000 -0.0004
vn -0.0519 0.8292 -0.5566
vn -0.0003 0.9947 -0.1025
vn -0.0082 0.9999 0.0126
vn 0.0118 0.9999 0.0029
vn 0.4705 0.8802 0.0630
vn -0.0888 0.9961 0.0006
vn -0.0284 0.9995 0.0113
vn -0.0028 0.9999 0.0114
vn 0.0035 1.0000 0.0006
vn -0.0032 1.0000 0.0007
vn 0.7312 0.0738 -0.6782
vn 0.0096 -0.1396 -0.9902
vn 0.4264 -0.8598 0.2808
vn -0.9866 -0.0956 0.1321
vn -0.2100 -0.9090 0.3600
vn -0.7003 0.1418 -0.6996
vn 0.9902 -0.0581 0.1267
vn 0.2307 -0.0835 -0.9694
vn 0.9743 0.0718 -0.2133
vn -0.0999 -0.0021 0.9950
vn 0.1885 0.0333 0.9815
vn -0.9966 0.0005 -0.0818
vn -0.0309 0.0366 -0.9989
vn -0.9939 0.0160 0.1089
vn 0.9294 -0.0691 -0.3625
vn 0.2144 -0.9094 -0.3566
vn 0.6295 -0.0808 0.7728
vn -0.3515 -0.9166 -0.1902
vn -0.2827 -0.8568 0.4313
vn -0.9291 0.0787 -0.3615
vn 0.8193 -0.0669 -0.5695
vn -0.2760 -0.0660 -0.9589
vn 0.0290 -0.8635 -0.5035
vn 0.7328 -0.1132 0.6709
vn 0.5387 -0.8301 -0.1443
vn -0.1819 -0.9352 -0.3038
vn -0.3397 -0.8625 0.3752
vn -0.3583 -0.0625 0.9315
vn -0.9971 -0.0625 -0.0426
vn -0.9088 0.0602 -0.4129
vn 0.9792 -0.0206 -0.2020
vn -0.0143 0.0506 -0.9986
vn 0.1894 -0.1160 0.9750
vn 0.9804 0.1153 0.1597
vn -0.3245 0.0410 0.9450
vn -0.9928 0.0624 -0.1019
vn 0.7195 -0.0382 -0.6935
vn -0.6558 -0.1165 -0.7459
vn -0.3702 0.0523 -0.9275
vn 0.8357 -0.0310 0.5483
vn 0.7810 0.0162 -0.6244
vn 0.3739 -0.8821 0.2864
vn -0.5049 -0.1479 0.8504
vn -0.5336 -0.5411 0.6500
vn -0.9914 -0.1031 -0.0809
vn 0.9904 -0.0921 -0.1029
vn -0.0435 -0.1624 -0.9858
vn 0.2949 -0.8722 -0.3903
vn 0.2246 -0.1149 0.9676
vn 0.8293 0.1127 0.5474
vn -0.2650 -0.8898 0.3715
vn -0.9676 -0.1668 0.1896
vn 0.2800 -0.9334 0.2245
vn 0.9932 -0.0415 -0.1087
vn -0.2267 -0.0519 -0.9726
vn -0.0250 0.0433 -0.9987
vn 0.9996 0.0242 -0.0165
vn -0.0025 -0.8921 0.4518
vn -0.4525 -0.8917 0.0079
vn -0.2725 -0.6125 0.7420
vn 0.2777 -0.6300 0.7252
vn -0.5209 -0.6654 0.5346
vn -0.7339 -0.6378 0.2338
vn -0.7363 -0.6201 -0.2708
vn -0.7152 0.0591 -0.6964
vn -0.2683 -0.6214 -0.7361
vn 0.2285 -0.6324 -0.7402
vn 0.4890 -0.6681 -0.5608
vn 0.6382 -0.3869 -0.6656
vn 0.7256 -0.6262 -0.2853
vn 0.7349 -0.6191 0.2767
vn 0.6016 -0.6263 0.4957
vn 0.7872 -0.0656 0.6132
vn 0.8604 0.0785 0.5035
vn -0.2839 -0.0594 0.9570
vn 0.5706 0.0848 -0.8168
vn -0.9341 0.0798 -0.3479
vn -0.4650 0.0326 -0.8847
vn -0.8403 -0.1012 0.5326
vn 0.7573 -0.0607 -0.6502
vn -0.0001 1.0000 -0.0002
vn 0.4854 0.0329 -0.8737
vn 0.3275 0.0773 0.9417
vn 0.9012 -0.0106 0.4333
vn -0.9918 0.1222 -0.0369
vn -0.1793 -0.1140 -0.9772
vn -0.8745 -0.0888 0.4769
vn 0.7706 0.0611 0.6344
vn -0.7624 0.1206 0.6358
vn -0.4703 0.0012 0.8825
vn 0.7108 0.0933 -0.6972
vn -0.5211 0.1209 -0.8449
vn -0.9549 0.0391 -0.2942
vn 0.6552 -0.0292 0.7549
vn 0.9918 0.0450 0.1194
vn -0.1681 0.1102 0.9796
vn 0.3921 -0.0260 0.9195
vn 0.1125 0.0587 -0.9919
vn 0.8813 -0.0883 -0.4642
vn -0.9943 0.0674 -0.0826
vn -0.5210 -0.0380 -0.8527
vn -0.8640 -0.0615 0.4997
vn 0.9281 0.0274 0.3713
vn -0.4526 0.0685 0.8891
vn 0.4418 -0.0612 0.8950
vn 0.4201 0.0786 -0.9041
vn 0.8252 -0.0916 -0.5574
vn -0.8776 0.0888 -0.4711
vn -0.4950 -0.0670 -0.8663
vn -0.9105 -0.0522 0.4102
vn -0.1422 -0.0949 0.9853
vn -0.8424 -0.1600 0.5145
vn 0.9114 -0.1569 0.3805
vn 0.9933 0.0328 0.1108
vn 0.3681 -0.0208 -0.9295
vn -0.9284 -0.0806 -0.3628
vn -0.0222 -0.1667 -0.9858
vn 0.9828 0.0042 -0.1847
vn 0.0216 -0.0625 0.9978
vn 0.7253 -0.1347 0.6752
vn 0.3641 -0.1854 -0.9127
vn -0.2619 -0.1405 -0.9548
vn -0.9724 -0.0266 -0.2316
vn -0.9529 -0.1347 0.2718
vn 0.6383 0.0630 0.7672
vn -0.6243 0.0543 0.7793
vn 0.0272 -0.0494 0.9984
vn 0.9648 0.0450 -0.2590
vn 0.9691 -0.0945 0.2279
vn 0.1456 0.1580 -0.9766
vn -0.9158 0.0808 -0.3935
vn 0.7587 -0.6173 0.2082
vn 0.2007 -0.6031 -0.7720
vn -0.7316 -0.6249 -0.2727
vn -0.3906 -0.1420 0.9095
vn -0.1312 -0.7837 0.6071
vn -0.5165 -0.8232 0.2357
vn -0.3610 -0.8663 -0.3452
vn 0.2788 -0.8593 -0.4288
vn 0.5721 -0.8202 -0.0038
vn 0.3151 -0.8243 0.4704
vn 0.0039 -1.0000 0.0001
vn 0.0015 -1.0000 0.0034
vn 0.0025 -1.0000 -0.0038
vn -0.0032 -1.0000 0.0025
vn -0.0051 -1.0000 -0.0020
vn -0.0010 -1.0000 -0.0048
vn -0.4028 -0.0861 -0.9112
vn -0.6616 -0.4854 -0.5716
vn -0.2434 -0.2839 -0.9274
vn -0.9700 -0.2126 -0.1176
vn -0.9953 -0.0962 0.0067
vn -0.6044 -0.7654 0.2213
vn -0.5439 -0.0687 0.8363
vn -0.0542 -0.3399 0.9389
vn 0.2685 -0.0590 0.9615
vn 0.6091 0.3694 0.7018
vn 0.9013 -0.0771 0.4262
vn 0.8029 -0.0963 -0.5883
vn 0.9696 -0.2384 -0.0543
vn 0.8539 -0.2403 -0.4616
vn 0.2981 -0.3263 -0.8970
vn -0.4449 -0.7517 0.4868
vn 0.2330 -0.9681 0.0921
vn 0.0273 -0.9513 0.3071
vn -0.2276 -0.9672 -0.1131
vn -0.0153 -0.9431 -0.3321
vn 0.1765 -0.9609 -0.2135
vn -0.6928 -0.5973 -0.4040
vn -0.0024 -1.0000 0.0020
vn -0.1346 -0.8538 -0.5028
vn 0.1852 -0.9612 -0.2046
vn 0.2708 -0.9619 0.0389
vn 0.0960 -0.9593 0.2655
vn -0.5523 -0.7832 -0.2855
vn -0.2104 -0.9659 0.1512
vn 0.2351 -0.9690 -0.0755
vn 0.7279 -0.6189 -0.2951
vn 0.1089 -0.9094 -0.4014
vn 0.0597 -0.9352 0.3491
vn 0.2512 -0.9470 0.2005
vn -0.2728 -0.9611 -0.0430
vn -0.3905 -0.8362 0.3851
vn 0.5304 -0.7752 -0.3431
vn -0.2785 -0.8058 -0.5226
vn -0.0671 -0.9594 -0.2738
vn 0.4803 -0.7982 -0.3637
vn -0.2007 -0.9669 0.1572
vn -0.2031 -0.9463 -0.2514
vn -0.1978 -0.9760 0.0913
vn 0.1157 -0.9687 -0.2194
vn -0.3041 -0.9486 -0.0881
vn -0.2054 -0.9597 0.1917
vn -0.0133 -0.6954 -0.7185
vn 0.2019 -0.5946 -0.7783
vn -0.1543 -0.9575 -0.2436
vn -0.6280 -0.7781 -0.0153
vn -0.4691 -0.7775 0.4189
vn -0.1803 -0.9622 -0.2043
vn -0.7578 -0.6374 -0.1394
vn -0.6186 -0.7848 0.0391
vn -0.0076 -1.0000 0.0009
vn -0.2034 -0.7457 0.6345
vn -0.0004 -0.9812 0.1930
vn 0.0167 -0.9687 0.2475
vn 0.2392 -0.9701 0.0398
vn 0.5855 -0.8105 0.0165
vn 0.2234 -0.7512 0.6211
vn 0.0660 -0.9536 0.2936
vn -0.5398 -0.6933 -0.4774
vn -0.3909 -0.8720 -0.2947
vn -0.0017 -1.0000 -0.0020
vn -0.0031 -1.0000 -0.0035
vn -0.0076 -1.0000 -0.0063
vn -0.5016 -0.6905 0.5212
vn -0.7155 -0.6984 0.0189
vn -0.5454 -0.7844 -0.2954
vn -0.5877 -0.7931 0.1599
vn -0.3200 -0.7913 0.5211
vn -0.4111 -0.5863 -0.6980
vn 0.5880 -0.7903 0.1721
vn 0.0178 -0.9478 0.3183
vn 0.2586 -0.7604 -0.5958
vn -0.0981 -0.8084 -0.5804
vn 0.4078 -0.7474 0.5245
vn 0.5084 -0.7791 -0.3668
vn 0.6315 -0.4447 -0.6352
vn 0.3123 -0.9496 -0.0277
vn 0.2737 -0.9344 0.2281
vn 0.0130 -0.9455 0.3253
vn 0.1541 -0.9562 -0.2489
vn 0.0243 -0.9995 -0.0216
vn 0.1804 -0.7674 -0.6152
vn 0.0028 -0.7846 0.6200
vn 0.4065 -0.8127 0.4175
vn 0.6222 -0.7818 0.0401
vn 0.7476 -0.6633 0.0340
vn 0.6010 -0.7952 -0.0800
vn 0.0042 -1.0000 0.0030
vn -0.0010 -1.0000 -0.0002
vn 0.0020 -1.0000 -0.0018
vn 0.0046 -1.0000 -0.0015
vn -0.0060 -0.9998 0.0176
vn 0.4244 -0.6623 0.6174
vn 0.2486 -0.8538 -0.4574
vn 0.5069 -0.6709 -0.5412
vn -0.9895 -0.1138 0.0897
vn -0.7325 0.6802 0.0279
vn -0.8663 -0.0090 -0.4994
vn -0.4665 -0.0345 0.8839
vn -0.6872 0.0145 0.7263
vn 0.4024 -0.0129 -0.9154
vn 0.5705 0.0343 -0.8206
vn 0.9270 -0.0344 0.3734
vn 0.7060 0.0396 0.7071
vn -0.8325 0.0071 -0.5541
vn -0.5445 0.5910 -0.5952
vn -0.8504 0.2760 -0.4479
vn 0.9893 -0.1343 0.0572
vn 0.7231 0.6907 0.0002
vn -0.8970 -0.0340 0.4407
vn 0.4191 -0.0110 0.9079
vn 0.1896 0.0300 0.9814
vn -0.9756 0.0290 0.2175
vn -0.2930 -0.0264 -0.9558
vn 0.9678 -0.0059 -0.2517
vn 0.9506 0.0226 -0.3097
vn -0.3519 0.0038 -0.9360
vn 0.5463 0.5895 -0.5950
vn 0.9076 0.2652 -0.3254
vn -0.9141 -0.1142 0.3891
vn 0.3178 -0.0418 0.9472
vn 0.9754 -0.0524 -0.2139
vn -0.2537 -0.1171 -0.9602
vn 0.9999 0.0124 0.0034
vn 0.2200 -0.4127 0.8839
vn 0.4007 -0.3469 -0.8480
vn 0.4104 0.0044 0.9119
vn -0.6147 -0.0439 0.7875
vn -0.8425 0.0381 0.5374
vn -0.8616 -0.0139 -0.5073
vn 0.2041 -0.0033 -0.9789
vn 0.5584 -0.0513 0.8280
vn 0.9801 -0.0464 -0.1932
vn -0.4028 -0.4139 -0.8164
vn -0.2941 -0.3989 0.8686
vn -0.0003 -1.0000 0.0004
vn -0.8207 -0.0179 0.5711
vn 0.5073 -0.0545 0.8601
vn -0.5775 0.1384 0.8046
vn -0.6906 -0.0070 -0.7232
vn 0.7799 -0.0699 -0.6220
vn 0.9863 0.1580 -0.0482
vn -0.4895 0.0808 -0.8682
vn 0.0004 -1.0000 -0.0002
vn -0.8729 -0.0666 0.4834
vn 0.6139 -0.0794 0.7853
vn 0.0697 0.0646 0.9955
vn -0.5405 -0.0532 -0.8397
vn -0.9927 0.0898 -0.0809
vn 0.7282 -0.0557 -0.6831
vn 0.2653 0.0634 -0.9621
vn 0.9962 0.0430 0.0760
vn -0.3441 0.0004 0.9389
vn -0.9396 -0.3409 0.0306
vn -0.5239 -0.4107 -0.7462
vn 0.1049 -0.2221 -0.9694
vn 0.8825 -0.1397 -0.4491
vn 0.8841 -0.2798 0.3743
vn 0.3436 -0.3510 0.8711
vn -0.8304 -0.3688 0.4177
vn -0.2627 0.4140 0.8715
vn -0.8349 0.3271 -0.4428
vn -0.9319 0.1694 0.3206
vn 0.7263 0.4570 -0.5134
vn 0.8631 0.3118 0.3972
vn -0.3093 -0.3658 -0.8778
vn 0.3946 -0.1275 -0.9100
vn -0.8164 -0.1426 -0.5597
vn -0.7035 -0.1280 0.6990
vn 0.4389 -0.1237 0.8900
vn 0.9933 -0.1110 0.0325
vn 0.0032 -1.0000 -0.0028
vn 0.5790 -0.8143 0.0401
vn 0.3849 -0.8165 -0.4303
vn 0.0037 -1.0000 0.0024
vn -0.1547 -0.8151 0.5583
vn 0.3684 -0.8140 0.4490
vn -0.0018 -1.0000 0.0041
vn -0.4969 -0.8264 0.2650
vn -0.0046 -1.0000 -0.0000
vn -0.0022 -1.0000 -0.0043
vn -0.4596 -0.8368 -0.2976
vn -0.0162 -0.7920 -0.6102
vn 0.9150 0.3373 -0.2214
vn -0.0992 -0.3471 0.9326
vn -0.5998 0.2095 -0.7723
vn -0.7525 -0.6178 0.2280
vn 0.3955 -0.1297 0.9092
vn -0.1869 -0.6160 -0.7652
vn 0.7293 -0.6269 -0.2739
vn -0.3462 -0.0780 0.9349
vn -0.9556 -0.2782 0.0970
vn 0.8660 -0.2106 0.4535
vn 0.1160 -0.5694 0.8138
vn 0.8208 -0.4939 -0.2870
vn 0.2020 -0.1215 -0.9718
vn 0.5439 -0.0733 -0.8359
vn -0.8091 -0.2383 -0.5372
vn -0.6231 -0.0703 0.7790
vn 0.7795 -0.1029 0.6179
vn 0.0004 -1.0000 0.0005
vn 0.0004 -1.0000 -0.0000
vn -0.0002 -1.0000 0.0011
vn -0.9718 -0.1085 0.2094
vn 0.2253 -0.0978 0.9694
vn -0.7278 0.1007 0.6783
vn -0.2571 -0.1037 -0.9608
vn -0.8115 0.0686 -0.5803
vn 0.9502 -0.0949 -0.2970
vn 0.4339 0.1135 -0.8938
vn 0.8033 0.1527 0.5756
vn -0.5808 -0.2646 0.7698
vn -0.8886 -0.4505 -0.0859
vn 0.7153 -0.1501 0.6825
vn 0.0016 -0.2726 0.9621
vn 0.8302 -0.2715 -0.4868
vn 0.1962 -0.3534 -0.9147
vn -0.5957 -0.3913 -0.7015
vn -0.3369 -0.0159 -0.9414
vn -0.9967 -0.0772 -0.0241
vn -0.3023 -0.0687 0.9507
vn 0.8535 -0.1586 0.4964
vn 0.7527 -0.0991 -0.6509
vn 0.0001 -1.0000 -0.0003
vn 0.9197 -0.3851 -0.0763
vn -0.6368 -0.2144 0.7406
vn 0.1650 -0.3231 -0.9319
vn 0.8583 -0.0321 -0.5122
vn 0.5969 -0.2763 0.7532
vn -0.1108 -0.4442 0.8891
vn -0.5203 -0.4466 -0.7279
vn -0.9556 -0.2850 -0.0753
vn -0.1132 0.0141 -0.9935
vn -0.9909 -0.1130 -0.0732
vn -0.3001 -0.0805 0.9505
vn 0.8148 -0.0940 0.5720
vn 0.9013 -0.1216 -0.4158
vn -0.9093 -0.2557 0.3285
vn -0.7707 -0.2784 -0.5731
vn 0.3592 -0.3855 -0.8500
vn 0.5055 -0.3130 0.8041
vn -0.0146 -0.2604 0.9654
vn 0.9828 -0.1817 0.0316
vn -0.1123 -0.0742 -0.9909
vn -0.9888 -0.1402 -0.0519
vn -0.3124 -0.1223 0.9421
vn 0.8018 -0.0536 0.5952
vn 0.9031 -0.1568 -0.3998
vn -0.8125 0.4919 -0.3128
vn -0.7752 0.5605 -0.2914
vn -0.6155 -0.5055 -0.6047
vn -0.3283 -0.0333 -0.9440
vn -0.0216 -0.0820 -0.9964
vn 0.4955 -0.3008 -0.8149
vn 0.7101 0.6841 -0.1666
vn 0.9720 0.0424 -0.2311
vn 0.8315 -0.1746 -0.5274
vn 0.5522 0.3989 -0.7321
vn 0.5944 0.6157 -0.5173
vn -0.5418 0.2972 -0.7862
vn -0.5965 0.6156 -0.5150
vn -0.2149 0.9609 -0.1745
vn -0.7476 0.6452 -0.1574
vn -0.9157 0.0109 -0.4017
vn -0.6468 0.6870 -0.3311
vn -0.9960 0.0763 -0.0465
vn -0.5674 0.6779 -0.4675
vn -0.8601 0.0507 -0.5076
vn -0.2022 0.9779 0.0539
vn -0.8190 0.2665 0.5081
vn -0.5634 0.1602 0.8105
vn -0.6315 0.0001 0.7754
vn -0.2382 0.3622 0.9011
vn 0.2065 0.9709 -0.1216
vn 0.9934 0.0615 0.0969
vn 0.5820 0.7991 -0.1507
vn 0.6468 0.6447 -0.4075
vn 0.9165 0.0128 -0.3999
vn 0.7385 0.6448 -0.1971
vn 0.8652 0.3659 0.3429
vn 0.2504 0.9520 0.1762
vn -0.0061 1.0000 0.0020
vn -0.0001 0.9999 -0.0102
vn 0.1665 0.4307 0.8870
vn 0.0005 1.0000 -0.0011
vn -0.0025 0.9999 -0.0157
vn -0.0095 0.9999 0.0079
vn 0.0076 1.0000 0.0015
vn 0.0055 1.0000 0.0016
vn 0.5260 0.1445 0.8381
vn 0.5057 0.0446 0.8616
vn -0.4376 0.0577 0.8973
vn 0.5136 0.0691 0.8552
vn -0.3651 0.8742 0.3200
vn -0.8991 0.1161 0.4221
vn -0.8756 0.2130 0.4334
vn -0.6475 -0.6984 0.3050
vn -0.3973 0.6403 0.6574
vn -0.9864 0.0475 -0.1575
vn -0.5500 0.8111 -0.1989
vn -0.4486 -0.8930 -0.0361
vn -0.9702 -0.0256 -0.2410
vn -0.7173 -0.6370 -0.2823
vn 0.5606 -0.7820 0.2725
vn -0.0615 -0.9145 0.3998
vn -0.7546 -0.5783 -0.3099
vn -0.5941 -0.7545 0.2789
vn 0.3840 -0.8938 -0.2315
vn 0.7836 -0.5010 -0.3675
vn 0.2633 -0.9399 -0.2173
vn 0.6734 -0.6659 0.3212
vn 0.7454 -0.6245 -0.2332
vn -0.3491 -0.7855 0.5109
vn 0.7585 -0.6044 -0.2437
vn -0.5450 -0.7068 -0.4511
vn 0.1482 -0.7104 0.6881
vn -0.1895 -0.7037 0.6848
vn 0.4591 -0.7202 -0.5201
vn -0.1683 -0.3102 0.9357
vn 0.1815 -0.3604 0.9150
vn -0.2329 0.5987 0.7664
vn 0.4301 0.5732 0.6975
vn -0.7695 0.5996 0.2198
vn -0.9200 -0.2393 0.3104
vn -0.6056 0.5253 0.5978
vn -0.2866 0.5587 -0.7783
vn -0.5010 -0.3145 0.8063
vn -0.8082 0.5459 -0.2211
vn 0.6157 -0.4656 0.6357
vn 0.4285 -0.3192 0.8453
vn 0.3014 0.5624 -0.7699
vn 0.7674 0.6094 0.1993
vn 0.6568 -0.2439 0.7135
vn 0.9269 -0.2212 0.3033
vn 0.8003 0.5669 -0.1953
vn -0.5264 0.7204 -0.4516
vn 0.8529 0.0262 -0.5214
vn 0.4675 -0.5373 -0.7020
vn 0.2680 -0.5494 -0.7914
vn 0.4586 -0.5359 -0.7089
vn -0.5940 0.4317 0.6788
vn -0.5431 0.5302 0.6511
vn -0.6432 0.4988 0.5810
vn -0.2052 -0.8407 0.5012
vn 0.3864 -0.5390 -0.7485
vn 0.3706 -0.5390 -0.7564
vn 0.3489 -0.5387 -0.7668
vn -0.0511 -0.4639 -0.8844
vn 0.4635 0.6555 -0.5962
vn -0.4254 0.6097 -0.6689
vn -0.1764 0.1850 0.9668
vn 0.6049 -0.5317 -0.5928
vn -0.5901 -0.2865 -0.7548
vn -0.7711 -0.3875 0.5052
vn -0.9057 0.3784 0.1913
vn 0.0197 -0.5101 -0.8599
vn -0.7633 -0.1680 -0.6238
vn -0.9225 0.3433 0.1761
vn -0.9727 0.1448 -0.1816
vn -0.7633 -0.1679 -0.6238
vn -0.8343 0.4243 0.3519
vn -0.9752 0.1762 -0.1340
vn -0.3465 -0.4192 -0.8392
vn -0.7862 -0.1669 -0.5951
vn -0.9785 0.1436 -0.1482
vn -0.8186 0.4339 0.3764
vn -0.7655 0.4481 0.4618
vn -0.8307 0.4090 0.3778
vn -0.9326 0.3149 0.1766
vn -0.2923 -0.4294 -0.8545
vn -0.9643 0.1043 -0.2435
vn -0.9195 0.3466 0.1852
vn -0.7217 -0.2040 -0.6615
vn -0.0263 -0.5036 -0.8635
vn -0.5945 -0.2907 -0.7497
vn -0.6337 0.4972 0.5927
vn -0.9654 0.1835 -0.1852
vn -0.8281 0.4980 0.2572
vn -0.9087 0.3502 0.2273
vn -0.5546 0.8116 -0.1834
vn -0.5454 -0.4134 0.7291
vn -0.9778 0.1903 -0.0881
vn -0.3140 -0.9273 -0.2040
vn 0.3019 0.4125 -0.8595
vn 0.0859 -0.5258 -0.8462
vn -0.0486 -0.5027 -0.8631
vn -0.2871 0.5319 0.7966
vn -0.5738 0.2713 0.7727
vn -0.5861 0.7852 0.1997
vn -0.9775 0.1806 -0.1093
vn -0.7902 -0.1537 -0.5933
vn -0.9174 0.3471 0.1945
vn -0.9732 -0.2299 -0.0034
vn -0.6222 -0.5607 0.5463
vn -0.1914 -0.4661 -0.8638
vn -0.5376 -0.3282 -0.7767
vn 0.2086 -0.5389 -0.8161
vn 0.1481 -0.5339 -0.8325
vn 0.0968 -0.5282 -0.8436
vn -0.8014 0.4416 0.4034
vn -0.8524 0.4088 0.3260
vn -0.7118 0.4829 0.5100
vn -0.7431 0.4707 0.4757
vn -0.5377 -0.3281 -0.7767
vn -0.7864 -0.1598 -0.5967
vn -0.9454 0.3051 0.1149
vn -0.9775 0.1807 -0.1092
vn -0.0487 -0.5027 -0.8631
vn -0.5376 -0.3281 -0.7768
vn -0.1741 -0.4726 -0.8639
vn -0.9723 0.2332 -0.0145
vn -0.9453 0.3052 0.1150
vn -0.6532 -0.7387 0.1662
vn -0.8686 0.4186 0.2650
vn -0.7696 0.4725 0.4294
vn -0.8309 0.4230 0.3615
vn -0.9723 0.2332 -0.0144
vn -0.0938 -0.4940 -0.8644
vn -0.6327 -0.2758 -0.7236
vn 0.0967 -0.5282 -0.8436
vn 0.1262 -0.5324 -0.8371
vn -0.7802 0.4536 0.4307
vn -0.7977 0.5162 -0.3119
vn -0.3796 0.5958 0.7077
vn -0.5858 0.5185 0.6229
vn -0.5607 0.5234 0.6416
vn -0.7037 0.4850 0.5193
vn -0.6045 0.5144 0.6083
vn -0.9365 0.2025 0.2863
vn -0.5645 0.7684 -0.3016
vn -0.5521 0.5251 0.6476
vn 0.1560 -0.5361 -0.8296
vn -0.3596 -0.4133 -0.8366
vn -0.8309 0.4230 0.3616
vn -0.8948 0.3758 0.2411
vn -0.7069 0.4305 -0.5612
vn -0.4200 -0.2678 0.8671
vn -0.9723 0.2331 -0.0144
vn 0.0004 -0.5146 -0.8574
vn 0.1261 -0.5324 -0.8370
vn 0.2845 -0.5439 -0.7895
vn -0.0937 -0.4940 -0.8644
vn 0.2363 -0.5421 -0.8064
vn -0.8752 -0.0938 -0.4747
vn -0.9773 0.1540 -0.1451
vn -0.9313 0.3248 0.1648
vn -0.4432 0.5431 0.7132
vn -0.6413 0.6276 0.4414
vn -0.2125 -0.4579 -0.8632
vn -0.1291 -0.4815 -0.8669
vn -0.5264 -0.3378 -0.7803
vn -0.4356 -0.3777 -0.8170
vn 0.0650 -0.5298 -0.8456
vn 0.1378 -0.5327 -0.8350
vn 0.5078 -0.2609 -0.8210
vn 0.0788 -0.3206 -0.9439
vn -0.3089 0.9357 -0.1705
vn -0.1622 -0.0790 0.9836
vn -0.6047 0.7086 -0.3637
vn 0.1560 -0.5362 -0.8296
vn -0.7835 0.4501 0.4284
vn -0.9133 0.3500 0.2081
vn -0.6044 0.5144 0.6083
vn -0.7036 0.4850 0.5193
vn -0.8101 -0.1357 -0.5703
vn -0.7989 0.1353 -0.5861
vn -0.8970 -0.1366 -0.4205
vn -0.6326 -0.2759 -0.7237
vn -0.0938 -0.4941 -0.8644
vn -0.1740 -0.4726 -0.8639
vn -0.8015 0.4415 0.4034
vn -0.7119 0.4828 0.5100
vn -0.1741 -0.4727 -0.8639
vn -0.9774 0.1808 -0.1092
vn -0.9453 0.3053 0.1149
vn -0.7864 -0.1597 -0.5967
vn -0.9784 0.1838 -0.0943
vn -0.7450 -0.2235 0.6285
vn -0.9856 -0.0409 0.1640
vn 0.4992 -0.5739 -0.6492
vn 0.4583 -0.3721 -0.8072
vn 0.3541 -0.6929 -0.6281
vn 0.4849 -0.5301 -0.6957
vn 0.3892 -0.2976 -0.8718
vn 0.2635 -0.6956 -0.6683
vn -0.6512 -0.2505 -0.7163
vn -0.5555 -0.6194 0.5548
vn -0.9524 -0.3014 -0.0447
vn -0.3675 0.5437 0.7545
vn -0.6357 -0.5961 0.4905
vn -0.2058 0.7665 0.6083
vn -0.0486 -0.5026 -0.8631
vn 0.3690 -0.5410 -0.7557
vn 0.4732 -0.4595 -0.7516
vn 0.3219 -0.4061 -0.8553
vn 0.2711 -0.7110 -0.6489
vn -0.0656 -0.5040 -0.8612
vn 0.5994 -0.4251 -0.6782
vn 0.3243 -0.5673 -0.7569
vn 0.1671 -0.5203 -0.8375
vn 0.4314 -0.4934 -0.7553
vn 0.3556 -0.5113 -0.7824
vn -0.8804 0.4529 -0.1406
vn -0.9928 0.0429 0.1118
vn -0.8257 0.4731 -0.3074
vn -0.7574 -0.1871 -0.6256
vn -0.9411 0.3376 -0.0199
vn -0.9814 0.0755 0.1766
vn -0.7031 0.4987 0.5070
vn 0.1025 0.7783 0.6195
vn -0.2200 0.2697 0.9375
vn -0.8489 0.4102 0.3333
vn -0.9188 0.1308 -0.3725
vn -0.9692 0.1347 -0.2061
vn -0.9195 0.3467 0.1853
vn -0.6416 0.6507 0.4061
vn -0.3897 0.4173 0.8210
vn -0.4118 0.1465 0.8994
vn -0.6140 0.5061 0.6057
vn -0.7709 0.5398 0.3380
vn -0.9226 0.3433 0.1761
vn -0.8186 0.4339 0.3763
vn -0.0499 -0.4990 -0.8652
vn -0.1537 -0.6448 0.7488
vn 0.4256 0.7934 -0.4352
vn -0.8895 -0.0392 -0.4552
vn -0.1950 -0.9372 -0.2891
vn 0.3807 -0.2338 -0.8947
vn -0.7622 -0.1096 -0.6381
vn -0.3441 -0.2986 -0.8902
vn -0.6797 -0.1375 -0.7205
vn -0.9304 0.3262 0.1673
vn -0.7633 -0.1680 -0.6239
vn -0.9226 0.3433 0.1762
vn -0.7164 -0.1922 -0.6707
vn -0.3096 -0.3438 -0.8865
vn -0.1044 -0.7335 -0.6716
vn -0.9752 0.1763 -0.1340
vn -0.2102 -0.4530 -0.8664
vn 0.9177 -0.0331 0.3959
vn 0.0392 -0.1737 0.9840
vn 0.3932 0.7510 0.5305
vn -0.5950 0.5144 0.6176
vn 0.1206 0.9041 -0.4099
vn -0.1453 0.9892 -0.0191
vn -0.9689 -0.1285 0.2114
vn -0.7734 -0.1539 -0.6150
vn -0.9700 0.2431 0.0048
vn -0.6948 0.4161 0.5867
vn -0.5028 -0.3231 -0.8018
vn -0.0938 -0.4781 -0.8733
vn 0.0318 -0.9956 0.0882
vn -0.6183 0.6481 0.4446
vn -0.5228 0.7752 0.3546
vn -0.9439 0.0773 -0.3210
vn 0.9854 -0.0463 -0.1641
vn 0.1861 -0.8887 0.4190
vn 0.3030 -0.9196 0.2500
vn -0.5786 0.7558 0.3066
vn 0.7891 -0.0126 0.6141
vn 0.8731 0.1820 0.4523
vn 0.6627 0.0105 0.7489
vn 0.5213 0.8523 -0.0439
vn 0.9502 0.1036 -0.2939
vn 0.5270 0.7152 -0.4592
vn 0.7590 0.3815 -0.5276
vn 0.9186 0.2542 -0.3025
vn 0.9470 0.1288 -0.2943
vn 0.4201 0.1073 -0.9011
vn 0.1669 0.3535 -0.9204
vn 0.6039 0.4472 -0.6597
vn 0.8710 0.3641 -0.3298
vn 0.5720 0.8048 -0.1584
vn -0.6012 0.4526 -0.6585
vn -0.7430 0.3776 -0.5526
vn -0.8671 0.3720 -0.3312
vn -0.9565 0.1205 -0.2657
vn -0.9147 0.2579 -0.3112
vn -0.6186 0.7707 -0.1530
vn -0.1821 0.3373 -0.9236
vn 0.2564 0.8956 -0.3636
vn -0.0007 1.0000 0.0003
vn -0.2847 0.8786 -0.3834
vn -0.0013 1.0000 0.0006
vn -0.0002 1.0000 0.0004
vn -0.0003 1.0000 0.0003
vn 0.0020 1.0000 0.0009
vn -0.0004 1.0000 -0.0001
vn 0.0005 1.0000 -0.0000
vn -0.2495 0.1927 -0.9490
vn -0.4426 -0.0590 -0.8948
vn -0.9821 -0.0435 -0.1835
vn -0.5060 -0.1090 0.8556
vn 0.6835 -0.0770 0.7259
vn 0.9978 -0.0499 0.0442
vn 0.7126 -0.6696 0.2091
vn 0.7378 -0.6257 -0.2533
vn 0.5294 -0.0575 -0.8464
vn -0.4295 -0.8116 -0.3960
vn -0.5213 -0.8526 0.0364
vn -0.0043 -0.9995 -0.0299
vn 0.1019 -0.9546 -0.2797
vn 0.3179 -0.8590 0.4013
vn 0.5887 -0.8084 -0.0020
vn 0.0008 -1.0000 -0.0072
vn 0.4045 -0.8131 -0.4186
vn 0.0040 -0.9991 -0.0419
vn -0.0140 -0.7841 -0.6205
vn 0.0570 -0.9859 0.1573
vn 0.3369 -0.6247 -0.7045
vn -0.5932 -0.6096 0.5259
vn -0.4795 -0.6185 -0.6225
vn 0.5103 -0.6222 -0.5937
vn 0.7881 -0.1387 0.5997
vn -0.5696 -0.1117 0.8143
vn 0.4938 -0.1219 0.8610
vn 0.9761 -0.1024 -0.1917
vn 0.4418 -0.1049 -0.8910
vn -0.5289 -0.1687 -0.8317
vn -0.6986 -0.6511 -0.2967
vn -0.7309 -0.5852 0.3512
vn -0.9806 -0.1107 0.1616
vn -0.4820 -0.8740 0.0615
vn -0.2830 -0.9574 -0.0567
vn 0.0047 -0.9996 -0.0295
vn -0.5774 -0.8161 -0.0233
vn -0.2926 -0.8661 0.4052
vn 0.0009 -1.0000 -0.0087
vn 0.4932 -0.8664 -0.0786
vn -0.0002 -0.9908 0.1351
vn -0.0796 -0.9588 -0.2726
vn -0.3032 -0.8354 -0.4584
vn 0.1849 -0.8176 -0.5452
vn -0.3387 -0.6258 -0.7027
vn -0.7265 -0.1444 0.6718
vn -0.5094 -0.6129 -0.6040
vn 0.4514 -0.6119 -0.6495
vn 0.6286 -0.6137 0.4777
vn 0.6031 0.6521 0.4595
vn 0.7381 0.6456 -0.1960
vn -0.0258 0.6295 0.7765
vn 0.2371 0.6183 -0.7493
vn -0.5860 0.6369 -0.5010
vn -0.6991 0.6320 0.3345
vn -0.0043 -0.0058 1.0000
vn 0.9993 -0.0133 0.0339
vn 0.0057 -0.0310 -0.9995
vn -0.9988 -0.0181 0.0450
vn -0.1473 0.6716 -0.7261
vn -0.7988 0.5817 0.1537
vn 0.0001 1.0000 0.0004
vn -0.0001 1.0000 0.0004
vn 0.7881 0.5857 0.1891
vn 0.1463 0.6833 -0.7154
vn -0.0000 1.0000 -0.0063
vn -0.0000 0.9999 0.0160
vn -0.6415 -0.2872 0.7114
vn 0.7088 -0.1529 0.6886
vn 0.8687 -0.2470 -0.4293
vn 0.5687 -0.6913 0.4458
vn -0.9100 -0.2068 -0.3594
vn -0.5275 -0.7922 0.3068
vn 0.6466 -0.7628 -0.0097
vn -0.6028 -0.7907 -0.1067
vn 0.3422 -0.9379 0.0573
vn -0.6599 -0.7252 -0.1965
vn 0.6226 -0.7428 -0.2462
vn 0.4805 0.1226 -0.8684
vn 0.2479 0.2643 -0.9320
vn 0.0755 0.2696 -0.9600
vn -0.5273 0.0769 -0.8462
vn -0.1576 0.2776 -0.9477
vn 0.6915 0.0935 -0.7163
vn -0.6911 0.1669 -0.7032
vn 0.8463 -0.0957 -0.5240
vn 0.5647 -0.0198 0.8251
vn 0.9204 0.1732 -0.3505
vn 0.4331 0.5700 0.6983
vn 0.4051 0.8501 0.3364
vn 0.8407 0.3456 -0.4170
vn 0.6542 0.7311 -0.1936
vn -0.1374 -0.5844 0.7997
vn 0.7213 -0.6612 -0.2064
vn -0.8696 0.1751 -0.4617
vn 0.0737 0.5704 0.8180
vn -0.4229 0.1099 0.8995
vn -0.8859 -0.1252 -0.4466
vn -0.3364 -0.5392 0.7721
vn -0.3979 -0.8528 0.3382
vn -0.8436 -0.3421 -0.4138
vn -0.7195 0.6577 -0.2231
vn -0.5438 0.7627 -0.3502
vn 0.5586 0.6315 0.5377
vn 0.9287 0.1968 -0.3144
vn 0.5231 0.8330 -0.1804
vn 0.4258 0.8580 0.2873
vn 0.6902 -0.1631 -0.7050
vn 0.4820 -0.0571 -0.8743
vn 0.6783 0.0613 0.7322
vn -0.4170 0.9079 0.0434
vn -0.9214 0.2452 -0.3015
vn -0.5887 0.6183 0.5207
vn -0.4733 0.8282 0.3003
vn -0.7104 0.0940 0.6975
vn -0.6960 -0.0925 -0.7121
vn -0.4716 -0.0940 -0.8768
vn 0.5235 -0.7425 0.4179
vn 0.7683 -0.4076 -0.4936
vn -0.7660 -0.4466 -0.4623
vn -0.4372 -0.7709 0.4632
vn -0.2138 -0.5394 -0.8144
vn 0.2108 -0.4845 -0.8490
vn -0.0822 -0.5192 -0.8507
vn -0.0058 -0.5139 -0.8578
vn -0.5425 0.0923 -0.8350
vn -0.3573 -0.5062 -0.7849
vn -0.3430 0.2458 -0.9066
vn 0.1912 -0.0063 -0.9815
vn 0.1392 -0.0731 -0.9876
vn 0.0117 -0.3524 -0.9358
vn -0.2198 0.4410 -0.8702
vn -0.2679 -0.0681 -0.9610
vn -0.0471 0.9977 -0.0481
vn -0.9945 0.0597 -0.0859
vn 0.9790 0.1942 -0.0621
vn 0.9603 0.2787 0.0100
vn 0.5002 -0.8630 -0.0711
vn 0.3976 -0.5853 -0.7066
vn 0.0635 -0.8795 -0.4716
vn -0.5076 -0.8600 -0.0514
vn -0.0157 0.9993 0.0350
vn -0.0018 0.9986 -0.0524
vn 0.9575 0.2882 0.0151
vn 0.4326 -0.8984 -0.0752
vn 0.9951 0.0687 -0.0709
vn 0.6827 -0.7305 0.0161
vn -0.4814 -0.8735 -0.0730
vn -0.1013 -0.9246 -0.3673
vn -0.4630 -0.5451 -0.6989
vn -0.9914 0.0988 -0.0862
vn -0.0001 -0.0000 -1.0000
vn -0.0002 -0.0000 -1.0000
vn -0.3509 -0.9339 -0.0680
vn 0.9004 -0.4332 -0.0405
vn 0.3161 -0.9380 0.1425
vn -0.9098 0.3930 -0.1336
vn -0.9762 -0.1864 0.1111
vn 0.5717 0.8091 -0.1363
vn -0.2329 0.9724 0.0109
vn 0.9020 0.4160 0.1159
vn -0.0012 0.0036 1.0000
vn -0.0016 0.0131 0.9999
vn 0.0001 -0.0020 1.0000
vn -0.0000 -0.0017 1.0000
vn 0.0013 0.0115 0.9999
vn 0.0030 0.0007 1.0000
vn -0.0030 0.0006 1.0000
vn 0.4900 -0.8683 -0.0770
vn 0.8637 0.5021 -0.0440
vn 0.3686 -0.9283 0.0491
vn -0.8115 -0.5843 -0.0093
vn -0.6360 0.7634 -0.1133
vn -0.9851 -0.1228 0.1205
vn -0.2153 0.9764 0.0188
vn 0.9235 0.3760 0.0755
vn 0.0002 -0.0000 -1.0000
vn 0.0001 -0.0000 -1.0000
vn 0.3701 -0.6253 -0.6871
vn 0.4537 -0.3593 -0.8155
vn 0.6624 -0.3113 -0.6814
vn 0.3741 -0.7537 -0.5404
vn 0.1587 -0.8984 -0.4095
vn -0.3594 -0.4857 -0.7968
vn -0.3203 -0.7703 -0.5514
vn -0.7160 -0.3409 -0.6092
vn -0.4969 -0.3041 -0.8128
vn -0.2569 -0.4809 -0.8383
vn 0.2295 -0.3271 -0.9167
vn 0.0234 -0.3702 -0.9286
vn -0.0737 -0.9030 -0.4232
vn -0.3501 -0.3088 -0.8843
vn 0.7047 0.2466 -0.6652
vn 0.4197 0.3670 -0.8302
vn -0.7089 0.2937 -0.6413
vn -0.5394 0.4107 -0.7351
vn -0.2121 0.3730 -0.9033
vn 0.0202 0.3916 -0.9199
vn 0.3112 0.4274 -0.8489
vn -0.4065 0.6107 -0.6796
vn -0.2954 0.8301 -0.4729
vn 0.3309 0.5781 -0.7459
vn 0.2568 0.8299 -0.4953
vn -0.0069 0.7418 -0.6706
vn -0.1338 0.9134 -0.3845
vn 0.0739 0.9037 -0.4217
vn -0.0179 0.9996 0.0207
vn -0.0412 0.9985 0.0366
vn -0.0522 0.9986 0.0116
vn -0.0410 0.9991 0.0067
vn -0.0649 0.9978 -0.0157
vn 0.0850 0.8179 0.5690
vn -0.0629 0.9933 0.0966
vn 0.0321 0.9994 -0.0093
vn 0.0740 0.9963 -0.0435
vn 0.1274 0.9918 -0.0031
vn -0.0409 0.9960 -0.0788
vn -0.0083 0.9994 -0.0338
vn -0.0184 0.9997 -0.0182
vn -0.0599 0.9977 -0.0318
vn -0.0385 0.9993 -0.0042
vn -0.0069 0.6790 0.7341
vn 0.0158 0.9996 0.0229
vn 0.0364 0.9993 0.0049
vn 0.0704 0.9967 0.0396
vn 0.1000 0.9927 -0.0669
vn 0.0039 0.9995 -0.0315
vn 0.0172 0.9977 -0.0649
vn 0.0654 0.9929 0.0991
vn -0.0994 0.8131 0.5736
vn 0.0236 0.9994 0.0246
vn -0.0379 0.6111 -0.7907
vn 0.2553 0.0710 -0.9643
vn -0.3634 0.1272 -0.9229
vn -0.4812 0.6344 -0.6050
vn -0.8121 0.0712 -0.5792
vn -0.6999 0.6580 -0.2778
vn -0.9839 0.0420 -0.1735
vn -0.7413 0.6697 0.0447
vn -0.9661 0.0395 0.2550
vn -0.6572 0.6612 0.3617
vn -0.7581 0.0763 0.6477
vn -0.3729 0.6575 0.6547
vn -0.3696 0.0223 0.9289
vn 0.0801 0.0513 0.9955
vn 0.3100 0.6606 0.6838
vn 0.5862 0.0297 0.8096
vn 0.5722 0.6648 0.4802
vn 0.8807 0.0298 0.4727
vn 0.7345 0.6493 0.1972
vn 0.9986 0.0439 -0.0311
vn 0.7322 0.6561 -0.1829
vn 0.7780 0.0221 -0.6279
vn 0.3966 0.6339 -0.6639
vn 0.6226 0.6758 -0.3945
vn -0.0367 0.6528 0.7566
vn -0.0024 -0.6692 0.7430
vn -0.2984 -0.8825 0.3636
vn 0.2978 -0.8768 0.3777
vn -0.5451 0.8176 0.1855
vn -0.5705 -0.5721 0.5893
vn -0.5697 0.5850 0.5772
vn 0.5559 0.8094 0.1894
vn 0.5778 0.5972 0.5563
vn 0.5642 -0.5642 0.6028
vn 0.5900 0.5892 0.5520
vn 0.6739 0.0465 0.7374
vn 0.7346 0.6673 -0.1226
vn 0.7280 -0.6784 -0.0992
vn 0.6725 -0.6502 -0.3535
vn 0.8011 0.4080 -0.4378
vn 0.3125 -0.5100 0.8014
vn -0.3461 0.6597 0.6671
vn 0.5097 0.6781 0.5295
vn 0.7062 0.6457 -0.2905
vn 0.8729 -0.4878 -0.0080
vn -0.0707 0.6705 -0.7385
vn 0.3007 -0.6017 -0.7399
vn -0.7327 0.6691 -0.1245
vn -0.7202 -0.5625 -0.4060
vn -0.5670 -0.5014 0.6535
vn -0.5737 0.5788 0.5795
vn -0.6962 0.0118 0.7178
vn -0.9993 -0.0369 0.0010
vn -0.7402 -0.6460 -0.1862
vn -0.9892 0.0195 -0.1453
vn -0.8603 -0.0235 -0.5092
vn -0.5964 -0.6950 -0.4017
vn 0.5637 0.8259 0.0121
vn 0.1508 0.9603 -0.2346
vn 0.6452 -0.5425 -0.5379
vn -0.4238 0.6895 -0.5874
vn -0.3993 -0.6361 -0.6603
vn -0.2966 0.9168 -0.2673
vn 0.0987 0.9901 0.1003
vn -0.8023 -0.5123 0.3063
vn 0.3382 0.6514 0.6792
vn 0.0707 -0.5054 0.8600
vn 0.7595 -0.4735 0.4460
vn -0.0613 0.0180 -0.9980
vn -0.0011 0.0077 -1.0000
vn -0.4476 0.2495 -0.8587
vn -0.2148 -0.1421 -0.9663
vn -0.5753 -0.1089 -0.8107
vn 0.5748 -0.0743 -0.8149
vn 0.1832 0.7571 -0.6271
vn 0.3737 0.3857 -0.8436
vn 0.7029 -0.0138 -0.7112
vn 0.7581 0.1412 -0.6366
vn 0.7756 -0.0675 -0.6276
vn -0.7367 0.1569 -0.6577
vn -0.1213 0.7513 -0.6487
vn -0.4201 -0.7513 -0.5090
vn 0.1635 0.5932 -0.7882
vn 0.8697 -0.4548 -0.1919
vn -0.0340 -0.6008 -0.7987
vn -0.6129 0.6772 -0.4071
vn -0.2183 0.9624 0.1618
vn -0.8099 -0.5802 0.0862
vn 0.0008 0.8234 0.5674
vn 0.1169 -0.5673 0.8152
vn -0.0448 0.8802 0.4726
vn 0.2065 0.9762 0.0668
vn 0.3977 -0.6145 0.6814
vn 0.1101 0.9648 -0.2387
vn 0.6362 -0.5939 -0.4925
vn -0.2221 0.9462 -0.2351
vn -0.2665 -0.5378 -0.7998
vn -0.4980 -0.6393 0.5860
vn -0.7981 -0.5981 -0.0733
vn 0.2008 0.7977 0.5687
vn 0.2703 0.9625 0.0225
vn 0.7883 -0.5840 0.1938
vn 0.2492 0.7124 -0.6561
vn 0.2899 0.5281 -0.7982
vn -0.6560 0.6594 -0.3671
vn -0.5311 0.6322 0.5641
vn -0.7567 -0.5447 0.3615
vn -0.0033 -0.4449 0.8956
vn -0.4615 -0.6150 -0.6394
vn 0.2846 -0.9056 -0.3146
vn -0.1451 0.9682 -0.2039
vn -0.0003 0.9999 0.0138
vn 0.0021 1.0000 0.0059
vn 0.0076 1.0000 0.0009
vn -0.2115 0.9675 -0.1385
vn 0.0052 1.0000 0.0031
vn -0.1792 0.9728 -0.1472
vn -0.0950 0.9774 -0.1889
vn 0.0014 0.9999 0.0157
vn -0.0091 0.9999 0.0067
vn 0.1984 0.9743 -0.1064
vn 0.0057 1.0000 -0.0005
vn 0.0048 1.0000 -0.0042
vn -0.0004 1.0000 0.0012
vn -0.0381 0.9608 0.2747
vn -0.0015 1.0000 -0.0049
vn 0.0009 1.0000 0.0025
vn 0.0014 1.0000 -0.0068
vn -0.0031 1.0000 -0.0065
vn -0.0002 1.0000 0.0021
vn -0.0003 1.0000 0.0008
vn 0.1326 0.9790 0.1548
vn 0.0704 0.9461 0.3160
vn 0.0030 1.0000 0.0001
vn 0.0005 1.0000 -0.0027
vn 0.0042 1.0000 -0.0037
vn -0.0028 1.0000 -0.0011
vn -0.0029 0.9993 0.0372
vn 0.0025 1.0000 0.0048
vn -0.0168 0.9999 0.0014
vn -0.0027 1.0000 0.0002
vn 0.0060 1.0000 0.0005
vn 0.1333 0.9585 0.2520
vn -0.4879 0.8416 -0.2315
vn 0.0981 0.9716 -0.2152
vn -0.3765 0.0373 -0.9257
vn 0.8026 -0.0111 -0.5964
vn -0.6347 -0.2126 -0.7430
vn -0.9405 0.0254 0.3387
vn 0.4147 0.0681 0.9074
vn -0.3509 -0.2066 0.9133
vn 0.9749 -0.1964 -0.1051
vn -0.2938 -0.8602 0.4168
vn -0.7930 0.1343 -0.5942
vn -0.9965 -0.0766 0.0344
vn 0.3522 -0.8852 0.3038
vn -0.0653 -0.1294 0.9894
vn 0.3249 -0.8729 -0.3640
vn 0.9883 -0.1301 -0.0791
vn -0.0895 -0.0826 -0.9926
vn -0.2345 0.6568 0.7167
vn 0.7315 0.6262 0.2698
vn 0.4643 -0.5801 0.6693
vn 0.8564 -0.4913 -0.1586
vn 0.0907 -0.5830 -0.8074
vn -0.7736 -0.5844 0.2450
vn -0.2752 -0.4788 0.8337
vn -0.4801 -0.5727 -0.6645
vn 0.7647 -0.6397 0.0775
vn 0.0341 -0.5690 -0.8217
vn -0.6837 0.6690 0.2917
vn -0.7800 -0.6228 0.0606
vn 0.0591 -0.6044 0.7945
vn 0.7159 0.6771 0.1702
vn 0.7698 -0.5427 0.3360
vn 0.4401 0.6551 -0.6141
vn 0.7252 -0.5221 -0.4489
vn -0.0980 -0.5344 -0.8395
vn -0.8003 -0.5993 -0.0202
vn -0.0062 -0.5416 0.8406
vn 0.4375 0.6903 0.5763
vn 0.8344 -0.5510 0.0063
vn 0.4948 -0.4915 0.7167
vn -0.5720 -0.6145 -0.5432
vn 0.4292 -0.4914 -0.7578
vn -0.5592 0.7107 0.4269
vn -0.5506 -0.6246 0.5537
vn -0.0616 -0.9694 0.2375
vn 0.0012 -1.0000 -0.0009
vn 0.0051 -1.0000 -0.0060
vn 0.1334 -0.9807 -0.1429
vn 0.0039 -1.0000 -0.0062
vn 0.0053 -1.0000 -0.0067
vn 0.2389 -0.9573 0.1629
vn -0.0011 -1.0000 0.0037
vn 0.0003 -0.9949 0.1005
vn -0.0035 -1.0000 0.0073
vn -0.0303 -0.9995 0.0097
vn -0.0399 -0.9984 0.0392
vn 0.0019 -1.0000 -0.0001
vn 0.0021 -1.0000 -0.0005
vn 0.3948 -0.9101 0.1262
vn 0.0622 -0.9965 -0.0566
vn 0.0413 -0.9608 -0.2742
vn 0.1127 -0.9549 0.2746
vn 0.3936 -0.4949 -0.7746
vn 0.8910 -0.0384 -0.4523
vn 0.9967 -0.0593 0.0562
vn 0.9735 0.0544 -0.2220
vn 0.6964 -0.6682 0.2617
vn 0.5213 -0.5640 0.6404
vn 0.1386 -0.4402 0.8871
vn -0.5640 -0.3427 0.7513
vn -0.5110 -0.7806 0.3600
vn -0.8934 -0.3784 0.2422
vn -0.6513 -0.7520 -0.1015
vn -0.8255 0.0222 -0.5639
vn -0.5928 -0.8009 -0.0845
vn -0.3349 -0.7503 -0.5700
vn -0.1421 -0.2236 -0.9643
vn -0.3497 -0.7968 -0.4927
vn -0.0646 -0.8083 0.5853
vn 0.0172 0.9997 -0.0176
vn 0.0837 0.8142 -0.5745
vn -0.0104 0.9999 0.0055
vn 0.4816 0.8113 0.3314
vn -0.3186 0.7337 -0.6001
vn 0.0079 0.9998 -0.0162
vn 0.0264 0.9996 0.0090
vn 0.5512 0.8051 0.2193
vn 0.6761 0.7351 -0.0502
vn -0.1023 0.8065 -0.5824
vn -0.0126 0.9998 0.0123
vn -0.0219 0.9993 -0.0295
vn -0.5067 0.7589 -0.4090
vn 0.5049 0.7767 -0.3766
vn -0.6650 0.6852 0.2971
vn -0.0329 0.9994 -0.0067
vn -0.4780 0.8042 0.3533
vn -0.0097 0.9994 0.0340
vn 0.3139 0.7342 -0.6020
vn -0.0096 0.6100 -0.7923
vn -0.2580 0.7683 0.5858
vn -0.6175 0.7826 -0.0787
vn 0.3364 0.7510 0.5681
vn 0.6899 0.6117 0.3870
vn 0.0203 0.9997 -0.0115
vn 0.0683 0.7609 0.6453
vn -0.6808 0.6100 0.4054
vn 0.0569 -0.1973 -0.9787
vn -0.0086 -0.9997 -0.0210
vn -0.0399 -0.9988 -0.0297
vn 0.0670 -0.5228 -0.8498
vn -0.0572 -0.6193 -0.7831
vn -0.0288 -0.1596 -0.9868
vn 0.0191 0.0310 -0.9993
vn -0.9946 0.0321 0.0983
vn 0.0038 0.0658 -0.9978
vn -0.9806 -0.1879 -0.0556
vn 0.9956 0.0889 0.0297
vn 0.6580 -0.1778 -0.7317
vn 0.4184 -0.1433 0.8969
vn 0.0615 -0.0101 0.9981
vn -0.4755 0.8101 -0.3429
vn -0.4359 0.8152 -0.3814
vn -0.5102 0.8064 -0.2991
vn 0.4915 0.8103 -0.3192
vn 0.5240 0.8066 -0.2737
vn 0.4539 0.8152 -0.3597
vn -0.5367 -0.7308 0.4218
vn -0.6506 -0.6868 0.3241
vn -0.0348 -0.9993 0.0134
vn -0.8668 0.0264 0.4979
vn -0.9125 -0.1906 0.3619
vn -0.8749 0.0333 0.4831
vn -0.5139 0.1102 0.8507
vn -0.3968 0.1598 -0.9039
vn -0.8887 -0.1128 0.4444
vn 0.9761 0.0379 0.2140
vn 0.9050 -0.0695 0.4196
vn -0.0011 -0.0048 -1.0000
vn -0.6859 0.7275 -0.0147
vn -0.6842 0.7257 -0.0722
vn -0.6793 0.7328 0.0386
vn 0.3543 0.7649 0.5381
vn 0.3024 0.7738 0.5566
vn 0.4035 0.7576 0.5131
vn 0.0108 -0.9998 0.0150
vn 0.0144 -0.9989 0.0457
vn 0.6036 -0.6470 0.4659
vn 0.9120 -0.1555 0.3795
vn 0.8641 -0.2812 0.4174
vn 0.8384 -0.1161 0.5326
vn 0.8559 0.0328 0.5162
vn -0.1768 0.0045 0.9842
vn -0.9889 0.0296 -0.1455
vn -0.8419 0.0057 -0.5396
vn -0.5415 0.0174 -0.8405
vn 0.4137 -0.0280 -0.9100
vn 0.6117 0.0001 0.7911
vn 0.2280 0.0268 0.9733
vn 0.8301 0.2478 0.4995
vn 0.7578 0.3407 0.5564
vn -0.1723 0.0322 -0.9845
vn 0.0578 0.1535 -0.9864
vn -0.9480 0.0289 0.3171
vn -0.6284 -0.0129 0.7778
vn 0.2955 0.8673 0.4006
vn 0.6096 0.0787 0.7888
vn -0.7440 0.0664 0.6648
vn -0.0399 -0.1520 0.9876
vn 0.7185 0.0149 -0.6953
vn 0.8769 -0.1621 -0.4525
vn -0.8847 -0.1559 -0.4394
vn -0.6457 -0.0208 -0.7633
vn -0.1997 0.8093 0.5524
vn -0.2531 0.8033 0.5391
vn -0.1444 0.8165 0.5590
vn 0.5525 0.8293 0.0836
s 1
usemtl 0.231373_0.380392_0.705882_0.000000_0.006
f 3//1 2//2 4//3
f 5//4 4//3 6//5
f 5//4 6//5 7//6
f 8//7 7//6 9//8
f 10//9 9//8 11//10
f 12//11 11//10 13//12
f 14//13 13//12 15//14
f 14//13 15//14 16//15
f 1//16 16//15 2//2
f 16//15 1//16 14//13
f 13//12 14//13 12//11
f 11//10 12//11 10//9
f 9//8 10//9 8//7
f 7//6 8//7 5//4
f 4//3 5//4 3//1
f 2//2 3//1 1//16
f 17//17 18//18 8//19
f 18//18 19//20 8//19
f 8//19 10//21 17//17
f 20//22 22//23 12//24
f 5//25 8//19 19//20
f 3//26 5//25 21//27
f 21//27 24//28 3//26
f 5//25 19//20 21//27
f 1//29 3//26 24//28
f 12//24 14//30 20//22
f 12//24 22//23 23//31
f 23//31 10//21 12//24
f 24//28 25//32 1//29
f 10//21 23//31 17//17
f 14//30 1//29 25//32
f 14//30 25//32 20//22
f 26//33 24//28 21//27
f 28//34 20//22 25//35
f 24//28 26//33 25//32
f 20//22 28//34 22//23
f 21//27 19//20 27//36
f 2//2 16//15 4//3
f 6//5 4//3 7//6
f 13//12 11//10 15//14
f 4//37 16//15 29//38
f 7//6 4//37 32//39
f 15//14 11//10 33//40
f 32//39 30//41 7//6
f 16//15 15//14 33//40
f 31//42 33//40 11//10
f 30//41 34//43 9//8
f 9//8 7//6 30//41
f 34//43 31//42 11//10
f 11//10 9//8 34//43
f 33//40 29//38 16//15
f 29//38 32//39 4//37
f 39//44 35//45 32//39
f 35//45 36//46 32//39
f 36//46 37//47 34//43
f 37//47 38//48 31//42
f 38//48 39//44 33//40
f 29//38 33//40 39//44
f 33//40 31//42 38//48
f 31//42 34//43 37//47
f 34//43 30//41 36//46
f 30//41 32//39 36//46
f 32//39 29//38 39//44
f 40//49 41//50 36//51
f 35//52 26//33 27//36
f 36//51 27//36 40//49
f 41//50 37//53 36//51
f 26//33 35//52 39//54
f 42//55 38//56 37//53
f 36//51 35//52 27//36
f 28//57 39//54 38//56
f 38//56 42//55 28//57
f 39//54 28//57 43//58
f 39//54 43//58 26//33
f 37//53 41//50 42//55
f 17//17 41//59 40//60
f 19//20 40//60 27//36
f 25//35 43//58 28//34
f 23//31 42//55 41//59
f 41//59 17//17 23//31
f 42//55 23//31 22//23
f 42//55 22//23 28//57
f 43//58 25//35 26//33
f 27//36 26//33 21//27
f 40//60 19//20 18//18
f 40//60 18//18 17//17
f 988//1322 987//1323 989//1324
f 990//1325 989//1324 991//1326
f 992//1327 991//1326 993//1328
f 992//1327 993//1328 994//1329
f 995//1330 994//1329 996//1331
f 997//1332 996//1331 998//1333
f 997//1332 998//1333 999//1334
f 1000//1335 999//1334 987//1323
f 999//1334 1000//1335 997//1332
f 996//1331 997//1332 995//1330
f 994//1329 995//1330 992//1327
f 991//1326 992//1327 990//1325
f 989//1324 990//1325 988//1322
f 987//1323 988//1322 1000//1335
f 1001//1336 1002//1337 990//1338
f 1003//1339 1001//1336 992//1340
f 990//1338 992//1340 1001//1336
f 1002//1337 1005//1341 990//1338
f 1005//1341 988//1342 990//1338
f 1006//1343 997//1344 1000//1345
f 1004//1346 1007//1347 997//1344
f 1007//1347 995//1348 997//1344
f 1005//1341 1009//1349 988//1342
f 997//1344 1006//1343 1004//1346
f 995//1348 1007//1347 1008//1350
f 1009//1349 1006//1343 1000//1345
f 1009//1349 1000//1345 988//1342
f 995//1348 1008//1350 1003//1339
f 992//1340 995//1348 1003//1339
f 1011//1351 1009//1349 1005//1341
f 1009//1349 1010//1352 1006//1343
f 1009//1349 1011//1351 1010//1352
f 991//1326 989//1324 993//1328
f 987//1323 999//1334 1012//1353
f 993//1328 989//1324 1013//1354
f 994//1329 993//1328 1013//1354
f 999//1334 998//1333 1016//1355
f 996//1331 994//1329 1015//1356
f 1014//1357 1013//1354 989//1324
f 1014//1357 989//1324 987//1323
f 1016//1355 1012//1353 999//1334
f 998//1333 996//1331 1016//1355
f 1012//1353 1014//1357 987//1323
f 1013//1354 1015//1356 994//1329
f 1015//1356 1016//1355 996//1331
f 1021//1358 1017//1359 1012//1353
f 1017//1359 1018//1360 1014//1357
f 1018//1360 1019//1361 1015//1356
f 1019//1361 1020//1362 1015//1356
f 1020//1362 1021//1358 1016//1355
f 1012//1353 1016//1355 1021//1358
f 1016//1355 1015//1356 1020//1362
f 1015//1356 1013//1354 1018//1360
f 1013//1354 1014//1357 1018//1360
f 1014//1357 1012//1353 1017//1359
f 1010//1352 1011//1351 1021//1363
f 1011//1351 1023//1364 1017//1365
f 1022//1366 1019//1367 1018//1368
f 1024//1369 1020//1370 1019//1367
f 1011//1351 1017//1365 1021//1363
f 1023//1364 1022//1366 1018//1368
f 1025//1371 1021//1363 1020//1370
f 1018//1368 1017//1365 1023//1364
f 1019//1367 1022//1366 1024//1369
f 1021//1363 1025//1371 1010//1352
f 1020//1370 1024//1369 1025//1371
f 1001//1336 1022//1372 1023//1373
f 1005//1341 1023//1373 1011//1351
f 1004//1346 1025//1371 1024//1374
f 1008//1350 1024//1374 1022//1372
f 1022//1372 1003//1339 1008//1350
f 1024//1374 1008//1350 1007//1347
f 1024//1374 1007//1347 1004//1346
f 1025//1371 1004//1346 1006//1343
f 1025//1371 1006//1343 1010//1352
f 1023//1373 1005//1341 1002//1337
f 1023//1373 1002//1337 1001//1336
f 1022//1372 1001//1336 1003//1339
usemtl 0.301961_0.301961_0.301961_0.000000_0.021
f 47//61 45//62 44//63
f 47//64 46//65 45//66
f 47//67 44//68 46//69
f 44//70 45//71 49//72
f 46//73 44//70 51//74
f 45//71 46//73 52//75
f 52//75 48//76 45//71
f 51//74 52//75 46//73
f 50//77 51//74 44//70
f 49//72 50//77 44//70
f 48//76 49//72 45//71
f 54//78 53//79 51//80
f 53//79 48//76 52//75
f 49//72 54//78 50//77
f 51//80 50//77 54//78
f 52//75 51//80 53//79
f 56//81 48//76 57//82
f 48//76 53//83 57//82
f 54//78 49//72 58//84
f 54//78 58//84 59//85
f 55//86 59//85 58//84
f 54//78 59//85 60//87
f 56//81 58//84 49//72
f 60//87 53//79 54//78
f 49//72 48//76 56//81
f 59//88 61//89 64//90
f 64//90 60//91 59//88
f 55//86 63//92 62//93
f 61//89 59//88 55//86
f 55//86 62//93 61//89
f 65//94 56//81 57//82
f 66//95 65//94 57//82
f 66//95 57//82 53//83
f 53//83 67//96 66//95
f 64//90 67//96 53//83
f 53//83 60//91 64//90
f 68//97 58//84 56//81
f 56//81 70//98 68//97
f 58//84 68//97 63//92
f 63//92 55//86 58//84
f 63//92 68//97 69//99
f 65//94 70//98 56//81
f 71//100 72//101 70//98
f 70//98 65//94 71//100
f 72//101 71//100 73//102
f 73//102 74//103 72//101
f 75//104 76//105 63//92
f 63//92 69//99 75//104
f 76//105 75//104 99//106
f 99//106 95//107 76//105
f 76//105 95//107 77//108
f 78//109 79//110 87//111
f 79//110 80//112 89//113
f 81//114 82//115 93//116
f 82//115 83//117 90//118
f 83//117 84//119 91//120
f 84//119 78//109 92//121
f 80//112 81//114 94//122
f 92//121 87//111 99//106
f 87//111 88//123 95//107
f 88//123 89//113 77//108
f 89//113 80//112 96//124
f 93//116 82//115 85//125
f 82//115 90//118 97//126
f 90//118 91//120 98//127
f 91//120 84//119 98//127
f 84//119 92//121 99//106
f 96//124 94//122 85//125
f 97//126 98//127 75//104
f 99//106 75//104 98//127
f 75//104 86//128 97//126
f 93//116 85//125 94//122
f 99//106 98//127 84//119
f 98//127 97//126 90//118
f 97//126 85//125 82//115
f 94//122 96//124 80//112
f 96//124 77//108 89//113
f 77//108 95//107 88//123
f 95//107 99//106 87//111
f 93//116 94//122 81//114
f 91//120 90//118 83//117
f 89//113 88//123 79//110
f 88//123 87//111 79//110
f 87//111 92//121 78//109
f 86//128 85//125 97//126
f 86//128 100//129 85//125
f 100//129 77//108 96//124
f 96//124 85//125 100//129
f 101//130 102//131 100//129
f 100//129 86//128 101//130
f 84//132 83//133 103//134
f 83//133 104//135 103//134
f 83//133 82//136 104//135
f 82//136 81//114 104//135
f 80//112 107//137 106//138
f 106//138 81//114 80//112
f 80//112 79//139 107//137
f 78//140 84//132 105//141
f 103//134 105//141 84//132
f 106//138 104//135 81//114
f 79//139 108//142 107//137
f 105//141 108//142 78//140
f 79//139 78//140 108//142
f 109//143 106//144 107//145
f 111//146 107//145 108//147
f 108//147 105//148 112//149
f 105//148 113//150 112//149
f 113//150 105//148 103//151
f 114//152 103//151 104//153
f 115//154 104//153 106//144
f 106//144 109//143 115//154
f 104//153 115//154 114//152
f 103//151 114//152 113//150
f 108//147 112//149 111//146
f 107//145 111//146 110//155
f 107//145 110//155 109//143
f 111//146 116//156 118//157
f 111//146 112//149 116//156
f 117//158 116//156 112//149
f 109//143 110//155 118//157
f 113//150 114//152 117//158
f 117//158 112//149 113//150
f 119//159 117//158 114//152
f 110//155 111//146 118//157
f 118//157 120//160 109//143
f 115//154 120//160 119//159
f 120//160 115//154 109//143
f 119//159 114//152 115//154
f 120//161 125//162 121//163
f 119//164 121//163 122//165
f 117//166 119//164 122//165
f 116//167 123//168 124//169
f 120//161 118//170 125//162
f 124//169 125//162 118//170
f 124//169 118//170 116//167
f 123//168 116//167 117//166
f 122//165 123//168 117//166
f 121//163 119//164 120//161
f 126//171 74//103 73//102
f 127//172 126//171 67//96
f 128//173 127//172 129//174
f 130//175 131//176 132//177
f 134//178 130//175 149//179
f 131//176 128//173 122//180
f 128//173 123//181 122//180
f 128//173 129//174 123//181
f 124//182 129//174 135//183
f 124//182 123//181 129//174
f 132//177 125//184 124//182
f 124//182 135//183 132//177
f 132//177 131//176 125//184
f 131//176 122//180 121//185
f 121//185 125//184 131//176
f 149//179 136//186 134//178
f 133//187 149//179 130//175
f 132//177 133//187 130//175
f 64//90 129//174 127//172
f 67//96 64//90 127//172
f 73//102 67//96 126//171
f 134//178 136//186 137//188
f 137//188 138//189 134//178
f 137//188 139//190 138//189
f 139//190 137//188 141//191
f 140//192 139//190 141//191
f 139//190 140//192 142//193
f 142//193 101//130 143//194
f 142//193 143//194 139//190
f 142//193 144//195 102//131
f 102//131 101//130 142//193
f 144//195 145//196 102//131
f 145//196 144//195 146//197
f 146//197 133//187 145//196
f 149//179 133//187 146//197
f 146//197 147//198 149//179
f 73//102 65//94 66//199
f 66//199 67//96 73//102
f 65//94 73//102 71//100
f 141//191 137//199 148//200
f 136//186 149//179 148//200
f 148//200 137//199 136//186
f 63//92 129//201 62//93
f 64//90 61//89 62//93
f 145//196 133//187 132//177
f 62//93 129//201 64//90
f 77//108 135//202 129//201
f 77//108 100//129 132//177
f 129//201 63//92 76//105
f 129//201 76//105 77//108
f 100//129 102//131 132//177
f 145//196 132//177 102//131
f 132//177 135//202 77//108
f 149//179 147//198 150//203
f 150//203 148//200 149//179
f 150//203 151//204 148//200
f 140//192 141//191 148//200
f 148//200 151//204 140//192
f 152//205 153//206 146//207
f 146//207 144//208 152//205
f 154//209 140//192 150//203
f 152//205 144//208 142//210
f 142//210 154//209 152//205
f 140//192 151//204 150//203
f 142//210 140//192 154//209
f 147//198 146//207 153//206
f 154//209 150//203 157//211
f 150//203 147//198 155//212
f 152//205 154//209 156//213
f 157//211 156//213 154//209
f 153//206 155//212 147//198
f 155//212 157//211 150//203
f 159//214 158//215 152//205
f 160//73 159//214 157//74
f 158//215 160//73 155//216
f 155//216 153//206 158//215
f 157//74 155//216 160//73
f 156//213 157//74 159//214
f 152//205 156//213 159//214
f 153//206 152//205 158//215
f 161//61 158//62 159//63
f 161//64 160//65 158//66
f 161//217 159//218 160//69
f 176//219 134//219 138//219
f 176//219 138//219 139//219
f 139//219 164//219 176//219
f 143//219 165//219 170//219
f 162//220 167//219 101//221
f 169//219 126//219 168//219
f 101//221 86//222 162//220
f 168//219 171//219 169//219
f 163//219 72//219 74//219
f 169//219 74//219 126//219
f 167//219 166//219 101//221
f 162//220 86//222 131//223
f 172//219 69//224 68//219
f 127//172 172//219 126//171
f 74//219 169//219 163//219
f 139//219 170//219 164//219
f 86//222 75//225 131//223
f 68//219 171//219 168//219
f 171//219 68//219 70//219
f 170//219 139//219 143//219
f 166//219 143//219 101//221
f 127//172 69//224 172//219
f 173//219 172//219 68//219
f 130//220 165//219 175//219
f 165//219 143//219 166//219
f 174//219 171//219 70//219
f 163//219 174//219 70//219
f 127//172 128//226 75//225
f 70//219 72//219 163//219
f 168//219 173//219 68//219
f 177//219 175//219 165//219
f 130//220 176//219 165//219
f 75//225 69//224 127//172
f 166//219 177//219 165//219
f 128//226 131//223 75//225
f 162//220 131//223 130//220
f 175//219 162//220 130//220
f 176//219 130//220 134//219
f 167//227 162//228 179//229
f 166//230 167//227 180//231
f 177//232 166//230 180//231
f 175//233 177//232 181//234
f 162//228 175//233 178//235
f 181//234 178//235 175//233
f 180//231 181//234 177//232
f 179//229 180//231 167//227
f 178//235 179//229 162//228
f 182//236 179//237 178//238
f 182//239 180//240 179//241
f 182//242 181//243 180//244
f 182//245 178//246 181//247
f 173//248 168//249 184//250
f 172//251 173//248 184//250
f 126//252 172//251 185//253
f 168//249 126//252 186//254
f 186//254 183//255 168//249
f 185//253 186//254 126//252
f 184//250 185//253 172//251
f 183//255 184//250 168//249
f 187//256 184//257 183//258
f 187//259 185//260 184//261
f 187//262 186//263 185//264
f 187//265 183//266 186//267
f 170//268 165//269 188//270
f 164//271 170//268 189//272
f 176//273 164//271 190//274
f 165//269 176//273 191//275
f 190//274 191//275 176//273
f 189//272 190//274 164//271
f 188//270 189//272 170//268
f 191//275 188//270 165//269
f 192//276 188//277 191//278
f 192//279 189//280 188//281
f 192//282 190//283 189//284
f 192//285 191//286 190//287
f 171//288 174//289 193//290
f 169//291 171//288 194//292
f 163//293 169//291 196//294
f 174//289 163//293 197//295
f 196//294 197//295 163//293
f 195//296 196//294 169//291
f 194//292 195//296 169//291
f 193//290 194//292 171//288
f 197//295 193//290 174//289
f 198//297 193//298 197//299
f 198//300 194//301 193//302
f 198//303 195//304 194//305
f 198//306 196//307 195//308
f 198//309 197//310 196//311
f 203//312 199//313 202//314
f 203//315 200//316 199//317
f 203//318 201//319 200//320
f 203//321 202//322 201//323
f 200//324 201//325 206//326
f 199//327 200//324 204//328
f 201//325 202//329 206//326
f 205//330 206//326 202//329
f 202//329 199//327 205//330
f 204//328 205//330 199//327
f 206//326 204//328 200//324
f 209//219 207//219 206//219
f 207//219 210//219 204//219
f 206//219 205//219 209//219
f 208//219 205//219 204//219
f 204//219 206//219 207//219
f 208//219 209//219 205//219
f 204//219 210//219 208//219
f 210//331 207//332 212//333
f 212//333 211//334 210//331
f 209//335 208//336 213//337
f 213//337 214//338 209//335
f 209//335 214//338 215//339
f 215//339 216//340 212//333
f 212//333 207//332 215//339
f 215//339 207//332 209//335
f 217//341 213//337 211//334
f 208//336 210//331 211//334
f 211//334 213//337 208//336
f 211//334 218//342 217//341
f 212//333 216//340 219//343
f 219//343 220//344 212//333
f 220//344 219//343 221//345
f 221//345 222//346 220//344
f 225//347 229//347 224//347
f 234//347 225//347 224//347
f 231//347 225//347 226//347
f 227//347 228//347 231//347
f 228//347 237//347 231//347
f 227//347 230//347 228//347
f 226//347 227//347 231//347
f 225//347 222//347 229//347
f 236//347 232//347 223//347
f 233//347 221//347 234//347
f 225//347 236//347 235//347
f 230//347 227//347 223//347
f 221//347 230//347 223//347
f 233//347 222//347 221//347
f 235//347 226//347 225//347
f 232//347 221//347 223//347
f 236//347 223//347 235//347
f 221//347 232//347 234//347
f 234//347 236//347 225//347
f 237//347 228//347 222//347
f 234//347 224//347 233//347
f 233//347 229//347 222//347
f 225//347 237//347 222//347
f 228//348 230//349 238//350
f 238//350 239//351 228//348
f 240//352 241//353 239//351
f 239//351 238//350 240//352
f 240//352 242//354 241//353
f 236//355 234//356 243//357
f 232//358 236//355 244//359
f 234//356 232//358 245//360
f 245//360 243//357 234//356
f 244//359 245//360 232//358
f 243//357 244//359 236//355
f 226//361 235//362 246//363
f 227//364 226//361 246//363
f 223//365 227//364 247//366
f 235//362 223//365 248//367
f 248//367 246//363 235//362
f 247//366 248//367 223//365
f 246//363 247//366 227//364
f 237//368 225//369 252//370
f 225//369 231//371 251//372
f 251//372 252//370 225//369
f 250//373 251//372 231//371
f 231//371 237//368 250//373
f 249//374 250//373 237//368
f 252//370 249//374 237//368
f 229//375 233//376 256//377
f 233//376 224//371 255//378
f 255//378 256//377 233//376
f 254//379 255//378 224//371
f 224//371 229//375 254//379
f 253//380 254//379 229//375
f 256//377 253//380 229//375
f 259//381 258//382 260//383
f 258//382 257//384 241//353
f 241//353 242//354 258//382
f 258//382 259//381 257//384
f 262//385 259//381 260//383
f 260//383 261//386 262//385
f 263//387 264//388 241//353
f 241//353 257//384 263//387
f 259//219 266//219 265//219
f 262//219 263//219 267//219
f 257//219 265//219 267//219
f 267//219 263//219 257//219
f 265//219 257//219 259//219
f 262//219 267//219 266//219
f 266//219 259//219 262//219
f 262//385 261//386 264//388
f 268//389 270//390 264//388
f 264//388 261//386 268//389
f 264//388 263//387 262//385
f 270//390 268//389 269//391
f 272//392 271//393 265//394
f 274//395 273//396 267//397
f 271//393 274//395 267//397
f 267//397 265//394 271//393
f 266//398 267//397 273//396
f 273//396 272//392 266//398
f 265//394 266//398 272//392
f 275//399 272//400 273//401
f 275//402 271//403 272//404
f 275//405 274//406 271//407
f 275//408 273//409 274//410
f 218//342 211//334 212//333
f 270//390 239//219 241//353
f 212//333 220//219 218//342
f 218//342 220//219 222//219
f 241//353 264//388 270//390
f 270//390 277//411 228//412
f 228//412 239//219 270//390
f 222//219 228//412 277//411
f 277//411 276//219 222//219
f 222//219 276//219 218//342
f 278//413 279//414 256//415
f 280//416 256//415 279//414
f 282//417 280//416 281//418
f 284//419 282//417 283//420
f 281//418 283//420 282//417
f 279//414 281//418 280//416
f 278//413 276//421 279//414
f 286//422 285//423 283//420
f 286//422 283//420 281//424
f 281//424 279//414 276//421
f 281//424 276//421 286//422
f 276//421 277//425 286//422
f 285//423 252//426 284//419
f 284//419 283//420 285//423
f 249//374 252//370 285//427
f 287//428 249//374 286//429
f 287//428 286//429 288//430
f 288//430 289//431 287//428
f 285//427 286//429 249//374
f 277//425 290//432 288//430
f 277//425 288//430 286//422
f 289//431 288//430 290//432
f 287//428 250//433 249//374
f 280//416 253//434 256//415
f 254//434 282//434 284//434
f 255//434 252//434 291//435
f 291//435 292//436 255//434
f 292//436 278//413 256//415
f 280//416 254//434 253//434
f 254//434 280//416 282//434
f 256//415 255//434 292//436
f 250//433 287//428 289//431
f 252//434 251//434 291//435
f 255//434 254//434 284//434
f 291//435 250//433 289//431
f 255//434 284//434 252//434
f 251//434 250//433 291//435
f 289//431 290//432 291//435
f 294//437 293//438 292//439
f 292//439 291//440 294//437
f 295//441 293//438 294//437
f 294//437 296//442 295//441
f 297//443 295//441 296//444
f 296//444 291//445 297//443
f 298//446 299//447 297//448
f 297//448 291//449 298//446
f 299//447 298//446 301//450
f 301//450 300//451 299//447
f 302//452 300//451 301//450
f 301//450 303//453 302//452
f 303//453 301//450 298//446
f 304//454 302//452 303//453
f 303//453 298//446 304//454
f 305//455 306//447 304//456
f 304//456 298//456 305//455
f 306//447 305//455 308//457
f 308//457 307//451 306//447
f 309//452 307//451 308//457
f 308//457 310//453 309//452
f 310//453 308//457 305//455
f 311//454 309//452 310//453
f 310//453 305//455 311//454
f 312//455 313//447 311//456
f 311//456 305//456 312//455
f 313//447 312//455 315//457
f 315//457 314//458 313//447
f 316//452 314//458 315//457
f 315//457 317//453 316//452
f 317//453 315//457 312//455
f 318//454 316//452 317//453
f 317//453 312//455 318//454
f 319//459 320//434 318//460
f 318//460 312//461 319//459
f 322//462 321//463 320//464
f 320//464 319//465 322//462
f 321//463 322//462 323//466
f 323//466 324//467 321//463
f 325//468 324//467 323//469
f 323//469 319//470 325//468
f 326//471 327//472 325//473
f 325//473 319//434 326//471
f 327//474 326//475 328//476
f 327//474 328//476 329//477
f 329//477 330//478 327//474
f 331//479 330//478 329//469
f 329//469 326//470 331//479
f 332//480 333//481 331//482
f 331//482 326//483 332//480
f 333//481 332//480 334//484
f 335//485 337//486 336//487
f 338//488 336//487 337//486
f 340//489 338//488 339//490
f 337//486 339//490 338//488
f 334//484 341//491 339//490
f 333//481 339//490 337//492
f 339//490 333//481 334//484
f 337//492 335//493 333//481
f 341//491 342//494 340//489
f 340//489 339//490 341//491
f 343//495 342//494 341//491
f 343//495 334//484 344//496
f 344//496 345//497 343//495
f 341//491 334//484 343//495
f 344//496 334//484 332//480
f 332//480 346//498 344//496
f 345//497 344//496 346//499
f 214//199 213//199 348//199
f 347//199 216//199 215//199
f 268//199 240//500 238//199
f 268//199 349//199 240//500
f 215//199 214//199 348//199
f 350//199 217//199 216//199
f 219//199 216//199 217//199
f 269//199 238//199 230//199
f 269//199 268//199 238//199
f 349//199 353//199 240//500
f 260//199 354//199 355//199
f 213//199 217//199 350//199
f 217//199 352//199 221//199
f 350//199 348//199 213//199
f 221//199 219//199 217//199
f 261//199 355//199 351//199
f 348//199 347//199 215//199
f 268//199 351//199 349//199
f 355//199 261//199 260//199
f 258//199 242//199 353//199
f 351//199 268//199 261//199
f 242//199 240//500 353//199
f 216//199 347//199 350//199
f 221//199 352//199 356//199
f 260//199 258//199 354//199
f 356//199 230//199 221//199
f 230//199 356//199 269//199
f 258//199 353//199 354//199
f 352//501 358//502 357//503
f 357//503 356//504 352//501
f 358//502 359//219 357//503
f 359//505 358//506 360//507
f 360//507 361//434 359//505
f 362//508 365//509 348//510
f 363//511 362//508 350//512
f 365//509 364//513 348//510
f 347//514 348//510 364//513
f 364//513 363//511 347//514
f 350//512 347//514 363//511
f 348//510 350//512 362//508
f 366//515 363//516 364//517
f 366//518 362//519 363//520
f 366//521 365//522 362//523
f 366//524 364//525 365//526
f 368//527 367//528 355//529
f 369//530 354//531 353//532
f 370//533 369//530 349//534
f 367//528 370//533 351//535
f 351//535 355//529 367//528
f 349//534 351//535 370//533
f 353//532 349//534 369//530
f 369//530 368//527 354//531
f 355//529 354//531 368//527
f 371//536 368//537 369//538
f 371//539 367//540 368//541
f 371//542 370//543 367//544
f 371//545 369//546 370//547
f 372//548 373//549 360//550
f 352//501 217//341 358//502
f 217//341 333//481 335//493
f 360//551 358//502 217//341
f 217//341 327//474 331//479
f 327//474 330//478 331//479
f 335//493 360//551 217//341
f 217//341 320//464 325//468
f 321//463 324//467 325//468
f 331//479 333//481 217//341
f 325//468 320//464 321//463
f 217//341 313//447 318//454
f 314//458 316//452 318//454
f 325//468 327//474 217//341
f 318//454 313//447 314//458
f 217//341 306//447 311//454
f 307//451 309//452 311//454
f 318//454 320//464 217//341
f 311//454 306//447 307//451
f 217//341 299//447 304//454
f 300//451 302//452 304//454
f 311//454 313//447 217//341
f 304//454 299//447 300//451
f 217//341 292//439 297//443
f 293//438 295//441 297//443
f 304//454 306//447 217//341
f 297//443 292//439 293//438
f 218//342 278//413 292//439
f 297//443 299//447 217//341
f 278//413 218//342 276//421
f 292//439 217//341 218//342
f 360//550 373//549 374//552
f 374//552 361//553 360//550
f 277//425 270//390 290//432
f 291//554 290//432 270//390
f 291//440 296//442 294//437
f 298//555 291//554 270//390
f 305//556 298//555 270//390
f 312//557 305//556 270//390
f 319//558 312//557 270//390
f 319//465 323//466 322//462
f 326//559 319//558 270//390
f 326//475 329//477 328//476
f 270//390 346//498 332//480
f 332//480 326//559 270//390
f 361//560 346//498 270//390
f 361//561 374//562 376//563
f 269//391 359//564 361//560
f 361//560 270//390 269//391
f 356//504 357//503 359//564
f 359//564 269//391 356//504
f 378//565 375//566 372//548
f 372//548 360//550 378//565
f 379//567 376//563 374//562
f 377//568 361//561 376//563
f 376//563 379//567 377//568
f 343//434 345//497 247//434
f 378//434 336//487 245//434
f 246//569 248//434 342//434
f 342//434 343//434 246//569
f 247//434 246//569 343//434
f 336//487 243//434 245//434
f 247//434 361//570 377//568
f 338//434 340//571 244//434
f 244//434 243//434 338//434
f 248//572 247//434 377//568
f 336//487 338//434 243//434
f 244//434 248//434 378//434
f 361//570 247//434 345//497
f 248//434 244//434 340//571
f 245//434 244//434 378//434
f 340//571 342//434 248//434
f 360//573 335//485 336//487
f 336//487 378//434 360//573
f 345//497 346//499 361//570
f 379//567 373//549 375//566
f 373//549 372//548 375//566
f 379//567 374//562 373//549
f 248//572 377//568 379//567
f 378//565 248//572 379//567
f 379//567 375//566 378//565
f 382//574 380//575 381//576
f 384//577 382//574 383//578
f 380//575 384//577 385//579
f 385//579 381//576 380//575
f 383//578 385//579 384//577
f 381//576 383//578 382//574
f 387//580 389//581 385//580
f 381//580 388//580 386//582
f 386//582 383//583 381//580
f 390//199 387//580 385//580
f 389//581 388//580 381//580
f 381//580 385//580 389//581
f 385//580 383//583 390//199
f 383//583 386//582 390//199
f 388//584 391//585 392//586
f 392//586 393//587 386//588
f 390//589 386//588 393//587
f 387//590 390//589 394//591
f 387//590 394//591 395//592
f 395//592 389//593 387//590
f 389//593 395//592 391//585
f 391//585 388//584 389//593
f 393//587 394//591 390//589
f 392//586 386//588 388//584
f 407//594 408//595 412//596
f 408//595 407//594 396//597
f 397//598 407//594 409//599
f 410//600 399//601 398//602
f 398//602 394//591 410//600
f 408//595 410//600 394//591
f 411//603 412//596 400//604
f 412//596 392//605 400//604
f 398//602 391//606 395//592
f 395//592 394//591 398//602
f 392//605 391//606 401//607
f 412//596 393//587 392//605
f 411//603 400//604 402//608
f 411//603 402//608 403//609
f 403//609 404//610 409//599
f 409//599 404//610 405//611
f 397//598 405//611 406//612
f 411//603 409//599 412//596
f 408//595 393//587 412//596
f 411//603 403//609 409//599
f 410//600 408//595 396//597
f 408//595 394//591 393//587
f 409//599 405//611 397//598
f 412//596 409//599 407//594
f 413//613 407//594 397//598
f 407//594 413//613 414//614
f 414//614 396//597 407//594
f 415//615 413//613 397//598
f 397//598 406//612 415//615
f 396//597 414//614 420//616
f 420//616 410//600 396//597
f 414//614 431//617 428//618
f 429//619 420//616 414//614
f 413//613 416//620 431//617
f 413//613 431//617 414//614
f 422//621 425//622 429//619
f 423//623 430//624 421//625
f 431//617 417//626 430//624
f 430//624 423//623 428//618
f 423//623 422//621 428//618
f 428//618 431//617 430//624
f 427//627 424//628 421//625
f 415//615 416//620 413//613
f 416//620 417//626 431//617
f 418//629 430//624 417//626
f 430//624 418//629 419//630
f 419//630 421//625 430//624
f 421//625 424//628 423//623
f 420//616 429//619 426//631
f 425//622 426//631 429//619
f 429//619 428//618 422//621
f 428//618 429//619 414//614
f 432//632 436//633 427//627
f 434//634 425//622 422//621
f 434//634 422//621 423//623
f 423//623 424//628 435//635
f 436//633 435//635 424//628
f 424//628 427//627 436//633
f 423//623 435//635 434//634
f 425//622 434//634 433//636
f 426//631 425//622 433//636
f 426//631 433//636 432//632
f 427//627 426//631 432//632
f 434//637 435//638 439//639
f 437//640 435//638 436//641
f 437//640 439//639 435//638
f 438//199 437//640 432//199
f 432//199 433//639 438//199
f 433//639 439//639 438//199
f 439//639 433//639 434//637
f 437//640 436//641 432//199
f 440//642 443//643 437//644
f 441//645 440//642 438//646
f 443//643 442//647 437//644
f 439//648 437//644 442//647
f 442//647 441//645 439//648
f 438//646 439//648 441//645
f 437//644 438//646 440//642
f 398//602 399//601 725//649
f 398//602 498//650 499//651
f 398//602 499//651 444//652
f 444//652 401//607 398//602
f 400//604 401//607 444//652
f 400//604 500//653 496//654
f 445//655 402//608 400//604
f 400//604 392//605 401//607
f 398//602 401//607 391//606
f 445//655 400//604 496//654
f 444//652 500//653 400//604
f 725//649 498//650 398//602
f 446//656 447//657 454//658
f 447//657 448//659 454//658
f 447//657 449//660 448//659
f 449//660 450//661 448//659
f 450//661 449//660 451//662
f 451//662 452//663 450//661
f 452//663 451//662 399//601
f 453//664 452//663 399//601
f 399//601 446//656 453//664
f 446//656 454//658 453//664
f 426//631 427//627 421//625
f 456//665 457//666 458//667
f 458//667 421//625 456//665
f 421//625 458//667 478//668
f 426//631 421//625 478//668
f 479//669 420//616 426//631
f 455//670 420//616 459//671
f 479//669 459//671 420//616
f 478//668 479//669 426//631
f 421//625 419//630 456//665
f 461//672 460//673 455//670
f 455//670 463//674 462//675
f 465//676 466//677 464//678
f 464//678 463//674 465//676
f 465//676 467//679 466//677
f 467//679 465//676 468//680
f 468//680 460//673 469//681
f 460//673 461//672 469//681
f 469//681 467//679 468//680
f 464//678 462//675 463//674
f 462//675 461//672 455//670
f 403//609 402//608 591//682
f 591//682 470//683 403//609
f 470//683 471//684 404//610
f 404//610 403//609 470//683
f 471//684 472//685 405//611
f 471//684 405//611 404//610
f 474//686 416//620 415//615
f 415//615 406//612 472//685
f 472//685 474//686 415//615
f 406//612 405//611 472//685
f 474//686 473//687 417//626
f 418//629 417//626 473//687
f 473//687 475//688 418//629
f 418//629 475//688 543//689
f 543//689 419//630 418//629
f 474//686 417//626 416//620
f 595//690 596//691 476//692
f 474//693 472//685 595//690
f 595//690 546//694 474//693
f 596//691 593//695 476//692
f 534//696 476//692 593//695
f 476//692 546//694 595//690
f 479//669 477//697 459//671
f 480//698 478//668 458//667
f 481//699 487//700 482//701
f 482//701 483//702 481//699
f 484//703 481//699 483//702
f 484//703 483//702 477//697
f 485//704 484//703 477//697
f 485//704 477//697 479//669
f 486//705 479//669 478//668
f 478//668 487//700 486//705
f 487//700 478//668 480//698
f 479//669 486//705 485//704
f 480//698 482//701 487//700
f 491//582 488//706 481//580
f 486//638 487//707 490//708
f 484//582 489//709 491//582
f 488//706 490//708 487//707
f 488//706 487//707 481//580
f 489//709 485//709 486//638
f 489//709 484//582 485//709
f 481//580 484//582 491//582
f 490//708 489//709 486//638
f 493//710 492//711 491//712
f 494//713 493//710 489//714
f 489//714 490//715 494//713
f 495//716 494//713 488//717
f 492//711 495//716 488//717
f 488//717 491//712 492//711
f 490//715 488//717 494//713
f 491//712 489//714 493//710
f 500//653 497//718 496//654
f 501//719 499//651 498//650
f 503//720 497//718 502//721
f 497//718 500//653 504//722
f 505//723 504//722 500//653
f 506//724 505//723 444//652
f 444//652 499//651 506//724
f 501//719 506//724 499//651
f 500//653 444//652 505//723
f 497//718 504//722 502//721
f 503//720 502//721 501//719
f 498//650 503//720 501//719
f 506//199 501//725 507//582
f 502//726 504//582 509//726
f 504//582 508//639 509//726
f 507//582 510//199 506//199
f 509//726 507//582 502//726
f 505//639 510//199 508//639
f 508//639 504//582 505//639
f 507//582 501//725 502//726
f 510//199 505//639 506//199
f 512//727 511//728 509//729
f 508//730 510//731 512//727
f 513//732 512//727 510//731
f 511//728 513//732 507//733
f 507//733 509//729 511//728
f 510//731 507//733 513//732
f 509//729 508//730 512//727
f 516//734 495//735 492//219
f 495//735 514//736 515//737
f 515//737 494//738 495//735
f 519//220 493//412 494//738
f 517//412 492//219 493//412
f 495//735 516//734 514//736
f 494//738 515//737 518//739
f 493//412 519//220 517//412
f 492//219 517//412 520//219
f 494//738 518//739 519//220
f 492//219 520//219 516//734
f 520//740 521//741 522//742
f 520//740 522//742 523//743
f 516//744 523//743 524//745
f 516//744 524//745 529//746
f 518//747 515//737 525//748
f 525//748 531//749 518//747
f 519//750 518//747 527//751
f 517//752 519//750 528//753
f 527//751 528//753 519//750
f 526//754 527//751 518//747
f 531//749 526//754 518//747
f 529//746 514//736 516//744
f 523//743 516//744 520//740
f 521//741 520//740 517//752
f 528//753 521//741 517//752
f 515//737 514//736 529//746
f 528//753 532//755 533//756
f 533//756 521//741 528//753
f 530//757 525//748 515//737
f 534//696 533//756 532//755
f 528//753 527//751 532//755
f 535//758 532//755 527//751
f 536//759 535//758 527//751
f 536//759 527//751 540//760
f 540//760 526//754 531//749
f 540//760 537//761 536//759
f 540//760 531//749 525//748
f 525//748 539//762 540//760
f 540//760 539//762 538//763
f 538//763 537//761 540//760
f 539//762 525//748 530//757
f 527//751 526//754 540//760
f 532//755 535//758 534//696
f 545//764 544//765 548//766
f 474//693 546//694 545//764
f 546//694 476//692 545//764
f 476//692 534//696 544//765
f 545//764 548//766 547//767
f 554//768 547//767 548//766
f 544//765 535//758 541//769
f 548//766 544//765 541//769
f 554//768 548//766 542//770
f 543//771 475//688 547//767
f 473//687 474//693 545//764
f 473//687 547//767 475//688
f 547//767 554//768 543//771
f 541//769 542//770 548//766
f 547//767 473//687 545//764
f 544//765 545//764 476//692
f 534//696 535//758 544//765
f 549//772 558//773 537//761
f 537//761 538//763 549//772
f 538//763 539//762 549//772
f 558//773 549//772 552//774
f 550//775 553//776 555//777
f 555//777 541//769 550//775
f 551//778 550//775 541//769
f 541//769 556//779 551//778
f 551//778 556//779 557//780
f 557//780 558//773 552//774
f 557//780 552//774 551//778
f 553//776 543//771 554//768
f 553//776 554//768 555//777
f 554//768 542//770 555//777
f 541//769 535//758 556//779
f 557//780 536//759 558//773
f 536//759 537//761 558//773
f 536//759 557//780 535//758
f 557//780 556//779 535//758
f 541//769 555//777 542//770
f 559//781 560//782 513//781
f 512//783 573//784 561//785
f 561//785 562//786 511//787
f 562//786 559//781 513//781
f 563//788 573//784 512//783
f 511//787 512//783 561//785
f 560//782 563//788 512//783
f 513//781 511//787 562//786
f 512//783 513//781 560//782
f 560//789 577//790 564//791
f 560//789 564//791 565//792
f 560//789 565//792 566//793
f 563//788 566//793 578//794
f 563//788 578//794 567//795
f 563//788 567//795 573//784
f 573//784 568//796 561//785
f 568//796 569//797 561//785
f 562//798 561//785 574//799
f 559//800 562//798 571//801
f 559//800 572//802 577//790
f 577//790 560//789 559//800
f 571//801 572//802 559//800
f 570//803 571//801 562//798
f 574//799 570//803 562//798
f 569//797 574//799 561//785
f 566//793 563//788 560//789
f 568//796 573//784 575//804
f 578//794 575//804 573//784
f 567//795 578//794 573//784
f 533//756 534//696 462//675
f 467//679 448//659 450//661
f 467//679 469//681 448//659
f 533//756 462//675 464//678
f 461//672 462//675 534//696
f 534//696 469//681 461//672
f 534//696 454//658 469//681
f 469//681 454//658 448//659
f 450//661 579//805 467//679
f 466//677 579//805 533//756
f 534//696 593//695 454//658
f 466//677 467//679 579//805
f 593//695 453//664 454//658
f 580//806 452//663 453//664
f 580//806 579//805 450//661
f 580//806 450//661 452//663
f 453//664 593//695 580//806
f 533//756 464//678 466//677
f 580//806 581//807 577//790
f 575//804 578//794 576//808
f 564//791 577//790 581//807
f 582//809 565//792 581//807
f 565//792 564//791 581//807
f 565//792 582//809 583//810
f 566//793 565//792 583//810
f 566//793 584//811 585//812
f 585//812 586//813 566//793
f 586//813 576//808 578//794
f 578//794 566//793 586//813
f 583//810 584//811 566//793
f 581//807 580//806 593//695
f 472//685 471//684 594//814
f 596//691 594//814 592//815
f 591//682 587//816 598//817
f 594//814 470//683 598//817
f 588//818 597//819 598//817
f 592//815 597//819 588//818
f 588//818 589//820 592//815
f 592//815 589//820 590//821
f 593//695 592//815 590//821
f 581//807 593//695 590//821
f 594//814 471//684 470//683
f 590//821 582//809 581//807
f 587//816 588//818 598//817
f 598//817 597//819 594//814
f 598//817 470//683 591//682
f 592//815 593//695 596//691
f 594//814 596//691 595//690
f 594//814 595//690 472//685
f 597//819 592//815 594//814
f 599//822 585//812 584//811
f 584//811 601//823 599//822
f 600//824 599//822 601//823
f 599//822 586//813 585//812
f 602//825 607//826 587//816
f 587//816 591//682 602//825
f 601//823 582//809 600//824
f 603//827 600//824 582//809
f 582//809 605//828 603//827
f 604//829 606//830 589//820
f 604//829 589//820 607//826
f 607//826 602//825 604//829
f 606//830 604//829 603//827
f 605//828 606//830 603//827
f 584//811 583//810 601//823
f 582//809 590//821 605//828
f 589//820 588//818 607//826
f 588//818 587//816 607//826
f 589//820 606//830 590//821
f 606//830 605//828 590//821
f 582//809 601//823 583//810
f 420//616 620//831 449//832
f 622//833 468//834 465//835
f 449//832 447//836 420//616
f 608//837 609//838 610//839
f 449//832 620//831 725//649
f 611//840 612//841 615//842
f 611//840 620//831 612//841
f 465//835 463//843 459//671
f 468//834 622//833 420//616
f 460//673 420//616 455//670
f 446//656 399//601 410//600
f 410//600 420//616 447//836
f 725//649 451//844 449//832
f 613//845 622//833 614//846
f 614//846 608//837 610//839
f 609//838 615//842 610//839
f 620//831 617//847 612//841
f 459//671 622//833 465//835
f 447//836 446//656 410//600
f 610//839 613//845 614//846
f 459//671 463//843 455//670
f 460//673 468//834 420//616
f 399//601 451//844 725//649
f 617//847 420//616 622//833
f 622//833 616//848 617//847
f 613//845 616//848 622//833
f 615//842 609//838 611//840
f 420//616 617//847 620//831
f 608//849 614//846 621//850
f 621//850 618//851 608//849
f 618//851 609//852 608//849
f 609//852 618//851 619//853
f 619//853 611//840 609//852
f 611//840 619//853 620//831
f 622//833 621//850 614//846
f 617//847 616//848 623//854
f 624//855 615//842 612//841
f 612//841 627//856 624//855
f 625//857 626//858 616//848
f 625//857 616//848 613//845
f 625//857 613//845 610//839
f 610//839 624//855 625//857
f 626//858 623//854 616//848
f 623//854 627//856 617//847
f 612//841 617//847 627//856
f 610//839 615//842 624//855
f 624//859 627//860 626//858
f 625//857 624//859 626//858
f 445//861 630//862 576//808
f 630//862 631//863 576//808
f 586//813 402//608 445//861
f 648//864 631//863 632//865
f 648//864 632//865 629//866
f 628//867 648//864 629//866
f 603//868 604//219 384//869
f 402//608 380//870 382//871
f 630//862 632//865 631//863
f 382//871 602//872 591//682
f 591//682 402//608 382//871
f 380//870 402//608 599//873
f 384//869 380//870 600//219
f 600//219 603//868 384//869
f 402//608 586//813 599//873
f 445//861 576//808 586//813
f 604//219 382//871 384//869
f 382//871 604//219 602//872
f 380//870 599//873 600//219
f 632//865 634//874 629//866
f 634//874 641//875 629//866
f 632//865 633//876 634//874
f 636//877 633//876 635//878
f 635//878 637//879 636//877
f 633//876 636//877 634//874
f 636//877 640//880 641//875
f 641//875 634//874 636//877
f 636//877 637//879 640//880
f 635//878 638//881 637//879
f 639//882 638//881 635//878
f 638//881 661//883 640//880
f 638//881 647//884 661//883
f 640//880 637//879 638//881
f 643//885 639//882 642//886
f 639//882 643//885 638//881
f 647//884 638//881 643//885
f 644//887 647//884 643//885
f 645//888 643//885 642//886
f 643//885 645//888 646//889
f 646//889 644//887 643//885
f 652//890 657//891 649//892
f 649//892 650//893 652//890
f 628//867 652//890 650//893
f 650//893 648//864 628//867
f 650//893 631//863 648//864
f 650//893 649//892 651//894
f 651//894 631//863 650//893
f 657//891 652//890 653//895
f 656//896 653//895 655//897
f 654//898 655//897 653//895
f 653//895 656//896 657//891
f 649//892 657//891 656//896
f 651//894 649//892 656//896
f 656//896 655//897 659//899
f 659//899 658//900 651//894
f 659//899 651//894 656//896
f 675//901 644//887 660//902
f 675//901 677//903 647//884
f 678//904 661//883 677//903
f 661//883 678//904 654//898
f 654//898 653//895 661//883
f 652//890 641//875 640//880
f 641//875 652//890 628//867
f 628//867 629//866 641//875
f 677//903 661//883 647//884
f 675//901 647//884 644//887
f 646//889 660//902 644//887
f 640//880 653//895 652//890
f 661//883 653//895 640//880
f 662//905 659//899 655//897
f 654//898 678//904 655//897
f 678//904 662//905 655//897
f 663//906 677//903 664//907
f 663//906 664//907 665//908
f 664//907 674//909 665//908
f 665//908 662//905 663//906
f 663//906 662//905 678//904
f 669//910 666//911 668//912
f 668//912 670//913 669//910
f 671//914 669//910 670//913
f 670//913 672//915 671//914
f 673//916 672//915 665//908
f 674//909 673//916 665//908
f 673//916 674//909 675//901
f 672//915 673//916 671//914
f 667//917 668//912 666//911
f 660//902 676//918 675//901
f 675//901 674//909 677//903
f 663//906 678//904 677//903
f 664//907 677//903 674//909
f 631//863 575//804 576//808
f 580//806 658//900 659//899
f 680//919 626//858 627//860
f 680//919 579//805 580//806
f 668//912 681//920 680//919
f 681//920 682//921 683//922
f 682//921 681//920 667//917
f 667//917 685//923 682//921
f 686//924 682//921 685//923
f 579//805 627//860 623//854
f 577//790 572//802 580//806
f 580//806 572//802 571//801
f 631//863 568//796 575//804
f 631//863 569//797 568//796
f 651//894 569//797 631//863
f 574//799 569//797 651//894
f 570//803 574//799 651//894
f 680//919 672//915 670//913
f 680//919 662//905 672//915
f 672//915 662//905 665//908
f 681//920 668//912 667//917
f 670//913 668//912 680//919
f 651//894 658//900 570//803
f 571//801 658//900 580//806
f 682//921 686//924 684//925
f 580//806 662//905 680//919
f 579//805 680//919 627//860
f 658//900 571//801 570//803
f 580//806 659//899 662//905
f 685//923 679//926 684//925
f 686//924 685//923 684//925
f 679//926 676//918 660//902
f 676//918 679//926 687//927
f 687//927 679//926 685//923
f 666//911 669//928 689//929
f 691//930 687//927 685//923
f 667//917 666//911 689//929
f 675//901 676//918 688//931
f 691//930 688//931 676//918
f 690//932 689//929 669//928
f 669//928 671//933 690//932
f 673//916 675//901 688//931
f 676//918 687//927 691//930
f 688//931 671//933 673//916
f 688//931 690//932 671//933
f 691//930 685//923 667//917
f 689//929 691//930 667//917
f 688//934 691//935 693//936
f 690//937 688//934 694//938
f 689//939 690//937 695//940
f 691//935 689//939 692//941
f 695//940 692//941 689//939
f 694//938 695//940 690//937
f 693//936 694//938 688//934
f 692//941 693//936 691//935
f 698//942 696//943 695//944
f 693//945 699//946 697//947
f 697//947 694//582 693//945
f 696//943 692//948 695//944
f 700//949 693//945 692//948
f 700//949 699//946 693//945
f 694//582 697//947 701//726
f 701//726 695//944 694//582
f 695//944 701//726 698//942
f 692//948 696//943 700//949
f 698//950 702//951 703//952
f 696//943 703//952 700//949
f 701//953 697//947 704//954
f 704//954 705//955 701//953
f 702//951 698//950 701//953
f 705//955 702//951 701//953
f 699//946 704//954 697//947
f 703//952 696//943 698//950
f 709//956 715//957 706//958
f 708//959 710//960 709//956
f 630//862 710//960 708//959
f 707//961 708//959 709//956
f 706//958 707//961 709//956
f 712//962 645//888 642//886
f 712//962 711//963 645//888
f 642//886 713//964 712//962
f 635//878 706//958 714//965
f 639//882 714//965 713//964
f 713//964 642//886 639//882
f 707//961 635//878 633//876
f 635//878 707//961 706//958
f 633//876 632//865 708//959
f 632//865 630//862 708//959
f 633//876 708//959 707//961
f 714//965 639//882 635//878
f 706//958 715//957 732//966
f 709//956 710//960 718//967
f 723//968 716//969 724//970
f 726//971 724//970 725//649
f 445//655 496//654 710//960
f 496//654 497//718 503//720
f 719//972 703//952 721//973
f 703//952 719//972 727//974
f 727//974 719//972 720//975
f 720//975 728//976 727//974
f 722//977 705//955 704//954
f 704//954 699//946 722//977
f 728//976 722//977 699//946
f 699//946 700//949 728//976
f 619//853 703//952 702//951
f 726//971 702//951 705//955
f 620//831 619//853 726//971
f 721//973 703//952 618//851
f 703//952 619//853 618//851
f 720//975 711//963 728//976
f 729//978 705//955 722//977
f 729//978 726//971 705//955
f 729//978 723//968 726//971
f 717//979 724//970 716//969
f 718//967 503//720 717//979
f 718//967 710//960 496//654
f 503//720 498//650 724//970
f 702//951 726//971 619//853
f 700//949 703//952 727//974
f 700//949 727//974 728//976
f 725//649 620//831 726//971
f 724//970 717//979 503//720
f 503//720 718//967 496//654
f 710//960 630//862 445//655
f 498//650 725//649 724//970
f 724//970 726//971 723//968
f 717//979 715//957 709//956
f 717//979 716//969 715//957
f 718//967 717//979 709//956
f 732//966 715//957 716//969
f 722//977 728//976 731//980
f 732//966 714//965 706//958
f 713//964 714//965 730//981
f 730//981 731//980 713//964
f 731//980 712//962 713//964
f 712//962 731//980 728//976
f 712//962 728//976 711//963
f 732//966 730//981 714//965
f 731//980 729//978 722//977
f 729//978 731//980 730//981
f 723//968 729//978 730//981
f 723//968 730//981 732//966
f 716//969 723//968 732//966
f 733//982 739//983 734//984
f 735//985 457//666 530//757
f 456//665 419//630 539//762
f 539//762 530//757 457//666
f 530//757 736//986 735//985
f 457//666 456//665 539//762
f 739//983 733//982 737//987
f 736//986 739//983 737//987
f 736//986 737//987 735//985
f 419//630 549//772 539//762
f 549//772 419//630 443//988
f 442//989 419//630 543//689
f 442//989 543//689 553//990
f 553//990 550//219 441//991
f 419//630 442//989 443//988
f 441//991 442//989 553//990
f 550//219 551//991 441//991
f 552//992 443//988 440//991
f 551//991 440//991 441//991
f 440//991 551//991 552//992
f 552//992 549//772 443//988
f 733//982 743//993 737//987
f 733//982 738//994 743//993
f 739//983 754//995 734//984
f 737//987 743//993 742//996
f 743//993 740//997 742//996
f 740//997 743//993 741//998
f 745//999 741//998 743//993
f 738//994 745//999 743//993
f 740//997 741//998 744//1000
f 748//1001 744//1000 741//998
f 748//1001 741//998 751//1002
f 745//999 751//1002 741//998
f 747//1003 746//1004 744//1000
f 747//1003 744//1000 748//1001
f 749//1005 746//1004 747//1003
f 747//1003 753//1006 752//1007
f 751//1002 753//1006 747//1003
f 747//1003 748//1001 751//1002
f 747//1003 752//1007 750//1008
f 750//1008 749//1005 747//1003
f 757//1009 760//1010 761//1011
f 739//983 757//1009 754//995
f 755//1012 757//1009 736//986
f 755//1012 756//1013 760//1010
f 760//1010 757//1009 755//1012
f 739//983 736//986 757//1009
f 761//1011 759//1014 754//995
f 761//1011 754//995 757//1009
f 734//984 754//995 759//1014
f 759//1014 761//1011 760//1010
f 759//1014 760//1010 758//1015
f 758//1015 760//1010 762//1016
f 762//1016 760//1010 756//1013
f 758//1015 762//1016 771//1017
f 745//999 759//1014 751//1002
f 759//1014 758//1015 751//1002
f 734//984 738//994 733//982
f 738//994 734//984 759//1014
f 751//1002 784//1018 763//1019
f 763//1019 764//1020 753//1006
f 763//1019 753//1006 751//1002
f 765//1021 752//1007 764//1020
f 765//1021 750//1008 752//1007
f 752//1007 753//1006 764//1020
f 758//1015 784//1018 751//1002
f 759//1014 745//999 738//994
f 762//1016 767//1022 771//1017
f 784//1018 758//1015 771//1017
f 769//1023 766//1024 770//1025
f 766//1024 763//1019 770//1025
f 769//1023 768//1026 766//1024
f 771//1017 767//1022 784//1018
f 767//1022 770//1025 763//1019
f 769//1023 773//1027 772//1028
f 773//1027 775//1029 774//1030
f 776//1031 775//1029 777//1032
f 772//1028 764//1020 768//1026
f 768//1026 769//1023 772//1028
f 777//1032 786//1033 776//1031
f 775//1029 776//1031 774//1030
f 773//1027 774//1030 772//1028
f 779//1034 683//1035 780//1036
f 778//1037 782//1038 781//1039
f 779//1034 780//1036 778//1037
f 719//972 780//1036 683//1035
f 781//1039 779//1034 778//1037
f 683//1035 682//921 719//972
f 646//889 645//888 679//926
f 645//888 684//925 679//926
f 684//925 645//888 711//963
f 679//926 660//902 646//889
f 782//1038 749//1040 781//1039
f 750//1008 765//1021 781//1039
f 711//963 720//975 684//925
f 781//1039 749//1040 750//1008
f 720//975 719//972 682//921
f 682//921 684//925 720//975
f 765//1021 788//1041 781//1039
f 768//1026 764//1020 763//1019
f 784//1018 767//1022 763//1019
f 763//1019 766//1024 768//1026
f 764//1020 783//1042 765//1021
f 680//919 777//1032 787//1043
f 530//757 755//1012 736//986
f 767//1022 762//1016 533//756
f 626//858 680//919 787//1043
f 533//756 579//805 623//854
f 787//1043 767//1022 533//756
f 777//1032 681//920 683//922
f 683//922 786//1033 777//1032
f 786//1033 683//922 779//1044
f 785//1045 789//1046 779//1044
f 626//858 787//1043 623//854
f 779//1044 781//1039 785//1045
f 789//1046 786//1033 779//1044
f 787//1043 777//1032 775//1029
f 770//1025 787//1043 773//1027
f 787//1043 775//1029 773//1027
f 770//1025 767//1022 787//1043
f 522//742 762//1016 756//1013
f 755//1012 515//737 529//746
f 755//1012 529//746 524//745
f 524//745 756//1013 755//1012
f 756//1013 524//745 523//743
f 756//1013 523//743 522//742
f 522//742 521//741 762//1016
f 533//756 762//1016 521//741
f 769//1023 770//1025 773//1027
f 680//919 681//920 777//1032
f 533//756 623//854 787//1043
f 530//757 515//737 755//1012
f 765//1021 783//1042 788//1041
f 781//1039 788//1041 789//1046
f 785//1045 781//1039 789//1046
f 789//1046 788//1041 791//1047
f 790//1048 783//1042 764//1020
f 791//1047 788//1041 783//1042
f 776//1049 793//1050 792//928
f 783//1042 790//1048 791//1047
f 790//1048 764//1020 772//1028
f 792//928 774//412 776//1049
f 791//1047 786//1051 789//1046
f 772//1028 792//928 790//1048
f 793//1050 776//1049 786//1051
f 792//928 772//1028 774//412
f 791//1047 793//1050 786//1051
f 792//934 793//935 795//936
f 790//937 792//934 796//1052
f 791//939 790//937 797//940
f 793//935 791//939 794//941
f 797//940 794//941 791//939
f 796//1052 797//940 790//937
f 795//936 796//1052 792//934
f 794//941 795//936 793//935
f 799//709 796//1053 795//1054
f 800//1055 798//1056 797//1057
f 802//1058 794//1059 797//1057
f 803//1060 795//1054 794//1059
f 795//1054 803//1060 799//709
f 797//1057 798//1056 802//1058
f 796//1053 799//709 801//1061
f 800//1055 797//1057 796//1053
f 794//1059 802//1058 803//1060
f 796//1053 801//1061 800//1055
f 801//1062 808//1063 804//1064
f 798//1065 804//1064 805//1066
f 803//1067 802//1068 806//1069
f 806//1069 807//1070 803//1067
f 799//1071 803//1067 807//1070
f 801//1062 799//1071 808//1063
f 807//1070 808//1063 799//1071
f 805//1066 802//1068 798//1065
f 804//1064 798//1065 800//1072
f 804//1064 800//1072 801//1062
f 809//1073 735//985 810//1074
f 746//1004 749//1005 782//1075
f 813//1076 814//1077 746//1004
f 814//1077 744//1000 746//1004
f 744//1000 814//1077 812//1078
f 740//997 744//1000 811//1079
f 744//1000 812//1078 811//1079
f 810//1074 742//996 740//997
f 740//997 811//1079 810//1074
f 810//1074 735//985 742//996
f 735//985 737//987 742//996
f 782//1075 813//1076 746//1004
f 810//1074 817//1080 809//1073
f 810//1074 816//1081 817//1080
f 815//1082 816//1081 811//1079
f 816//1081 810//1074 811//1079
f 812//1078 830//1083 815//1082
f 815//1082 811//1079 812//1078
f 820//1084 817//1080 816//1081
f 825//1085 824//1086 823//1087
f 719//972 822//1088 780//1036
f 459//671 477//697 824//1086
f 823//1087 824//1086 477//697
f 817//1080 820//1084 482//701
f 482//701 820//1084 823//1087
f 780//1036 822//1088 778//1037
f 822//1088 719//972 721//973
f 822//1088 721//973 806//1069
f 782//1075 778//1037 821//1089
f 804//1064 808//1063 824//1086
f 824//1086 622//833 459//671
f 621//850 808//1063 807//1070
f 721//973 807//1070 806//1069
f 778//1037 822//1088 806//1069
f 806//1069 802//1068 778//1037
f 821//1089 802//1068 805//1066
f 821//1089 778//1037 802//1068
f 827//1090 805//1066 804//1064
f 621//850 824//1086 808//1063
f 824//1086 621//850 622//833
f 480//698 458//667 817//1080
f 809//1073 457//666 735//985
f 457//666 809//1073 817//1080
f 818//1091 823//1087 820//1084
f 819//1092 823//1087 818//1091
f 804//1064 825//1085 826//1093
f 804//1064 826//1093 827//1090
f 483//702 823//1087 477//697
f 618//851 621//850 721//973
f 805//1066 827//1090 821//1089
f 807//1070 721//973 621//850
f 824//1086 825//1085 804//1064
f 482//701 480//698 817//1080
f 817//1080 458//667 457//666
f 823//1087 483//702 482//701
f 823//1087 819//1092 825//1085
f 816//1081 818//1091 820//1084
f 818//1091 816//1081 815//1082
f 815//1082 819//1092 818//1091
f 819//1092 815//1082 830//1083
f 812//1078 829//1094 830//1083
f 829//1094 812//1078 814//1077
f 814//1077 813//1076 828//1095
f 828//1095 829//1094 814//1077
f 821//1089 828//1095 813//1076
f 782//1075 821//1089 813//1076
f 828//1095 821//1089 827//1090
f 829//1094 828//1095 827//1090
f 827//1090 826//1093 829//1094
f 830//1083 829//1094 826//1093
f 826//1093 825//1085 830//1083
f 830//1083 825//1085 819//1092
f 831//1096 832//1097 833//1098
f 831//1096 834//1099 832//1097
f 835//1100 831//1096 833//1098
f 834//1099 836//1101 832//1097
f 834//1099 837//1102 836//1101
f 838//1103 840//1104 839//1105
f 842//1106 843//1107 844//1108
f 838//1103 839//1105 836//1101
f 841//1109 839//1105 840//1104
f 843//1107 846//1110 847//1111
f 846//1110 848//1112 849//1113
f 836//1101 837//1102 838//1103
f 841//1109 840//1104 845//1114
f 851//1115 842//1106 853//1116
f 847//1111 844//1108 843//1107
f 849//1113 847//1111 846//1110
f 833//1098 850//1117 835//1100
f 845//1114 851//1115 852//1118
f 854//1119 849//1113 848//1112
f 852//1118 841//1109 845//1114
f 853//1116 852//1118 851//1115
f 844//1108 853//1116 842//1106
f 850//1117 854//1119 855//1120
f 854//1119 848//1112 855//1120
f 850//1117 855//1120 835//1100
f 856//1121 842//1106 851//1115
f 858//1122 859//1123 846//1110
f 860//1124 856//1121 851//1115
f 842//1106 856//1121 857//1125
f 846//1110 843//1107 858//1122
f 861//1126 831//1096 835//1100
f 863//1127 864//1128 837//1102
f 864//1128 865//1129 838//1103
f 858//1122 843//1107 842//1106
f 859//1123 866//1130 848//1112
f 831//1096 861//1126 862//1131
f 867//1132 840//1104 838//1103
f 867//1132 868//1133 840//1104
f 868//1133 869//1134 845//1114
f 860//1124 851//1115 845//1114
f 842//1106 857//1125 858//1122
f 848//1112 846//1110 859//1123
f 866//1130 870//1135 848//1112
f 834//1099 831//1096 862//1131
f 862//1131 863//1127 834//1099
f 838//1103 837//1102 864//1128
f 838//1103 865//1129 867//1132
f 845//1114 869//1134 860//1124
f 870//1135 855//1120 848//1112
f 870//1135 871//1136 855//1120
f 837//1102 834//1099 863//1127
f 872//1137 835//1100 855//1120
f 845//1114 840//1104 868//1133
f 835//1100 872//1137 861//1126
f 855//1120 871//1136 872//1137
f 841//1138 883//1139 873//1140
f 841//1138 873//1140 874//1141
f 839//1142 874//1141 875//1143
f 836//1144 875//1143 876//1145
f 832//1146 876//1145 877//1147
f 833//1148 877//1147 878//1149
f 850//1150 878//1149 879//1151
f 849//1152 879//1151 880//1153
f 847//1154 880//1153 881//1155
f 853//1156 881//1155 882//1157
f 852//1158 882//1157 883//1139
f 883//1139 841//1138 852//1158
f 882//1157 852//1158 853//1156
f 881//1155 853//1156 844//1159
f 881//1155 844//1159 847//1154
f 880//1153 847//1154 849//1152
f 879//1151 849//1152 854//1160
f 879//1151 854//1160 850//1150
f 878//1149 850//1150 833//1148
f 877//1147 833//1148 832//1146
f 876//1145 832//1146 836//1144
f 875//1143 836//1144 839//1142
f 874//1141 839//1142 841//1138
f 865//1129 864//1128 867//1132
f 856//1121 858//1122 857//1125
f 861//1126 863//1127 862//1131
f 870//1135 884//1161 885//1162
f 866//1130 858//1122 886//1163
f 858//1122 887//1164 886//1163
f 885//1162 909//1165 870//1135
f 866//1130 886//1163 884//1161
f 885//1162 887//1164 858//1122
f 885//1162 858//1122 909//1165
f 884//1161 870//1135 866//1130
f 909//1165 869//1134 868//1133
f 909//1165 868//1133 867//1132
f 863//1127 888//1166 890//1167
f 872//1137 909//1165 889//1168
f 863//1127 861//1126 888//1166
f 863//1127 890//1167 891//1169
f 909//1165 891//1169 889//1168
f 891//1169 909//1165 863//1127
f 861//1126 872//1137 888//1166
f 872//1137 889//1168 888//1166
f 859//1123 858//1122 866//1130
f 856//1121 860//1124 897//1170
f 860//1124 869//1134 897//1170
f 897//1170 869//1134 892//1171
f 893//1172 869//1134 909//1165
f 894//1173 893//1172 909//1165
f 897//1170 892//1171 894//1173
f 894//1173 909//1165 897//1170
f 898//1174 858//1122 856//1121
f 858//1122 898//1174 895//1175
f 909//1165 896//1176 897//1170
f 897//1170 898//1174 856//1121
f 909//1165 858//1122 895//1175
f 895//1175 896//1176 909//1165
f 909//1165 900//1177 899//1178
f 909//1165 867//1132 900//1177
f 864//1128 863//1127 901//1179
f 867//1132 864//1128 901//1179
f 901//1179 902//1180 867//1132
f 903//1181 901//1179 863//1127
f 863//1127 909//1165 903//1181
f 909//1165 899//1178 903//1181
f 902//1180 900//1177 867//1132
f 904//1182 906//1183 872//1137
f 872//1137 871//1136 904//1182
f 909//1165 906//1183 905//1184
f 870//1135 905//1184 907//1185
f 870//1135 909//1165 905//1184
f 871//1136 907//1185 908//1186
f 871//1136 908//1186 904//1182
f 907//1185 871//1136 870//1135
f 906//1183 909//1165 872//1137
f 893//1172 892//1171 869//1134
f 894//1187 892//1188 911//1189
f 893//1190 894//1187 912//1191
f 892//1188 893//1190 913//1192
f 912//1191 913//1192 893//1190
f 911//1189 912//1191 894//1187
f 910//1193 911//1189 892//1188
f 913//1192 910//1193 892//1188
f 889//1194 891//1195 914//1196
f 888//1197 889//1194 915//1198
f 890//1199 888//1197 915//1198
f 891//1195 890//1199 916//1200
f 915//1198 916//1200 890//1199
f 914//1196 915//1198 889//1194
f 916//1200 914//1196 891//1195
f 887//1201 885//1202 920//1203
f 886//1204 887//1201 917//1205
f 884//1206 886//1204 918//1207
f 885//1202 884//1206 919//1208
f 919//1208 920//1203 885//1202
f 918//1207 919//1208 884//1206
f 917//1205 918//1207 886//1204
f 920//1203 917//1205 887//1201
f 905//1209 906//1210 924//1211
f 906//1210 904//1212 921//1213
f 904//1212 908//1214 922//1215
f 908//1214 907//1216 922//1215
f 907//1216 905//1209 923//1217
f 924//1211 923//1217 905//1209
f 923//1217 922//1215 907//1216
f 922//1215 921//1213 904//1212
f 921//1213 924//1211 906//1210
f 925//1218 928//1219 922//1220
f 923//1221 926//1222 925//1218
f 927//1223 926//1222 924//1224
f 928//1219 927//1223 921//1225
f 921//1225 922//1220 928//1219
f 924//1224 921//1225 927//1223
f 923//1221 924//1224 926//1222
f 922//1220 923//1221 925//1218
f 902//1226 901//1227 929//1228
f 901//1227 903//1229 930//1230
f 930//1230 903//1229 899//1231
f 899//1231 900//1232 931//1233
f 900//1232 902//1226 931//1233
f 931//1233 930//1230 899//1231
f 930//1230 929//1228 901//1227
f 929//1228 931//1233 902//1226
f 933//1234 932//1235 931//1236
f 934//1237 933//1234 931//1236
f 932//1235 934//1237 929//1238
f 929//1238 930//1239 932//1235
f 931//1236 929//1238 934//1237
f 930//1239 931//1236 932//1235
f 898//1240 897//1241 938//1242
f 897//1241 896//1243 936//1244
f 896//1243 895//1245 936//1244
f 895//1245 898//1240 937//1246
f 938//1242 937//1246 898//1240
f 937//1246 936//1244 895//1245
f 936//1244 935//1247 897//1241
f 935//1247 938//1242 897//1241
f 937//1248 940//1249 939//1250
f 938//1251 941//1252 940//1249
f 942//1253 941//1252 936//1254
f 939//1250 942//1253 936//1254
f 935//1255 936//1254 941//1252
f 938//1251 935//1255 941//1252
f 937//1248 938//1251 940//1249
f 936//1254 937//1248 939//1250
f 944//1256 945//1257 883//1139
f 946//1258 878//1149 877//1147
f 877//1147 949//1259 946//1258
f 948//1260 916//1261 915//1262
f 947//1263 949//1259 914//1264
f 915//1262 876//1145 948//1260
f 914//1264 916//1261 947//1263
f 915//1262 914//1264 949//1259
f 949//1259 877//1147 915//1262
f 916//1261 948//1260 947//1263
f 876//1145 950//1265 948//1260
f 950//1265 876//1145 875//1143
f 875//1143 951//1266 950//1265
f 953//1267 932//1268 933//1269
f 951//1266 875//1143 934//1270
f 875//1143 874//1141 934//1270
f 874//1141 933//1269 934//1270
f 934//1270 932//1268 951//1266
f 933//1269 952//1271 953//1267
f 933//1269 874//1141 952//1271
f 953//1267 951//1266 932//1268
f 874//1141 954//1272 952//1271
f 954//1272 874//1141 873//1140
f 883//1139 882//1157 944//1256
f 963//1273 944//1256 882//1157
f 955//1274 961//1275 881//1155
f 881//1155 880//1153 955//1274
f 956//1276 955//1274 880//1153
f 919//1277 958//1278 957//1279
f 957//1279 920//1280 919//1277
f 917//1281 920//1280 956//1276
f 880//1153 918//1282 917//1281
f 917//1281 956//1276 880//1153
f 957//1279 956//1276 920//1280
f 880//1153 879//1151 918//1282
f 919//1277 879//1151 958//1278
f 879//1151 878//1149 925//1283
f 873//1140 960//1284 954//1272
f 945//1257 943//1285 910//1286
f 960//1284 873//1140 912//1287
f 960//1284 912//1287 911//1288
f 911//1288 910//1286 943//1285
f 911//1288 943//1285 960//1284
f 913//1289 912//1287 873//1140
f 873//1140 883//1139 913//1289
f 910//1286 883//1139 945//1257
f 910//1286 913//1289 883//1139
f 939//1290 881//1155 961//1275
f 939//1290 940//1291 881//1155
f 962//1292 963//1273 941//1293
f 963//1273 882//1157 941//1293
f 882//1157 940//1291 941//1293
f 882//1157 881//1155 940//1291
f 962//1292 942//1294 939//1290
f 941//1293 942//1294 962//1292
f 939//1290 961//1275 962//1292
f 879//1151 964//1295 959//1296
f 964//1295 879//1151 925//1283
f 925//1283 965//1297 964//1295
f 966//1298 965//1297 927//1299
f 927//1299 878//1149 966//1298
f 946//1258 966//1298 878//1149
f 965//1297 925//1283 926//1300
f 878//1149 927//1299 928//1301
f 926//1300 927//1299 965//1297
f 878//1149 928//1301 925//1283
f 959//1296 958//1278 879//1151
f 919//1277 918//1282 879//1151
f 915//1262 877//1147 876//1145
f 967//1302 968//1303 948//1260
f 969//1304 967//1302 950//1265
f 950//1265 951//1266 969//1304
f 948//1260 950//1265 967//1302
f 952//1271 970//1305 971//1306
f 953//1267 971//1306 969//1304
f 969//1304 951//1266 953//1267
f 971//1306 953//1267 952//1271
f 972//1307 970//1305 954//1272
f 954//1272 960//1284 972//1307
f 952//1271 954//1272 970//1305
f 945//1257 974//1308 973//1309
f 943//1285 973//1309 972//1307
f 972//1307 960//1284 943//1285
f 973//1309 943//1285 945//1257
f 975//1310 974//1308 945//1257
f 976//1311 975//1310 944//1256
f 944//1256 963//1273 976//1311
f 945//1257 944//1256 975//1310
f 961//1275 977//1312 978//1313
f 962//1292 978//1313 976//1311
f 976//1311 963//1273 962//1292
f 978//1313 962//1292 961//1275
f 979//1314 977//1312 955//1274
f 955//1274 956//1276 979//1314
f 961//1275 955//1274 977//1312
f 948//1260 968//1303 980//1315
f 947//1263 980//1315 981//1316
f 981//1316 949//1259 947//1263
f 980//1315 947//1263 948//1260
f 981//1316 982//1317 946//1258
f 946//1258 949//1259 981//1316
f 966//1298 946//1258 982//1317
f 966//1298 982//1317 983//1318
f 965//1297 983//1318 984//1319
f 984//1319 964//1295 965//1297
f 983//1318 965//1297 966//1298
f 984//1319 985//1320 959//1296
f 959//1296 964//1295 984//1319
f 958//1278 959//1296 985//1320
f 967//1302 969//1304 971//199
f 979//1314 978//199 977//1312
f 971//199 986//199 967//1302
f 979//1314 986//199 978//199
f 971//199 975//1310 976//199
f 983//199 967//1302 986//199
f 981//1316 983//199 982//1317
f 975//1310 973//199 974//1308
f 984//1319 986//199 985//1320
f 976//199 978//199 971//199
f 967//1302 983//199 980//199
f 975//1310 971//199 973//199
f 981//1316 980//199 983//199
f 973//199 971//199 970//1305
f 984//1319 983//199 986//199
f 978//199 986//199 971//199
f 967//1302 980//199 968//1303
f 972//1307 973//199 970//1305
f 958//1278 985//1320 986//1321
f 957//1279 986//1321 979//1314
f 979//1314 956//1276 957//1279
f 986//1321 957//1279 958//1278
f 1246//1697 1247//1698 1250//1699
f 1247//1698 1248//1698 1250//1699
f 1248//1698 1249//1700 1250//1699
f 1251//1701 1246//1697 1250//1699
f 1247//1702 1246//1697 1254//1703
f 1255//1704 1248//1705 1247//1702
f 1248//1705 1255//1704 1256//1706
f 1256//1706 1249//1700 1248//1705
f 1257//1707 1250//1699 1249//1700
f 1250//1699 1257//1707 1251//1701
f 1256//1706 1257//1707 1249//1700
f 1254//1703 1255//1704 1247//1702
f 1253//1708 1254//1703 1246//1697
f 1252//1709 1253//1708 1246//1697
f 1251//1701 1252//1709 1246//1697
f 1258//1710 1259//1711 1252//1709
f 1263//1712 1256//1706 1255//1704
f 1251//1701 1261//1713 1258//1710
f 1252//1709 1251//1701 1258//1710
f 1253//1708 1252//1709 1259//1711
f 1253//1708 1262//1714 1260//1715
f 1255//1704 1264//1716 1263//1712
f 1263//1712 1261//1713 1257//1707
f 1259//1711 1262//1714 1253//1708
f 1261//1713 1251//1701 1257//1707
f 1254//1703 1260//1715 1264//1716
f 1257//1707 1256//1706 1263//1712
f 1255//1704 1254//1703 1264//1716
f 1254//1703 1253//1708 1260//1715
f 1266//1717 1258//1710 1261//1713
f 1266//1717 1261//1713 1263//1712
f 1267//1718 1263//1712 1264//1716
f 1269//1719 1264//1716 1260//1715
f 1270//1720 1260//1715 1262//1714
f 1270//1720 1262//1714 1259//1711
f 1271//1721 1259//1711 1258//1710
f 1259//1711 1271//1721 1270//1720
f 1260//1715 1270//1720 1269//1719
f 1264//1716 1269//1719 1268//1722
f 1264//1716 1268//1722 1267//1718
f 1263//1712 1267//1718 1266//1717
f 1258//1710 1266//1717 1265//1723
f 1258//1710 1265//1723 1271//1721
f 1278//1724 1271//1721 1265//1723
f 1272//1725 1265//1723 1266//1717
f 1273//1726 1266//1717 1267//1718
f 1274//1727 1267//1718 1268//1722
f 1275//1728 1268//1722 1269//1719
f 1277//1729 1269//1719 1270//1720
f 1278//1724 1270//1720 1271//1721
f 1270//1720 1278//1724 1277//1729
f 1269//1719 1277//1729 1276//1730
f 1269//1719 1276//1730 1275//1728
f 1268//1722 1275//1728 1274//1727
f 1267//1718 1274//1727 1273//1726
f 1266//1717 1273//1726 1272//1725
f 1265//1723 1272//1725 1278//1724
f 1279//1731 1272//1732 1273//1733
f 1282//1734 1278//1735 1272//1732
f 1277//1736 1283//1737 1280//1738
f 1279//1731 1281//1739 1272//1732
f 1272//1732 1281//1739 1282//1734
f 1278//1735 1282//1734 1283//1737
f 1283//1737 1277//1736 1278//1735
f 1276//1740 1277//1736 1280//1738
f 1275//1728 1276//1730 1284//1741
f 1273//1733 1285//1742 1279//1731
f 1274//1743 1284//1741 1285//1742
f 1273//1733 1274//1743 1285//1742
f 1274//1743 1275//1728 1284//1741
f 1286//1744 1287//1745 1293//1746
f 1294//1747 1293//1746 1287//1745
f 1289//1748 1290//1749 1295//1750
f 1290//1749 1291//1751 1295//1750
f 1288//1752 1289//1748 1300//1753
f 1300//1753 1289//1748 1296//1754
f 1286//1744 1293//1746 1285//1755
f 1293//1746 1294//1747 1298//1756
f 1294//1747 1288//1752 1281//1757
f 1289//1748 1295//1750 1301//1758
f 1295//1750 1291//1751 1280//1738
f 1291//1751 1292//1759 1302//1760
f 1292//1759 1286//1744 1302//1760
f 1301//1758 1295//1750 1283//1761
f 1300//1753 1296//1754 1282//1762
f 1298//1756 1299//1763 1279//1764
f 1296//1754 1301//1758 1283//1761
f 1302//1760 1297//1765 1284//1766
f 1284//1766 1276//1740 1302//1760
f 1276//1740 1280//1738 1302//1760
f 1280//1738 1283//1761 1295//1750
f 1283//1761 1282//1762 1296//1754
f 1282//1762 1281//1757 1300//1753
f 1281//1757 1279//1764 1299//1763
f 1279//1764 1285//1755 1298//1756
f 1285//1755 1284//1766 1297//1765
f 1297//1765 1302//1760 1286//1744
f 1302//1760 1280//1738 1291//1751
f 1301//1758 1296//1754 1289//1748
f 1300//1753 1281//1757 1288//1752
f 1281//1757 1299//1763 1294//1747
f 1299//1763 1298//1756 1294//1747
f 1298//1756 1285//1755 1293//1746
f 1285//1755 1297//1765 1286//1744
f 1303//1767 1289//1748 1288//1752
f 1288//1752 1294//1747 1303//1767
f 1289//1748 1303//1767 1290//1749
f 1292//1759 1291//1751 1306//1768
f 1306//1768 1286//1744 1292//1759
f 1286//1744 1306//1768 1287//1745
f 1290//1749 1303//1767 1304//1769
f 1304//1769 1305//1770 1290//1749
f 1307//1771 1308//1772 1287//1745
f 1287//1745 1306//1768 1307//1771
f 1309//1773 1312//1774 1308//1772
f 1308//1772 1307//1771 1309//1773
f 1310//1775 1320//1776 1309//1773
f 1309//1773 1307//1771 1311//1777
f 1309//1773 1311//1777 1310//1775
f 1312//1774 1313//1778 1308//1772
f 1313//1778 1312//1774 1314//1779
f 1314//1779 1315//1780 1313//1778
f 1316//1781 1315//1780 1314//1779
f 1314//1779 1317//1782 1316//1781
f 1316//1781 1317//1782 1318//1783
f 1318//1783 1319//1784 1316//1781
f 1320//1776 1321//1785 1319//1784
f 1319//1784 1318//1783 1320//1776
f 1312//1774 1309//1773 1322//1786
f 1324//1787 1320//1788 1318//1783
f 1314//1789 1312//1774 1322//1786
f 1320//1788 1324//1787 1323//1790
f 1309//1773 1323//1790 1322//1786
f 1323//1790 1309//1773 1320//1788
f 1318//1783 1317//1782 1324//1787
f 1317//1782 1314//1789 1322//1786
f 1310//1775 1327//1791 1321//1785
f 1320//1776 1310//1775 1321//1785
f 1310//1775 1328//1792 1327//1791
f 1325//1793 1326//1794 1327//1791
f 1327//1791 1328//1792 1325//1793
f 1330//1795 1329//1796 1358//1797
f 1333//1798 1330//1795 1332//1799
f 1335//1800 1333//1798 1334//1801
f 1325//1793 1335//1800 1316//1781
f 1316//1781 1326//1794 1325//1793
f 1315//1780 1316//1781 1335//1800
f 1334//1801 1315//1780 1335//1800
f 1332//1799 1334//1801 1333//1798
f 1331//1802 1332//1799 1330//1795
f 1358//1797 1331//1802 1330//1795
f 1338//1803 1358//1797 1329//1796
f 1336//1804 1337//1805 1338//1803
f 1338//1803 1329//1796 1336//1804
f 1339//1806 1340//1807 1337//1805
f 1337//1805 1336//1804 1339//1806
f 1317//1782 1322//1786 1342//1808
f 1342//1808 1341//1809 1317//1782
f 1341//1809 1324//1787 1317//1782
f 1323//1790 1342//1808 1322//1786
f 1343//1810 1346//1811 1324//1787
f 1344//1812 1343//1810 1341//1813
f 1345//1814 1344//1812 1342//1815
f 1346//1811 1345//1814 1323//1790
f 1323//1790 1324//1787 1346//1811
f 1342//1815 1323//1790 1345//1814
f 1341//1813 1342//1815 1344//1812
f 1324//1787 1341//1813 1343//1810
f 1347//1816 1343//1817 1344//1818
f 1347//1819 1346//1820 1343//1821
f 1347//1822 1345//1823 1346//1824
f 1347//1825 1344//1826 1345//1827
f 1340//1807 1339//1806 1348//1828
f 1349//1829 1350//1830 1348//1828
f 1348//1828 1339//1806 1349//1829
f 1350//1830 1349//1829 1304//1769
f 1304//1769 1352//1831 1350//1830
f 1304//1769 1349//1829 1305//1770
f 1352//1831 1304//1769 1351//1832
f 1354//1833 1352//1831 1351//1832
f 1351//1832 1353//1834 1354//1833
f 1354//1833 1353//1834 1331//1802
f 1331//1802 1355//1835 1354//1833
f 1340//1807 1348//1828 1356//1836
f 1338//1803 1340//1807 1357//199
f 1326//1794 1316//1781 1319//1784
f 1357//199 1358//1797 1338//1803
f 1340//1807 1338//1803 1337//1805
f 1331//1802 1353//1834 1351//1832
f 1351//1832 1332//1837 1331//1802
f 1304//1769 1332//1837 1351//1832
f 1313//1778 1315//1780 1334//1801
f 1319//1784 1327//199 1326//1794
f 1332//1837 1303//1767 1294//1747
f 1313//1778 1334//1801 1308//1772
f 1321//1785 1327//199 1319//1784
f 1332//1837 1304//1769 1303//1767
f 1287//1745 1308//1772 1334//1801
f 1294//1747 1287//1745 1332//1837
f 1334//1801 1332//1837 1287//1745
f 1357//1838 1356//1836 1359//1839
f 1359//1839 1358//1797 1357//1838
f 1331//1802 1358//1797 1359//1839
f 1359//1839 1355//1835 1331//1802
f 1357//1838 1340//1807 1356//1836
f 1350//942 1352//1831 1362//1840
f 1362//1840 1352//1831 1354//1833
f 1359//1841 1361//1842 1360//1843
f 1356//1836 1348//1828 1361//1842
f 1360//1843 1354//1833 1355//1844
f 1360//1843 1355//1844 1359//1841
f 1361//1842 1359//1841 1356//1836
f 1348//1828 1363//1845 1361//1842
f 1350//942 1362//1840 1363//1845
f 1354//1833 1360//1843 1362//1840
f 1363//1845 1348//1828 1350//942
f 1363//1846 1362//1847 1364//1848
f 1362//1847 1360//1849 1365//1850
f 1361//1842 1363//1846 1366//1851
f 1364//1848 1366//1851 1363//1846
f 1366//1851 1360//1843 1361//1842
f 1365//1850 1364//1848 1362//1847
f 1367//1852 1370//1853 1360//1849
f 1368//1854 1367//1852 1366//1855
f 1366//1855 1364//1856 1368//1854
f 1369//1857 1368//1854 1364//1856
f 1370//1853 1369//1857 1364//1856
f 1364//1856 1365//1850 1370//1853
f 1360//1849 1366//1855 1367//1852
f 1365//1850 1360//1849 1370//1853
f 1371//1816 1367//1817 1368//1818
f 1371//1819 1370//1820 1367//1821
f 1371//1822 1369//1823 1370//1824
f 1371//1825 1368//1858 1369//1827
f 1372//219 1373//219 1325//219
f 1311//219 1335//219 1381//219
f 1377//1859 1290//1860 1305//1861
f 1375//219 1349//219 1374//219
f 1349//219 1339//219 1378//219
f 1376//219 1378//219 1339//219
f 1336//219 1329//219 1376//219
f 1329//219 1379//219 1376//219
f 1372//219 1328//219 1310//219
f 1339//219 1336//219 1376//219
f 1335//219 1325//219 1381//219
f 1325//219 1328//219 1372//219
f 1377//1859 1305//1861 1349//219
f 1373//219 1381//219 1325//219
f 1388//1173 1330//1862 1290//1860
f 1375//219 1377//1859 1349//219
f 1310//219 1311//219 1384//219
f 1381//219 1380//219 1311//219
f 1374//219 1382//219 1375//219
f 1349//219 1378//219 1374//219
f 1311//219 1380//219 1384//219
f 1335//219 1385//219 1383//219
f 1333//1863 1335//219 1383//219
f 1290//1860 1377//1859 1388//1173
f 1335//219 1386//219 1385//219
f 1311//219 1307//219 1387//219
f 1379//219 1330//1862 1382//219
f 1383//219 1307//219 1333//1863
f 1383//219 1387//219 1307//219
f 1388//1173 1382//219 1330//1862
f 1384//219 1372//219 1310//219
f 1386//219 1335//219 1311//219
f 1374//219 1379//219 1382//219
f 1387//219 1386//219 1311//219
f 1333//1863 1307//219 1306//1768
f 1333//1863 1306//1768 1291//1751
f 1333//1863 1291//1751 1290//1860
f 1330//1862 1333//1863 1290//1860
f 1329//219 1330//1862 1379//219
f 1382//288 1388//289 1389//290
f 1375//291 1382//288 1390//1864
f 1377//293 1375//291 1392//294
f 1388//289 1377//293 1393//295
f 1392//294 1393//295 1377//293
f 1391//1865 1392//294 1375//291
f 1390//1864 1391//1865 1375//291
f 1389//290 1390//1864 1382//288
f 1393//295 1389//290 1388//289
f 1394//297 1389//298 1393//299
f 1394//1866 1390//1867 1389//302
f 1394//1868 1391//304 1390//305
f 1394//1869 1392//307 1391//308
f 1394//1870 1393//310 1392//1871
f 1385//1872 1386//1873 1395//1874
f 1383//1875 1385//1872 1396//1876
f 1387//1877 1383//1875 1397//1878
f 1386//1873 1387//1877 1395//1874
f 1398//1879 1395//1874 1387//1877
f 1397//1878 1398//1879 1387//1877
f 1396//1876 1397//1878 1383//1875
f 1395//1874 1396//1876 1385//1872
f 1399//1880 1396//1881 1395//1882
f 1399//1883 1397//1884 1396//1885
f 1399//1886 1398//1887 1397//1888
f 1399//1889 1395//1890 1398//1891
f 1373//227 1372//228 1401//1892
f 1381//1893 1373//227 1402//231
f 1380//232 1381//1893 1402//231
f 1384//233 1380//232 1403//234
f 1372//228 1384//233 1400//235
f 1403//234 1400//235 1384//233
f 1402//231 1403//234 1380//232
f 1401//1892 1402//231 1373//227
f 1400//235 1401//1892 1372//228
f 1404//236 1401//237 1400//1894
f 1404//239 1402//240 1401//241
f 1404//1895 1403//243 1402//244
f 1404//245 1400//246 1403//247
f 1376//1896 1379//1897 1406//1898
f 1378//1899 1376//1896 1406//1898
f 1374//1900 1378//1899 1407//1901
f 1379//1897 1374//1900 1405//1902
f 1408//1903 1405//1902 1374//1900
f 1407//1901 1408//1903 1374//1900
f 1406//1898 1407//1901 1378//1899
f 1405//1902 1406//1898 1379//1897
f 1409//1904 1406//1905 1405//1906
f 1409//1907 1407//1908 1406//1909
f 1409//1910 1408//1911 1407//1912
f 1409//1913 1405//1914 1408//1915
f 1412//1916 1410//1917 1411//1918
f 1413//1919 1412//1916 1411//1918
f 1415//1920 1413//1919 1414//1921
f 1410//1917 1415//1920 1416//1922
f 1414//1921 1416//1922 1415//1920
f 1411//1918 1414//1921 1413//1919
f 1416//1922 1411//1918 1410//1917
f 1417//1923 1416//220 1414//1924
f 1417//1923 1419//1925 1416//220
f 1421//1926 1417//1923 1414//1924
f 1420//1927 1418//1923 1411//1928
f 1418//1923 1414//1924 1411//1928
f 1419//1925 1420//1927 1416//220
f 1411//1928 1416//220 1420//1927
f 1418//1923 1421//1926 1414//1924
f 1417//1929 1421//1930 1422//1931
f 1419//1932 1417//1929 1422//1931
f 1419//1932 1427//1933 1423//1934
f 1420//1935 1423//1934 1424//1936
f 1424//1936 1418//1937 1420//1935
f 1418//1937 1424//1936 1425//1938
f 1421//1930 1418//1937 1425//1938
f 1426//1939 1422//1931 1421//1930
f 1425//1938 1426//1939 1421//1930
f 1423//1934 1420//1935 1419//1932
f 1422//1931 1427//1933 1419//1932
f 1423//1934 1431//1940 1434//1941
f 1423//1934 1427//1933 1431//1940
f 1434//1941 1424//1942 1423//1934
f 1425//1938 1424//1942 1434//1941
f 1434//1941 1435//1943 1425//1938
f 1435//1943 1426//1939 1425//1938
f 1435//1943 1472//1944 1428//1945
f 1428//1945 1426//1939 1435//1943
f 1427//1933 1430//1946 1431//1940
f 1431//1940 1432//1947 1434//1941
f 1436//1948 1469//1949 1429//1950
f 1429//1950 1437//1951 1436//1948
f 1439//1952 1447//1953 1440//1954
f 1441//1955 1439//1952 1440//1954
f 1441//1955 1440//1954 1442//1956
f 1442//1956 1443//1957 1441//1955
f 1443//1957 1442//1956 1444//1958
f 1446//1959 1444//1960 1445//1961
f 1447//1953 1446//1959 1445//1961
f 1445//1961 1438//1962 1447//1953
f 1438//1962 1440//1954 1447//1953
f 1443//1957 1451//1963 1452//1964
f 1444//1958 1450//1965 1451//1963
f 1447//869 1439//219 1453//1966
f 1439//219 1441//1967 1453//1966
f 1450//1965 1444//1958 1446//1968
f 1453//1966 1450//1965 1447//869
f 1452//1964 1453//1966 1441//1967
f 1451//1963 1443//1957 1444//1958
f 1446//1968 1447//869 1450//1965
f 1441//1967 1443//1957 1452//1964
f 1455//1969 1454//1970 1453//1971
f 1456//1972 1455//1969 1452//1973
f 1454//1970 1456//1972 1450//1974
f 1451//1975 1450//1974 1456//1972
f 1452//1973 1451//1975 1456//1972
f 1453//1971 1452//1973 1455//1969
f 1450//1974 1453//1971 1454//1970
f 1445//1961 1461//1976 1459//1977
f 1461//1976 1458//1978 1459//1977
f 1448//1979 1449//1980 1457//1981
f 1444//1960 1442//1982 1460//1983
f 1460//1983 1461//1976 1444//1960
f 1445//1961 1444//1960 1461//1976
f 1437//1951 1438//1962 1459//1977
f 1442//1982 1448//1979 1460//1983
f 1457//1981 1460//1983 1448//1979
f 1459//1977 1438//1962 1445//1961
f 1477//1984 1457//1981 1449//1980
f 1457//1981 1477//1984 1476//1985
f 1459//1977 1458//1978 1463//1986
f 1464//1987 1437//1951 1459//1977
f 1437//1951 1464//1987 1436//1948
f 1458//1978 1462//1988 1463//1986
f 1465//1989 1463//1986 1462//1988
f 1463//1986 1464//1987 1459//1977
f 1436//1948 1464//1987 1463//1986
f 1436//1948 1463//1986 1465//1989
f 1466//1990 1470//1991 1436//1948
f 1436//1948 1465//1989 1466//1990
f 1470//1991 1467//1992 1468//1993
f 1470//1991 1468//1993 1469//1949
f 1467//1992 1470//1991 1466//1990
f 1436//1948 1470//1991 1469//1949
f 1430//1946 1429//1950 1469//1949
f 1431//1940 1430//1946 1469//1949
f 1468//1993 1432//1947 1431//1940
f 1432//1947 1468//1993 1467//1992
f 1467//1992 1433//1994 1432//1947
f 1467//1992 1466//1990 1471//1995
f 1471//1995 1433//1994 1467//1992
f 1469//1949 1468//1993 1431//1940
f 1432//1947 1433//1994 1434//1941
f 1428//1945 1473//1996 1495//1997
f 1473//1996 1428//1945 1472//1944
f 1477//1984 1475//1998 1476//1985
f 1477//1984 1474//1999 1475//1998
f 1478//2000 1476//1985 1475//1998
f 1479//2001 1475//1998 1474//1999
f 1475//1998 1479//2001 1478//2000
f 1479//2001 1474//1999 1481//2002
f 1481//2002 1482//2003 1479//2001
f 1477//1984 1480//2004 1481//2002
f 1481//2002 1474//1999 1477//1984
f 1481//2002 1480//2005 1482//2003
f 1438//1962 1483//2006 1440//1954
f 1483//2006 1438//1962 1437//1951
f 1483//2006 1442//1982 1440//1954
f 1483//2006 1484//2007 1448//1979
f 1448//1979 1442//1982 1483//2006
f 1422//1931 1485//2008 1427//1933
f 1485//2008 1486//2009 1429//1950
f 1485//2008 1430//1946 1427//1933
f 1437//1951 1486//2009 1483//2006
f 1485//2008 1426//1939 1428//1945
f 1429//1950 1430//1946 1485//2008
f 1428//1945 1495//1997 1488//2010
f 1486//2009 1437//1951 1429//1950
f 1428//1945 1487//2011 1485//2008
f 1449//1980 1448//1979 1484//2007
f 1449//1980 1484//2007 1480//2004
f 1422//1931 1426//1939 1485//2008
f 1480//2004 1477//1984 1449//1980
f 1488//2010 1487//2011 1428//1945
f 1489//2012 1488//2013 1490//2014
f 1495//1997 1494//2015 1490//2014
f 1490//2014 1488//2010 1495//1997
f 1494//2015 1492//2016 1489//2012
f 1489//2012 1490//2014 1494//2015
f 1473//1996 1491//2017 1492//2016
f 1492//2016 1494//2015 1493//2018
f 1492//2016 1493//2018 1473//1996
f 1495//1997 1493//2018 1494//2015
f 1493//2018 1495//1997 1473//1996
f 1478//2000 1460//1983 1457//1981
f 1496//2019 1462//1988 1458//1978
f 1478//2000 1461//1976 1460//1983
f 1458//1978 1461//1976 1496//2019
f 1457//1981 1476//1985 1478//2000
f 1461//1976 1498//2020 1497//2021
f 1497//2021 1496//2019 1461//1976
f 1491//2017 1435//1943 1434//1941
f 1491//2017 1472//1944 1435//1943
f 1499//2022 1434//1941 1433//1994
f 1433//1994 1471//1995 1499//2022
f 1499//2022 1500//2023 1434//1941
f 1491//2017 1473//1996 1472//1944
f 1434//1941 1500//2023 1491//2017
f 1500//2024 1501//2025 1502//2026
f 1500//2024 1499//2022 1501//2025
f 1499//2022 1503//2027 1501//2025
f 1504//2028 1514//2029 1523//2030
f 1523//2030 1525//2031 1504//2028
f 1505//2032 1504//2028 1502//2026
f 1502//2026 1504//2028 1524//2033
f 1506//2034 1505//2032 1501//2025
f 1506//2034 1501//2025 1503//2027
f 1503//2027 1507//2035 1506//2034
f 1502//2026 1501//2025 1505//2032
f 1525//2031 1524//2033 1504//2028
f 1510//2036 1508//2037 1542//2038
f 1512//2039 1513//2040 1497//2041
f 1511//2042 1512//2039 1498//2020
f 1508//2037 1510//2036 1498//2020
f 1498//2020 1510//2036 1511//2042
f 1498//2020 1544//2043 1508//2037
f 1497//2041 1498//2020 1512//2039
f 1542//2038 1509//2044 1510//2036
f 1513//2040 1512//2039 1518//2045
f 1512//2039 1511//2042 1518//2045
f 1511//2042 1510//2036 1517//2046
f 1510//2036 1509//2044 1521//2047
f 1521//2047 1517//2046 1510//2036
f 1517//2046 1518//2045 1511//2042
f 1518//2045 1516//2048 1513//2040
f 1514//2029 1504//2028 1520//2049
f 1504//2028 1505//2032 1519//2050
f 1505//2032 1506//2034 1515//2051
f 1506//2034 1507//2035 1515//2051
f 1515//2051 1519//2050 1505//2032
f 1519//2050 1520//2049 1504//2028
f 1499//2022 1471//1995 1507//2052
f 1471//1995 1466//2053 1515//2054
f 1515//2054 1507//2052 1471//1995
f 1466//2053 1465//1989 1516//2055
f 1462//1988 1513//2056 1516//2055
f 1496//2019 1497//2021 1513//2056
f 1516//2055 1515//2054 1466//2053
f 1513//2056 1462//1988 1496//2019
f 1516//2055 1465//1989 1462//1988
f 1507//2052 1503//2027 1499//2022
f 1517//2046 1516//2048 1518//2045
f 1520//2049 1519//2050 1515//2051
f 1515//2051 1516//2048 1517//2046
f 1517//2046 1520//2049 1515//2051
f 1520//2049 1521//2047 1509//2044
f 1509//2044 1514//2029 1520//2049
f 1517//2046 1521//2047 1520//2049
f 1524//2033 1525//2031 1522//2057
f 1525//2031 1523//2030 1522//2057
f 1526//2058 1524//2033 1522//2057
f 1527//2059 1526//2058 1522//2057
f 1522//2057 1528//2060 1527//2059
f 1502//2026 1524//2033 1415//2061
f 1524//2033 1529//639 1415//2061
f 1524//2033 1530//2062 1529//639
f 1529//639 1500//2024 1412//199
f 1415//2061 1410//2063 1502//2026
f 1500//2024 1410//2063 1412//199
f 1529//639 1413//199 1415//2061
f 1412//199 1413//199 1529//639
f 1530//2062 1524//2033 1526//2058
f 1526//2058 1527//2059 1531//582
f 1410//2063 1500//2024 1502//2026
f 1491//2017 1489//582 1492//2016
f 1491//2017 1529//639 1489//582
f 1526//2058 1531//582 1530//2062
f 1529//639 1491//2017 1500//2024
f 1531//2064 1527//2059 1532//2065
f 1532//2065 1534//2066 1531//2064
f 1523//2030 1533//2067 1528//2060
f 1528//2060 1522//2057 1523//2030
f 1527//2059 1528//2060 1532//2065
f 1532//2065 1528//2060 1533//2067
f 1532//2065 1533//2067 1534//2066
f 1487//2068 1488//2013 1489//2012
f 1485//2069 1487//2068 1529//2070
f 1484//2071 1483//2072 1536//2073
f 1480//2005 1484//2071 1537//2074
f 1534//2066 1486//2075 1485//2069
f 1534//2066 1485//2069 1531//2064
f 1535//2076 1483//2072 1539//2077
f 1483//2072 1486//2075 1539//2077
f 1538//2078 1539//2077 1486//2075
f 1534//2066 1538//2078 1486//2075
f 1537//2074 1482//2003 1480//2005
f 1536//2073 1537//2074 1484//2071
f 1535//2076 1536//2073 1483//2072
f 1530//2079 1531//2064 1485//2069
f 1529//2070 1530//2079 1485//2069
f 1489//2012 1529//2070 1487//2068
f 1540//2080 1535//2076 1539//2077
f 1539//2077 1546//2081 1540//2080
f 1536//2082 1541//2083 1544//2043
f 1544//2043 1454//2084 1537//639
f 1537//639 1536//2082 1544//2043
f 1461//1976 1456//2085 1454//2084
f 1478//2000 1455//199 1456//2085
f 1456//2085 1461//1976 1478//2000
f 1455//199 1478//2000 1537//639
f 1535//638 1540//2080 1541//2083
f 1536//2082 1535//638 1541//2083
f 1498//2020 1461//1976 1454//2084
f 1454//2084 1455//199 1537//639
f 1454//2084 1544//2043 1498//2020
f 1479//2001 1482//2086 1478//2000
f 1482//2086 1537//639 1478//2000
f 1540//2080 1547//2087 1542//2038
f 1542//2038 1541//2083 1540//2080
f 1541//2083 1542//2038 1543//2088
f 1543//2088 1544//2043 1541//2083
f 1542//2038 1508//2037 1543//2088
f 1544//2043 1543//2088 1508//2037
f 1538//2089 1509//2044 1545//2090
f 1533//2067 1509//2044 1538//2089
f 1509//2044 1542//2038 1545//2090
f 1538//2089 1534//2066 1533//2067
f 1533//2067 1514//2029 1509//2044
f 1539//2077 1538//2089 1545//2090
f 1533//2067 1523//2030 1514//2029
f 1547//2087 1545//2090 1542//2038
f 1540//2080 1546//2081 1547//2087
f 1546//2081 1545//2090 1547//2087
f 1539//2077 1545//2090 1546//2081
f 1552//2091 1549//2092 1548//2093
f 1552//2094 1550//2095 1549//2096
f 1552//2097 1551//2098 1550//2099
f 1552//2100 1548//2101 1551//2102
f 1554//2103 1553//2104 1548//2105
f 1555//2106 1554//2103 1549//2107
f 1556//2108 1555//2106 1550//2109
f 1553//2104 1556//2108 1551//2110
f 1551//2110 1548//2105 1553//2104
f 1550//2109 1551//2110 1556//2108
f 1549//2107 1550//2109 1555//2106
f 1548//2105 1549//2107 1554//2103
f 1558//2111 1553//2112 1554//2113
f 1553//2112 1558//2111 1557//2114
f 1559//2115 1560//2116 1553//2112
f 1561//2117 1558//2111 1554//2113
f 1553//2112 1557//2114 1559//2115
f 1563//2118 1561//2117 1555//2119
f 1561//2117 1554//2113 1555//2119
f 1556//2120 1560//2116 1562//2121
f 1555//2119 1556//2120 1562//2121
f 1555//2119 1562//2121 1563//2118
f 1556//2120 1553//2112 1560//2116
f 1564//2122 1563//2118 1562//2121
f 1565//2123 1562//2121 1560//2116
f 1565//2123 1560//2116 1559//2115
f 1566//2124 1559//2115 1557//2114
f 1567//2125 1557//2114 1558//2111
f 1569//2126 1558//2111 1561//2117
f 1570//2127 1561//2117 1563//2118
f 1561//2117 1570//2127 1569//2126
f 1558//2111 1569//2126 1568//2128
f 1558//2111 1568//2128 1567//2125
f 1557//2114 1567//2125 1566//2124
f 1559//2115 1566//2124 1565//2123
f 1562//2121 1565//2123 1564//2122
f 1563//2118 1564//2122 1570//2127
f 1569//1698 1570//1698 1571//1698
f 1573//1698 1564//1698 1565//1698
f 1574//1698 1571//1698 1570//1698
f 1575//1698 1566//1698 1567//2125
f 1575//1698 1576//1698 1565//1698
f 1569//1698 1571//1698 1572//2129
f 1572//2129 1568//2130 1569//1698
f 1568//2128 1575//1698 1567//2125
f 1565//1698 1566//1698 1575//1698
f 1564//1698 1573//1698 1574//1698
f 1570//1698 1564//1698 1574//1698
f 1565//1698 1576//1698 1573//1698
f 1574//2131 1573//2132 1592//2133
f 1573//2132 1591//2134 1592//2133
f 1591//2134 1573//2132 1576//2135
f 1576//2135 1575//2136 1589//2137
f 1575//2136 1588//2138 1589//2137
f 1568//2130 1597//2139 1588//2138
f 1588//2138 1575//2136 1568//2130
f 1587//2140 1568//2130 1572//2129
f 1572//2129 1596//2141 1587//2140
f 1572//2129 1571//2142 1595//2143
f 1574//2131 1586//2144 1593//2145
f 1593//2145 1571//2142 1574//2131
f 1593//2145 1594//2146 1571//2142
f 1594//2146 1595//2143 1571//2142
f 1595//2143 1596//2141 1572//2129
f 1587//2140 1597//2139 1568//2130
f 1589//2137 1590//2147 1576//2135
f 1590//2147 1591//2134 1576//2135
f 1592//2133 1586//2144 1574//2131
f 1581//2148 1582//2149 1586//2144
f 1584//2150 1585//2151 1587//2140
f 1577//2152 1578//2153 1589//2137
f 1578//2153 1579//2154 1590//2147
f 1579//2154 1580//2155 1591//2134
f 1580//2155 1581//2148 1592//2133
f 1582//2149 1583//2156 1593//2145
f 1594//2146 1583//2156 1595//2143
f 1583//2156 1584//2150 1595//2143
f 1587//2140 1585//2151 1597//2139
f 1585//2151 1577//2152 1588//2138
f 1588//2138 1597//2139 1585//2151
f 1587//2140 1596//2141 1584//2150
f 1596//2141 1595//2143 1584//2150
f 1594//2146 1593//2145 1583//2156
f 1593//2145 1586//2144 1582//2149
f 1586//2144 1592//2133 1581//2148
f 1592//2133 1591//2134 1580//2155
f 1591//2134 1590//2147 1579//2154
f 1590//2147 1589//2137 1578//2153
f 1589//2137 1588//2138 1577//2152
f 1609//2157 1599//2158 1577//2152
f 1598//2159 1582//2149 1581//2148
f 1577//2152 1585//2151 1609//2157
f 1581//2148 1580//2155 1598//2159
f 1598//2159 1600//2160 1582//2149
f 1609//2157 1585//2151 1584//2150
f 1599//2158 1578//2153 1577//2152
f 1584//2150 1600//2160 1609//2157
f 1583//2156 1582//2149 1600//2160
f 1584//2150 1583//2156 1600//2160
f 1579//2154 1578//2153 1599//2158
f 1580//2155 1579//2154 1598//2159
f 1599//2158 1598//2159 1579//2154
f 1600//2160 1598//2159 1601//2161
f 1601//2161 1602//2162 1603//2163
f 1602//2162 1604//2164 1603//2163
f 1603//2163 1600//2160 1601//2161
f 1605//2165 1606//2166 1602//2162
f 1608//2167 1609//2157 1607//2168
f 1607//2168 1610//2169 1608//2167
f 1608//2167 1599//2158 1609//2157
f 1607//2168 1611//2170 1610//2169
f 1610//2169 1611//2170 1613//2171
f 1613//2171 1612//2172 1610//2169
f 1616//2173 1617//2174 1614//2175
f 1612//2172 1613//2171 1615//2176
f 1615//2176 1614//2175 1612//2172
f 1614//2175 1615//2176 1616//2173
f 1619//2177 1617//2174 1616//2173
f 1616//2173 1618//2178 1619//2177
f 1606//2166 1620//2179 1621//2180
f 1621//2180 1622//2181 1606//2166
f 1620//2179 1619//2177 1618//2178
f 1618//2178 1621//2180 1620//2179
f 1623//2182 1604//2164 1624//2183
f 1626//2184 1606//2166 1622//2181
f 1604//2164 1623//2182 1627//2185
f 1625//2186 1606//2166 1628//2187
f 1604//2164 1629//2188 1624//2183
f 1628//2187 1623//2182 1625//2186
f 1629//2188 1604//2164 1602//2162
f 1606//2166 1625//2186 1630//2189
f 1622//2181 1604//2164 1627//2185
f 1626//2184 1628//2187 1606//2166
f 1624//2183 1625//2186 1623//2182
f 1627//2185 1626//2184 1622//2181
f 1630//2189 1629//2188 1602//2162
f 1630//2189 1602//2162 1606//2166
f 1630//2190 1625//2191 1632//2192
f 1629//2193 1630//2190 1633//2194
f 1624//2195 1633//2194 1634//2196
f 1624//2195 1634//2196 1631//2197
f 1631//2197 1625//2191 1624//2195
f 1633//2194 1624//2195 1629//2193
f 1632//2192 1633//2194 1630//2190
f 1631//2197 1632//2192 1625//2191
f 1638//2198 1635//2199 1623//2200
f 1635//2199 1636//2201 1627//2202
f 1626//2203 1636//2201 1637//2204
f 1628//2205 1626//2203 1637//2204
f 1628//2205 1637//2204 1638//2198
f 1638//2198 1623//2200 1628//2205
f 1626//2203 1627//2202 1636//2201
f 1627//2202 1623//2200 1635//2199
f 1642//2206 1637//2207 1636//2208
f 1641//2209 1635//2210 1638//2211
f 1635//2210 1641//2209 1639//2212
f 1639//2212 1636//2208 1635//2210
f 1636//2208 1645//2213 1642//2206
f 1636//2208 1639//2212 1645//2213
f 1637//2207 1640//2214 1641//2209
f 1638//2211 1637//2207 1641//2209
f 1637//2207 1642//2206 1640//2214
f 1642//2206 1643//2215 1640//2214
f 1645//2213 1644//2216 1643//2215
f 1643//2215 1642//2206 1645//2213
f 1649//2217 1643//2215 1644//2216
f 1649//2217 1640//2214 1643//2215
f 1640//2214 1649//2217 1647//2218
f 1652//2219 1648//2220 1646//2221
f 1652//2219 1646//2221 1647//2218
f 1653//2222 1647//2218 1649//2217
f 1649//2217 1644//2216 1653//2222
f 1647//2218 1653//2222 1652//2219
f 1654//2223 1655//2224 1657//2225
f 1656//2226 1657//2225 1655//2224
f 1657//2225 1648//2220 1654//2223
f 1662//2227 1646//2221 1648//2220
f 1647//2218 1646//2221 1658//2228
f 1657//2225 1662//2227 1648//2220
f 1646//2221 1662//2227 1658//2228
f 1640//2214 1647//2218 1658//2228
f 1658//2228 1641//2209 1640//2214
f 1662//2227 1657//2225 1656//2226
f 1656//2226 1659//2229 1662//2227
f 1660//2230 1664//2231 1656//2226
f 1661//2232 1660//2230 1655//2224
f 1652//2219 1661//2232 1654//2223
f 1654//2223 1648//2220 1652//2219
f 1655//2224 1654//2223 1661//2232
f 1656//2226 1655//2224 1660//2230
f 1653//2222 1651//2233 1652//2219
f 1651//2233 1653//2222 1644//2234
f 1663//2235 1662//2227 1659//2229
f 1664//2231 1659//2229 1656//2226
f 1661//2232 1652//2219 1665//2236
f 1664//2231 1663//2235 1659//2229
f 1663//2235 1664//2231 1666//2237
f 1664//2231 1660//2230 1666//2237
f 1684//2238 1671//2239 1670//2240
f 1671//2239 1672//2241 1670//2240
f 1672//2241 1671//2239 1668//2242
f 1672//2241 1668//2242 1669//2243
f 1672//2241 1673//2244 1674//2245
f 1669//2243 1673//2244 1672//2241
f 1674//2245 1670//2240 1672//2241
f 1684//2238 1670//2240 1675//2246
f 1682//2247 1684//2238 1675//2246
f 1675//2246 1676//2248 1682//2247
f 1670//2240 1674//2245 1675//2246
f 1674//2245 1673//2244 1677//2249
f 1676//2248 1675//2246 1678//2250
f 1677//2249 1678//2250 1675//2246
f 1669//2243 1677//2249 1673//2244
f 1677//2249 1675//2246 1674//2245
f 1679//2251 1678//2250 1677//2249
f 1677//2249 1669//2243 1679//2251
f 1678//2250 1679//2251 1676//2248
f 1679//2251 1680//2252 1676//2248
f 1682//2247 1681//2253 1683//2254
f 1682//2247 1683//2254 1684//2238
f 1682//2247 1676//2248 1680//2252
f 1681//2253 1682//2247 1680//2252
f 1680//2252 1690//2255 1681//2253
f 1686//2256 1681//2253 1687//2257
f 1685//2258 1686//2256 1687//2257
f 1687//2257 1688//2259 1685//2258
f 1690//2255 1687//2257 1681//2253
f 1688//2259 1691//2260 1689//2261
f 1689//2261 1685//2258 1688//2259
f 1691//2260 1688//2259 1687//2257
f 1687//2257 1690//2255 1691//2260
f 1689//2261 1692//2262 1693//2263
f 1692//2262 1696//2264 1695//2265
f 1692//2262 1695//2265 1698//2266
f 1696//2264 1694//2267 1695//2265
f 1694//2267 1705//2268 1698//2266
f 1698//2266 1695//2265 1694//2267
f 1697//2269 1692//2262 1698//2266
f 1700//2270 1697//2269 1699//2271
f 1701//2272 1700//2270 1704//2273
f 1703//2274 1701//2272 1702//2275
f 1704//2273 1702//2275 1701//2272
f 1699//2271 1704//2273 1700//2270
f 1698//2266 1699//2271 1697//2269
f 1698//2266 1705//2268 1699//2271
f 1705//2268 1704//2273 1699//2271
f 1707//2276 1711//2277 1708//2278
f 1713//2279 1708//2278 1711//2277
f 1706//2280 1702//2275 1704//2273
f 1694//2267 1706//2280 1704//2273
f 1705//2268 1694//2267 1704//2273
f 1709//2281 1710//2282 1711//2277
f 1707//2276 1694//2267 1709//2281
f 1707//2276 1706//2280 1694//2267
f 1711//2277 1707//2276 1709//2281
f 1712//2283 1711//2277 1710//2282
f 1712//2283 1713//2279 1711//2277
f 1703//2274 1702//2275 1706//2280
f 1703//2274 1706//2280 1707//2276
f 1714//2284 1707//2276 1708//2278
f 1708//2278 1715//2285 1714//2284
f 1707//2276 1714//2284 1703//2274
f 1697//2269 1693//2263 1692//2262
f 1701//2272 1703//2286 1718//2287
f 1717//2288 1712//2283 1710//2282
f 1710//2282 1716//2289 1717//2288
f 1717//2288 1715//2285 1713//2279
f 1713//2279 1712//2283 1717//2288
f 1708//2278 1713//2279 1715//2285
f 1718//2287 1703//2286 1714//2284
f 1717//2288 1719//2290 1715//2285
f 1719//2290 1714//2284 1715//2285
f 1723//2291 1725//2292 1724//2293
f 1724//2293 1725//2292 1721//2294
f 1724//2293 1721//2294 1722//2295
f 1723//2291 1724//2293 1728//2296
f 1726//2297 1723//2291 1729//2298
f 1729//2298 1730//2299 1726//2297
f 1728//2296 1729//2298 1723//2291
f 1727//2300 1728//2296 1724//2293
f 1722//2295 1727//2300 1724//2293
f 1667//2301 1726//2297 1730//2299
f 1730//2299 1732//2302 1667//2301
f 1729//2298 1728//2296 1727//2300
f 1731//2303 1729//2298 1727//2300
f 1731//2303 1730//2299 1729//2298
f 1727//2300 1722//2295 1731//2303
f 1731//2303 1732//2302 1730//2299
f 1710//2282 1733//2304 1716//2289
f 1720//2305 1716//2289 1733//2304
f 1634//2306 1650//2307 1639//2212
f 1639//2212 1631//2308 1634//2306
f 1634//2306 1633//2309 1650//2307
f 1639//2212 1735//2310 1631//2308
f 1735//2310 1632//2311 1631//2308
f 1735//2310 1736//2312 1632//2311
f 1736//2312 1633//2309 1632//2311
f 1668//2242 1650//2307 1736//2312
f 1692//2262 1689//2261 1737//2313
f 1732//2302 1734//2314 1667//2301
f 1732//2302 1731//2303 1738//2315
f 1739//2316 1731//2303 1722//2295
f 1722//2295 1740//2317 1739//2316
f 1720//2305 1741//2318 1722//2295
f 1741//2318 1740//2317 1722//2295
f 1742//2319 1733//2304 1710//2282
f 1709//2320 1694//2267 1744//2321
f 1692//2262 1745//2322 1696//2264
f 1694//2267 1696//2264 1745//2322
f 1745//2322 1744//2321 1694//2267
f 1691//2260 1746//2323 1737//2313
f 1691//2260 1737//2313 1689//2261
f 1746//2323 1691//2260 1690//2255
f 1690//2255 1747//2324 1746//2323
f 1680//2252 1679//2251 1747//2324
f 1747//2324 1690//2255 1680//2252
f 1668//2242 1748//2325 1669//2243
f 1747//2324 1679//2251 1669//2243
f 1669//2243 1748//2325 1747//2324
f 1641//2209 1735//2310 1639//2212
f 1641//2209 1749//2326 1735//2310
f 1641//2209 1658//2327 1749//2326
f 1750//2328 1658//2327 1662//2227
f 1662//2227 1751//2329 1750//2328
f 1662//2227 1663//2235 1751//2329
f 1667//2301 1752//2330 1663//2235
f 1752//2330 1751//2329 1663//2235
f 1663//2235 1666//2237 1667//2301
f 1750//2328 1749//2326 1658//2327
f 1744//2321 1743//2331 1709//2320
f 1743//2331 1742//2319 1709//2320
f 1710//2282 1709//2320 1742//2319
f 1722//2295 1721//2294 1720//2305
f 1739//2316 1738//2315 1731//2303
f 1738//2315 1734//2314 1732//2302
f 1737//2313 1745//2322 1692//2262
f 1736//2312 1748//2325 1668//2242
f 1633//2309 1736//2312 1650//2307
f 1734//2314 1752//2330 1667//2301
f 1733//2304 1741//2318 1720//2305
f 1744//2332 1745//2333 1753//2334
f 1743//2331 1744//2332 1753//2334
f 1610//2169 1612//2172 1754//2335
f 1754//2335 1755//2336 1610//2169
f 1612//2172 1614//2175 1740//2317
f 1750//2328 1620//2179 1606//2166
f 1750//2328 1619//2177 1620//2179
f 1747//2324 1602//2162 1601//2161
f 1756//2337 1598//2159 1599//2158
f 1771//2338 1756//2337 1599//2158
f 1753//2334 1599//2158 1608//2167
f 1608//2167 1610//2169 1743//2331
f 1606//2166 1605//2165 1735//2310
f 1735//2310 1749//2326 1606//2166
f 1617//2174 1619//2177 1757//2339
f 1757//2339 1758//2340 1617//2174
f 1759//2341 1750//2328 1751//2329
f 1752//2330 1734//2314 1758//2340
f 1734//2314 1617//2174 1758//2340
f 1619//2177 1750//2328 1759//2341
f 1759//2341 1757//2339 1619//2177
f 1617//2174 1734//2314 1738//2315
f 1617//2174 1738//2315 1739//2316
f 1739//2316 1740//2317 1762//2342
f 1761//2343 1617//2174 1739//2316
f 1740//2317 1614//2175 1762//2342
f 1761//2343 1760//2344 1617//2174
f 1760//2344 1614//2175 1617//2174
f 1762//2342 1761//2343 1739//2316
f 1760//2344 1762//2342 1614//2175
f 1755//2336 1763//2345 1733//2304
f 1612//2172 1740//2317 1764//2346
f 1740//2317 1765//2347 1764//2346
f 1741//2318 1733//2304 1763//2345
f 1764//2346 1754//2335 1612//2172
f 1741//2318 1765//2347 1740//2317
f 1610//2169 1742//2319 1743//2331
f 1742//2319 1610//2169 1733//2304
f 1753//2334 1608//2167 1766//2348
f 1768//2349 1766//2348 1608//2167
f 1608//2167 1743//2331 1768//2349
f 1767//2350 1743//2331 1753//2334
f 1753//2334 1766//2348 1767//2350
f 1767//2350 1768//2349 1743//2331
f 1753//2334 1745//2333 1769//2351
f 1756//2337 1770//2352 1737//2313
f 1753//2334 1769//2351 1771//2338
f 1771//2338 1599//2158 1753//2334
f 1770//2352 1745//2322 1737//2313
f 1747//2324 1601//2161 1598//2159
f 1756//2337 1737//2313 1746//2323
f 1746//2323 1598//2159 1756//2337
f 1772//2353 1602//2162 1747//2324
f 1602//2162 1772//2353 1773//2354
f 1605//2165 1736//2312 1735//2310
f 1748//2325 1772//2353 1747//2324
f 1773//2354 1605//2165 1602//2162
f 1598//2159 1746//2323 1747//2324
f 1606//2166 1749//2326 1750//2328
f 1755//2336 1733//2304 1610//2169
f 1775//2355 1774//2356 1769//2357
f 1776//2358 1775//2355 1745//2359
f 1777//2360 1776//2358 1770//2352
f 1778//2361 1777//2360 1756//2337
f 1774//2356 1778//2361 1771//2362
f 1756//2337 1771//2362 1778//2361
f 1770//2352 1756//2337 1777//2360
f 1745//2359 1770//2352 1776//2358
f 1769//2357 1745//2359 1775//2355
f 1771//2362 1769//2357 1774//2356
f 1778//199 1779//199 1781//199
f 1778//199 1774//199 1779//199
f 1774//199 1780//199 1779//199
f 1780//199 1774//199 1775//199
f 1776//199 1782//199 1780//199
f 1777//199 1778//199 1781//199
f 1776//199 1777//199 1782//199
f 1780//199 1775//199 1776//199
f 1781//199 1782//199 1777//199
f 1783//2363 1787//2364 1779//2365
f 1784//2366 1783//2363 1780//2367
f 1785//2368 1784//2366 1782//2369
f 1786//2370 1785//2368 1781//2371
f 1787//2364 1786//2370 1779//2365
f 1781//2371 1779//2365 1786//2370
f 1782//2369 1781//2371 1785//2368
f 1780//2367 1782//2369 1784//2366
f 1779//2365 1780//2367 1783//2363
f 1788//2372 1792//2373 1754//2374
f 1789//2375 1788//2372 1754//2374
f 1790//2376 1789//2375 1764//2377
f 1791//2378 1790//2376 1741//2318
f 1792//2373 1791//2378 1763//2345
f 1755//2379 1754//2374 1792//2373
f 1763//2345 1755//2379 1792//2373
f 1741//2318 1763//2345 1791//2378
f 1765//2380 1741//2318 1790//2376
f 1764//2377 1765//2380 1790//2376
f 1754//2374 1764//2377 1789//2375
f 1788//199 1794//199 1796//199
f 1793//199 1795//199 1791//199
f 1795//199 1794//199 1790//199
f 1794//199 1789//199 1790//199
f 1790//199 1791//199 1795//199
f 1793//199 1791//199 1792//199
f 1796//199 1793//199 1792//199
f 1796//199 1792//199 1788//199
f 1794//199 1788//199 1789//199
f 1798//2381 1797//2382 1794//2383
f 1799//2384 1798//2381 1795//2385
f 1800//2386 1799//2384 1793//2387
f 1797//2382 1800//2386 1796//2388
f 1793//2387 1796//2388 1800//2386
f 1795//2385 1793//2387 1799//2384
f 1794//2383 1795//2385 1798//2381
f 1796//2388 1794//2383 1797//2382
f 1801//2389 1805//2390 1758//2340
f 1802//2391 1801//2389 1757//2392
f 1803//2393 1802//2391 1757//2392
f 1804//2394 1803//2393 1759//2341
f 1805//2390 1804//2394 1751//2329
f 1752//2330 1758//2340 1805//2390
f 1751//2329 1752//2330 1805//2390
f 1759//2341 1751//2329 1804//2394
f 1757//2392 1759//2341 1803//2393
f 1758//2340 1757//2392 1801//2389
f 1801//199 1806//199 1808//199
f 1803//199 1804//199 1807//199
f 1804//199 1805//199 1808//199
f 1802//199 1809//199 1806//199
f 1808//199 1807//199 1804//199
f 1808//199 1805//199 1801//199
f 1806//199 1801//199 1802//199
f 1802//199 1803//199 1809//199
f 1807//199 1809//199 1803//199
f 1811//2395 1810//2396 1806//2397
f 1812//2398 1811//2395 1809//2399
f 1813//2400 1812//2398 1807//2401
f 1810//2396 1813//2400 1808//2402
f 1807//2401 1808//2402 1813//2400
f 1809//2399 1807//2401 1812//2398
f 1806//2397 1809//2399 1811//2395
f 1808//2402 1806//2397 1810//2396
f 1815//2403 1814//2404 1736//2312
f 1816//2405 1815//2403 1736//2312
f 1817//2406 1816//2405 1773//2354
f 1818//2407 1817//2406 1773//2354
f 1814//2404 1818//2407 1748//2325
f 1772//2408 1748//2325 1818//2407
f 1773//2354 1772//2408 1818//2407
f 1605//2165 1773//2354 1816//2405
f 1736//2312 1605//2165 1816//2405
f 1748//2325 1736//2312 1814//2404
f 1817//199 1819//199 1821//199
f 1814//199 1820//199 1822//199
f 1817//199 1818//199 1819//199
f 1816//199 1821//199 1820//199
f 1818//199 1822//199 1819//199
f 1818//199 1814//199 1822//199
f 1820//199 1815//199 1816//199
f 1816//199 1817//199 1821//199
f 1820//199 1814//199 1815//199
f 1824//2409 1823//2410 1822//2411
f 1825//2412 1824//2409 1820//2413
f 1826//2414 1825//2412 1819//2415
f 1823//2410 1826//2414 1819//2415
f 1819//2415 1822//2411 1823//2410
f 1821//2416 1819//2415 1825//2412
f 1820//2413 1821//2416 1825//2412
f 1822//2411 1820//2413 1824//2409
f 1827//2417 1829//2418 1766//2419
f 1828//2420 1827//2417 1768//2421
f 1829//2418 1828//2420 1767//2422
f 1767//2422 1766//2419 1829//2418
f 1768//2421 1767//2422 1828//2420
f 1766//2419 1768//2421 1827//2417
f 1830//2423 1827//2424 1828//2425
f 1830//2426 1829//2427 1827//2428
f 1830//2429 1828//2430 1829//2431
f 1832//2432 1831//2433 1762//2434
f 1833//2435 1832//2432 1762//2434
f 1834//2436 1833//2435 1760//2437
f 1831//2433 1834//2436 1760//2437
f 1760//2437 1761//2438 1831//2433
f 1762//2434 1760//2437 1833//2435
f 1761//2438 1762//2434 1831//2433
f 1835//2439 1832//2440 1833//2441
f 1835//2442 1831//2443 1832//2444
f 1835//2445 1834//2446 1831//2447
f 1835//2448 1833//2449 1834//2450
f 1684//2238 1683//2254 1840//2451
f 1840//2451 1836//2452 1837//2453
f 1600//2454 1838//2455 1839//2456
f 1600//2454 1840//2451 1837//2453
f 1836//2452 1840//2451 1683//2254
f 1681//2253 1839//2456 1683//2254
f 1837//2453 1838//2455 1600//2454
f 1681//2253 1686//2256 1600//2454
f 1686//2256 1685//2258 1600//2454
f 1716//2289 1611//2457 1717//2288
f 1652//2219 1651//2233 1665//2236
f 1684//2238 1840//2451 1671//2239
f 1824//2458 1639//2212 1650//2307
f 1668//2242 1823//2459 1824//2458
f 1668//2242 1604//2164 1826//2460
f 1650//2307 1668//2242 1824//2458
f 1639//2212 1824//2458 1825//2461
f 1668//2242 1826//2460 1823//2459
f 1799//2462 1716//2289 1720//2305
f 1798//2463 1799//2462 1721//2294
f 1613//2464 1797//219 1798//2463
f 1716//2289 1799//2462 1800//2465
f 1721//2294 1613//2464 1798//2463
f 1799//2462 1720//2305 1721//2294
f 1613//2464 1716//2289 1800//2465
f 1800//2465 1797//219 1613//2464
f 1785//2466 1600//2454 1689//2261
f 1600//2454 1785//2466 1786//219
f 1609//2467 1786//219 1787//2468
f 1697//2269 1609//2467 1787//2468
f 1689//2261 1784//2469 1785//2466
f 1787//2468 1783//2470 1697//2269
f 1693//2263 1697//2269 1783//2470
f 1783//2470 1784//2469 1693//2263
f 1784//2469 1689//2261 1693//2263
f 1604//2164 1668//2242 1842//2471
f 1671//2239 1842//2471 1668//2242
f 1842//2471 1841//2472 1604//2164
f 1841//2472 1603//2163 1604//2164
f 1604//2164 1622//2473 1825//2461
f 1825//2461 1622//2473 1639//2212
f 1825//2461 1826//2460 1604//2164
f 1844//2474 1644//2216 1645//2213
f 1645//2213 1622//2473 1844//2474
f 1843//2475 1622//2473 1621//2476
f 1843//2475 1621//2476 1665//2236
f 1843//2475 1844//2474 1622//2473
f 1661//2232 1621//2476 1618//2477
f 1665//2236 1621//2476 1661//2232
f 1618//2477 1666//2237 1660//2230
f 1810//2478 1616//2479 1667//2301
f 1812//2480 1813//2481 1666//2237
f 1666//2237 1618//2477 1812//2480
f 1667//2301 1813//2481 1810//2478
f 1618//2477 1811//219 1812//2480
f 1811//219 1618//2477 1616//2479
f 1813//2481 1667//2301 1666//2237
f 1810//2478 1811//219 1616//2479
f 1726//2297 1667//2301 1616//2479
f 1616//2479 1723//2291 1726//2297
f 1723//2291 1616//2479 1615//2482
f 1613//2464 1721//2294 1846//2483
f 1615//2482 1847//2484 1845//2485
f 1845//2485 1725//2292 1723//2291
f 1725//2292 1846//2483 1721//2294
f 1847//2484 1615//2482 1613//2464
f 1613//2464 1846//2483 1847//2484
f 1845//2485 1723//2291 1615//2482
f 1716//2289 1613//2464 1611//2457
f 1607//2486 1701//2272 1848//2487
f 1717//2288 1849//2488 1719//2290
f 1607//2486 1848//2487 1849//2488
f 1701//2272 1718//2287 1848//2487
f 1719//2290 1718//2287 1714//2284
f 1849//2488 1717//2288 1607//2486
f 1609//2467 1697//2269 1700//2270
f 1607//2486 1609//2467 1701//2272
f 1700//2270 1701//2272 1609//2467
f 1609//2467 1600//2454 1786//219
f 1611//2457 1607//2486 1717//2288
f 1660//2230 1661//2232 1618//2477
f 1645//2213 1639//2212 1622//2473
f 1600//2454 1603//2163 1840//2451
f 1685//2258 1689//2261 1600//2454
f 1839//2456 1681//2253 1600//2454
f 1839//2489 1838//2455 1850//2490
f 1836//2452 1683//2254 1851//2491
f 1839//2456 1851//2491 1683//2254
f 1854//2492 1852//2493 1839//2489
f 1839//2489 1850//2490 1854//2492
f 1838//2455 1837//2453 1853//2494
f 1850//2490 1838//2455 1853//2494
f 1853//2494 1854//2492 1850//2490
f 1855//2495 1853//2494 1837//2453
f 1837//2453 1836//2452 1855//2495
f 1851//2491 1839//2489 1852//2493
f 1836//2452 1851//2491 1855//2495
f 1852//2493 1855//2495 1851//2491
f 1853//2494 1855//2495 1852//2493
f 1852//2493 1854//2492 1853//2494
f 1847//2484 1846//2483 1856//2496
f 1858//2497 1857//2498 1845//2485
f 1859//2499 1858//2497 1856//2496
f 1857//2498 1859//2499 1846//2483
f 1846//2483 1725//2292 1857//2498
f 1856//2496 1846//2483 1859//2499
f 1847//2484 1856//2496 1858//2497
f 1845//2485 1847//2484 1858//2497
f 1725//2292 1845//2485 1857//2498
f 1860//2500 1857//2501 1858//2502
f 1860//2503 1859//2504 1857//2505
f 1860//2506 1858//2507 1859//2508
f 1863//2509 1651//2233 1644//2234
f 1644//2234 1844//2510 1861//2511
f 1844//2510 1843//2512 1862//2513
f 1665//2236 1651//2233 1863//2509
f 1863//2509 1843//2475 1665//2236
f 1862//2513 1861//2511 1844//2510
f 1861//2511 1863//2509 1644//2234
f 1865//2514 1864//2515 1862//2513
f 1866//2516 1865//2514 1863//2517
f 1864//2515 1866//2516 1861//2518
f 1861//2518 1862//2513 1864//2515
f 1863//2517 1861//2518 1866//2516
f 1843//2512 1863//2517 1865//2514
f 1862//2513 1843//2512 1865//2514
f 1867//2500 1864//2501 1865//2502
f 1867//2503 1866//2504 1864//2505
f 1867//2506 1865//2507 1866//2508
f 1849//2519 1848//2520 1868//2521
f 1848//2520 1718//2522 1869//2523
f 1718//2522 1719//2524 1870//2525
f 1719//2524 1849//2519 1871//2526
f 1868//2521 1871//2526 1849//2519
f 1871//2526 1870//2525 1719//2524
f 1870//2525 1869//2523 1718//2522
f 1869//2523 1868//2521 1848//2520
f 1872//2527 1875//2528 1870//2529
f 1873//2530 1872//2527 1871//2531
f 1871//2531 1868//2532 1873//2530
f 1874//2533 1873//2530 1868//2532
f 1875//2528 1874//2533 1868//2532
f 1868//2532 1869//2534 1875//2528
f 1870//2529 1871//2531 1872//2527
f 1869//2534 1870//2529 1875//2528
f 1876//2535 1872//2536 1873//2537
f 1876//2538 1875//2539 1872//2540
f 1876//2541 1874//2542 1875//2543
f 1876//2544 1873//2545 1874//2546
f 1840//2451 1603//2163 1877//2547
f 1603//2163 1841//2472 1877//2547
f 1878//2548 1842//2471 1671//2239
f 1840//2451 1878//2548 1671//2239
f 1879//2549 1882//2550 1841//2472
f 1880//2551 1879//2549 1842//2471
f 1881//2552 1880//2551 1878//2553
f 1882//2550 1881//2552 1840//2451
f 1840//2451 1877//2547 1882//2550
f 1878//2553 1840//2451 1881//2552
f 1842//2471 1878//2553 1880//2551
f 1841//2472 1842//2471 1879//2549
f 1877//2547 1841//2472 1882//2550
f 1883//2535 1879//2536 1880//2537
f 1883//2538 1882//2539 1879//2540
f 1883//2541 1881//2542 1882//2543
f 1883//2544 1880//2545 1881//2546
f 4432//5855 4433//199 4431//5856
f 4433//199 4434//5857 4431//5856
f 4433//5858 4435//5859 4436//5860
f 4436//5860 4434//5857 4433//5858
f 4434//5857 4436//5860 4437//5861
f 4437//5861 4431//5856 4434//5857
f 4437//5861 4438//5862 4431//5856
f 4432//5855 4431//5856 4438//5862
f 4432//5855 4438//5862 4439//5863
f 4440//5864 4433//5858 4432//5855
f 4440//5864 4435//5859 4433//5858
f 4439//5863 4440//5864 4432//5855
f 4442//5865 4439//5863 4438//5862
f 4443//5866 4435//5859 4440//5864
f 4438//5862 4441//5867 4442//5865
f 4442//5865 4443//5866 4439//5863
f 4444//5868 4445//5869 4437//5861
f 4440//5864 4439//5863 4443//5866
f 4446//5870 4438//5862 4437//5861
f 4435//5859 4443//5866 4444//5868
f 4437//5861 4436//5860 4444//5868
f 4437//5861 4445//5869 4446//5870
f 4438//5862 4446//5870 4441//5867
f 4436//5860 4435//5859 4444//5868
f 4443//5871 4456//5872 4457//5873
f 4443//5871 4455//5874 4456//5872
f 4455//5874 4443//5871 4442//5875
f 4442//5875 4448//5876 4455//5874
f 4442//5875 4441//5877 4448//5876
f 4454//5878 4441//5877 4446//5879
f 4446//5879 4460//5880 4454//5878
f 4446//5879 4445//5881 4460//5880
f 4445//5881 4444//5882 4461//5883
f 4444//5882 4458//5884 4461//5883
f 4459//5885 4444//5882 4443//5871
f 4457//5873 4459//5885 4443//5871
f 4459//5885 4458//5884 4444//5882
f 4461//5883 4460//5880 4445//5881
f 4454//5878 4447//5886 4441//5877
f 4447//5886 4448//5876 4441//5877
f 4452//5887 4453//5888 4460//5880
f 4448//5876 4449//5889 4455//5874
f 4450//5890 4451//5891 4459//5885
f 4460//5880 4453//5888 4454//5878
f 4458//5884 4452//5887 4461//5883
f 4459//5885 4457//5873 4450//5890
f 4460//5880 4461//5883 4452//5887
f 4452//5887 4458//5884 4451//5891
f 4458//5884 4459//5885 4451//5891
f 4450//5890 4457//5873 4449//5889
f 4457//5873 4456//5872 4449//5889
f 4456//5872 4455//5874 4449//5889
f 4447//5886 4454//5878 4453//5888
f 4497//5892 4534//5893 4465//5894
f 4534//5893 4535//5895 4463//5896
f 4535//5895 4462//5897 4463//5896
f 4497//5892 4466//5898 4464//5899
f 4534//5893 4611//5900 4465//5894
f 4535//5895 4464//5899 4462//5897
f 4463//5896 4611//5900 4534//5893
f 4465//5894 4466//5898 4497//5892
f 4534//5893 4515//5901 4467//5902
f 4515//5901 4471//5903 4468//5904
f 4535//5895 4673//5905 4469//5906
f 4515//5901 4672//5907 4467//5902
f 4673//5905 4535//5895 4534//5893
f 4468//5904 4672//5907 4515//5901
f 4469//5906 4471//5903 4535//5895
f 4467//5902 4470//5908 4534//5893
f 4470//5908 4673//5905 4534//5893
f 4452//5887 4464//5899 4535//5895
f 4452//5887 4535//5895 4472//5909
f 4452//5887 4472//5909 4630//5910
f 4630//5910 4474//5911 4452//5887
f 4535//5895 4477//5912 4478//5913
f 4476//5914 4477//5912 4535//5895
f 4534//5893 4479//5915 4513//5916
f 4479//5915 4534//5893 4507//5917
f 4507//5917 4508//5918 4514//5919
f 4507//5917 4514//5919 4479//5915
f 4476//5914 4480//5920 4523//5921
f 4481//5922 4480//5920 4471//5903
f 4480//5920 4476//5914 4471//5903
f 4496//5923 4464//5899 4450//5890
f 4464//5899 4451//5891 4450//5890
f 4453//5888 4452//5887 4494//5924
f 4452//5887 4451//5891 4464//5899
f 4494//5924 4447//5886 4453//5888
f 4450//5890 4449//5889 4496//5923
f 4483//5925 4494//5924 4452//5887
f 4483//5925 4482//199 4494//5924
f 4532//5926 4485//5927 4484//5928
f 4485//5927 4478//5913 4484//5928
f 4475//5929 4532//5926 4484//5928
f 4478//5913 4485//5927 4535//5895
f 4485//5927 4473//5930 4535//5895
f 4485//5927 4488//5931 4486//5932
f 4488//5931 4474//5911 4486//5932
f 4485//5927 4486//5932 4473//5930
f 4488//5931 4487//5933 4489//5934
f 4474//5911 4488//5931 4489//5934
f 4489//5934 4490//5935 4474//5911
f 4490//5935 4494//5924 4492//5936
f 4452//5887 4491//5937 4483//5925
f 4492//5936 4491//5937 4474//5911
f 4492//5936 4474//5911 4490//5935
f 4494//5924 4482//199 4492//5936
f 4491//5937 4452//5887 4474//5911
f 4494//5924 4490//5935 4493//5938
f 4495//5939 4496//5923 4449//5889
f 4447//5886 4494//5924 4495//5939
f 4449//5889 4448//5876 4495//5939
f 4495//5939 4448//5876 4447//5886
f 4497//5892 4498//5940 4499//5941
f 4497//5892 4499//5941 4505//5942
f 4498//5940 4497//5892 4500//5943
f 4507//5917 4534//5893 4502//5944
f 4534//5893 4497//5892 4503//5945
f 4500//5943 4603//5946 4501//5947
f 4534//5893 4504//5948 4502//5944
f 4497//5892 4505//5942 4503//5945
f 4501//5947 4498//5940 4500//5943
f 4534//5893 4503//5945 4504//5948
f 4502//5944 4506//5949 4507//5917
f 4603//5946 4500//5943 4507//5917
f 4506//5949 4603//5946 4507//5917
f 4509//5950 4515//5901 4512//5951
f 4515//5901 4511//5952 4512//5951
f 4515//5901 4534//5893 4577//5953
f 4534//5893 4513//5916 4577//5953
f 4510//5954 4514//5919 4508//5918
f 4515//5901 4577//5953 4511//5952
f 4508//5918 4509//5950 4510//5954
f 4512//5951 4510//5954 4509//5950
f 4515//5901 4516//5955 4471//5903
f 4471//5903 4516//5955 4517//5956
f 4521//5957 4519//5958 4522//5959
f 4522//5959 4476//5914 4521//5957
f 4520//5960 4519//5958 4518//5961
f 4517//5956 4481//5922 4471//5903
f 4518//5961 4516//5955 4520//5960
f 4520//5960 4522//5959 4519//5958
f 4523//5921 4521//5957 4476//5914
f 4518//5961 4517//5956 4516//5955
f 4476//5914 4522//5959 4524//5962
f 4526//199 4524//5962 4522//5959
f 4525//5963 4527//5964 4526//199
f 4475//5929 4476//5914 4528//5965
f 4531//5966 4475//5929 4527//5964
f 4476//5914 4524//5962 4528//5965
f 4525//5963 4526//199 4522//5959
f 4522//5959 4529//5967 4525//5963
f 4475//5929 4528//5965 4527//5964
f 4531//5966 4530//5968 4532//5926
f 4531//5966 4532//5926 4475//5929
f 4533//5969 4532//5926 4530//5968
f 4525//5963 4531//5966 4527//5964
f 4471//5903 4476//5914 4535//5895
f 4497//5892 4464//5899 4496//5923
f 4536//5970 4495//5939 4494//5924
f 4495//5939 4536//5970 4537//5971
f 4539//5972 4538//5973 4483//5974
f 4540//5975 4539//5972 4492//5976
f 4541//5977 4540//5975 4492//5976
f 4538//5973 4541//5977 4482//5978
f 4482//5978 4483//5974 4538//5973
f 4492//5976 4482//5978 4541//5977
f 4491//5979 4492//5976 4539//5972
f 4483//5974 4491//5979 4539//5972
f 4495//5939 4537//5971 4704//5980
f 4495//5939 4704//5980 4695//5981
f 4522//5959 4520//5960 4542//5982
f 4542//5982 4520//5960 4543//5983
f 4544//5984 4547//5985 4524//5986
f 4544//5984 4524//5986 4526//5987
f 4545//5988 4544//5984 4526//5987
f 4546//5989 4545//5988 4528//5990
f 4547//5985 4546//5989 4528//5990
f 4528//5990 4524//5986 4547//5985
f 4527//5991 4528//5990 4545//5988
f 4526//5987 4527//5991 4545//5988
f 4548//5992 4543//5983 4520//5960
f 4705//5993 4548//5992 4520//5960
f 4532//5926 4488//5931 4485//5927
f 4549//5994 4552//5995 4529//5967
f 4551//5996 4550//5997 4530//5968
f 4552//5995 4551//5996 4531//5998
f 4549//5994 4529//5967 4553//5999
f 4549//5994 4553//5999 4554//6000
f 4550//5997 4549//5994 4554//6000
f 4554//6000 4533//5969 4550//5997
f 4531//5998 4525//6001 4552//5995
f 4530//5968 4531//5998 4551//5996
f 4533//5969 4530//5968 4550//5997
f 4525//6001 4529//5967 4552//5995
f 4555//6002 4493//5938 4490//6003
f 4556//6004 4555//6002 4490//6003
f 4557//6005 4556//6004 4487//5933
f 4555//6002 4558//6006 4493//5938
f 4559//6007 4487//5933 4763//6008
f 4559//6007 4763//6008 4560//6009
f 4558//6006 4559//6007 4560//6009
f 4560//6009 4493//5938 4558//6006
f 4487//5933 4559//6007 4557//6005
f 4489//5934 4487//5933 4556//6004
f 4490//6003 4489//5934 4556//6004
f 4549//5181 4562//726 4563//6010
f 4562//726 4549//5181 4550//637
f 4563//6010 4561//199 4552//639
f 4550//637 4551//199 4561//199
f 4561//199 4551//199 4552//639
f 4550//637 4561//199 4562//726
f 4563//6010 4552//639 4549//5181
f 4564//6011 4567//6012 4563//6013
f 4565//6014 4564//6011 4563//6013
f 4567//6012 4566//6015 4561//6016
f 4561//6016 4563//6013 4567//6012
f 4562//6017 4561//6016 4566//6015
f 4566//6015 4565//6014 4562//6017
f 4563//6013 4562//6017 4565//6014
f 4558//640 4568//581 4569//6018
f 4557//638 4559//6018 4570//3863
f 4569//6018 4559//6018 4558//640
f 4569//6018 4570//3863 4559//6018
f 4571//199 4568//581 4555//580
f 4570//3863 4571//199 4556//199
f 4571//199 4555//580 4556//199
f 4568//581 4558//640 4555//580
f 4570//3863 4556//199 4557//638
f 4572//6019 4575//6020 4568//6021
f 4573//6022 4572//6019 4571//6023
f 4574//6024 4573//6022 4570//6025
f 4575//6020 4574//6024 4569//6026
f 4569//6026 4568//6021 4575//6020
f 4570//6025 4569//6026 4574//6024
f 4571//6023 4570//6025 4573//6022
f 4568//6021 4571//6023 4572//6019
f 4577//5953 4513//5916 4576//6027
f 4513//5916 4479//5915 4578//6028
f 4479//5915 4514//5919 4579//6029
f 4514//5919 4510//5954 4580//6030
f 4510//5954 4512//5951 4583//6031
f 4512//5951 4511//5952 4584//6032
f 4581//6033 4584//6032 4511//5952
f 4584//6032 4583//6031 4512//5951
f 4579//6029 4578//6028 4479//5915
f 4582//6034 4576//6027 4513//5916
f 4583//6031 4580//6030 4510//5954
f 4580//6030 4579//6029 4514//5919
f 4578//6028 4582//6034 4513//5916
f 4577//5953 4581//6033 4511//5952
f 4576//6027 4581//6033 4577//5953
f 4521//5957 4523//5921 4585//6035
f 4480//5920 4481//5922 4586//6036
f 4523//5921 4480//5920 4587//6037
f 4517//5956 4518//5961 4590//6038
f 4518//5961 4519//5958 4588//6039
f 4586//6036 4481//5922 4589//6040
f 4481//5922 4517//5956 4589//6040
f 4589//6040 4595//6041 4591//6042
f 4591//6042 4586//6036 4589//6040
f 4592//6043 4587//6037 4480//5920
f 4480//5920 4591//6042 4592//6043
f 4593//6044 4521//5957 4585//6035
f 4585//6035 4592//6043 4593//6044
f 4593//6044 4519//5958 4521//5957
f 4593//6044 4588//6039 4519//5958
f 4593//6044 4594//6045 4588//6039
f 4594//6045 4590//6038 4518//5961
f 4590//6038 4594//6045 4595//6041
f 4595//6041 4589//6040 4517//5956
f 4517//5956 4590//6038 4595//6041
f 4518//5961 4588//6039 4594//6045
f 4585//6035 4523//5921 4592//6043
f 4523//5921 4587//6037 4592//6043
f 4480//5920 4586//6036 4591//6042
f 4592//6046 4596//6047 4598//6048
f 4592//6046 4591//6049 4596//6047
f 4597//6050 4599//6051 4595//6052
f 4600//6053 4595//6052 4594//6054
f 4594//6054 4593//6055 4601//6056
f 4599//6051 4596//6047 4591//6049
f 4591//6049 4595//6052 4599//6051
f 4601//6056 4600//6053 4594//6054
f 4593//6055 4602//6057 4601//6056
f 4602//6057 4593//6055 4592//6046
f 4600//6053 4597//6050 4595//6052
f 4598//6048 4602//6057 4592//6046
f 4506//5949 4502//5944 4605//6058
f 4606//6059 4504//5948 4503//5945
f 4505//5942 4606//6059 4503//5945
f 4501//5947 4604//6060 4498//5940
f 4597//6050 4608//6061 4607//6062
f 4608//6061 4600//6053 4601//6056
f 4601//6056 4609//6063 4608//6061
f 4609//6063 4602//6057 4598//6048
f 4598//6048 4610//6064 4609//6063
f 4610//6064 4598//6048 4596//6047
f 4607//6062 4610//6064 4596//6047
f 4607//6062 4596//6047 4599//6051
f 4599//6051 4597//6050 4607//6062
f 4601//6056 4602//6057 4609//6063
f 4597//6050 4600//6053 4608//6061
f 4610//6064 4607//199 4609//6063
f 4607//199 4608//6061 4609//6063
f 4462//5897 4464//5899 4612//6065
f 4464//5899 4466//5898 4613//6066
f 4463//5896 4462//5897 4615//6067
f 4612//6065 4616//6068 4462//5897
f 4616//6068 4615//6067 4462//5897
f 4615//6067 4617//6069 4463//5896
f 4463//5896 4617//6069 4611//5900
f 4617//6069 4614//6070 4611//5900
f 4611//5900 4614//6070 4465//5894
f 4613//6066 4612//6065 4464//5899
f 4621//6071 4465//5894 4614//6070
f 4465//5894 4621//6071 4618//6072
f 4618//6072 4619//6073 4613//6066
f 4619//6073 4612//6065 4613//6066
f 4619//6073 4616//6068 4612//6065
f 4619//6073 4620//6074 4616//6068
f 4620//6074 4621//6071 4617//6069
f 4614//6070 4617//6069 4621//6071
f 4617//6069 4615//6067 4620//6074
f 4615//6067 4616//6068 4620//6074
f 4613//6066 4466//5898 4618//6072
f 4466//5898 4465//5894 4618//6072
f 4619//2833 4618//726 4622//726
f 4620//6075 4624//2732 4623//6076
f 4618//726 4621//638 4622//726
f 4625//6077 4620//6075 4619//2833
f 4619//2833 4622//726 4625//6077
f 4623//6076 4621//638 4620//6075
f 4625//6077 4624//2732 4620//6075
f 4623//6076 4622//726 4621//638
f 4627//6078 4626//6079 4623//6080
f 4628//6081 4627//6078 4624//6082
f 4629//6083 4628//6081 4625//6084
f 4626//6079 4629//6083 4622//6085
f 4625//6084 4622//6085 4629//6083
f 4624//6082 4625//6084 4628//6081
f 4623//6080 4624//6082 4627//6078
f 4622//6085 4623//6080 4626//6079
f 4486//5932 4474//5911 4633//6086
f 4474//5911 4630//5910 4637//6087
f 4632//6088 4486//5932 4636//6089
f 4486//5932 4633//6086 4636//6089
f 4637//6087 4633//6086 4474//5911
f 4635//6090 4634//6091 4535//5895
f 4634//6091 4631//6092 4472//5909
f 4473//5930 4635//6090 4535//5895
f 4535//5895 4634//6091 4472//5909
f 4472//5909 4631//6092 4630//5910
f 4631//6092 4637//6087 4630//5910
f 4486//5932 4632//6088 4473//5930
f 4638//6093 4637//6087 4631//6092
f 4638//6093 4639//6094 4637//6087
f 4633//6086 4639//6094 4640//6095
f 4632//6088 4640//6095 4641//6096
f 4641//6096 4642//6097 4473//5930
f 4642//6097 4638//6093 4634//6091
f 4634//6091 4635//6090 4642//6097
f 4635//6090 4473//5930 4642//6097
f 4473//5930 4632//6088 4641//6096
f 4632//6088 4636//6089 4640//6095
f 4636//6089 4633//6086 4640//6095
f 4633//6086 4637//6087 4639//6094
f 4631//6092 4634//6091 4638//6093
f 4643//199 4639//199 4638//199
f 4641//580 4645//199 4644//199
f 4641//580 4640//6098 4646//2888
f 4639//199 4643//199 4646//2888
f 4644//199 4642//199 4641//580
f 4646//2888 4640//6098 4639//199
f 4646//2888 4645//199 4641//580
f 4644//199 4643//199 4638//199
f 4644//199 4638//199 4642//199
f 4648//6078 4647//6079 4644//6080
f 4649//6081 4648//6078 4645//6082
f 4650//6083 4649//6081 4646//6084
f 4647//6079 4650//6083 4643//6085
f 4646//6084 4643//6085 4650//6083
f 4645//6082 4646//6084 4649//6081
f 4644//6080 4645//6082 4648//6078
f 4643//6085 4644//6080 4647//6079
f 4476//5914 4475//5929 4651//6099
f 4484//5928 4478//5913 4653//6100
f 4477//5912 4476//5914 4655//6101
f 4476//5914 4651//6099 4657//6102
f 4475//5929 4484//5928 4658//6103
f 4653//6100 4652//6104 4484//5928
f 4658//6103 4651//6099 4475//5929
f 4657//6102 4655//6101 4476//5914
f 4655//6101 4656//6105 4477//5912
f 4656//6105 4654//6106 4477//5912
f 4652//6104 4658//6103 4484//5928
f 4477//5912 4654//6106 4478//5913
f 4654//6106 4653//6100 4478//5913
f 4659//6107 4660//6108 4656//6105
f 4660//6108 4654//6106 4656//6105
f 4653//6100 4660//6108 4661//6109
f 4661//6109 4652//6104 4653//6100
f 4661//6109 4662//6110 4658//6103
f 4651//6099 4662//6110 4663//6111
f 4663//6111 4657//6102 4651//6099
f 4657//6102 4663//6111 4659//6107
f 4655//6101 4657//6102 4659//6107
f 4651//6099 4658//6103 4662//6110
f 4658//6103 4652//6104 4661//6109
f 4653//6100 4654//6106 4660//6108
f 4656//6105 4655//6101 4659//6107
f 4660//199 4659//199 4664//199
f 4662//199 4666//199 4667//199
f 4662//199 4661//6098 4665//2888
f 4660//199 4664//199 4665//2888
f 4665//2888 4661//6098 4660//199
f 4667//199 4663//199 4662//199
f 4665//2888 4666//199 4662//199
f 4667//199 4664//199 4659//199
f 4667//199 4659//199 4663//199
f 4669//6078 4668//6079 4667//6080
f 4670//6081 4669//6078 4666//6082
f 4671//6083 4670//6081 4665//6084
f 4668//6079 4671//6083 4664//6085
f 4665//6084 4664//6085 4671//6083
f 4666//6082 4665//6084 4670//6081
f 4667//6080 4666//6082 4669//6078
f 4664//6085 4667//6080 4668//6079
f 4469//5906 4673//5905 4674//6112
f 4673//5905 4470//5908 4677//6113
f 4470//5908 4467//5902 4675//6114
f 4468//5904 4471//5903 4678//6115
f 4674//6112 4673//5905 4677//6113
f 4467//5902 4672//5907 4675//6114
f 4471//5903 4469//5906 4679//6116
f 4678//6115 4471//5903 4679//6116
f 4678//6115 4676//6117 4468//5904
f 4468//5904 4676//6117 4672//5907
f 4680//6118 4470//5908 4675//6114
f 4680//6118 4681//6119 4677//6113
f 4682//6120 4469//5906 4674//6112
f 4674//6112 4681//6119 4682//6120
f 4682//6120 4683//6121 4678//6115
f 4683//6121 4676//6117 4678//6115
f 4676//6117 4683//6121 4684//6122
f 4675//6114 4684//6122 4680//6118
f 4675//6114 4672//5907 4684//6122
f 4672//5907 4676//6117 4684//6122
f 4678//6115 4679//6116 4682//6120
f 4679//6116 4469//5906 4682//6120
f 4674//6112 4677//6113 4681//6119
f 4677//6113 4470//5908 4680//6118
f 4681//199 4685//199 4686//2888
f 4685//199 4681//199 4680//199
f 4687//199 4680//199 4684//199
f 4683//199 4688//199 4687//199
f 4683//199 4682//6098 4686//2888
f 4686//2888 4682//6098 4681//199
f 4687//199 4685//199 4680//199
f 4687//199 4684//199 4683//199
f 4686//2888 4688//199 4683//199
f 4690//6078 4689//6079 4687//6080
f 4691//6081 4690//6078 4688//6082
f 4692//6083 4691//6081 4686//6084
f 4689//6079 4692//6083 4685//6085
f 4686//6084 4685//6085 4692//6083
f 4688//6082 4686//6084 4691//6081
f 4687//6080 4688//6082 4690//6078
f 4685//6085 4687//6080 4689//6079
f 4496//5923 4495//5939 4694//6123
f 4695//5981 4694//6123 4495//5939
f 4693//6124 4497//5892 4496//5923
f 4497//5892 4693//6124 4696//6125
f 4696//6125 4500//5943 4497//5892
f 4696//6125 4697//6126 4500//5943
f 4698//6127 4507//5917 4500//5943
f 4698//6127 4699//6128 4508//5918
f 4701//6129 4516//6130 4515//5901
f 4516//6130 4701//6129 4705//5993
f 4705//5993 4520//5960 4516//6130
f 4515//5901 4700//6131 4701//6129
f 4515//5901 4509//5950 4700//6131
f 4509//5950 4699//6128 4700//6131
f 4509//5950 4508//5918 4699//6128
f 4508//5918 4507//5917 4698//6127
f 4500//5943 4697//6126 4698//6127
f 4694//6123 4693//6124 4496//5923
f 4703//6132 4704//5980 4702//6133
f 4703//6132 4695//5981 4704//5980
f 4548//5992 4705//5993 4706//6134
f 4706//6134 4707//6135 4548//5992
f 4705//5993 4708//6136 4706//6134
f 4707//6135 4706//6134 4710//6137
f 4710//6137 4709//6138 4707//6135
f 4709//6138 4710//6137 4711//6139
f 4715//6140 4709//6138 4712//6141
f 4712//6141 4713//6142 4715//6140
f 4711//6139 4712//6141 4709//6138
f 4712//6141 4714//6143 4713//6142
f 4710//6137 4706//6134 4708//6136
f 4715//6140 4713//6142 4716//6144
f 4716//6144 4713//6142 4714//6143
f 4716//6144 4717//6145 4718//6146
f 4718//6146 4715//6140 4716//6144
f 4719//6147 4717//6145 4716//6144
f 4716//6144 4714//6143 4719//6147
f 4695//5981 4703//6132 4694//6123
f 4694//6123 4703//6132 4720//6148
f 4721//6149 4725//6150 4723//6151
f 4723//6151 4722//6152 4721//6149
f 4722//6152 4723//6151 4724//6153
f 4702//6133 4722//6152 4724//6153
f 4724//6153 4703//6132 4702//6133
f 4724//6153 4720//6148 4703//6132
f 4721//6149 4726//6154 4725//6150
f 4725//6150 4726//6154 4727//6155
f 4710//6137 4708//6136 4668//6156
f 4649//6157 4729//6158 4671//6159
f 4670//6160 4729//6158 4719//6147
f 4668//6156 4669//6161 4712//6141
f 4698//219 4647//6162 4648//219
f 4712//6141 4711//6139 4668//6156
f 4708//6136 4701//6129 4668//6156
f 4648//219 4668//6156 4698//219
f 4701//6129 4708//6136 4705//5993
f 4647//6162 4720//6148 4724//6153
f 4647//6162 4724//6153 4723//6151
f 4723//6151 4725//6150 4647//6162
f 4648//219 4649//6157 4671//6159
f 4711//6139 4710//6137 4668//6156
f 4671//6159 4668//6156 4648//219
f 4714//6143 4712//6141 4669//6161
f 4701//6129 4700//219 4668//6156
f 4720//6148 4647//6162 4693//6124
f 4725//6150 4727//6155 4647//6162
f 4649//6157 4650//6163 4729//6158
f 4669//6161 4719//6147 4714//6143
f 4698//219 4692//219 4689//219
f 4647//6162 4696//219 4693//6124
f 4693//6124 4694//6123 4720//6148
f 4650//6163 4647//6162 4727//6155
f 4727//6155 4729//6158 4650//6163
f 4670//6160 4671//6159 4729//6158
f 4719//6147 4669//6161 4670//6160
f 4668//6156 4700//219 4690//219
f 4691//219 4692//219 4668//6156
f 4699//219 4689//219 4690//219
f 4692//219 4698//219 4668//6156
f 4690//219 4700//219 4699//219
f 4696//219 4629//219 4626//219
f 4696//219 4647//6162 4629//219
f 4628//219 4629//219 4647//6162
f 4690//219 4691//219 4668//6156
f 4626//219 4697//219 4696//219
f 4699//219 4698//219 4689//219
f 4647//6162 4698//219 4627//219
f 4698//219 4626//219 4627//219
f 4627//219 4628//219 4647//6162
f 4626//219 4698//219 4697//219
f 4727//6155 4726//6154 4728//6164
f 4728//6164 4729//6158 4727//6155
f 4721//6149 4730//6165 4728//6164
f 4728//6164 4726//6154 4721//6149
f 4532//5926 4719//6147 4729//6158
f 4729//6158 4488//5931 4532//5926
f 4717//6145 4731//6166 4718//6146
f 4836//6167 4728//6164 4730//6165
f 4734//6168 4731//6166 4735//6169
f 4731//6166 4717//6145 4736//6170
f 4736//6170 4532//5926 4733//6171
f 4532//5926 4717//6145 4719//6147
f 4532//5926 4736//6170 4717//6145
f 4736//6170 4735//6169 4731//6166
f 4731//6166 4734//6168 4739//6172
f 4737//6173 4738//6174 4718//6146
f 4739//6172 4718//6146 4731//6166
f 4718//6146 4739//6172 4737//6173
f 4744//6175 4743//6176 4733//6171
f 4742//6177 4743//6176 4744//6175
f 4733//6171 4532//5926 4533//5969
f 4744//6175 4533//5969 4745//6178
f 4744//6175 4733//6171 4533//5969
f 4742//6177 4744//6175 4745//6178
f 4745//6178 4746//6179 4742//6177
f 4741//6180 4742//6177 4746//6179
f 4750//6181 4748//6182 4747//6183
f 4776//6184 4748//6182 4750//6181
f 4750//6181 4487//5933 4776//6184
f 4732//6185 4776//6184 4487//5933
f 4488//5931 4732//6185 4487//5933
f 4749//6186 4752//6187 4750//6181
f 4750//6181 4747//6183 4749//6186
f 4749//6186 4751//6188 4752//6187
f 4740//6189 4741//6180 4746//6179
f 4746//6179 4753//6190 4740//6189
f 4753//6190 4754//6191 4755//6192
f 4755//6192 4740//6189 4753//6190
f 4751//6188 4755//6192 4754//6191
f 4751//6188 4754//6191 4752//6187
f 4762//6193 4754//6191 4770//6194
f 4754//6191 4753//6190 4770//6194
f 4756//6195 4762//6193 4770//6194
f 4756//6195 4770//6194 4766//6196
f 4758//6197 4759//6198 4760//6199
f 4763//6008 4759//6198 4758//6197
f 4758//6197 4757//6200 4763//6008
f 4763//6008 4537//5971 4536//5970
f 4536//5970 4560//6009 4763//6008
f 4762//6193 4756//6195 4761//6201
f 4494//5924 4560//6009 4536//5970
f 4560//6009 4494//5924 4493//5938
f 4759//6198 4763//6008 4487//5933
f 4750//6181 4759//6198 4487//5933
f 4752//6187 4761//6201 4750//6181
f 4537//5971 4763//6008 4772//6202
f 4772//6202 4763//6008 4757//6200
f 4752//6187 4754//6191 4761//6201
f 4756//6195 4760//6199 4761//6201
f 4761//6201 4760//6199 4759//6198
f 4759//6198 4750//6181 4761//6201
f 4762//6193 4761//6201 4754//6191
f 4746//6203 4769//6204 4770//6194
f 4554//6000 4765//6205 4764//6206
f 4554//6000 4553//5999 4542//5982
f 4771//6207 4745//6178 4768//6208
f 4766//6196 4771//6207 4764//6206
f 4769//6204 4746//6203 4771//6207
f 4769//6204 4766//6196 4770//6194
f 4542//5982 4553//5999 4522//5959
f 4765//6205 4554//6000 4767//6209
f 4767//6209 4554//6000 4543//5983
f 4770//6194 4753//6190 4746//6203
f 4554//6000 4768//6208 4745//6178
f 4745//6178 4533//5969 4554//6000
f 4529//5967 4522//5959 4553//5999
f 4746//6203 4745//6178 4771//6207
f 4769//6204 4771//6207 4766//6196
f 4771//6207 4768//6208 4764//6206
f 4542//5982 4543//5983 4554//6000
f 4764//6206 4768//6208 4554//6000
f 4709//412 4715//219 4547//219
f 4546//991 4547//219 4715//219
f 4715//219 4718//219 4545//219
f 4545//219 4718//219 4738//6174
f 4544//219 4738//6174 4773//6210
f 4544//219 4545//219 4738//6174
f 4543//5983 4709//412 4767//6209
f 4709//412 4547//219 4773//6210
f 4545//219 4546//991 4715//219
f 4773//6210 4767//6209 4709//412
f 4548//5992 4707//6135 4709//412
f 4709//412 4543//5983 4548//5992
f 4773//6210 4547//219 4544//219
f 4737//6173 4765//6205 4773//6210
f 4773//6210 4738//6174 4737//6173
f 4765//6205 4767//6209 4773//6210
f 4775//6211 4777//6212 4778//6213
f 4775//6211 4779//6214 4777//6212
f 4778//6213 4776//6184 4775//6211
f 4780//6215 4775//6211 4781//6216
f 4775//6211 4782//6217 4781//6216
f 4783//6218 4782//6217 4775//6211
f 4775//6211 4747//6183 4748//6182
s 0
f 4785//347 4778//6219 4777//6220
f 4786//347 4777//6220 4779//6221
s 1
f 4784//6222 4776//6184 4778//6213
s 0
f 4776//6223 4784//6224 4787//6225
s 1
f 4748//6182 4776//6184 4787//6226
s 0
f 4789//6227 4787//6228 4790//6229
f 4788//6230 4789//347 4791//6231
f 4793//6232 4794//6233 4791//6234
f 4795//6235 4793//434 4790//6236
f 4748//6237 4791//6238 4794//6239
f 4798//6240 4799//434 4794//6233
f 4780//6241 4798//6242 4793//6243
f 4797//6244 4796//347 4800//6245
f 4799//6246 4800//347 4796//6247
f 4792//6248 4797//347 4801//6249
f 4780//6250 4802//6251 4799//6252
f 4802//6253 4748//6254 4801//6255
f 4802//6256 4804//6257 4748//6258
f 4806//6259 4803//347 4807//6260
f 4808//6261 4809//6262 4802//6263
f 4810//6264 4811//347 4804//6265
f 4809//6266 4810//6267 4802//6268
f 4803//6269 4804//347 4811//6270
f 4805//6271 4806//347 4813//6272
f 4813//6272 4807//347 4814//6273
f 4815//6274 4816//434 4809//6275
f 4817//6276 4815//434 4808//6277
f 4811//6278 4810//347 4818//6279
f 4816//6280 4818//347 4810//6281
f 4807//6282 4811//6283 4819//6284
f 4820//6285 4821//347 4816//6286
f 4780//6287 4822//6288 4817//6289
f 4822//6290 4820//6291 4815//6274
f 4819//6284 4818//6279 4823//6292
f 4818//6279 4816//434 4821//6293
f 4814//6294 4819//347 4824//6295
f 4825//6296 4826//6297 4780//6298
f 4827//434 4782//6299 4783//6300
f 4827//6301 4828//434 4781//6302
f 4825//6303 4780//6304 4781//6305
f 4821//6293 4820//347 4829//6306
f 4830//6307 4831//347 4822//6308
f 4826//6309 4830//6310 4780//6311
f 4820//6312 4822//434 4831//6313
f 4824//6314 4823//347 4832//6315
f 4823//6316 4821//6293 4833//6317
s 1
f 4775//6211 4748//6182 4812//6318
f 4826//6319 4825//6320 4775//6211
f 4828//6321 4827//6322 4775//6211
f 4825//6320 4828//6321 4775//6211
f 4775//6211 4812//6318 4832//6323
f 4832//6323 4833//6324 4775//6211
f 4831//6325 4830//6326 4775//6211
f 4830//6326 4826//6319 4775//6211
f 4829//6327 4831//6325 4775//6211
f 4833//6324 4829//6327 4775//6211
s 0
f 4833//6317 4832//347 4823//6316
f 4832//6328 4812//6329 4824//6330
f 4831//6313 4829//347 4820//6312
f 4822//6331 4780//6332 4830//6333
f 4829//6334 4833//6317 4821//6293
f 4781//434 4828//6335 4825//6336
f 4781//6337 4782//434 4827//6338
s 1
f 4783//6218 4775//6211 4827//6322
s 0
f 4824//6339 4812//6340 4814//6341
f 4821//6342 4823//6292 4818//6279
f 4823//6343 4824//347 4819//6344
f 4815//6345 4817//6346 4822//6308
f 4816//6286 4815//6345 4820//6312
f 4819//6347 4814//347 4807//6260
f 4810//6348 4809//434 4816//6349
f 4818//6350 4819//6284 4811//6270
f 4808//6351 4780//6352 4817//6353
f 4809//6275 4808//434 4815//6274
f 4814//6354 4812//6355 4813//6356
f 4813//6357 4812//6358 4805//6359
f 4811//6270 4807//347 4803//6269
f 4804//6360 4802//6361 4810//6362
f 4802//6363 4780//6364 4808//6365
f 4807//6366 4813//347 4806//6259
f 4806//6367 4805//6368 4748//6369
s 1
f 4805//6370 4812//6318 4748//6182
s 0
f 4804//6371 4803//6372 4748//6373
f 4803//6374 4806//6375 4748//6376
f 4800//6377 4799//6378 4802//6379
f 4801//6380 4800//6381 4802//6382
f 4799//6383 4798//6384 4780//6385
f 4801//6386 4748//6387 4792//6388
f 4796//6247 4794//347 4799//6389
f 4800//6245 4801//347 4797//6244
f 4793//6390 4795//6391 4780//6392
s 1
f 4795//6393 4787//6394 4780//6215
s 0
f 4794//6233 4793//6395 4798//6396
f 4797//6397 4792//6398 4748//6399
f 4794//6400 4796//6401 4748//6402
f 4796//6403 4797//6404 4748//6405
s 1
f 4790//6406 4787//6394 4795//6393
s 0
f 4791//6407 4790//347 4793//6408
f 4791//6409 4748//6410 4788//6411
f 4790//6412 4791//347 4789//6413
f 4789//6414 4788//6415 4748//6416
s 1
f 4787//6226 4789//6417 4748//6182
s 0
f 4784//6418 4785//6419 4787//6420
s 1
f 4785//6421 4786//6422 4787//6423
s 0
f 4778//347 4785//6424 4784//6425
f 4779//6426 4787//6427 4786//6428
f 4777//347 4786//6429 4785//6424
s 1
f 4774//6430 4775//6211 4776//6184
f 4787//6394 4775//6211 4780//6215
s 0
f 4779//6431 4775//6432 4787//6433
s 1
f 4732//6185 4774//6430 4776//6184
f 4834//6434 4835//6435 4836//6167
f 4836//6167 4835//6435 4728//6164
f 4835//6435 4732//6185 4488//5931
f 4835//6435 4488//5931 4728//6164
f 4729//6158 4728//6164 4488//5931
f 4837//6436 4834//6434 4836//6167
f 4837//6436 4836//6167 4730//6165
f 4837//6436 4730//6165 4838//6437
f 4838//6437 4839//6438 4837//6436
f 4730//6165 4539//219 4838//6437
f 4704//5980 4537//5971 4722//869
f 4541//991 4537//5971 4772//6202
f 4722//869 4702//6133 4704//5980
f 4541//991 4722//869 4537//5971
f 4541//991 4538//219 4722//869
f 4840//6439 4838//6437 4540//219
f 4838//6437 4539//219 4540//219
f 4721//219 4538//219 4539//219
f 4538//219 4721//219 4722//869
f 4840//6439 4540//219 4541//991
f 4772//6202 4840//6439 4541//991
f 4539//219 4730//6165 4721//219
f 4839//6438 4838//6437 4840//6439
f 4840//6439 4757//6200 4839//6438
f 4840//6439 4772//6202 4757//6200
f 4843//6440 4847//6441 4842//6442
f 4845//6443 4755//6192 4751//6188
f 4845//6443 4858//6444 4755//6192
f 4845//6443 4751//6188 4749//6186
f 4841//6445 4749//6186 4846//6446
f 4846//6446 4749//6186 4747//6183
f 4747//6183 4775//6211 4846//6446
f 4774//6430 4732//6185 4846//6446
f 4835//6435 4847//6441 4846//6446
f 4835//6435 4834//6434 4842//6442
f 4834//6434 4844//6447 4842//6442
f 4842//6442 4847//6441 4835//6435
f 4846//6446 4732//6185 4835//6435
f 4775//6211 4774//6430 4846//6446
f 4847//6441 4843//6440 4846//6446
f 4841//6445 4845//6443 4749//6186
f 4846//6446 4843//6440 4841//6445
f 4848//6448 4849//6449 4853//6450
f 4851//6451 4854//6452 4849//6449
f 4853//6450 4849//6449 4854//6452
f 4735//6169 4854//6452 4851//6451
f 4851//6451 4734//6168 4735//6169
f 4851//6451 4850//6453 4734//6168
f 4854//6452 4735//6169 4736//6170
f 4736//6170 4853//6450 4854//6452
f 4736//6170 4733//6171 4743//6176
f 4743//6176 4853//6450 4736//6170
f 4853//6450 4743//6176 4742//6177
f 4848//6448 4742//6177 4741//6180
f 4848//6448 4741//6180 4740//6189
f 4740//6189 4852//6454 4848//6448
f 4853//6450 4742//6177 4848//6448
f 4857//6455 4758//6197 4760//6199
f 4857//6455 4844//6447 4758//6197
f 4758//6197 4844//6447 4834//6456
f 4834//6456 4757//6200 4758//6197
f 4764//6206 4850//6453 4856//6457
f 4764//6206 4765//6205 4734//6168
f 4737//1966 4739//6172 4566//992
f 4766//6196 4764//6206 4856//6457
f 4734//6168 4850//6453 4764//6206
f 4757//6200 4834//6456 4574//6458
f 4573//6459 4834//6456 4837//6460
f 4734//6168 4565//6461 4566//992
f 4837//6460 4572//219 4573//6459
f 4856//6457 4857//6455 4756//6195
f 4765//6205 4737//1966 4567//1966
f 4737//1966 4566//992 4567//1966
f 4566//992 4739//6172 4734//6168
f 4572//219 4837//6460 4839//1966
f 4575//6462 4839//1966 4757//6200
f 4565//6461 4734//6168 4765//6205
f 4575//6462 4572//219 4839//1966
f 4756//6195 4766//6196 4856//6457
f 4574//6458 4575//6462 4757//6200
f 4760//6199 4756//6195 4857//6455
f 4765//6205 4567//1966 4564//6463
f 4834//6456 4573//6459 4574//6458
f 4765//6205 4564//6463 4565//6461
f 4740//6189 4755//6192 4858//6444
f 4858//6444 4852//6454 4740//6189
f 4857//6455 4856//6457 4855//6464
f 4858//6444 4857//6455 4855//6464
f 4855//6464 4852//6454 4858//6444
f 4844//6447 4857//6455 4842//6442
f 4841//6445 4858//6444 4845//6443
f 4857//6455 4858//6444 4841//6445
f 4841//6445 4843//6440 4857//6455
f 4843//6440 4842//6442 4857//6455
f 4855//6464 4848//6448 4852//6454
f 4856//6457 4849//6449 4848//6448
f 4856//6457 4851//6451 4849//6449
f 4848//6448 4855//6464 4856//6457
f 4851//6451 4856//6457 4850//6453
f 4579//6029 4866//6465 4859//6466
f 4860//6467 4582//6034 4578//6028
f 4578//6028 4859//6466 4860//6467
f 4581//6033 4860//6467 4861//6468
f 4861//6468 4584//6032 4581//6033
f 4584//6032 4861//6468 4863//6469
f 4863//6469 4862//6470 4583//6031
f 4863//6469 4583//6031 4584//6032
f 4583//6031 4862//6470 4864//6471
f 4583//6031 4864//6471 4865//6472
f 4865//6472 4580//6030 4583//6031
f 4580//6030 4865//6472 4866//6465
f 4866//6465 4579//6029 4580//6030
f 4581//6033 4576//6027 4860//6467
f 4576//6027 4582//6034 4860//6467
f 4578//6028 4579//6029 4859//6466
f 4863//6469 4861//6468 4862//6470
f 4867//6473 4868//6474 4862//6470
f 4859//6475 4866//6476 4870//6477
f 4869//6478 4860//6479 4859//6475
f 4860//6479 4869//6478 4871//6480
f 4870//6477 4869//6478 4859//6475
f 4868//6474 4864//6471 4862//6470
f 4861//6481 4872//6482 4867//6473
f 4860//6479 4871//6480 4872//6482
f 4862//6470 4861//6481 4867//6473
f 4872//6482 4861//6481 4860//6479
f 4873//6483 4870//6477 4866//6476
f 4864//6471 4868//6474 4873//6483
f 4873//6483 4866//6476 4865//6484
f 4865//6484 4864//6471 4873//6483
f 4874//6485 4873//6483 4868//6474
f 4868//6474 4875//6486 4874//6485
f 4876//6487 4872//6482 4871//6480
f 4877//6488 4876//6487 4869//6478
f 4876//6487 4871//6480 4869//6478
f 4877//6488 4869//6478 4870//6477
f 4873//6483 4874//6485 4877//6488
f 4870//6477 4873//6483 4877//6488
f 4872//6482 4876//6487 4875//6486
f 4867//6473 4872//6482 4875//6486
f 4868//6474 4867//6473 4875//6486
f 4876//6487 4877//4895 4875//6486
f 4877//4895 4874//6485 4875//6486
f 4878//6489 4606//6059 4505//5942
f 4606//6059 4878//6489 4879//6490
f 4502//5944 4879//6490 4880//6491
f 4880//6491 4605//6058 4502//5944
f 4880//6491 4506//5949 4605//6058
f 4881//6492 4603//5946 4506//5949
f 4506//5949 4880//6491 4881//6492
f 4881//6492 4882//6493 4501//5947
f 4882//6493 4604//6060 4501//5947
f 4498//5940 4604//6060 4882//6493
f 4882//6493 4883//6494 4498//5940
f 4883//6494 4884//6495 4498//5940
f 4498//5940 4884//6495 4885//6496
f 4505//5942 4499//5941 4878//6489
f 4885//6496 4878//6489 4499//5941
f 4499//5941 4498//5940 4885//6496
f 4501//5947 4603//5946 4881//6492
f 4502//5944 4504//5948 4879//6490
f 4504//5948 4606//6059 4879//6490
f 4886//6497 4878//6498 4885//6496
f 4886//6497 4885//6496 4884//6495
f 4880//6499 4887//6500 4888//6501
f 4880//6499 4879//6502 4887//6500
f 4889//6503 4878//6498 4886//6497
f 4886//6497 4883//6494 4889//6503
f 4890//6504 4889//6503 4883//6494
f 4881//6505 4880//6499 4888//6501
f 4891//6506 4887//6500 4879//6502
f 4889//6503 4892//6507 4878//6498
f 4892//6507 4891//6506 4879//6502
f 4879//6502 4878//6498 4892//6507
f 4883//6494 4886//6497 4884//6495
f 4881//6505 4888//6501 4890//6504
f 4890//6504 4883//6494 4882//6508
f 4882//6508 4881//6505 4890//6504
f 4893//6509 4890//6504 4888//6501
f 4887//6500 4894//6510 4893//6509
f 4894//6510 4887//6500 4891//6506
f 4895//6511 4894//6510 4891//6506
f 4891//6506 4892//6507 4895//6511
f 4896//6512 4895//6511 4889//6503
f 4890//6504 4893//6509 4896//6512
f 4889//6503 4890//6504 4896//6512
f 4892//6507 4889//6503 4895//6511
f 4888//6501 4887//6500 4893//6509
f 4896//6512 4893//580 4895//6511
f 4893//580 4894//6510 4895//6511
f 4898//6513 4899//6514 4897//6515
f 4899//6514 4900//6516 4897//6515
f 4900//6516 4901//6517 4897//6515
f 4901//6517 4902//6518 4897//6515
f 4903//6519 4904//6520 4898//6513
f 4904//6520 4899//6514 4898//6513
f 4900//6516 4904//6520 4905//6521
f 4905//6521 4901//6517 4900//6516
f 4905//6521 4906//6522 4901//6517
f 4903//6519 4897//6515 4902//6518
f 4902//6518 4906//6522 4903//6519
f 4902//6518 4901//6517 4906//6522
f 4900//6516 4899//6514 4904//6520
f 4898//6513 4897//6515 4903//6519
f 4908//6523 4907//6524 4904//6525
f 4906//6526 4909//6527 4910//6528
f 4905//6529 4907//6524 4909//6527
f 4910//6528 4903//6530 4906//6526
f 4910//6528 4908//6523 4903//6530
f 4907//6524 4905//6529 4904//6525
f 4904//6525 4903//6530 4908//6523
f 4906//6526 4905//6529 4909//6527
f 4907//6524 4915//6531 4911//6532
f 4911//6532 4909//6527 4907//6524
f 4909//6527 4911//6532 4912//6533
f 4912//6533 4911//6532 4913//6534
f 4907//6524 4916//6535 4915//6531
f 4915//6531 4916//6535 4914//6536
f 4913//6534 4915//6531 4914//6536
f 4917//6537 4914//6536 4921//6538
f 4918//6539 4921//6538 4922//6540
f 4919//6541 4918//6539 4922//6540
f 4918//6539 4917//6537 4921//6538
f 4917//6537 4913//6534 4914//6536
f 4913//6534 4911//6532 4915//6531
f 4917//6537 4912//6533 4913//6534
f 4917//6537 4918//6539 4919//6541
f 5025//6542 4910//6528 4909//6527
f 5025//6542 4909//6527 4912//6533
f 5032//6543 5030//6544 4910//6528
f 4908//6523 4910//6528 5030//6544
f 4916//6535 4907//6524 4920//6545
f 4907//6524 4908//6523 4920//6545
f 4908//6523 5031//6546 4920//6545
f 5030//6544 5031//6546 4908//6523
f 5025//6542 5032//6543 4910//6528
f 4914//6536 4916//6535 4921//6538
f 4917//6537 4919//6541 5016//6547
f 4917//6537 5016//6547 5025//6542
f 4912//6533 4917//6537 5025//6542
f 4923//6548 4922//6540 4921//6538
f 4921//6538 4920//6545 4923//6548
f 4920//6545 4921//6538 4916//6535
f 4929//6549 4926//6550 4931//6551
f 4931//6551 4930//6552 4927//6553
f 4932//6554 4927//6553 4928//6555
f 4927//6553 4932//6554 4931//6551
f 4930//6552 4931//6551 4926//6550
f 4926//6550 4929//6549 4925//6556
f 4925//6556 4929//6549 4924//6557
f 4938//6558 4935//6559 4936//6560
f 4939//6561 4936//6560 4940//6562
f 4939//6561 4940//6562 4937//6563
f 4941//6564 4937//6563 4922//6540
f 4937//6563 4941//6564 4939//6561
f 4936//6560 4939//6561 4938//6558
f 4935//6559 4938//6558 4934//6565
f 4919//6541 4922//6540 4937//6563
f 4925//6556 4924//6557 4937//6563
f 4926//6550 4940//6562 4936//6560
f 4930//6552 4936//6560 4935//6559
f 4936//6560 4930//6552 4926//6550
f 4935//6559 4934//6565 4927//6553
f 4933//6566 4928//6555 4927//6553
f 4934//6565 4933//6566 4927//6553
f 4927//6553 4930//6552 4935//6559
f 4926//6550 4925//6556 4940//6562
f 4937//6563 4940//6562 4925//6556
f 4924//6557 4919//6541 4937//6563
f 4944//6567 4942//6568 4943//6569
f 4944//6567 4943//6569 4945//6570
f 4946//6571 4928//6555 4943//6569
f 4943//6569 5002//6572 4946//6571
f 5002//6572 4943//6569 4942//6568
f 4947//6573 4942//6568 4944//6567
f 4948//6574 4933//6566 4951//6575
f 4951//6575 4952//6576 4949//6577
f 4951//6575 4949//6577 4948//6574
f 4948//6574 4943//6569 4928//6555
f 4933//6566 4948//6574 4928//6555
f 4949//6577 4945//6570 4943//6569
f 4949//6577 4944//6567 4945//6570
f 4944//6567 4949//6577 4952//6576
f 4947//6573 4944//6567 4950//6578
f 4952//6576 4950//6578 4944//6567
f 4948//6574 4949//6577 4943//6569
f 4951//6575 4950//6578 4952//6576
f 4951//6575 5008//6579 5009//6580
f 4951//6575 4933//6566 5008//6579
f 4947//6573 4953//6581 4954//6582
f 4954//6582 4942//6568 4947//6573
f 4950//6578 4951//6575 4955//6583
f 4955//6583 4956//6584 4950//6578
f 4957//6585 4961//6586 4954//6582
f 4961//6586 4957//6585 4959//6587
f 4959//6587 4960//6588 4961//6586
f 4956//6584 4955//6583 4957//6585
f 4957//6585 4953//6581 4956//6584
f 4954//6582 4953//6581 4957//6585
f 4960//6588 4959//6587 4958//6589
f 4942//6568 4954//6582 5002//6572
f 4954//6582 4974//6590 5002//6572
f 4963//6591 4974//6590 4954//6582
f 4954//6582 4964//6592 4963//6591
f 4964//6592 4954//6582 4961//6586
f 4964//6592 4961//6586 4960//6588
f 4960//6588 4962//6593 4964//6592
f 5014//6594 4960//6588 4958//6589
f 4965//6595 4958//6589 4959//6587
f 4959//6587 4957//6585 4965//6595
f 4966//6596 4965//6595 4957//6585
f 4957//6585 5009//6580 4966//6596
f 5009//6580 4955//6583 4951//6575
f 5009//6580 4957//6585 4955//6583
f 5014//6594 4962//6593 4960//6588
f 4968//6597 4967//6598 4963//6591
f 4969//6599 4968//6597 4962//6600
f 4970//6601 4969//6599 4971//6602
f 4971//6602 4972//6603 4970//6601
f 4973//6604 4972//6603 4974//6590
f 4974//6590 4963//6591 4967//6598
f 4974//6590 4967//6598 4973//6604
f 4972//6603 4973//6604 4970//6601
f 4962//6600 4971//6602 4969//6599
f 4964//6605 4962//6600 4968//6597
f 4963//6591 4964//6605 4968//6597
f 4976//6606 4958//6589 4965//6595
f 4976//6606 4965//6595 4966//6607
f 4979//6608 4977//6609 4978//6610
f 4981//6611 4979//6608 4980//6612
f 4981//6611 4980//6612 4982//6613
f 4982//6613 4958//6589 4975//6614
f 4982//6613 4975//6614 4981//6611
f 4978//6610 4980//6612 4979//6608
f 4966//6607 4978//6610 4977//6609
f 4966//6607 4977//6609 4976//6606
f 4958//6589 4976//6606 4975//6614
f 4969//347 4984//347 4983//347
f 4984//347 4969//347 4970//347
f 4970//347 4973//6615 4984//347
f 4968//347 4969//347 4983//347
f 4968//347 4986//347 4985//6615
f 4983//347 4986//347 4968//347
f 4973//6615 4967//6616 4985//6615
f 4985//6615 4967//6616 4968//347
f 4985//6615 4984//347 4973//6615
f 4988//6617 4987//6618 4984//6619
f 4989//6620 4988//6617 4985//6621
f 4990//6622 4989//6620 4986//6623
f 4987//6618 4990//6622 4983//6624
f 4986//6623 4983//6624 4990//6622
f 4985//6621 4986//6623 4989//6620
f 4984//6619 4985//6621 4988//6617
f 4983//6624 4984//6619 4987//6618
f 4987//6625 4950//6578 4991//6626
f 4990//6627 4992//434 4993//6628
f 4947//6573 4988//6629 4989//6630
f 4956//6584 4953//6581 4990//6627
f 4989//6630 4953//6581 4947//6573
f 4987//6625 4988//6629 4950//6578
f 4987//6625 4991//6626 4992//434
f 4988//6629 4947//6573 4950//6578
f 4956//6584 4993//6628 4994//6631
f 4953//6581 4989//6630 4990//6627
f 4993//6628 4956//6584 4990//6627
f 4994//6631 4991//6626 4950//6578
f 4992//434 4990//6627 4987//6625
f 4994//6631 4950//6578 4956//6584
f 4991//6632 4994//6633 4995//6634
f 4992//6635 4991//6632 4995//6634
f 4993//6636 4992//6635 4996//6637
f 4994//6633 4993//6636 4997//6638
f 4997//6638 4998//6639 4994//6633
f 4996//6637 4997//6638 4993//6636
f 4995//6634 4996//6637 4992//6635
f 4998//6639 4995//6634 4994//6633
f 4977//6640 4995//6641 4998//6640
f 4979//6641 4981//347 4995//6641
f 4976//347 4977//6640 4998//6640
f 4976//347 4997//347 4996//347
f 4998//6640 4997//347 4976//347
f 4996//347 4995//6641 4981//347
f 4981//347 4975//347 4996//347
f 4996//347 4975//347 4976//347
f 4995//6641 4977//6640 4979//6641
f 4999//6642 4946//6571 5002//6572
f 5000//6643 5001//6644 5012//6645
f 5012//6645 5013//6646 5000//6643
f 4946//6571 4999//6642 5012//6645
f 5012//6645 5001//6644 4946//6571
f 5008//6579 5010//6647 5009//6580
f 5011//6648 5010//6647 5008//6579
f 5008//6579 5006//6649 5011//6648
f 5011//6648 5006//6649 5007//6650
f 5010//6647 5011//6648 4980//6612
f 5011//6648 5012//6645 4972//6603
f 5014//6594 4972//6603 4971//6602
f 5010//6647 4980//6612 4978//6651
f 4978//6651 4966//6596 5009//6580
f 4978//6651 5009//6580 5010//6647
f 4974//6590 4972//6603 5002//6572
f 4971//6602 4962//6593 5014//6594
f 4958//6589 4982//6613 5014//6594
f 4999//6642 5002//6572 4972//6603
f 5014//6594 4982//6613 4980//6612
f 4999//6642 4972//6603 5012//6645
f 4972//6603 5014//6594 5011//6648
f 5014//6594 4980//6612 5011//6648
f 5012//6645 5011//6648 5013//6646
f 5005//6652 5000//6643 5013//6646
f 5004//6653 5005//6652 5013//6646
f 5015//6654 5003//6655 5004//6653
f 5015//6654 5007//6650 5003//6655
f 5007//6650 5015//6654 5011//6648
f 5013//6646 5015//6654 5004//6653
f 5013//6646 5011//6648 5015//6654
f 5016//6547 4919//6541 4924//6557
f 4924//6557 5023//6656 5016//6547
f 4929//6549 5024//6657 5023//6656
f 4924//6557 4929//6549 5023//6656
f 4946//6571 5001//6644 4932//6554
f 4931//6551 4932//6554 5000//6643
f 5008//6579 4933//6566 4934//6565
f 4934//6565 5006//6649 5008//6579
f 4938//6558 5007//6650 5006//6649
f 4934//6565 4938//6558 5006//6649
f 4923//6548 5017//6658 4941//6564
f 4939//6561 4941//6564 5018//6659
f 5018//6659 4938//6558 4939//6561
f 5018//6659 5007//6650 4938//6558
f 5007//6650 5018//6659 5019//6660
f 5003//6655 5019//6660 5020//6661
f 5021//6662 5005//6652 5004//6653
f 5004//6653 5020//6661 5021//6662
f 5024//6657 5000//6643 5005//6652
f 5005//6652 5021//6662 5024//6657
f 5000//6643 4929//6549 4931//6551
f 4929//6549 5000//6643 5024//6657
f 5020//6661 5004//6653 5003//6655
f 5019//6660 5003//6655 5007//6650
f 5017//6658 5018//6659 4941//6564
f 4941//6564 4922//6540 4923//6548
f 5001//6644 5000//6643 4932//6554
f 4932//6554 4928//6555 4946//6571
f 5022//6663 4923//6548 4920//6545
f 5018//6659 5017//6658 5028//6664
f 5022//6663 5028//6664 5017//6658
f 5022//6663 5017//6658 4923//6548
f 5016//6547 5026//6665 5025//6542
f 5016//6547 5023//6656 5026//6665
f 5023//6656 5027//6666 5026//6665
f 5027//6666 5023//6656 5024//6657
f 5027//6666 5028//6664 5029//6667
f 5026//6665 5029//6667 5030//6544
f 5029//6667 5028//6664 5022//6663
f 5031//6546 5022//6663 4920//6545
f 5025//6542 5026//6665 5032//6543
f 5026//6665 5027//6666 5029//6667
f 5031//6546 5030//6544 5029//6667
f 5030//6544 5032//6543 5026//6665
f 5022//6663 5031//6546 5029//6667
f 5019//6660 5018//6659 5033//6668
f 5020//6661 5019//6660 5033//6668
f 5034//6669 5021//6662 5020//6661
f 5034//6669 5024//6657 5021//6662
f 5024//6657 5034//6669 5027//6666
f 5028//6664 5033//6668 5018//6659
f 5033//6668 5034//6669 5020//6661
f 5028//6664 5027//6666 5034//6669
f 5028//6664 5034//6669 5033//6668
f 5035//6670 5036//6671 5037//6672
f 5043//6673 5037//6672 5042//6674
f 5044//6675 5045//6676 5036//6671
f 5046//6677 5048//6678 5047//6679
f 5039//6680 5038//6681 5040//6682
f 5040//6682 5049//6683 5039//6680
f 5040//6682 5041//6684 5042//6674
f 5042//6674 5041//6684 5043//6673
f 5036//6671 5035//6670 5044//6675
f 5044//6675 5050//6685 5051//6686
f 5052//6687 5047//6679 5053//6688
f 5037//6672 5043//6673 5035//6670
f 5051//6686 5045//6676 5044//6675
f 5057//6689 5058//6690 5059//6691
f 5055//6692 5051//6686 5054//6693
f 5053//6688 5055//6692 5056//6694
f 5047//6679 5052//6687 5046//6677
f 5042//6674 5049//6683 5040//6682
f 5051//6686 5050//6685 5054//6693
f 5053//6688 5056//6694 5052//6687
f 5059//6691 5048//6678 5057//6689
f 5058//6690 5038//6681 5039//6680
f 5048//6678 5046//6677 5057//6689
f 5055//6692 5054//6693 5056//6694
f 5039//6680 5059//6691 5058//6690
f 5060//6695 5059//6696 5039//6697
f 5061//6698 5039//6697 5049//6699
f 5062//6700 5049//6699 5042//6701
f 5063//6702 5042//6701 5037//6703
f 5064//6704 5037//6703 5036//6705
f 5065//6706 5036//6705 5045//6707
f 5065//6706 5045//6707 5051//6708
f 5067//6709 5051//6708 5055//6710
f 5068//6711 5055//6710 5053//6712
f 5069//6713 5053//6712 5047//6714
f 5070//6715 5047//6714 5048//6716
f 5072//6717 5048//6716 5059//6696
f 5059//6696 5060//6695 5072//6717
f 5048//6716 5072//6717 5071//6718
f 5048//6716 5071//6718 5070//6715
f 5047//6714 5070//6715 5069//6713
f 5053//6712 5069//6713 5068//6711
f 5055//6710 5068//6711 5067//6709
f 5051//6708 5067//6709 5066//6719
f 5051//6708 5066//6719 5065//6706
f 5036//6705 5065//6706 5064//6704
f 5037//6703 5064//6704 5063//6702
f 5042//6701 5063//6702 5062//6700
f 5049//6699 5062//6700 5061//6698
f 5039//6697 5061//6698 5060//6695
f 5073//6720 5074//6721 5054//6693
f 5054//6693 5050//6685 5073//6720
f 5073//6720 5050//6685 5044//6675
f 5044//6675 5077//6722 5073//6720
f 5075//6723 5054//6693 5074//6721
f 5075//6723 5074//6721 5079//6724
f 5079//6724 5080//6725 5075//6723
f 5044//6675 5076//6726 5077//6722
f 5076//6726 5078//6727 5096//6728
f 5096//6728 5077//6722 5076//6726
f 5079//6724 5081//6729 5080//6725
f 5079//6724 5082//6730 5081//6729
f 5083//6731 5081//6729 5084//6732
f 5082//6730 5084//6732 5081//6729
f 5083//6731 5084//6732 5085//6733
f 5085//6733 5093//6734 5083//6731
f 5086//6735 5095//6736 5087//6737
f 5087//6737 5089//6738 5088//6739
f 5089//6738 5091//6740 5090//6741
f 5091//6740 5093//6742 5092//6743
f 5094//6744 5093//6742 5095//6736
f 5093//6742 5094//6744 5092//6743
f 5086//6735 5094//6744 5095//6736
f 5092//6743 5090//6741 5091//6740
f 5090//6741 5088//6739 5089//6738
f 5088//6739 5086//6735 5087//6737
f 5096//6728 5078//6727 5097//6745
f 5097//6745 5098//6746 5096//6728
f 5099//6747 5102//6748 5098//6746
f 5098//6746 5097//6745 5099//6747
f 5102//6748 5099//6747 5100//6749
f 5101//6750 5103//6751 5102//6748
f 5102//6748 5100//6749 5101//6750
f 5101//6752 5107//6753 5106//6754
f 5107//6753 5108//6755 5109//6756
f 5108//6755 5110//6757 5109//6756
f 5110//6757 5112//6758 5111//6759
f 5112//6758 5104//6760 5105//6761
f 5106//6754 5113//6762 5101//6752
f 5104//6760 5101//6752 5113//6762
f 5104//6760 5113//6762 5105//6761
f 5105//6761 5111//6759 5112//6758
f 5111//6759 5109//6756 5110//6757
f 5109//6756 5106//6754 5107//6753
f 5117//6763 5118//6764 5119//6765
f 5119//6765 5120//6766 5117//6763
f 5119//6765 5121//6767 5120//6766
f 5114//6768 5123//6769 5115//6770
f 5123//6769 5122//6771 5115//6770
f 5085//6733 5095//6772 5093//6734
f 5124//6773 5122//6771 5123//6769
f 5123//6769 5095//6772 5124//6773
f 5095//6772 5085//6733 5124//6773
f 5104//6774 5126//6775 5125//6776
f 5104//6774 5125//6776 5103//6751
f 5101//6750 5104//6774 5103//6751
f 5119//6765 5126//6775 5121//6767
f 5119//6765 5125//6776 5126//6775
f 5117//6763 5116//6777 5118//6764
f 5115//6770 5118//6764 5116//6777
f 5115//6770 5116//6777 5114//6768
f 5126//6775 5112//6758 5127//6778
f 5112//6758 5110//6757 5129//6779
f 5110//6757 5128//6780 5129//6779
f 5128//6780 5131//6781 5130//6782
f 5131//6781 5121//6783 5132//6784
f 5132//6784 5121//6783 5126//6775
f 5127//6778 5132//6784 5126//6775
f 5132//6784 5130//6782 5131//6781
f 5130//6782 5129//6779 5128//6780
f 5129//6779 5127//6778 5112//6758
f 5114//6785 5134//6786 5133//6787
f 5134//6786 5136//6788 5135//6789
f 5136//6788 5087//6790 5137//6791
f 5087//6790 5123//6769 5139//6792
f 5133//6787 5139//6792 5123//6769
f 5123//6769 5114//6785 5133//6787
f 5139//6792 5138//6793 5087//6790
f 5138//6793 5137//6791 5087//6790
f 5137//6791 5135//6789 5136//6788
f 5135//6789 5133//6787 5134//6786
f 5117//6794 5141//6795 5140//6796
f 5141//6795 5143//6797 5142//6798
f 5143//6797 5144//6799 5142//6798
f 5144//6799 5147//6800 5146//6801
f 5147//6800 5117//6794 5148//6802
f 5148//6802 5146//6801 5147//6800
f 5146//6801 5145//6803 5144//6799
f 5145//6803 5142//6798 5144//6799
f 5142//6798 5140//6796 5141//6795
f 5140//6796 5148//6802 5117//6794
f 5145//6803 5149//6804 5142//6798
f 5140//6796 5142//6798 5149//6804
f 5157//6805 5151//6806 5152//6807
f 5150//6808 5151//6806 5081//6729
f 5150//6808 5081//6729 5168//6809
f 5168//6809 5153//6810 5150//6808
f 5169//6811 5152//6807 5153//6810
f 5152//6807 5169//6811 5157//6805
f 5168//6809 5169//6811 5153//6810
f 5157//6805 5081//6729 5151//6806
f 5097//6745 5078//6727 5160//6812
f 5097//6745 5154//6813 5155//6814
f 5160//6812 5158//6815 5154//6813
f 5155//6814 5099//6816 5097//6745
f 5097//6745 5160//6812 5154//6813
f 5155//6814 5156//6817 5099//6816
f 5156//6817 5154//6813 5158//6815
f 5159//6818 5160//6812 5078//6727
f 5076//6726 5161//6819 5159//6818
f 5143//6820 5141//6795 5131//6781
f 5131//6781 5141//6795 5120//6821
f 5143//6820 5131//6781 5128//6822
f 5143//6820 5128//6822 5040//6682
f 5044//6675 5161//6819 5076//6726
f 5131//6781 5120//6821 5121//6783
f 5110//6823 5041//6684 5040//6682
f 5161//6819 5043//6673 5041//6684
f 5161//6819 5044//6675 5035//6670
f 5117//6794 5120//6821 5141//6795
f 5128//6822 5110//6823 5040//6682
f 5041//6684 5110//6823 5161//6819
f 5035//6670 5043//6673 5161//6819
f 5040//6682 5038//6681 5143//6820
f 5143//6820 5038//6681 5058//6690
f 5080//6725 5163//6824 5162//6825
f 5080//6725 5081//6729 5157//6805
f 5157//6805 5163//6824 5080//6725
f 5123//6769 5087//6790 5095//6772
f 5164//6826 5075//6723 5165//6827
f 5075//6723 5080//6725 5162//6825
f 5075//6723 5164//6826 5166//6828
f 5162//6825 5165//6827 5075//6723
f 5144//6829 5134//6786 5116//6777
f 5075//6723 5166//6828 5054//6693
f 5144//6829 5136//6788 5134//6786
f 5136//6788 5089//6830 5087//6790
f 5046//6677 5091//6831 5089//6830
f 5166//6828 5091//6831 5046//6677
f 5046//6677 5136//6788 5144//6829
f 5117//6763 5147//6832 5116//6777
f 5089//6830 5136//6788 5046//6677
f 5166//6828 5052//6687 5056//6694
f 5056//6694 5054//6693 5166//6828
f 5166//6828 5046//6677 5052//6687
f 5144//6829 5143//6820 5058//6690
f 5114//6785 5116//6777 5134//6786
f 5144//6829 5058//6690 5057//6689
f 5147//6832 5144//6829 5116//6777
f 5057//6689 5046//6677 5144//6829
f 5093//6734 5091//6831 5166//6828
f 5166//6828 5167//6525 5093//6734
f 5167//6525 5081//6729 5083//6731
f 5083//6731 5093//6734 5167//6525
f 5081//6729 5167//6525 5168//6809
f 5101//6752 5100//6833 5107//6753
f 5108//6834 5100//6833 5170//6835
f 5108//6834 5107//6753 5100//6833
f 5171//6836 5100//6833 5099//6816
f 5171//6836 5170//6835 5100//6833
f 5170//6835 5161//6819 5108//6834
f 5110//6823 5108//6834 5161//6819
f 5170//6835 5172//6837 5161//6819
f 5158//6815 5172//6838 5173//6839
f 5173//6839 5171//6836 5099//6816
f 5173//6839 5099//6816 5158//6815
f 5159//6818 5078//6727 5076//6726
f 5104//6774 5112//6758 5126//6775
f 5156//6817 5158//6815 5099//6816
f 5174//6840 5177//6841 5154//6842
f 5175//6843 5174//6840 5154//6842
f 5176//6844 5175//6843 5156//6845
f 5177//6841 5176//6844 5155//6846
f 5155//6846 5154//6842 5177//6841
f 5156//6845 5155//6846 5176//6844
f 5154//6842 5156//6845 5175//6843
f 5179//6847 5178//6848 5150//6849
f 5180//6850 5179//6847 5153//6851
f 5181//6852 5180//6850 5152//6853
f 5178//6848 5181//6852 5151//6854
f 5152//6853 5151//6854 5181//6852
f 5153//6851 5152//6853 5180//6850
f 5150//6849 5153//6851 5179//6847
f 5151//6854 5150//6849 5178//6848
f 5170//6855 5171//6856 5182//6857
f 5171//6856 5173//6839 5183//6858
f 5173//6839 5172//6838 5184//6859
f 5172//6838 5170//6855 5186//6860
f 5187//6861 5186//6860 5170//6855
f 5186//6860 5185//6862 5172//6838
f 5185//6862 5184//6859 5172//6838
f 5184//6859 5183//6858 5173//6839
f 5183//6858 5182//6857 5171//6856
f 5182//6857 5187//6861 5170//6855
f 5161//6819 5172//6837 5189//6863
f 5189//6863 5172//6837 5158//6815
f 5190//6864 5158//6815 5160//6812
f 5160//6812 5159//6865 5191//6866
f 5159//6865 5161//6819 5188//6867
f 5188//6867 5191//6866 5159//6865
f 5191//6866 5190//6864 5160//6812
f 5190//6864 5189//6863 5158//6815
f 5189//6863 5188//6867 5161//6819
f 5165//6827 5162//6868 5193//6869
f 5162//6868 5163//6870 5194//6871
f 5163//6870 5157//6805 5195//6872
f 5157//6805 5169//6811 5196//6873
f 5169//6811 5164//6826 5196//6873
f 5164//6826 5165//6827 5192//6874
f 5192//6874 5196//6873 5164//6826
f 5196//6873 5195//6872 5157//6805
f 5195//6872 5194//6871 5163//6870
f 5194//6871 5193//6869 5162//6868
f 5193//6869 5192//6874 5165//6827
f 5166//6875 5198//6876 5197//6877
f 5166//6875 5164//6826 5198//6876
f 5169//6811 5200//6878 5199//6879
f 5199//6879 5164//6826 5169//6811
f 5169//6811 5168//6809 5200//6878
f 5168//6809 5167//6880 5200//6878
f 5167//6880 5166//6875 5201//6881
f 5201//6881 5200//6878 5167//6880
f 5199//6879 5198//6876 5164//6826
f 5197//6877 5201//6881 5166//6875
f 5084//6732 5179//6847 5200//6878
f 5200//6878 5201//6881 5084//6732
f 5179//6847 5199//6879 5200//6878
f 5084//6732 5201//6881 5197//6877
f 5197//6877 5198//6876 5084//6732
f 5205//6882 5137//6791 5090//6741
f 5204//6883 5198//6876 5199//6879
f 5212//6884 5209//6885 5096//6728
f 5084//6732 5082//199 5178//199
f 5178//199 5179//6847 5084//6732
f 5180//6850 5181//6852 5196//6873
f 5180//6850 5196//6873 5179//6847
f 5082//199 5181//6852 5178//199
f 5181//6852 5082//199 5079//6724
f 5189//6863 5175//6886 5176//6887
f 5102//6748 5176//6887 5177//199
f 5177//199 5098//199 5102//6748
f 5096//6728 5174//199 5175//6886
f 5098//199 5177//199 5174//199
f 5174//199 5096//6728 5098//199
f 5073//6720 5077//6722 5074//6721
f 5096//6728 5209//6885 5077//6722
f 5210//6888 5125//6776 5129//6779
f 5125//6776 5127//6778 5129//6779
f 5130//6782 5119//6889 5210//6888
f 5129//6779 5130//6782 5210//6888
f 5132//6784 5127//6778 5125//6776
f 5130//6782 5132//6784 5119//6889
f 5132//6784 5125//6776 5119//6889
f 5140//6796 5149//6804 5119//6889
f 5205//6882 5145//6803 5146//6801
f 5140//6796 5119//6889 5118//6890
f 5146//6801 5115//6891 5205//6882
f 5118//6890 5146//6801 5148//6802
f 5118//6890 5115//6891 5146//6801
f 5148//6802 5140//6796 5118//6890
f 5205//6882 5149//6804 5145//6803
f 5205//6882 5133//6787 5135//6789
f 5133//6787 5205//6882 5115//6891
f 5115//6891 5122//6892 5139//6792
f 5138//6793 5122//6892 5137//6791
f 5138//6793 5139//6792 5122//6892
f 5139//6792 5133//6787 5115//6891
f 5137//6791 5205//6882 5135//6789
f 5090//6741 5092//6743 5084//6732
f 5088//6739 5090//6741 5137//6791
f 5124//6893 5094//6744 5086//6735
f 5092//6743 5094//6744 5124//6893
f 5086//6735 5137//6791 5124//6893
f 5086//6735 5088//6739 5137//6791
f 5092//6743 5124//6893 5084//6732
f 5084//6732 5124//6893 5085//6733
f 5125//6776 5212//6884 5111//6759
f 5212//6884 5109//6756 5111//6759
f 5111//6759 5105//6761 5125//6776
f 5102//6748 5103//6751 5106//6754
f 5103//6751 5113//6762 5106//6754
f 5103//6751 5105//6761 5113//6762
f 5212//6884 5102//6748 5109//6756
f 5105//6761 5103//6751 5125//6776
f 5106//6754 5109//6756 5102//6748
f 5074//6721 5199//6879 5192//6874
f 5074//6721 5192//6874 5193//6869
f 5196//6873 5192//6874 5199//6879
f 5079//6724 5193//6869 5194//6871
f 5079//6724 5074//6721 5193//6869
f 5181//6852 5079//6724 5195//6872
f 5079//6724 5194//6871 5195//6872
f 5195//6872 5196//6873 5181//6852
f 5189//6863 5212//6884 5188//6867
f 5191//6866 5188//6867 5212//6884
f 5096//6728 5175//6886 5190//6864
f 5212//6884 5096//6728 5191//6866
f 5096//6728 5190//6864 5191//6866
f 5175//6886 5189//6863 5190//6864
f 5212//6884 5189//6863 5186//6860
f 5189//6863 5185//6862 5186//6860
f 5186//6860 5187//6861 5212//6884
f 5102//6748 5182//6857 5183//6858
f 5176//6887 5183//6858 5184//6859
f 5183//6858 5176//6887 5102//6748
f 5189//6863 5176//6887 5184//6859
f 5102//6748 5212//6884 5182//6857
f 5189//6863 5184//6859 5185//6862
f 5187//6861 5182//6857 5212//6884
f 5090//6741 5198//6876 5202//6894
f 5090//6741 5203//6895 5205//6882
f 5198//6876 5204//6883 5202//6894
f 5202//6894 5203//6895 5090//6741
f 5212//6884 5207//6896 5208//6897
f 5212//6884 5208//6897 5209//6885
f 5207//6896 5212//6884 5210//6888
f 5211//6898 5074//6721 5077//6722
f 5211//6898 5204//6883 5074//6721
f 5077//6722 5209//6885 5211//6898
f 5122//6892 5124//6893 5137//6791
f 5149//6804 5205//6882 5119//6889
f 5210//6888 5212//6884 5125//6776
f 5206//6899 5210//6888 5119//6889
f 5205//6882 5206//6899 5119//6889
f 5199//6879 5074//6721 5204//6883
f 5179//6847 5196//6873 5199//6879
f 5084//6732 5198//6876 5090//6741
f 5211//6898 5209//6885 5213//6900
f 5209//6885 5208//6897 5213//6900
f 5208//6901 5207//6902 5214//6903
f 5210//6888 5215//6904 5207//6896
f 5210//6888 5206//6899 5216//6905
f 5206//6899 5217//6906 5216//6905
f 5217//6906 5206//6899 5205//6882
f 5219//6907 5205//6882 5203//6908
f 5203//6908 5220//6909 5219//6907
f 5220//6909 5203//6908 5202//6910
f 5202//6910 5222//6911 5221//6912
f 5202//6910 5204//6913 5222//6911
f 5204//6913 5211//6898 5224//6914
f 5224//6914 5223//6915 5204//6913
f 5223//6915 5222//6911 5204//6913
f 5221//6912 5220//6909 5202//6910
f 5219//6907 5218//6916 5205//6882
f 5218//6916 5217//6906 5205//6882
f 5216//6905 5215//6904 5210//6888
f 5213//6900 5224//6914 5211//6898
f 5226//6917 5067//6709 5225//6918
f 5227//6919 5063//6702 5246//6920
f 5067//6709 5251//6921 5225//6918
f 5229//6922 5242//6923 5233//6924
f 5063//6702 5230//6925 5246//6920
f 5228//6926 5065//6706 5232//6927
f 5232//6927 5231//6928 5228//6926
f 5232//6927 5065//6706 5066//6719
f 5061//6698 5229//6922 5233//6924
f 5067//6709 5068//6711 5236//6929
f 5063//6702 5064//6704 5239//6930
f 5234//6931 5235//6932 5072//6717
f 5236//6929 5251//6921 5067//6709
f 5238//6933 5070//6715 5237//6934
f 5239//6930 5230//6925 5063//6702
f 5065//6706 5240//6935 5239//6930
f 5231//6928 5250//6936 5228//6926
f 5072//6717 5243//6937 5234//6931
f 5068//6711 5069//6713 5244//6938
f 5069//6713 5070//6715 5244//6938
f 5060//6695 5061//6698 5248//6939
f 5242//6923 5241//6940 5233//6924
f 5233//6924 5248//6939 5061//6698
f 5238//6933 5244//6938 5070//6715
f 5245//6941 5070//6715 5071//6718
f 5062//6700 5063//6702 5227//6919
f 5239//6930 5064//6704 5065//6706
f 5228//6926 5240//6935 5065//6706
f 5248//6939 5247//6942 5060//6695
f 5234//6931 5249//6943 5235//6932
f 5244//6938 5236//6929 5068//6711
f 5061//6698 5062//6700 5227//6919
f 5241//6940 5242//6923 5227//6919
f 5072//6717 5060//6695 5243//6937
f 5247//6942 5243//6937 5060//6695
f 5249//6943 5237//6934 5235//6932
f 5249//6943 5238//6933 5237//6934
f 5070//6715 5245//6941 5237//6934
f 5227//6919 5246//6920 5241//6940
f 5066//6719 5067//6709 5226//6917
f 5226//6917 5232//6927 5066//6719
f 5231//6928 5226//6917 5225//6918
f 5231//6928 5225//6918 5250//6936
f 5235//6932 5245//6941 5071//6718
f 5071//6718 5072//6717 5235//6932
f 5227//6919 5229//6922 5061//6698
f 5254//6944 5255//6945 5256//6946
f 5254//6944 5256//6946 5253//6947
f 5258//6948 5255//6945 5252//6949
f 5255//6945 5258//6948 5256//6946
f 5225//6918 5252//6949 5255//6950
f 5250//6936 5255//6950 5254//6944
f 5254//6944 5228//6926 5250//6936
f 5255//6950 5250//6936 5225//6918
f 5258//6951 5257//6952 5226//6953
f 5257//6952 5253//6954 5232//6955
f 5231//6956 5232//6955 5253//6954
f 5253//6954 5256//6957 5231//6956
f 5256//6957 5258//6951 5226//6953
f 5226//6953 5231//6956 5256//6957
f 5232//6955 5226//6953 5257//6952
f 5259//6958 5257//6959 5258//6960
f 5259//6961 5253//6962 5257//6963
f 5264//6964 5262//6965 5263//6966
f 5264//6964 5263//6966 5261//6967
f 5262//6965 5260//6968 5263//6966
f 5234//6931 5261//6967 5263//6969
f 5249//6943 5263//6969 5260//6968
f 5260//6968 5238//6933 5249//6943
f 5263//6969 5249//6943 5234//6931
f 5265//6970 5262//6971 5245//6972
f 5264//6973 5265//6970 5235//6974
f 5262//6971 5264//6973 5235//6974
f 5235//6974 5237//6975 5262//6971
f 5245//6972 5235//6974 5265//6970
f 5237//6975 5245//6972 5262//6971
f 5266//6976 5262//6977 5265//6978
f 5266//6979 5265//6980 5264//6981
f 5271//6982 5270//6983 5269//6984
f 5274//6985 5270//6983 5267//6986
f 5268//6987 5271//6982 5269//6984
f 5271//6982 5267//6986 5270//6983
f 5246//6920 5267//6986 5271//6988
f 5241//6940 5271//6988 5268//6987
f 5268//6987 5233//6924 5241//6940
f 5271//6988 5241//6940 5246//6920
f 5218//6989 5243//6937 5247//6942
f 5244//6938 5221//6990 5222//6991
f 5222//6991 5236//6929 5244//6938
f 5223//6992 5251//6921 5236//6929
f 5213//6993 5239//6930 5240//6935
f 5239//6930 5213//6993 5208//6901
f 5214//6903 5230//6925 5239//6930
f 5248//6939 5216//6994 5217//6995
f 5217//6995 5247//6942 5248//6939
f 5248//6939 5233//6924 5268//6987
f 5268//6987 5216//6994 5248//6939
f 5215//6996 5216//6994 5269//6984
f 5269//6984 5272//6997 5215//6996
f 5269//6984 5216//6994 5268//6987
f 5267//6986 5207//6902 5274//6985
f 5274//6985 5207//6902 5215//6996
f 5272//6997 5274//6985 5215//6996
f 5230//6925 5214//6903 5207//6902
f 5207//6902 5267//6986 5230//6925
f 5213//6993 5254//6944 5253//6947
f 5240//6935 5228//6926 5254//6944
f 5254//6944 5213//6993 5240//6935
f 5252//6949 5224//6998 5258//6948
f 5224//6998 5259//6999 5258//6948
f 5224//6998 5213//6993 5259//6999
f 5253//6947 5259//6999 5213//6993
f 5251//6921 5224//6998 5252//6949
f 5244//6938 5260//6968 5220//7000
f 5244//6938 5238//6933 5260//6968
f 5220//7000 5221//6990 5244//6938
f 5262//6965 5220//7000 5260//6968
f 5261//6967 5219//7001 5264//6964
f 5220//7000 5266//7002 5264//6964
f 5262//6965 5266//7002 5220//7000
f 5264//6964 5219//7001 5220//7000
f 5243//6937 5219//7001 5261//6967
f 5261//6967 5234//6931 5243//6937
f 5252//6949 5225//6918 5251//6921
f 5267//6986 5246//6920 5230//6925
f 5217//6995 5218//6989 5247//6942
f 5208//6901 5214//6903 5239//6930
f 5223//6992 5224//6998 5251//6921
f 5222//6991 5223//6992 5236//6929
f 5218//6989 5219//7001 5243//6937
f 5273//7003 5269//7004 5229//7005
f 5274//7006 5273//7003 5227//7007
f 5242//7008 5229//7005 5269//7004
f 5269//7004 5270//7009 5242//7008
f 5227//7007 5270//7009 5274//7006
f 5227//7007 5242//7008 5270//7009
f 5229//7005 5227//7007 5273//7003
f 5272//7010 5269//7011 5273//7012
f 5272//6997 5273//7013 5274//6985
usemtl 0.901961_0.901961_0.901961_0.000000_0.005
f 1029//1375 1026//1376 1028//1377
f 1029//1378 1027//1379 1026//1380
f 1029//1381 1028//1382 1027//1383
f 1026//1384 1027//1385 1033//1386
f 1028//1387 1026//1384 1030//1388
f 1031//1389 1032//1390 1028//1387
f 1027//1385 1028//1387 1032//1390
f 1032//1390 1033//1386 1027//1385
f 1030//1388 1031//1389 1028//1387
f 1033//1386 1030//1388 1026//1384
f 1035//1391 1098//1392 1100//1393
f 1089//1394 1095//1395 1037//1396
f 1089//1394 1037//1396 1038//1397
f 1038//1397 1039//219 1089//1394
f 1037//1396 1041//1398 1038//1397
f 1039//219 1124//1399 1089//1394
f 1124//1399 1040//219 1042//1400
f 1039//219 1040//219 1124//1399
f 1041//1398 1042//1400 1038//1397
f 1044//1401 1045//1402 1122//1403
f 1046//1404 1033//1386 1045//1402
f 1122//1403 1033//1386 1047//1405
f 1033//1386 1046//1404 1047//1405
f 1047//1405 1044//1401 1122//1403
f 1045//1402 1044//1401 1046//1404
f 1122//1403 1045//1402 1119//1406
f 1109//1407 1052//1408 1053//1409
f 1104//1410 1053//1409 1054//1411
f 1049//1412 1050//1413 1055//1414
f 1048//1415 1049//1412 1057//1416
f 1055//1414 1057//1416 1049//1412
f 1050//1413 1056//1417 1055//1414
f 1051//1418 1059//1419 1058//1420
f 1110//1421 1051//1418 1058//1420
f 1051//1418 1052//1408 1059//1419
f 1058//1420 1060//1422 1110//1421
f 1102//1423 1054//1411 1068//1424
f 1054//1411 1102//1423 1103//1425
f 1035//1391 1097//1426 1098//1392
f 1095//1395 1062//1427 1064//1428
f 1062//1427 1095//1395 1061//1429
f 1061//1429 1037//1396 1063//1430
f 1037//1396 1064//1428 1063//1430
f 1063//1430 1062//1427 1061//1429
f 1064//1428 1037//1396 1095//1395
f 1065//1431 1067//1432 1088//1433
f 1065//1431 1088//1433 1124//1399
f 1041//1398 1066//1434 1065//1431
f 1041//1398 1086//1435 1066//1434
f 1086//1435 1067//1432 1066//1434
f 1065//1431 1124//1399 1041//1398
f 1072//1436 1068//1424 1034//1437
f 1069//1438 1071//1439 1068//1424
f 1102//1423 1071//1439 1070//1440
f 1102//1423 1068//1424 1071//1439
f 1070//1440 1100//1393 1102//1423
f 1034//1437 1100//1393 1070//1440
f 1070//1440 1072//1436 1034//1437
f 1031//1389 1073//1441 1045//1402
f 1045//1402 1032//1390 1031//1389
f 1030//1388 1081//1442 1073//1441
f 1031//1389 1030//1388 1073//1441
f 1033//1386 1032//1390 1045//1402
f 1081//1442 1030//1388 1033//1386
f 1074//219 1100//1393 1034//1437
f 1077//1443 1074//219 1034//1437
f 1074//219 1076//1444 1100//1393
f 1035//1391 1100//1393 1076//1444
f 1035//1391 1075//1445 1077//1443
f 1035//1391 1076//1444 1075//1445
f 1034//1437 1035//1391 1077//1443
f 1050//1413 1051//1418 1078//1446
f 1079//1447 1078//1446 1051//1418
f 1051//1418 1110//1421 1079//1447
f 1080//1448 1111//1449 1050//1413
f 1110//1421 1111//1449 1080//1448
f 1078//1446 1080//1448 1050//1413
f 1080//1448 1079//1447 1110//1421
f 1082//1450 1086//1435 1085//1451
f 1082//1450 1085//1451 1084//1452
f 1086//1435 1083//1453 1085//1451
f 1043//1454 1084//1452 1087//1455
f 1086//1435 1087//1455 1083//1453
f 1087//1455 1086//1435 1043//1454
f 1084//1452 1043//1454 1082//1450
f 1086//1435 1082//1450 1088//1433
f 1036//1456 1091//1457 1090//1458
f 1092//1459 1090//1458 1094//219
f 1090//1458 1092//1459 1036//1456
f 1061//1429 1093//1460 1091//1457
f 1091//1457 1036//1456 1061//1429
f 1093//1460 1061//1429 1095//1395
f 1093//1460 1095//1395 1092//1459
f 1094//219 1093//1460 1092//1459
f 1035//1391 1092//1459 1097//1426
f 1092//1459 1099//219 1097//1426
f 1099//219 1092//1459 1096//1461
f 1098//1392 1099//219 1096//1461
f 1100//1393 1098//1392 1096//1461
f 1101//1462 1104//1410 1102//1423
f 1103//1425 1104//1410 1054//1411
f 1053//1409 1106//1463 1105//1464
f 1105//1464 1109//1407 1053//1409
f 1106//1463 1104//1410 1101//1462
f 1101//1462 1109//1407 1108//219
f 1109//1407 1105//1464 1108//219
f 1106//1463 1053//1409 1104//1410
f 1101//1462 1108//219 1107//869
f 1060//1422 1059//1419 1052//1408
f 1060//1422 1052//1408 1110//1421
f 1112//1465 1050//1413 1111//1449
f 1050//1413 1112//1465 1056//1417
f 1112//1465 1048//1415 1056//1417
f 1048//1415 1057//1416 1056//1417
f 1048//1415 1113//1466 1114//1467
f 1113//1466 1119//1406 1115//1468
f 1113//1466 1115//1468 1114//1467
f 1048//1415 1116//1469 1117//1470
f 1114//1467 1116//1469 1048//1415
f 1117//1470 1115//1468 1119//1406
f 1119//1406 1113//1466 1118//1471
f 1119//1406 1118//1471 1122//1403
f 1122//1403 1120//1472 1121//1473
f 1121//1473 1033//1386 1122//1403
f 1081//1442 1033//1386 1121//1473
f 1121//1473 1123//1474 1081//1442
f 1117//1470 1119//1406 1048//1415
f 1112//1465 1113//1466 1048//1415
f 1109//1407 1110//1421 1052//1408
f 1107//869 1106//1463 1101//1462
f 1100//1393 1101//1462 1102//1423
f 1081//1442 1082//1450 1043//1454
f 1072//1436 1069//1438 1068//1424
f 1067//1432 1086//1435 1088//1433
f 1043//1454 1073//1441 1081//1442
f 1042//1400 1041//1398 1124//1399
f 1035//1391 1036//1456 1092//1459
f 1169//1475 1127//1476 1072//1436
f 1072//1436 1070//1440 1169//1475
f 1107//1477 1108//1478 1129//1479
f 1106//1480 1107//1477 1129//1479
f 1105//1481 1106//1480 1130//1482
f 1108//1478 1105//1481 1128//1483
f 1131//1484 1128//1483 1105//1481
f 1130//1482 1131//1484 1105//1481
f 1129//1479 1130//1482 1106//1480
f 1128//1483 1129//1479 1108//1478
f 1079//1485 1080//1486 1132//1487
f 1132//1487 1133//1488 1079//1485
f 1078//1489 1079//1485 1133//1488
f 1080//1486 1078//1489 1134//1490
f 1135//1491 1132//1487 1080//1486
f 1134//1490 1135//1491 1080//1486
f 1133//1488 1134//1490 1078//1489
f 1038//1492 1042//1493 1136//1494
f 1136//1494 1039//1495 1038//1492
f 1040//1496 1039//1495 1138//1497
f 1042//1493 1040//1496 1138//1497
f 1042//1493 1138//1497 1139//1498
f 1139//1498 1136//1494 1042//1493
f 1137//1499 1138//1497 1039//1495
f 1136//1494 1137//1499 1039//1495
f 1091//1500 1093//1501 1141//1502
f 1094//1503 1090//1504 1143//1505
f 1093//1501 1094//1503 1143//1505
f 1143//1505 1140//1506 1093//1501
f 1142//1507 1143//1505 1090//1504
f 1090//1504 1091//1500 1142//1507
f 1141//1502 1142//1507 1091//1500
f 1140//1506 1141//1502 1093//1501
f 1075//1508 1076//1509 1144//1510
f 1077//1511 1075//1508 1144//1510
f 1074//1512 1077//1511 1145//1513
f 1076//1509 1074//1512 1146//1514
f 1145//1513 1146//1514 1074//1512
f 1144//1510 1145//1513 1077//1511
f 1146//1514 1144//1510 1076//1509
f 1066//1515 1067//1516 1147//1517
f 1065//1518 1066//1515 1148//1519
f 1067//1516 1065//1518 1149//1520
f 1149//1520 1147//1517 1067//1516
f 1148//1519 1149//1520 1065//1518
f 1147//1517 1148//1519 1066//1515
f 1063//1521 1064//1522 1153//1523
f 1062//1524 1063//1521 1151//1525
f 1064//1522 1062//1524 1152//1526
f 1152//1526 1153//1523 1064//1522
f 1151//1525 1152//1526 1062//1524
f 1150//1527 1151//1525 1063//1521
f 1153//1523 1150//1527 1063//1521
f 1097//1528 1099//1529 1156//1530
f 1154//1531 1155//1532 1097//1528
f 1098//1533 1097//1528 1155//1532
f 1099//1529 1098//1533 1155//1532
f 1155//1532 1156//1530 1099//1529
f 1156//1530 1154//1531 1097//1528
f 1102//1534 1104//1410 1157//1535
f 1103//1425 1102//1534 1159//1536
f 1104//1410 1103//1425 1157//1535
f 1159//1536 1157//1535 1103//1425
f 1158//1537 1159//1536 1102//1534
f 1157//1535 1158//1537 1102//1534
f 1059//1538 1060//1539 1160//1540
f 1058//1541 1059//1538 1162//1542
f 1060//1539 1058//1541 1163//1543
f 1162//1542 1163//1543 1058//1541
f 1161//1544 1162//1542 1059//1538
f 1160//1540 1161//1544 1059//1538
f 1163//1543 1160//1540 1060//1539
f 1056//1545 1057//1546 1166//1547
f 1055//1548 1056//1545 1165//1549
f 1057//1546 1055//1548 1166//1547
f 1165//1549 1166//1547 1055//1548
f 1164//1550 1165//1549 1056//1545
f 1166//1547 1164//1550 1056//1545
f 1070//1440 1071//1439 1168//1551
f 1070//1440 1168//1551 1169//1475
f 1167//1552 1168//1551 1071//1439
f 1170//1553 1167//1552 1071//1439
f 1071//1439 1069//1438 1170//1553
f 1069//1438 1072//1436 1170//1553
f 1127//1476 1170//1553 1072//1436
f 1046//1554 1044//1555 1171//1556
f 1047//1557 1046//1554 1172//1558
f 1044//1555 1047//1557 1173//1559
f 1174//1560 1171//1556 1044//1555
f 1173//1559 1174//1560 1044//1555
f 1172//1558 1173//1559 1047//1557
f 1171//1556 1172//1558 1046//1554
f 1175//199 1174//199 1173//199
f 1172//199 1171//199 1176//199
f 1178//199 1175//199 1173//199
f 1177//199 1176//199 1171//199
f 1173//199 1172//199 1178//199
f 1171//199 1174//199 1177//199
f 1172//199 1176//199 1178//199
f 1174//199 1175//199 1177//199
f 1176//1561 1177//1562 1182//1563
f 1178//1564 1176//1561 1179//1565
f 1175//1566 1178//1564 1180//1567
f 1177//1562 1175//1566 1182//1563
f 1181//1568 1182//1563 1175//1566
f 1180//1567 1181//1568 1175//1566
f 1179//1565 1180//1567 1178//1564
f 1182//1563 1179//1565 1176//1561
f 1083//1569 1087//1570 1185//1571
f 1085//1572 1083//1569 1183//1573
f 1084//1574 1085//1572 1184//1575
f 1087//1570 1084//1574 1185//1571
f 1184//1575 1185//1571 1084//1574
f 1183//1573 1184//1575 1085//1572
f 1185//1571 1183//1573 1083//1569
f 1187//1576 1184//1577 1183//1578
f 1186//1579 1189//1580 1185//1581
f 1189//1580 1183//1578 1185//1581
f 1185//1581 1184//1577 1186//1579
f 1184//1577 1188//1582 1186//1579
f 1187//1576 1188//1582 1184//1577
f 1183//1578 1189//1580 1187//1576
f 1189//1583 1194//1584 1190//1585
f 1187//1586 1189//1583 1190//1585
f 1191//1587 1192//1588 1187//1586
f 1188//1589 1187//1586 1192//1588
f 1188//1589 1192//1588 1193//1590
f 1186//1591 1193//1590 1194//1584
f 1194//1584 1189//1583 1186//1591
f 1193//1590 1186//1591 1188//1589
f 1190//1585 1191//1587 1187//1586
f 1081//1442 1126//1592 1195//1593
f 1082//1594 1195//1593 1191//1595
f 1191//1595 1088//1433 1082//1594
f 1195//1593 1082//1594 1081//1442
f 1191//1595 1196//1596 1088//1433
f 1088//1433 1196//1596 1197//1597
f 1197//1597 1124//1399 1088//1433
f 1198//1598 1089//1394 1124//1399
f 1124//1399 1197//1597 1198//1598
f 1198//1598 1095//1395 1089//1394
f 1199//1599 1092//1459 1095//1395
f 1092//1459 1199//1599 1200//1600
f 1201//1601 1096//1461 1092//1459
f 1092//1459 1200//1600 1201//1601
f 1201//1601 1202//1602 1100//1393
f 1202//1602 1101//1462 1100//1393
f 1101//1462 1202//1602 1203//1603
f 1203//1603 1204//1604 1109//1407
f 1204//1604 1205//1605 1110//1421
f 1205//1605 1206//1606 1111//1449
f 1113//1607 1112//1465 1207//1608
f 1112//1465 1206//1606 1207//1608
f 1118//1609 1113//1607 1208//1610
f 1207//1608 1208//1610 1113//1607
f 1122//1403 1118//1609 1209//1611
f 1209//1611 1125//1612 1122//1403
f 1208//1610 1209//1611 1118//1609
f 1206//1606 1112//1465 1111//1449
f 1111//1449 1110//1421 1205//1605
f 1110//1421 1109//1407 1204//1604
f 1109//1407 1101//1462 1203//1603
f 1100//1393 1096//1461 1201//1601
f 1198//1598 1199//1599 1095//1395
f 1127//1476 1146//1613 1145//1614
f 1146//1613 1127//1476 1169//1475
f 1215//1615 1144//1616 1146//1613
f 1144//1616 1215//1615 1216//1617
f 1146//1613 1169//1475 1215//1615
f 1216//1617 1145//1614 1144//1616
f 1217//1618 1167//1552 1170//1553
f 1170//1553 1127//1476 1217//1618
f 1168//1551 1217//1618 1218//1619
f 1222//1620 1219//1621 1204//1604
f 1220//1622 1163//1623 1162//1624
f 1219//1621 1220//1622 1161//1625
f 1220//1622 1162//1624 1161//1625
f 1163//1623 1220//1622 1205//1605
f 1166//1626 1221//1627 1238//1628
f 1166//1626 1165//1629 1221//1627
f 1164//1630 1207//1608 1206//1606
f 1206//1606 1165//1629 1164//1630
f 1165//1629 1206//1606 1221//1627
f 1166//1626 1238//1628 1207//1608
f 1164//1630 1166//1626 1207//1608
f 1205//1605 1160//199 1163//1623
f 1205//1605 1204//1604 1160//199
f 1204//1604 1219//1621 1161//1625
f 1161//1625 1160//199 1204//1604
f 1131//1631 1218//1619 1222//1620
f 1204//1604 1203//1603 1128//199
f 1203//1603 1129//1479 1128//199
f 1222//1620 1204//1604 1131//1631
f 1204//1604 1128//199 1131//1631
f 1129//1479 1218//1619 1130//1482
f 1131//1631 1130//1482 1218//1619
f 1129//1479 1203//1603 1202//199
f 1129//1479 1157//199 1159//639
f 1202//199 1168//1551 1158//1632
f 1158//1632 1168//1551 1218//1619
f 1159//639 1218//1619 1129//1479
f 1158//1632 1157//199 1202//199
f 1157//199 1129//1479 1202//199
f 1154//1633 1200//1600 1215//1615
f 1215//1615 1168//1551 1155//1634
f 1168//1551 1156//638 1155//1634
f 1155//1634 1154//1633 1215//1615
f 1156//638 1201//1601 1200//1600
f 1154//1633 1156//638 1200//1600
f 1156//638 1202//199 1201//1601
f 1156//638 1168//1551 1202//199
f 1214//1635 1142//1636 1141//1637
f 1141//1637 1213//1638 1214//1635
f 1214//1635 1200//1600 1142//1636
f 1143//199 1142//1636 1200//1600
f 1141//1637 1140//199 1199//1599
f 1143//199 1200//1600 1199//1599
f 1141//1637 1199//1599 1213//1638
f 1152//199 1199//1599 1198//1598
f 1212//1639 1213//1638 1150//1640
f 1153//1641 1152//199 1198//1598
f 1198//1598 1212//1639 1153//1641
f 1212//1639 1150//1640 1153//1641
f 1199//1599 1152//199 1151//1642
f 1151//1642 1150//1640 1213//1638
f 1151//1642 1213//1638 1199//1599
f 1210//1643 1211//1644 1147//1645
f 1149//709 1197//1597 1196//1596
f 1211//1644 1197//1597 1148//1646
f 1147//1645 1149//709 1196//1596
f 1211//1644 1148//1646 1147//1645
f 1197//1597 1149//709 1148//1646
f 1147//1645 1196//1596 1210//1643
f 1134//1647 1220//1622 1221//1627
f 1220//1622 1133//1648 1132//1649
f 1134//1647 1133//1648 1220//1622
f 1221//1627 1206//1606 1135//1650
f 1206//1606 1132//1649 1135//1650
f 1132//1649 1205//1605 1220//1622
f 1132//1649 1206//1606 1205//1605
f 1221//1627 1135//1650 1134//1647
f 1197//1597 1211//1644 1138//1651
f 1137//199 1136//1652 1198//1598
f 1138//1651 1198//1598 1197//1597
f 1211//1644 1139//1653 1138//1651
f 1138//1651 1137//199 1198//1598
f 1136//1652 1212//1639 1198//1598
f 1139//1653 1211//1644 1212//1639
f 1136//1652 1139//1653 1212//1639
f 1140//199 1143//199 1199//1599
f 1159//639 1158//1632 1218//1619
f 1145//1614 1216//1617 1127//1476
f 1215//1615 1169//1475 1168//1551
f 1215//1615 1200//1600 1214//1635
f 1167//1552 1217//1618 1168//1551
f 1210//1643 1196//1596 1191//1587
f 1223//1654 1194//1655 1193//1656
f 1194//1655 1223//1654 1210//1643
f 1210//1643 1190//1585 1194//1655
f 1190//1585 1210//1643 1191//1587
f 1192//1657 1191//1595 1195//1593
f 1223//1654 1193//1656 1192//1657
f 1192//1657 1195//1593 1223//1654
f 1224//1658 1223//1654 1195//1593
f 1195//1593 1126//1659 1224//1658
f 1114//1660 1115//1661 1225//1662
f 1114//1660 1225//1662 1226//1663
f 1116//1664 1114//1660 1226//1663
f 1117//1665 1116//1664 1226//1663
f 1115//1661 1117//1665 1225//1662
f 1227//1666 1225//1662 1117//1665
f 1226//1663 1227//1666 1117//1665
f 1228//1667 1229//1668 1226//1669
f 1230//1670 1227//1671 1226//1669
f 1231//1672 1228//1667 1225//1673
f 1226//1669 1229//1668 1230//1670
f 1232//1674 1225//1673 1227//1671
f 1227//1671 1230//1670 1232//1674
f 1225//1673 1232//1674 1231//1672
f 1226//1669 1225//1673 1228//1667
f 1228//1675 1231//1676 1208//1610
f 1229//1668 1228//1667 1233//1677
f 1233//1677 1230//1678 1229//1668
f 1233//1677 1234//1679 1230//1678
f 1235//1680 1232//1681 1230//1678
f 1232//1681 1235//1680 1208//1610
f 1234//1679 1235//1680 1230//1678
f 1208//1610 1231//1676 1232//1681
f 1237//1682 1236//1683 1209//1684
f 1233//1677 1237//1682 1234//1679
f 1237//1682 1208//1610 1235//1680
f 1235//1680 1234//1679 1237//1682
f 1207//1608 1238//1628 1228//1675
f 1238//1628 1233//1677 1228//1675
f 1228//1675 1208//1610 1207//1608
f 1237//1682 1209//1684 1208//1610
f 1217//1618 1222//1620 1218//1619
f 1127//1685 1216//1617 1239//1686
f 1217//1687 1127//1685 1239//1686
f 1239//1686 1034//1437 1068//1424
f 1035//1391 1034//1437 1239//1686
f 1045//1402 1240//1688 1182//1563
f 1086//1435 1210//1643 1223//1654
f 1223//1654 1043//1454 1086//1435
f 1043//1454 1223//1654 1224//1658
f 1224//1658 1073//1441 1043//1454
f 1045//1402 1182//1563 1236//1683
f 1236//1683 1119//1406 1045//1402
f 1236//1683 1237//1682 1119//1406
f 1048//1415 1119//1406 1237//1682
f 1237//1682 1238//1628 1048//1415
f 1048//1415 1238//1628 1221//1627
f 1050//1413 1221//1627 1220//1622
f 1051//1418 1220//1622 1219//1621
f 1052//1408 1219//1621 1222//1620
f 1054//1411 1222//1620 1217//1687
f 1068//1424 1217//1687 1239//1686
f 1035//1391 1216//1617 1215//1615
f 1035//1391 1215//1615 1214//1635
f 1036//1456 1214//1635 1213//1638
f 1037//1396 1213//1638 1212//1639
f 1041//1398 1212//1639 1211//1644
f 1041//1398 1211//1644 1210//1643
f 1210//1643 1086//1435 1041//1398
f 1212//1639 1041//1398 1037//1396
f 1213//1638 1037//1396 1061//1429
f 1213//1638 1061//1429 1036//1456
f 1214//1635 1036//1456 1035//1391
f 1216//1617 1035//1391 1239//1686
f 1217//1687 1068//1424 1054//1411
f 1222//1620 1054//1411 1053//1409
f 1222//1620 1053//1409 1052//1408
f 1219//1621 1052//1408 1051//1418
f 1220//1622 1051//1418 1050//1413
f 1221//1627 1050//1413 1049//1412
f 1221//1627 1049//1412 1048//1415
f 1224//1658 1240//1688 1073//1441
f 1240//1688 1045//1402 1073//1441
f 1233//1677 1238//1628 1237//1682
f 1209//1684 1236//1683 1181//1568
f 1181//1568 1236//1683 1182//1563
f 1224//1658 1126//1659 1179//1689
f 1180//1690 1244//1691 1125//1692
f 1179//1689 1241//1693 1245//1694
f 1125//1692 1181//1568 1180//1690
f 1240//1688 1179//1689 1182//1563
f 1125//1692 1209//1684 1181//1568
f 1240//1688 1224//1658 1179//1689
f 1179//1689 1126//1659 1241//1693
f 1245//1694 1180//1690 1179//1689
f 1180//1690 1245//1694 1244//1691
f 1244//1691 1243//1695 1120//1472
f 1122//1403 1125//1612 1120//1472
f 1120//1472 1125//1612 1244//1691
f 1241//1693 1126//1592 1123//1474
f 1123//1474 1126//1592 1081//1442
f 1123//1474 1242//1696 1241//1693
f 1121//1473 1243//1695 1242//1696
f 1242//1696 1123//1474 1121//1473
f 1121//1473 1120//1472 1243//1695
f 1243//1695 1244//1691 1245//1694
f 1242//1696 1243//1695 1245//1694
f 1245//1694 1241//1693 1242//1696
usemtl 0.768627_0.886275_0.952941_0.000000_0.006
f 1884//199 1885//2554 1886//2555
f 1887//2556 1884//199 1886//2555
f 1888//2557 1884//2558 1887//2556
f 1888//2557 1887//2556 1886//2555
f 1889//2559 1886//2555 1885//2554
f 1890//2560 1885//2554 1884//2558
f 1884//2558 1888//2557 1891//2561
f 1884//2558 1891//2561 1890//2560
f 1885//2554 1890//2560 1889//2559
f 1886//2555 1889//2559 1888//2557
f 1891//2561 1888//219 1890//2560
f 1888//219 1889//2559 1890//2560
usemtl 0.980392_0.796078_0.262745_0.000000_0.012
f 1894//2562 1892//2563 1893//2564
f 1896//2565 1894//2562 1895//2566
f 1898//2567 1896//2565 1897//2568
f 1900//2569 1898//2567 1901//2570
f 1902//2571 1900//2569 1903//2572
f 1904//2573 1902//2571 1903//2572
f 1906//2574 1904//2573 1907//2575
f 1908//2576 1906//2574 1909//2577
f 1911//2578 1908//2576 1910//2579
f 1913//2580 1911//2578 1914//2581
f 1915//2582 1913//2580 1916//2583
f 1918//2584 1915//2582 1917//2585
f 1920//2586 1918//2584 1921//2587
f 1922//2588 1920//2586 1921//2587
f 1923//2589 1922//2588 1924//2590
f 1892//2563 1923//2589 1925//2591
f 1925//2591 1893//2564 1892//2563
f 1924//2590 1925//2591 1923//2589
f 1921//2587 1924//2590 1922//2588
f 1919//2592 1921//2587 1918//2584
f 1917//2585 1919//2592 1918//2584
f 1916//2583 1917//2585 1915//2582
f 1914//2581 1916//2583 1913//2580
f 1912//2593 1914//2581 1911//2578
f 1910//2579 1912//2593 1911//2578
f 1909//2577 1910//2579 1908//2576
f 1907//2575 1909//2577 1906//2574
f 1905//2594 1907//2575 1904//2573
f 1903//2572 1905//2594 1904//2573
f 1901//2570 1903//2572 1900//2569
f 1899//2595 1901//2570 1898//2567
f 1897//2568 1899//2595 1898//2567
f 1895//2566 1897//2568 1896//2565
f 1893//2564 1895//2566 1894//2562
f 1896//2565 1926//2596 1894//2562
f 1895//2566 1893//2564 1928//2597
f 1897//2568 1895//2566 1929//2598
f 1899//2595 1897//2568 1930//2599
f 1901//2570 1899//2595 1931//2600
f 1903//2572 1901//2570 1932//2601
f 1905//2594 1903//2572 1933//2602
f 1907//2575 1905//2594 1933//2602
f 1909//2577 1907//2575 1935//2603
f 1909//2577 1935//2603 1936//2604
f 1936//2604 1910//2579 1909//2577
f 1912//2593 1910//2579 1937//2605
f 1914//2581 1912//2593 1937//2605
f 1916//2583 1914//2581 1938//2606
f 1917//2585 1916//2583 1939//2607
f 1919//2592 1917//2585 1940//2608
f 1921//2587 1919//2592 1940//2608
f 1924//2590 1921//2587 1941//2609
f 1925//2591 1924//2590 1943//2610
f 1893//2564 1925//2591 1943//2610
f 1943//2610 1927//2611 1893//2564
f 1942//2612 1943//2610 1924//2590
f 1941//2609 1942//2612 1924//2590
f 1940//2608 1941//2609 1921//2587
f 1939//2607 1940//2608 1917//2585
f 1938//2606 1939//2607 1916//2583
f 1937//2605 1938//2606 1914//2581
f 1936//2604 1937//2605 1910//2579
f 1934//2613 1935//2603 1907//2575
f 1933//2602 1934//2613 1907//2575
f 1932//2601 1933//2602 1903//2572
f 1931//2600 1932//2601 1901//2570
f 1930//2599 1931//2600 1899//2595
f 1929//2598 1930//2599 1897//2568
f 1928//2597 1929//2598 1895//2566
f 1927//2611 1928//2597 1893//2564
f 1928//2597 1927//2611 1944//2614
f 1929//2598 1928//2597 1945//2615
f 1930//2599 1929//2598 1946//2616
f 1931//2600 1930//2599 1947//2617
f 1932//2601 1931//2600 1948//2618
f 1933//2602 1932//2601 1949//2619
f 1934//2613 1933//2602 1950//2620
f 1935//2603 1934//2613 1951//2621
f 1952//2622 1953//2623 1936//2604
f 1937//2605 1936//2604 1953//2623
f 1938//2606 1937//2605 1954//2624
f 1939//2607 1938//2606 1955//2625
f 1940//2608 1939//2607 1956//2626
f 1941//2609 1940//2608 1957//2627
f 1942//2612 1941//2609 1958//2628
f 1943//2610 1942//2612 1959//2629
f 1927//2611 1943//2610 1944//2614
f 1959//2629 1944//2614 1943//2610
f 1958//2628 1959//2629 1942//2612
f 1957//2627 1958//2628 1941//2609
f 1956//2626 1957//2627 1940//2608
f 1955//2625 1956//2626 1939//2607
f 1954//2624 1955//2625 1938//2606
f 1953//2623 1954//2624 1937//2605
f 1936//2604 1935//2603 1952//2622
f 1951//2621 1952//2622 1935//2603
f 1950//2620 1951//2621 1934//2613
f 1949//2619 1950//2620 1933//2602
f 1948//2618 1949//2619 1932//2601
f 1947//2617 1948//2618 1931//2600
f 1946//2616 1947//2617 1930//2599
f 1945//2615 1946//2616 1929//2598
f 1944//2614 1945//2615 1928//2597
f 1945//2615 1944//2614 1960//2630
f 1946//2616 1945//2615 1962//2631
f 1947//2617 1946//2616 1962//2631
f 1948//2618 1947//2617 1963//2632
f 1949//2619 1948//2618 1965//2633
f 1950//2620 1949//2619 1966//2634
f 1951//2621 1950//2620 1967//2635
f 1952//2622 1951//2621 1968//2636
f 1970//2637 1953//2623 1952//2622
f 1954//2624 1953//2623 1971//2638
f 1955//2625 1954//2624 1972//2639
f 1956//2626 1955//2625 1973//2640
f 1957//2627 1956//2626 1975//2641
f 1958//2628 1957//2627 1976//2642
f 1959//2629 1958//2628 1978//2643
f 1944//2614 1959//2629 1979//2644
f 1979//2644 1960//2630 1944//2614
f 1978//2643 1979//2644 1959//2629
f 1977//2645 1978//2643 1958//2628
f 1976//2642 1977//2645 1958//2628
f 1975//2641 1976//2642 1957//2627
f 1974//2646 1975//2641 1956//2626
f 1973//2640 1974//2646 1956//2626
f 1972//2639 1973//2640 1955//2625
f 1971//2638 1972//2639 1954//2624
f 1970//2637 1971//2638 1953//2623
f 1969//2647 1970//2637 1952//2622
f 1968//2636 1969//2647 1952//2622
f 1967//2635 1968//2636 1951//2621
f 1966//2634 1967//2635 1950//2620
f 1965//2633 1966//2634 1949//2619
f 1964//2648 1965//2633 1948//2618
f 1963//2632 1964//2648 1948//2618
f 1962//2631 1963//2632 1947//2617
f 1961//2649 1962//2631 1945//2615
f 1960//2630 1961//2649 1945//2615
f 1964//2648 1963//2650 2001//2651
f 1963//2650 1981//2652 1980//2653
f 1985//2654 1984//2655 1982//2656
f 1986//2657 1985//2654 1983//2658
f 1987//2659 1986//2657 1963//2650
f 1984//2655 1987//2659 1980//2653
f 1980//2653 1981//2652 1984//2655
f 1963//2650 1980//2653 1987//2659
f 1983//2658 1963//2650 1986//2657
f 1982//2656 1983//2658 1985//2654
f 1981//2652 1982//2656 1984//2655
f 1999//2673 2000//2674 2001//2675
f 2002//2676 1999//2673 2004//2677
f 1992//2678 2001//2675 2000//2674
f 1992//2678 1993//2679 2003//2680
f 1993//2679 1989//2664 2003//2680
f 2002//2676 2004//2677 1989//2664
f 2004//2677 2003//2680 1989//2664
f 2003//2680 2001//2675 1992//2678
f 2001//2675 2004//2677 1999//2673
f 2015//2690 2014//2691 1966//2634
f 1966//2634 2014//2691 2012//2689
f 2012//2689 2017//2692 1966//2634
f 2012//2689 2013//2687 2017//2692
f 2013//2687 2011//2688 2018//2693
f 2015//2690 2016//2694 2011//2688
f 2016//2694 2018//2693 2011//2688
f 2018//2693 2017//2692 2013//2687
f 1966//2634 2016//2694 2015//2690
f 2069//2748 2068//2749 1962//2631
f 2023//2700 1962//2631 2056//2740
f 2056//2740 1962//2631 2068//2749
f 2056//2740 2060//2750 2023//2700
f 2060//2750 2059//2738 2021//2751
f 2069//2748 2020//2697 2059//2738
f 2020//2697 2021//2751 2059//2738
f 2021//2751 2023//2700 2060//2750
f 1962//2631 2020//2697 2069//2748
f 2083//2767 2084//2768 1968//2636
f 2051//2724 1969//2647 2076//2759
f 2076//2759 1969//2647 2084//2768
f 2076//2759 2072//2757 2051//2724
f 2072//2757 2073//2758 2050//2769
f 2083//2767 2052//2726 2073//2758
f 2052//2726 2050//2769 2073//2758
f 2050//2769 2051//2724 2072//2757
f 1969//2647 1968//2636 2084//2768
f 1968//2636 2052//2726 2083//2767
f 2097//2785 2099//2786 1974//2646
f 2098//2787 2097//2785 2037//2788
f 2041//2716 1974//2646 2088//2775
f 2088//2775 1974//2646 2099//2786
f 2088//2775 2089//2789 2041//2716
f 2089//2789 2090//2776 2040//2790
f 2098//2787 2037//2788 2090//2776
f 2037//2788 2040//2790 2090//2776
f 2040//2790 2041//2716 2089//2789
f 1974//2646 2037//2788 2097//2785
f 2101//2791 2100//2792 2043//2793
f 2100//2792 2102//2794 1972//2795
f 2045//2796 1972//2795 2078//2763
f 2078//2763 1972//2795 2102//2794
f 2078//2763 2081//2797 2045//2796
f 2081//2797 2082//2762 2042//2798
f 2101//2791 2043//2793 2082//2762
f 2043//2793 2042//2798 2082//2762
f 2042//2798 2047//2799 2081//2797
f 2047//2799 2045//2796 2081//2797
f 1972//2795 2043//2793 2100//2792
f 2104//2800 2103//2801 1979//2802
f 2105//2803 2104//2800 2027//2804
f 1979//2802 2103//2801 2065//2744
f 2065//2744 2029//2805 1979//2802
f 2065//2744 2062//2806 2029//2805
f 2062//2806 2063//2745 2030//2807
f 2105//2803 2027//2804 2063//2745
f 2027//2804 2030//2807 2063//2745
f 2030//2807 2029//2805 2062//2806
f 1979//2802 2027//2804 2104//2800
f 2107//2808 2106//2809 1977//2810
f 2096//2782 2034//2811 2106//2809
f 2096//2782 2093//2780 2033//2812
f 2093//2780 2094//2781 2035//2813
f 2107//2808 2035//2813 2094//2781
f 2035//2813 2033//2812 2093//2780
f 2033//2812 2034//2811 2096//2782
f 1977//2810 2035//2813 2107//2808
f 2034//2811 1977//2810 2106//2809
f 2150//2861 2137//2862 2128//2863
f 2131//2864 2137//2862 2151//2865
f 2128//2863 2131//2864 2152//2866
f 2152//2866 2150//2861 2128//2863
f 2151//2865 2152//2866 2131//2864
f 2150//2861 2151//2865 2137//2862
f 2170//2885 2177//2908 2187//2909
f 2121//2889 2170//2885 2188//2910
f 2177//2908 2121//2889 2189//2911
f 2189//2911 2187//2909 2177//2908
f 2188//2910 2189//2911 2121//2889
f 2187//2909 2188//2910 2170//2885
f 2193//2933 2200//2934 2211//2935
f 2192//2936 2193//2933 2209//2937
f 2200//2934 2192//2936 2211//2935
f 2210//2938 2211//2935 2192//2936
f 2209//2937 2210//2938 2192//2936
f 2211//2935 2209//2937 2193//2933
f 2232//2982 2231//2983 2218//2984
f 2232//2982 2218//2984 2219//2985
f 2231//2983 2229//2986 2217//2987
f 2217//2987 2218//2984 2231//2983
f 2219//2985 2217//2987 2229//2986
f 2229//2986 2232//2982 2219//2985
f 2476//3285 2467//3286 2468//3272
f 2467//3286 2476//3285 2477//3287
f 2469//3288 2467//3286 2478//3289
f 2469//3288 2478//3289 2479//3290
f 2465//3273 2469//3288 2479//3290
f 2465//3273 2479//3290 2480//3291
f 2468//3272 2465//3273 2480//3291
f 2480//3291 2476//3285 2468//3272
f 2477//3287 2478//3289 2467//3286
f 2415//3200 2461//3261 2458//3258
f 2416//3202 2479//3292 2481//3293
f 2481//3293 2413//3195 2416//3202
f 2415//3200 2413//3195 2481//3293
f 2481//3293 2482//3294 2415//3200
f 2461//3261 2415//3200 2482//3294
f 2482//3294 2460//3264 2461//3261
f 2482//3294 2462//3263 2460//3264
f 2462//3263 2482//3294 2483//3295
f 2478//3296 2459//3257 2462//3263
f 2478//3296 2477//3297 2459//3257
f 2477//3297 2458//3258 2459//3257
f 2477//3297 2476//3298 2458//3258
f 2414//3198 2415//3200 2476//3298
f 2415//3200 2458//3258 2476//3298
f 2414//3198 2476//3298 2480//3299
f 2480//3299 2417//3203 2414//3198
f 2480//3299 2479//3292 2417//3203
f 2416//3202 2417//3203 2479//3292
f 2483//3295 2478//3296 2462//3263
f 2470//3283 2482//3300 2481//3301
f 2479//3302 2478//3303 2472//3284
f 2472//3284 2478//3303 2483//3304
f 2470//3283 2475//3282 2482//3300
f 2483//3304 2482//3300 2475//3282
f 2483//3304 2475//3282 2472//3284
f 2479//3302 2472//3284 2474//3281
f 2481//3301 2479//3302 2474//3281
f 2481//3301 2474//3281 2470//3283
f 2484//3317 2485//3318 2490//3319
f 2491//3320 2492//3321 2487//3322
f 2486//3323 2487//3322 2492//3321
f 2486//3323 2492//3321 2493//3324
f 2485//3318 2486//3323 2489//3325
f 2493//3324 2489//3325 2486//3323
f 2487//3322 2484//3317 2491//3320
f 2490//3319 2491//3320 2484//3317
f 2489//3325 2490//3319 2485//3318
f 2491//3320 2494//3326 2492//3321
f 2494//3326 2493//3324 2492//3321
f 2586//3421 2587//3422 2506//3339
f 2588//3423 2586//3421 2507//3337
f 2589//3424 2588//3423 2505//3336
f 2589//3424 2504//3376 2574//3375
f 2574//3375 2590//3425 2589//3424
f 2591//3426 2592//3427 2534//3351
f 2534//3351 2514//3350 2591//3426
f 2591//3426 2514//3350 2513//3347
f 2513//3347 2593//3428 2591//3426
f 2513//3347 2594//3429 2593//3428
f 2594//3429 2513//3347 2512//3346
f 2512//3346 2595//3430 2594//3429
f 2595//3430 2512//3346 2511//3344
f 2511//3344 2596//3431 2595//3430
f 2582//3418 2590//3425 2574//3375
f 2597//3432 2590//3425 2582//3418
f 2592//3427 2597//3432 2598//3415
f 2534//3351 2592//3427 2598//3415
f 2511//3344 2509//3343 2576//3413
f 2576//3413 2596//3431 2511//3344
f 2599//3433 2596//3431 2576//3413
f 2587//3422 2599//3433 2575//3409
f 2506//3339 2587//3422 2575//3409
f 2575//3409 2551//3393 2506//3339
f 2576//3413 2575//3409 2599//3433
f 2582//3418 2598//3415 2597//3432
f 2505//3336 2504//3376 2589//3424
f 2507//3337 2505//3336 2588//3423
f 2506//3339 2507//3337 2586//3421
f 2615//3450 2611//3451 2614//219
f 2616//219 2615//3450 2614//219
f 2618//219 2613//219 2612//3447
f 2617//219 2616//219 2614//219
f 2611//3449 2618//219 2612//3447
f 2618//219 2617//219 2613//219
f 2614//219 2613//219 2617//219
f 2615//3450 2616//3452 2619//3453
f 2611//3451 2615//3450 2620//3454
f 2618//3455 2611//3451 2621//3456
f 2617//3457 2618//3455 2622//3458
f 2617//3457 2623//3459 2624//3460
f 2616//3452 2617//3457 2624//3460
f 2624//3460 2619//3453 2616//3452
f 2622//3458 2623//3459 2617//3457
f 2621//3456 2622//3458 2618//3455
f 2620//3454 2621//3456 2611//3451
f 2619//3453 2620//3454 2615//3450
f 2638//219 2635//219 2632//1966
f 2637//219 2638//219 2634//219
f 2633//219 2632//1966 2635//219
f 2634//219 2633//219 2636//219
f 2636//219 2637//219 2634//219
f 2632//1966 2634//219 2638//219
f 2633//219 2635//219 2636//219
f 2635//3472 2638//3473 2640//3474
f 2636//3475 2635//3472 2641//3476
f 2637//3477 2636//3475 2643//3478
f 2638//3473 2637//3477 2644//3479
f 2644//3479 2639//3480 2638//3473
f 2643//3478 2644//3479 2637//3477
f 2642//3481 2643//3478 2636//3475
f 2641//3476 2642//3481 2636//3475
f 2640//3474 2641//3476 2635//3472
f 2639//3480 2640//3474 2638//3473
f 2642//3481 2644//3479 2643//3478
f 2651//219 2650//219 2646//219
f 2650//219 2647//219 2646//219
f 2649//219 2645//219 2647//219
f 2645//219 2649//219 2648//219
f 2650//219 2649//219 2647//219
f 2651//219 2646//219 2645//219
f 2645//219 2648//219 2651//219
f 2648//3488 2649//3489 2652//3490
f 2651//3491 2648//3488 2653//3492
f 2650//3493 2651//3491 2654//3494
f 2649//3489 2650//3493 2655//3495
f 2655//3495 2656//3496 2649//3489
f 2654//3494 2655//3495 2650//3493
f 2653//3492 2654//3494 2651//3491
f 2652//3490 2653//3492 2648//3488
f 2656//3496 2652//3490 2649//3489
f 2656//3496 2657//3497 2652//3490
f 2653//3492 2652//3490 2657//3497
f 2669//3512 2665//3513 2668//219
f 2670//219 2669//3512 2668//219
f 2665//3511 2671//219 2666//3509
f 2670//219 2668//219 2667//219
f 2667//219 2672//219 2670//219
f 2667//219 2666//3509 2671//219
f 2667//219 2671//219 2672//219
f 2669//3512 2670//3514 2673//3515
f 2665//3513 2669//3512 2674//3516
f 2671//3517 2665//3513 2675//3518
f 2672//3519 2671//3517 2676//3520
f 2672//3519 2677//3521 2678//3522
f 2670//3514 2672//3519 2678//3522
f 2678//3522 2673//3515 2670//3514
f 2676//3520 2677//3521 2672//3519
f 2675//3518 2676//3520 2671//3517
f 2674//3516 2675//3518 2665//3513
f 2673//3515 2674//3516 2669//3512
f 2687//411 2691//219 2690//219
f 2690//219 2688//219 2687//411
f 2690//219 2692//219 2688//219
f 2687//411 2689//219 2691//219
f 2689//219 2688//219 2692//219
f 2692//219 2693//219 2689//219
f 2693//219 2691//219 2689//219
f 2690//3537 2691//3538 2695//3539
f 2692//3540 2690//3537 2696//3541
f 2693//3542 2692//3540 2698//3543
f 2691//3538 2693//3542 2699//3544
f 2699//3544 2694//3545 2691//3538
f 2698//3543 2699//3544 2693//3542
f 2697//3546 2698//3543 2692//3540
f 2696//3541 2697//3546 2692//3540
f 2695//3539 2696//3541 2690//3537
f 2694//3545 2695//3539 2691//3538
f 2697//3546 2699//3544 2698//3543
f 2700//3547 2711//3558 2730//3559
f 2700//3547 2702//3549 2711//3558
f 2712//3560 2711//3558 2702//3549
f 2713//3561 2712//3560 2704//3551
f 2706//3553 2714//3562 2713//3561
f 2715//3563 2714//3562 2707//3554
f 2716//3564 2715//3563 2708//3555
f 2708//3555 2709//3556 2716//3564
f 2619//3453 2716//3564 2709//3556
f 2717//3565 2619//3453 2709//3556
f 2701//3548 2730//3559 2717//3565
f 2717//3565 2710//3557 2701//3548
f 2701//3548 2700//3547 2730//3559
f 2709//3556 2710//3557 2717//3565
f 2707//3554 2708//3555 2715//3563
f 2706//3553 2707//3554 2714//3562
f 2705//3552 2706//3553 2713//3561
f 2704//3551 2705//3552 2713//3561
f 2703//3550 2704//3551 2712//3560
f 2702//3549 2703//3550 2712//3560
f 2721//219 2720//219 2719//219
f 2719//219 2724//219 2721//219
f 2722//219 2723//219 2718//219
f 2723//219 2724//219 2718//219
f 2720//219 2721//219 2722//219
f 2724//219 2719//219 2718//219
f 2718//219 2720//219 2722//219
f 2723//3572 2722//3573 2725//3574
f 2724//3575 2723//3572 2726//3576
f 2721//3577 2724//3575 2727//3578
f 2722//3573 2721//3577 2728//3579
f 2728//3579 2729//3580 2722//3573
f 2727//3578 2728//3579 2721//3577
f 2726//3576 2727//3578 2724//3575
f 2725//3574 2726//3576 2723//3572
f 2729//3580 2725//3574 2722//3573
f 2728//3579 2730//3559 2729//3580
f 2730//3559 2731//3581 2725//3582
f 2725//3582 2729//3580 2730//3559
f 2726//3576 2725//3582 2731//3581
f 2745//3600 2744//3601 2553//3602
f 2746//3603 2745//3600 2553//3602
f 2747//3604 2746//3603 2554//3605
f 2748//3606 2747//3604 2552//3607
f 2748//3606 2552//3607 2555//3608
f 2744//3601 2748//3606 2555//3608
f 2554//3605 2552//3607 2747//3604
f 2553//3602 2554//3605 2746//3603
f 2555//3608 2553//3602 2744//3601
f 2550//3340 2547//3387 2545//3389
f 2751//3624 2750//3625 2546//3388
f 2547//3387 2550//3340 2752//3626
f 2753//3627 2752//3626 2550//3340
f 2753//3627 2550//3340 2548//3390
f 2750//3625 2753//3627 2549//3391
f 2548//3390 2549//3391 2753//3627
f 2752//3626 2751//3624 2547//3387
f 2546//3388 2547//3387 2751//3624
f 2549//3391 2546//3388 2750//3625
f 2756//3640 2755//3641 2542//3381
f 2757//3642 2756//3640 2544//3643
f 2757//3642 2544//3643 2540//3644
f 2540//3644 2758//3645 2757//3642
f 2755//3641 2758//3645 2541//3382
f 2541//3382 2542//3381 2755//3641
f 2540//3644 2541//3382 2758//3645
f 2543//3646 2544//3643 2756//3640
f 2542//3381 2543//3646 2756//3640
f 2760//3659 2763//3660 2539//3379
f 2761//3661 2760//3659 2538//3662
f 2538//3662 2537//3663 2761//3661
f 2537//3663 2762//3664 2761//3661
f 2763//3660 2762//3664 2535//3374
f 2535//3374 2539//3379 2763//3660
f 2537//3663 2535//3374 2762//3664
f 2539//3379 2538//3662 2760//3659
f 2765//3677 2769//3678 2533//3679
f 2766//3680 2765//3677 2532//3371
f 2767//3681 2766//3680 2531//3373
f 2767//3681 2530//3682 2529//3683
f 2768//3684 2767//3681 2529//3683
f 2769//3678 2768//3684 2529//3683
f 2529//3683 2533//3679 2769//3678
f 2531//3373 2530//3682 2767//3681
f 2532//3371 2531//3373 2766//3680
f 2533//3679 2532//3371 2765//3677
f 2772//3700 2771//3701 2526//3702
f 2522//3703 2524//3704 2773//3705
f 2773//3705 2524//3704 2528//3706
f 2774//3707 2773//3705 2528//3706
f 2771//3701 2774//3707 2528//3706
f 2528//3706 2526//3702 2771//3701
f 2773//3705 2772//3700 2522//3703
f 2526//3702 2522//3703 2772//3700
f 2776//3720 2780//3721 2521//3722
f 2777//3723 2776//3720 2520//3724
f 2778//3725 2777//3723 2518//3726
f 2779//3727 2778//3725 2517//3728
f 2780//3721 2779//3727 2519//3729
f 2519//3729 2521//3722 2780//3721
f 2517//3728 2519//3729 2779//3727
f 2518//3726 2517//3728 2778//3725
f 2520//3724 2518//3726 2777//3723
f 2521//3722 2520//3724 2776//3720
f 2736//3585 2793//3745 2782//3746
f 2737//3584 2782//3746 2783//3747
f 2738//3586 2783//3747 2784//3748
f 2742//3592 2784//3748 2785//3749
f 2742//3592 2785//3749 2786//3750
f 2740//3588 2786//3750 2787//3751
f 2740//3588 2787//3751 2788//3752
f 2732//3590 2788//3752 2789//3753
f 2732//3590 2789//3753 2790//3754
f 2743//3594 2790//3754 2791//3755
f 2734//3596 2791//3755 2792//3756
f 2735//3583 2792//3756 2793//3745
f 2793//3745 2736//3585 2735//3583
f 2792//3756 2735//3583 2734//3596
f 2791//3755 2734//3596 2743//3594
f 2790//3754 2743//3594 2733//3593
f 2790//3754 2733//3593 2732//3590
f 2788//3752 2732//3590 2741//3589
f 2788//3752 2741//3589 2740//3588
f 2786//3750 2740//3588 2739//3587
f 2786//3750 2739//3587 2742//3592
f 2784//3748 2742//3592 2738//3586
f 2783//3747 2738//3586 2737//3584
f 2782//3746 2737//3584 2736//3585
f 3983//5323 3982//5324 3984//5325
f 3985//5326 3983//5323 3984//5325
f 3986//5327 3987//5328 3985//5326
f 3985//5326 3984//5325 3986//5327
f 3987//5328 3986//5327 3988//5329
f 3988//5329 3989//5330 3990//5331
f 3991//5332 3993//5333 3990//5331
f 3990//5331 3989//5330 3991//5332
f 3993//5333 3991//5332 3992//5334
f 3994//5335 3995//5336 3993//5333
f 3993//5333 3992//5334 3994//5335
f 3995//5336 3994//5335 3996//5337
f 3996//5337 3997//5338 3998//5339
f 4000//5340 4001//5341 3999//5342
f 3999//5342 3997//5338 4000//5340
f 4001//5341 4000//5340 4002//5343
f 4003//5344 4001//5341 4002//5343
f 4002//5343 4004//5345 4005//5346
f 4005//5346 4004//5345 4006//5347
f 4006//5347 4008//5348 4009//5349
f 4008//5348 4010//5350 4009//5349
f 4010//5350 4008//5348 4011//5351
f 4011//5351 4012//5352 4013//5353
f 4012//5352 4014//5354 4015//5355
f 4015//5355 4014//5354 4016//5356
f 4017//5357 4016//5356 3982//5324
f 4016//5356 4017//5357 4015//5355
f 4015//5355 4013//5353 4012//5352
f 4013//5353 4010//5350 4011//5351
f 4009//5349 4007//5358 4006//5347
f 4006//5347 4007//5358 4005//5346
f 4005//5346 4003//5344 4002//5343
f 3999//5342 3998//5339 3997//5338
f 3996//5337 3998//5339 3995//5336
f 3990//5331 3987//5328 3988//5329
f 3983//5323 4017//5357 3982//5324
f 4168//5528 4167//5527 4197//5550
f 4169//5529 4168//5528 4198//5551
f 4170//5518 4169//5529 4199//5552
f 4200//5553 4179//5530 4170//5518
f 4180//5525 4179//5530 4201//5554
f 4166//5526 4180//5525 4202//5555
f 4167//5527 4166//5526 4204//5556
f 4203//5557 4204//5556 4166//5526
f 4202//5555 4203//5557 4166//5526
f 4201//5554 4202//5555 4180//5525
f 4200//5553 4201//5554 4179//5530
f 4199//5552 4200//5553 4170//5518
f 4198//5551 4199//5552 4169//5529
f 4197//5550 4198//5551 4168//5528
f 4204//5556 4197//5550 4167//5527
f 4185//5558 4178//5559 4207//5560
f 4178//5559 4184//5561 4206//5562
f 4178//5559 4206//5562 4207//5560
f 4205//5563 4206//5562 4184//5561
f 4184//5561 4185//5558 4205//5563
f 4207//5560 4205//5563 4185//5558
f 4175//5573 4177//5574 4218//5575
f 4176//5576 4175//5573 4216//5577
f 4177//5574 4176//5576 4217//5578
f 4217//5578 4218//5575 4177//5574
f 4216//5577 4217//5578 4176//5576
f 4218//5575 4216//5577 4175//5573
f 4172//5587 4173//5588 4227//5589
f 4174//5590 4172//5587 4228//5591
f 4173//5588 4174//5590 4229//5592
f 4229//5592 4227//5589 4173//5588
f 4228//5591 4229//5592 4174//5590
f 4227//5589 4228//5591 4172//5587
f 4243//5632 4244//5633 4255//5634
f 4245//5635 4243//5632 4256//5636
f 4244//5633 4245//5635 4257//5637
f 4257//5637 4255//5634 4244//5633
f 4256//5636 4257//5637 4245//5635
f 4255//5634 4256//5636 4243//5632
f 4242//5638 4241//5639 4259//5640
f 4254//5641 4242//5638 4259//5640
f 4241//5639 4254//5641 4260//5642
f 4260//5642 4258//5643 4241//5639
f 4259//5640 4260//5642 4254//5641
f 4258//5643 4259//5640 4241//5639
f 4239//5605 4240//5606 4261//5644
f 4238//5607 4239//5605 4262//5645
f 4240//5606 4238//5607 4263//5646
f 4262//5645 4263//5646 4238//5607
f 4261//5644 4262//5645 4239//5605
f 4263//5646 4261//5644 4240//5606
f 4253//5604 4252//5647 4264//5648
f 4251//5619 4253//5604 4265//5649
f 4252//5647 4251//5619 4266//5650
f 4265//5649 4266//5650 4251//5619
f 4264//5648 4265//5649 4253//5604
f 4266//5650 4264//5648 4252//5647
f 4246//5651 4247//5652 4267//5653
f 4248//5654 4246//5651 4268//5655
f 4247//5652 4248//5654 4269//5656
f 4268//5655 4269//5656 4248//5654
f 4267//5653 4268//5655 4246//5651
f 4269//5656 4267//5653 4247//5652
f 4106//5459 4250//5618 4270//5657
f 4249//5658 4106//5459 4271//5659
f 4250//5618 4249//5658 4272//5660
f 4271//5659 4272//5660 4249//5658
f 4270//5657 4271//5659 4106//5459
f 4272//5660 4270//5657 4250//5618
usemtl 0.623529_0.666667_0.701961_0.000000_0.003
f 1986//2660 1987//2661 1988//2662
f 1991//2663 1993//219 1992//219
f 1989//2664 1985//2665 1986//2660
f 1994//2666 1987//2661 1984//2667
f 1992//219 1995//2668 1991//2663
f 1991//2663 1985//2665 1989//2664
f 1984//2667 1991//2663 1990//219
f 1984//2667 1990//219 1994//2666
f 1984//2667 1985//2665 1991//2663
f 1989//2664 1993//219 1991//2663
f 1998//2669 1997//2670 1994//2666
f 1994//2666 1990//2671 1998//2669
f 1990//2671 1991//2663 1996//2672
f 1996//2672 1998//2669 1990//2671
f 1999//2673 2002//2676 2000//2674
f 1991//2663 1995//2668 1996//2672
f 1996//2672 1995//2668 2005//2681
f 2005//2681 2006//2682 1996//2672
f 2008//2683 2005//2681 2007//2684
f 2005//2681 2008//2683 2006//2682
f 2009//2685 2008//2683 2007//2684
f 2007//2684 2010//2686 2009//2685
f 2013//2687 1995//2668 2011//2688
f 2010//2686 2007//219 2012//2689
f 2013//2687 2007//219 2005//2681
f 2013//2687 2005//2681 1995//2668
f 2013//2687 2012//2689 2007//219
f 1963//2632 2019//2695 1997//2696
f 1962//2631 1961//2649 2020//2697
f 2021//2698 2020//2697 1961//2649
f 1961//2649 2022//2699 2021//2698
f 2019//2695 1963//2632 2023//2700
f 2023//2700 1963//2632 1962//2631
f 2023//2700 2021//2698 2022//2699
f 2023//2700 2022//2699 2019//2695
f 2025//2701 2024//2702 1961//2649
f 2024//2702 2022//2699 1961//2649
f 1961//2649 1960//2630 2025//2701
f 2026//2703 2028//2704 2027//2705
f 1960//2630 1979//2644 2029//2706
f 2027//2705 1979//2644 1978//2643
f 1978//2643 2026//2703 2027//2705
f 2028//2704 2029//2706 2030//199
f 2030//199 2027//2705 2028//2704
f 2029//2706 2028//2704 1960//2630
f 2031//2707 2032//2708 2033//2709
f 1976//2642 2033//2709 2035//2710
f 2032//2708 1978//2643 2034//2711
f 2033//2709 1976//2642 2031//2707
f 2034//2711 2033//2709 2032//2708
f 1977//2645 2034//2711 1978//2643
f 1976//2642 2035//2710 1977//2645
f 2032//2708 2026//2703 1978//2643
f 1975//2641 2039//2712 2036//2713
f 2031//2707 1976//2642 1975//2641
f 1975//2641 2036//2713 2031//2707
f 2038//2714 2037//2715 1973//2640
f 2038//2714 2039//2712 2040//199
f 2041//2716 1975//2641 1974//2646
f 1973//2640 2037//2715 1974//2646
f 2040//199 2037//2715 2038//2714
f 2041//2716 2039//2712 1975//2641
f 2041//2716 2040//199 2039//2712
f 2042//2717 2043//2718 1971//2638
f 2044//2719 2047//199 2042//2717
f 2044//2719 2046//2720 2045//2721
f 2042//2717 1971//2638 2044//2719
f 2045//2721 2047//199 2044//2719
f 2045//2721 2046//2720 1973//2640
f 2043//2718 1972//2639 1971//2638
f 1972//2639 2045//2721 1973//2640
f 2048//2722 2044//2719 1971//2638
f 2048//2722 1971//2638 1970//2637
f 1970//2637 2049//2723 2048//2722
f 2051//2724 1970//2637 1969//2647
f 2053//2725 2050//199 2052//2726
f 2050//199 2053//2725 2049//2723
f 2049//2723 1970//2637 2051//2724
f 2051//2724 2050//199 2049//2723
f 1968//2636 1967//2635 2052//2726
f 2052//2726 1967//2635 2053//2725
f 1967//2635 2017//2692 2009//2727
f 1965//2633 2008//2728 2018//2729
f 1966//2634 1965//2633 2016//2694
f 1966//2634 2017//2692 1967//2635
f 2018//2729 2016//2694 1965//2633
f 2017//2692 2018//2729 2008//2728
f 1965//2633 2006//2730 2008//2728
f 1996//2731 2006//2730 1965//2633
f 1996//2731 1965//2633 1964//2648
f 2003//2732 2004//2733 1982//2656
f 1982//2656 1998//2734 2003//2732
f 2004//2733 2001//2651 1963//2650
f 1963//2650 1983//2658 2004//2733
f 1998//2734 1982//2656 1981//2652
f 1997//2696 1981//2652 1963//2632
f 1997//2696 1998//2734 1981//2652
f 1983//2658 1982//2656 2004//2733
f 1996//2731 1964//2648 2003//2732
f 2003//2732 1998//2734 1996//2731
f 2001//2651 2003//2732 1964//2648
f 2017//2692 2008//2728 2009//2727
f 1960//2630 2028//2704 2025//2701
f 2038//2714 1973//2640 2046//2720
f 2053//2725 1967//2635 2009//2727
f 2022//2699 2054//2735 2055//2736
f 2054//2735 2022//2699 2024//2702
f 2054//219 2058//2737 2059//2738
f 2055//219 2054//219 2060//219
f 2054//219 2061//219 2058//2737
f 2057//2739 2055//219 2056//2740
f 2059//2738 2060//219 2054//219
f 2060//219 2056//2740 2055//219
f 2019//2741 2022//2699 2055//2736
f 2055//2736 2057//2739 2019//2741
f 2054//2735 2024//2702 2025//2701
f 2025//2701 2061//2742 2054//2735
f 2066//2743 2061//2742 2025//2701
f 2062//219 2061//2742 2066//2743
f 2061//2742 2062//219 2065//2744
f 2067//219 2063//2745 2062//219
f 2063//2745 2067//219 2064//2746
f 2062//219 2066//2743 2067//219
f 2028//2704 2026//2703 2064//2746
f 2064//2746 2067//2747 2028//2704
f 2067//2747 2025//2701 2028//2704
f 2025//2701 2067//2747 2066//2743
f 2070//2752 2075//2753 2053//2754
f 2074//2755 2071//2756 2072//2757
f 2071//2756 2075//219 2072//2757
f 2075//219 2070//2752 2073//2758
f 2076//2759 2074//2755 2072//2757
f 2073//2758 2072//2757 2075//219
f 2049//2760 2075//2753 2071//2756
f 2075//2753 2049//2760 2053//2754
f 2071//2756 2074//2755 2048//2722
f 2074//2755 2077//2761 2048//2722
f 2048//2722 2049//2760 2071//2756
f 2077//2761 2082//2762 2081//219
f 2080//219 2081//219 2078//2763
f 2082//2762 2077//2761 2074//2755
f 2078//2763 2079//2764 2080//219
f 2081//219 2080//219 2077//2761
f 2048//2722 2077//2761 2080//2765
f 2044//2719 2048//2722 2080//2765
f 2046//2766 2044//2719 2080//2765
f 2080//2765 2079//2764 2046//2766
f 2039//2770 2038//2771 2085//2772
f 2085//2772 2087//2773 2039//2770
f 2086//2774 2087//2773 2088//2775
f 2087//2773 2089//219 2088//2775
f 2087//2773 2090//2776 2089//219
f 2090//2776 2087//2773 2085//2772
f 2087//2773 2036//2777 2039//2770
f 2036//2777 2087//2773 2086//2774
f 2086//2774 2031//2778 2036//2777
f 2031//2778 2086//2774 2092//2779
f 2091//219 2092//2779 2093//2780
f 2092//2779 2094//2781 2093//2780
f 2086//2774 2094//2781 2092//2779
f 2093//2780 2096//2782 2091//219
f 2096//2782 2095//2783 2091//219
f 2031//2778 2092//2779 2091//2784
f 2091//2784 2032//2708 2031//2778
f 2091//2784 2095//2783 2032//2708
f 2097//2785 2098//2787 2099//2786
f 2100//2792 2101//2791 2102//2794
f 2105//2803 2103//2801 2104//2800
f 2108//2814 1994//2666 2057//2739
f 2057//2739 1994//2666 1997//2670
f 1997//2670 2019//2741 2057//2739
f 2109//2815 1987//2661 1994//2666
f 1994//2666 2108//2814 2109//2815
f 2059//2738 2108//2814 2069//2748
f 2068//2749 2069//2748 2108//2814
f 2057//2739 2056//2740 2068//2749
f 2068//2749 2108//2814 2057//2739
f 2108//2814 2059//2738 2058//2737
f 2110//2816 2058//2737 2061//2742
f 2111//2817 2061//2742 2065//2744
f 2064//2746 2112//2818 2105//2803
f 2105//2803 2112//2818 2111//2817
f 2103//2801 2105//2803 2111//2817
f 2103//2801 2111//2817 2065//2744
f 2113//2819 2112//2818 2095//2783
f 2064//2746 2026//2703 2032//2708
f 2032//2708 2095//2783 2064//2746
f 2064//2746 2095//2783 2112//2818
f 2106//2809 2107//2808 2113//2819
f 2095//2783 2096//2782 2106//2809
f 2106//2809 2113//2819 2095//2783
f 2094//2781 2114//2820 2107//2808
f 2114//2820 2113//2819 2107//2808
f 2114//2820 2094//2781 2086//2774
f 2115//2821 2086//2774 2088//2775
f 2090//2776 2116//2822 2098//2787
f 2099//2786 2098//2787 2116//2822
f 2099//2786 2116//2822 2088//2775
f 2038//2771 2117//2823 2085//2772
f 2038//2771 2046//2766 2117//2823
f 2116//2822 2090//2776 2085//2772
f 2085//2772 2117//2823 2116//2822
f 2079//2764 2078//2763 2102//2794
f 2102//2794 2117//2823 2079//2764
f 2079//2764 2117//2823 2046//2766
f 2082//2762 2118//2824 2101//2791
f 2102//2794 2101//2791 2118//2824
f 2118//2824 2082//2762 2074//2755
f 2074//2755 2120//2825 2119//2826
f 2120//2825 2074//2755 2076//2759
f 2084//2768 2083//2767 2121//2827
f 2084//2768 2121//2827 2120//2825
f 2084//2768 2120//2825 2076//2759
f 2053//2754 2122//2828 2070//2752
f 2070//2752 2122//2828 2083//2767
f 2122//2828 2121//2827 2083//2767
f 2083//2767 2073//2758 2070//2752
f 2123//2829 2122//2828 2010//2686
f 2122//2828 2053//2754 2009//2685
f 2010//2686 2122//2828 2009//2685
f 2011//2688 2123//2829 2015//2690
f 2014//2691 2015//2690 2123//2829
f 2014//2691 2123//2829 2012//2689
f 2123//2829 2011//2688 1995//2830
f 1995//2830 2125//2831 2124//2832
f 2125//2831 1995//2830 1992//2678
f 2000//2674 2125//2831 1992//2678
f 2109//2815 1988//2662 1987//2661
f 2002//2676 1986//2660 1988//2662
f 2002//2676 1989//2664 1986//2660
f 1988//2662 2109//2815 2002//2676
f 2000//2674 2002//2676 2109//2815
f 2000//2674 2109//2815 2125//2831
f 1995//2830 2124//2832 2123//2829
f 2010//2686 2012//2689 2123//2829
f 2074//2755 2119//2826 2118//2824
f 2102//2794 2118//2824 2117//2823
f 2088//2775 2116//2822 2115//2821
f 2086//2774 2115//2821 2114//2820
f 2105//2803 2063//2745 2064//2746
f 2061//2742 2111//2817 2110//2816
f 2058//2737 2110//2816 2108//2814
f 2108//2833 2127//2834 2126//2835
f 2109//2836 2126//2835 2128//2837
f 2128//2837 2133//199 2129//199
f 2126//2835 2109//2836 2108//2833
f 2108//2833 2110//2838 2127//2834
f 2127//2834 2136//199 2126//2835
f 2128//2837 2126//2835 2133//199
f 2134//199 2137//583 2131//199
f 2134//199 2124//2839 2125//2840
f 2129//199 2130//199 2128//2837
f 2132//199 2134//199 2135//199
f 2125//2840 2137//583 2134//199
f 2135//199 2133//199 2132//199
f 2130//199 2135//199 2134//199
f 2130//199 2134//199 2131//199
f 2138//199 2129//199 2133//199
f 2125//2840 2109//2836 2128//2837
f 2131//199 2128//2837 2130//199
f 2127//2834 2134//199 2132//199
f 2132//199 2136//199 2127//2834
f 2125//2840 2128//2837 2137//583
f 2135//199 2138//199 2133//199
f 2127//2834 2139//2841 2140//2842
f 2134//2843 2127//2834 2140//2842
f 2140//2842 2141//2844 2134//2843
f 2144//2845 2143//2846 2133//2847
f 2145//2848 2144//2845 2126//2849
f 2142//2850 2145//2848 2136//2851
f 2126//2849 2136//2851 2145//2848
f 2133//2847 2126//2849 2144//2845
f 2132//2852 2133//2847 2143//2846
f 2143//2846 2142//2850 2132//2852
f 2136//2851 2132//2852 2142//2850
f 2147//2853 2146//2854 2135//2855
f 2148//2856 2147//2853 2130//2857
f 2149//2858 2148//2856 2129//2859
f 2146//2854 2149//2858 2138//2860
f 2129//2859 2138//2860 2149//2858
f 2130//2857 2129//2859 2148//2856
f 2135//2855 2130//2857 2147//2853
f 2138//2860 2135//2855 2146//2854
f 2167//2867 2139//2841 2110//2838
f 2127//2834 2110//2838 2139//2841
f 2110//2838 2164//2868 2167//2867
f 2134//2843 2141//2844 2153//2869
f 2153//2869 2154//2870 2124//2871
f 2153//2869 2124//2871 2134//2843
f 2154//2870 2153//2869 2156//2872
f 2156//2872 2155//2873 2154//2870
f 2156//2872 2157//2874 2155//2873
f 2119//2875 2157//2874 2158//2876
f 2158//2876 2159//2877 2119//2875
f 2119//2875 2155//2873 2157//2874
f 2159//2877 2158//2876 2160//2878
f 2160//2878 2161//2879 2159//2877
f 2160//2878 2162//2880 2161//2879
f 2162//2880 2165//2881 2115//2882
f 2163//2883 2115//2882 2165//2881
f 2115//2882 2161//2879 2162//2880
f 2164//2868 2165//2881 2166//2884
f 2165//2881 2164//2868 2163//2883
f 2164//2868 2166//2884 2167//2867
f 2174//199 2155//199 2168//199
f 2170//2885 2172//2886 2171//199
f 2154//2870 2172//2886 2123//2887
f 2169//199 2174//199 2168//199
f 2154//2870 2123//2887 2124//2871
f 2154//2870 2174//199 2173//199
f 2154//2870 2155//199 2174//199
f 2155//199 2175//199 2168//199
f 2176//199 2177//2888 2170//2885
f 2121//2889 2122//580 2170//2885
f 2154//2870 2173//199 2172//2886
f 2169//199 2168//199 2171//199
f 2122//580 2172//2886 2170//2885
f 2170//2885 2171//199 2176//199
f 2122//580 2123//2887 2172//2886
f 2171//199 2172//2886 2169//199
f 2155//199 2176//199 2175//199
f 2121//2827 2177//2888 2120//2825
f 2155//199 2120//2825 2177//2888
f 2176//199 2155//199 2177//2888
f 2155//199 2119//2890 2120//2825
f 2179//2891 2178//2892 2172//2893
f 2180//2894 2179//2891 2173//2895
f 2181//2896 2180//2894 2174//2897
f 2182//2898 2181//2896 2169//2899
f 2178//2892 2182//2898 2172//2893
f 2169//2899 2172//2893 2182//2898
f 2174//2897 2169//2899 2181//2896
f 2173//2895 2174//2897 2180//2894
f 2172//2893 2173//2895 2179//2891
f 2184//2900 2183//2901 2168//2902
f 2185//2903 2184//2900 2168//2902
f 2186//2904 2185//2903 2176//2905
f 2183//2901 2186//2904 2176//2905
f 2176//2905 2171//2906 2183//2901
f 2175//2907 2176//2905 2185//2903
f 2168//2902 2175//2907 2185//2903
f 2171//2906 2168//2902 2183//2901
f 2198//199 2193//2912 2116//2913
f 2117//2082 2196//2914 2198//199
f 2193//2912 2192//2915 2116//2913
f 2118//2916 2159//2877 2196//2914
f 2192//2915 2115//2882 2116//2913
f 2159//2877 2118//2916 2119//2875
f 2116//2913 2117//2082 2198//199
f 2194//199 2200//199 2193//2912
f 2195//199 2191//199 2197//199
f 2197//199 2159//2877 2195//199
f 2195//199 2159//2877 2161//2879
f 2192//2915 2161//2879 2115//2882
f 2199//199 2193//2912 2198//199
f 2198//199 2191//199 2199//199
f 2191//199 2198//199 2190//199
f 2197//199 2196//2914 2159//2877
f 2193//2912 2199//199 2194//199
f 2190//199 2197//199 2191//199
f 2200//199 2194//199 2161//2879
f 2196//2914 2117//2082 2118//2916
f 2194//199 2195//199 2161//2879
f 2192//2915 2200//199 2161//2879
f 2201//2917 2204//2918 2198//2919
f 2202//2920 2201//2917 2196//2921
f 2203//2922 2202//2920 2197//2923
f 2204//2918 2203//2922 2197//2923
f 2190//2924 2198//2919 2204//2918
f 2197//2923 2190//2924 2204//2918
f 2196//2921 2197//2923 2202//2920
f 2198//2919 2196//2921 2201//2917
f 2199//2925 2205//2926 2208//2927
f 2206//2928 2205//2926 2199//2925
f 2207//2929 2206//2928 2191//2930
f 2208//2927 2207//2929 2194//2931
f 2194//2931 2199//2925 2208//2927
f 2195//2932 2194//2931 2207//2929
f 2191//2930 2195//2932 2207//2929
f 2199//2925 2191//2930 2206//2928
f 2166//2884 1922//2588 2212//2939
f 2212//2939 2213//219 2166//2884
f 2214//2940 2212//2939 1922//2588
f 2165//2881 1920//2586 2221//2941
f 1920//2586 2166//2884 2215//2942
f 2215//2942 2221//2941 1920//2586
f 2216//219 2215//2942 2166//2884
f 1913//2580 2205//2926 2206//2928
f 2205//2926 1913//2580 2208//2927
f 1894//2562 2144//2943 2145//2944
f 2143//219 2144//2943 2146//2854
f 2143//219 2146//2854 2140//2842
f 2144//2943 1894//2562 2146//2854
f 2139//2841 1892//2563 1894//2562
f 1894//2562 1926//2596 2146//2854
f 1926//2596 1896//2565 2152//2945
f 1896//2565 1898//2567 2152//2945
f 2141//2844 1926//2596 2152//2945
f 2152//2945 2151//2946 2141//2844
f 2150//2947 2152//2945 1898//2567
f 1898//2567 2151//2946 2150//2947
f 2151//2946 1898//2567 2141//2844
f 1900//2569 2153//2948 1898//2567
f 2153//2948 1900//2569 1902//2571
f 1902//2571 1904//2573 2182//2898
f 2157//2874 2188//2949 2187//2950
f 2188//2949 2157//2874 1904//2573
f 2189//2951 1904//2573 1906//2574
f 2189//2951 2188//2949 1904//2573
f 1906//2574 2187//2950 2189//2951
f 2187//2950 1906//2574 2157//2874
f 2158//2876 1906//2574 1908//2576
f 1908//2576 1911//2578 2158//2876
f 2206//2928 1911//2578 1913//2580
f 2209//2952 2208//2927 1913//2580
f 2208//2927 2209//2952 2211//219
f 2210//2953 2209//2952 1913//2580
f 1913//2580 1915//2582 2210//2953
f 2165//2881 1918//2584 1920//2586
f 2166//2884 1920//2586 1922//2588
f 2218//2954 1922//2588 1923//2589
f 2217//2955 2167//2867 1922//2588
f 2218//2954 2217//2955 1922//2588
f 1923//2589 2219//2956 2218//2954
f 2139//2841 2219//2956 1923//2589
f 2139//2841 2167//2867 2219//2956
f 2217//2955 2219//2956 2167//2867
f 1922//2588 2167//2867 2214//2940
f 2220//219 2167//2867 2166//2884
f 2220//219 2214//2940 2167//2867
f 2166//2884 2213//219 2220//219
f 2166//2884 2165//2881 2216//219
f 2165//2881 2222//219 2216//219
f 2165//2881 2221//2941 2222//219
f 2165//2881 1915//2582 1918//2584
f 2165//2881 2162//219 2211//219
f 2211//219 2162//219 2208//2927
f 1915//2582 2165//2881 2210//2953
f 2211//219 2210//2953 2165//2881
f 2162//219 2160//2878 2207//2929
f 2207//2929 2208//2927 2162//219
f 2206//2928 2207//2929 2160//2878
f 2206//2928 2160//2878 2204//2957
f 2158//2876 1911//2578 2201//2958
f 2160//2878 2203//219 2204//2957
f 2160//2878 2158//2876 2203//219
f 2201//2958 2202//219 2158//2876
f 1911//2578 2206//2928 2204//2957
f 2158//2876 2202//219 2203//219
f 2204//2957 2201//2958 1911//2578
f 2184//219 2156//2872 2182//2898
f 2182//2898 2183//2959 2184//219
f 2184//219 2185//219 2156//2872
f 2186//2960 2183//2959 1904//2573
f 2186//2960 1904//2573 2157//2874
f 2185//219 2186//2960 2157//2874
f 2185//219 2157//2874 2156//2872
f 2156//2872 2180//219 2181//2896
f 2153//2948 2179//219 2180//219
f 2181//2896 2182//2898 2156//2872
f 1902//2571 2182//2898 2178//2961
f 2180//219 2156//2872 2153//2948
f 2178//2961 2179//219 2153//2948
f 1898//2567 2153//2948 2141//2844
f 2148//219 1926//2596 2141//2844
f 1926//2596 2148//219 2149//2858
f 2140//2842 2146//2854 2147//219
f 2149//2858 2146//2854 1926//2596
f 2147//219 2148//219 2141//2844
f 2147//219 2141//2844 2140//2842
f 2145//2944 2139//2841 1894//2562
f 2139//2841 2145//2944 2142//219
f 2142//219 2140//2842 2139//2841
f 2142//219 2143//219 2140//2842
f 2178//2961 2153//2948 1902//2571
f 2183//2959 2182//2898 1904//2573
f 2158//2876 2157//2874 1906//2574
f 1923//2589 1892//2563 2139//2841
f 2225//2962 2114//638 2163//2883
f 2163//2883 2226//199 2225//2962
f 2114//638 2115//2882 2163//2883
f 2228//199 2224//199 2223//199
f 2226//199 2163//2883 2164//199
f 2164//199 2228//199 2223//199
f 2224//199 2227//2963 2223//199
f 2230//199 2164//199 2229//199
f 2231//199 2227//2963 2224//199
f 2164//199 2232//582 2229//199
f 2223//199 2226//199 2164//199
f 2230//199 2228//199 2164//199
f 2164//199 2110//640 2111//640
f 2229//199 2231//199 2233//199
f 2233//199 2230//199 2229//199
f 2231//199 2224//199 2233//199
f 2232//582 2164//199 2111//640
f 2113//2964 2114//638 2225//2962
f 2231//199 2232//582 2111//640
f 2227//2963 2231//199 2112//2965
f 2112//2965 2113//2964 2227//2963
f 2231//199 2111//640 2112//2965
f 2225//2962 2227//2963 2113//2964
f 2215//2966 2216//2967 2227//2968
f 2221//2969 2215//2966 2225//2970
f 2222//2971 2221//2969 2225//2970
f 2216//2967 2222//2971 2226//2972
f 2226//2972 2223//2973 2216//2967
f 2225//2970 2226//2972 2222//2971
f 2227//2968 2225//2970 2215//2966
f 2223//2973 2227//2968 2216//2967
f 2212//2974 2214//2975 2233//2976
f 2213//2977 2212//2974 2224//2978
f 2228//2979 2220//2980 2213//2977
f 2214//2975 2220//2980 2230//2981
f 2228//2979 2230//2981 2220//2980
f 2224//2978 2228//2979 2213//2977
f 2233//2976 2224//2978 2212//2974
f 2230//2981 2233//2976 2214//2975
f 2358//3124 2356//3125 2357//3126
f 2360//3127 2358//3124 2359//3128
f 2363//3129 2360//3127 2362//3130
f 2365//3131 2363//3129 2364//3132
f 2356//3125 2365//3131 2366//3133
f 2364//3132 2366//3133 2365//3131
f 2362//3130 2364//3132 2363//3129
f 2361//3134 2362//3130 2360//3127
f 2359//3128 2361//3134 2360//3127
f 2357//3126 2359//3128 2358//3124
f 2366//3133 2357//3126 2356//3125
f 2363//199 2367//199 2368//199
f 2367//199 2363//199 2365//199
f 2365//199 2356//199 2367//199
f 2369//199 2358//199 2360//199
f 2360//199 2368//199 2369//199
f 2368//199 2360//199 2363//199
f 2369//199 2367//199 2356//199
f 2369//199 2356//199 2358//199
f 2371//3135 2370//3136 2369//3137
f 2372//3138 2371//3135 2368//3139
f 2370//3136 2372//3138 2367//3140
f 2368//3139 2367//3140 2372//3138
f 2369//3137 2368//3139 2371//3135
f 2367//3140 2369//3137 2370//3136
f 2373//3141 2364//3142 2362//3130
f 2366//3133 2374//3143 2357//3126
f 2364//3132 2374//3143 2366//3133
f 2375//3144 2359//3128 2357//3126
f 2377//3145 2378//3146 2364//3142
f 2364//3142 2373//3141 2377//3145
f 2376//3147 2361//3134 2359//3128
f 2359//3128 2379//3148 2376//3147
f 2362//3130 2376//3147 2377//3145
f 2377//3145 2373//3141 2362//3130
f 2376//3147 2362//3130 2361//3134
f 2372//3149 2380//3150 2378//3146
f 2378//3146 2377//3151 2372//3149
f 2377//3151 2376//219 2371//219
f 2380//3150 2372//3149 2370//3152
f 2376//219 2370//3152 2371//219
f 2370//3152 2379//3148 2380//3150
f 2371//219 2372//3149 2377//3151
f 2370//3152 2376//219 2379//3148
f 2381//3153 2380//3150 2379//3148
f 2378//3146 2374//3143 2364//3142
f 2378//3146 2380//3150 2374//3143
f 2385//3154 2429//3155 2382//3156
f 2386//3157 2382//3156 2383//3158
f 2387//3159 2383//3158 2384//3160
f 2388//3161 2384//3160 2374//3143
f 2374//3143 2380//3150 2388//3161
f 2384//3160 2388//3161 2387//3159
f 2383//3158 2387//3159 2386//3157
f 2382//3156 2386//3157 2385//3154
f 2379//3148 2359//3128 2381//3153
f 2381//3153 2359//3128 2375//3144
f 2381//3153 2375//3144 2390//3162
f 2391//3163 2390//3162 2392//3164
f 2393//3165 2392//3164 2394//3166
f 2395//3167 2394//3166 2396//3168
f 2396//3168 2397//3169 2395//3167
f 2394//3166 2395//3167 2393//3165
f 2392//3164 2393//3165 2391//3163
f 2390//3162 2391//3163 2381//3153
f 2381//3153 2391//3163 2399//3170
f 2398//3171 2388//3161 2380//3150
f 2397//3169 2404//3172 2401//3173
f 2380//3150 2399//3170 2398//3171
f 2388//3161 2398//3171 2403//3174
f 2380//3150 2381//3153 2399//3170
f 2402//3175 2399//3170 2391//3163
f 2391//3163 2393//3165 2402//3175
f 2395//3167 2397//3169 2401//3173
f 2400//3176 2401//3173 2404//3172
f 2386//3157 2405//3177 2400//3176
f 2400//3176 2385//3154 2386//3157
f 2393//3165 2395//3167 2401//3173
f 2387//3159 2403//3174 2405//3177
f 2401//3173 2402//3175 2393//3165
f 2405//3177 2386//3157 2387//3159
f 2404//3172 2389//3178 2400//3176
f 2400//3176 2389//3178 2385//3154
f 2403//3174 2387//3159 2388//3161
f 2401//3179 2400//3180 2406//3181
f 2402//3182 2401//3179 2407//3183
f 2399//3184 2402//3182 2409//3185
f 2398//3186 2399//3184 2410//3187
f 2403//3188 2398//3186 2411//3189
f 2405//3190 2403//3188 2411//3189
f 2400//3180 2405//3190 2412//3191
f 2412//3191 2406//3181 2400//3180
f 2411//3189 2412//3191 2405//3190
f 2410//3187 2411//3189 2398//3186
f 2409//3185 2410//3187 2399//3184
f 2408//3192 2409//3185 2402//3182
f 2407//3183 2408//3192 2402//3182
f 2406//3181 2407//3183 2401//3179
f 2409//3193 2408//3194 2413//3195
f 2412//3196 2411//3197 2414//3198
f 2411//3197 2410//3199 2415//3200
f 2408//3194 2407//3201 2416//3202
f 2416//3202 2413//3195 2408//3194
f 2414//3198 2417//3203 2412//3196
f 2415//3200 2414//3198 2411//3197
f 2410//3199 2409//3193 2413//3195
f 2407//3201 2406//3204 2416//3202
f 2413//3195 2415//3200 2410//3199
f 2406//3204 2412//3196 2417//3203
f 2417//3203 2416//3202 2406//3204
f 2357//3126 2421//3205 2419//3206
f 2396//3168 2420//3207 2418//3208
f 2384//3160 2422//3209 2421//3205
f 2383//3158 2423//3210 2422//3209
f 2382//3156 2424//3211 2423//3210
f 2424//3211 2382//3156 2429//3155
f 2429//3155 2418//3208 2424//3211
f 2394//3166 2425//3212 2420//3207
f 2392//3164 2426//3213 2425//3212
f 2392//3164 2427//3214 2426//3213
f 2390//3162 2419//3206 2427//3214
f 2357//3126 2419//3206 2375//3144
f 2374//3143 2421//3205 2357//3126
f 2419//3206 2390//3162 2375//3144
f 2427//3214 2392//3164 2390//3162
f 2425//3212 2394//3166 2392//3164
f 2420//3207 2396//3168 2394//3166
f 2423//3210 2383//3158 2382//3156
f 2422//3209 2384//3160 2383//3158
f 2421//3205 2374//3143 2384//3160
f 2418//3208 2429//3155 2396//3168
f 2397//3169 2428//3215 2404//3172
f 2397//3169 2396//3168 2428//3215
f 2429//3155 2385//3154 2389//3178
f 2433//3216 2404//3172 2428//3215
f 2428//3215 2434//3217 2433//3216
f 2430//3218 2431//3219 2429//3155
f 2429//3155 2389//3178 2430//3218
f 2432//3220 2430//3218 2433//3216
f 2433//3216 2434//3217 2432//3220
f 2430//3218 2432//3220 2431//3219
f 2430//3221 2389//3178 2435//3222
f 2433//3223 2436//219 2437//3224
f 2437//3224 2404//3172 2433//3223
f 2389//3178 2437//3224 2435//3222
f 2389//3178 2404//3172 2437//3224
f 2435//3222 2436//219 2430//3221
f 2436//219 2433//3223 2430//3221
f 2431//3219 2432//3220 2439//3225
f 2439//3225 2429//3226 2431//3219
f 2439//3225 2438//3227 2429//3226
f 2428//3215 2432//3220 2434//3217
f 2429//3226 2438//3227 2428//3215
f 2428//3215 2396//3168 2429//3226
f 2441//3228 2440//3229 2432//3230
f 2442//3231 2441//3228 2428//3232
f 2443//3233 2442//3231 2438//3234
f 2444//3235 2443//3233 2439//3236
f 2440//3229 2444//3235 2432//3230
f 2439//3236 2432//3230 2444//3235
f 2438//3234 2439//3236 2443//3233
f 2428//3232 2438//3234 2442//3231
f 2432//3230 2428//3232 2441//3228
f 2437//3135 2436//3136 2445//3137
f 2435//3138 2437//3135 2446//3139
f 2436//3136 2435//3138 2447//3140
f 2446//3139 2447//3140 2435//3138
f 2445//3137 2446//3139 2437//3135
f 2447//3140 2445//3137 2436//3136
f 2443//199 2447//199 2446//199
f 2441//199 2442//199 2445//199
f 2447//199 2443//199 2444//199
f 2440//199 2445//199 2447//199
f 2445//199 2440//199 2441//199
f 2447//199 2444//199 2440//199
f 2442//199 2446//199 2445//199
f 2446//199 2442//199 2443//199
f 2422//3237 2448//3238 2449//3239
f 2419//3240 2449//3239 2450//3241
f 2425//3242 2451//3243 2452//3244
f 2425//3242 2454//3245 2453//3246
f 2453//3246 2451//3243 2425//3242
f 2454//3245 2425//3242 2426//3247
f 2453//3246 2455//3248 2450//3241
f 2427//3214 2455//3248 2426//3213
f 2455//3248 2427//3214 2450//3241
f 2456//3249 2420//3207 2452//3244
f 2456//3249 2418//3208 2420//3207
f 2448//3238 2424//3250 2457//3251
f 2424//3250 2418//3252 2457//3251
f 2457//3251 2452//3244 2448//3238
f 2453//3246 2450//3241 2451//3243
f 2452//3244 2420//3207 2425//3242
f 2450//3241 2427//3214 2419//3240
f 2449//3239 2419//3240 2421//3253
f 2449//3239 2421//3253 2422//3237
f 2448//3238 2422//3237 2423//3254
f 2448//3238 2423//3254 2424//3250
f 2448//3255 2452//3256 2459//3257
f 2459//3257 2458//3258 2448//3255
f 2452//3256 2451//3259 2459//3257
f 2449//3260 2448//3255 2461//3261
f 2458//3258 2461//3261 2448//3255
f 2451//3259 2450//3262 2462//3263
f 2460//3264 2462//3263 2450//3262
f 2450//3262 2449//3260 2460//3264
f 2462//3263 2459//3257 2451//3259
f 2461//3261 2460//3264 2449//3260
f 2452//3244 2457//3251 2463//3265
f 2464//3266 2463//3265 2457//3251
f 2465//3267 2464//3266 2418//3252
f 2465//3267 2418//3252 2456//3249
f 2466//3268 2456//3249 2452//3244
f 2452//3244 2463//3265 2466//3268
f 2456//3249 2466//3268 2465//3267
f 2457//3251 2418//3252 2464//3266
f 2467//3269 2463//3270 2464//3271
f 2468//3272 2467//3269 2464//3271
f 2466//3268 2463//3270 2467//3269
f 2464//3271 2465//3273 2468//3272
f 2467//3269 2469//3274 2466//3268
f 2469//3274 2465//3267 2466//3268
f 2470//3275 2426//3247 2455//3276
f 2472//3277 2471//3278 2453//3279
f 2473//3280 2472//3277 2453//3279
f 2473//3280 2454//3245 2426//3247
f 2426//3247 2470//3275 2473//3280
f 2453//3279 2454//3245 2473//3280
f 2455//3276 2453//3279 2471//3278
f 2455//3276 2471//3278 2470//3275
f 2473//3280 2474//3281 2472//3277
f 2475//3282 2470//3275 2471//3278
f 2473//3280 2470//3283 2474//3281
f 2475//3282 2471//3278 2472//3284
f 2488//3305 2484//3306 2487//3307
f 2488//3308 2485//3309 2484//3310
f 2488//3311 2486//3312 2485//3313
f 2488//3314 2487//3315 2486//3316
f 2499//3327 2565//3328 2498//3329
f 2553//3330 2508//3331 2495//3332
f 2557//3333 2527//3334 2502//3335
f 2505//3336 2507//3337 2573//3338
f 2507//3337 2506//3339 2550//3340
f 2510//3341 2503//3342 2508//3331
f 2503//3342 2510//3341 2509//3343
f 2509//3343 2511//3344 2518//3345
f 2512//3346 2513//3347 2559//3348
f 2563//3349 2513//3347 2514//3350
f 2563//3349 2514//3350 2534//3351
f 2500//3352 2501//3353 2515//3354
f 2515//3354 2536//3355 2500//3352
f 2493//3324 2563//3349 2529//3356
f 2529//3356 2501//3353 2493//3324
f 2563//3349 2493//3324 2494//3357
f 2491//3320 2516//3358 2494//3326
f 2491//3320 2490//3319 2516//3358
f 2490//3319 2489//3325 2516//3358
f 2501//3353 2516//3358 2489//3325
f 2557//3333 2502//3335 2519//3359
f 2503//3342 2521//3360 2519//3359
f 2517//199 2518//3345 2557//3333
f 2519//3359 2502//3335 2503//3342
f 2519//3359 2517//199 2557//3333
f 2503//3342 2520//3361 2521//3360
f 2520//3361 2503//3342 2509//3343
f 2509//3343 2518//3345 2520//3361
f 2564//3362 2523//3363 2524//3364
f 2524//3364 2522//3365 2564//3362
f 2523//3363 2525//3366 2524//3364
f 2513//3347 2564//3362 2522//3365
f 2528//3367 2524//3364 2525//3366
f 2527//3334 2559//3348 2526//3368
f 2526//3368 2528//3367 2527//3334
f 2528//3367 2525//3366 2527//3334
f 2513//3347 2522//3365 2526//3368
f 2526//3368 2559//3348 2513//3347
f 2529//3356 2530//3369 2501//3353
f 2515//3354 2501//3353 2531//3370
f 2501//3353 2530//3369 2531//3370
f 2534//3351 2532//3371 2533//3372
f 2532//3371 2534//3351 2531//3373
f 2533//3372 2529//3356 2563//3349
f 2533//3372 2563//3349 2534//3351
f 2535//3374 2574//3375 2504//3376
f 2536//3355 2535//3374 2537//3377
f 2535//3374 2536//3355 2574//3375
f 2500//3352 2536//3355 2537//3377
f 2538//3378 2499//3327 2500//3352
f 2500//3352 2537//3377 2538//3378
f 2538//3378 2539//3379 2499//3327
f 2535//3374 2565//3328 2539//3379
f 2539//3379 2565//3328 2499//3327
f 2505//3336 2573//3338 2540//3380
f 2573//3338 2542//3381 2541//3382
f 2541//3382 2540//3380 2573//3338
f 2496//3383 2497//3384 2543//3385
f 2543//3385 2542//3381 2496//3383
f 2497//3384 2505//3336 2544//3386
f 2505//3336 2540//3380 2544//3386
f 2544//3386 2543//3385 2497//3384
f 2547//3387 2546//3388 2495//3332
f 2545//3389 2547//3387 2495//3332
f 2550//3340 2553//3330 2548//3390
f 2549//3391 2548//3390 2553//3330
f 2495//3332 2546//3388 2549//3391
f 2549//3391 2553//3330 2495//3332
f 2554//3392 2550//3340 2551//3393
f 2552//3394 2554//3392 2551//3393
f 2552//3394 2551//3393 2556//3395
f 2554//3392 2553//3330 2550//3340
f 2556//3395 2555//3396 2552//3394
f 2508//3331 2555//3396 2556//3395
f 2553//3330 2555//3396 2508//3331
f 2527//3334 2558//3397 2559//3348
f 2527//3334 2557//3333 2558//3397
f 2518//3345 2560//3398 2557//3333
f 2518//3345 2512//3346 2560//3398
f 2559//3348 2560//3398 2512//3346
f 2516//3358 2561//3399 2494//3326
f 2516//3358 2796//3400 2561//3399
f 2523//3363 2564//3362 2562//3401
f 2562//3401 2561//3399 2523//3363
f 2561//3399 2796//3400 2523//3363
f 2563//3349 2564//3362 2513//3347
f 2566//3402 2498//3329 2565//3328
f 2498//3329 2566//3402 2567//3403
f 2567//3403 2497//3384 2498//3329
f 2567//3403 2569//3404 2505//3336
f 2535//3374 2568//3405 2565//3328
f 2535//3374 2504//3376 2568//3405
f 2568//3405 2504//3376 2505//3336
f 2505//3336 2569//3404 2568//3405
f 2573//3338 2571//3406 2542//3381
f 2495//3332 2571//3406 2570//3407
f 2571//3406 2495//3332 2496//3383
f 2496//3383 2542//3381 2571//3406
f 2545//3389 2495//3332 2570//3407
f 2507//3337 2572//3408 2573//3338
f 2550//3340 2545//3389 2572//3408
f 2572//3408 2507//3337 2550//3340
f 2567//3403 2505//3336 2497//3384
f 2556//3395 2510//3341 2508//3331
f 2489//3325 2493//3324 2501//3353
f 2511//3344 2512//3346 2518//3345
f 2506//3339 2551//3393 2550//3340
f 2575//3409 2577//3410 2556//3411
f 2556//3411 2551//3393 2575//3409
f 2578//3412 2576//3413 2509//3343
f 2509//3343 2510//3414 2578//3412
f 2577//3410 2578//3412 2510//3414
f 2510//3414 2556//3411 2577//3410
f 2576//639 2579//199 2581//639
f 2579//199 2576//639 2578//199
f 2577//199 2575//639 2581//639
f 2578//199 2577//199 2580//199
f 2581//639 2580//199 2577//199
f 2581//639 2575//639 2576//639
f 2580//199 2579//199 2578//199
f 2598//3415 2583//3416 2531//3370
f 2531//3370 2534//3351 2598//3415
f 2585//3417 2582//3418 2574//3375
f 2574//3375 2536//3419 2585//3417
f 2515//3354 2531//3370 2583//3416
f 2536//3419 2515//3354 2585//3417
f 2584//3420 2585//3417 2515//3354
f 2583//3416 2584//3420 2515//3354
f 2583//199 2598//580 2600//580
f 2583//199 2600//580 2602//199
f 2601//199 2582//580 2585//199
f 2598//580 2582//580 2601//199
f 2585//199 2584//199 2602//199
f 2602//199 2584//199 2583//199
f 2601//199 2600//580 2598//580
f 2602//199 2601//199 2585//199
f 2560//3434 2559//3435 2607//3436
f 2557//3437 2560//3434 2603//3438
f 2558//3439 2557//3437 2605//3440
f 2559//3435 2558//3439 2606//3441
f 2606//3441 2607//3436 2559//3435
f 2605//3440 2606//3441 2558//3439
f 2604//3442 2605//3440 2557//3437
f 2603//3438 2604//3442 2557//3437
f 2607//3436 2603//3438 2560//3434
f 2610//199 2608//199 2603//199
f 2606//199 2609//199 2610//199
f 2606//199 2605//199 2609//199
f 2607//199 2606//199 2610//199
f 2605//199 2604//199 2609//199
f 2608//199 2604//199 2603//199
f 2608//199 2609//199 2604//199
f 2610//199 2603//199 2607//199
f 2608//3443 2610//3444 2614//3445
f 2609//3446 2608//3443 2612//3447
f 2610//3444 2609//3446 2613//3448
f 2613//3448 2614//3445 2610//3444
f 2612//3447 2613//3448 2609//3446
f 2611//3449 2612//3447 2608//3443
f 2614//3445 2611//3449 2608//3443
f 2626//3461 2562//3401 2564//3362
f 2564//3362 2625//3462 2626//3461
f 2561//3463 2562//3401 2626//3461
f 2494//3357 2561//3463 2627//3464
f 2563//3349 2494//3357 2627//3464
f 2564//3362 2563//3349 2628//3465
f 2628//3465 2625//3462 2564//3362
f 2627//3464 2628//3465 2563//3349
f 2626//3461 2627//3464 2561//3463
f 2627//199 2626//199 2631//199
f 2629//199 2625//199 2628//199
f 2631//199 2630//199 2627//199
f 2625//199 2629//199 2631//199
f 2631//199 2626//199 2625//199
f 2628//199 2630//199 2629//199
f 2630//199 2628//199 2627//199
f 2631//3466 2629//3467 2632//3468
f 2630//3469 2631//3466 2633//3470
f 2629//3467 2630//3469 2634//3471
f 2634//3471 2632//3468 2629//3467
f 2633//3470 2634//3471 2630//3469
f 2632//3468 2633//3470 2631//3466
f 2602//3482 2600//3483 2645//3484
f 2601//3485 2602//3482 2646//3486
f 2600//3483 2601//3485 2647//3487
f 2646//3486 2647//3487 2601//3485
f 2645//3484 2646//3486 2602//3482
f 2647//3487 2645//3484 2600//3483
f 2565//3328 2568//3498 2658//3499
f 2566//3402 2565//3328 2659//3500
f 2567//3501 2566//3402 2659//3500
f 2569//3502 2567//3501 2661//3503
f 2568//3498 2569//3502 2661//3503
f 2660//3504 2661//3503 2567//3501
f 2659//3500 2660//3504 2567//3501
f 2658//3499 2659//3500 2565//3328
f 2661//3503 2658//3499 2568//3498
f 2661//199 2660//199 2662//199
f 2663//199 2662//199 2660//199
f 2664//199 2659//199 2658//199
f 2660//199 2659//199 2663//199
f 2662//199 2664//199 2658//199
f 2659//199 2664//199 2663//199
f 2662//199 2658//199 2661//199
f 2664//3505 2662//3506 2668//3507
f 2663//3508 2664//3505 2666//3509
f 2662//3506 2663//3508 2667//3510
f 2667//3510 2668//3507 2662//3506
f 2666//3509 2667//3510 2663//3508
f 2665//3511 2666//3509 2664//3505
f 2668//3507 2665//3511 2664//3505
f 2571//3523 2573//3524 2681//3525
f 2570//3407 2571//3523 2682//3526
f 2545//3389 2570//3407 2682//3526
f 2572//3527 2545//3389 2683//3528
f 2573//3524 2572//3527 2679//3529
f 2683//3528 2679//3529 2572//3527
f 2682//3526 2683//3528 2545//3389
f 2681//3525 2682//3526 2571//3523
f 2680//3530 2681//3525 2573//3524
f 2679//3529 2680//3530 2573//3524
f 2683//199 2682//199 2685//199
f 2684//199 2679//199 2683//199
f 2685//199 2684//199 2683//199
f 2684//199 2680//199 2679//199
f 2681//199 2680//199 2686//199
f 2682//199 2681//199 2686//199
f 2686//199 2685//199 2682//199
f 2684//199 2686//199 2680//199
f 2686//3531 2684//3532 2687//3533
f 2685//3534 2686//3531 2688//3535
f 2684//3532 2685//3534 2689//3536
f 2689//3536 2687//3533 2684//3532
f 2688//3535 2689//3536 2685//3534
f 2687//3533 2688//3535 2686//3531
f 2700//3547 2701//3548 2599//3433
f 2702//3549 2700//3547 2587//3422
f 2703//3550 2702//3549 2586//3421
f 2704//3551 2703//3550 2588//3423
f 2705//3552 2704//3551 2590//3425
f 2706//3553 2705//3552 2590//3425
f 2707//3554 2706//3553 2597//3432
f 2708//3555 2707//3554 2591//3426
f 2709//3556 2708//3555 2593//3428
f 2710//3557 2709//3556 2594//3429
f 2701//3548 2710//3557 2596//3431
f 2596//3431 2599//3433 2701//3548
f 2595//3430 2596//3431 2710//3557
f 2594//3429 2595//3430 2710//3557
f 2593//3428 2594//3429 2709//3556
f 2591//3426 2593//3428 2708//3555
f 2592//3427 2591//3426 2707//3554
f 2597//3432 2592//3427 2707//3554
f 2590//3425 2597//3432 2706//3553
f 2589//3424 2590//3425 2704//3551
f 2588//3423 2589//3424 2704//3551
f 2586//3421 2588//3423 2703//3550
f 2587//3422 2586//3421 2702//3549
f 2599//3433 2587//3422 2700//3547
f 2580//3566 2581//3567 2718//3568
f 2579//3569 2580//3566 2719//3570
f 2581//3567 2579//3569 2720//3571
f 2719//3570 2720//3571 2579//3569
f 2718//3568 2719//3570 2580//3566
f 2720//3571 2718//3568 2581//3567
f 2730//3559 2697//3546 2735//3583
f 2731//3581 2730//3559 2735//3583
f 2735//3583 2726//3576 2731//3581
f 2737//3584 2730//3559 2728//3579
f 2726//3576 2735//3583 2736//3585
f 2737//3584 2728//3579 2727//3578
f 2736//3585 2737//3584 2727//3578
f 2727//3578 2726//3576 2736//3585
f 2621//3456 2737//3584 2738//3586
f 2642//3481 2739//3587 2740//3588
f 2657//3497 2642//3481 2740//3588
f 2740//3588 2653//3492 2657//3497
f 2653//3492 2740//3588 2741//3589
f 2732//3590 2656//3496 2655//3495
f 2741//3589 2732//3590 2654//3494
f 2654//3494 2653//3492 2741//3589
f 2655//3495 2654//3494 2732//3590
f 2738//3586 2622//3458 2621//3456
f 2716//3591 2624//3460 2623//3459
f 2623//3459 2622//3458 2738//3586
f 2623//3459 2742//3592 2716//3591
f 2738//3586 2742//3592 2623//3459
f 2716//3591 2742//3592 2640//3474
f 2742//3592 2739//3587 2642//3481
f 2742//3592 2641//3476 2640//3474
f 2642//3481 2641//3476 2742//3592
f 2733//3593 2676//3520 2675//3518
f 2676//3520 2733//3593 2743//3594
f 2677//3521 2676//3520 2743//3594
f 2712//3595 2678//3522 2677//3521
f 2677//3521 2743//3594 2712//3595
f 2712//3595 2743//3594 2695//3539
f 2743//3594 2696//3541 2695//3539
f 2696//3541 2743//3594 2734//3596
f 2734//3596 2697//3546 2696//3541
f 2730//3559 2699//3544 2697//3546
f 2730//3559 2711//3558 2699//3544
f 2695//3539 2694//3545 2712//3595
f 2694//3545 2711//3558 2712//3595
f 2694//3545 2699//3544 2711//3558
f 2712//3595 2713//3597 2673//3515
f 2712//3595 2673//3515 2678//3522
f 2674//3516 2713//3597 2656//3496
f 2674//3516 2673//3515 2713//3597
f 2675//3518 2674//3516 2656//3496
f 2657//3497 2656//3496 2714//3598
f 2713//3597 2714//3598 2656//3496
f 2657//3497 2714//3598 2715//3599
f 2657//3497 2715//3599 2644//3479
f 2715//3599 2639//3480 2644//3479
f 2639//3480 2715//3599 2716//3591
f 2657//3497 2644//3479 2642//3481
f 2640//3474 2639//3480 2716//3591
f 2624//3460 2716//3591 2619//3453
f 2717//3565 2620//3454 2619//3453
f 2620//3454 2717//3565 2730//3559
f 2621//3456 2620//3454 2730//3559
f 2737//3584 2621//3456 2730//3559
f 2734//3596 2735//3583 2697//3546
f 2732//3590 2733//3593 2675//3518
f 2732//3590 2675//3518 2656//3496
f 2749//3609 2745//3610 2746//3611
f 2749//3612 2744//3613 2745//3614
f 2749//3615 2748//3616 2744//3617
f 2749//3618 2747//3619 2748//3620
f 2749//3621 2746//3622 2747//3623
f 2754//3628 2751//3629 2752//3630
f 2754//3631 2750//3632 2751//3633
f 2754//3634 2753//3635 2750//3636
f 2754//3637 2752//3638 2753//3639
f 2759//3647 2756//3648 2757//3649
f 2759//3650 2755//3651 2756//3652
f 2759//3653 2758//3654 2755//3655
f 2759//3656 2757//3657 2758//3658
f 2764//3665 2760//3666 2761//3667
f 2764//3668 2763//3669 2760//3670
f 2764//3671 2762//3672 2763//3673
f 2764//3674 2761//3675 2762//3676
f 2770//3685 2766//3686 2767//3687
f 2770//3688 2765//3689 2766//3690
f 2770//3691 2769//3692 2765//3693
f 2770//3694 2768//3695 2769//3696
f 2770//3697 2767//3698 2768//3699
f 2775//3708 2772//3709 2773//3710
f 2775//3711 2771//3712 2772//3713
f 2775//3714 2774//3715 2771//3716
f 2775//3717 2773//3718 2774//3719
f 2781//3730 2777//3731 2778//3732
f 2781//3733 2776//3734 2777//3735
f 2781//3736 2780//3737 2776//3738
f 2781//3739 2779//3740 2780//3741
f 2781//3742 2778//3743 2779//3744
f 2794//219 2782//219 2793//219
f 2794//219 2795//219 2783//219
f 2797//3757 2786//219 2785//3758
f 2797//3757 2798//869 2787//219
f 2801//3759 2784//3760 2783//219
f 2796//3761 2785//3758 2784//3760
f 2785//3758 2796//3761 2797//3757
f 2787//219 2786//219 2797//3757
f 2798//869 2802//3762 2788//3763
f 2804//219 2790//219 2789//219
f 2783//219 2782//219 2794//219
f 2783//219 2795//219 2801//3759
f 2784//3760 2801//3759 2796//3761
f 2788//3763 2787//219 2798//869
f 2789//219 2803//991 2804//219
f 2792//3764 2791//219 2799//3765
f 2793//219 2792//3764 2800//3766
f 2789//219 2788//3763 2803//991
f 2799//3765 2791//219 2790//219
f 2788//3763 2802//3762 2803//991
f 2790//219 2804//219 2799//3765
f 2793//219 2800//3766 2805//219
f 2793//219 2805//219 2794//219
f 2805//3767 2508//3331 2503//3342
f 2794//3768 2503//3342 2502//3335
f 2795//3769 2502//3335 2527//3334
f 2801//3770 2527//3334 2525//3366
f 2797//3771 2516//3358 2501//3353
f 2802//3772 2501//3353 2500//3352
f 2803//3773 2500//3352 2499//3327
f 2803//3773 2499//3327 2498//3329
f 2804//3774 2498//3329 2497//3384
f 2799//3765 2497//3384 2496//3383
f 2799//3765 2496//3383 2495//3332
f 2800//3766 2495//3332 2508//3331
f 2508//3331 2805//3767 2800//3766
f 2495//3332 2800//3766 2792//3764
f 2495//3332 2792//3764 2799//3765
f 2497//3384 2799//3765 2804//3774
f 2498//3329 2804//3774 2803//3773
f 2500//3352 2803//3773 2802//3772
f 2501//3353 2802//3772 2798//3775
f 2501//3353 2798//3775 2797//3771
f 2516//3358 2797//3771 2796//3400
f 2525//3366 2796//3400 2801//3770
f 2527//3334 2801//3770 2795//3769
f 2502//3335 2795//3769 2794//3768
f 2503//3342 2794//3768 2805//3767
f 2796//3400 2525//3366 2523//3363
f 3986//5327 3984//5325 4018//5359
f 4014//5354 4012//5352 4016//5356
f 3984//5325 3982//5324 4019//5360
f 3992//5334 3991//5332 4020//5361
f 3989//5330 4022//5362 4021//5363
f 3989//5330 3988//5329 4022//5362
f 4018//5359 3988//5329 3986//5327
f 4008//5348 4023//5364 4011//5351
f 3994//5335 4020//5361 3996//5337
f 4021//5363 3991//5332 3989//5330
f 4019//5360 3982//5324 4016//5356
f 4006//5347 4025//5365 4023//5364
f 4002//5343 4026//5366 4004//5345
f 4020//5361 3994//5335 3992//5334
f 4023//5364 4008//5348 4006//5347
f 4025//5365 4006//5347 4004//5345
f 3997//5338 4024//5367 4000//5340
f 4026//5366 4002//5343 4000//5340
f 4024//5367 3997//5338 3996//5337
f 4028//5368 4027//5369 4016//5356
f 4029//5370 4028//5368 4016//5356
f 4030//5371 4029//5370 4011//5351
f 4031//5372 4030//5371 4023//5373
f 4032//5374 4031//5372 4004//5345
f 4033//5375 4032//5374 4026//5366
f 4034//5376 4033//5375 4024//5367
f 4035//5377 4034//5376 4020//5378
f 4036//5379 4035//5377 4021//5363
f 4037//5380 4036//5379 4022//5362
f 4038//5381 4037//5380 4018//5359
f 4027//5369 4038//5381 4019//5360
f 3984//5325 4019//5360 4038//5381
f 4018//5359 3984//5325 4038//5381
f 3988//5329 4018//5359 4037//5380
f 4022//5362 3988//5329 4037//5380
f 4021//5363 4022//5362 4036//5379
f 3991//5332 4021//5363 4035//5377
f 4020//5378 3991//5332 4035//5377
f 3996//5337 4020//5378 4034//5376
f 4024//5367 3996//5337 4034//5376
f 4000//5340 4024//5367 4033//5375
f 4026//5366 4000//5340 4033//5375
f 4004//5345 4026//5366 4032//5374
f 4025//5365 4004//5345 4031//5372
f 4023//5373 4025//5365 4031//5372
f 4011//5351 4023//5373 4030//5371
f 4012//5352 4011//5351 4029//5370
f 4016//5356 4012//5352 4029//5370
f 4019//5360 4016//5356 4027//5369
f 4027//5382 4039//5383 4040//5384
f 4038//5385 4027//5382 4040//5384
f 4040//5384 4042//5386 4038//5385
f 4041//5387 4037//5388 4038//5385
f 4039//5383 4027//5382 4028//5389
f 4080//5390 4037//5388 4041//5387
f 4042//5386 4041//5387 4038//5385
f 4043//5391 4039//5383 4028//5389
f 4043//5391 4029//5392 4096//5393
f 4028//5389 4029//5392 4043//5391
f 4029//5392 4044//5394 4096//5393
f 4037//5388 4080//5390 4071//5395
f 4035//5396 4046//5397 4045//5398
f 4036//5399 4048//5400 4047//5401
f 4045//5398 4034//5402 4035//5396
f 4037//5388 4071//5395 4048//5400
f 4029//5392 4030//5403 4049//5404
f 4035//5396 4047//5401 4046//5397
f 4048//5400 4036//5399 4037//5388
f 4050//5405 4049//5404 4030//5403
f 4030//5403 4031//5406 4050//5405
f 4032//5407 4033//5408 4052//5409
f 4051//5410 4050//5405 4031//5406
f 4031//5406 4032//5407 4051//5410
f 4053//5411 4052//5409 4033//5408
f 4047//5401 4035//5396 4036//5399
f 4052//5409 4051//5410 4032//5407
f 4034//5402 4045//5398 4053//5411
f 4049//5404 4044//5394 4029//5392
f 4053//5411 4033//5408 4034//5402
f 4054//5412 4078//5413 4042//5386
f 4055//5414 4054//5412 4040//5384
f 4040//5384 4039//5383 4055//5414
f 4042//5386 4040//5384 4054//5412
f 4050//5405 4051//5410 4067//5415
f 4071//5395 4080//5390 4072//5416
f 4067//5415 4051//5410 4064//5417
f 4068//5418 4045//5398 4075//5419
f 4069//5420 4046//5397 4076//5421
f 4066//5422 4050//5405 4065//5423
f 4073//5424 4094//5425 4096//5393
f 4096//5393 4044//5394 4073//5424
f 4072//5416 4080//5390 4056//5426
f 4084//5427 4071//5395 4057//5428
f 4058//5429 4046//5397 4047//5401
f 4058//5429 4076//5421 4046//5397
f 4059//5430 4075//5419 4069//5420
f 4052//5409 4074//5431 4061//5432
f 4064//5417 4062//5433 4063//5434
f 4056//5426 4082//5435 4072//5416
f 4072//5416 4057//5428 4071//5395
f 4067//5415 4065//5423 4050//5405
f 4069//5420 4075//5419 4045//5398
f 4052//5409 4062//5433 4051//5410
f 4062//5433 4064//5417 4051//5410
f 4053//5411 4074//5431 4052//5409
f 4048//5400 4070//5436 4047//5401
f 4046//5397 4069//5420 4045//5398
f 4045//5398 4068//5418 4053//5411
f 4050//5405 4066//5422 4049//5404
f 4078//5413 4077//5437 4041//5387
f 4041//5387 4042//5386 4078//5413
f 4041//5387 4079//5438 4080//5390
f 4082//5435 4056//5426 4081//5439
f 4079//5438 4081//5439 4080//5390
f 4080//5390 4081//5439 4056//5426
f 4081//5439 4083//5440 4082//5435
f 4084//5427 4048//5400 4071//5395
f 4085//5441 4070//5436 4048//5400
f 4048//5400 4084//5427 4085//5441
f 4085//5441 4047//5401 4070//5436
f 4047//5401 4085//5441 4058//5429
f 4069//5420 4076//5421 4059//5430
f 4068//5418 4075//5419 4060//5442
f 4086//5443 4053//5411 4068//5418
f 4068//5418 4060//5442 4086//5443
f 4086//5443 4074//5431 4053//5411
f 4086//5443 4061//5432 4074//5431
f 4061//5432 4062//5433 4052//5409
f 4064//5417 4087//5444 4067//5415
f 4065//5423 4088//5445 4066//5422
f 4095//5446 4094//5425 4090//5447
f 4091//5448 4072//5416 4082//5435
f 4094//5425 4073//5424 4090//5447
f 4073//5424 4044//5394 4089//5449
f 4044//5394 4049//5404 4089//5449
f 4049//5404 4066//5422 4088//5445
f 4065//5423 4067//5415 4087//5444
f 4095//5446 4097//5450 4094//5425
f 4092//5451 4096//5393 4094//5425
f 4095//5446 4093//5452 4097//5450
f 4098//5453 4094//5425 4097//5450
f 4094//5425 4098//5453 4092//5451
f 4096//5393 4092//5451 4043//5391
f 4099//5454 4055//5414 4039//5383
f 4039//5383 4043//5391 4099//5454
f 4104//5455 4102//5456 4103//5457
f 4105//5458 4103//5457 4095//5446
f 4072//5416 4091//5448 4057//5428
f 4104//5455 4091//5448 4082//5435
f 4089//5449 4090//5447 4073//5424
f 4088//5445 4089//5449 4049//5404
f 4060//5442 4075//5419 4059//5430
f 4087//5444 4064//5417 4063//5434
f 4106//5459 4089//5449 4088//5445
f 4088//5445 4065//5423 4087//5444
f 4102//5456 4082//5435 4083//5440
f 4076//5421 4058//5429 4059//5430
f 4057//5428 4091//5448 4084//5427
f 4095//5446 4090//5447 4105//5458
f 4082//5435 4102//5456 4104//5455
f 4103//5457 4105//5458 4104//5455
f 4093//5452 4095//5446 4103//5457
f 4093//5452 4103//5457 4160//5460
f 4083//5440 4107//5461 4161//5462
f 4161//5462 4102//5456 4083//5440
f 4103//5457 4102//5456 4161//5462
f 4161//5462 4160//5460 4103//5457
f 4160//5460 4108//5463 4093//5452
f 4092//5451 4098//5453 4109//5464
f 4098//5453 4097//5450 4108//5463
f 4097//5450 4093//5452 4108//5463
f 4108//5463 4109//5464 4098//5453
f 4110//5465 4109//5464 4108//5463
f 4110//5465 4111//5466 4112//5467
f 4114//5468 4101//5469 4092//5451
f 4099//5454 4043//5391 4092//5451
f 4112//5467 4152//5470 4109//5464
f 4114//5468 4092//5451 4109//5464
f 4092//5451 4101//5469 4099//5454
f 4109//5464 4152//5470 4114//5468
f 4109//5464 4110//5465 4112//5467
f 4115//5471 4101//5469 4114//5468
f 4146//5472 4115//5471 4116//5473
f 4116//5473 4145//5474 4146//5472
f 4114//5468 4116//5473 4115//5471
f 4100//5475 4117//5476 4113//5477
f 4118//5478 4113//5477 4117//5476
f 4117//5476 4119//5479 4118//5478
f 4119//5479 4120//5480 4121//5481
f 4121//5481 4118//5478 4119//5479
f 4121//5481 4120//5480 4122//5482
f 4122//5482 4123//5483 4121//5481
f 4124//5484 4125//5485 4123//5483
f 4123//5483 4122//5482 4124//5484
f 4124//5484 4126//5486 4125//5485
f 4127//5487 4128//5488 4129//5489
f 4130//5490 4129//5489 4128//5488
f 4132//5491 4127//5487 4129//5489
f 4129//5489 4131//5492 4132//5491
f 4126//5486 4132//5491 4131//5492
f 4131//5492 4125//5485 4126//5486
f 4130//5490 4128//5488 4133//5493
f 4133//5493 4134//5494 4130//5490
f 4134//5494 4133//5493 4135//5495
f 4135//5495 4136//5496 4134//5494
f 4137//5497 4138//5498 4136//5496
f 4136//5496 4135//5495 4137//5497
f 4139//5499 4138//5498 4137//5497
f 4140//5500 4141//5501 4142//5502
f 4143//5503 4142//5502 4141//5501
f 4140//5500 4142//5502 4144//5504
f 4137//5497 4140//5500 4144//5504
f 4144//5504 4139//5499 4137//5497
f 4146//5472 4145//5474 4150//5505
f 4150//5505 4149//5506 4146//5472
f 4147//5507 4148//5508 4149//5506
f 4149//5506 4150//5505 4147//5507
f 4151//5509 4143//5503 4141//5501
f 4141//5501 4148//5508 4147//5507
f 4147//5507 4151//5509 4141//5501
f 4112//5467 4111//5466 4152//5470
f 4111//5466 4154//5510 4153//5511
f 4153//5511 4152//5470 4111//5466
f 4154//5510 4155//5512 4153//5511
f 4111//5466 4155//5512 4154//5510
f 4113//5477 4153//5511 4162//5513
f 4155//5512 4156//5514 4162//5513
f 4077//5437 4100//5475 4079//5438
f 4162//5513 4153//5511 4155//5512
f 4079//5438 4100//5475 4113//5477
f 4079//5438 4041//5387 4077//5437
f 4162//5513 4079//5438 4113//5477
f 4160//5460 4158//5515 4159//5516
f 4161//5462 4157//5517 4158//5515
f 4107//5461 4157//5517 4161//5462
f 4161//5462 4158//5515 4160//5460
f 4159//5516 4110//5465 4108//5463
f 4108//5463 4160//5460 4159//5516
f 4157//5517 4107//5461 4156//5514
f 4162//5513 4083//5440 4081//5439
f 4162//5513 4081//5439 4079//5438
f 4162//5513 4107//5461 4083//5440
f 4156//5514 4107//5461 4162//5513
f 4170//5518 4171//5519 4163//5520
f 4153//5511 4118//219 4121//219
f 4139//5499 4136//5521 4138//5498
f 4164//219 4144//219 4142//219
f 4165//5522 4151//5509 4147//5523
f 4165//5522 4143//5503 4151//5509
f 4116//219 4114//5468 4152//5470
f 4153//5511 4186//5524 4180//5525
f 4180//5525 4166//5526 4153//5511
f 4153//5511 4166//5526 4167//5527
f 4152//5470 4167//5527 4168//5528
f 4167//5527 4152//5470 4153//5511
f 4147//5523 4168//5528 4169//5529
f 4168//5528 4147//5523 4152//5470
f 4147//5523 4169//5529 4163//5520
f 4171//5519 4170//5518 4179//5530
f 4139//5499 4174//219 4173//5531
f 4144//219 4171//5519 4172//219
f 4173//5531 4171//5519 4179//5530
f 4179//5530 4139//5499 4173//5531
f 4173//5531 4172//219 4171//5519
f 4172//219 4174//219 4144//219
f 4174//219 4139//5499 4144//219
f 4175//219 4150//219 4145//219
f 4145//219 4116//219 4175//219
f 4176//219 4147//5523 4150//219
f 4175//219 4176//219 4150//219
f 4116//219 4152//5470 4177//219
f 4147//5523 4176//219 4177//219
f 4177//219 4152//5470 4147//5523
f 4177//219 4175//219 4116//219
f 4184//219 4178//219 4131//219
f 4178//219 4123//219 4125//219
f 4178//219 4125//219 4131//219
f 4153//5511 4121//219 4123//219
f 4123//219 4178//219 4153//5511
f 4153//5511 4178//219 4185//219
f 4185//219 4186//5524 4153//5511
f 4186//5524 4179//5530 4180//5525
f 4179//5530 4186//5524 4181//5532
f 4130//219 4134//5533 4182//5534
f 4134//5533 4179//5530 4181//5532
f 4129//5535 4130//219 4182//5534
f 4136//5521 4139//5499 4179//5530
f 4134//5533 4136//5521 4179//5530
f 4183//5536 4131//219 4129//5535
f 4131//219 4185//219 4184//219
f 4185//219 4131//219 4186//5524
f 4183//5536 4186//5524 4131//219
f 4169//5529 4170//5518 4163//5520
f 4142//219 4143//5503 4165//5522
f 4142//219 4165//5522 4164//219
f 4164//219 4171//5519 4144//219
f 4113//5477 4118//219 4153//5511
f 4187//5537 4188//5538 4186//5539
f 4186//5539 4189//5540 4187//5537
f 4189//5540 4186//5539 4183//5536
f 4190//5541 4129//5535 4182//5534
f 4190//5541 4189//5540 4183//5536
f 4183//5536 4129//5535 4190//5541
f 4190//5541 4182//5534 4134//5533
f 4134//5533 4191//5542 4190//5541
f 4134//5533 4181//5532 4191//5542
f 4188//5538 4181//5532 4186//5539
f 4181//5532 4188//5538 4191//5542
f 4193//5543 4192//5544 4164//5545
f 4164//5545 4165//5522 4193//5543
f 4165//5522 4194//5546 4193//5543
f 4165//5522 4147//5523 4194//5546
f 4147//5523 4163//5520 4194//5546
f 4195//5547 4163//5520 4171//5548
f 4195//5547 4194//5546 4163//5520
f 4196//5549 4195//5547 4171//5548
f 4192//5544 4196//5549 4171//5548
f 4171//5548 4164//5545 4192//5544
f 4210//199 4205//199 4207//199
f 4207//199 4209//199 4210//199
f 4211//199 4208//199 4206//199
f 4207//199 4206//199 4208//199
f 4208//199 4209//199 4207//199
f 4205//199 4210//199 4211//199
f 4206//199 4205//199 4211//199
f 4212//5564 4209//5565 4208//5566
f 4213//5567 4208//5566 4211//5568
f 4214//5569 4211//5568 4210//5570
f 4215//5571 4210//5570 4209//5565
f 4209//5565 4212//5564 4215//5571
f 4210//5570 4215//5571 4187//5572
f 4210//5570 4187//5572 4214//5569
f 4211//5568 4214//5569 4213//5567
f 4213//5567 4212//5564 4208//5566
f 4219//199 4220//199 4218//199
f 4218//199 4217//199 4219//199
f 4222//199 4219//199 4217//199
f 4216//199 4218//199 4220//199
f 4222//199 4217//199 4216//199
f 4216//199 4220//199 4221//199
f 4216//199 4221//199 4222//199
f 4223//5579 4220//5580 4219//5581
f 4224//5582 4219//5581 4222//5583
f 4225//5584 4222//5583 4221//5585
f 4221//5585 4226//5586 4225//5584
f 4226//5586 4221//5585 4220//5580
f 4220//5580 4223//5579 4226//5586
f 4222//5583 4225//5584 4224//5582
f 4219//5581 4224//5582 4223//5579
f 4233//199 4231//199 4228//199
f 4232//199 4230//199 4229//199
f 4233//199 4227//199 4229//199
f 4228//199 4227//199 4233//199
f 4229//199 4228//199 4232//199
f 4229//199 4230//199 4233//199
f 4231//199 4232//199 4228//199
f 4234//5593 4233//5594 4230//5595
f 4230//5595 4232//5596 4235//5597
f 4236//5598 4232//5596 4231//5599
f 4231//5599 4237//5600 4236//5598
f 4237//5600 4231//5599 4233//5594
f 4233//5594 4196//5601 4237//5600
f 4232//5596 4236//5598 4235//5597
f 4235//5597 4234//5593 4230//5595
f 4233//5594 4234//5593 4196//5601
f 4194//5602 4225//5603 4088//5445
f 4201//5554 4200//5553 4253//5604
f 4239//5605 4202//5555 4240//5606
f 4202//5555 4085//5441 4240//5606
f 4238//5607 4240//5606 4085//5441
f 4086//5443 4192//5608 4193//5609
f 4253//5604 4060//5442 4241//5610
f 4241//5610 4201//5554 4253//5604
f 4241//5610 4242//5611 4201//5554
f 4088//5445 4087//5444 4243//5612
f 4194//5602 4088//5445 4245//5613
f 4245//5613 4244//199 4194//5602
f 4088//5445 4243//5612 4245//5613
f 4243//5612 4087//5444 4193//5609
f 4193//5609 4194//5602 4244//199
f 4193//5609 4244//199 4243//5612
f 4194//5602 4195//5547 4199//5552
f 4200//5553 4199//5552 4195//5547
f 4198//5551 4111//5466 4199//5552
f 4198//5551 4197//5550 4111//5466
f 4197//5550 4204//5556 4155//5512
f 4202//5555 4239//5605 4203//5557
f 4203//5557 4239//5605 4204//5556
f 4060//5442 4059//5430 4058//5429
f 4084//5427 4091//5448 4246//5614
f 4091//5448 4238//5607 4246//5614
f 4247//5615 4246//5614 4238//5607
f 4084//5427 4246//5614 4248//5616
f 4084//5427 4248//5616 4247//5615
f 4089//5449 4106//5459 4249//5617
f 4106//5459 4088//5445 4250//5618
f 4249//5617 4250//5618 4226//5586
f 4249//5617 4226//5586 4089//5449
f 4250//5618 4088//5445 4226//5586
f 4087//5444 4063//5434 4062//5433
f 4086//5443 4193//5609 4062//5433
f 4086//5443 4060//5442 4251//5619
f 4251//5619 4060//5442 4253//5604
f 4252//5620 4235//5621 4086//5443
f 4235//5621 4252//5620 4253//5604
f 4090//5447 4159//5516 4158//5515
f 4158//5515 4105//5458 4090//5447
f 4158//5515 4157//5517 4104//5455
f 4104//5455 4105//5458 4158//5515
f 4091//5448 4104//5455 4157//5517
f 4157//5517 4156//5514 4091//5448
f 4091//5448 4156//5514 4155//5512
f 4204//5556 4239//5605 4155//5512
f 4155//5512 4239//5605 4091//5448
f 4155//5512 4111//5466 4197//5550
f 4111//5466 4110//5465 4089//5449
f 4090//5447 4110//5465 4159//5516
f 4090//5447 4089//5449 4110//5465
f 4202//5555 4215//5571 4212//5622
f 4212//5622 4085//5441 4202//5555
f 4085//5441 4212//5622 4058//5429
f 4212//5622 4213//5623 4058//5429
f 4225//5603 4226//5586 4088//5445
f 4194//5602 4111//5466 4224//5624
f 4111//5466 4223//5579 4224//5624
f 4194//5602 4224//5624 4225//5603
f 4223//5579 4111//5466 4226//5586
f 4086//5443 4236//5625 4237//5600
f 4086//5443 4237//5600 4192//5608
f 4196//5601 4192//5608 4237//5600
f 4196//5549 4200//5553 4195//5547
f 4196//5549 4234//5626 4200//5553
f 4234//5626 4253//5604 4200//5553
f 4086//5443 4235//5621 4236//5625
f 4189//5540 4058//5429 4214//5627
f 4189//5540 4214//5627 4187//5537
f 4213//5623 4214//5627 4058//5429
f 4060//5442 4058//5429 4189//5540
f 4189//5540 4190//5628 4060//5442
f 4254//5629 4060//5442 4190//5628
f 4254//5629 4190//5628 4191//5630
f 4191//5630 4201//5554 4242//5611
f 4060//5442 4254//5629 4241//5610
f 4191//5630 4242//5611 4254//5629
f 4188//5631 4215//5571 4202//5555
f 4188//5631 4202//5555 4201//5554
f 4188//5631 4187//5572 4215//5571
f 4201//5554 4191//5630 4188//5631
f 4234//5626 4235//5621 4253//5604
f 4251//5619 4252//5620 4086//5443
f 4062//5433 4061//5432 4086//5443
f 4247//5615 4238//5607 4084//5427
f 4084//5427 4238//5607 4085//5441
f 4239//5605 4238//5607 4091//5448
f 4194//5602 4199//5552 4111//5466
f 4226//5586 4111//5466 4089//5449
f 4062//5433 4193//5609 4087//5444
f 4313//5661 4294//5662 4316//5663
f 4299//5664 4269//5665 4337//5666
f 4337//5666 4268//219 4267//219
f 4337//5666 4269//5665 4268//219
f 4124//5484 4337//5666 4267//219
f 4124//5484 4267//219 4269//5665
f 4287//5667 4078//5413 4054//5412
f 4266//5650 4324//5668 4279//5669
f 4279//5669 4317//5670 4275//5671
f 4279//5669 4275//5671 4281//5672
f 4275//5671 4278//5673 4281//5672
f 4275//5671 4276//5674 4278//5673
f 4276//5674 4277//5675 4278//5673
f 4280//5676 4277//5675 4276//5674
f 4282//5677 4339//5678 4333//5679
f 4339//5678 4282//5677 4283//219
f 4284//5680 4282//5677 4333//5679
f 4333//5679 4285//5681 4286//5682
f 4283//219 4329//5683 4339//5678
f 4286//5682 4284//5680 4333//5679
f 4285//5681 4329//5683 4286//5682
f 4329//5683 4283//219 4286//5682
f 4293//219 4338//5684 4132//5491
f 4293//219 4292//5685 4338//5684
f 4273//5686 4291//5687 4289//5688
f 4292//5685 4291//5687 4290//5689
f 4289//5688 4132//5491 4273//5686
f 4291//5687 4273//5686 4290//5689
f 4289//5688 4293//219 4132//5491
f 4292//5685 4290//5689 4338//5684
f 4296//5690 4305//5691 4295//5692
f 4296//5690 4295//5692 4288//5693
f 4296//5690 4297//5694 4305//5691
f 4298//5695 4299//5664 4337//5666
f 4297//5694 4298//5695 4337//5666
f 4297//5694 4337//5666 4307//5696
f 4269//5665 4299//5664 4300//219
f 4302//5697 4300//219 4299//5664
f 4300//219 4301//5698 4269//5665
f 4273//5686 4303//5699 4302//5697
f 4302//5697 4288//5693 4273//5686
f 4301//5698 4273//5686 4269//5665
f 4273//5686 4301//5698 4303//5699
f 4078//5413 4287//5667 4306//5700
f 4304//5701 4287//5667 4305//5691
f 4304//5701 4306//5700 4287//5667
f 4337//5666 4308//5702 4307//5696
f 4337//5666 4078//5413 4308//5702
f 4306//5700 4308//5702 4078//5413
f 4313//5661 4338//5684 4309//219
f 4310//219 4309//219 4338//5684
f 4294//5662 4313//5661 4311//5703
f 4338//5684 4312//5704 4310//219
f 4311//5703 4312//5704 4290//5689
f 4312//5704 4338//5684 4290//5689
f 4311//5703 4290//5689 4294//5662
f 4313//5661 4309//219 4311//5703
f 4313//5661 4314//5705 4338//5684
f 4274//5706 4338//5684 4314//5705
f 4294//5662 4274//5706 4315//5707
f 4315//5707 4316//5663 4294//5662
f 4314//5705 4315//5707 4274//5706
f 4279//5669 4318//219 4317//5670
f 4320//5708 4318//219 4324//5668
f 4318//219 4279//5669 4324//5668
f 4319//5709 4322//5710 4321//5711
f 4320//5708 4324//5668 4319//5709
f 4322//5710 4319//5709 4275//5671
f 4317//5670 4322//5710 4275//5671
f 4321//5711 4320//5708 4319//5709
f 4319//5709 4324//5668 4323//5712
f 4266//5650 4274//5706 4327//5713
f 4327//5713 4326//5714 4266//5650
f 4325//5715 4327//5713 4274//5706
f 4274//5706 4319//5709 4325//5715
f 4319//5709 4323//5712 4325//5715
f 4326//5714 4324//5668 4266//5650
f 4285//5681 4287//5667 4328//5716
f 4270//5657 4329//5683 4330//5717
f 4287//5667 4270//5657 4330//5717
f 4285//5681 4328//5716 4331//5718
f 4331//5718 4329//5683 4285//5681
f 4276//5674 4333//5679 4332//5719
f 4334//5720 4332//5719 4333//5679
f 4339//5678 4280//5676 4335//219
f 4280//5676 4332//5719 4335//219
f 4333//5679 4339//5678 4336//5721
f 4339//5678 4335//219 4336//5721
f 4336//5721 4334//5720 4333//5679
f 4077//5437 4078//5413 4337//5666
f 4270//5657 4287//5667 4099//5454
f 4055//5414 4099//5454 4287//5667
f 4101//5469 4115//5722 4099//5454
f 4115//5722 4272//219 4271//5659
f 4272//219 4115//5722 4280//5676
f 4271//5659 4099//5454 4115//5722
f 4280//5676 4270//5657 4272//219
f 4270//5657 4099//5454 4271//5659
f 4115//5722 4146//219 4280//5676
f 4141//219 4146//219 4256//219
f 4149//219 4148//219 4257//219
f 4141//219 4280//5676 4146//219
f 4146//219 4149//219 4256//219
f 4257//219 4256//219 4149//219
f 4256//219 4255//219 4141//219
f 4148//219 4255//219 4257//219
f 4148//219 4141//219 4255//219
f 4141//219 4140//219 4280//5676
f 4266//5650 4280//5676 4140//219
f 4338//5684 4266//5650 4265//219
f 4265//219 4137//5497 4338//5684
f 4266//5650 4140//219 4264//5648
f 4140//219 4137//5497 4265//219
f 4265//219 4264//5648 4140//219
f 4137//5497 4258//219 4260//219
f 4260//219 4128//219 4137//5497
f 4133//219 4260//219 4259//219
f 4133//219 4128//219 4260//219
f 4128//219 4338//5684 4137//5497
f 4137//5497 4135//5495 4258//219
f 4259//219 4135//5495 4133//219
f 4135//5495 4259//219 4258//219
f 4132//5491 4338//5684 4127//5487
f 4128//219 4127//5487 4338//5684
f 4132//5491 4126//5486 4269//5665
f 4126//5486 4124//5484 4269//5665
f 4119//219 4124//5484 4262//219
f 4122//219 4261//219 4263//219
f 4119//219 4117//5723 4124//5484
f 4263//219 4124//5484 4122//219
f 4120//219 4262//219 4261//219
f 4261//219 4122//219 4120//219
f 4262//219 4120//219 4119//219
f 4263//219 4262//219 4124//5484
f 4337//5666 4124//5484 4117//5723
f 4337//5666 4117//5723 4100//5475
f 4100//5475 4077//5437 4337//5666
f 4054//5412 4055//5414 4287//5667
f 4332//5719 4280//5676 4276//5674
f 4330//5717 4328//5716 4287//5667
f 4299//5664 4296//5690 4288//5693
f 4297//5694 4307//5696 4305//5691
f 4288//5693 4302//5697 4299//5664
f 4279//5669 4280//5676 4266//5650
f 4280//5676 4339//5678 4270//5657
f 4339//5678 4329//5683 4270//5657
f 4274//5706 4266//5650 4338//5684
f 4132//5491 4269//5665 4273//5686
f 4340//5724 4331//5718 4328//5725
f 4331//5718 4340//5724 4341//5726
f 4329//5683 4331//5718 4341//5726
f 4330//5727 4329//5683 4342//5728
f 4328//5725 4330//5727 4343//5729
f 4342//5728 4343//5729 4330//5727
f 4341//5726 4342//5728 4329//5683
f 4343//5729 4340//5724 4328//5725
f 4284//5730 4286//5731 4344//5732
f 4282//5733 4284//5730 4345//5734
f 4283//5735 4282//5733 4345//5734
f 4286//5731 4283//5735 4347//5736
f 4346//5737 4347//5736 4283//5735
f 4345//5734 4346//5737 4283//5735
f 4344//5732 4345//5734 4284//5730
f 4347//5736 4344//5732 4286//5731
f 4277//5738 4280//5676 4348//5739
f 4278//5740 4277//5738 4349//5741
f 4349//5741 4350//5742 4281//5672
f 4279//5669 4281//5672 4350//5742
f 4280//5676 4279//5669 4351//5743
f 4351//5743 4348//5739 4280//5676
f 4350//5742 4351//5743 4279//5669
f 4281//5672 4278//5740 4349//5741
f 4348//5739 4349//5741 4277//5738
f 4317//5744 4318//5745 4352//5746
f 4322//5747 4317//5744 4353//5748
f 4354//5749 4355//5750 4321//5751
f 4320//5752 4321//5751 4355//5750
f 4318//5745 4320//5752 4356//5753
f 4356//5753 4352//5746 4318//5745
f 4355//5750 4356//5753 4320//5752
f 4321//5751 4322//5747 4354//5749
f 4353//5748 4354//5749 4322//5747
f 4352//5746 4353//5748 4317//5744
f 4314//5754 4313//5661 4360//5755
f 4315//5756 4314//5754 4357//5757
f 4316//5663 4315//5756 4358//5758
f 4313//5661 4316//5663 4360//5755
f 4359//5759 4360//5755 4316//5663
f 4358//5758 4359//5759 4316//5663
f 4357//5757 4358//5758 4315//5756
f 4360//5755 4357//5757 4314//5754
f 4310//5760 4312//5761 4364//5762
f 4309//5763 4310//5760 4361//5764
f 4362//5765 4311//5766 4309//5763
f 4311//5766 4362//5765 4381//5767
f 4312//5761 4311//5766 4363//5768
f 4363//5768 4364//5762 4312//5761
f 4381//5767 4363//5768 4311//5766
f 4361//5764 4362//5765 4309//5763
f 4364//5762 4361//5764 4310//5760
f 4300//5769 4302//5770 4365//5771
f 4301//5772 4300//5769 4366//5773
f 4301//5772 4366//5773 4367//5774
f 4303//5775 4301//5772 4367//5774
f 4302//5770 4303//5775 4368//5776
f 4368//5776 4365//5771 4302//5770
f 4367//5774 4368//5776 4303//5775
f 4365//5771 4366//5773 4300//5769
f 4297//5777 4296//5778 4369//5779
f 4298//5695 4297//5777 4370//5780
f 4299//5664 4298//5695 4371//5781
f 4372//5782 4369//5779 4296//5778
f 4296//5778 4299//5664 4372//5782
f 4371//5781 4372//5782 4299//5664
f 4370//5780 4371//5781 4298//5695
f 4369//5779 4370//5780 4297//5777
f 4295//5692 4305//5691 4287//5667
f 4295//5692 4287//5667 4373//5783
f 4373//5783 4385//5784 4295//5692
f 4287//5667 4285//5681 4373//5783
f 4285//5681 4374//5785 4373//5783
f 4374//5785 4285//5681 4333//5679
f 4333//5679 4375//5786 4374//5785
f 4376//5787 4333//5679 4276//5674
f 4376//5787 4375//5786 4333//5679
f 4276//5674 4275//5671 4349//5741
f 4275//5671 4377//5788 4349//5741
f 4319//5709 4378//5789 4354//5749
f 4354//5749 4275//5671 4319//5709
f 4354//5749 4377//5788 4275//5671
f 4349//5741 4376//5787 4276//5674
f 4319//5709 4274//5706 4378//5789
f 4274//5706 4379//5790 4378//5789
f 4274//5706 4294//5662 4380//5791
f 4294//5662 4381//5792 4380//5791
f 4382//5793 4294//5662 4290//5689
f 4382//5793 4381//5792 4294//5662
f 4380//5791 4379//5790 4274//5706
f 4383//5794 4290//5689 4273//5686
f 4383//5794 4382//5793 4290//5689
f 4273//5686 4288//5693 4368//5776
f 4288//5693 4384//5795 4368//5776
f 4288//5693 4385//5784 4384//5795
f 4385//5784 4288//5693 4295//5692
f 4368//5776 4383//5794 4273//5686
f 4332//5796 4386//5797 4389//5798
f 4387//5799 4386//5797 4332//5796
f 4388//5800 4387//5799 4336//5801
f 4389//5798 4388//5800 4335//5802
f 4335//5802 4332//5796 4389//5798
f 4336//5801 4335//5802 4388//5800
f 4334//5803 4336//5801 4387//5799
f 4332//5796 4334//5803 4387//5799
f 4391//5804 4390//219 4387//219
f 4392//219 4391//5804 4388//219
f 4389//219 4390//219 4392//219
f 4389//219 4386//219 4390//219
f 4390//219 4386//219 4387//219
f 4391//5804 4387//219 4388//219
f 4392//219 4388//219 4389//219
f 4393//5805 4395//5806 4390//5807
f 4394//5808 4393//5805 4391//5809
f 4395//5806 4394//5808 4392//5810
f 4392//5810 4390//5807 4395//5806
f 4391//5809 4392//5810 4394//5808
f 4390//5807 4391//5809 4393//5805
f 4396//5811 4399//5812 4325//5813
f 4397//5814 4396//5811 4324//5668
f 4398//5815 4397//5814 4326//5714
f 4399//5812 4398//5815 4327//5816
f 4327//5816 4325//5813 4399//5812
f 4326//5714 4327//5816 4398//5815
f 4324//5668 4326//5714 4397//5814
f 4323//5817 4324//5668 4396//5811
f 4325//5813 4323//5817 4396//5811
f 4399//219 4400//219 4401//219
f 4398//219 4399//219 4401//219
f 4399//219 4402//219 4400//219
f 4401//219 4403//219 4397//219
f 4396//219 4403//219 4402//219
f 4402//219 4399//219 4396//219
f 4403//219 4396//219 4397//219
f 4401//219 4397//219 4398//219
f 4405//5818 4404//5819 4402//5820
f 4406//5821 4405//5818 4403//5822
f 4407//5823 4406//5821 4401//5824
f 4407//5823 4401//5824 4400//5825
f 4404//5819 4407//5823 4400//5825
f 4400//5825 4402//5820 4404//5819
f 4403//5822 4401//5824 4406//5821
f 4402//5820 4403//5822 4405//5818
f 4408//5826 4411//5827 4292//5828
f 4409//5829 4408//5826 4293//5830
f 4410//5831 4409//5829 4289//5832
f 4411//5827 4410//5831 4291//5833
f 4291//5833 4292//5828 4411//5827
f 4289//5832 4291//5833 4410//5831
f 4293//5830 4289//5832 4409//5829
f 4292//5828 4293//5830 4408//5826
f 4410//219 4414//219 4413//1966
f 4413//1966 4412//219 4409//219
f 4411//219 4412//219 4414//219
f 4410//219 4411//219 4414//219
f 4412//219 4411//219 4408//219
f 4412//219 4408//219 4409//219
f 4409//219 4410//219 4413//1966
f 4418//5834 4414//5835 4412//5836
f 4415//5837 4418//5834 4412//5836
f 4416//5838 4415//5837 4412//5836
f 4417//5839 4416//5838 4413//5840
f 4418//5834 4417//5839 4414//5835
f 4413//5840 4414//5835 4417//5839
f 4412//5836 4413//5840 4416//5838
f 3985//5326 4371//5781 4370//199
f 4372//5782 4371//5781 4384//5795
f 4371//5781 4366//199 4365//5771
f 3987//199 4367//5774 4366//199
f 4366//199 4371//5781 3987//199
f 3993//199 4362//5765 4361//199
f 4361//199 4364//199 3993//199
f 4374//5785 4342//5728 4341//5726
f 3987//199 4383//5794 4367//5774
f 4367//5774 4383//5794 4368//5776
f 4365//5771 4368//5776 4371//5781
f 4385//5784 4369//199 4372//5782
f 4384//5795 4385//5784 4372//5782
f 4385//5784 4370//199 4369//199
f 4370//199 4385//5784 3985//5326
f 4015//199 4373//5783 4343//199
f 4340//199 4373//5783 4374//5785
f 4340//199 4343//199 4373//5783
f 4374//5785 4341//5726 4340//199
f 4342//5728 4374//5785 4347//199
f 4374//5785 4344//199 4347//199
f 4375//5786 4013//199 4345//639
f 4374//5785 4375//5786 4344//199
f 4346//199 4345//639 4013//199
f 4013//199 4342//5728 4346//199
f 4345//639 4344//199 4375//5786
f 4347//199 4346//199 4342//5728
f 4353//5748 4005//199 4351//199
f 4376//5787 4349//5741 4348//5739
f 4005//199 4376//5787 4348//5739
f 4348//5739 4351//199 4005//199
f 4353//5748 4351//199 4350//5742
f 4349//5741 4353//5748 4350//5742
f 4353//5748 4349//5741 4377//199
f 4378//5789 4003//5344 4356//199
f 4356//199 4355//5750 4378//5789
f 4003//5344 4353//5748 4352//5746
f 4354//5749 4378//5789 4355//5750
f 4352//5746 4356//199 4003//5344
f 3999//5342 4378//5789 4379//5790
f 4380//5791 4359//199 4358//199
f 4362//5765 4360//199 4359//199
f 3995//199 4357//199 4360//199
f 4357//199 3995//199 4379//5790
f 4359//199 4380//5791 4362//5765
f 4358//199 4379//5790 4380//5791
f 4358//199 4357//199 4379//5790
f 4360//199 4362//5765 3995//199
f 4362//5765 4380//5791 4381//5767
f 4382//5793 4364//199 4363//199
f 4382//5793 3993//199 4364//199
f 4363//199 4381//5792 4382//5793
f 4419//199 4373//5783 3983//5323
f 4373//5783 4017//199 3983//5323
f 4385//5784 4421//199 4420//199
f 4419//199 4421//199 4373//5783
f 4421//199 4385//5784 4373//5783
f 4422//199 4419//199 3983//5323
f 3983//5323 3985//5326 4422//199
f 3985//5326 4420//199 4422//199
f 3985//5326 4385//5784 4420//199
f 3985//5326 3987//199 4371//5781
f 4416//199 4383//5794 3990//582
f 4382//5793 4417//199 4418//199
f 4382//5793 4383//5794 4417//199
f 4416//199 4417//199 4383//5794
f 4418//199 3993//199 4382//5793
f 4416//199 3990//582 3993//199
f 4415//199 4416//199 3993//199
f 4418//199 4415//199 3993//199
f 3993//199 3995//199 4362//5765
f 4379//5790 3995//199 3998//5339
f 3998//5339 3999//5342 4379//5790
f 4378//5789 3999//5342 4404//199
f 4407//199 4404//199 3999//5342
f 4404//199 4405//199 4378//5789
f 4001//5341 4406//199 4407//199
f 4003//5344 4378//5789 4405//199
f 4001//5341 4003//5344 4406//199
f 4003//5344 4405//199 4406//199
f 4407//199 3999//5342 4001//5341
f 4353//5748 4003//5344 4005//199
f 4376//5787 4005//199 4007//5358
f 4009//5349 4376//5787 4007//5358
f 4375//5786 4395//199 4393//199
f 4395//199 4375//5786 4009//5349
f 4013//199 4393//199 4394//199
f 4393//199 4013//199 4375//5786
f 4395//199 4009//5349 4010//199
f 4010//199 4013//199 4394//199
f 4394//199 4395//199 4010//199
f 4342//5728 4013//199 4015//199
f 4015//199 4017//199 4373//5783
f 3987//199 3990//582 4383//5794
f 4377//199 4354//5749 4353//5748
f 4375//5786 4376//5787 4009//5349
f 4343//199 4342//5728 4015//199
f 4384//5795 4371//5781 4368//5776
f 4419//5841 4422//5842 4423//5843
f 4419//5841 4423//5843 4424//5844
f 4421//5845 4419//5841 4424//5844
f 4420//5846 4421//5845 4425//5847
f 4422//5842 4420//5846 4425//5847
f 4425//5847 4423//5843 4422//5842
f 4424//5844 4425//5847 4421//5845
f 4426//219 4424//219 4423//219
f 4426//219 4427//219 4424//219
f 4427//219 4428//219 4425//219
f 4425//219 4424//219 4427//219
f 4428//219 4430//219 4425//219
f 4429//219 4426//219 4423//219
f 4423//219 4425//219 4430//219
f 4423//219 4430//219 4429//219
f 4429//5848 4430//5849 4308//5850
f 4426//5851 4429//5848 4306//5852
f 4427//5853 4426//5851 4304//5701
f 4428//5854 4427//5853 4305//5691
f 4430//5849 4428//5854 4307//5696
f 4307//5696 4308//5850 4430//5849
f 4305//5691 4307//5696 4428//5854
f 4304//5701 4305//5691 4427//5853
f 4306//5852 4304//5701 4426//5851
f 4308//5850 4306//5852 4429//5848
usemtl 0.600000_0.580392_0.529412_0.000000_0.003
f 2234//2988 2297//2989 2298//2990
f 2297//2989 2234//2988 2235//2991
f 2235//2991 2296//2992 2297//2989
f 2236//2993 2237//2994 2288//2995
f 2234//2988 2298//2990 2299//2996
f 2288//2995 2289//2997 2236//2993
f 2238//2998 2239//2999 2286//3000
f 2239//2999 2240//3001 2285//3002
f 2242//3003 2299//2996 2283//3004
f 2243//3005 2295//3006 2296//2992
f 2245//3007 2246//3008 2291//3009
f 2246//3008 2247//3010 2290//3011
f 2247//3010 2236//2993 2289//2997
f 2237//2994 2238//2998 2287//3012
f 2286//3000 2287//3012 2238//2998
f 2283//3004 2241//3013 2242//3003
f 2296//2992 2235//2991 2243//3005
f 2295//3006 2243//3005 2244//3014
f 2249//3015 2292//3016 2293//3017
f 2290//3011 2291//3009 2246//3008
f 2289//2997 2290//3011 2247//3010
f 2287//3012 2288//2995 2237//2994
f 2285//3002 2286//3000 2239//2999
f 2283//3004 2284//3018 2250//3019
f 2244//3014 2294//3020 2295//3006
f 2248//3021 2293//3017 2294//3020
f 2293//3017 2248//3021 2249//3015
f 2240//3001 2250//3019 2284//3018
f 2250//3019 2241//3013 2283//3004
f 2299//2996 2242//3003 2234//2988
f 2294//3020 2244//3014 2248//3021
f 2291//3009 2292//3016 2245//3007
f 2292//3016 2249//3015 2245//3007
f 2284//3018 2285//3002 2240//3001
f 2251//3022 2252//3023 2245//3007
f 2252//3023 2253//3024 2247//3010
f 2254//3025 2237//2994 2236//2993
f 2236//2993 2253//3024 2254//3025
f 2255//3026 2238//2998 2237//2994
f 2237//2994 2254//3025 2255//3026
f 2256//3027 2239//2999 2238//2998
f 2238//2998 2255//3026 2256//3027
f 2256//3027 2257//3028 2240//3001
f 2257//3028 2258//3029 2250//3019
f 2259//3030 2242//3003 2241//3013
f 2241//3013 2258//3029 2259//3030
f 2260//3031 2234//2988 2242//3003
f 2242//3003 2259//3030 2260//3031
f 2260//3031 2261//3032 2235//2991
f 2235//2991 2234//2988 2260//3031
f 2261//3032 2262//3033 2243//3005
f 2262//3033 2263//3034 2244//3014
f 2263//3034 2248//3021 2244//3014
f 2248//3021 2263//3034 2264//3035
f 2264//3035 2249//3015 2248//3021
f 2249//3015 2264//3035 2251//3022
f 2251//3022 2245//3007 2249//3015
f 2244//3014 2243//3005 2262//3033
f 2243//3005 2235//2991 2261//3032
f 2241//3013 2250//3019 2258//3029
f 2250//3019 2240//3001 2257//3028
f 2240//3001 2239//2999 2256//3027
f 2236//2993 2247//3010 2253//3024
f 2247//3010 2246//3008 2252//3023
f 2246//3008 2245//3007 2252//3023
f 2256//3036 2265//3037 2266//3038
f 2256//3036 2267//3039 2265//3037
f 2267//3039 2256//3036 2255//3040
f 2255//3040 2268//3041 2267//3039
f 2253//3042 2252//3043 2269//3044
f 2252//3043 2251//3045 2270//3046
f 2264//3047 2272//3048 2271//3049
f 2268//3041 2255//3040 2254//3050
f 2254//3050 2253//3042 2273//3051
f 2262//3052 2275//3053 2276//3054
f 2261//3055 2260//3056 2277//3057
f 2273//3051 2268//3041 2254//3050
f 2274//3058 2273//3051 2253//3042
f 2270//3046 2269//3044 2252//3043
f 2271//3049 2251//3045 2264//3047
f 2262//3052 2261//3055 2279//3059
f 2278//3060 2277//3057 2260//3056
f 2271//3049 2270//3046 2251//3045
f 2263//3061 2276//3054 2272//3048
f 2279//3059 2275//3053 2262//3052
f 2277//3057 2279//3059 2261//3055
f 2269//3044 2274//3058 2253//3042
f 2260//3056 2259//3062 2278//3060
f 2259//3062 2258//3063 2280//3064
f 2257//3065 2266//3038 2281//3066
f 2272//3048 2264//3047 2263//3061
f 2281//3066 2258//3063 2257//3065
f 2276//3054 2263//3061 2262//3052
f 2280//3064 2282//3067 2259//3062
f 2282//3067 2278//3060 2259//3062
f 2266//3038 2257//3065 2256//3036
f 2281//3066 2280//3064 2258//3063
f 2301//3068 2292//3016 2291//3009
f 2291//3009 2290//3011 2300//3069
f 2290//3011 2289//2997 2302//3070
f 2302//3070 2300//3069 2290//3011
f 2289//2997 2288//2995 2303//3071
f 2299//2996 2298//2990 2306//3072
f 2298//2990 2297//2989 2306//3072
f 2295//3006 2308//3073 2307//3074
f 2303//3071 2302//3070 2289//2997
f 2287//3012 2309//3075 2303//3071
f 2286//3000 2310//3076 2309//3075
f 2304//3077 2284//3018 2283//3004
f 2283//3004 2299//2996 2305//3078
f 2297//2989 2296//2992 2311//3079
f 2307//3074 2296//2992 2295//3006
f 2308//3073 2295//3006 2294//3020
f 2293//3017 2301//3068 2308//3073
f 2303//3071 2288//2995 2287//3012
f 2310//3076 2286//3000 2285//3002
f 2305//3078 2304//3077 2283//3004
f 2311//3079 2306//3072 2297//2989
f 2307//3074 2311//3079 2296//2992
f 2308//3073 2294//3020 2293//3017
f 2301//3068 2293//3017 2292//3016
f 2309//3075 2287//3012 2286//3000
f 2285//3002 2304//3077 2310//3076
f 2304//3077 2285//3002 2284//3018
f 2306//3072 2305//3078 2299//2996
f 2300//3069 2301//3068 2291//3009
f 2300//3069 2319//3080 2320//3081
f 2300//3069 2318//3082 2319//3080
f 2303//3071 2316//3083 2317//3084
f 2309//3075 2310//3076 2315//3085
f 2310//3076 2304//3077 2314//3086
f 2304//3077 2312//3087 2314//3086
f 2304//3077 2305//3078 2313//3088
f 2307//3074 2323//3089 2324//3090
f 2302//3070 2317//3084 2318//3082
f 2316//3083 2303//3071 2309//3075
f 2314//3086 2315//3085 2310//3076
f 2305//3078 2327//3091 2313//3088
f 2311//3079 2325//3092 2326//3093
f 2323//3089 2307//3074 2308//3073
f 2308//3073 2322//3094 2323//3089
f 2301//3068 2320//3081 2321//3095
f 2318//3082 2300//3069 2302//3070
f 2317//3084 2302//3070 2303//3071
f 2315//3085 2316//3083 2309//3075
f 2313//3088 2312//3087 2304//3077
f 2306//3072 2326//3093 2327//3091
f 2326//3093 2306//3072 2311//3079
f 2308//3073 2321//3095 2322//3094
f 2307//3074 2324//3090 2325//3092
f 2327//3091 2305//3078 2306//3072
f 2325//3092 2311//3079 2307//3074
f 2321//3095 2308//3073 2301//3068
f 2320//3081 2301//3068 2300//3069
f 2320//3081 2336//3096 2337//3097
f 2338//3098 2322//3094 2321//3095
f 2338//3098 2323//3089 2322//3094
f 2338//3098 2339//3099 2323//3089
f 2340//3100 2325//3092 2324//3090
f 2324//3090 2339//3099 2340//3100
f 2340//3100 2341//3101 2325//3092
f 2341//3101 2342//3102 2326//3093
f 2342//3102 2327//3091 2326//3093
f 2342//3102 2343//3103 2327//3091
f 2343//3103 2328//3104 2313//3088
f 2312//3087 2328//3104 2329//3105
f 2329//3105 2314//3086 2312//3087
f 2329//3105 2330//3106 2315//3085
f 2315//3085 2314//3086 2329//3105
f 2316//3083 2331//3107 2332//3108
f 2331//3107 2316//3083 2315//3085
f 2317//3084 2316//3083 2332//3108
f 2317//3084 2333//3109 2334//3110
f 2334//3110 2318//3082 2317//3084
f 2334//3110 2335//3111 2319//3080
f 2319//3080 2335//3111 2336//3096
f 2336//3096 2320//3081 2319//3080
f 2319//3080 2318//3082 2334//3110
f 2332//3108 2333//3109 2317//3084
f 2330//3106 2331//3107 2315//3085
f 2328//3104 2312//3087 2313//3088
f 2313//3088 2327//3091 2343//3103
f 2326//3093 2325//3092 2341//3101
f 2324//3090 2323//3089 2339//3099
f 2321//3095 2337//3097 2338//3098
f 2337//3097 2321//3095 2320//3081
f 2344//3112 2345//3113 2334//3110
f 2345//3113 2346//3114 2336//3096
f 2335//3111 2334//3110 2345//3113
f 2336//3096 2335//3111 2345//3113
f 2346//3114 2347//3115 2337//3097
f 2349//3116 2330//3106 2329//3105
f 2349//3116 2331//3107 2330//3106
f 2350//3117 2351//3118 2332//3108
f 2351//3118 2344//3112 2333//3109
f 2337//3097 2336//3096 2346//3114
f 2347//3115 2352//3119 2339//3099
f 2329//3105 2348//3120 2349//3116
f 2333//3109 2332//3108 2351//3118
f 2334//3110 2333//3109 2344//3112
f 2338//3098 2337//3097 2347//3115
f 2339//3099 2338//3098 2347//3115
f 2353//3121 2354//3122 2341//3101
f 2349//3116 2350//3117 2331//3107
f 2332//3108 2331//3107 2350//3117
f 2352//3119 2353//3121 2340//3100
f 2342//3102 2341//3101 2354//3122
f 2354//3122 2355//3123 2342//3102
f 2348//3120 2329//3105 2328//3104
f 2341//3101 2340//3100 2353//3121
f 2340//3100 2339//3099 2352//3119
f 2343//3103 2342//3102 2355//3123
f 2355//3123 2348//3120 2328//3104
f 2328//3104 2343//3103 2355//3123
f 2269//3044 2345//3113 2344//3112
f 2270//3046 2346//3114 2345//3113
f 2345//3113 2269//3044 2270//3046
f 2271//3049 2272//3048 2346//3114
f 2273//3051 2344//3112 2351//3118
f 2270//3046 2271//3049 2346//3114
f 2347//3115 2346//3114 2272//3048
f 2272//3048 2276//3054 2347//3115
f 2276//3054 2275//3053 2352//3119
f 2344//3112 2273//3051 2274//3058
f 2352//3119 2347//3115 2276//3054
f 2344//3112 2274//3058 2269//3044
f 2279//3059 2353//3121 2352//3119
f 2277//3057 2354//3122 2353//3121
f 2267//3039 2268//3041 2350//3117
f 2352//3119 2275//3053 2279//3059
f 2354//3122 2277//3057 2278//3060
f 2266//3038 2265//3037 2349//3116
f 2265//3037 2267//3039 2349//3116
f 2351//3118 2268//3041 2273//3051
f 2353//3121 2279//3059 2277//3057
f 2281//3066 2266//3038 2348//3120
f 2351//3118 2350//3117 2268//3041
f 2278//3060 2355//3123 2354//3122
f 2350//3117 2349//3116 2267//3039
f 2355//3123 2282//3067 2280//3064
f 2349//3116 2348//3120 2266//3038
f 2355//3123 2278//3060 2282//3067
f 2280//3064 2281//3066 2348//3120
f 2348//3120 2355//3123 2280//3064
usemtl 0.713725_0.760784_0.800000_0.000000_0.003
f 2806//3776 2808//3777 2807//3778
f 2860//3786 2821//3787 2822//3788
f 2860//3786 2813//3789 2821//3787
f 2815//3790 2879//3791 2816//3792
f 2817//3793 2816//3792 2879//3791
f 2928//3794 2879//3791 2815//3790
f 2818//3795 2925//3796 2872//3797
f 2818//3795 2872//3797 2928//3794
f 2820//3798 2864//3799 2917//3800
f 2864//3799 2819//3801 2917//3800
f 2917//3800 2821//3787 2820//3798
f 2821//3787 2917//3800 2822//3788
f 2823//3802 2853//3803 2824//3804
f 2824//3804 2853//3803 2822//3788
f 2823//3802 2912//3805 2853//3803
f 2825//3806 2851//3807 2826//3808
f 2827//3809 2826//3808 2851//3807
f 2828//3810 2845//3811 2902//3812
f 2902//3812 2845//3811 2825//3806
f 2845//3811 2828//3810 2897//3813
f 2834//3814 2830//3815 2837//3816
f 2831//3817 2835//3818 2832//3819
f 2835//3818 2829//3820 2832//3819
f 2837//3816 2833//3821 2834//3814
f 2835//3818 2831//3817 2836//3822
f 2832//3819 2834//3814 2833//3821
f 2830//3815 2836//3822 2837//3816
f 2833//3821 2831//3817 2832//3819
f 2839//3823 2829//3820 2838//3824
f 2838//3824 2840//3825 2839//3823
f 2829//3820 2835//3818 2838//3824
f 2840//3825 2841//3826 2839//3823
f 2842//3827 2835//3818 2843//3828
f 2843//3828 2841//3826 2840//3825
f 2835//3818 2842//3827 2838//3824
f 2844//199 2842//3827 2843//3828
f 2840//3825 2844//199 2843//3828
f 2843//3828 2846//3829 2895//3830
f 2843//3828 2845//3811 2846//3829
f 2825//3806 2845//3811 2847//638
f 2848//706 2847//638 2845//3811
f 2825//3806 2847//638 2849//3831
f 2850//3832 2849//3831 2848//706
f 2848//706 2845//3811 2850//3832
f 2851//3807 2825//3806 2850//3832
f 2854//3833 2855//3834 2852//3835
f 2857//3836 2855//3834 2856//3837
f 2855//3834 2854//3833 2856//3837
f 2856//3837 2827//3809 2857//3836
f 2857//3836 2851//3807 2858//3838
f 2852//3835 2853//3803 2854//3833
f 2853//3803 2852//3835 2858//3839
f 2827//3809 2851//3807 2857//3836
f 2909//3840 2854//3833 2853//3803
f 2853//3803 2859//3841 2909//3840
f 2822//3788 2862//3842 2860//3786
f 2822//3788 2853//3803 2862//3842
f 2853//3803 2861//3843 2862//3842
f 2853//3803 2863//3844 2861//3843
f 2820//3798 2865//3845 2864//3799
f 2865//3845 2813//3789 2864//3799
f 2866//3846 2868//3847 2869//3848
f 2869//3848 2819//3801 2866//3846
f 2819//3801 2869//3848 2920//3849
f 2864//3799 2873//3850 2867//3851
f 2873//3850 2870//3852 2871//3853
f 2819//3801 2864//3799 2866//3846
f 2871//3853 2867//3851 2873//3850
f 2868//3847 2870//3852 2869//3848
f 2864//3799 2867//3851 2866//3846
f 2870//3852 2868//3847 2871//3853
f 2873//3850 2872//3797 2874//3854
f 2873//3850 2874//3854 2870//3852
f 2928//3794 2872//3797 2875//3855
f 2928//3794 2875//3855 2876//3856
f 2872//3797 2877//3857 2875//3855
f 2877//3857 2872//3797 2876//3858
f 2928//3794 2876//3856 2879//3791
f 2878//3859 2817//3793 2812//3860
f 2809//3861 2879//3791 2880//3862
f 2880//3862 2810//3863 2809//3861
f 2880//3862 2814//3864 2811//3865
f 2812//3860 2811//3865 2878//3859
f 2817//3793 2879//3791 2812//3860
f 2811//3865 2810//3863 2880//3862
f 2811//3865 2814//3864 2878//3859
f 2809//3861 2812//3860 2879//3791
f 2880//3862 2881//3866 2937//3867
f 2881//3866 2880//3862 2882//3868
f 2882//3868 2883//3869 2886//3870
f 2886//3870 2941//3871 2882//3868
f 2883//3869 2885//3872 2884//3873
f 2882//3868 2830//3874 2883//3869
f 2884//3873 2886//3870 2883//3869
f 2834//3814 2885//3872 2830//3815
f 2885//3872 2834//3814 2884//3873
f 2814//3864 2880//3862 2937//3867
f 2863//3875 2813//3789 2860//3786
f 2849//3831 2850//3832 2825//3806
f 2841//3826 2843//3828 2895//3830
f 2897//3813 2846//3829 2845//3811
f 2912//3805 2859//3841 2853//3803
f 2925//3796 2874//3854 2872//3797
f 2941//3871 2881//3866 2882//3868
f 2891//3880 2889//3920 2890//3879
f 2936//3916 2938//3917 2935//3915
f 2932//3911 2930//3909 2929//3910
f 2918//3921 2919//3902 2922//3903
f 2915//3899 2916//3900 2918//3921
f 2922//3903 2921//3904 2923//220
f 2903//3889 2899//3887 2901//3888
f 2931//3922 2933//3913 2934//3914
f 2932//3923 2931//3922 2934//3914
f 2913//3924 2914//3898 2915//3899
f 2911//3896 2913//3897 2910//3895
f 2906//3893 2910//3895 2907//3892
f 2899//3887 2903//3889 2900//3886
f 2900//3886 2896//3925 2898//3885
f 2892//3882 2896//3884 2893//3881
f 2887//3876 2888//3877 2939//3918
f 2935//3915 2938//3917 2934//3914
f 2930//3909 2926//3907 2927//3908
f 2894//3883 2896//3884 2892//3882
f 2889//3878 2939//3918 2888//3877
f 2938//3926 2940//3919 2939//3918
f 2923//220 2924//3906 2922//3903
f 2906//3893 2908//3894 2910//3895
f 2904//3891 2907//3892 2905//3890
f 2944//3932 2942//3933 2943//3934
f 2944//3935 2945//3936 2942//3937
f 2946//3945 2947//3946 2948//3947
f 2951//3954 2949//3955 2950//3956
f 2951//3957 2952//3958 2949//3959
f 2953//3965 2954//3966 2955//3967
f 2958//3975 2956//3976 2957//3977
f 2958//3978 2959//3979 2956//3980
f 2960//3988 2961//3989 2962//3990
f 2963//3991 2964//3992 2889//3920
f 2965//3993 2963//3991 2891//3880
f 2966//3994 2965//3993 2893//3881
f 2967//3995 2966//3994 2900//3886
f 2968//3996 2967//3995 2900//3886
f 2969//3997 2968//3996 2905//3890
f 2970//3998 2969//3997 2905//3890
f 2971//3999 2970//3998 2910//4000
f 2972//4001 2971//3999 2910//4000
f 2973//4002 2972//4001 2913//3924
f 2974//4003 2973//4002 2915//3899
f 2975//4004 2974//4003 2915//3899
f 2976//4005 2975//4004 2918//3921
f 2977//4006 2976//4005 2922//3903
f 2978//4007 2977//4006 2922//3903
f 2979//4008 2978//4007 2924//3906
f 2980//4009 2979//4008 2930//3909
f 2981//4010 2980//4009 2930//3909
f 2982//4011 2981//4010 2932//3923
f 2983//4012 2982//4011 2934//3914
f 2984//4013 2983//4012 2938//3926
f 2964//3992 2984//4013 2939//3918
f 2939//3918 2889//3920 2964//3992
f 2938//3926 2939//3918 2984//4013
f 2934//3914 2938//3926 2983//4012
f 2932//3923 2934//3914 2982//4011
f 2930//3909 2932//3923 2981//4010
f 2926//3907 2930//3909 2979//4008
f 2924//3906 2926//3907 2979//4008
f 2922//3903 2924//3906 2978//4007
f 2918//3921 2922//3903 2976//4005
f 2915//3899 2918//3921 2975//4004
f 2913//3924 2915//3899 2973//4002
f 2910//4000 2913//3924 2972//4001
f 2907//4014 2910//4000 2970//3998
f 2905//3890 2907//4014 2970//3998
f 2903//3889 2905//3890 2968//3996
f 2900//3886 2903//3889 2968//3996
f 2896//3925 2900//3886 2966//3994
f 2893//3881 2896//3925 2966//3994
f 2891//3880 2893//3881 2965//3993
f 2889//3920 2891//3880 2963//3991
f 2985//4015 2986//4016 2830//3815
f 2985//4015 2882//3868 2880//3862
f 2880//3862 2987//4017 2985//4015
f 2987//4017 2880//3862 2879//4018
f 2988//4019 2879//4018 2876//4020
f 2989//4021 2990//4022 2876//4020
f 2989//4021 2876//4020 2872//4023
f 2991//4024 2989//4021 2872//4023
f 2992//4025 2873//4026 2864//3799
f 2993//4027 2992//4025 2864//3799
f 2994//4028 2993//4027 2813//3789
f 2853//3803 2995//4029 2994//4028
f 2995//4029 2853//3803 2858//3839
f 2996//4030 2858//3839 2851//3807
f 2997//4031 2996//4030 2851//3807
f 2851//3807 2850//3832 2997//4031
f 2850//3832 2998//4032 2997//4031
f 2998//4032 2850//3832 2845//3811
f 2999//4033 2998//4032 2845//3811
f 2999//4033 2845//3811 2843//4034
f 2843//4034 3000//4035 2999//4033
f 2986//4016 3000//4035 2835//3818
f 2986//4016 2836//3822 2830//3815
f 2835//3818 2836//3822 2986//4016
f 2843//4034 2835//3818 3000//4035
f 2858//3839 2996//4030 2995//4029
f 2863//3844 2853//3803 2994//4028
f 2813//3789 2863//3844 2994//4028
f 2864//3799 2813//3789 2993//4027
f 2873//4026 2992//4025 2991//4024
f 2872//4023 2873//4026 2991//4024
f 2876//4020 2990//4022 2988//4019
f 2879//4018 2988//4019 2987//4017
f 2830//3815 2882//3868 2985//4015
f 3001//4036 2986//4037 2985//4038
f 2985//4038 2987//4039 3003//4040
f 3003//4040 2987//4039 2988//4041
f 3004//4042 2988//4041 2990//4043
f 3005//4044 2990//4043 2989//4045
f 3005//4044 2989//4045 2991//4046
f 2991//4046 2992//4047 3006//4048
f 2992//4047 3071//4049 3006//4048
f 3071//4049 2992//4047 2993//4050
f 2994//4051 3008//4052 3007//4053
f 3007//4053 2993//4050 2994//4051
f 3008//4052 2994//4051 2995//4054
f 2996//4055 3010//4056 3009//4057
f 3009//4057 2995//4054 2996//4055
f 3011//4058 2996//4055 2997//4059
f 2997//4059 2998//4060 3012//4061
f 3013//4062 2998//4060 2999//4063
f 3014//4064 2999//4063 3000//4065
f 3000//4065 3015//4066 3014//4064
f 3015//4066 3000//4065 2986//4037
f 2986//4037 3001//4036 3015//4066
f 2999//4063 3014//4064 3013//4062
f 2998//4060 3013//4062 3012//4061
f 3012//4061 3011//4058 2997//4059
f 2996//4055 3011//4058 3010//4056
f 3009//4057 3016//4067 2995//4054
f 2995//4054 3016//4067 3008//4052
f 2993//4050 3007//4053 3071//4049
f 3006//4048 3017//4068 2991//4046
f 2991//4046 3017//4068 3005//4044
f 2990//4043 3005//4044 3004//4042
f 2988//4041 3004//4042 3003//4040
f 3003//4040 3002//4069 2985//4038
f 2985//4038 3002//4069 3001//4036
f 3022//4074 3019//4075 3020//4076
f 3022//4077 3018//4078 3019//4079
f 3022//4080 3021//4081 3018//4082
f 3022//4083 3020//4084 3021//4085
f 3027//4090 3024//4091 3025//4076
f 3027//4092 3023//4093 3024//4079
f 3027//4094 3026//4095 3023//4082
f 3027//4083 3025//4084 3026//4085
f 3030//4101 3028//4102 3029//4103
f 3030//4104 3031//4105 3028//4106
f 3035//4107 3044//4108 3034//4109
f 3035//4107 3063//4110 3044//4108
f 3036//199 3038//4111 3037//4112
f 3039//4113 3001//4036 3057//4114
f 3057//4114 3038//4115 3039//4113
f 3040//4116 3042//4117 3070//4118
f 3044//4108 3005//4044 3067//4119
f 3045//4120 3046//199 3055//4121
f 3048//199 3045//4120 3047//4122
f 3049//4123 3051//4124 3040//4116
f 3040//4116 3041//4125 3072//199
f 3072//199 3049//4123 3040//4116
f 3052//199 3039//4113 3053//199
f 3052//199 3054//199 3039//4113
f 3055//4121 3012//4061 3082//4126
f 3057//4114 3001//4036 3002//4127
f 3058//199 3059//199 3060//199
f 3058//199 3036//199 3059//199
f 3037//4112 3059//199 3036//199
f 3060//199 3003//4040 3058//199
f 3060//199 3002//4069 3003//4040
f 3033//4128 3032//199 3062//199
f 3004//4042 3061//199 3003//4040
f 3005//4044 3063//4110 3004//4042
f 3062//199 3034//4129 3033//4128
f 3032//199 3003//4040 3062//199
f 3061//199 3062//199 3003//4040
f 3064//199 3065//4130 3006//199
f 3064//199 3043//4131 3066//199
f 3017//4132 3006//199 3065//4130
f 3005//4044 3017//4068 3067//4119
f 3064//199 3066//199 3065//4130
f 3043//4131 3044//4133 3066//199
f 3068//4134 3042//4135 3069//4136
f 3064//199 3006//199 3068//4134
f 3007//4053 3041//4125 3071//4049
f 3069//4136 3064//199 3068//4134
f 3068//4134 3006//199 3071//4049
f 3072//199 3041//4125 3008//4052
f 3041//4125 3007//4053 3008//4052
f 3016//4137 3009//199 3073//4138
f 3075//199 3074//199 3050//4139
f 3050//4139 3051//4140 3075//199
f 3073//4138 3009//199 3074//199
f 3074//199 3075//199 3073//4138
f 3016//4067 3072//199 3008//4052
f 3077//199 3009//199 3076//4141
f 3076//4141 3009//199 3010//4056
f 3077//199 3076//4141 3048//199
f 3012//4061 3046//199 3011//4058
f 3048//199 3047//4122 3077//199
f 3053//199 3078//199 3052//199
f 3079//199 3078//199 3080//199
f 3001//4036 3054//199 3015//4066
f 3078//199 3053//199 3080//199
f 3014//4064 3015//4066 3079//199
f 3080//199 3014//4064 3079//199
f 3014//4064 3083//199 3081//199
f 3013//4062 3082//4126 3012//4061
f 3014//4064 3081//199 3013//4062
f 3086//4142 3056//4143 3084//199
f 3087//199 3085//199 3086//4142
f 3086//4142 3084//199 3087//199
f 3083//199 3014//4064 3085//199
f 3080//199 3085//199 3014//4064
f 3087//199 3083//199 3085//199
f 3054//199 3001//4036 3039//4113
f 3046//199 3012//4061 3055//4121
f 3063//4110 3005//4044 3044//4108
f 3032//199 3058//199 3003//4040
f 3074//199 3009//199 3077//199
f 3094//4144 3088//4145 3080//4146
f 3088//4145 3085//4147 3080//4146
f 3107//4148 3090//4149 3058//4150
f 3058//4150 3032//4151 3107//4148
f 3064//4152 3069//4136 3103//4153
f 3103//4153 3091//4154 3064//4152
f 3098//4155 3092//4156 3074//4157
f 3074//4157 3077//4158 3098//4155
f 3039//4113 3038//4115 3109//4159
f 3109//4159 3093//4160 3039//4113
f 3053//4161 3093//4160 3094//4144
f 3093//4160 3053//4161 3039//4113
f 3080//4146 3053//4161 3094//4144
f 3089//4162 3095//4163 3055//4121
f 3045//4120 3055//4121 3095//4163
f 3095//4163 3096//4164 3045//4120
f 3055//4121 3056//4143 3089//4162
f 3047//4122 3096//4164 3097//4165
f 3096//4164 3047//4122 3045//4120
f 3077//4158 3047//4122 3097//4165
f 3097//4165 3098//4155 3077//4158
f 3101//4166 3099//4167 3040//4168
f 3040//4168 3051//4140 3101//4166
f 3050//4139 3074//4157 3092//4156
f 3092//4156 3100//4169 3050//4139
f 3050//4139 3100//4169 3101//4166
f 3101//4166 3051//4140 3050//4139
f 3040//4168 3099//4167 3102//4170
f 3102//4170 3042//4135 3040//4168
f 3069//4136 3042//4135 3102//4170
f 3102//4170 3103//4153 3069//4136
f 3044//4133 3105//4171 3104//4172
f 3104//4172 3034//4129 3044//4133
f 3043//4131 3064//4152 3091//4154
f 3091//4154 3105//4171 3043//4131
f 3105//4171 3044//4133 3043//4131
f 3033//4128 3104//4172 3106//4173
f 3104//4172 3033//4128 3034//4129
f 3032//4151 3033//4128 3106//4173
f 3106//4173 3107//4148 3032//4151
f 3036//4174 3058//4150 3090//4149
f 3090//4149 3108//4175 3036//4174
f 3036//4174 3108//4175 3109//4159
f 3109//4159 3038//4115 3036//4174
f 3085//4147 3088//4145 3110//4176
f 3110//4176 3086//4142 3085//4147
f 3110//4176 3089//4162 3086//4142
f 3089//4162 3056//4143 3086//4142
f 3117//4186 3116//4187 3055//4121
f 3118//4188 3117//4186 3055//4121
f 3119//4189 3118//4188 3082//4126
f 3120//4190 3119//4189 3013//4062
f 3116//4187 3120//4190 3084//4182
f 3081//4177 3084//4182 3120//4190
f 3013//4062 3081//4177 3120//4190
f 3082//4126 3013//4062 3119//4189
f 3055//4121 3082//4126 3118//4188
f 3056//4143 3055//4121 3116//4187
f 3084//4182 3056//4143 3116//4187
f 3120//199 3121//199 3123//199
f 3121//199 3120//199 3116//199
f 3119//199 3120//199 3123//199
f 3116//199 3122//199 3121//199
f 3117//199 3118//639 3122//199
f 3119//199 3123//199 3124//639
f 3122//199 3116//199 3117//199
f 3124//639 3122//199 3118//639
f 3124//639 3118//639 3119//199
f 3126//4191 3125//4192 3122//4193
f 3128//4194 3127//4195 3123//4196
f 3125//4192 3128//4194 3121//4197
f 3123//4196 3121//4197 3128//4194
f 3124//4198 3123//4196 3127//4195
f 3127//4195 3126//4191 3124//4198
f 3122//4193 3124//4198 3126//4191
f 3121//4197 3122//4193 3125//4192
f 3129//4199 3133//4200 3052//4201
f 3130//4202 3129//4199 3052//4201
f 3131//4203 3130//4202 3079//4204
f 3132//4205 3131//4203 3015//4206
f 3054//4207 3133//4200 3132//4205
f 3054//4207 3052//4201 3133//4200
f 3015//4206 3054//4207 3132//4205
f 3079//4204 3015//4206 3131//4203
f 3078//4208 3079//4204 3130//4202
f 3052//4201 3078//4208 3130//4202
f 3130//199 3137//639 3136//199
f 3136//199 3135//199 3129//199
f 3130//199 3131//199 3137//639
f 3134//199 3132//199 3133//199
f 3135//199 3134//199 3133//199
f 3134//199 3137//639 3131//199
f 3136//199 3129//199 3130//199
f 3134//199 3131//199 3132//199
f 3135//199 3133//199 3129//199
f 3139//4209 3138//4210 3135//4211
f 3140//4212 3139//4209 3137//4213
f 3226//4214 3140//4212 3137//4213
f 3141//4215 3226//4214 3134//4216
f 3138//4210 3141//4215 3135//4211
f 3134//4216 3135//4211 3141//4215
f 3137//4213 3134//4216 3226//4214
f 3136//4217 3137//4213 3139//4209
f 3135//4211 3136//4217 3139//4209
f 3143//4218 3142//4219 3073//4138
f 3144//4220 3143//4218 3051//4124
f 3145//4221 3144//4220 3049//4123
f 3145//4221 3049//4123 3072//4222
f 3146//4223 3145//4221 3072//4222
f 3142//4219 3146//4223 3016//4137
f 3016//4137 3073//4138 3142//4219
f 3072//4222 3016//4137 3146//4223
f 3051//4124 3049//4123 3144//4220
f 3075//4224 3051//4124 3143//4218
f 3073//4138 3075//4224 3143//4218
f 3146//199 3142//199 3148//199
f 3145//199 3146//199 3148//199
f 3142//199 3149//199 3148//199
f 3142//199 3143//199 3150//199
f 3148//199 3147//199 3145//199
f 3144//639 3145//199 3147//199
f 3150//199 3149//199 3142//199
f 3147//199 3151//639 3144//639
f 3151//639 3150//199 3143//199
f 3151//639 3143//199 3144//639
f 3153//4225 3152//4226 3149//4227
f 3154//4228 3153//4225 3150//4229
f 3155//4230 3154//4228 3151//4231
f 3156//4232 3155//4230 3147//4233
f 3152//4226 3156//4232 3148//4234
f 3147//4233 3148//4234 3156//4232
f 3151//4231 3147//4233 3155//4230
f 3150//4229 3151//4231 3154//4228
f 3149//4227 3150//4229 3153//4225
f 3148//4234 3149//4227 3152//4226
f 3158//4235 3157//4236 3045//4237
f 3159//4238 3158//4235 3045//4237
f 3160//4239 3159//4238 3076//4141
f 3161//4240 3160//4239 3010//4056
f 3157//4236 3161//4240 3011//4058
f 3010//4056 3011//4058 3161//4240
f 3076//4141 3010//4056 3160//4239
f 3048//4241 3076//4141 3159//4238
f 3045//4237 3048//4241 3159//4238
f 3046//4242 3045//4237 3157//4236
f 3011//4058 3046//4242 3157//4236
f 3161//199 3157//199 3163//199
f 3160//199 3161//199 3163//199
f 3157//199 3164//199 3163//199
f 3164//199 3158//199 3159//639
f 3163//199 3162//199 3160//199
f 3164//199 3157//199 3158//199
f 3162//199 3165//639 3160//199
f 3165//639 3164//199 3159//639
f 3165//639 3159//639 3160//199
f 3166//4243 3170//4244 3163//4245
f 3167//4246 3166//4243 3164//4247
f 3169//4248 3168//4249 3162//4250
f 3170//4244 3169//4248 3163//4245
f 3162//4250 3163//4245 3169//4248
f 3165//4251 3162//4250 3168//4249
f 3168//4249 3167//4246 3165//4251
f 3164//4247 3165//4251 3167//4246
f 3163//4245 3164//4247 3166//4243
f 3172//4252 3171//4253 3017//4132
f 3173//4254 3172//4252 3017//4132
f 3174//4255 3173//4254 3066//4256
f 3174//4255 3066//4256 3044//4108
f 3175//4257 3174//4255 3044//4108
f 3171//4253 3175//4257 3067//4119
f 3044//4108 3067//4119 3175//4257
f 3065//4130 3066//4256 3173//4254
f 3017//4132 3065//4130 3173//4254
f 3067//4119 3017//4132 3171//4253
f 3175//199 3171//199 3176//199
f 3173//199 3179//199 3178//199
f 3177//199 3176//199 3171//199
f 3174//199 3176//199 3180//199
f 3171//199 3172//199 3177//199
f 3176//199 3174//199 3175//199
f 3178//199 3177//199 3172//199
f 3178//199 3172//199 3173//199
f 3180//199 3173//199 3174//199
f 3180//199 3179//199 3173//199
f 3182//4258 3181//4259 3177//4260
f 3183//4261 3182//4258 3178//4262
f 3184//4263 3183//4261 3180//4264
f 3181//4259 3184//4263 3176//4265
f 3176//4265 3177//4260 3181//4259
f 3180//4264 3176//4265 3184//4263
f 3179//4266 3180//4264 3183//4261
f 3178//4262 3179//4266 3183//4261
f 3177//4260 3178//4262 3182//4258
f 3186//4267 3185//4268 3071//4049
f 3187//4269 3186//4267 3040//4116
f 3188//4270 3187//4269 3070//4118
f 3185//4268 3188//4270 3068//4134
f 3042//4117 3068//4134 3188//4270
f 3070//4118 3042//4117 3188//4270
f 3040//4116 3070//4118 3187//4269
f 3041//4125 3040//4116 3186//4267
f 3071//4049 3041//4125 3186//4267
f 3068//4134 3071//4049 3185//4268
f 3187//639 3188//199 3189//199
f 3188//199 3190//199 3189//199
f 3188//199 3185//199 3190//199
f 3185//199 3186//199 3192//199
f 3189//199 3191//1576 3187//639
f 3192//199 3190//199 3185//199
f 3186//199 3191//1576 3192//199
f 3191//1576 3186//199 3187//639
f 3194//4271 3193//4272 3192//4273
f 3196//4274 3195//4275 3191//4276
f 3197//4277 3196//4274 3189//4278
f 3193//4272 3197//4277 3190//4279
f 3189//4278 3190//4279 3197//4277
f 3191//4276 3189//4278 3196//4274
f 3195//4275 3194//4271 3191//4276
f 3192//4273 3191//4276 3194//4271
f 3190//4279 3192//4273 3193//4272
f 3199//4280 3198//4281 3038//4111
f 3200//4282 3199//4280 3002//4127
f 3201//4283 3200//4282 3060//4284
f 3202//4285 3201//4283 3059//4286
f 3198//4281 3202//4285 3037//4112
f 3037//4112 3038//4111 3198//4281
f 3059//4286 3037//4112 3202//4285
f 3060//4284 3059//4286 3201//4283
f 3002//4127 3060//4284 3200//4282
f 3057//4114 3002//4127 3199//4280
f 3038//4111 3057//4114 3199//4280
f 3200//199 3201//199 3203//199
f 3203//199 3205//639 3200//199
f 3198//199 3199//199 3204//199
f 3200//199 3205//639 3206//199
f 3204//199 3203//199 3198//199
f 3203//199 3202//199 3198//199
f 3203//199 3201//199 3202//199
f 3206//199 3204//199 3199//199
f 3206//199 3199//199 3200//199
f 3208//4287 3207//4288 3204//4289
f 3209//4290 3208//4287 3206//4291
f 3210//4292 3209//4290 3203//4293
f 3207//4288 3210//4292 3203//4293
f 3203//4293 3204//4289 3207//4288
f 3205//4294 3203//4293 3209//4290
f 3206//4291 3205//4294 3209//4290
f 3204//4289 3206//4291 3208//4287
f 3212//4295 3211//4296 3062//4297
f 3213//4298 3212//4295 3061//4299
f 3214//4300 3213//4298 3063//4110
f 3215//4301 3214//4300 3035//4107
f 3211//4296 3215//4301 3034//4109
f 3034//4109 3062//4297 3211//4296
f 3035//4107 3034//4109 3215//4301
f 3063//4110 3035//4107 3214//4300
f 3004//4042 3063//4110 3213//4298
f 3061//4299 3004//4042 3213//4298
f 3062//4297 3061//4299 3212//4295
f 3217//199 3219//199 3215//199
f 3211//199 3216//199 3217//199
f 3218//583 3216//199 3212//199
f 3212//199 3213//580 3218//583
f 3219//199 3214//199 3215//199
f 3216//199 3211//199 3212//199
f 3213//580 3219//199 3218//583
f 3213//580 3214//199 3219//199
f 3217//199 3215//199 3211//199
f 3221//4302 3220//4303 3218//4304
f 3223//4305 3222//4306 3219//4307
f 3220//4303 3223//4305 3217//4308
f 3219//4307 3217//4308 3223//4305
f 3218//4304 3219//4307 3222//4306
f 3222//4306 3221//4302 3218//4304
f 3216//4309 3218//4304 3220//4303
f 3217//4308 3216//4309 3220//4303
f 3224//4310 3221//4311 3222//1927
f 3224//4310 3222//1927 3223//219
f 3104//4172 3223//219 3220//219
f 3223//219 3104//4172 3224//4310
f 3225//4312 3104//4172 3220//219
f 3225//4312 3220//219 3221//4311
f 3115//4313 3114//4184 3110//4314
f 3140//4212 3088//4315 3094//219
f 3140//4212 3115//4313 3088//4315
f 3115//4313 3110//4314 3088//4315
f 3227//219 3141//4215 3138//219
f 3141//4215 3227//219 3226//4214
f 3140//4212 3094//219 3139//4209
f 3094//219 3093//219 3139//4209
f 3138//219 3139//4209 3093//219
f 3109//4159 3108//4175 3227//219
f 3210//4292 3090//219 3209//4290
f 3227//219 3108//4175 3207//219
f 3209//4290 3227//219 3208//4287
f 3227//219 3207//219 3208//4287
f 3210//4292 3207//219 3108//4175
f 3210//4292 3108//4175 3090//219
f 3225//4312 3209//4290 3090//219
f 3104//4172 3225//4312 3107//219
f 3107//219 3106//4173 3104//4172
f 3224//4310 3104//4172 3105//219
f 3197//219 3183//4261 3091//219
f 3183//4261 3197//219 3182//4258
f 3184//219 3181//219 3228//4316
f 3184//219 3224//4310 3105//219
f 3183//4261 3105//219 3091//219
f 3228//4316 3224//4310 3184//219
f 3181//219 3182//4317 3228//4316
f 3183//4261 3184//219 3105//219
f 3229//4318 3194//932 3195//4319
f 3195//4319 3102//4170 3229//4318
f 3197//219 3091//219 3103//219
f 3102//4170 3195//4319 3196//219
f 3103//219 3196//219 3197//219
f 3196//219 3103//219 3102//4170
f 3193//4272 3194//932 3229//4318
f 3099//4167 3230//1966 3229//4318
f 3101//4166 3100//4169 3230//1966
f 3230//1966 3099//4167 3101//4166
f 3230//1966 3100//4169 3154//3762
f 3100//4169 3092//219 3153//219
f 3152//4226 3153//219 3092//219
f 3092//219 3231//219 3152//4226
f 3156//4232 3230//1966 3155//4230
f 3230//1966 3154//3762 3155//4230
f 3153//219 3154//3762 3100//4169
f 3152//4226 3231//219 3156//4232
f 3231//219 3092//219 3098//219
f 3232//219 3231//219 3169//219
f 3097//219 3167//219 3168//219
f 3166//219 3096//219 3095//219
f 3231//219 3098//219 3169//219
f 3098//219 3097//219 3168//219
f 3096//219 3166//219 3167//219
f 3098//219 3168//219 3169//219
f 3097//219 3096//219 3167//219
f 3166//219 3095//219 3232//219
f 3232//219 3170//219 3166//219
f 3232//219 3169//219 3170//219
f 3095//219 3233//4320 3232//219
f 3095//219 3126//219 3127//4321
f 3233//4320 3095//219 3127//4321
f 3089//4322 3125//4323 3126//219
f 3089//4322 3115//4185 3125//4323
f 3115//4185 3127//4321 3128//4324
f 3126//219 3095//219 3089//4322
f 3089//4322 3113//4183 3112//4179
f 3115//4185 3089//4322 3112//4179
f 3113//4183 3089//4322 3110//4314
f 3114//4184 3113//4183 3110//4314
f 3128//4324 3125//4323 3115//4185
f 3229//4318 3102//4170 3099//4167
f 3225//4312 3090//219 3107//219
f 3093//219 3109//4159 3227//219
f 3138//219 3093//219 3227//219
f 3249//4346 3252//4349 3289//4350
f 3246//4342 3253//4351 3298//4352
f 3248//4345 3254//4353 3263//4354
f 3251//4348 3255//4355 3283//4356
f 3247//4343 3256//4357 3294//4358
f 3249//4346 3286//4359 3252//4349
f 3234//4325 3257//4360 3275//4361
f 3250//4347 3258//4362 3286//4359
f 3237//4330 3259//4363 3330//4364
f 3237//4330 3260//4365 3327//4366
f 3239//4331 3261//4367 3324//4368
f 3243//4336 3262//4369 3306//4370
f 3247//4343 3263//4354 3256//4357
f 3247//4343 3248//4345 3263//4354
f 3245//4339 3264//4371 3303//4372
f 3245//4339 3265//4373 3270//4374
f 3245//4339 3246//4342 3298//4352
f 3289//4350 3248//4345 3249//4346
f 3235//4326 3234//4325 3275//4361
f 3234//4325 3266//4375 3267//4376
f 3239//4331 3321//4377 3261//4367
f 3239//4331 3268//4378 3321//4377
f 3243//4336 3269//4379 3309//4380
f 3246//4342 3247//4343 3253//4351
f 3250//4347 3283//4356 3258//4362
f 3250//4347 3251//4348 3283//4356
f 3237//4330 3327//4366 3259//4363
f 3238//4332 3324//4368 3260//4365
f 3238//4332 3239//4331 3324//4368
f 3245//4339 3298//4352 3265//4373
f 3247//4343 3294//4358 3253//4351
f 3289//4350 3254//4353 3248//4345
f 3234//4325 3267//4376 3257//4360
f 3330//4364 3234//4325 3236//4329
f 3237//4330 3238//4332 3260//4365
f 3242//4335 3271//4381 3312//4382
f 3243//4336 3306//4370 3269//4379
f 3244//4338 3303//4372 3262//4369
f 3245//4339 3270//4374 3264//4371
f 3251//4348 3235//4326 3255//4355
f 3234//4325 3330//4364 3266//4375
f 3235//4326 3272//4383 3279//4384
f 3262//4369 3243//4336 3244//4338
f 3303//4372 3244//4338 3245//4339
f 3279//4384 3255//4355 3235//4326
f 3330//4364 3236//4329 3237//4330
f 3240//4333 3273//4385 3318//4386
f 3241//4334 3274//4387 3315//4388
f 3242//4335 3243//4336 3309//4380
f 3235//4326 3275//4361 3272//4383
f 3268//4378 3239//4331 3240//4333
f 3240//4333 3315//4388 3273//4385
f 3309//4380 3271//4381 3242//4335
f 3286//4359 3249//4346 3250//4347
f 3241//4334 3312//4382 3274//4387
f 3241//4334 3242//4335 3312//4382
f 3318//4386 3268//4378 3240//4333
f 3315//4388 3240//4333 3241//4334
f 3323//4422 3319//4421 3320//4420
f 3323//4422 3326//4424 3322//4423
f 3278//4431 3276//4389 3333//4430
f 3278//4390 3281//4393 3277//4391
f 3301//4408 3299//4407 3300//4406
f 3305//4432 3302//4409 3301//4408
f 3314//4416 3310//4415 3313//4417
f 3317//4418 3313//4417 3316//4419
f 3328//4427 3329//4426 3331//4428
f 3280//4392 3277//4391 3281//4393
f 3293//4401 3295//4404 3296//4403
f 3326//4424 3329//4426 3325//4425
f 3285//4433 3282//4394 3281//4393
f 3293//4401 3296//4403 3292//4402
f 3308//4412 3304//4411 3305//4432
f 3311//4434 3307//4413 3308//4412
f 3290//4400 3291//4399 3293//4401
f 3310//4415 3311//4414 3313//4417
f 3284//4396 3285//4395 3288//4397
f 3295//4404 3300//4406 3297//4405
f 3332//4429 3331//4428 3333//4430
f 3288//4397 3285//4395 3287//4398
f 3281//4393 3278//4431 3334//4435
f 3285//4433 3281//4393 3335//4436
f 3287//4398 3285//4433 3336//4437
f 3291//4399 3287//4398 3338//4438
f 3293//4401 3291//4399 3338//4438
f 3295//4404 3293//4401 3340//4439
f 3300//4406 3295//4404 3340//4439
f 3301//4408 3300//4406 3341//4440
f 3305//4432 3301//4408 3343//4441
f 3308//4412 3305//4432 3344//4442
f 3311//4434 3308//4412 3345//4443
f 3313//4444 3311//4434 3346//4445
f 3316//4419 3313//4444 3348//4446
f 3320//4420 3316//4419 3348//4446
f 3323//4422 3320//4420 3350//4447
f 3326//4424 3323//4422 3350//4447
f 3329//4426 3326//4424 3351//4448
f 3331//4428 3329//4426 3351//4448
f 3333//4430 3331//4428 3352//4449
f 3278//4431 3333//4430 3353//4450
f 3353//4450 3334//4435 3278//4431
f 3352//4449 3353//4450 3333//4430
f 3351//4448 3352//4449 3331//4428
f 3803//4451 3351//4448 3326//4424
f 3350//4447 3803//4451 3326//4424
f 3349//4452 3350//4447 3320//4420
f 3348//4446 3349//4452 3320//4420
f 3347//4453 3348//4446 3313//4444
f 3346//4445 3347//4453 3313//4444
f 3345//4443 3346//4445 3311//4434
f 3344//4442 3345//4443 3308//4412
f 3343//4441 3344//4442 3305//4432
f 3342//4454 3343//4441 3301//4408
f 3341//4440 3342//4454 3301//4408
f 3340//4439 3341//4440 3300//4406
f 3339//4455 3340//4439 3293//4401
f 3338//4438 3339//4455 3293//4401
f 3337//4456 3338//4438 3287//4398
f 3336//4437 3337//4456 3287//4398
f 3335//4436 3336//4437 3285//4433
f 3334//4435 3335//4436 3281//4393
f 3364//4470 3362//4462 3429//4545
f 3429//4545 3356//4457 3364//4470
f 3357//4468 3356//4457 3430//4546
f 3430//4546 3431//4469 3357//4468
f 3519//4547 3431//4548 3430//4549
f 3432//4550 3433//4551 3430//4549
f 3430//4549 3356//4552 3432//4550
f 3430//4549 3433//4551 3519//4547
f 3432//4550 3356//4552 3429//4553
f 3435//4554 3434//4555 3429//4553
f 3429//4553 3362//4556 3435//4554
f 3429//4553 3434//4555 3432//4550
f 3367//4482 3431//4469 3520//4688
f 3520//4688 3360//4465 3367//4482
f 3522//4689 3360//4690 3520//4691
f 3519//4547 3521//4692 3520//4691
f 3520//4691 3431//4548 3519//4547
f 3520//4691 3521//4692 3522//4689
f 3522//4689 3523//4693 3360//4690
f 3365//4463 3360//4465 3524//4694
f 3524//4694 3527//4473 3365//4463
f 3526//4695 3527//4696 3524//4697
f 3523//4693 3525//4698 3524//4697
f 3524//4697 3360//4690 3523//4693
f 3524//4697 3525//4698 3526//4695
f 3386//4488 3527//4473 3528//4699
f 3528//4699 3369//4489 3386//4488
f 3530//4700 3369//4701 3528//4702
f 3526//4695 3529//4703 3528//4702
f 3528//4702 3527//4696 3526//4695
f 3528//4702 3529//4703 3530//4700
f 3369//4701 3530//4700 3531//4704
f 3393//4490 3369//4489 3532//4705
f 3532//4705 3533//4517 3393//4490
f 3536//4706 3533//4707 3532//4708
f 3535//4709 3534//4710 3532//4708
f 3531//4704 3535//4709 3532//4708
f 3532//4708 3369//4701 3531//4704
f 3532//4708 3534//4710 3536//4706
f 3418//4527 3533//4517 3537//4711
f 3537//4711 3425//4539 3418//4527
f 3539//4712 3425//4713 3537//4714
f 3536//4706 3538//4715 3537//4714
f 3537//4714 3533//4707 3536//4706
f 3537//4714 3538//4715 3539//4712
f 3423//4522 3425//4539 3540//4716
f 3540//4716 3414//4530 3423//4522
f 3542//4717 3414//4718 3540//4719
f 3539//4712 3541//4720 3540//4719
f 3540//4719 3425//4713 3539//4712
f 3540//4719 3541//4720 3542//4717
f 3415//4535 3414//4530 3543//4721
f 3543//4721 3409//4515 3415//4535
f 3545//4722 3409//4723 3543//4724
f 3542//4717 3544//4725 3543//4724
f 3543//4724 3414//4718 3542//4717
f 3543//4724 3544//4725 3545//4722
f 3420//4528 3409//4515 3546//4726
f 3546//4726 3547//4526 3420//4528
f 3549//4727 3547//4728 3546//4729
f 3545//4722 3548//4730 3546//4729
f 3546//4729 3409//4723 3545//4722
f 3546//4729 3548//4730 3549//4727
f 3547//4728 3549//4727 3550//4731
f 3426//4540 3547//4526 3551//4732
f 3551//4732 3422//4538 3426//4540
f 3553//4733 3422//4734 3551//4735
f 3550//4731 3552//4736 3551//4735
f 3551//4735 3547//4728 3550//4731
f 3551//4735 3552//4736 3553//4733
f 3421//4536 3422//4538 3554//4737
f 3554//4737 3417//4534 3421//4536
f 3556//4738 3417//4739 3554//4740
f 3553//4733 3555//4741 3554//4740
f 3554//4740 3422//4734 3553//4733
f 3554//4740 3555//4741 3556//4738
f 3410//4521 3417//4534 3557//4742
f 3557//4742 3397//4508 3410//4521
f 3559//4743 3397//4744 3557//4745
f 3556//4738 3558//4746 3557//4745
f 3557//4745 3417//4739 3556//4738
f 3557//4745 3558//4746 3559//4743
f 3559//4743 3560//4747 3397//4744
f 3392//4506 3397//4508 3561//4748
f 3561//4748 3562//4505 3392//4506
f 3564//4749 3562//4750 3561//4751
f 3560//4747 3563//4752 3561//4751
f 3561//4751 3397//4744 3560//4747
f 3561//4751 3563//4752 3564//4749
f 3564//4749 3565//4753 3562//4750
f 3391//4500 3562//4505 3566//4754
f 3566//4754 3373//4476 3391//4500
f 3568//4755 3373//4756 3566//4757
f 3565//4753 3567//4758 3566//4757
f 3566//4757 3562//4750 3565//4753
f 3566//4757 3567//4758 3568//4755
f 3373//4756 3568//4755 3569//4759
f 3371//4474 3373//4476 3570//4760
f 3570//4760 3380//4485 3371//4474
f 3572//4761 3380//4762 3570//4763
f 3569//4759 3571//4764 3570//4763
f 3570//4763 3373//4756 3569//4759
f 3570//4763 3571//4764 3572//4761
f 3376//4494 3380//4485 3573//4765
f 3573//4765 3574//4495 3376//4494
f 3576//4766 3574//4767 3573//4768
f 3572//4761 3575//4769 3573//4768
f 3573//4768 3380//4762 3572//4761
f 3573//4768 3575//4769 3576//4766
f 3377//4496 3574//4495 3577//4770
f 3577//4770 3383//4498 3377//4496
f 3579//4771 3383//4772 3577//4773
f 3576//4766 3578//4774 3577//4773
f 3577//4773 3574//4767 3576//4766
f 3577//4773 3578//4774 3579//4771
f 3401//4519 3383//4498 3580//4775
f 3580//4775 3581//4479 3401//4519
f 3583//4776 3581//4777 3580//4778
f 3579//4771 3582//4779 3580//4778
f 3580//4778 3383//4772 3579//4771
f 3580//4778 3582//4779 3583//4776
f 3362//4556 3584//4780 3435//4554
f 3585//4781 3362//4462 3361//4467
f 3361//4467 3581//4479 3585//4781
f 3584//4780 3362//4556 3585//4782
f 3583//4776 3586//4783 3585//4782
f 3585//4782 3581//4777 3583//4776
f 3585//4782 3586//4783 3584//4780
f 3512//4679 3587//4784 3588//4785
f 3588//4785 3589//4786 3519//4547
f 3591//219 3526//4695 3505//219
f 3505//219 3504//4667 3590//4787
f 3506//4669 3505//219 3526//4695
f 3505//219 3590//4787 3591//219
f 3526//4695 3499//219 3502//991
f 3591//219 3501//933 3500//411
f 3530//4700 3502//991 3501//933
f 3526//4695 3591//219 3499//219
f 3591//219 3500//411 3499//219
f 3501//933 3591//219 3530//4700
f 3502//991 3530//4700 3526//4695
f 3495//219 3530//4700 3591//219
f 3591//219 3496//219 3495//219
f 3591//219 3592//4788 3496//219
f 3497//219 3496//219 3592//4788
f 3493//4648 3592//4788 3593//4789
f 3539//4712 3593//4789 3594//4790
f 3545//411 3479//219 3478//1966
f 3545//411 3596//219 3479//219
f 3545//411 3478//1966 3482//1859
f 3482//1859 3481//991 3549//4727
f 3596//219 3481//991 3480//219
f 3481//991 3596//219 3549//4727
f 3480//219 3479//219 3596//219
f 3553//4733 3597//4791 3599//4792
f 3599//4792 3598//219 3556//4738
f 3465//869 3464//219 3600//219
f 3600//219 3565//4753 3465//869
f 3598//219 3464//219 3463//4601
f 3464//219 3598//219 3600//219
f 3565//4753 3600//219 3458//219
f 3568//4755 3565//4753 3460//4793
f 3600//219 3459//219 3458//219
f 3600//219 3601//4794 3459//219
f 3568//4755 3460//4793 3459//219
f 3458//219 3460//4793 3565//4753
f 3459//219 3601//4794 3568//4755
f 3568//4755 3455//219 3454//4795
f 3601//4794 3456//219 3455//219
f 3455//219 3568//4755 3601//4794
f 3451//4585 3601//4794 3602//4796
f 3439//219 3587//4784 3584//4780
f 3583//1966 3603//4797 3437//219
f 3440//932 3439//219 3584//4780
f 3584//4780 3583//1966 3440//932
f 3583//1966 3437//219 3436//411
f 3603//4797 3587//4784 3438//219
f 3436//411 3440//932 3583//1966
f 3439//219 3438//219 3587//4784
f 3438//219 3437//219 3603//4797
f 3603//4797 3583//1966 3443//1966
f 3443//1966 3442//219 3603//4797
f 3442//219 3441//219 3603//4797
f 3596//219 3597//4791 3476//219
f 3475//411 3549//4727 3596//219
f 3597//4791 3477//219 3476//219
f 3476//219 3475//411 3596//219
f 3596//219 3545//411 3486//411
f 3485//219 3595//4798 3596//219
f 3596//219 3486//411 3485//219
f 3485//219 3484//219 3595//4798
f 3515//1966 3584//4780 3587//4784
f 3587//4784 3516//219 3515//1966
f 3517//219 3516//219 3587//4784
f 3512//4679 3434//4555 3518//4799
f 3587//4784 3512//4679 3517//219
f 3434//4555 3515//1966 3518//4799
f 3434//4555 3435//4554 3515//1966
f 3512//4679 3518//4799 3517//219
f 3435//4554 3584//4780 3515//1966
f 3586//4783 3583//1966 3584//4780
f 3444//4800 3582//4779 3447//4577
f 3447//4577 3441//219 3444//4800
f 3582//4779 3444//4800 3443//1966
f 3443//1966 3583//1966 3582//4779
f 3441//219 3447//4577 3603//4797
f 3579//4771 3447//4577 3582//4779
f 3576//4766 3445//219 3449//4801
f 3579//4771 3578//4774 3448//4578
f 3449//4801 3578//4774 3576//4766
f 3449//4801 3448//4578 3578//4774
f 3576//4766 3602//4796 3445//219
f 3447//4577 3446//219 3602//4796
f 3448//4578 3447//4577 3579//4771
f 3446//219 3445//219 3602//4796
f 3576//4766 3575//4769 3453//4802
f 3450//4582 3453//4802 3575//4769
f 3576//4766 3453//4802 3452//219
f 3450//4582 3575//4769 3572//4761
f 3572//4761 3451//4585 3450//4582
f 3452//219 3451//4585 3602//4796
f 3571//4764 3451//4585 3572//4761
f 3451//4585 3571//4764 3457//4803
f 3571//4764 3454//4795 3457//4803
f 3571//4764 3569//4759 3454//4795
f 3601//4794 3451//4585 3456//219
f 3457//4803 3456//219 3451//4585
f 3569//4759 3568//4755 3454//4795
f 3565//4753 3568//4755 3567//4758
f 3465//869 3565//4753 3564//4749
f 3465//869 3564//4749 3563//4752
f 3461//4605 3465//869 3563//4752
f 3461//4605 3563//4752 3462//4600
f 3463//4601 3462//4600 3598//219
f 3462//4600 3560//4747 3559//4804
f 3560//4747 3462//4600 3563//4752
f 3558//4746 3466//781 3469//1173
f 3466//781 3558//4746 3556//4738
f 3556//4738 3598//219 3467//411
f 3462//4600 3469//1173 3468//219
f 3467//411 3466//781 3556//4738
f 3468//219 3467//411 3598//219
f 3468//219 3598//219 3462//4600
f 3559//4804 3558//4746 3469//1173
f 3469//1173 3462//4600 3559//4804
f 3471//219 3553//4733 3599//4792
f 3470//4805 3555//4741 3553//4733
f 3599//4792 3472//219 3471//219
f 3472//219 3599//4792 3556//4738
f 3470//4805 3473//992 3555//4741
f 3471//219 3470//4805 3553//4733
f 3473//992 3472//219 3556//4738
f 3556//4738 3555//4741 3473//992
f 3553//4733 3552//4736 3474//4806
f 3474//4806 3477//219 3553//4733
f 3552//4736 3475//411 3474//4806
f 3552//4736 3550//4731 3475//411
f 3550//4731 3549//4727 3475//411
f 3597//4791 3553//4733 3477//219
f 3548//4730 3545//411 3549//4727
f 3483//2667 3486//411 3544//4725
f 3484//219 3542//4717 3595//4798
f 3484//219 3483//2667 3542//4717
f 3486//411 3545//411 3544//4725
f 3483//2667 3544//4725 3542//4717
f 3539//4712 3594//4790 3488//219
f 3594//4790 3542//4717 3489//219
f 3542//4717 3541//4720 3490//411
f 3487//4807 3490//411 3541//4720
f 3489//219 3488//219 3594//4790
f 3488//219 3487//4807 3539//4712
f 3542//4717 3490//411 3489//219
f 3494//219 3593//4789 3539//4712
f 3494//219 3493//4648 3593//4789
f 3539//4712 3538//4715 3491//1925
f 3536//868 3493//4648 3492//4647
f 3539//4712 3491//1925 3494//219
f 3538//4715 3492//4647 3491//1925
f 3492//4647 3538//4715 3536//868
f 3535//4709 3536//868 3534//4710
f 3535//4709 3493//4648 3536//868
f 3493//4648 3535//4709 3498//991
f 3535//4709 3531//4704 3495//219
f 3531//4704 3530//4700 3495//219
f 3592//4788 3493//4648 3497//219
f 3495//219 3498//991 3535//4709
f 3498//991 3497//219 3493//4648
f 3526//4695 3530//4700 3529//4703
f 3506//4669 3525//4698 3503//4666
f 3504//4667 3503//4666 3590//4787
f 3506//4669 3526//4695 3525//4698
f 3523//4693 3522//782 3503//4666
f 3523//4693 3503//4666 3525//4698
f 3522//782 3521//4692 3510//4808
f 3510//4808 3503//4666 3522//782
f 3521//4692 3507//928 3510//4808
f 3519//4547 3589//4786 3507//928
f 3509//219 3589//4786 3503//4666
f 3507//928 3521//4692 3519//4547
f 3510//4808 3509//219 3503//4666
f 3509//219 3508//219 3589//4786
f 3513//219 3588//4785 3519//4547
f 3519//4547 3433//4551 3514//928
f 3513//219 3512//4679 3588//4785
f 3514//928 3513//219 3519//4547
f 3433//4551 3511//4677 3514//928
f 3432//4550 3512//4679 3511//4677
f 3511//4677 3433//4551 3432//4550
f 3434//4555 3512//4679 3432//4550
f 3508//219 3507//928 3589//4786
f 3487//4807 3541//4720 3539//4712
f 3452//219 3602//4796 3576//4766
f 3602//4796 3603//4797 3447//4577
f 3482//1859 3549//4727 3545//411
f 3594//4790 3595//4798 3542//4717
f 3589//4786 3590//4787 3503//4666
f 3603//4797 3604//4809 3605//4810
f 3605//4810 3587//4784 3603//4797
f 3604//4809 3603//4797 3602//4796
f 3602//4796 3606//4811 3604//4809
f 3602//4796 3601//4794 3608//4812
f 3601//4794 3609//4813 3608//4812
f 3609//4813 3601//4794 3600//4814
f 3610//4815 3609//4813 3600//4814
f 3611//4816 3610//4815 3598//4817
f 3599//4792 3597//4791 3612//4818
f 3611//4816 3598//4817 3599//4792
f 3599//4792 3613//4819 3611//4816
f 3597//4791 3614//4820 3612//4818
f 3614//4820 3597//4791 3596//4821
f 3615//4822 3614//4820 3596//4821
f 3616//4823 3615//4822 3596//4821
f 3617//4824 3618//4825 3594//4790
f 3594//4790 3618//4825 3616//4823
f 3616//4823 3595//4798 3594//4790
f 3617//4824 3593//4789 3592//4788
f 3592//4788 3619//4826 3617//4824
f 3621//4827 3620//4828 3591//4829
f 3589//4786 3622//4830 3621//4827
f 3621//4827 3590//4787 3589//4786
f 3622//4830 3589//4786 3588//4785
f 3623//4831 3622//4830 3588//4785
f 3605//4810 3623//4831 3587//4784
f 3588//4785 3587//4784 3623//4831
f 3591//4829 3590//4787 3621//4827
f 3620//4828 3619//4826 3591//4829
f 3592//4788 3591//4829 3619//4826
f 3594//4790 3593//4789 3617//4824
f 3596//4821 3595//4798 3616//4823
f 3612//4818 3613//4819 3599//4792
f 3600//4814 3598//4817 3610//4815
f 3608//4812 3607//4832 3602//4796
f 3607//4832 3606//4811 3602//4796
f 3624//580 3753//4833 3604//4809
f 3604//4809 3625//199 3624//580
f 3626//199 3625//199 3604//4809
f 3748//4834 3604//4809 3606//4811
f 3606//4811 3607//4832 3742//4835
f 3609//199 3730//638 3627//199
f 3732//4836 3627//199 3730//638
f 3627//199 3628//4837 3608//4812
f 3627//199 3608//4812 3609//199
f 3730//638 3609//199 3630//199
f 3730//638 3632//582 3629//638
f 3730//638 3630//199 3632//582
f 3609//199 3633//199 3630//199
f 3609//199 3631//581 3633//199
f 3631//581 3609//199 3731//4838
f 3629//638 3631//581 3731//4838
f 3629//638 3731//4838 3730//638
f 3609//199 3635//199 3634//199
f 3609//199 3610//4815 3635//199
f 3634//199 3731//4838 3609//199
f 3610//4815 3636//199 3635//199
f 3720//4839 3610//4815 3611//4816
f 3719//4840 3611//4816 3613//4819
f 3612//4818 3614//4820 3638//199
f 3614//4820 3639//639 3637//199
f 3637//199 3638//199 3614//4820
f 3614//4820 3709//639 3639//639
f 3614//4820 3615//199 3640//199
f 3615//199 3641//199 3640//199
f 3708//4841 3642//199 3641//199
f 3640//199 3643//199 3614//4820
f 3709//639 3644//580 3642//199
f 3709//639 3614//4820 3643//199
f 3641//199 3615//199 3708//4841
f 3642//199 3708//4841 3709//639
f 3643//199 3644//580 3709//639
f 3615//199 3616//4823 3645//199
f 3645//199 3646//639 3615//199
f 3616//4823 3647//199 3645//199
f 3646//639 3708//4841 3615//199
f 3704//4842 3616//4823 3618//4825
f 3618//4825 3617//4824 3698//4843
f 3688//582 3649//199 3619//4826
f 3619//4826 3685//4844 3688//582
f 3649//199 3648//199 3619//4826
f 3686//4845 3650//4846 3652//199
f 3685//4844 3651//199 3650//4846
f 3619//4826 3620//199 3652//199
f 3652//199 3620//199 3686//4845
f 3685//4844 3619//4826 3651//199
f 3650//4846 3686//4845 3685//4844
f 3652//199 3651//199 3619//4826
f 3620//199 3621//4827 3653//199
f 3686//4845 3653//199 3654//4847
f 3621//4827 3655//199 3653//199
f 3653//199 3686//4845 3620//199
f 3680//4848 3621//4827 3622//4830
f 3658//580 3656//199 3605//199
f 3605//199 3665//580 3658//580
f 3656//199 3657//199 3623//4831
f 3623//4831 3605//199 3656//199
f 3665//580 3660//199 3659//639
f 3665//580 3605//199 3660//199
f 3661//199 3604//4809 3753//4833
f 3753//4833 3663//199 3661//199
f 3665//580 3659//639 3663//199
f 3662//199 3605//199 3604//4809
f 3662//199 3660//199 3605//199
f 3661//199 3662//199 3604//4809
f 3664//4849 3666//4850 3670//4851
f 3670//4851 3657//199 3664//4849
f 3657//199 3670//4851 3623//4831
f 3666//4850 3664//4849 3658//580
f 3658//580 3665//580 3666//4850
f 3667//4852 3670//4851 3666//4850
f 3667//4852 3671//4853 3668//4854
f 3674//4855 3673//199 3672//4856
f 3674//4855 3622//4830 3673//199
f 3622//4830 3670//4851 3669//199
f 3672//4856 3668//4854 3671//4853
f 3672//4856 3671//4853 3674//4855
f 3669//199 3673//199 3622//4830
f 3668//4854 3670//4851 3667//4852
f 3622//4830 3676//199 3680//4848
f 3674//4855 3675//4857 3677//4858
f 3679//4859 3677//4858 3675//4857
f 3676//199 3622//4830 3674//4855
f 3679//4859 3675//4857 3678//4860
f 3674//4855 3677//4858 3676//199
f 3681//4861 3680//4848 3678//4860
f 3621//4827 3680//4848 3655//199
f 3682//4862 3686//4845 3654//4847
f 3680//4848 3681//4861 3683//2887
f 3680//4848 3683//2887 3655//199
f 3681//4861 3682//4862 3654//4847
f 3654//4847 3683//2887 3681//4861
f 3684//4863 3685//4844 3686//4845
f 3688//582 3685//4844 3687//4864
f 3690//4865 3689//2082 3688//582
f 3688//582 3687//4864 3690//4865
f 3648//199 3692//4866 3619//4826
f 3689//2082 3690//4865 3692//4866
f 3648//199 3689//2082 3692//4866
f 3691//4867 3692//4866 3690//4865
f 3698//4843 3617//4824 3696//199
f 3617//4824 3692//4866 3696//199
f 3696//199 3695//726 3698//4843
f 3691//4867 3693//4868 3694//4869
f 3695//726 3694//4869 3693//4868
f 3694//4869 3692//4866 3691//4867
f 3695//726 3693//4868 3698//4843
f 3698//4843 3697//4870 3699//4871
f 3701//4872 3699//4871 3697//4870
f 3701//4872 3697//4870 3704//4842
f 3700//199 3618//4825 3698//4843
f 3704//4842 3702//199 3701//4872
f 3699//4871 3700//199 3698//4843
f 3700//199 3702//199 3618//4825
f 3704//4842 3703//4873 3706//4874
f 3703//4873 3705//4875 3646//639
f 3706//4874 3647//199 3704//4842
f 3705//4875 3708//4841 3646//639
f 3616//4823 3704//4842 3647//199
f 3646//639 3706//4874 3703//4873
f 3707//4876 3709//639 3708//4841
f 3711//4877 3710//4878 3639//639
f 3712//4879 3638//199 3710//4878
f 3639//639 3709//639 3711//4877
f 3710//4878 3711//4877 3712//4879
f 3638//199 3712//4879 3612//4818
f 3712//4879 3714//4880 3713//639
f 3716//4881 3713//639 3714//4880
f 3719//4840 3613//4819 3715//199
f 3712//4879 3713//639 3717//199
f 3715//199 3716//4881 3719//4840
f 3716//4881 3714//4880 3719//4840
f 3717//199 3715//199 3613//4819
f 3613//4819 3712//4879 3717//199
f 3718//4882 3723//4883 3721//4884
f 3719//4840 3718//4882 3721//4884
f 3723//4883 3718//4882 3722//4885
f 3611//4816 3724//199 3720//4839
f 3722//4885 3720//4839 3723//4883
f 3721//4884 3724//199 3719//4840
f 3724//199 3611//4816 3719//4840
f 3725//4886 3722//4885 3726//4887
f 3725//4886 3720//4839 3722//4885
f 3720//4839 3725//4886 3728//638
f 3727//4888 3731//4838 3634//199
f 3725//4886 3634//199 3728//638
f 3725//4886 3727//4888 3634//199
f 3610//4815 3720//4839 3636//199
f 3728//638 3636//199 3720//4839
f 3729//4889 3730//638 3731//4838
f 3732//4836 3730//638 3734//4890
f 3732//4836 3734//4890 3733//4891
f 3628//4837 3733//4891 3608//4812
f 3735//4892 3733//4891 3734//4890
f 3735//4892 3739//4893 3733//4891
f 3740//4894 3737//4895 3736//4896
f 3736//4896 3733//4891 3739//4893
f 3737//4895 3740//4894 3742//4835
f 3738//199 3607//4832 3733//4891
f 3738//199 3741//199 3607//4832
f 3733//4891 3736//4896 3738//199
f 3739//4893 3740//4894 3736//4896
f 3742//4835 3607//4832 3737//4895
f 3741//199 3737//4895 3607//4832
f 3742//4835 3747//4895 3745//199
f 3744//4897 3748//4834 3746//4898
f 3742//4835 3743//4899 3747//4895
f 3746//4898 3743//4899 3744//4897
f 3745//199 3606//4811 3742//4835
f 3743//4899 3746//4898 3747//4895
f 3606//4811 3745//199 3748//4834
f 3749//4900 3748//4834 3744//4897
f 3748//4834 3749//4900 3750//4901
f 3751//4902 3753//4833 3624//580
f 3604//4809 3748//4834 3626//199
f 3749//4900 3751//4902 3624//580
f 3748//4834 3750//4901 3626//199
f 3624//580 3750//4901 3749//4900
f 3752//4903 3665//580 3753//4833
f 3702//199 3704//4842 3618//4825
f 3678//4860 3680//4848 3679//4859
f 3663//199 3753//4833 3665//580
f 3622//4830 3623//4831 3670//4851
f 3617//4824 3619//4826 3692//4866
f 3613//4819 3612//4818 3712//4879
f 3607//4832 3608//4812 3733//4891
f 3744//4897 3821//5046 3817//5047
f 3751//4902 3749//4900 3817//5047
f 3817//5047 3818//5048 3751//4902
f 3817//5047 3749//4900 3744//4897
f 3817//5049 3821//5050 3757//5051
f 3757//5051 3818//5052 3817//5049
f 3818//5048 3753//4833 3751//4902
f 3754//5053 3820//5054 3819//5055
f 3819//5055 3818//5052 3754//5053
f 3753//4833 3818//5048 3819//5056
f 3665//5057 3752//4903 3819//5056
f 3819//5056 3820//5058 3665//5057
f 3819//5056 3752//4903 3753//4833
f 3823//5059 3822//5060 3760//5061
f 3760//5061 3821//5050 3823//5059
f 3742//4835 3822//5062 3823//5063
f 3744//4897 3743//4899 3823//5063
f 3823//5063 3821//5046 3744//4897
f 3823//5063 3743//4899 3742//4835
f 3824//5064 3825//5065 3764//5066
f 3764//5066 3822//5060 3824//5064
f 3739//5067 3825//5068 3824//5069
f 3742//4835 3740//4894 3824//5069
f 3824//5069 3822//5062 3742//4835
f 3824//5069 3740//4894 3739//5067
f 3739//5067 3735//4892 3825//5068
f 3826//5070 3827//5071 3765//5072
f 3765//5072 3825//5065 3826//5070
f 3730//5073 3827//5074 3826//5075
f 3735//4892 3734//4890 3826//5075
f 3826//5075 3825//5068 3735//4892
f 3826//5075 3734//4890 3730//5073
f 3829//5076 3828//5077 3768//5078
f 3768//5078 3827//5071 3829//5076
f 3731//4838 3828//5079 3829//5080
f 3730//5073 3729//4889 3829//5080
f 3829//5080 3827//5074 3730//5073
f 3829//5080 3729//4889 3731//4838
f 3828//5079 3731//4838 3727//4888
f 3771//5081 3830//5082 3726//5083
f 3726//5083 3831//5084 3771//5081
f 3771//5081 3828//5077 3830//5082
f 3722//4885 3831//5085 3726//4887
f 3727//4888 3725//4886 3830//5086
f 3830//5086 3828//5079 3727//4888
f 3726//4887 3830//5086 3725//4886
f 3833//5087 3832//5088 3777//5089
f 3777//5089 3831//5084 3833//5087
f 3719//4840 3832//5090 3833//5091
f 3722//4885 3718//4882 3833//5091
f 3833//5091 3831//5085 3722//4885
f 3833//5091 3718//4882 3719//4840
f 3834//5092 3835//5093 3778//5094
f 3778//5094 3832//5088 3834//5092
f 3712//4879 3835//5095 3834//5096
f 3719//4840 3714//4880 3834//5096
f 3834//5096 3832//5090 3719//4840
f 3834//5096 3714//4880 3712//4879
f 3836//5097 3837//5098 3781//5099
f 3781//5099 3835//5093 3836//5097
f 3709//5100 3837//5101 3836//5102
f 3712//4879 3711//4877 3836//5102
f 3836//5102 3835//5095 3712//4879
f 3836//5102 3711//4877 3709//5100
f 3839//5103 3838//5104 3784//5105
f 3784//5105 3837//5098 3839//5103
f 3708//4841 3838//5106 3839//5107
f 3709//5100 3707//4876 3839//5107
f 3839//5107 3837//5101 3709//5100
f 3839//5107 3707//4876 3708//4841
f 3838//5106 3708//4841 3705//4875
f 3840//5108 3841//5109 3787//5110
f 3787//5110 3838//5104 3840//5108
f 3704//4842 3841//5111 3840//5112
f 3705//4875 3703//4873 3840//5112
f 3840//5112 3838//5106 3705//4875
f 3840//5112 3703//4873 3704//4842
f 3843//5113 3842//5114 3792//4993
f 3792//4993 3841//5109 3843//5113
f 3698//4843 3842//5115 3843//5116
f 3704//4842 3697//4870 3843//5116
f 3843//5116 3841//5111 3704//4842
f 3843//5116 3697//4870 3698//4843
f 3844//5117 3845//5118 3793//5119
f 3793//5119 3842//5114 3844//5117
f 3691//4867 3845//5120 3844//5121
f 3698//4843 3693//4868 3844//5121
f 3844//5121 3842//5115 3698//4843
f 3844//5121 3693//4868 3691//4867
f 3846//5122 3847//5123 3796//5124
f 3796//5124 3845//5118 3846//5122
f 3687//4864 3847//5125 3846//5126
f 3691//4867 3690//4865 3846//5126
f 3846//5126 3845//5120 3691//4867
f 3846//5126 3690//4865 3687//4864
f 3687//4864 3685//4844 3847//5125
f 3849//5127 3848//5128 3799//5129
f 3799//5129 3847//5123 3849//5127
f 3686//4845 3848//5130 3849//5131
f 3685//4844 3684//4863 3849//5131
f 3849//5131 3847//5125 3685//4844
f 3849//5131 3684//4863 3686//4845
f 3848//5130 3686//4845 3682//4862
f 3850//5132 3851//5133 3805//5134
f 3805//5134 3848//5128 3850//5132
f 3678//4860 3851//5135 3850//5136
f 3682//4862 3681//4861 3850//5136
f 3850//5136 3848//5130 3682//4862
f 3850//5136 3681//4861 3678//4860
f 3853//5137 3852//5138 3806//5139
f 3806//5139 3851//5133 3853//5137
f 3674//4855 3852//5140 3853//5141
f 3678//4860 3675//4857 3853//5141
f 3853//5141 3851//5135 3678//4860
f 3853//5141 3675//4857 3674//4855
f 3854//5142 3855//5143 3810//5144
f 3810//5144 3852//5138 3854//5142
f 3667//4852 3855//5145 3854//5146
f 3674//4855 3671//4853 3854//5146
f 3854//5146 3852//5140 3674//4855
f 3854//5146 3671//4853 3667//4852
f 3856//5174 3820//5054 3816//5166
f 3816//5166 3855//5143 3856//5174
f 3665//5057 3820//5058 3856//5175
f 3667//4852 3666//4850 3856//5175
f 3856//5175 3855//5145 3667//4852
f 3856//5175 3666//4850 3665//5057
usemtl 1.000000_0.756863_0.054902_0.000000_0.003
f 2806//3779 2807//3780 2809//3781
f 2808//3782 2806//3779 2810//3783
f 2807//3780 2808//3782 2812//3784
f 2812//3784 2809//3781 2807//3780
f 2811//3785 2812//3784 2808//3782
f 2810//3783 2811//3785 2808//3782
f 2809//3781 2810//3783 2806//3779
f 2887//3876 2886//3870 2884//3873
f 2884//3873 2888//3877 2887//3876
f 2884//3873 2834//3814 2889//3878
f 2889//3878 2888//3877 2884//3873
f 2890//3879 2889//3878 2834//3814
f 2834//3814 2832//3819 2890//3879
f 2832//3819 2829//3820 2891//3880
f 2891//3880 2890//3879 2832//3819
f 2893//3881 2891//3880 2829//3820
f 2829//3820 2839//3823 2893//3881
f 2839//3823 2841//3826 2892//3882
f 2892//3882 2893//3881 2839//3823
f 2841//3826 2894//3883 2892//3882
f 2841//3826 2895//3830 2894//3883
f 2895//3830 2846//3829 2894//3883
f 2896//3884 2894//3883 2846//3829
f 2896//3884 2846//3829 2897//3813
f 2897//3813 2898//3885 2896//3884
f 2897//3813 2828//3810 2898//3885
f 2900//3886 2898//3885 2828//3810
f 2899//3887 2900//3886 2828//3810
f 2901//3888 2899//3887 2902//3812
f 2899//3887 2828//3810 2902//3812
f 2902//3812 2825//3806 2903//3889
f 2903//3889 2901//3888 2902//3812
f 2905//3890 2903//3889 2825//3806
f 2825//3806 2826//3808 2905//3890
f 2826//3808 2827//3809 2904//3891
f 2904//3891 2905//3890 2826//3808
f 2907//3892 2904//3891 2827//3809
f 2827//3809 2856//3837 2907//3892
f 2856//3837 2854//3833 2906//3893
f 2906//3893 2907//3892 2856//3837
f 2854//3833 2908//3894 2906//3893
f 2854//3833 2909//3840 2908//3894
f 2909//3840 2859//3841 2908//3894
f 2910//3895 2908//3894 2859//3841
f 2911//3896 2910//3895 2912//3805
f 2910//3895 2859//3841 2912//3805
f 2912//3805 2823//3802 2911//3896
f 2913//3897 2911//3896 2823//3802
f 2913//3897 2823//3802 2824//3804
f 2824//3804 2914//3898 2913//3897
f 2824//3804 2822//3788 2915//3899
f 2915//3899 2914//3898 2824//3804
f 2822//3788 2916//3900 2915//3899
f 2822//3788 2917//3800 2916//3900
f 2917//3800 2819//3801 2918//3901
f 2918//3901 2916//3900 2917//3800
f 2919//3902 2918//3901 2819//3801
f 2819//3801 2920//3849 2919//3902
f 2920//3849 2869//3848 2922//3903
f 2922//3903 2919//3902 2920//3849
f 2921//3904 2922//3903 2869//3848
f 2921//3904 2869//3848 2870//3852
f 2870//3852 2923//3905 2921//3904
f 2870//3852 2874//3854 2924//3906
f 2924//3906 2923//3905 2870//3852
f 2924//3906 2874//3854 2925//3796
f 2925//3796 2926//3907 2924//3906
f 2925//3796 2818//3795 2926//3907
f 2927//3908 2926//3907 2818//3795
f 2930//3909 2927//3908 2928//3794
f 2927//3908 2818//3795 2928//3794
f 2928//3794 2815//3790 2930//3909
f 2929//3910 2930//3909 2815//3790
f 2815//3790 2932//3911 2929//3910
f 2815//3790 2816//3792 2932//3911
f 2816//3792 2817//3793 2931//3912
f 2931//3912 2932//3911 2816//3792
f 2817//3793 2933//3913 2931//3912
f 2817//3793 2878//3859 2933//3913
f 2878//3859 2814//3864 2934//3914
f 2814//3864 2935//3915 2934//3914
f 2934//3914 2933//3913 2878//3859
f 2814//3864 2936//3916 2935//3915
f 2814//3864 2937//3867 2936//3916
f 2937//3867 2881//3866 2936//3916
f 2938//3917 2936//3916 2881//3866
f 2941//3871 2886//3870 2939//3918
f 2939//3918 2940//3919 2941//3871
f 2887//3876 2939//3918 2886//3870
f 2938//3917 2881//3866 2941//3871
f 2941//3871 2940//3919 2938//3917
f 2943//3927 2942//3928 2876//3858
f 2944//3929 2943//3927 2875//3930
f 2945//3931 2944//3929 2875//3930
f 2942//3928 2945//3931 2877//3857
f 2875//3930 2877//3857 2945//3931
f 2876//3858 2875//3930 2943//3927
f 2877//3857 2876//3858 2942//3928
f 2946//3938 2948//3939 2867//3940
f 2947//3941 2946//3938 2871//3942
f 2948//3939 2947//3941 2866//3943
f 2866//3943 2867//3940 2948//3939
f 2868//3944 2866//3943 2947//3941
f 2871//3942 2868//3944 2947//3941
f 2867//3940 2871//3942 2946//3938
f 2950//3948 2949//3949 2860//3786
f 2951//3950 2950//3948 2862//3951
f 2952//3952 2951//3950 2862//3951
f 2949//3949 2952//3952 2863//3875
f 2861//3953 2863//3875 2952//3952
f 2862//3951 2861//3953 2952//3952
f 2860//3786 2862//3951 2950//3948
f 2863//3875 2860//3786 2949//3949
f 2953//3960 2955//3961 2858//3838
f 2954//3962 2953//3960 2852//3963
f 2955//3961 2954//3962 2857//3836
f 2857//3836 2858//3838 2955//3961
f 2855//3964 2857//3836 2954//3962
f 2852//3963 2855//3964 2954//3962
f 2858//3838 2852//3963 2953//3960
f 2957//3968 2956//3969 2849//3970
f 2958//3971 2957//3968 2847//3972
f 2959//3973 2958//3971 2847//3972
f 2956//3969 2959//3973 2848//3974
f 2847//3972 2848//3974 2959//3973
f 2849//3970 2847//3972 2957//3968
f 2848//3974 2849//3970 2956//3969
f 2960//3981 2962//3982 2842//3983
f 2961//3984 2960//3981 2844//3985
f 2962//3982 2961//3984 2838//3986
f 2838//3986 2842//3983 2962//3982
f 2840//3987 2838//3986 2961//3984
f 2844//3985 2840//3987 2961//3984
f 2842//3983 2844//3985 2960//3981
f 3019//4070 3018//4071 2821//3787
f 3020//4072 3019//4070 2821//3787
f 2813//3789 2865//3845 3020//4072
f 3021//4073 3020//4072 2865//3845
f 3018//4071 3021//4073 2865//3845
f 2865//3845 2820//3798 3018//4071
f 2821//3787 2813//3789 3020//4072
f 2820//3798 2821//3787 3018//4071
f 3024//4086 3023//4087 2836//3822
f 3025//4088 3024//4086 2836//3822
f 2831//3817 2833//3821 3025//4088
f 3026//4089 3025//4088 2833//3821
f 3023//4087 3026//4089 2837//3816
f 2833//3821 2837//3816 3026//4089
f 2836//3822 2831//3817 3025//4088
f 2837//3816 2836//3822 3023//4087
f 3029//4096 3028//4097 2830//3874
f 3030//4098 3029//4096 2885//4099
f 3031//4100 3030//4098 2885//4099
f 3028//4097 3031//4100 2883//3869
f 2883//3869 2830//3874 3028//4097
f 2885//4099 2883//3869 3031//4100
f 2830//3874 2885//4099 3029//4096
f 3081//4177 3083//4178 3112//4179
f 3111//4180 3112//4179 3083//4178
f 3111//4180 3083//4178 3087//4181
f 3087//4181 3084//4182 3113//4183
f 3114//4184 3111//4180 3087//4181
f 3113//4183 3114//4184 3087//4181
f 3111//4180 3114//4184 3115//4185
f 3081//4177 3112//4179 3113//4183
f 3113//4183 3084//4182 3081//4177
f 3112//4179 3111//4180 3115//4185
f 3234//4325 3235//4326 3227//4327
f 3234//4325 3227//4327 3209//4328
f 3236//4329 3209//4328 3225//4312
f 3237//4330 3236//4329 3225//4312
f 3237//4330 3221//4311 3224//4310
f 3239//4331 3238//4332 3224//4310
f 3240//4333 3228//4316 3182//4317
f 3240//4333 3182//4317 3197//4277
f 3197//4277 3241//4334 3240//4333
f 3241//4334 3197//4277 3193//4272
f 3242//4335 3193//4272 3229//4318
f 3229//4318 3243//4336 3242//4335
f 3243//4336 3229//4318 3230//4337
f 3244//4338 3243//4336 3230//4337
f 3245//4339 3156//4340 3231//4341
f 3246//4342 3245//4339 3231//4341
f 3247//4343 3232//4344 3233//4320
f 3248//4345 3233//4320 3127//4321
f 3249//4346 3127//4321 3115//4185
f 3249//4346 3115//4185 3140//4212
f 3140//4212 3250//4347 3249//4346
f 3250//4347 3140//4212 3226//4214
f 3235//4326 3226//4214 3227//4327
f 3226//4214 3235//4326 3251//4348
f 3226//4214 3251//4348 3250//4347
f 3127//4321 3249//4346 3248//4345
f 3233//4320 3248//4345 3247//4343
f 3232//4344 3247//4343 3246//4342
f 3231//4341 3232//4344 3246//4342
f 3156//4340 3245//4339 3244//4338
f 3230//4337 3156//4340 3244//4338
f 3193//4272 3242//4335 3241//4334
f 3228//4316 3240//4333 3239//4331
f 3224//4310 3228//4316 3239//4331
f 3224//4310 3238//4332 3237//4330
f 3225//4312 3221//4311 3237//4330
f 3209//4328 3236//4329 3234//4325
f 3275//4361 3257//4360 3276//4389
f 3276//4389 3278//4390 3275//4361
f 3278//4390 3277//4391 3275//4361
f 3272//4383 3275//4361 3277//4391
f 3279//4384 3272//4383 3277//4391
f 3277//4391 3280//4392 3279//4384
f 3280//4392 3281//4393 3279//4384
f 3281//4393 3282//4394 3255//4355
f 3255//4355 3279//4384 3281//4393
f 3283//4356 3255//4355 3282//4394
f 3282//4394 3285//4395 3283//4356
f 3285//4395 3284//4396 3283//4356
f 3258//4362 3283//4356 3284//4396
f 3286//4359 3258//4362 3284//4396
f 3284//4396 3288//4397 3286//4359
f 3288//4397 3287//4398 3286//4359
f 3252//4349 3286//4359 3287//4398
f 3289//4350 3252//4349 3287//4398
f 3287//4398 3291//4399 3289//4350
f 3291//4399 3290//4400 3254//4353
f 3254//4353 3289//4350 3291//4399
f 3263//4354 3254//4353 3290//4400
f 3290//4400 3293//4401 3263//4354
f 3293//4401 3292//4402 3263//4354
f 3256//4357 3263//4354 3292//4402
f 3294//4358 3256//4357 3292//4402
f 3292//4402 3296//4403 3294//4358
f 3296//4403 3295//4404 3253//4351
f 3295//4404 3297//4405 3253//4351
f 3253//4351 3294//4358 3296//4403
f 3298//4352 3253//4351 3297//4405
f 3297//4405 3300//4406 3298//4352
f 3300//4406 3299//4407 3298//4352
f 3265//4373 3298//4352 3299//4407
f 3270//4374 3265//4373 3299//4407
f 3299//4407 3301//4408 3270//4374
f 3301//4408 3302//4409 3264//4371
f 3264//4371 3270//4374 3301//4408
f 3303//4372 3264//4371 3302//4409
f 3302//4409 3305//4410 3303//4372
f 3305//4410 3304//4411 3262//4369
f 3262//4369 3303//4372 3305//4410
f 3306//4370 3262//4369 3304//4411
f 3304//4411 3308//4412 3306//4370
f 3308//4412 3307//4413 3306//4370
f 3269//4379 3306//4370 3307//4413
f 3309//4380 3269//4379 3307//4413
f 3307//4413 3311//4414 3309//4380
f 3311//4414 3310//4415 3271//4381
f 3271//4381 3309//4380 3311//4414
f 3312//4382 3271//4381 3310//4415
f 3310//4415 3314//4416 3312//4382
f 3314//4416 3313//4417 3312//4382
f 3274//4387 3312//4382 3313//4417
f 3315//4388 3274//4387 3313//4417
f 3313//4417 3317//4418 3315//4388
f 3317//4418 3316//4419 3315//4388
f 3273//4385 3315//4388 3316//4419
f 3318//4386 3273//4385 3316//4419
f 3316//4419 3320//4420 3318//4386
f 3320//4420 3319//4421 3268//4378
f 3268//4378 3318//4386 3320//4420
f 3321//4377 3268//4378 3319//4421
f 3319//4421 3323//4422 3321//4377
f 3323//4422 3322//4423 3321//4377
f 3261//4367 3321//4377 3322//4423
f 3324//4368 3261//4367 3322//4423
f 3322//4423 3326//4424 3324//4368
f 3326//4424 3325//4425 3260//4365
f 3260//4365 3324//4368 3326//4424
f 3327//4366 3260//4365 3325//4425
f 3325//4425 3329//4426 3327//4366
f 3329//4426 3328//4427 3327//4366
f 3259//4363 3327//4366 3328//4427
f 3330//4364 3259//4363 3328//4427
f 3328//4427 3331//4428 3330//4364
f 3331//4428 3332//4429 3266//4375
f 3266//4375 3330//4364 3331//4428
f 3333//4430 3276//4389 3257//4360
f 3257//4360 3267//4376 3333//4430
f 3267//4376 3266//4375 3332//4429
f 3332//4429 3333//4430 3267//4376
f 3356//4457 3354//4458 3355//4459
f 3363//4460 3359//4461 3362//4462
f 3365//4463 3388//4464 3360//4465
f 2982//4011 2983//4012 3358//4466
f 3359//4461 3361//4467 3362//4462
f 3358//4466 2983//4012 3357//4468
f 3358//4466 3357//4468 3431//4469
f 2984//4013 3354//4458 2983//4012
f 3355//4459 3364//4470 3356//4457
f 3387//4471 3366//4472 3527//4473
f 3365//4463 2982//4011 3388//4464
f 3362//4462 3364//4470 3363//4460
f 2984//4013 3355//4459 3354//4458
f 3371//4474 3372//4475 3373//4476
f 3374//4477 3382//4478 3581//4479
f 2979//4008 3368//4480 3370//4481
f 3431//4469 3367//4482 3358//4466
f 3357//4468 3354//4458 3356//4457
f 2984//4013 3359//4461 3363//4460
f 3378//4483 3394//4484 2966//3994
f 3380//4485 3384//4486 3379//4487
f 3368//4480 3386//4488 3369//4489
f 3369//4489 3393//4490 3368//4480
f 3527//4473 3386//4488 3387//4471
f 2980//4491 2981//4492 3387//4471
f 3366//4472 3387//4471 2981//4492
f 2982//4011 3381//4493 2981//4010
f 2963//3991 3382//4478 3374//4477
f 3378//4483 3376//4494 3394//4484
f 3574//4495 3377//4496 3376//4494
f 3372//4475 3371//4474 3385//4497
f 2980//4009 3368//4480 2979//4008
f 3581//4479 3361//4467 3374//4477
f 3383//4498 3375//4499 3377//4496
f 3377//4496 3394//4484 3376//4494
f 3372//4475 3391//4500 3373//4476
f 2982//4011 3365//4463 3381//4493
f 3375//4499 3390//4501 3377//4496
f 3390//4501 3375//4499 3389//4502
f 3379//4487 3384//4486 3402//199
f 3395//4503 3396//4504 2968//3996
f 3562//4505 3396//4504 3392//4506
f 3393//4490 3370//4481 3368//4480
f 3374//4477 2964//3992 2963//3991
f 2966//3994 2967//3995 3379//4487
f 3385//4497 2968//3996 3372//4475
f 3366//4472 3365//4463 3527//4473
f 2964//3992 3359//4461 2984//4013
f 2963//3991 3390//4501 3389//4502
f 3394//4484 2965//4507 2966//3994
f 3402//199 3378//4483 2966//3994
f 2966//3994 3379//4487 3402//199
f 2967//3995 2968//3996 3385//4497
f 3395//4503 3392//4506 3396//4504
f 3397//4508 3392//4506 3403//4509
f 2970//3998 2971//3999 3399//4510
f 3388//4464 3367//4482 3360//4465
f 3562//4505 3391//4500 3396//4504
f 2970//199 3403//4509 3398//4511
f 3406//4512 2970//3998 3399//4510
f 3403//4509 3392//4506 3398//4511
f 3407//4513 3408//4514 3409//4515
f 3400//4516 3393//4490 3533//4517
f 3533//4517 3404//4518 3400//4516
f 3401//4519 3375//4499 3383//4498
f 3379//4487 3371//4474 3380//4485
f 2963//3991 2965//3993 3390//4501
f 3376//4494 3384//4486 3380//4485
f 2969//4520 2970//199 3398//4511
f 3397//4508 3403//4509 3410//4521
f 2978//4007 3423//4522 2977//4006
f 3405//4523 3400//4516 3404//4518
f 3382//4478 3401//4519 3581//4479
f 3411//4524 3412//4525 3547//4526
f 3533//4517 3418//4527 3404//4518
f 3404//4518 2979//4008 3405//4523
f 2969//3997 3395//4503 2968//3996
f 3412//4525 3420//4528 3547//4526
f 3407//4513 2974//4003 3408//4514
f 2978//4529 2979//4008 3404//4518
f 3414//4530 3413//4531 3416//4532
f 3399//4510 3419//4533 3417//4534
f 3411//4524 2973//4002 3412//4525
f 2975//4004 3408//4514 2974//4003
f 3416//4532 3413//4531 2975//199
f 3415//4535 3413//4531 3414//4530
f 3417//4534 3406//4512 3399//4510
f 3421//4536 3427//4537 3422//4538
f 3420//4528 3407//4513 3409//4515
f 2973//4002 3411//4524 2972//4001
f 3408//4514 3415//4535 3409//4515
f 2978//4007 3425//4539 3423//4522
f 3547//4526 3426//4540 3411//4524
f 3421//4536 2972//4541 3427//4537
f 3425//4539 3424//4542 3418//4527
f 3416//4532 2975//199 2976//4005
f 3417//4534 3410//4521 3406//4512
f 2971//4543 2972//4541 3421//4536
f 2978//4007 3424//4542 3425//4539
f 3427//4537 3426//4540 3422//4538
f 3407//4513 3428//4544 2974//4003
f 2973//4002 2974//4003 3428//4544
f 3419//4533 3421//4536 3417//4534
f 3416//4532 3423//4522 3414//4530
f 3374//4557 3361//4558 3436//4559
f 2964//4560 3374//4557 3437//4561
f 3359//4562 2964//4560 3438//4563
f 3361//4558 3359//4562 3439//4564
f 3439//4564 3440//4565 3361//4558
f 3438//4563 3439//4564 3359//4562
f 3437//4561 3438//4563 2964//4560
f 3436//4559 3437//4561 3374//4557
f 3440//4565 3436//4559 3361//4558
f 3375//4566 3401//4567 3441//4568
f 3389//4502 3375//4566 3441//4568
f 2963//3991 3389//4502 3442//4569
f 3382//4570 2963//3991 3443//4571
f 3401//4567 3382//4570 3444//4572
f 3443//4571 3444//4572 3382//4570
f 3442//4569 3443//4571 2963//3991
f 3441//4568 3442//4569 3389//4502
f 3444//4572 3441//4568 3401//4567
f 3394//4484 3377//4573 3445//4574
f 2965//4507 3394//4484 3446//4575
f 3390//4576 2965//4507 3447//4577
f 3377//4573 3390//4576 3448//4578
f 3448//4578 3449//4579 3377//4573
f 3447//4577 3448//4578 3390//4576
f 3446//4575 3447//4577 2965//4507
f 3445//4574 3446//4575 3394//4484
f 3449//4579 3445//4574 3377//4573
f 3384//4580 3376//4581 3450//4582
f 3402//4583 3384//4580 3450//4582
f 3378//4584 3402//4583 3451//4585
f 3376//4581 3378//4584 3452//4586
f 3453//4587 3450//4582 3376//4581
f 3452//4586 3453//4587 3376//4581
f 3451//4585 3452//4586 3378//4584
f 3450//4582 3451//4585 3402//4583
f 3454//4588 3385//4497 3371//4589
f 2967//3995 3385//4497 3455//4590
f 3379//4591 2967//3995 3456//4592
f 3371//4589 3379//4591 3457//4593
f 3456//4592 3457//4593 3379//4591
f 3455//4590 3456//4592 2967//3995
f 3454//4588 3455//4590 3385//4497
f 3457//4593 3454//4588 3371//4589
f 3396//4504 3391//4594 3458//4595
f 2968//3996 3396//4504 3458//4595
f 3372//4596 2968//3996 3459//4597
f 3391//4594 3372//4596 3460//4598
f 3459//4597 3460//4598 3372//4596
f 3458//4595 3459//4597 2968//3996
f 3460//4598 3458//4595 3391//4594
f 3398//4511 3392//4599 3462//4600
f 2969//4520 3398//4511 3463//4601
f 3395//4602 2969//4520 3464//4603
f 3392//4599 3395//4602 3465//4604
f 3465//4604 3461//4605 3392//4599
f 3464//4603 3465//4604 3395//4602
f 3463//4601 3464//4603 2969//4520
f 3462//4600 3463//4601 3398//4511
f 3461//4605 3462//4600 3392//4599
f 3406//4512 3410//4606 3466//4607
f 2970//3998 3406//4512 3466//4607
f 3403//4608 2970//3998 3468//4609
f 3410//4606 3403//4608 3469//4610
f 3468//4609 3469//4610 3403//4608
f 3467//4611 3468//4609 2970//3998
f 3466//4607 3467//4611 2970//3998
f 3469//4610 3466//4607 3410//4606
f 2971//4543 3421//4536 3470//4612
f 3399//4613 2971//4543 3471//4614
f 3419//4615 3399//4613 3472//4616
f 3421//4536 3419//4615 3473//4617
f 3473//4617 3470//4612 3421//4536
f 3472//4616 3473//4617 3419//4615
f 3471//4614 3472//4616 3399//4613
f 3470//4612 3471//4614 2971//4543
f 3411//4618 3426//4619 3474//4620
f 2972//4621 3411//4618 3475//4622
f 3427//4623 2972//4621 3476//4624
f 3426//4619 3427//4623 3477//4625
f 3477//4625 3474//4620 3426//4619
f 3476//4624 3477//4625 3427//4623
f 3475//4622 3476//4624 2972//4621
f 3474//4620 3475//4622 3411//4618
f 3407//4626 3420//4627 3478//4628
f 3428//4544 3407//4626 3479//4629
f 2973//4002 3428//4544 3480//4630
f 3412//4525 2973//4002 3481//4631
f 3420//4627 3412//4525 3481//4631
f 3481//4631 3482//4632 3420//4627
f 3480//4630 3481//4631 2973//4002
f 3479//4629 3480//4630 3428//4544
f 3478//4628 3479//4629 3407//4626
f 3482//4632 3478//4628 3420//4627
f 3413//4633 3415//4634 3483//4635
f 2975//4636 3413//4633 3484//4637
f 3408//4638 2975//4636 3485//4639
f 3415//4634 3408//4638 3486//4640
f 3486//4640 3483//4635 3415//4634
f 3485//4639 3486//4640 3408//4638
f 3484//4637 3485//4639 2975//4636
f 3483//4635 3484//4637 3413//4633
f 2977//4006 3423//4641 3487//4642
f 2976//4005 2977//4006 3488//4643
f 3416//4532 2976//4005 3489//4644
f 3423//4641 3416//4532 3487//4642
f 3490//4645 3487//4642 3416//4532
f 3489//4644 3490//4645 3416//4532
f 3488//4643 3489//4644 2976//4005
f 3487//4642 3488//4643 2977//4006
f 3404//4518 3418//4646 3492//4647
f 2978//4529 3404//4518 3493//4648
f 3424//4649 2978//4529 3494//4650
f 3418//4646 3424//4649 3491//4651
f 3494//4650 3491//4651 3424//4649
f 3493//4648 3494//4650 2978//4529
f 3492//4647 3493//4648 3404//4518
f 3491//4651 3492//4647 3418//4646
f 3370//4481 3393//4652 3495//4653
f 2979//4008 3370//4481 3495//4653
f 3405//4523 2979//4008 3496//4654
f 3400//4655 3405//4523 3498//4656
f 3393//4652 3400//4655 3498//4656
f 3497//4657 3498//4656 3405//4523
f 3496//4654 3497//4657 3405//4523
f 3495//4653 3496//4654 2979//4008
f 3498//4656 3495//4653 3393//4652
f 3387//4471 3386//4658 3499//4659
f 2980//4491 3387//4471 3500//4660
f 3368//4661 2980//4491 3501//4662
f 3386//4658 3368//4661 3501//4662
f 3501//4662 3502//4663 3386//4658
f 3500//4660 3501//4662 2980//4491
f 3499//4659 3500//4660 3387//4471
f 3502//4663 3499//4659 3386//4658
f 3381//4664 3365//4665 3503//4666
f 2981//4492 3381//4664 3504//4667
f 3366//4472 2981//4492 3505//4668
f 3365//4665 3366//4472 3506//4669
f 3505//4668 3506//4669 3366//4472
f 3504//4667 3505//4668 2981//4492
f 3503//4666 3504//4667 3381//4664
f 3506//4669 3503//4666 3365//4665
f 3358//4466 3367//4670 3507//4671
f 2982//4011 3358//4466 3507//4671
f 3388//4464 2982//4011 3509//4672
f 3367//4670 3388//4464 3510//4673
f 3509//4672 3510//4673 3388//4464
f 3508//4674 3509//4672 2982//4011
f 3507//4671 3508//4674 2982//4011
f 3510//4673 3507//4671 3367//4670
f 3354//4675 3357//4676 3511//4677
f 2983//4678 3354//4675 3512//4679
f 3357//4676 2983//4678 3513//4680
f 3514//4681 3511//4677 3357//4676
f 3513//4680 3514//4681 3357//4676
f 3512//4679 3513//4680 2983//4678
f 3511//4677 3512//4679 3354//4675
f 3363//4460 3364//4682 3518//4683
f 2984//4013 3363//4460 3515//4684
f 3355//4685 2984//4013 3517//4686
f 3364//4682 3355//4685 3518//4683
f 3517//4686 3518//4683 3355//4685
f 3516//4687 3517//4686 2984//4013
f 3515//4684 3516//4687 2984//4013
f 3518//4683 3515//4684 3363//4460
f 3661//4904 3663//4905 3754//4906
f 3662//4907 3661//4904 3755//4908
f 3660//4909 3662//4907 3334//4910
f 3659//4911 3660//4909 3756//4912
f 3663//4905 3659//4911 3754//4906
f 3756//4912 3754//4906 3659//4911
f 3334//4910 3756//4912 3660//4909
f 3755//4908 3334//4910 3662//4907
f 3754//4906 3755//4908 3661//4904
f 3626//4913 3750//4914 3758//4915
f 3625//4916 3626//4913 3335//4436
f 3624//4917 3625//4916 3335//4436
f 3750//4914 3624//4917 3759//4918
f 3759//4918 3757//4919 3750//4914
f 3335//4436 3759//4918 3624//4917
f 3758//4915 3335//4436 3626//4913
f 3757//4919 3758//4915 3750//4914
f 3747//4920 3746//4898 3760//4921
f 3745//4922 3747//4920 3760//4921
f 3748//4834 3745//4922 3336//4923
f 3746//4898 3748//4834 3761//4924
f 3761//4924 3760//4921 3746//4898
f 3336//4923 3761//4924 3748//4834
f 3760//4921 3336//4923 3745//4922
f 3738//4925 3736//4926 3762//4927
f 3741//4928 3738//4925 3337//4929
f 3737//4930 3741//4928 3337//4929
f 3736//4926 3737//4930 3764//4931
f 3763//4932 3764//4931 3737//4930
f 3337//4929 3763//4932 3737//4930
f 3762//4927 3337//4929 3738//4925
f 3764//4931 3762//4927 3736//4926
f 3627//4933 3732//4836 3766//4934
f 3628//4837 3627//4933 3338//4438
f 3733//4891 3628//4837 3767//4935
f 3732//4836 3733//4891 3765//4936
f 3767//4935 3765//4936 3733//4891
f 3338//4438 3767//4935 3628//4837
f 3766//4934 3338//4438 3627//4933
f 3765//4936 3766//4934 3732//4836
f 3631//4937 3629//4938 3768//4939
f 3633//4940 3631//4937 3339//4941
f 3630//4942 3633//4940 3770//4943
f 3632//4944 3630//4942 3770//4943
f 3629//4938 3632//4944 3768//4939
f 3770//4943 3768//4939 3632//4944
f 3339//4941 3770//4943 3633//4940
f 3769//4945 3339//4941 3631//4937
f 3768//4939 3769//4945 3631//4937
f 3636//4946 3728//4947 3772//4948
f 3635//4949 3636//4946 3772//4948
f 3634//4950 3635//4949 3340//4439
f 3728//4947 3634//4950 3773//4951
f 3773//4951 3771//4952 3728//4947
f 3340//4439 3773//4951 3634//4950
f 3772//4948 3340//4439 3635//4949
f 3771//4952 3772//4948 3728//4947
f 3724//4953 3721//4954 3774//4955
f 3720//4839 3724//4953 3341//4956
f 3723//4883 3720//4839 3776//4957
f 3721//4954 3723//4883 3777//4958
f 3776//4957 3777//4958 3723//4883
f 3341//4956 3776//4957 3720//4839
f 3775//4959 3341//4956 3724//4953
f 3774//4955 3775//4959 3724//4953
f 3777//4958 3774//4955 3721//4954
f 3713//4960 3716//4961 3778//4962
f 3717//4963 3713//4960 3779//4964
f 3715//4965 3717//4963 3343//4441
f 3716//4961 3715//4965 3342//4454
f 3780//4966 3778//4962 3716//4961
f 3342//4454 3780//4966 3716//4961
f 3343//4441 3342//4454 3715//4965
f 3779//4964 3343//4441 3717//4963
f 3778//4962 3779//4964 3713//4960
f 3639//4967 3710//4968 3781//4969
f 3637//4970 3639//4967 3782//4971
f 3638//4972 3637//4970 3344//4973
f 3710//4968 3638//4972 3783//4974
f 3783//4974 3781//4969 3710//4968
f 3344//4973 3783//4974 3638//4972
f 3782//4971 3344//4973 3637//4970
f 3781//4969 3782//4971 3639//4967
f 3641//4975 3642//4976 3784//4977
f 3640//4978 3641//4975 3345//4443
f 3643//4979 3640//4978 3345//4443
f 3644//4980 3643//4979 3786//4981
f 3642//4976 3644//4980 3784//4977
f 3786//4981 3784//4977 3644//4980
f 3345//4443 3786//4981 3643//4979
f 3785//4982 3345//4443 3641//4975
f 3784//4977 3785//4982 3641//4975
f 3647//4983 3706//4984 3787//4985
f 3645//4986 3647//4983 3788//4987
f 3646//4988 3645//4986 3346//4989
f 3706//4984 3646//4988 3789//4990
f 3789//4990 3787//4985 3706//4984
f 3346//4989 3789//4990 3646//4988
f 3788//4987 3346//4989 3645//4986
f 3787//4985 3788//4987 3647//4983
f 3699//4991 3701//4992 3792//4993
f 3700//4994 3699//4991 3790//4995
f 3702//4996 3700//4994 3791//4997
f 3701//4992 3702//4996 3347//4998
f 3347//4998 3792//4993 3701//4992
f 3791//4997 3347//4998 3702//4996
f 3790//4995 3791//4997 3700//4994
f 3792//4993 3790//4995 3699//4991
f 3692//4866 3694//4869 3794//4999
f 3696//5000 3692//4866 3348//4446
f 3695//5001 3696//5000 3348//4446
f 3694//4869 3695//5001 3793//5002
f 3795//5003 3793//5002 3695//5001
f 3348//4446 3795//5003 3695//5001
f 3794//4999 3348//4446 3692//4866
f 3793//5002 3794//4999 3694//4869
f 3688//5004 3689//5005 3796//5006
f 3649//5007 3688//5004 3797//5008
f 3648//5009 3649//5007 3349//5010
f 3689//5005 3648//5009 3798//5011
f 3798//5011 3796//5006 3689//5005
f 3349//5010 3798//5011 3648//5009
f 3797//5008 3349//5010 3649//5007
f 3796//5006 3797//5008 3688//5004
f 3652//5012 3650//5013 3800//5014
f 3651//5015 3652//5012 3350//4447
f 3650//5013 3651//5015 3801//5016
f 3801//5016 3799//5017 3650//5013
f 3350//4447 3801//5016 3651//5015
f 3800//5014 3350//4447 3652//5012
f 3799//5017 3800//5014 3650//5013
f 3655//5018 3683//5019 3802//5020
f 3653//5021 3655//5018 3803//4451
f 3654//5022 3653//5021 3804//5023
f 3654//5022 3804//5023 3805//5024
f 3683//5019 3654//5022 3805//5024
f 3803//4451 3804//5023 3653//5021
f 3802//5020 3803//4451 3655//5018
f 3805//5024 3802//5020 3683//5019
f 3677//5025 3679//4859 3806//5026
f 3676//5027 3677//5025 3806//5026
f 3680//4848 3676//5027 3807//5028
f 3679//4859 3680//4848 3808//5029
f 3809//5030 3806//5026 3679//4859
f 3808//5029 3809//5030 3679//4859
f 3807//5028 3808//5029 3680//4848
f 3806//5026 3807//5028 3676//5027
f 3668//4854 3672//5031 3810//5032
f 3670//4851 3668//4854 3811//5033
f 3669//5034 3670//4851 3352//5035
f 3673//5036 3669//5034 3352//5035
f 3672//5031 3673//5036 3812//5037
f 3672//5031 3812//5037 3810//5032
f 3352//5035 3812//5037 3673//5036
f 3811//5033 3352//5035 3670//4851
f 3810//5032 3811//5033 3668//4854
f 3658//5038 3664//5039 3813//5040
f 3656//5041 3658//5038 3814//5042
f 3657//5043 3656//5041 3353//4450
f 3353//4450 3815//5044 3657//5043
f 3664//5039 3657//5043 3816//5045
f 3815//5044 3816//5045 3657//5043
f 3814//5042 3353//4450 3656//5041
f 3813//5040 3814//5042 3658//5038
f 3816//5045 3813//5040 3664//5039
f 3770//4943 3766//4934 3827//5071
f 3338//4438 3337//4456 3767//4935
f 3814//5042 3813//5147 3756//5148
f 3340//4439 3339//4455 3773//4951
f 3339//4941 3338//4438 3770//4943
f 3828//5077 3773//4951 3769//5149
f 3336//5150 3760//5061 3763//4932
f 3763//4932 3760//5061 3822//5060
f 3761//5151 3758//4915 3821//5050
f 3820//5054 3756//5148 3813//5147
f 3809//5152 3802//5153 3851//5133
f 3789//5154 3345//4443 3785//4982
f 3766//4934 3770//4943 3338//4438
f 3814//5042 3334//4435 3353//4450
f 3815//5155 3353//4450 3811//5156
f 3789//5154 3785//4982 3838//5104
f 3769//5149 3768//5078 3828//5077
f 3337//4456 3765//5072 3767//4935
f 3765//5072 3762//5157 3825//5065
f 3755//5158 3754//5053 3818//5052
f 3353//4450 3352//4449 3811//5156
f 3818//5052 3759//4918 3755//5158
f 3855//5143 3815//5155 3810//5144
f 3351//4448 3812//5159 3352//4449
f 3796//5124 3794//5160 3845//5118
f 3828//5077 3771//5081 3773//4951
f 3763//4932 3337//4929 3336//5150
f 3822//5060 3764//5066 3763//4932
f 3351//4448 3807//5161 3812//5159
f 3785//4982 3784//5105 3838//5104
f 3768//5078 3770//4943 3827//5071
f 3772//4948 3771//5081 3831//5084
f 3761//5151 3335//4436 3758//4915
f 3756//5148 3334//4435 3814//5042
f 3811//5156 3810//5144 3815//5155
f 3808//219 3807//5161 3351//4448
f 3848//5128 3804//5023 3800//5162
f 3803//4451 3350//4447 3804//5023
f 3847//5123 3801//5016 3797//5163
f 3349//5010 3348//219 3798//5011
f 3783//5164 3778//5094 3835//5093
f 3339//4455 3769//5149 3773//4951
f 3772//4948 3777//5089 3776//4957
f 3802//5153 3809//5152 3808//219
f 3802//5153 3805//5134 3851//5133
f 3851//5133 3806//5139 3809//5152
f 3804//5023 3350//4447 3800//5162
f 3350//4447 3797//5163 3801//5016
f 3341//4440 3780//5165 3342//4454
f 3340//4439 3772//4948 3776//4957
f 3337//4456 3762//5157 3765//5072
f 3831//5084 3777//5089 3772//4948
f 3821//5050 3760//5061 3761//5151
f 3759//4918 3335//4436 3755//5158
f 3754//5053 3756//5148 3820//5054
f 3816//5166 3815//5155 3855//5143
f 3800//5162 3799//5129 3848//5128
f 3848//5128 3805//5134 3804//5023
f 3792//4993 3788//5167 3841//5109
f 3335//4436 3761//5151 3336//4437
f 3818//5052 3757//5051 3759//4918
f 3808//219 3351//4448 3802//5153
f 3803//4451 3802//5153 3351//4448
f 3852//5138 3812//5159 3806//5139
f 3350//4447 3349//4452 3797//5163
f 3794//5160 3796//5124 3798//5011
f 3795//5003 3791//5168 3842//5114
f 3345//4443 3789//5154 3346//4445
f 3783//5164 3779//4964 3778//5094
f 3835//5093 3781//5099 3783//5164
f 3786//4981 3782//5169 3837//5098
f 3341//4956 3340//4439 3776//4957
f 3812//5159 3807//5161 3806//5139
f 3799//5129 3801//5016 3847//5123
f 3791//5168 3790//5170 3842//5114
f 3346//5171 3788//5167 3792//4993
f 3779//4964 3783//5164 3344//219
f 3762//5157 3764//5066 3825//5065
f 3758//4915 3757//5051 3821//5050
f 3797//5163 3796//5124 3847//5123
f 3348//219 3794//5160 3798//5011
f 3766//4934 3765//5072 3827//5071
f 3832//5088 3780//5165 3775//5172
f 3348//4446 3347//4453 3791//5168
f 3345//4443 3344//219 3786//4981
f 3334//4435 3755//5158 3335//4436
f 3775//5172 3774//5173 3832//5088
f 3845//5118 3794//5160 3793//5119
f 3348//4446 3791//5168 3795//5003
f 3838//5104 3787//5110 3789//5154
f 3852//5138 3810//5144 3812//5159
f 3837//5098 3784//5105 3786//4981
f 3793//5119 3795//5003 3842//5114
f 3344//219 3782//5169 3786//4981
f 3779//4964 3344//219 3343//4441
f 3788//5167 3787//5110 3841//5109
f 3780//5165 3341//4440 3775//5172
f 3347//4998 3346//5171 3792//4993
f 3832//5088 3778//5094 3780//5165
f 3782//5169 3781//5099 3837//5098
f 3774//5173 3777//5089 3832//5088
f 3813//5147 3816//5166 3820//5054
f 3790//5170 3792//4993 3842//5114
usemtl 0.917647_0.917647_0.917647_0.000000_0.008
f 3857//199 3858//2554 3859//2555
f 3860//2556 3857//199 3859//2555
f 3861//2557 3857//2558 3860//2556
f 3861//2557 3860//2556 3859//2555
f 3862//2559 3859//2555 3858//2554
f 3863//5176 3858//2554 3857//2558
f 3857//2558 3861//2557 3864//2561
f 3857//2558 3864//2561 3863//5176
f 3858//2554 3863//5176 3862//2559
f 3859//2555 3862//2559 3861//2557
f 3864//2561 3861//219 3863//5176
f 3861//219 3862//2559 3863//5176
usemtl 0.262745_0.282353_0.301961_0.000000_0.003
f 3865//580 3866//5177 3868//5178
f 3866//5177 3867//5179 3868//5178
f 3869//5180 3870//5181 3868//5178
f 3870//5181 3871//4881 3868//5178
f 3871//4881 3865//580 3868//5178
f 3872//5182 3873//5183 3868//5178
f 3873//5183 3874//5184 3869//5180
f 3874//5184 3875//5185 3870//5186
f 3875//5185 3876//5187 3871//5188
f 3876//5187 3877//5189 3865//5190
f 3877//5189 3878//5191 3866//5192
f 3878//5191 3879//5193 3866//5192
f 3879//5193 3880//5194 3867//5179
f 3880//5194 3872//5182 3868//5178
f 3868//5178 3867//5179 3880//5194
f 3867//5179 3866//5192 3879//5193
f 3866//5192 3865//5190 3877//5189
f 3865//5190 3871//5188 3876//5187
f 3871//5188 3870//5186 3875//5185
f 3870//5186 3869//5180 3874//5184
f 3869//5180 3868//5178 3873//5183
f 3877//5195 3876//5196 3881//5197
f 3878//5198 3877//5195 3882//5199
f 3879//5200 3878//5198 3883//5201
f 3880//5202 3879//5200 3884//5203
f 3885//5204 3886//5205 3872//5206
f 3873//5207 3872//5206 3886//5205
f 3874//5208 3873//5207 3886//5205
f 3875//5209 3874//5208 3887//5210
f 3876//5196 3875//5209 3888//5211
f 3888//5211 3881//5197 3876//5196
f 3887//5210 3888//5211 3875//5209
f 3886//5205 3887//5210 3874//5208
f 3872//5206 3880//5202 3885//5204
f 3884//5203 3885//5204 3880//5202
f 3883//5201 3884//5203 3879//5200
f 3882//5199 3883//5201 3878//5198
f 3881//5197 3882//5199 3877//5195
f 3912//5212 3889//5213 3911//5214
f 3912//5212 3881//5215 3889//5213
f 3904//638 3890//199 3884//199
f 3889//5213 3881//5215 3888//199
f 3890//199 3885//5216 3884//199
f 3896//5217 3882//5218 3881//5215
f 3891//5219 3882//5218 3896//5217
f 3891//5219 3896//5217 3916//5220
f 3892//5221 3897//706 3891//5219
f 3893//199 3904//638 3884//199
f 3885//5216 3890//199 3910//640
f 3883//199 3882//5218 3893//199
f 3889//5213 3895//725 3894//5222
f 3892//5221 3900//638 3904//638
f 3890//199 3898//199 3910//640
f 3898//199 3890//199 3899//199
f 3891//5219 3916//5220 3892//5221
f 3892//5221 3904//638 3897//706
f 3886//580 3901//580 3902//199
f 3888//199 3887//582 3903//199
f 3893//199 3884//199 3883//199
f 3882//5218 3891//5219 3893//199
f 3881//5215 3912//5212 3896//5217
f 3887//582 3886//580 3902//199
f 3894//5222 3911//5214 3889//5213
f 3887//582 3902//199 3903//199
f 3899//199 3905//199 3898//199
f 3886//580 3905//199 3901//580
f 3906//638 3890//199 3904//638
f 3905//199 3886//580 3907//5223
f 3903//199 3902//199 3908//582
f 3903//199 3908//582 3909//582
f 3903//199 3889//5213 3888//199
f 3905//199 3907//5223 3898//199
f 3900//638 3906//638 3904//638
f 3909//582 3895//725 3903//199
f 3895//725 3909//582 3894//5222
f 3910//640 3907//5223 3886//580
f 3910//640 3886//580 3885//5216
f 3911//5214 3894//5224 3934//5225
f 3894//5224 3909//5226 3932//5227
f 3909//5226 3908//5228 3930//5229
f 3908//5228 3902//5230 3929//5231
f 3902//5230 3901//5232 3928//5233
f 3901//5232 3905//5234 3927//5235
f 3905//5234 3926//5236 3945//5237
f 3899//5238 3925//5239 3926//5236
f 3926//5236 3905//5234 3899//5238
f 3890//5240 3924//5241 3925//5239
f 3925//5239 3899//5238 3890//5240
f 3906//5242 3923//5243 3924//5241
f 3924//5241 3890//5240 3906//5242
f 3900//5244 3922//5245 3923//5243
f 3923//5243 3906//5242 3900//5244
f 3900//5244 3921//5246 3922//5245
f 3921//5246 3900//5244 3892//5247
f 3892//5247 3919//5248 3921//5246
f 3916//5220 3917//5249 3919//5248
f 3919//5248 3892//5247 3916//5220
f 3945//5237 3927//5235 3905//5234
f 3927//5235 3928//5233 3901//5232
f 3928//5233 3929//5231 3902//5230
f 3929//5231 3930//5229 3908//5228
f 3930//5229 3931//5250 3909//5226
f 3931//5250 3932//5227 3909//5226
f 3932//5227 3934//5225 3894//5224
f 3934//5225 3913//5251 3911//5214
f 3912//5212 3911//5214 3913//5251
f 3913//5251 3914//5252 3912//5212
f 3914//5252 3915//5253 3912//5212
f 3896//5217 3935//5254 3917//5249
f 3917//5249 3916//5220 3896//5217
f 3896//5217 3912//5212 3918//5255
f 3912//5212 3915//5253 3918//5255
f 3918//5255 3935//5254 3896//5217
f 3920//5256 3970//5257 3919//5248
f 3934//5225 3933//5258 3957//5259
f 3932//5227 3933//5258 3934//5225
f 3934//5225 3914//5252 3913//5251
f 3970//5257 3921//5246 3919//5248
f 3910//5260 3898//5261 3936//5262
f 3907//5263 3910//5260 3937//5264
f 3898//5261 3907//5263 3938//5265
f 3937//5264 3938//5265 3907//5263
f 3936//5262 3937//5264 3910//5260
f 3938//5265 3936//5262 3898//5261
f 3942//781 3939//411 3936//411
f 3941//869 3940//5266 3937//1173
f 3939//411 3941//869 3936//411
f 3942//781 3936//411 3938//868
f 3938//868 3937//1173 3940//5266
f 3941//869 3937//1173 3936//411
f 3938//868 3940//5266 3942//781
f 3941//5267 3943//5268 3944//5269
f 3940//5270 3944//5269 3945//5237
f 3939//5271 3942//5272 3946//5273
f 3941//5267 3939//5271 3947//5274
f 3947//5274 3943//5268 3941//5267
f 3946//5273 3947//5274 3939//5271
f 3945//5237 3946//5273 3942//5272
f 3945//5237 3942//5272 3940//5270
f 3944//5269 3940//5270 3941//5267
f 3889//5275 3903//5276 3948//5277
f 3895//5278 3889//5275 3949//5279
f 3903//5276 3895//5278 3950//5280
f 3950//5280 3948//5277 3903//5276
f 3949//5279 3950//5280 3895//5278
f 3948//5277 3949//5279 3889//5275
f 3951//219 3953//219 3948//219
f 3954//411 3955//5281 3949//1859
f 3949//1859 3955//5281 3952//991
f 3948//219 3950//991 3951//219
f 3949//1859 3948//219 3954//411
f 3948//219 3953//219 3954//411
f 3950//991 3949//1859 3952//991
f 3950//991 3952//991 3951//219
f 3954//5282 3959//5283 3956//5284
f 3955//5285 3956//5284 3957//5259
f 3955//5285 3957//5259 3933//5258
f 3951//5286 3952//5287 3958//5288
f 3953//5289 3951//5286 3958//5288
f 3958//5288 3959//5283 3953//5289
f 3933//5258 3958//5288 3952//5287
f 3933//5258 3952//5287 3955//5285
f 3956//5284 3955//5285 3954//5282
f 3959//5283 3954//5282 3953//5289
f 3897//5290 3904//5291 3960//5292
f 3891//5293 3897//5290 3961//5294
f 3893//5295 3891//5293 3962//5296
f 3904//5291 3893//5295 3963//5297
f 3962//5296 3963//5297 3893//5295
f 3961//5294 3962//5296 3891//5293
f 3960//5292 3961//5294 3897//5290
f 3963//5297 3960//5292 3904//5291
f 3967//411 3964//219 3962//219
f 3966//869 3960//869 3963//219
f 3967//411 3962//219 3961//5281
f 3963//219 3965//219 3966//869
f 3963//219 3962//219 3964//219
f 3966//869 3968//5281 3961//5281
f 3961//5281 3968//5281 3967//411
f 3963//219 3964//219 3965//219
f 3961//5281 3960//869 3966//869
f 3966//5298 3969//5299 3970//5257
f 3968//5300 3966//5298 3970//5257
f 3970//5257 3920//5256 3968//5300
f 3967//5301 3968//5300 3920//5256
f 3964//5302 3967//5301 3971//5303
f 3964//5302 3971//5303 3969//5299
f 3920//5256 3971//5303 3967//5301
f 3969//5299 3966//5298 3965//5304
f 3969//5299 3965//5304 3964//5302
f 3928//5233 3927//5235 3972//5305
f 3929//5231 3928//5233 3973//5306
f 3930//5229 3929//5231 3974//5307
f 3931//5250 3930//5229 3975//5308
f 3932//5227 3931//5250 3975//5308
f 3919//5248 3981//5309 3977//5310
f 3978//5311 3922//5245 3921//5246
f 3978//5311 3923//5243 3922//5245
f 3923//5243 3978//5311 3979//5312
f 3979//5312 3924//5241 3923//5243
f 3924//5241 3979//5312 3980//5313
f 3980//5313 3925//5239 3924//5241
f 3925//5239 3980//5313 3972//5305
f 3972//5305 3926//5236 3925//5239
f 3981//5309 3935//5254 3918//5255
f 3918//5255 3976//5314 3981//5309
f 3934//5225 3915//5253 3914//5252
f 3934//5225 3976//5314 3915//5253
f 3935//5254 3981//5309 3919//5248
f 3919//5248 3917//5249 3935//5254
f 3976//5314 3956//5315 3959//5316
f 3934//5225 3957//5259 3956//5315
f 3956//5315 3976//5314 3934//5225
f 3932//5227 3958//5317 3933//5258
f 3958//5317 3932//5227 3975//5308
f 3975//5308 3959//5316 3958//5317
f 3944//5318 3943//5319 3972//5305
f 3944//5318 3972//5305 3927//5235
f 3945//5237 3944//5318 3927//5235
f 3945//5237 3926//5236 3946//5273
f 3926//5236 3947//5320 3946//5273
f 3926//5236 3972//5305 3947//5320
f 3972//5305 3943//5319 3947//5320
f 3919//5248 3977//5310 3971//5321
f 3971//5321 3920//5256 3919//5248
f 3977//5310 3978//5311 3971//5321
f 3969//5322 3971//5321 3978//5311
f 3978//5311 3921//5246 3969//5322
f 3970//5257 3969//5322 3921//5246
f 3959//5316 3975//5308 3976//5314
f 3918//5255 3915//5253 3976//5314
f 3974//5307 3975//5308 3930//5229
f 3973//5306 3974//5307 3929//5231
f 3972//5305 3973//5306 3928//5233
f 3977//5310 3981//5309 3978//5311
f 3979//5312 3978//5311 3980//5313
f 3973//5306 3972//5305 3974//5307
f 3976//5314 3975//5308 3978//5311
f 3975//5308 3974//5307 3978//5311
f 3974//5307 3972//5305 3978//5311
f 3972//5305 3980//5313 3978//5311
f 3981//5309 3976//5314 3978//5311
