# Blender 5.1.1
# www.blender.org
mtllib l_shoulder_x_purdue.mtl
o l_shoulder_x_purdue
v -0.001269 0.073748 -0.095157
v -0.012000 0.071744 -0.094922
v -0.001256 0.071490 -0.094620
v -0.001261 0.070773 -0.092663
v -0.012000 0.070788 -0.092563
v -0.001244 0.071991 -0.091034
v -0.012000 0.072107 -0.090977
v -0.012000 0.074173 -0.091075
v -0.001282 0.074036 -0.090997
v -0.001261 0.075234 -0.093096
v -0.012000 0.075202 -0.092949
v -0.012000 0.074292 -0.094833
v -0.012000 0.070168 -0.096162
v -0.012000 0.075364 -0.096518
v -0.012000 0.072683 -0.097140
v -0.012000 0.076902 -0.094384
v -0.012000 0.068887 -0.093664
v -0.012000 0.077056 -0.091890
v -0.012000 0.071348 -0.089089
v -0.012000 0.074949 -0.089212
v -0.012000 0.069173 -0.091294
v -0.000752 0.073371 -0.095696
v -0.000752 0.075291 -0.094456
v -0.000752 0.075591 -0.092190
v -0.000754 0.073775 -0.090347
v -0.000750 0.071543 -0.090735
v -0.000753 0.070248 -0.092643
v -0.000751 0.071182 -0.095035
v -0.019765 0.074401 -0.089027
v -0.017731 0.076171 -0.090321
v -0.015881 0.077111 -0.092264
v -0.016320 0.076929 -0.094377
v -0.018505 0.075646 -0.096257
v -0.020846 0.072954 -0.097190
v -0.022921 0.070009 -0.096006
v -0.023728 0.068880 -0.093674
v -0.023483 0.069223 -0.091083
v -0.021804 0.071574 -0.089059
v -0.018726 0.075553 -0.097380
v -0.015698 0.077173 -0.088730
v -0.015698 0.077173 -0.097271
v -0.017461 0.076314 -0.088681
v -0.019726 0.074433 -0.088445
v -0.009689 0.078929 -0.088710
v -0.018065 0.075465 -0.087952
v -0.031352 0.058401 -0.086905
v -0.030904 0.057630 -0.085648
v -0.026874 0.064526 -0.087090
v -0.024464 0.067023 -0.086521
v -0.009938 0.078111 -0.087902
v -0.009780 0.078901 -0.097307
v -0.009824 0.078452 -0.097940
v -0.017981 0.075517 -0.098042
v -0.025044 0.066238 -0.099569
v -0.027052 0.064280 -0.098981
v -0.031503 0.057773 -0.099832
v -0.000899 0.078725 -0.098141
v -0.000879 0.078678 -0.087838
v -0.000866 0.072489 -0.100446
v -0.000866 0.072492 -0.085554
v -0.031504 0.012227 -0.086168
v -0.035626 0.019467 -0.086147
v -0.038057 0.027262 -0.086121
v -0.038334 0.035021 -0.085686
v -0.039063 0.034978 -0.086925
v -0.038110 0.042594 -0.086133
v -0.035668 0.050372 -0.086120
v -0.035625 0.050533 -0.099853
v -0.038062 0.042726 -0.099880
v -0.038789 0.035168 -0.099910
v -0.038043 0.026184 -0.099076
v -0.035668 0.019628 -0.099880
v -0.037704 0.026989 -0.100089
v -0.031462 0.011928 -0.099519
v -0.030904 0.012369 -0.100352
v -0.021574 -0.001916 -0.087726
v -0.017981 -0.005517 -0.087958
v -0.025034 0.003747 -0.086434
v -0.021433 -0.002106 -0.098218
v -0.024411 0.002899 -0.099467
v -0.018362 -0.005779 -0.088613
v -0.015698 -0.007173 -0.088730
v -0.018065 -0.005465 -0.098048
v -0.018311 -0.005817 -0.097384
v -0.015698 -0.007173 -0.097271
v -0.016857 -0.006663 -0.091026
v -0.019563 -0.004638 -0.089094
v -0.018470 -0.005675 -0.096238
v -0.020844 -0.002957 -0.097190
v -0.015769 -0.007166 -0.093678
v -0.009689 -0.008929 -0.097290
v -0.009780 -0.008901 -0.088693
v -0.009823 -0.008452 -0.088060
v -0.009937 -0.008111 -0.098098
v -0.000887 -0.008721 -0.087858
v -0.000890 -0.008682 -0.098159
v -0.000858 -0.002489 -0.100444
v -0.000858 -0.002492 -0.085556
v -0.012000 -0.001348 -0.089089
v -0.021804 -0.001574 -0.089059
v -0.012000 0.000827 -0.091294
v -0.023483 0.000777 -0.091083
v -0.012000 0.001113 -0.093664
v -0.023728 0.001120 -0.093674
v -0.022922 -0.000009 -0.096006
v -0.012000 -0.000168 -0.096162
v -0.012000 -0.003659 -0.097188
v -0.012000 -0.006657 -0.095142
v -0.012000 -0.007057 -0.091895
v -0.012000 -0.004876 -0.089180
v -0.012000 -0.003797 -0.095145
v -0.012000 -0.001523 -0.094651
v -0.012000 -0.000817 -0.093178
v -0.012000 -0.005183 -0.093289
v -0.012000 -0.004329 -0.091143
v -0.012000 -0.001583 -0.091176
v -0.001261 -0.003911 -0.095048
v -0.001256 -0.005168 -0.093381
v -0.000864 -0.004575 -0.091024
v -0.001264 -0.003517 -0.090783
v -0.001256 -0.001323 -0.091552
v -0.001256 -0.000808 -0.093334
v -0.001256 -0.001832 -0.094881
v -0.000755 -0.002001 -0.095639
v -0.000760 -0.000189 -0.092752
v -0.000752 -0.002208 -0.090345
v -0.000752 -0.005636 -0.092354
v -0.000755 -0.005038 -0.094858
v -0.001035 0.006954 -0.100451
v -0.001039 0.063045 -0.100459
v -0.007248 0.062045 -0.098636
v -0.012930 0.059836 -0.098636
v -0.010161 0.061113 -0.100500
v -0.019950 0.054858 -0.100500
v -0.017999 0.056449 -0.098636
v -0.026473 0.044567 -0.100500
v -0.024313 0.049187 -0.098631
v -0.028036 0.032483 -0.100500
v -0.027336 0.041060 -0.098636
v -0.027920 0.031418 -0.098642
v -0.025377 0.023167 -0.098636
v -0.026109 0.025325 -0.100500
v -0.024020 0.020425 -0.100500
v -0.017999 0.013551 -0.100500
v -0.019973 0.015165 -0.098642
v -0.012930 0.010164 -0.100500
v -0.007248 0.007954 -0.098636
v -0.007248 0.007954 -0.100500
v -0.012930 0.010164 -0.098636
v -0.001082 0.006927 -0.098665
v -0.001082 0.063074 -0.098665
v -0.006413 0.001708 -0.096449
v -0.016539 0.004897 -0.096162
v -0.011711 0.002733 -0.096150
v -0.021314 0.008061 -0.096154
v -0.025713 0.012223 -0.096158
v -0.031458 0.021296 -0.096187
v -0.029034 0.016622 -0.096120
v -0.033279 0.026488 -0.096154
v -0.034220 0.031918 -0.096123
v -0.034227 0.037914 -0.096160
v -0.033309 0.043408 -0.096151
v -0.031518 0.048565 -0.096188
v -0.029087 0.053288 -0.096123
v -0.025784 0.057691 -0.096161
v -0.021401 0.061874 -0.096151
v -0.016638 0.065052 -0.096159
v -0.011846 0.067217 -0.096150
v -0.006406 0.068264 -0.096463
v -0.001229 0.069028 -0.096350
v -0.000755 0.000283 -0.096417
v -0.001235 0.000739 -0.096175
v -0.001227 0.069462 -0.095472
v -0.006500 0.068844 -0.095674
v -0.006465 0.001150 -0.095673
v -0.001240 0.000710 -0.089887
v -0.000756 0.069720 -0.096417
v -0.016527 0.065108 -0.089835
v -0.006465 0.068850 -0.090326
v -0.011699 0.067271 -0.089850
v -0.021197 0.062026 -0.089838
v -0.025717 0.057768 -0.089833
v -0.029080 0.053277 -0.089831
v -0.033237 0.043659 -0.089839
v -0.031494 0.048654 -0.089850
v -0.034197 0.038177 -0.089830
v -0.034210 0.031935 -0.089832
v -0.033269 0.026448 -0.089841
v -0.029137 0.016821 -0.089828
v -0.031551 0.021478 -0.089850
v -0.025788 0.012318 -0.089830
v -0.021286 0.008040 -0.089841
v -0.016627 0.004943 -0.089838
v -0.006500 0.001156 -0.090326
v -0.011834 0.002778 -0.089850
v -0.001247 0.069270 -0.089862
v -0.000756 0.000280 -0.089583
v -0.001039 0.006957 -0.085541
v -0.001021 0.006886 -0.087311
v -0.006446 0.068279 -0.089545
v -0.006436 0.001748 -0.089531
v -0.007248 0.062045 -0.085500
v -0.016004 0.058156 -0.085500
v -0.011745 0.060417 -0.087372
v -0.016713 0.057465 -0.087363
v -0.024232 0.049152 -0.085497
v -0.021170 0.053340 -0.087377
v -0.024335 0.048850 -0.087374
v -0.027336 0.041060 -0.085500
v -0.027451 0.040884 -0.087370
v -0.027995 0.031985 -0.085499
v -0.027658 0.029862 -0.087360
v -0.024544 0.021503 -0.087383
v -0.026109 0.025325 -0.085500
v -0.021170 0.016660 -0.087377
v -0.025215 0.022804 -0.085500
v -0.020512 0.015734 -0.085502
v -0.016713 0.012535 -0.087363
v -0.010697 0.008967 -0.085499
v -0.011745 0.009583 -0.087372
v -0.006261 0.007709 -0.087368
v -0.006261 0.062291 -0.087368
v -0.001035 0.063044 -0.085550
v -0.001021 0.063113 -0.087311
v -0.000755 0.069717 -0.089583
v -0.025785 0.004001 -0.096962
v -0.026965 0.005652 -0.087089
v -0.031970 0.012776 -0.086952
v -0.032102 0.012987 -0.099048
v -0.026802 0.005424 -0.098845
v -0.025844 0.004083 -0.088719
v -0.024331 0.005908 -0.089366
v -0.024876 0.006518 -0.098102
v -0.024444 0.005692 -0.096651
v -0.024847 0.006486 -0.087937
v -0.026073 0.007316 -0.087084
v -0.024321 0.006831 -0.089505
v -0.024887 0.007587 -0.088484
v -0.025617 0.007770 -0.087533
v -0.036363 0.020852 -0.087028
v -0.034718 0.021775 -0.088186
v -0.032165 0.016627 -0.088025
v -0.029313 0.012349 -0.088020
v -0.034843 0.021532 -0.087610
v -0.035504 0.021253 -0.087100
v -0.031384 0.014043 -0.087242
v -0.036686 0.021769 -0.087876
v -0.025917 0.007393 -0.098858
v -0.025073 0.007721 -0.097772
v -0.024235 0.006377 -0.096542
v -0.024495 0.007224 -0.096286
v -0.029255 0.012284 -0.097967
v -0.032108 0.016535 -0.097970
v -0.035785 0.022058 -0.087995
v -0.035349 0.020993 -0.098937
v -0.036692 0.021784 -0.098099
v -0.031277 0.013883 -0.098758
v -0.035772 0.022060 -0.097996
v -0.035315 0.021456 -0.098764
v -0.036368 0.020824 -0.098977
v -0.034708 0.021723 -0.097978
v -0.025785 0.065999 -0.089038
v -0.031970 0.057224 -0.099048
v -0.025844 0.065917 -0.097282
v -0.024331 0.064092 -0.096634
v -0.024876 0.063482 -0.087898
v -0.024444 0.064308 -0.089349
v -0.024847 0.063514 -0.098063
v -0.026073 0.062684 -0.098916
v -0.024321 0.063169 -0.096496
v -0.024887 0.062412 -0.097516
v -0.025618 0.062229 -0.098467
v -0.036363 0.049148 -0.098972
v -0.034724 0.048223 -0.097821
v -0.032143 0.053403 -0.097966
v -0.029313 0.057651 -0.097980
v -0.034843 0.048468 -0.098390
v -0.035504 0.048747 -0.098900
v -0.031385 0.055957 -0.098758
v -0.036686 0.048231 -0.098124
v -0.025917 0.062607 -0.087142
v -0.025073 0.062279 -0.088228
v -0.024235 0.063623 -0.089458
v -0.024495 0.062776 -0.089714
v -0.032130 0.053436 -0.088021
v -0.029255 0.057716 -0.088033
v -0.035785 0.047942 -0.098005
v -0.035349 0.049007 -0.087063
v -0.036692 0.048216 -0.087901
v -0.035772 0.047940 -0.088004
v -0.031277 0.056117 -0.087242
v -0.035315 0.048544 -0.087236
v -0.036368 0.049176 -0.087023
v -0.034702 0.048278 -0.088028
v -0.038939 0.034887 -0.099048
v -0.037948 0.044081 -0.098995
v -0.037932 0.044116 -0.087011
v -0.037650 0.045182 -0.098243
v -0.037655 0.045162 -0.087732
v -0.037948 0.025919 -0.087005
v -0.037650 0.024818 -0.087757
v -0.037655 0.024838 -0.098268
v -0.036991 0.043985 -0.087078
v -0.036991 0.026015 -0.098922
v -0.036684 0.025154 -0.087831
v -0.037126 0.025944 -0.087063
v -0.036527 0.026179 -0.087311
v -0.036036 0.025939 -0.088118
v -0.036079 0.043934 -0.087866
v -0.036621 0.044825 -0.087854
v -0.037068 0.037939 -0.087578
v -0.037086 0.032307 -0.087578
v -0.037068 0.032061 -0.098422
v -0.037086 0.037693 -0.098422
v -0.036079 0.026066 -0.098134
v -0.036621 0.025175 -0.098146
v -0.036684 0.044846 -0.098169
v -0.037126 0.044056 -0.098937
v -0.036527 0.043821 -0.098689
v -0.036036 0.044061 -0.097882
v -0.002391 0.072595 -0.100452
v -0.002393 -0.002592 -0.100453
v -0.002356 -0.006925 -0.098862
v -0.003405 -0.008031 -0.098439
v -0.011216 -0.006844 -0.098378
v -0.016835 -0.003732 -0.098652
v -0.021073 -0.000949 -0.098974
v -0.023261 0.002195 -0.099510
v -0.022277 0.004329 -0.100402
v -0.035830 0.024061 -0.100500
v -0.037694 0.035000 -0.100500
v -0.034588 0.049983 -0.100500
v -0.022169 0.065593 -0.100472
v -0.023307 0.067585 -0.099557
v -0.021133 0.070907 -0.098976
v -0.015792 0.074488 -0.098631
v -0.011225 0.076843 -0.098382
v -0.010013 0.077966 -0.098089
v -0.003194 0.077959 -0.098468
v -0.002291 0.076582 -0.098990
v -0.021884 0.066033 -0.099874
v -0.020666 0.065235 -0.100499
v -0.020588 0.065798 -0.100009
v -0.003274 0.071457 -0.100499
v -0.003764 0.071833 -0.100002
v -0.002858 0.072575 -0.099986
v -0.022569 0.067817 -0.098977
v -0.022519 0.066926 -0.099343
v -0.020852 0.070225 -0.098667
v -0.021871 0.068472 -0.096633
v -0.021310 0.068104 -0.095921
v -0.022457 0.067989 -0.096849
v -0.002833 0.076581 -0.098390
v -0.020383 0.069873 -0.097723
v -0.018047 0.072650 -0.098689
v -0.011382 0.076074 -0.098263
v -0.022503 0.067180 -0.096829
v -0.003563 0.077386 -0.097977
v -0.002840 0.072704 -0.097775
v -0.009657 0.077370 -0.097628
v -0.003652 0.077394 -0.096812
v -0.002798 0.076423 -0.096854
v -0.002995 0.075758 -0.096346
v -0.003106 0.076618 -0.096350
v -0.003774 0.075717 -0.095712
v -0.003727 0.076837 -0.095953
v -0.010628 0.076516 -0.098069
v -0.010606 0.076099 -0.097329
v -0.010909 0.075836 -0.097837
v -0.009280 0.077404 -0.096713
v -0.009452 0.076698 -0.095880
v -0.009547 0.075616 -0.095751
v -0.010387 0.076016 -0.096506
v -0.010034 0.077073 -0.096841
v -0.003688 0.074203 -0.096521
v -0.009483 0.073936 -0.096621
v -0.002966 0.074428 -0.097119
v -0.004090 0.072665 -0.096740
v -0.003365 0.072641 -0.097029
v -0.003652 0.071934 -0.097576
v -0.009271 0.071809 -0.096684
v -0.008892 0.070978 -0.097642
v -0.010356 0.073766 -0.097503
v -0.011359 0.075358 -0.098121
v -0.015171 0.068734 -0.100010
v -0.012305 0.069487 -0.100496
v -0.009195 0.070863 -0.099993
v -0.015080 0.068869 -0.099118
v -0.018705 0.067037 -0.097625
v -0.020381 0.068190 -0.096136
v -0.021303 0.067291 -0.095723
v -0.021295 0.066408 -0.095963
v -0.020525 0.067244 -0.095727
v -0.021872 0.067116 -0.095933
v -0.020262 0.066647 -0.095995
v -0.022152 0.066332 -0.096790
v -0.021110 0.065779 -0.096801
v -0.020229 0.066062 -0.096623
v -0.011667 0.071603 -0.098478
v -0.011306 0.073611 -0.098528
v -0.011018 0.071719 -0.098313
v -0.009326 0.070923 -0.099473
v -0.010934 0.070958 -0.098775
v -0.015268 0.069445 -0.098296
v -0.017647 0.069569 -0.097547
v -0.018940 0.067902 -0.096819
v -0.010251 0.071267 -0.098359
v -0.010471 0.071992 -0.097785
v -0.009520 0.071049 -0.097654
v -0.009867 0.072026 -0.096896
v -0.002770 -0.002983 -0.099799
v -0.003221 -0.001475 -0.100499
v -0.003331 -0.001982 -0.099997
v -0.020612 0.004745 -0.100499
v -0.021972 0.003909 -0.099861
v -0.020596 0.004204 -0.100005
v -0.022500 0.003163 -0.099387
v -0.002831 -0.006578 -0.098397
v -0.003597 -0.007397 -0.097966
v -0.002805 -0.004488 -0.097426
v -0.009699 -0.007354 -0.097624
v -0.003057 -0.006961 -0.096911
v -0.003910 -0.007410 -0.096593
v -0.003580 -0.006597 -0.095883
v -0.003755 -0.005622 -0.095755
v -0.002820 -0.006032 -0.096541
v -0.009526 -0.007390 -0.096918
v -0.009184 -0.005567 -0.095731
v -0.009263 -0.007236 -0.096368
v -0.010471 -0.006639 -0.097965
v -0.011168 -0.006260 -0.098284
v -0.002852 -0.002690 -0.097741
v -0.003360 -0.002650 -0.097028
v -0.004050 -0.002852 -0.096702
v -0.003645 -0.004228 -0.096521
v -0.022563 0.002176 -0.098976
v -0.009496 -0.006623 -0.095859
v -0.010209 -0.006820 -0.096815
v -0.010406 -0.006093 -0.096598
v -0.009927 -0.005670 -0.095977
v -0.009472 -0.003939 -0.096620
v -0.003811 -0.002169 -0.097160
v -0.003659 -0.001890 -0.097812
v -0.009137 -0.000971 -0.097545
v -0.020749 -0.000338 -0.098651
v -0.018339 -0.002323 -0.098641
v -0.022548 0.002821 -0.097026
v -0.021803 0.001566 -0.096495
v -0.022462 0.001987 -0.096955
v -0.011441 -0.005375 -0.098131
v -0.009344 -0.001995 -0.096659
v -0.010035 -0.001836 -0.097087
v -0.010520 -0.003500 -0.097874
v -0.010240 -0.004121 -0.097163
v -0.010743 -0.005685 -0.097630
v -0.020347 0.000130 -0.097714
v -0.009012 -0.000911 -0.099993
v -0.012310 0.000516 -0.100496
v -0.015171 0.001266 -0.100010
v -0.020986 0.002722 -0.095685
v -0.020337 0.002614 -0.095840
v -0.021202 0.003457 -0.095838
v -0.021190 0.001875 -0.095937
v -0.020533 0.002174 -0.095856
v -0.020129 0.003371 -0.096108
v -0.021932 0.002552 -0.096004
v -0.022222 0.003063 -0.096339
v -0.020311 0.003986 -0.096715
v -0.021268 0.004216 -0.096766
v -0.022172 0.003635 -0.096857
v -0.011306 -0.003654 -0.098523
v -0.015674 -0.000309 -0.098024
v -0.019429 0.001048 -0.096933
v -0.009312 -0.000934 -0.099376
v -0.011973 -0.000119 -0.099371
v -0.011342 -0.000885 -0.098778
v -0.016323 0.000901 -0.097919
v -0.016227 0.001667 -0.098697
v -0.018801 0.002296 -0.096922
v -0.010436 -0.002088 -0.097731
v -0.010199 -0.001452 -0.097884
v -0.010461 -0.001276 -0.098416
v -0.011255 -0.001700 -0.098441
v -0.002393 0.072590 -0.085547
v -0.002355 0.076925 -0.087137
v -0.003405 0.078031 -0.087561
v -0.011216 0.076844 -0.087622
v -0.016835 0.073732 -0.087348
v -0.021073 0.070949 -0.087026
v -0.023264 0.067791 -0.086487
v -0.022273 0.065671 -0.085597
v -0.036909 0.042651 -0.085500
v -0.035830 0.024061 -0.085500
v -0.030904 0.013472 -0.085499
v -0.021996 0.004481 -0.085519
v -0.002391 -0.002593 -0.085548
v -0.002291 -0.006581 -0.087010
v -0.010013 -0.007966 -0.087911
v -0.003194 -0.007959 -0.087532
v -0.015792 -0.004488 -0.087369
v -0.021133 -0.000907 -0.087024
v -0.011225 -0.006843 -0.087618
v -0.023307 0.002415 -0.086443
v -0.002770 0.072983 -0.086201
v -0.003221 0.071475 -0.085501
v -0.003331 0.071982 -0.086003
v -0.020612 0.065255 -0.085501
v -0.020858 0.065703 -0.086004
v -0.022233 0.066329 -0.086356
v -0.002866 0.076691 -0.087665
v -0.003766 0.077442 -0.088062
v -0.002779 0.076102 -0.089160
v -0.009699 0.077354 -0.088376
v -0.003624 0.077373 -0.089260
v -0.003775 0.076791 -0.090102
v -0.003755 0.075622 -0.090245
v -0.002942 0.076672 -0.089318
v -0.003076 0.075840 -0.089784
v -0.009526 0.077391 -0.089067
v -0.009184 0.075567 -0.090269
v -0.009244 0.077227 -0.089647
v -0.011168 0.076260 -0.087716
v -0.010469 0.076641 -0.088036
v -0.002870 0.072694 -0.088368
v -0.003749 0.072765 -0.089244
v -0.003645 0.074227 -0.089479
v -0.003675 0.071880 -0.088153
v -0.022582 0.067783 -0.087012
v -0.022464 0.067970 -0.089142
v -0.009496 0.076623 -0.090141
v -0.010209 0.076820 -0.089185
v -0.010406 0.076093 -0.089402
v -0.009927 0.075669 -0.090023
v -0.009472 0.073939 -0.089380
v -0.003736 0.072134 -0.088779
v -0.020755 0.070331 -0.087350
v -0.018339 0.072323 -0.087359
v -0.022491 0.066894 -0.088979
v -0.022130 0.067272 -0.089814
v -0.021702 0.067768 -0.090059
v -0.021775 0.068470 -0.089479
v -0.011441 0.075374 -0.087869
v -0.009349 0.071843 -0.089318
v -0.010072 0.072181 -0.088937
v -0.010521 0.073498 -0.088124
v -0.010240 0.074121 -0.088837
v -0.010743 0.075685 -0.088371
v -0.020347 0.069870 -0.088287
v -0.020694 0.065866 -0.089427
v -0.021771 0.066003 -0.089293
v -0.020228 0.066041 -0.089161
v -0.013779 0.069246 -0.085628
v -0.009000 0.070914 -0.086012
v -0.020224 0.066618 -0.089980
v -0.020284 0.067488 -0.090114
v -0.020893 0.068131 -0.090076
v -0.021452 0.066581 -0.090123
v -0.020978 0.067314 -0.090313
v -0.011307 0.073654 -0.087477
v -0.015677 0.070308 -0.087977
v -0.019429 0.068952 -0.089067
v -0.009311 0.070934 -0.086624
v -0.011974 0.070119 -0.086629
v -0.011342 0.070885 -0.087222
v -0.016323 0.069099 -0.088081
v -0.016227 0.068333 -0.087303
v -0.018801 0.067704 -0.089078
v -0.010435 0.071948 -0.088247
v -0.009762 0.071252 -0.088440
v -0.009118 0.070947 -0.088319
v -0.010489 0.071266 -0.087564
v -0.011255 0.071700 -0.087559
v -0.021866 0.003978 -0.086118
v -0.020485 0.004697 -0.085500
v -0.020588 0.004202 -0.085991
v -0.003274 -0.001457 -0.085501
v -0.003764 -0.001833 -0.085998
v -0.002858 -0.002574 -0.086014
v -0.022594 0.002867 -0.086760
v -0.022443 0.001927 -0.087090
v -0.020845 -0.000233 -0.087332
v -0.022469 0.001978 -0.089022
v -0.021342 0.001875 -0.090049
v -0.022218 0.002693 -0.089680
v -0.022536 0.002867 -0.088992
v -0.022046 0.001792 -0.089578
v -0.002833 -0.006581 -0.087610
v -0.020382 0.000127 -0.088277
v -0.018047 -0.002650 -0.087311
v -0.011382 -0.006074 -0.087737
v -0.021259 0.004222 -0.089191
v -0.020228 0.003908 -0.089461
v -0.003563 -0.007386 -0.088023
v -0.002840 -0.002704 -0.088225
v -0.002755 -0.005995 -0.089027
v -0.009658 -0.007370 -0.088372
v -0.003671 -0.007371 -0.089383
v -0.002889 -0.006569 -0.089302
v -0.002995 -0.005758 -0.089654
v -0.003588 -0.006626 -0.090109
v -0.003747 -0.005624 -0.090242
v -0.010628 -0.006516 -0.087931
v -0.010606 -0.006161 -0.088676
v -0.010909 -0.005836 -0.088163
v -0.009235 -0.007412 -0.089280
v -0.009505 -0.006664 -0.090128
v -0.009519 -0.005586 -0.090243
v -0.010387 -0.006016 -0.089494
v -0.009966 -0.007106 -0.089205
v -0.003688 -0.004203 -0.089479
v -0.009483 -0.003937 -0.089379
v -0.003367 -0.002640 -0.088973
v -0.003958 -0.002664 -0.089247
v -0.003679 -0.001916 -0.088387
v -0.009587 -0.002272 -0.089306
v -0.009163 -0.001570 -0.089143
v -0.009247 -0.000946 -0.088330
v -0.010356 -0.003766 -0.088496
v -0.011359 -0.005358 -0.087879
v -0.013785 0.000757 -0.085628
v -0.009174 -0.000868 -0.086011
v -0.015080 0.001131 -0.086883
v -0.018708 0.002965 -0.088378
v -0.020501 0.002404 -0.090232
v -0.020447 0.003466 -0.090098
v -0.022100 0.003665 -0.089424
v -0.021572 0.002996 -0.090189
v -0.021008 0.002956 -0.090300
v -0.011667 -0.001603 -0.087522
v -0.011306 -0.003611 -0.087472
v -0.011018 -0.001719 -0.087687
v -0.009326 -0.000923 -0.086527
v -0.010672 -0.001069 -0.087260
v -0.015268 0.000555 -0.087704
v -0.016741 0.000080 -0.088238
v -0.018940 0.002098 -0.089181
v -0.019459 0.001180 -0.089167
v -0.009935 -0.001546 -0.088725
v -0.010448 -0.001997 -0.088258
v -0.010134 -0.001269 -0.087827
v -0.002065 0.068216 -0.100498
v -0.002716 0.064207 -0.100492
v -0.003490 0.069902 -0.100498
v -0.011831 0.068105 -0.100500
v -0.010087 0.062510 -0.100401
v -0.002065 0.001784 -0.100498
v -0.002714 0.005791 -0.100492
v -0.003492 0.000097 -0.100498
v -0.009327 0.007216 -0.100406
v -0.011831 0.001895 -0.100500
v -0.016662 0.010839 -0.100492
v -0.019644 0.008067 -0.100499
v -0.020932 0.009055 -0.100499
v -0.019026 0.012651 -0.100491
v -0.019592 0.005901 -0.100498
v -0.023037 0.008545 -0.100498
v -0.027508 0.024764 -0.100491
v -0.031539 0.024204 -0.100498
v -0.028821 0.014819 -0.100500
v -0.024808 0.019559 -0.100434
v -0.032738 0.022402 -0.100497
v -0.019514 0.061750 -0.100500
v -0.020932 0.060945 -0.100499
v -0.019026 0.057348 -0.100492
v -0.031539 0.045795 -0.100499
v -0.032027 0.044247 -0.100499
v -0.028401 0.042394 -0.100493
v -0.027509 0.045235 -0.100491
v -0.016664 0.059162 -0.100492
v -0.019745 0.063912 -0.100496
v -0.023035 0.061454 -0.100497
v -0.032028 0.025753 -0.100498
v -0.034043 0.043458 -0.100498
v -0.025062 0.050109 -0.100423
v -0.028821 0.055181 -0.100500
v -0.032738 0.047600 -0.100497
v -0.028405 0.027606 -0.100491
v -0.035184 0.035000 -0.100500
v -0.034044 0.026543 -0.100497
v -0.029227 0.033049 -0.100394
v -0.003145 0.005201 -0.099949
v -0.002733 0.002058 -0.099765
v -0.003667 0.000842 -0.099752
v -0.003742 0.005158 -0.099464
v -0.010282 0.006722 -0.099474
v -0.016891 0.009942 -0.099883
v -0.016078 0.010034 -0.100011
v -0.009355 0.001813 -0.099606
v -0.014222 0.003718 -0.099266
v -0.003873 0.001930 -0.098464
v -0.004175 0.001101 -0.098870
v -0.003710 0.002521 -0.098497
v -0.003079 0.002332 -0.098927
v -0.003201 0.001434 -0.099130
v -0.011791 0.004009 -0.098372
v -0.016246 0.009663 -0.099447
v -0.018163 0.007091 -0.098469
v -0.018320 0.006483 -0.098688
v -0.009065 0.002427 -0.098605
v -0.018474 0.008013 -0.098997
v -0.018826 0.006156 -0.099649
v -0.019179 0.007352 -0.099738
v -0.017774 0.007562 -0.098469
v -0.018866 0.007274 -0.099023
v -0.019708 0.012445 -0.099981
v -0.021734 0.009293 -0.099766
v -0.023283 0.009527 -0.099681
v -0.020179 0.012660 -0.099473
v -0.023287 0.016113 -0.099522
v -0.025782 0.019589 -0.099444
v -0.027594 0.023913 -0.100012
v -0.026699 0.013143 -0.099687
v -0.022591 0.010135 -0.098491
v -0.021619 0.010233 -0.098682
v -0.021890 0.010803 -0.098481
v -0.022378 0.009399 -0.099165
v -0.021471 0.009741 -0.099156
v -0.027323 0.016469 -0.098382
v -0.030358 0.022827 -0.098489
v -0.027841 0.023565 -0.099448
v -0.028159 0.024129 -0.099849
v -0.030861 0.022569 -0.098460
v -0.026187 0.013613 -0.098605
v -0.029363 0.017402 -0.098996
v -0.031987 0.022566 -0.099769
v -0.031166 0.023601 -0.099778
v -0.031340 0.022184 -0.098663
v -0.031124 0.023398 -0.099035
v -0.031861 0.022156 -0.099318
v -0.029081 0.027828 -0.099980
v -0.031840 0.026516 -0.099765
v -0.033299 0.026821 -0.099737
v -0.029346 0.028272 -0.099472
v -0.029909 0.037124 -0.099521
v -0.029969 0.032750 -0.099436
v -0.029306 0.042286 -0.099876
v -0.028963 0.041746 -0.100012
v -0.034407 0.032410 -0.099687
v -0.031956 0.027657 -0.098442
v -0.032650 0.027514 -0.098510
v -0.033383 0.027399 -0.099016
v -0.031870 0.026948 -0.098824
v -0.032612 0.026711 -0.099099
v -0.033011 0.035492 -0.098382
v -0.029366 0.041605 -0.099447
v -0.032810 0.042443 -0.098511
v -0.033719 0.032501 -0.098605
v -0.034147 0.037426 -0.098996
v -0.033578 0.042798 -0.099719
v -0.032264 0.043565 -0.099775
v -0.031840 0.042603 -0.098522
v -0.032061 0.043368 -0.099152
v -0.033031 0.043116 -0.099174
v -0.027936 0.045805 -0.099980
v -0.031454 0.046544 -0.099776
v -0.031959 0.047916 -0.099652
v -0.027895 0.046322 -0.099473
v -0.023287 0.053887 -0.099522
v -0.025833 0.050356 -0.099437
v -0.019832 0.057801 -0.099883
v -0.019954 0.056992 -0.100011
v -0.029578 0.052738 -0.099627
v -0.026719 0.056836 -0.099782
v -0.031166 0.047672 -0.098520
v -0.030485 0.047055 -0.098508
v -0.031258 0.046578 -0.099198
v -0.026759 0.054337 -0.098382
v -0.020267 0.057249 -0.099448
v -0.022491 0.059643 -0.098445
v -0.029054 0.052293 -0.098605
v -0.026458 0.056495 -0.098825
v -0.022561 0.060818 -0.099752
v -0.021250 0.060226 -0.099580
v -0.021898 0.059219 -0.098476
v -0.021618 0.059780 -0.098686
v -0.022131 0.060495 -0.099029
v -0.022916 0.060442 -0.099040
v -0.016686 0.059874 -0.099981
v -0.019000 0.062249 -0.099771
v -0.019102 0.063482 -0.099753
v -0.016356 0.060275 -0.099473
v -0.003738 0.064849 -0.099462
v -0.010211 0.063300 -0.099478
v -0.003147 0.064785 -0.099953
v -0.014043 0.066502 -0.099649
v -0.018173 0.062942 -0.098466
v -0.018625 0.063716 -0.099015
v -0.017898 0.062428 -0.098473
v -0.018827 0.062353 -0.099020
v -0.010975 0.066197 -0.098388
v -0.002740 0.067915 -0.099695
v -0.003851 0.068074 -0.098462
v -0.013823 0.065856 -0.098605
v -0.009294 0.067940 -0.098983
v -0.003700 0.067494 -0.098496
v -0.004237 0.069246 -0.099774
v -0.003274 0.068921 -0.099768
v -0.004040 0.068699 -0.098707
v -0.003078 0.067666 -0.098926
v -0.003346 0.068591 -0.099023
v -0.021266 0.008733 -0.085506
v -0.019644 0.008067 -0.085501
v -0.016664 0.010839 -0.085508
v -0.019026 0.012652 -0.085508
v -0.019591 0.005899 -0.085502
v -0.003490 0.000098 -0.085502
v -0.023487 0.008806 -0.085500
v -0.011829 0.008232 -0.085577
v -0.011942 0.001905 -0.085500
v -0.002065 0.001784 -0.085502
v -0.002716 0.005793 -0.085508
v -0.024075 0.018277 -0.085613
v -0.031539 0.024204 -0.085502
v -0.028821 0.014819 -0.085500
v -0.032738 0.022400 -0.085503
v -0.027509 0.024765 -0.085509
v -0.027506 0.045234 -0.085507
v -0.031328 0.045719 -0.085500
v -0.032027 0.044247 -0.085501
v -0.028403 0.042395 -0.085508
v -0.028404 0.027607 -0.085509
v -0.032028 0.025753 -0.085502
v -0.034045 0.043457 -0.085503
v -0.028821 0.055181 -0.085500
v -0.032755 0.047356 -0.085506
v -0.035184 0.035000 -0.085500
v -0.034043 0.026542 -0.085503
v -0.029227 0.036951 -0.085606
v -0.023489 0.061194 -0.085500
v -0.019643 0.061933 -0.085501
v -0.016662 0.059163 -0.085509
v -0.011942 0.068095 -0.085500
v -0.021265 0.061269 -0.085504
v -0.003492 0.069903 -0.085502
v -0.019591 0.064099 -0.085503
v -0.002065 0.068216 -0.085502
v -0.011431 0.061893 -0.085566
v -0.019028 0.057350 -0.085510
v -0.023618 0.052373 -0.085606
v -0.002714 0.064209 -0.085508
v -0.016686 0.010126 -0.086019
v -0.019192 0.007347 -0.086250
v -0.018675 0.006019 -0.086214
v -0.017718 0.007583 -0.087523
v -0.018402 0.007619 -0.087334
v -0.018831 0.007771 -0.086794
v -0.008260 0.006146 -0.086515
v -0.016356 0.009725 -0.086527
v -0.012230 0.007547 -0.086566
v -0.003147 0.005215 -0.086047
v -0.013998 0.003480 -0.086374
v -0.009243 0.001754 -0.086218
v -0.018775 0.006418 -0.086946
v -0.018030 0.006796 -0.087541
v -0.002827 0.001641 -0.086241
v -0.003740 0.005153 -0.086538
v -0.003705 0.002513 -0.087504
v -0.003647 0.001168 -0.087070
v -0.003963 0.001771 -0.087525
v -0.009223 0.002182 -0.087175
v -0.013823 0.004144 -0.087395
v -0.010974 0.003803 -0.087612
v -0.003980 0.000755 -0.086227
v -0.002956 0.002231 -0.086942
v -0.027936 0.024195 -0.086020
v -0.031494 0.023429 -0.086228
v -0.031954 0.022002 -0.086303
v -0.030489 0.022719 -0.087570
v -0.027895 0.023678 -0.086527
v -0.024656 0.017693 -0.086567
v -0.019832 0.012199 -0.086117
v -0.019954 0.013008 -0.085989
v -0.029578 0.017263 -0.086373
v -0.026719 0.013165 -0.086218
v -0.030990 0.023446 -0.086946
v -0.031484 0.022460 -0.087250
v -0.020267 0.012751 -0.086552
v -0.021898 0.010781 -0.087524
v -0.022635 0.009421 -0.086915
v -0.022541 0.010224 -0.087527
v -0.026458 0.013505 -0.087176
v -0.029054 0.017707 -0.087395
v -0.026759 0.015663 -0.087618
v -0.023181 0.009449 -0.086225
v -0.021734 0.009293 -0.086234
v -0.021381 0.009775 -0.086726
v -0.021659 0.010106 -0.087303
v -0.029081 0.042172 -0.086020
v -0.031840 0.043484 -0.086235
v -0.033299 0.043179 -0.086263
v -0.031870 0.043052 -0.087176
v -0.029929 0.032784 -0.086510
v -0.029346 0.041728 -0.086527
v -0.029960 0.037219 -0.086552
v -0.029306 0.027714 -0.086124
v -0.028963 0.028254 -0.085988
v -0.034403 0.037436 -0.086373
v -0.034412 0.032439 -0.086218
v -0.031956 0.042343 -0.087558
v -0.032612 0.043289 -0.086901
v -0.033383 0.042601 -0.086984
v -0.032650 0.042486 -0.087490
v -0.029366 0.028396 -0.086553
v -0.032810 0.027557 -0.087489
v -0.034002 0.032568 -0.087175
v -0.033719 0.037499 -0.087395
v -0.033011 0.034508 -0.087618
v -0.033578 0.027202 -0.086281
v -0.032264 0.026435 -0.086225
v -0.033031 0.026884 -0.086826
v -0.032061 0.026632 -0.086848
v -0.031840 0.027397 -0.087478
v -0.019708 0.057555 -0.086019
v -0.021752 0.060687 -0.086260
v -0.023171 0.060531 -0.086219
v -0.021890 0.059197 -0.087519
v -0.021565 0.060335 -0.086905
v -0.020179 0.057339 -0.086527
v -0.024697 0.052248 -0.086567
v -0.028159 0.045871 -0.086151
v -0.027595 0.046087 -0.085988
v -0.026699 0.056856 -0.086314
v -0.029363 0.052598 -0.087004
v -0.022933 0.060513 -0.086795
v -0.021644 0.059806 -0.087323
v -0.022619 0.059840 -0.087514
v -0.027840 0.046435 -0.086552
v -0.031861 0.047844 -0.086682
v -0.031340 0.047816 -0.087337
v -0.026187 0.056387 -0.087395
v -0.027323 0.053531 -0.087618
v -0.031987 0.047434 -0.086231
v -0.031166 0.046399 -0.086222
v -0.031124 0.046602 -0.086965
v -0.030861 0.047431 -0.087540
v -0.030358 0.047173 -0.087511
v -0.003133 0.064760 -0.086000
v -0.002733 0.067949 -0.086237
v -0.003485 0.069116 -0.086249
v -0.008265 0.063855 -0.086517
v -0.003624 0.064886 -0.086527
v -0.012151 0.062471 -0.086557
v -0.016891 0.060058 -0.086117
v -0.016078 0.059966 -0.085989
v -0.009213 0.068251 -0.086313
v -0.013902 0.066283 -0.087005
v -0.003928 0.069057 -0.086835
v -0.003058 0.067945 -0.087103
v -0.003730 0.067704 -0.087562
v -0.003994 0.068453 -0.087407
v -0.016247 0.060336 -0.086553
v -0.017880 0.062379 -0.087508
v -0.018686 0.063699 -0.086891
v -0.018094 0.063141 -0.087537
v -0.009065 0.067573 -0.087395
v -0.011478 0.066015 -0.087612
v -0.018606 0.064061 -0.086226
v -0.019190 0.062649 -0.086250
v -0.018756 0.062181 -0.086877
v -0.018749 0.062858 -0.087149
v 0.000755 -0.002020 -0.090411
v 0.001254 -0.001938 -0.091117
v 0.000759 -0.000242 -0.093243
v 0.001240 -0.000850 -0.092635
v 0.001270 -0.001659 -0.094789
v 0.000750 -0.001695 -0.095297
v 0.000755 -0.003942 -0.095540
v 0.001264 -0.003676 -0.095006
v 0.001263 -0.004895 -0.094000
v 0.000752 -0.005586 -0.093634
v 0.001260 -0.005048 -0.092476
v 0.000755 -0.005000 -0.091177
v 0.001263 -0.003978 -0.091048
v 0.020359 -0.003617 -0.095091
v 0.021751 -0.001648 -0.094685
v 0.022340 -0.000823 -0.093118
v 0.021663 -0.001771 -0.091122
v 0.020030 -0.004043 -0.091114
v 0.018913 -0.005219 -0.093124
v 0.016835 -0.006686 -0.097277
v 0.017102 -0.006545 -0.088690
v 0.019755 -0.004379 -0.088418
v 0.019479 -0.004694 -0.097538
v 0.009689 -0.008929 -0.088710
v 0.018053 -0.005483 -0.087963
v 0.024416 0.002906 -0.086532
v 0.031919 0.012502 -0.086924
v 0.030903 0.012368 -0.085648
v 0.027420 0.006232 -0.086951
v 0.009954 -0.008197 -0.087917
v 0.009780 -0.008901 -0.097307
v 0.009847 -0.008215 -0.098088
v 0.017968 -0.005536 -0.098031
v 0.031564 0.011920 -0.099086
v 0.030256 0.011045 -0.100142
v 0.023201 0.001687 -0.099423
v 0.026890 0.005492 -0.098929
v 0.000887 -0.008721 -0.098142
v 0.000890 -0.008682 -0.087840
v 0.000847 -0.002457 -0.085544
v 0.000855 -0.002455 -0.100457
v 0.031504 0.057773 -0.086168
v 0.034970 0.050581 -0.085666
v 0.036319 0.049374 -0.086945
v 0.038062 0.042726 -0.086120
v 0.038789 0.035168 -0.086090
v 0.038043 0.026184 -0.086924
v 0.035668 0.019628 -0.086120
v 0.037704 0.026989 -0.085911
v 0.035626 0.019467 -0.099853
v 0.038057 0.027262 -0.099880
v 0.038789 0.034832 -0.099910
v 0.038110 0.042594 -0.099867
v 0.035668 0.050372 -0.099880
v 0.031919 0.057498 -0.099076
v 0.030825 0.057859 -0.100301
v 0.019647 0.074496 -0.088447
v 0.017968 0.075536 -0.087969
v 0.025296 0.065888 -0.086396
v 0.026890 0.064508 -0.087071
v 0.027420 0.063768 -0.099049
v 0.024471 0.067013 -0.099480
v 0.019759 0.074370 -0.097588
v 0.017034 0.076596 -0.088709
v 0.018053 0.075484 -0.098037
v 0.017111 0.076542 -0.097309
v 0.020030 0.074043 -0.091114
v 0.020358 0.073617 -0.095091
v 0.018917 0.075216 -0.093129
v 0.009689 0.078929 -0.097290
v 0.009781 0.078901 -0.088693
v 0.009848 0.078215 -0.087912
v 0.009954 0.078197 -0.098083
v 0.000899 0.078725 -0.087859
v 0.000879 0.078678 -0.098161
v 0.000864 0.072455 -0.100458
v 0.000855 0.072457 -0.085543
v 0.001256 0.072325 -0.090948
v 0.021663 0.071771 -0.091122
v 0.001246 0.070962 -0.092246
v 0.022340 0.070823 -0.093118
v 0.001267 0.071222 -0.094277
v 0.021751 0.071648 -0.094685
v 0.001243 0.072891 -0.095137
v 0.001247 0.074376 -0.094665
v 0.001281 0.075156 -0.092858
v 0.001255 0.074121 -0.091161
v 0.000755 0.075429 -0.091809
v 0.000767 0.074855 -0.095109
v 0.000751 0.071795 -0.095388
v 0.000756 0.070228 -0.093055
v 0.000759 0.072482 -0.090224
v 0.000975 0.006713 -0.085590
v 0.000975 0.063287 -0.085590
v 0.006243 0.007586 -0.085730
v 0.011325 0.008636 -0.085423
v 0.011705 0.009564 -0.086000
v 0.016796 0.012362 -0.085562
v 0.021025 0.016365 -0.085780
v 0.024450 0.021065 -0.085669
v 0.026764 0.026020 -0.085558
v 0.028868 0.032923 -0.085380
v 0.027701 0.031884 -0.086433
v 0.027948 0.037974 -0.085737
v 0.026839 0.043621 -0.085559
v 0.024440 0.048929 -0.085695
v 0.021041 0.053649 -0.085730
v 0.016796 0.057638 -0.085562
v 0.011321 0.061365 -0.085427
v 0.011705 0.060436 -0.086000
v 0.006243 0.062414 -0.085730
v 0.006144 0.007528 -0.087268
v 0.001010 0.006823 -0.087228
v 0.011702 0.009401 -0.087268
v 0.016746 0.012380 -0.087268
v 0.021006 0.016253 -0.087287
v 0.024404 0.020972 -0.087268
v 0.026776 0.026326 -0.087267
v 0.028020 0.037808 -0.087298
v 0.026795 0.043597 -0.087266
v 0.024434 0.048965 -0.087266
v 0.021088 0.053643 -0.087287
v 0.016714 0.057636 -0.087245
v 0.011701 0.060600 -0.087268
v 0.006143 0.062472 -0.087268
v 0.001010 0.063177 -0.087228
v 0.028317 0.032058 -0.087535
v 0.001259 0.069293 -0.089892
v 0.006520 0.068840 -0.090326
v 0.011851 0.067216 -0.089851
v 0.016641 0.065049 -0.089839
v 0.021291 0.061953 -0.089834
v 0.025826 0.057639 -0.089831
v 0.029168 0.053129 -0.089827
v 0.031557 0.048519 -0.089863
v 0.033267 0.043556 -0.089839
v 0.034215 0.038023 -0.089835
v 0.034203 0.031848 -0.089841
v 0.033238 0.026347 -0.089836
v 0.031497 0.021352 -0.089851
v 0.029085 0.016730 -0.089832
v 0.025741 0.012255 -0.089842
v 0.021212 0.007988 -0.089834
v 0.016542 0.004900 -0.089836
v 0.011715 0.002735 -0.089851
v 0.006485 0.001154 -0.090327
v 0.001265 0.000727 -0.089867
v 0.006464 0.001724 -0.089545
v 0.006455 0.068248 -0.089531
v 0.000756 0.000278 -0.089548
v 0.001255 0.000710 -0.096121
v 0.000756 0.069727 -0.089551
v 0.001262 0.069270 -0.096145
v 0.000756 0.000273 -0.096449
v 0.000966 0.006686 -0.100415
v 0.001014 0.006798 -0.098725
v 0.006459 0.068285 -0.096447
v 0.011792 0.067221 -0.096193
v 0.016646 0.065058 -0.096124
v 0.021177 0.062041 -0.096162
v 0.025714 0.057770 -0.096168
v 0.029076 0.053285 -0.096166
v 0.031507 0.048623 -0.096150
v 0.033230 0.043685 -0.096162
v 0.034196 0.038182 -0.096170
v 0.034210 0.031931 -0.096168
v 0.033262 0.026423 -0.096159
v 0.031564 0.021509 -0.096150
v 0.029134 0.016813 -0.096168
v 0.025788 0.012317 -0.096171
v 0.021267 0.008026 -0.096159
v 0.011936 0.002832 -0.096192
v 0.016739 0.004990 -0.096120
v 0.006432 0.001740 -0.096462
v 0.006520 0.001160 -0.095674
v 0.006485 0.068846 -0.095673
v 0.012703 0.009817 -0.098648
v 0.006921 0.007656 -0.098647
v 0.017852 0.013158 -0.098638
v 0.022126 0.017501 -0.098639
v 0.025404 0.022742 -0.098644
v 0.027458 0.028529 -0.098638
v 0.028199 0.034634 -0.098659
v 0.027621 0.040918 -0.098614
v 0.025578 0.046880 -0.098659
v 0.022376 0.052169 -0.098652
v 0.018168 0.056575 -0.098651
v 0.013068 0.059990 -0.098662
v 0.007330 0.062220 -0.098686
v 0.001008 0.063244 -0.098686
v 0.000756 0.069722 -0.096452
v 0.000973 0.063274 -0.100402
v 0.007616 0.007846 -0.100388
v 0.013218 0.010145 -0.100290
v 0.018590 0.013681 -0.100479
v 0.022759 0.018282 -0.100395
v 0.025380 0.023174 -0.100000
v 0.027584 0.029184 -0.100367
v 0.028000 0.035000 -0.100000
v 0.027450 0.041352 -0.100338
v 0.025439 0.047226 -0.100431
v 0.022221 0.052036 -0.100000
v 0.017888 0.056849 -0.100456
v 0.012793 0.060103 -0.100338
v 0.007042 0.062297 -0.100367
v 0.023266 0.051830 -0.100578
v 0.028744 0.035381 -0.100576
v 0.026634 0.025324 -0.100500
v 0.024605 0.019902 -0.100533
v 0.025795 0.004014 -0.096994
v 0.025766 0.003973 -0.089285
v 0.026360 0.004805 -0.087656
v 0.024396 0.007117 -0.089572
v 0.024339 0.005893 -0.089374
v 0.024729 0.007439 -0.097262
v 0.024951 0.007349 -0.098053
v 0.026020 0.007301 -0.098893
v 0.025016 0.006323 -0.098154
v 0.024262 0.006683 -0.096492
v 0.024379 0.005792 -0.096633
v 0.036363 0.020852 -0.098972
v 0.034724 0.021777 -0.097821
v 0.032138 0.016584 -0.097971
v 0.029289 0.012326 -0.097969
v 0.034843 0.021532 -0.098390
v 0.035504 0.021253 -0.098900
v 0.031384 0.014043 -0.098758
v 0.036686 0.021769 -0.098124
v 0.025054 0.007609 -0.088052
v 0.024549 0.006277 -0.088481
v 0.025272 0.006496 -0.087619
v 0.025934 0.007419 -0.087130
v 0.032134 0.016576 -0.088027
v 0.029276 0.012303 -0.088021
v 0.035785 0.022058 -0.098005
v 0.035349 0.020993 -0.087063
v 0.036692 0.021784 -0.087901
v 0.035772 0.022060 -0.088004
v 0.031277 0.013883 -0.087242
v 0.035315 0.021456 -0.087236
v 0.036368 0.020824 -0.087023
v 0.034702 0.021722 -0.088028
v 0.025795 0.065986 -0.089006
v 0.025766 0.066027 -0.096715
v 0.031970 0.057225 -0.086952
v 0.026360 0.065194 -0.098344
v 0.024339 0.064107 -0.096626
v 0.024396 0.062883 -0.096428
v 0.025055 0.062391 -0.097948
v 0.024549 0.063723 -0.097519
v 0.025272 0.063504 -0.098381
v 0.025934 0.062581 -0.098870
v 0.035349 0.049007 -0.098937
v 0.029276 0.057697 -0.097979
v 0.032113 0.053453 -0.097965
v 0.031277 0.056117 -0.098758
v 0.035772 0.047940 -0.097996
v 0.036692 0.048216 -0.098099
v 0.035315 0.048544 -0.098764
v 0.036368 0.049176 -0.098977
v 0.024729 0.062560 -0.088737
v 0.024951 0.062651 -0.087947
v 0.026020 0.062699 -0.087107
v 0.025016 0.063677 -0.087846
v 0.024262 0.063317 -0.089507
v 0.024379 0.064208 -0.089367
v 0.029289 0.057674 -0.088031
v 0.032161 0.053385 -0.088020
v 0.034718 0.048225 -0.088186
v 0.034708 0.048277 -0.097978
v 0.034843 0.048468 -0.087610
v 0.035504 0.048747 -0.087100
v 0.031385 0.055957 -0.087242
v 0.036686 0.048231 -0.087876
v 0.035785 0.047942 -0.087995
v 0.037932 0.044116 -0.098989
v 0.038939 0.035113 -0.099048
v 0.037948 0.025919 -0.098995
v 0.037650 0.024818 -0.098243
v 0.037655 0.024838 -0.087732
v 0.038939 0.034887 -0.086952
v 0.037948 0.044081 -0.087005
v 0.037650 0.045182 -0.087757
v 0.037655 0.045162 -0.098268
v 0.036991 0.043985 -0.098922
v 0.036684 0.044846 -0.087831
v 0.036684 0.025154 -0.098169
v 0.036079 0.043934 -0.098134
v 0.036621 0.044825 -0.098146
v 0.037126 0.044056 -0.087063
v 0.036527 0.043821 -0.087311
v 0.036036 0.044061 -0.088118
v 0.037086 0.037693 -0.087578
v 0.037068 0.037939 -0.098422
v 0.037068 0.032061 -0.087578
v 0.037086 0.032307 -0.098422
v 0.036079 0.026066 -0.087866
v 0.037126 0.025944 -0.098937
v 0.036527 0.026179 -0.098689
v 0.036036 0.025939 -0.097882
v 0.036991 0.026015 -0.087078
v 0.036621 0.025175 -0.087854
v 0.002391 -0.002595 -0.100452
v 0.002291 -0.006581 -0.098990
v 0.002393 0.072592 -0.100453
v 0.002355 0.076925 -0.098863
v 0.003405 0.078031 -0.098439
v 0.018068 0.074970 -0.098195
v 0.023264 0.067766 -0.099522
v 0.022273 0.065671 -0.100403
v 0.034588 0.049983 -0.100500
v 0.037694 0.035000 -0.100500
v 0.035830 0.024061 -0.100500
v 0.028654 0.010061 -0.100501
v 0.022841 0.003730 -0.100051
v 0.018076 -0.004972 -0.098194
v 0.003194 -0.007959 -0.098468
v 0.009512 0.077428 -0.097614
v 0.002831 0.076578 -0.098397
v 0.003596 0.077397 -0.097967
v 0.009564 0.077373 -0.096663
v 0.002768 0.073000 -0.099791
v 0.002946 0.076640 -0.096587
v 0.003640 0.077397 -0.096864
v 0.014499 0.076067 -0.097680
v 0.003694 0.076860 -0.095979
v 0.003781 0.075715 -0.095710
v 0.009240 0.076104 -0.095677
v 0.009504 0.076877 -0.096024
v 0.017417 0.074504 -0.097740
v 0.018656 0.073348 -0.097966
v 0.003219 0.071476 -0.100499
v 0.003315 0.071997 -0.099995
v 0.020625 0.065255 -0.100499
v 0.021911 0.066030 -0.099899
v 0.020571 0.065815 -0.099993
v 0.022494 0.066832 -0.099389
v 0.002818 0.076008 -0.096554
v 0.003738 0.072575 -0.096821
v 0.003117 0.074282 -0.096907
v 0.003937 0.074155 -0.096498
v 0.003430 0.071975 -0.097720
v 0.012802 0.069287 -0.100501
v 0.012265 0.070001 -0.100016
v 0.018197 0.072453 -0.096673
v 0.015032 0.074326 -0.096468
v 0.015968 0.075060 -0.096987
v 0.021351 0.069456 -0.094697
v 0.019924 0.070665 -0.095885
v 0.020929 0.070140 -0.096069
v 0.019552 0.071766 -0.096916
v 0.022567 0.067840 -0.098978
v 0.022503 0.067865 -0.094766
v 0.020479 0.065856 -0.094889
v 0.021936 0.066077 -0.094832
v 0.002852 0.072838 -0.097574
v 0.018985 0.069495 -0.094288
v 0.017074 0.070148 -0.095406
v 0.014107 0.070952 -0.096134
v 0.009514 0.072128 -0.096610
v 0.020887 0.069392 -0.094172
v 0.020607 0.068740 -0.093797
v 0.018293 0.068907 -0.094175
v 0.007900 0.071270 -0.097386
v 0.012799 0.070354 -0.096660
v 0.012428 0.069950 -0.097425
v 0.016652 0.069145 -0.095344
v 0.016486 0.068226 -0.096132
v 0.018153 0.067403 -0.094672
v 0.018846 0.068788 -0.093815
v 0.018855 0.068085 -0.093808
v 0.018304 0.067873 -0.094087
v 0.021057 0.066808 -0.093774
v 0.021217 0.065826 -0.094153
v 0.022275 0.066929 -0.094378
v 0.021875 0.067517 -0.093896
v 0.022518 0.066918 -0.094983
v 0.003563 -0.007386 -0.097977
v 0.002833 -0.006581 -0.098390
v 0.009778 -0.007402 -0.097587
v 0.003606 -0.007372 -0.096766
v 0.002802 -0.006428 -0.096837
v 0.009309 -0.007412 -0.096724
v 0.009387 -0.006867 -0.095990
v 0.009109 -0.005750 -0.095671
v 0.015056 -0.004078 -0.096515
v 0.016556 -0.004431 -0.096817
v 0.015040 -0.005817 -0.097640
v 0.017076 -0.004773 -0.097817
v 0.018846 -0.003108 -0.097990
v 0.003262 -0.001466 -0.100499
v 0.002820 -0.002708 -0.099950
v 0.003618 -0.001879 -0.099996
v 0.020927 0.004837 -0.100507
v 0.020867 0.004294 -0.099993
v 0.022015 0.003830 -0.099759
v 0.003010 -0.006168 -0.096208
v 0.003774 -0.005717 -0.095712
v 0.003745 -0.006824 -0.095940
v 0.003682 -0.002756 -0.096780
v 0.003824 -0.004191 -0.096498
v 0.003115 -0.004396 -0.096868
v 0.011851 0.000373 -0.100501
v 0.012561 0.000105 -0.100021
v 0.018157 -0.002464 -0.096671
v 0.022445 0.001924 -0.098913
v 0.021376 0.000569 -0.094712
v 0.020883 0.000606 -0.094174
v 0.019865 -0.001542 -0.097027
v 0.019959 -0.000716 -0.095946
v 0.022593 0.002871 -0.099242
v 0.022223 0.003612 -0.095096
v 0.021238 0.004218 -0.094221
v 0.020510 0.004159 -0.094852
v 0.016498 0.001812 -0.096258
v 0.013580 0.000529 -0.097249
v 0.009112 -0.000907 -0.097811
v 0.003569 -0.001954 -0.097563
v 0.003137 -0.002291 -0.097688
v 0.002821 -0.002875 -0.097707
v 0.020607 0.001260 -0.093797
v 0.018984 0.000507 -0.094286
v 0.009349 -0.001270 -0.097050
v 0.009453 -0.002126 -0.096617
v 0.013718 0.000014 -0.096467
v 0.014154 -0.000921 -0.096125
v 0.016568 0.001097 -0.095461
v 0.016995 -0.000040 -0.095343
v 0.018865 0.001697 -0.093762
v 0.018358 0.001963 -0.094008
v 0.018253 0.002661 -0.094616
v 0.018619 0.001086 -0.093923
v 0.021128 0.003421 -0.093829
v 0.022299 0.003037 -0.094396
v 0.022441 0.001997 -0.094801
v 0.021901 0.002510 -0.093906
v 0.022580 0.002653 -0.094814
v 0.002391 0.072593 -0.085548
v 0.002291 0.076582 -0.087010
v 0.003194 0.077959 -0.087532
v 0.018076 0.074972 -0.087806
v 0.022169 0.065593 -0.085528
v 0.023304 0.067557 -0.086432
v 0.035790 0.046187 -0.085500
v 0.037694 0.035000 -0.085500
v 0.035830 0.024061 -0.085500
v 0.022298 0.004301 -0.085615
v 0.023261 0.002220 -0.086481
v 0.018069 -0.004969 -0.087805
v 0.002356 -0.006925 -0.087138
v 0.003405 -0.008031 -0.087561
v 0.002393 -0.002590 -0.085547
v 0.003563 0.077386 -0.088023
v 0.002833 0.076581 -0.087610
v 0.009778 0.077402 -0.088413
v 0.003632 0.077390 -0.089148
v 0.002833 0.076475 -0.089296
v 0.009309 0.077412 -0.089276
v 0.009388 0.076867 -0.090010
v 0.009109 0.075750 -0.090329
v 0.015056 0.074078 -0.089485
v 0.016556 0.074431 -0.089183
v 0.015040 0.075818 -0.088360
v 0.017076 0.074773 -0.088183
v 0.018846 0.073108 -0.088010
v 0.003262 0.071466 -0.085501
v 0.002865 0.072555 -0.086008
v 0.003751 0.071841 -0.086001
v 0.020666 0.065235 -0.085501
v 0.020867 0.065706 -0.086007
v 0.022015 0.066168 -0.086243
v 0.003001 0.075827 -0.089690
v 0.003750 0.077155 -0.089732
v 0.003782 0.076512 -0.090200
v 0.003747 0.075624 -0.090242
v 0.003682 0.072756 -0.089220
v 0.003824 0.074191 -0.089502
v 0.003115 0.074396 -0.089132
v 0.011724 0.069615 -0.085499
v 0.012581 0.069889 -0.086012
v 0.018157 0.072464 -0.089329
v 0.022445 0.068076 -0.087087
v 0.021376 0.069431 -0.091288
v 0.020882 0.069394 -0.091826
v 0.019865 0.071542 -0.088973
v 0.019960 0.070716 -0.090054
v 0.022593 0.067132 -0.086760
v 0.022221 0.066386 -0.090907
v 0.021238 0.065778 -0.091768
v 0.020505 0.065843 -0.091144
v 0.016498 0.068188 -0.089742
v 0.018184 0.067364 -0.091295
v 0.013580 0.069471 -0.088751
v 0.009111 0.070907 -0.088189
v 0.003569 0.071954 -0.088437
v 0.003137 0.072291 -0.088312
v 0.002821 0.072875 -0.088293
v 0.020607 0.068740 -0.092203
v 0.018689 0.069387 -0.091775
v 0.009349 0.071270 -0.088950
v 0.009452 0.072126 -0.089383
v 0.013718 0.069986 -0.089533
v 0.014154 0.070921 -0.089875
v 0.016568 0.068903 -0.090539
v 0.016995 0.070040 -0.090657
v 0.018727 0.067846 -0.092114
v 0.018859 0.068788 -0.092188
v 0.018169 0.068313 -0.091864
v 0.021142 0.066651 -0.092205
v 0.022473 0.067000 -0.091369
v 0.022014 0.067456 -0.092042
v 0.022497 0.067905 -0.091179
v 0.009512 -0.007428 -0.088386
v 0.002831 -0.006578 -0.087603
v 0.003597 -0.007397 -0.088034
v 0.009564 -0.007373 -0.089337
v 0.002768 -0.003000 -0.086209
v 0.003609 -0.007378 -0.089196
v 0.014499 -0.006067 -0.088320
v 0.003732 -0.006833 -0.090047
v 0.003781 -0.005715 -0.090290
v 0.009296 -0.006117 -0.090320
v 0.009500 -0.006867 -0.089986
v 0.017419 -0.004503 -0.088260
v 0.018656 -0.003348 -0.088034
v 0.003219 -0.001476 -0.085501
v 0.003315 -0.001997 -0.086005
v 0.020625 0.004745 -0.085501
v 0.021927 0.003962 -0.086121
v 0.020571 0.004185 -0.086007
v 0.002813 -0.006415 -0.089300
v 0.003076 -0.005840 -0.089784
v 0.003926 -0.002877 -0.089289
v 0.003117 -0.004281 -0.089093
v 0.003937 -0.004155 -0.089502
v 0.012893 0.000803 -0.085499
v 0.012244 -0.000009 -0.086016
v 0.018197 -0.002453 -0.089327
v 0.015032 -0.004326 -0.089532
v 0.015969 -0.005060 -0.089013
v 0.021351 0.000544 -0.091303
v 0.019924 -0.000665 -0.090115
v 0.020929 -0.000139 -0.089932
v 0.019552 -0.001766 -0.089084
v 0.022580 0.002911 -0.086739
v 0.022481 0.001993 -0.087071
v 0.022503 0.002135 -0.091235
v 0.022247 0.003563 -0.090919
v 0.020630 0.004207 -0.091277
v 0.018204 0.002701 -0.091132
v 0.003539 -0.002412 -0.088988
v 0.002845 -0.002727 -0.088277
v 0.003578 -0.001913 -0.088182
v 0.018993 0.000613 -0.091852
v 0.017002 -0.000172 -0.090567
v 0.014107 -0.000952 -0.089866
v 0.009514 -0.002128 -0.089390
v 0.020887 0.000608 -0.091827
v 0.020607 0.001260 -0.092203
v 0.007900 -0.001270 -0.088614
v 0.012799 -0.000353 -0.089340
v 0.012427 0.000050 -0.088575
v 0.016596 0.000800 -0.090662
v 0.016519 0.001807 -0.089826
v 0.018607 0.001181 -0.092113
v 0.018779 0.001901 -0.092192
v 0.018310 0.002181 -0.091897
v 0.021429 0.002765 -0.092231
v 0.021256 0.004181 -0.091881
v 0.022490 0.003042 -0.091242
v 0.022078 0.002568 -0.091986
v 0.021265 0.061269 -0.100496
v 0.019643 0.061933 -0.100499
v 0.016662 0.059162 -0.100491
v 0.002065 0.068216 -0.100498
v 0.011942 0.068095 -0.100500
v 0.019591 0.064099 -0.100497
v 0.003492 0.069903 -0.100498
v 0.023489 0.061194 -0.100500
v 0.002713 0.064208 -0.100492
v 0.019026 0.057349 -0.100491
v 0.011431 0.061893 -0.100434
v 0.028402 0.042396 -0.100493
v 0.027508 0.045236 -0.100491
v 0.031539 0.045795 -0.100499
v 0.032027 0.044247 -0.100499
v 0.028404 0.027607 -0.100491
v 0.032028 0.025753 -0.100498
v 0.034045 0.043457 -0.100498
v 0.032738 0.047598 -0.100497
v 0.035184 0.035000 -0.100500
v 0.028821 0.055181 -0.100500
v 0.034043 0.026542 -0.100497
v 0.031539 0.024204 -0.100498
v 0.027509 0.024765 -0.100491
v 0.028821 0.014819 -0.100500
v 0.032738 0.022400 -0.100497
v 0.019514 0.008250 -0.100500
v 0.021267 0.008733 -0.100493
v 0.016664 0.010839 -0.100492
v 0.023487 0.008806 -0.100500
v 0.019745 0.006088 -0.100496
v 0.003490 0.000098 -0.100498
v 0.011796 0.008187 -0.100394
v 0.011942 0.001905 -0.100500
v 0.002715 0.005794 -0.100492
v 0.002065 0.001784 -0.100498
v 0.019536 0.012996 -0.100376
v 0.027936 0.024195 -0.099980
v 0.031494 0.023429 -0.099772
v 0.031954 0.022002 -0.099697
v 0.027895 0.023678 -0.099473
v 0.024406 0.018180 -0.100047
v 0.024656 0.017693 -0.099433
v 0.019832 0.012199 -0.099883
v 0.029578 0.017262 -0.099627
v 0.026719 0.013165 -0.099782
v 0.030489 0.022719 -0.098430
v 0.031484 0.022460 -0.098750
v 0.030990 0.023446 -0.099054
v 0.026759 0.015663 -0.098382
v 0.020267 0.012751 -0.099448
v 0.022541 0.010224 -0.098473
v 0.029054 0.017707 -0.098605
v 0.026458 0.013505 -0.098825
v 0.023181 0.009449 -0.099775
v 0.021734 0.009293 -0.099766
v 0.021898 0.010781 -0.098476
v 0.021659 0.010106 -0.098697
v 0.021381 0.009775 -0.099274
v 0.022635 0.009421 -0.099085
v 0.016686 0.010126 -0.099981
v 0.019192 0.007347 -0.099750
v 0.018675 0.006019 -0.099786
v 0.016356 0.009724 -0.099472
v 0.008260 0.006145 -0.099485
v 0.003740 0.005152 -0.099462
v 0.012229 0.007546 -0.099433
v 0.003147 0.005215 -0.099953
v 0.013998 0.003480 -0.099626
v 0.009243 0.001754 -0.099782
v 0.018030 0.006796 -0.098459
v 0.018775 0.006418 -0.099054
v 0.018402 0.007619 -0.098666
v 0.017718 0.007583 -0.098477
v 0.018831 0.007771 -0.099206
v 0.010974 0.003803 -0.098388
v 0.002827 0.001641 -0.099759
v 0.003963 0.001771 -0.098475
v 0.013823 0.004144 -0.098605
v 0.009223 0.002182 -0.098825
v 0.003705 0.002511 -0.098496
v 0.003980 0.000755 -0.099773
v 0.002956 0.002231 -0.099058
v 0.003647 0.001168 -0.098930
v 0.003145 0.064799 -0.099949
v 0.002733 0.067949 -0.099763
v 0.003485 0.069116 -0.099751
v 0.003741 0.064843 -0.099464
v 0.008264 0.063855 -0.099483
v 0.016247 0.060336 -0.099447
v 0.012151 0.062471 -0.099443
v 0.016891 0.060058 -0.099883
v 0.016078 0.059966 -0.100011
v 0.009213 0.068251 -0.099687
v 0.003730 0.067704 -0.098438
v 0.003994 0.068453 -0.098593
v 0.003928 0.069057 -0.099165
v 0.003059 0.067944 -0.098895
v 0.011478 0.066015 -0.098388
v 0.018094 0.063141 -0.098463
v 0.009065 0.067573 -0.098605
v 0.013902 0.066283 -0.098995
v 0.018606 0.064061 -0.099774
v 0.019190 0.062649 -0.099750
v 0.017880 0.062379 -0.098492
v 0.018749 0.062858 -0.098851
v 0.018756 0.062181 -0.099123
v 0.018686 0.063699 -0.099109
v 0.019708 0.057555 -0.099981
v 0.021752 0.060687 -0.099740
v 0.023171 0.060531 -0.099781
v 0.020179 0.057340 -0.099473
v 0.024061 0.052300 -0.100057
v 0.024697 0.052248 -0.099433
v 0.027595 0.046087 -0.100012
v 0.026699 0.056856 -0.099686
v 0.022619 0.059840 -0.098486
v 0.022933 0.060513 -0.099205
v 0.021644 0.059806 -0.098677
v 0.021890 0.059197 -0.098481
v 0.021565 0.060335 -0.099094
v 0.027323 0.053531 -0.098382
v 0.030358 0.047173 -0.098489
v 0.027841 0.046435 -0.099448
v 0.028159 0.045871 -0.099849
v 0.030861 0.047431 -0.098460
v 0.026187 0.056387 -0.098605
v 0.029363 0.052598 -0.098996
v 0.031987 0.047434 -0.099769
v 0.031166 0.046399 -0.099778
v 0.031340 0.047816 -0.098663
v 0.031124 0.046602 -0.099035
v 0.031861 0.047844 -0.099318
v 0.029081 0.042172 -0.099980
v 0.031840 0.043484 -0.099765
v 0.033299 0.043179 -0.099737
v 0.029346 0.041728 -0.099472
v 0.029620 0.035319 -0.100076
v 0.030123 0.034964 -0.099434
v 0.029306 0.027714 -0.099876
v 0.028963 0.028254 -0.100012
v 0.034407 0.037590 -0.099687
v 0.031956 0.042343 -0.098442
v 0.032650 0.042486 -0.098510
v 0.033383 0.042601 -0.099016
v 0.031870 0.043052 -0.098824
v 0.032612 0.043289 -0.099099
v 0.033011 0.034508 -0.098382
v 0.029366 0.028395 -0.099447
v 0.032810 0.027557 -0.098511
v 0.033719 0.037499 -0.098605
v 0.034147 0.032574 -0.098996
v 0.033578 0.027202 -0.099719
v 0.032264 0.026435 -0.099775
v 0.031840 0.027397 -0.098522
v 0.032061 0.026632 -0.099152
v 0.033031 0.026884 -0.099174
v 0.002065 0.001784 -0.085502
v 0.003492 0.000097 -0.085502
v 0.002714 0.005791 -0.085508
v 0.011831 0.001895 -0.085500
v 0.019644 0.008067 -0.085501
v 0.020931 0.009055 -0.085501
v 0.019591 0.005901 -0.085503
v 0.023037 0.008545 -0.085502
v 0.027508 0.024764 -0.085509
v 0.031539 0.024204 -0.085502
v 0.019026 0.012651 -0.085509
v 0.024819 0.019526 -0.085592
v 0.016662 0.010836 -0.085510
v 0.028821 0.014819 -0.085500
v 0.032738 0.022402 -0.085503
v 0.032028 0.025753 -0.085502
v 0.032027 0.044247 -0.085502
v 0.028405 0.042392 -0.085510
v 0.031539 0.045796 -0.085502
v 0.019514 0.061750 -0.085500
v 0.019027 0.057348 -0.085509
v 0.020932 0.060945 -0.085502
v 0.028406 0.027606 -0.085510
v 0.023035 0.061455 -0.085503
v 0.019745 0.063912 -0.085504
v 0.034044 0.026543 -0.085503
v 0.034043 0.043458 -0.085503
v 0.027510 0.045236 -0.085510
v 0.032738 0.047600 -0.085503
v 0.011831 0.068105 -0.085500
v 0.035184 0.035000 -0.085500
v 0.025062 0.050109 -0.085577
v 0.028821 0.055181 -0.085500
v 0.016663 0.059164 -0.085510
v 0.002065 0.068216 -0.085502
v 0.002716 0.064207 -0.085508
v 0.003490 0.069902 -0.085502
v 0.019708 0.012445 -0.086019
v 0.021734 0.009293 -0.086234
v 0.023283 0.009527 -0.086319
v 0.021890 0.010803 -0.087519
v 0.023287 0.016114 -0.086478
v 0.020179 0.012661 -0.086527
v 0.025782 0.019588 -0.086556
v 0.028159 0.024129 -0.086151
v 0.027594 0.023913 -0.085988
v 0.026699 0.013143 -0.086313
v 0.029363 0.017402 -0.087004
v 0.021471 0.009741 -0.086844
v 0.022378 0.009399 -0.086835
v 0.021619 0.010233 -0.087318
v 0.022591 0.010135 -0.087509
v 0.027840 0.023565 -0.086552
v 0.031861 0.022156 -0.086682
v 0.031340 0.022184 -0.087337
v 0.026187 0.013613 -0.087395
v 0.027323 0.016469 -0.087618
v 0.031987 0.022566 -0.086231
v 0.031166 0.023601 -0.086222
v 0.031124 0.023398 -0.086965
v 0.030861 0.022569 -0.087540
v 0.030358 0.022827 -0.087511
v 0.003145 0.005201 -0.086051
v 0.002733 0.002058 -0.086235
v 0.003667 0.000842 -0.086248
v 0.003711 0.002522 -0.087503
v 0.009743 0.007011 -0.085944
v 0.003742 0.005159 -0.086535
v 0.010270 0.006719 -0.086524
v 0.016891 0.009942 -0.086117
v 0.016078 0.010034 -0.085989
v 0.009355 0.001813 -0.086394
v 0.014222 0.003718 -0.086734
v 0.004175 0.001101 -0.087130
v 0.003201 0.001434 -0.086870
v 0.003079 0.002332 -0.087073
v 0.003873 0.001930 -0.087536
v 0.016246 0.009664 -0.086553
v 0.017774 0.007562 -0.087531
v 0.018474 0.008013 -0.087003
v 0.018320 0.006483 -0.087312
v 0.009065 0.002427 -0.087395
v 0.011791 0.004009 -0.087628
v 0.018826 0.006156 -0.086351
v 0.019179 0.007352 -0.086262
v 0.018866 0.007274 -0.086977
v 0.018163 0.007091 -0.087531
v 0.016686 0.059874 -0.086019
v 0.019000 0.062249 -0.086229
v 0.019102 0.063482 -0.086247
v 0.017898 0.062428 -0.087527
v 0.010304 0.062794 -0.085954
v 0.016355 0.060276 -0.086529
v 0.010199 0.063306 -0.086524
v 0.003147 0.064785 -0.086047
v 0.014043 0.066502 -0.086351
v 0.009294 0.067940 -0.087017
v 0.018625 0.063716 -0.086985
v 0.018827 0.062353 -0.086980
v 0.018173 0.062942 -0.087534
v 0.002753 0.067893 -0.086217
v 0.003738 0.064849 -0.086538
v 0.002901 0.067809 -0.086853
v 0.004040 0.068699 -0.087293
v 0.003770 0.067660 -0.087565
v 0.013823 0.065856 -0.087395
v 0.010975 0.066197 -0.087612
v 0.004237 0.069246 -0.086226
v 0.003274 0.068921 -0.086232
v 0.003305 0.068377 -0.087149
v 0.027936 0.045805 -0.086020
v 0.031454 0.046544 -0.086224
v 0.031959 0.047916 -0.086348
v 0.030485 0.047055 -0.087492
v 0.023287 0.053886 -0.086478
v 0.027895 0.046322 -0.086527
v 0.025832 0.050357 -0.086563
v 0.019832 0.057801 -0.086117
v 0.019954 0.056992 -0.085989
v 0.029578 0.052737 -0.086373
v 0.026719 0.056835 -0.086218
v 0.031259 0.046578 -0.086802
v 0.031166 0.047672 -0.087480
v 0.020267 0.057249 -0.086552
v 0.021898 0.059219 -0.087524
v 0.022916 0.060442 -0.086960
v 0.022491 0.059643 -0.087555
v 0.026458 0.056495 -0.087176
v 0.029054 0.052293 -0.087395
v 0.026759 0.054337 -0.087618
v 0.022561 0.060818 -0.086248
v 0.021250 0.060226 -0.086420
v 0.022131 0.060495 -0.086971
v 0.021618 0.059780 -0.087314
v 0.029081 0.027828 -0.086020
v 0.031840 0.026516 -0.086235
v 0.033299 0.026821 -0.086263
v 0.031870 0.026948 -0.087176
v 0.029929 0.037216 -0.086510
v 0.029346 0.028272 -0.086527
v 0.029960 0.032781 -0.086552
v 0.029306 0.042286 -0.086124
v 0.028963 0.041746 -0.085988
v 0.034403 0.032564 -0.086373
v 0.034412 0.037561 -0.086218
v 0.031956 0.027657 -0.087558
v 0.032612 0.026711 -0.086901
v 0.033383 0.027399 -0.086984
v 0.032650 0.027514 -0.087490
v 0.029366 0.041604 -0.086553
v 0.032810 0.042443 -0.087489
v 0.034002 0.037432 -0.087175
v 0.033719 0.032501 -0.087395
v 0.033011 0.035492 -0.087618
v 0.033578 0.042798 -0.086281
v 0.032264 0.043565 -0.086225
v 0.033031 0.043116 -0.086826
v 0.032061 0.043368 -0.086848
v 0.031840 0.042603 -0.087478
v 0.006803 0.047446 -0.019539
v 0.006803 0.045744 -0.020163
v 0.006803 0.045118 -0.021864
v 0.006803 0.046009 -0.023443
v 0.006809 0.048267 -0.023691
v 0.006802 0.049380 -0.021986
v 0.006803 0.049023 -0.020432
v 0.008062 0.047270 -0.021690
v 0.000000 0.047342 -0.019497
v 0.000000 0.045684 -0.020267
v 0.000000 0.045111 -0.021740
v 0.000000 0.046261 -0.023688
v 0.000000 0.048522 -0.023449
v 0.000000 0.049421 -0.021874
v 0.000000 0.048931 -0.020356
v 0.000080 0.000949 -0.079114
v 0.000040 -0.008601 -0.079144
v -0.000000 -0.014371 -0.042651
v 0.000000 -0.007118 -0.044180
v 0.000039 0.078601 -0.079038
v 0.000000 0.073533 -0.077158
v 0.000000 0.073900 -0.072862
v 0.000000 0.075464 -0.069497
v 0.000001 0.078548 -0.071030
v 0.000000 0.075706 -0.074243
v 0.000000 0.075201 -0.076448
v 0.000000 0.071912 -0.076346
v -0.000011 0.071595 -0.069705
v 0.000000 0.071476 -0.074826
v 0.000000 0.072165 -0.073387
v -0.000001 0.074882 -0.058475
v 0.000000 0.076595 -0.068011
v 0.000000 0.071029 -0.045794
v -0.000000 0.076112 -0.057447
v 0.000007 0.069686 -0.046450
v 0.000001 0.069039 -0.046219
v 0.000000 0.064381 -0.047412
v -0.000000 0.066871 -0.047528
v 0.000000 0.062501 -0.045981
v 0.000000 0.068525 -0.046332
v 0.000000 0.064659 -0.040293
v 0.000014 0.063135 -0.044349
v 0.000001 0.065018 -0.039702
v 0.000014 0.067492 -0.045429
v 0.000001 0.065211 -0.046116
v 0.000000 0.066175 -0.038442
v 0.000000 0.061720 -0.044132
v -0.000000 0.062586 -0.041468
v 0.000001 0.064436 -0.041962
v 0.000007 0.067021 -0.042448
v 0.000000 0.048440 -0.015016
v 0.000000 0.053793 -0.024731
v 0.000000 0.046762 -0.027189
v 0.000000 0.052072 -0.024762
v 0.000000 0.043954 -0.026176
v 0.000000 0.041837 -0.023555
v 0.000000 0.049630 -0.026724
v 0.000000 0.040043 -0.023334
v 0.000000 0.047602 -0.014954
v 0.000000 0.038873 -0.022209
v 0.000000 0.033626 -0.029558
v -0.000000 0.034837 -0.030458
v 0.000000 0.026964 -0.035707
v 0.000000 0.028705 -0.036289
v -0.000000 0.021543 -0.040942
v -0.000000 0.019401 -0.040353
v 0.000000 0.013602 -0.044226
v 0.000000 0.010797 -0.043448
v 0.000000 0.005215 -0.045975
v 0.000000 0.001859 -0.044731
v 0.000000 -0.004250 -0.046226
v -0.000000 -0.005834 -0.050645
v 0.000000 -0.005427 -0.047467
v -0.000000 -0.009210 -0.049833
v -0.000000 -0.009013 -0.047579
v 0.000000 -0.008137 -0.053383
v -0.000000 -0.010470 -0.046475
v -0.000000 -0.010813 -0.050666
v -0.000000 -0.012345 -0.050219
v -0.000000 -0.011423 -0.054261
v -0.000000 -0.013172 -0.048351
v 0.000000 -0.016331 -0.048168
v -0.000000 -0.012048 -0.046669
v -0.000000 -0.012317 -0.055860
v 0.000000 -0.011145 -0.065105
v -0.000000 -0.005069 -0.059636
v 0.000000 -0.004166 -0.062143
v -0.000000 -0.005960 -0.065070
v 0.000002 -0.008173 -0.064152
v 0.000000 -0.008628 -0.065654
v 0.000000 -0.009117 -0.066542
v 0.000009 -0.010069 -0.060856
v -0.000000 -0.011464 -0.058850
v 0.000002 -0.010728 -0.059336
v -0.000000 -0.006985 -0.058470
v 0.000004 -0.007102 -0.059921
v 0.000019 -0.005610 -0.062404
v 0.000001 -0.009901 -0.063266
v 0.000000 -0.009235 -0.058690
v 0.000000 -0.006313 -0.070117
v 0.000003 -0.007759 -0.069808
v 0.000000 -0.008701 -0.073517
v 0.000005 -0.008445 -0.068991
v -0.000005 -0.000272 -0.070602
v -0.000000 -0.002215 -0.073298
v -0.000000 -0.001447 -0.075427
v -0.000000 -0.003194 -0.077201
v 0.000000 -0.003361 -0.069394
v -0.000000 -0.005649 -0.074101
v -0.000000 -0.005288 -0.076346
v -0.000000 -0.004001 -0.072907
v 0.050338 0.040034 -0.023360
v 0.050486 0.041993 -0.023753
v 0.051326 0.041014 -0.023283
v 0.048562 0.050264 -0.026391
v 0.049110 0.048682 -0.027070
v 0.049700 0.046822 -0.027244
v 0.049936 0.044592 -0.026560
v 0.050321 0.043263 -0.025602
v 0.051356 0.042519 -0.026083
v 0.051691 0.040869 -0.025735
v 0.051576 0.034632 -0.032500
v 0.051515 0.027589 -0.038655
v 0.051611 0.017009 -0.044794
v 0.051594 -0.003913 -0.047881
v 0.051323 -0.003953 -0.047062
v 0.050305 -0.004088 -0.046260
v 0.051515 0.005647 -0.047181
v 0.051186 0.016848 -0.043955
v 0.050690 0.037370 -0.027582
v 0.050463 0.002323 -0.046306
v 0.050281 0.033477 -0.032024
v 0.050279 0.029232 -0.035939
v 0.050303 0.024457 -0.039359
v 0.050298 0.019446 -0.042057
v 0.050292 0.013968 -0.044177
v 0.050303 0.008203 -0.045607
v 0.043693 -0.016328 -0.048064
v 0.043645 -0.014253 -0.042610
v 0.043687 0.048464 -0.015000
v 0.043645 0.047478 -0.015008
v 0.020958 -0.004285 -0.069479
v 0.030284 -0.000598 -0.070323
v 0.000324 0.001584 -0.072823
v 0.030048 0.001360 -0.072471
v 0.030422 0.000331 -0.071120
v 0.011248 -0.011223 -0.058820
v 0.014129 -0.008131 -0.066334
v 0.005871 -0.008948 -0.066548
v 0.005586 -0.008661 -0.065823
v 0.025718 -0.010408 -0.058602
v 0.046089 -0.008261 -0.058403
v 0.033633 -0.004793 -0.064637
v 0.028149 -0.005575 -0.065579
v 0.018801 -0.007337 -0.066312
v 0.033127 -0.004883 -0.064033
v 0.023521 -0.006266 -0.065218
v 0.028609 -0.011278 -0.056621
v 0.010435 -0.012211 -0.055875
v 0.047453 -0.009450 -0.056966
v 0.046732 -0.006599 -0.058567
v 0.045744 -0.004750 -0.059952
v 0.043853 -0.003929 -0.061593
v 0.040521 -0.004081 -0.063447
v 0.042052 -0.004207 -0.062137
v 0.046075 -0.005381 -0.059337
v 0.051586 0.017023 -0.050753
v 0.051613 -0.004333 -0.051325
v 0.051211 -0.004717 -0.047740
v 0.050304 -0.004851 -0.046766
v 0.050310 -0.005361 -0.047510
v 0.051076 -0.005389 -0.051076
v 0.050397 -0.005527 -0.049811
v 0.051255 -0.005353 -0.053001
v 0.050653 -0.006108 -0.054317
v 0.049167 -0.007854 -0.055984
v 0.049853 -0.006353 -0.051623
v 0.049626 -0.007754 -0.054143
v 0.048552 -0.007936 -0.053244
v 0.046842 -0.009327 -0.053841
v 0.047294 -0.010041 -0.054780
v 0.047565 -0.010039 -0.056058
v 0.026494 -0.011499 -0.055406
v 0.014466 -0.011413 -0.054487
v 0.034037 0.000933 -0.069767
v 0.038307 -0.001644 -0.065944
v 0.031324 0.002565 -0.072853
v 0.026972 0.002408 -0.077886
v 0.030012 0.004385 -0.076403
v 0.028444 0.001997 -0.074640
v 0.028162 -0.002307 -0.069553
v 0.020126 -0.005629 -0.068940
v 0.007364 -0.006638 -0.069991
v 0.010899 -0.007405 -0.069293
v 0.026456 0.001944 -0.076989
v 0.026535 0.003415 -0.078467
v 0.000595 0.002155 -0.077669
v 0.031302 0.061540 -0.078399
v 0.035132 0.056100 -0.078415
v 0.039810 0.049001 -0.076942
v 0.039921 0.044345 -0.078446
v 0.042022 0.039557 -0.076662
v 0.040784 0.029514 -0.078445
v 0.039015 0.021281 -0.078402
v 0.036011 0.014790 -0.078442
v 0.035675 0.011610 -0.076862
v 0.031338 0.007952 -0.078427
v 0.029372 0.065090 -0.077359
v 0.032796 0.061399 -0.077237
v 0.035584 0.057499 -0.077226
v 0.037759 0.053485 -0.077552
v 0.039411 0.048869 -0.077861
v 0.041170 0.044062 -0.077257
v 0.041657 0.037748 -0.078024
v 0.042246 0.033733 -0.077323
v 0.041326 0.025947 -0.077459
v 0.039329 0.019330 -0.077526
v 0.036647 0.014021 -0.077873
v 0.032399 0.007546 -0.077520
v 0.024206 0.063574 -0.039975
v 0.008596 0.064754 -0.039534
v 0.029348 0.063042 -0.041092
v 0.035788 0.064628 -0.048356
v 0.038428 0.062408 -0.046695
v 0.039876 0.061703 -0.043587
v 0.040031 0.062095 -0.042041
v 0.038532 0.062243 -0.045781
v 0.039489 0.062317 -0.041905
v 0.043034 0.059780 -0.036232
v 0.046916 0.056263 -0.029691
v 0.048797 0.054043 -0.025983
v 0.017306 0.053719 -0.024796
v 0.027300 0.061749 -0.037238
v 0.025259 0.059218 -0.032791
v 0.049410 0.053555 -0.027100
v 0.048127 0.055264 -0.029786
v 0.045195 0.058219 -0.034516
v 0.048015 0.051325 -0.025457
v 0.048956 0.052146 -0.025453
v 0.050896 0.045597 -0.027590
v 0.050207 0.048580 -0.027808
v 0.051217 0.046649 -0.029108
v 0.049828 0.050884 -0.027260
v 0.048483 0.053219 -0.025246
v 0.049360 0.053297 -0.025947
v 0.048172 0.052125 -0.025111
v 0.018352 0.067369 -0.047283
v 0.028356 0.065754 -0.047680
v 0.035870 0.064125 -0.047297
v 0.035423 0.064812 -0.047896
v 0.021169 0.067929 -0.048150
v 0.028701 0.066230 -0.048050
v 0.010721 0.069180 -0.047032
v 0.008638 0.068725 -0.046563
v 0.028305 0.068443 -0.059612
v 0.032912 0.066242 -0.052097
v 0.014523 0.072975 -0.059924
v 0.021962 0.070749 -0.060386
v 0.006149 0.072236 -0.052416
v 0.004807 0.075056 -0.060307
v 0.000503 0.063752 -0.044355
v 0.000514 0.067243 -0.043633
v 0.000507 0.066658 -0.045379
v 0.000507 0.065321 -0.045623
v 0.000507 0.064342 -0.042621
v 0.000503 0.065671 -0.042375
v 0.005000 0.065525 -0.045688
v 0.005000 0.066812 -0.045212
v 0.005000 0.067225 -0.043574
v 0.005000 0.065475 -0.042312
v 0.005000 0.064188 -0.042788
v 0.005000 0.063775 -0.044426
v 0.000503 -0.008580 -0.063581
v 0.000503 -0.008340 -0.060490
v 0.000512 -0.006717 -0.060740
v 0.000504 -0.006246 -0.062230
v 0.000503 -0.006914 -0.063221
v 0.000504 -0.009636 -0.062714
v 0.000507 -0.009610 -0.061305
v 0.005000 -0.006874 -0.063197
v 0.005000 -0.006155 -0.061667
v 0.005000 -0.007474 -0.060410
v 0.005000 -0.009126 -0.060803
v 0.005000 -0.009845 -0.062333
v 0.005000 -0.008526 -0.063590
v 0.013581 0.072927 -0.069487
v 0.023898 0.069701 -0.071022
v 0.004698 0.075508 -0.069219
v 0.008885 0.075273 -0.068640
v 0.005375 0.076299 -0.067792
v 0.017945 0.072238 -0.069455
v 0.013895 0.074296 -0.068077
v 0.020008 0.072093 -0.068482
v 0.023690 0.070300 -0.069961
v 0.026634 0.067878 -0.073383
v 0.049834 0.023088 -0.057054
v 0.044922 0.011774 -0.065601
v 0.048657 0.006374 -0.059898
v 0.050025 0.012077 -0.057830
v 0.047944 -0.000458 -0.059359
v 0.043174 0.005257 -0.065313
v 0.050190 -0.001811 -0.056160
v 0.051471 0.029192 -0.046014
v 0.051445 0.004828 -0.053210
v 0.046808 0.047334 -0.049369
v 0.041271 0.055366 -0.055179
v 0.045647 0.052722 -0.044914
v 0.049615 0.047680 -0.037521
v 0.049499 0.040269 -0.047948
v 0.051545 0.038591 -0.037287
v 0.049703 0.032128 -0.053732
v 0.034392 0.060279 -0.070155
v 0.036983 0.056372 -0.070646
v 0.033997 0.062444 -0.063037
v 0.029984 0.066344 -0.063728
v 0.040041 0.051252 -0.068577
v 0.042643 0.042542 -0.070221
v 0.041899 0.046371 -0.068615
v 0.043766 0.034751 -0.070703
v 0.042258 0.029093 -0.075436
v 0.044713 0.026742 -0.068580
v 0.041020 0.022350 -0.075465
v 0.043865 0.022374 -0.069474
v 0.041129 0.015907 -0.071520
v 0.038411 0.014948 -0.075039
v 0.034644 0.008122 -0.074567
v 0.036969 0.007251 -0.071403
v 0.025931 0.068163 -0.073666
v 0.000141 0.068993 -0.071946
v 0.000451 0.068146 -0.074106
v 0.026091 0.067994 -0.077000
v 0.000527 0.068007 -0.077209
v 0.025965 0.067597 -0.077785
v 0.001083 0.067098 -0.078289
v 0.025722 0.066770 -0.078405
v 0.002833 0.065691 -0.078509
v 0.028082 0.022844 -0.078500
v 0.023579 0.015273 -0.078500
v 0.030635 0.032425 -0.078500
v 0.029137 0.044807 -0.078500
v 0.002366 0.004104 -0.078555
v 0.022843 0.055575 -0.078500
v 0.013802 0.007529 -0.078500
v 0.012790 0.062956 -0.078500
v 0.001103 0.002925 -0.079965
v 0.002936 0.004344 -0.080000
v 0.002948 0.065649 -0.080000
v 0.001194 0.066980 -0.079979
v 0.000090 0.068969 -0.079197
v 0.012790 0.007044 -0.080000
v 0.022843 0.014425 -0.080000
v 0.029137 0.025193 -0.080000
v 0.030635 0.037575 -0.080000
v 0.028082 0.047156 -0.080000
v 0.023579 0.054727 -0.080000
v 0.013802 0.062471 -0.080000
v 0.001164 -0.008591 -0.079982
v 0.000927 0.078595 -0.079912
v 0.008537 0.077756 -0.080000
v 0.039964 0.052211 -0.079990
v 0.043543 0.037370 -0.080000
v 0.042511 0.044681 -0.080000
v 0.041786 0.022536 -0.080000
v 0.038993 0.015765 -0.079964
v 0.032074 0.064542 -0.080000
v 0.043279 0.029721 -0.080000
v 0.009114 -0.007645 -0.080000
v 0.015993 0.075572 -0.079999
v 0.036726 0.058498 -0.080000
v 0.035072 0.009113 -0.079997
v 0.029095 0.002466 -0.080002
v 0.022613 -0.002295 -0.080001
v 0.026599 0.069546 -0.080000
v 0.022467 0.072358 -0.079997
v 0.016168 -0.005492 -0.080000
v 0.006809 -0.011965 -0.046587
v 0.006805 -0.013178 -0.048486
v 0.006804 -0.012248 -0.050290
v 0.006802 -0.010705 -0.050655
v 0.006805 -0.009136 -0.049722
v 0.006802 -0.008946 -0.047925
v 0.006803 -0.009922 -0.046664
v 0.008062 -0.010985 -0.048542
v 0.006802 -0.003191 -0.072909
v 0.006805 -0.004976 -0.073292
v 0.006805 -0.005754 -0.075416
v 0.006809 -0.004017 -0.077196
v 0.006803 -0.001918 -0.076353
v 0.006809 -0.001548 -0.074112
v 0.008062 -0.003600 -0.075000
v 0.006803 0.073310 -0.072861
v 0.006809 0.071500 -0.074233
v 0.006803 0.071992 -0.076440
v 0.006803 0.073657 -0.077158
v 0.006803 0.075281 -0.076353
v 0.006802 0.075724 -0.074835
v 0.006803 0.075042 -0.073394
v 0.008062 0.073600 -0.075000
v 0.043645 0.046006 -0.016128
v 0.043689 -0.022300 -0.028536
v 0.030090 0.003297 -0.078623
v 0.030765 0.002765 -0.076343
v 0.031785 0.001984 -0.074391
v 0.033422 0.000705 -0.072038
v 0.035677 -0.001077 -0.069487
v 0.041114 -0.004752 -0.064721
v 0.046949 -0.009482 -0.059246
v 0.049289 -0.012563 -0.055443
v 0.050206 -0.014474 -0.052431
v 0.050766 -0.015745 -0.049746
v 0.011671 -0.011700 -0.061970
v 0.019825 -0.008776 -0.066423
v 0.016926 -0.005734 -0.074702
v 0.020558 -0.014689 -0.052936
v 0.025740 -0.011549 -0.059787
v 0.024948 -0.007975 -0.065943
v 0.032850 -0.008748 -0.062597
v 0.038786 -0.008177 -0.062031
v 0.039393 -0.012645 -0.056129
v 0.020413 -0.003907 -0.076771
v 0.025638 -0.000541 -0.078184
v 0.026312 -0.000890 -0.075987
v 0.029706 -0.000819 -0.072847
v 0.024086 -0.003614 -0.073253
v 0.030892 -0.004639 -0.068120
v 0.006810 -0.008323 -0.073466
v 0.012860 -0.007188 -0.073728
v 0.053107 -0.012962 -0.049983
v 0.052676 -0.014114 -0.050298
v 0.051817 -0.015104 -0.050188
v 0.051424 -0.013744 -0.052817
v 0.052440 -0.012537 -0.052443
v 0.050970 -0.011590 -0.055118
v 0.049577 -0.010707 -0.056806
v 0.053141 0.015450 -0.049583
v 0.053017 0.000896 -0.053070
v 0.053087 0.039998 -0.034471
v 0.023214 0.072089 -0.073667
v 0.035643 0.066451 -0.049944
v 0.041275 0.063107 -0.041659
v 0.045268 0.059984 -0.036641
v 0.047916 0.057820 -0.031294
v 0.049978 0.055418 -0.028101
v 0.051867 0.052557 -0.023790
v 0.052879 0.049735 -0.020602
v 0.051275 0.023225 -0.057442
v 0.045685 0.034232 -0.069809
v 0.043813 0.031699 -0.076778
v 0.043315 0.041989 -0.076185
v 0.052774 0.016168 -0.052929
v 0.044648 0.010318 -0.067673
v 0.045871 0.014964 -0.067544
v 0.049612 0.006609 -0.061203
v 0.050161 0.015928 -0.061018
v 0.046713 0.019784 -0.067286
v 0.051700 0.009729 -0.057613
v 0.041085 0.001505 -0.067416
v 0.043032 0.005882 -0.067674
v 0.048453 -0.002911 -0.060397
v 0.051027 -0.000591 -0.057896
v 0.052306 -0.005078 -0.054810
v 0.047444 0.049983 -0.049426
v 0.050660 0.039887 -0.050012
v 0.045263 0.056149 -0.045599
v 0.050186 0.052441 -0.034277
v 0.050306 0.046852 -0.042860
v 0.052226 0.047003 -0.032646
v 0.052622 0.036978 -0.042869
v 0.051032 0.032598 -0.054365
v 0.037647 0.057763 -0.072327
v 0.035103 0.061517 -0.071842
v 0.031687 0.065552 -0.071073
v 0.027966 0.068954 -0.070551
v 0.041812 0.052423 -0.065797
v 0.041483 0.048977 -0.075943
v 0.044173 0.044138 -0.069116
v 0.038886 0.059978 -0.059509
v 0.040901 0.018909 -0.077329
v 0.045130 0.027600 -0.071242
v 0.042891 0.023993 -0.075453
v 0.041647 0.016151 -0.073636
v 0.037902 0.012418 -0.077134
v 0.037083 0.007242 -0.073593
v 0.034579 0.007705 -0.077411
v 0.050189 -0.024959 -0.020068
v 0.043738 -0.023157 -0.026666
v 0.052738 -0.024010 -0.018439
v 0.051745 -0.024849 -0.018993
v 0.050867 -0.025926 -0.017366
v 0.053118 -0.024278 -0.015115
v 0.037354 0.065171 -0.044512
v 0.051126 0.050358 -0.017688
v 0.052458 0.049794 -0.018592
v 0.053082 0.047861 -0.017965
v 0.050820 0.053490 -0.023113
v 0.050071 0.053027 -0.021451
v 0.047818 0.057009 -0.027921
v 0.043726 0.061096 -0.035764
v 0.035594 0.066468 -0.048280
v 0.031957 0.068374 -0.054078
v 0.027863 0.070292 -0.061386
v 0.020547 0.066060 -0.040448
v 0.031037 0.063921 -0.038843
v 0.007648 0.069725 -0.044122
v 0.011914 0.076890 -0.073479
v 0.029405 0.058745 -0.029566
v 0.018825 0.069636 -0.047229
v 0.010300 0.063909 -0.035809
v 0.018920 0.053998 -0.022421
v 0.006754 0.073796 -0.052332
v 0.005872 0.076637 -0.061106
v 0.005389 0.078175 -0.070744
v 0.013601 0.075574 -0.064290
v 0.016022 0.073123 -0.055622
v 0.022543 0.072149 -0.060388
v 0.019525 0.073914 -0.068167
v 0.024481 0.070233 -0.052911
v 0.043691 0.036319 0.001093
v 0.043723 0.035010 0.003617
v 0.043819 0.035449 0.002615
v 0.050729 0.030001 0.009631
v 0.053093 0.028183 0.008241
v 0.052216 0.029460 0.009172
v 0.043735 -0.028254 -0.020748
v 0.043728 -0.031299 -0.015765
v 0.043726 -0.033424 -0.010525
v 0.043736 -0.034699 -0.004955
v 0.043734 -0.035039 0.000960
v 0.043736 -0.034393 0.006771
v 0.043726 -0.032846 0.012211
v 0.043731 -0.030432 0.017388
v 0.043737 -0.027158 0.022160
v 0.043732 -0.023030 0.026421
v 0.043732 -0.018373 0.029849
v 0.043726 -0.013278 0.032430
v 0.043735 -0.007836 0.034163
v 0.043734 -0.001962 0.034996
v 0.043732 0.003820 0.034840
v 0.043726 0.009428 0.033750
v 0.043739 0.014742 0.031804
v 0.043734 0.019819 0.028911
v 0.043733 0.024406 0.025157
v 0.043726 0.028162 0.020854
v 0.043733 0.031168 0.016027
v 0.043734 0.033394 0.010653
v 0.048819 -0.025500 -0.019783
v 0.051897 -0.027396 -0.013223
v 0.048743 0.031055 0.008919
v 0.052842 -0.027186 -0.011197
v 0.053117 -0.028715 0.002796
v 0.053101 -0.024749 0.014548
v 0.053103 -0.016535 0.023670
v 0.053101 -0.005214 0.028230
v 0.053097 0.004568 0.028353
v 0.053115 0.014719 0.024641
v 0.053089 0.024322 0.015227
v 0.052182 0.027056 0.013593
v 0.052470 -0.029815 -0.003164
v 0.052484 -0.029888 0.002072
v 0.052479 -0.027348 0.012250
v 0.052501 -0.021714 0.020602
v 0.052481 -0.018029 0.023934
v 0.052481 -0.008686 0.028677
v 0.052489 0.001166 0.029930
v 0.052470 0.011146 0.027832
v 0.052470 0.020142 0.022207
v 0.052509 0.023365 0.018688
v 0.052305 -0.029019 -0.007994
v 0.052241 -0.029250 0.007355
v 0.052275 -0.025049 0.016728
v 0.052255 -0.013649 0.026882
v 0.052273 -0.003834 0.029881
v 0.052256 0.006377 0.029462
v 0.052269 0.016000 0.025529
v 0.053145 0.025014 0.010534
v 0.053145 0.013539 0.023524
v 0.053145 -0.025404 0.009555
v 0.053145 -0.020578 0.017479
v 0.053145 0.005804 0.026369
v 0.053145 -0.014442 0.022981
v 0.053145 0.020578 0.017479
v 0.053145 -0.003458 0.026921
v 0.053145 -0.026960 0.001462
v 0.053145 -0.026006 -0.007767
v 0.053145 -0.020342 -0.017969
v 0.053145 0.016842 -0.021284
v 0.053145 0.024222 -0.012246
v 0.053145 0.006348 -0.026389
v 0.053145 -0.002919 -0.026842
v 0.053145 0.027125 -0.000943
v 0.053145 -0.010916 -0.024850
v 0.050645 -0.005804 0.026369
v 0.050645 0.003458 0.026921
v 0.050645 -0.013539 0.023524
v 0.050645 -0.020578 0.017479
v 0.050645 -0.025014 0.010534
v 0.050645 -0.027125 -0.000943
v 0.050645 -0.024222 -0.012246
v 0.050645 -0.016842 -0.021284
v 0.050645 -0.006348 -0.026389
v 0.050645 0.002919 -0.026842
v 0.050645 0.010916 -0.024850
v 0.050645 0.020341 -0.017969
v 0.050645 0.026006 -0.007767
v 0.050645 0.026960 0.001462
v 0.050645 0.025404 0.009555
v 0.050645 0.020578 0.017479
v 0.050645 0.014442 0.022981
v 0.050645 -0.027286 0.010263
v 0.050645 -0.022103 0.018774
v 0.050645 -0.015511 0.024683
v 0.050645 -0.029073 -0.002143
v 0.050645 -0.003714 0.028915
v 0.050645 0.008771 0.027802
v 0.050645 0.019634 0.021549
v 0.050645 0.026867 0.011314
v 0.050645 -0.025486 -0.014152
v 0.050645 0.019943 -0.021054
v 0.050645 0.012752 -0.026215
v 0.050645 0.003135 -0.028830
v 0.050645 -0.005713 -0.028587
v 0.050645 0.029135 -0.001013
v 0.050645 0.026016 -0.013153
v 0.050645 -0.017188 -0.023546
v 0.043645 -0.008771 0.027802
v 0.043645 0.003714 0.028915
v 0.043645 -0.019634 0.021549
v 0.043645 -0.026867 0.011314
v 0.043645 -0.029135 -0.001013
v 0.043645 -0.026016 -0.013153
v 0.043645 -0.019943 -0.021054
v 0.043645 -0.012752 -0.026215
v 0.043645 -0.003135 -0.028830
v 0.043645 0.005713 -0.028587
v 0.043645 0.017188 -0.023546
v 0.043645 0.025486 -0.014152
v 0.043645 0.029073 -0.002143
v 0.043645 0.027286 0.010263
v 0.043645 0.022103 0.018774
v 0.043645 0.015511 0.024683
v 0.043644 0.023387 -0.019799
v 0.043645 0.015724 -0.026134
v 0.043645 -0.015724 -0.026134
v 0.043644 -0.023387 -0.019799
v 0.043645 -0.026947 0.014287
v 0.043645 -0.023246 0.019745
v 0.043645 0.009739 -0.028903
v 0.043644 0.000000 -0.030642
v 0.043645 -0.009739 -0.028903
v 0.043644 -0.030222 0.005056
v 0.043645 0.006557 0.029787
v 0.043644 0.015669 0.026332
v 0.043645 -0.028334 -0.011289
v 0.043645 -0.030098 -0.004934
v 0.043644 -0.015669 0.026332
v 0.043646 -0.003278 0.030540
v 0.043645 0.023246 0.019745
v 0.043644 0.030222 0.005056
v 0.043645 0.030098 -0.004934
v 0.043645 0.028334 -0.011289
v 0.043645 0.026947 0.014287
v 0.047381 -0.000021 0.031213
v 0.047378 0.005476 0.030749
v 0.047378 0.010755 0.029321
v 0.047380 0.015605 0.027040
v 0.047378 0.020005 0.023985
v 0.047378 0.023826 0.020186
v 0.047378 0.027074 0.015573
v 0.047378 0.029373 0.010612
v 0.047380 0.030743 0.005432
v 0.047378 0.031232 0.000096
v 0.047378 0.030778 -0.005280
v 0.047378 0.029333 -0.010728
v 0.047378 0.027013 -0.015676
v 0.047380 0.023926 -0.020055
v 0.047378 0.020152 -0.023861
v 0.047379 0.015736 -0.026973
v 0.047377 0.010639 -0.029366
v 0.047378 0.005358 -0.030769
v 0.047380 0.000022 -0.031220
v 0.047378 -0.005322 -0.030775
v 0.047377 -0.010606 -0.029378
v 0.047379 -0.015705 -0.026991
v 0.047378 -0.020124 -0.023885
v 0.047380 -0.023898 -0.020089
v 0.047378 -0.026994 -0.015708
v 0.047377 -0.029321 -0.010761
v 0.047379 -0.030772 -0.005316
v 0.047378 -0.031232 0.000059
v 0.047380 -0.030751 0.005388
v 0.047378 -0.029386 0.010578
v 0.047377 -0.027092 0.015541
v 0.047379 -0.023850 0.020158
v 0.047378 -0.020033 0.023962
v 0.047380 -0.015644 0.027017
v 0.047378 -0.010790 0.029308
v 0.047378 -0.005511 0.030742
v 0.047194 0.005254 0.030098
v 0.047194 0.010392 0.028731
v 0.047204 0.015287 0.026466
v 0.047194 0.019693 0.023359
v 0.047198 0.023462 0.019578
v 0.047195 0.026434 0.015320
v 0.047194 0.028689 0.010506
v 0.047204 0.030101 0.005300
v 0.047194 0.030553 -0.000073
v 0.047198 0.030078 -0.005390
v 0.047195 0.028727 -0.010404
v 0.047194 0.026489 -0.015225
v 0.047204 0.023408 -0.019653
v 0.047194 0.019582 -0.023452
v 0.047198 0.015203 -0.026507
v 0.047195 0.010493 -0.028695
v 0.047194 0.005362 -0.030078
v 0.047204 -0.000010 -0.030564
v 0.047194 -0.005380 -0.030076
v 0.047195 -0.010509 -0.028689
v 0.047198 -0.015218 -0.026498
v 0.047194 -0.019595 -0.023441
v 0.047204 -0.023420 -0.019638
v 0.047194 -0.026498 -0.015210
v 0.047195 -0.028733 -0.010388
v 0.047198 -0.030081 -0.005373
v 0.047194 -0.030553 -0.000055
v 0.047204 -0.030098 0.005319
v 0.047194 -0.028684 0.010522
v 0.047195 -0.026426 0.015335
v 0.047198 -0.023451 0.019591
v 0.047194 -0.019680 0.023370
v 0.047204 -0.015271 0.026476
v 0.047194 -0.010376 0.028737
v 0.047194 -0.005237 0.030101
v 0.047209 0.000009 0.030569
v 0.043648 0.003598 0.033492
v 0.043646 0.017183 0.028880
v 0.043648 0.027792 0.019080
v 0.043646 0.033145 0.005546
v 0.043647 0.032512 -0.008905
v 0.043646 0.025649 -0.021714
v 0.043648 0.014188 -0.030576
v 0.043646 -0.000000 -0.033607
v 0.043645 -0.010681 -0.031699
v 0.043646 -0.020212 -0.026907
v 0.043646 -0.029533 -0.016028
v 0.043645 -0.033010 -0.005412
v 0.043646 -0.033145 0.005546
v 0.043648 -0.027792 0.019080
v 0.043646 -0.017183 0.028880
v 0.043645 -0.007191 0.032668
v 0.051540 -0.003031 -0.044562
v 0.051531 -0.008912 -0.043784
v 0.051531 0.003162 -0.044569
v 0.051534 0.009667 -0.043617
v 0.051540 0.015549 -0.041871
v 0.051531 0.021201 -0.039330
v 0.051523 0.026740 -0.035805
v 0.051531 0.031504 -0.031683
v 0.051546 0.035524 -0.027059
v 0.051558 0.038755 -0.022144
v 0.051380 0.045967 -0.016101
v 0.051627 0.045722 -0.015990
v 0.043645 0.046153 -0.014530
v 0.051254 0.037793 -0.003469
v 0.043645 0.037527 -0.003191
v 0.051407 0.045986 -0.014710
v 0.051154 0.046165 -0.014590
v 0.051458 0.036896 -0.003126
v 0.043645 0.035721 -0.003186
v 0.051436 0.035622 -0.003297
v 0.043645 0.034770 -0.004203
v 0.051354 0.034780 -0.004254
v 0.051645 0.035273 -0.003972
v 0.043645 0.031484 -0.015513
v 0.043645 0.024879 -0.024547
v 0.043645 0.015934 -0.031273
v 0.043645 0.005236 -0.034556
v 0.043645 -0.005955 -0.034589
v 0.043645 -0.018762 -0.031063
v 0.043645 -0.016664 -0.041440
v 0.043645 -0.019469 -0.032254
v 0.043645 -0.017411 -0.030508
v 0.051537 0.033540 -0.010154
v 0.051540 0.031446 -0.015494
v 0.051531 0.028487 -0.020404
v 0.051543 0.024958 -0.024626
v 0.051537 0.020789 -0.028210
v 0.051540 0.015915 -0.031235
v 0.051531 0.010606 -0.033396
v 0.051543 0.005252 -0.034666
v 0.051531 -0.000237 -0.035039
v 0.051540 -0.005948 -0.034548
v 0.051531 -0.011494 -0.033101
v 0.051246 -0.016856 -0.041001
v 0.051584 -0.015882 -0.041560
v 0.051295 -0.016089 -0.041762
v 0.051368 -0.019328 -0.032144
v 0.051543 -0.017134 -0.030679
v 0.051317 -0.018118 -0.030679
v 0.051556 -0.018835 -0.031292
v 0.051143 -0.019397 -0.032855
v -0.005007 0.064068 -0.044707
v -0.005002 0.064247 -0.043101
v -0.005004 0.065544 -0.042434
v -0.005004 0.066905 -0.043305
v -0.005002 0.066843 -0.044758
v -0.005003 0.065630 -0.045552
v -0.005901 0.065500 -0.044000
v -0.000523 0.065830 -0.042408
v -0.000507 0.064108 -0.043283
v -0.000513 0.064298 -0.045047
v -0.000503 0.065838 -0.045505
v -0.000523 0.067108 -0.044243
v -0.000004 0.066984 -0.045466
v -0.000002 0.067516 -0.043605
v -0.000002 0.066314 -0.042077
v -0.000008 0.063798 -0.042653
v -0.000003 0.063812 -0.045228
v -0.000000 0.065339 -0.046020
v -0.000002 0.068003 -0.078741
v -0.000001 0.070783 -0.045329
v -0.000000 -0.007091 -0.044184
v -0.000000 -0.014371 -0.042651
v 0.000007 -0.008600 -0.078786
v -0.000001 0.001989 -0.078709
v -0.000000 -0.003361 -0.069394
v -0.000000 -0.003174 -0.072727
v -0.000000 -0.005057 -0.073203
v -0.000000 0.001764 -0.073347
v 0.000000 -0.000153 -0.070675
v -0.000000 -0.001313 -0.074280
v -0.000001 -0.006780 -0.070197
v -0.000000 -0.005913 -0.074947
v -0.000000 -0.002294 -0.077011
v -0.000000 -0.004960 -0.076918
v 0.000000 -0.011837 -0.062849
v -0.000000 -0.008712 -0.073423
v -0.000004 -0.008430 -0.069025
v -0.000000 -0.005873 -0.064904
v 0.000000 -0.005303 -0.059321
v 0.000000 -0.004322 -0.061204
v -0.000000 -0.004482 -0.063377
v -0.000000 -0.008161 -0.064020
v -0.000001 -0.008561 -0.065642
v -0.000002 -0.009876 -0.061083
v -0.000006 -0.006335 -0.063319
v -0.000006 -0.006283 -0.060748
v -0.000000 -0.009111 -0.066306
v -0.000003 -0.009688 -0.063228
v -0.000000 -0.007375 -0.058444
v -0.000000 -0.010675 -0.059235
v -0.000001 -0.008286 -0.059965
v -0.000000 -0.011463 -0.058852
v -0.000000 -0.012325 -0.055900
v -0.000000 -0.013248 -0.048235
v 0.000000 -0.016332 -0.048115
v -0.000000 -0.012767 -0.050056
v -0.000000 -0.012342 -0.046638
v -0.000000 -0.010558 -0.050889
v -0.000000 -0.008976 -0.047396
v -0.000000 -0.010490 -0.046294
v -0.000000 -0.008104 -0.053354
v -0.000000 -0.008811 -0.049331
v 0.000000 -0.005840 -0.050629
v -0.000000 -0.011429 -0.054261
v -0.000000 -0.004305 -0.046219
v -0.000000 -0.005436 -0.047519
v 0.000000 0.005215 -0.045975
v 0.000000 0.001859 -0.044731
v 0.000000 0.013602 -0.044226
v 0.000000 0.010797 -0.043448
v 0.000000 0.021543 -0.040942
v 0.000000 0.019378 -0.040363
v 0.000000 0.028705 -0.036289
v -0.000000 0.026971 -0.035700
v 0.000000 0.034833 -0.030463
v 0.000000 0.054732 -0.023283
v -0.000000 0.054007 -0.024874
v 0.000000 0.048912 -0.023319
v -0.000000 0.052012 -0.024805
v -0.000000 0.048376 -0.014992
v 0.000000 0.044938 -0.021387
v -0.000000 0.041865 -0.023582
v 0.000000 0.048392 -0.019702
v 0.000000 0.047572 -0.014960
v 0.000000 0.038873 -0.022209
v 0.000000 0.045571 -0.023216
v -0.000000 0.040043 -0.023334
v 0.000000 0.043582 -0.025835
v -0.000000 0.049714 -0.026695
v 0.000000 0.047091 -0.023997
v 0.000000 0.049576 -0.021233
v 0.000000 0.046445 -0.019488
v -0.000000 0.046312 -0.027184
v 0.000000 0.033626 -0.029558
v -0.000000 0.066532 -0.038934
v -0.000000 0.064461 -0.040387
v -0.000000 0.062412 -0.045902
v -0.000000 0.064922 -0.039472
v 0.000000 0.061798 -0.044225
v 0.000000 0.062082 -0.042353
v -0.000000 0.064382 -0.047410
v 0.000000 0.066868 -0.047529
v -0.000000 0.068645 -0.046259
v -0.000004 0.069764 -0.046554
v -0.000000 0.073404 -0.054358
v -0.000002 0.074640 -0.053442
v -0.000006 0.077135 -0.061618
v -0.000000 0.076656 -0.067466
v -0.000001 0.075086 -0.069553
v 0.000000 0.075502 -0.073617
v 0.000000 0.076204 -0.068836
v -0.000002 0.078448 -0.070209
v 0.000000 0.073784 -0.072724
v 0.000000 0.071622 -0.069704
v 0.000000 0.072143 -0.073203
v 0.000000 0.071287 -0.074947
v 0.000000 0.075629 -0.076277
v 0.000000 0.073663 -0.077282
v 0.000000 0.072062 -0.076728
v -0.000000 0.068389 -0.072786
v -0.034069 -0.009130 -0.058626
v -0.050757 0.037352 -0.027649
v -0.050279 0.033536 -0.031961
v -0.050280 0.029297 -0.035888
v -0.050303 0.024539 -0.039307
v -0.050291 0.019511 -0.042024
v -0.050294 0.014051 -0.044152
v -0.050303 0.008299 -0.045589
v -0.050279 0.002474 -0.046260
v -0.050338 0.040034 -0.023360
v -0.051348 0.041006 -0.023297
v -0.050278 0.042137 -0.023918
v -0.047992 0.051404 -0.025389
v -0.051602 0.041067 -0.025116
v -0.051239 0.044183 -0.027255
v -0.050473 0.043512 -0.025870
v -0.051576 0.033659 -0.033556
v -0.051418 0.027568 -0.038499
v -0.051567 0.019670 -0.043213
v -0.051571 0.013918 -0.045401
v -0.051506 0.005547 -0.047153
v -0.043692 -0.016328 -0.048065
v -0.029999 -0.016095 -0.049029
v -0.043645 -0.014277 -0.042612
v -0.043689 0.048496 -0.015052
v -0.043645 0.047614 -0.014943
v -0.026145 0.002009 -0.078667
v -0.027412 0.002063 -0.076082
v -0.028749 0.001944 -0.074304
v -0.029957 0.001412 -0.072590
v -0.030528 0.000772 -0.071565
v -0.030259 -0.000654 -0.070286
v -0.027952 -0.002399 -0.069523
v -0.024071 -0.004282 -0.069103
v -0.015827 -0.006717 -0.068921
v -0.008538 -0.007878 -0.069072
v -0.017678 -0.004776 -0.069590
v -0.007003 -0.007422 -0.069777
v -0.017216 0.072280 -0.069519
v -0.025947 0.068149 -0.073699
v -0.014318 -0.007951 -0.065953
v -0.014993 -0.007928 -0.066582
v -0.005863 -0.008952 -0.066220
v -0.011132 -0.011038 -0.059083
v -0.025762 -0.010390 -0.058611
v -0.023605 -0.006201 -0.065173
v -0.029316 -0.005454 -0.065239
v -0.040674 -0.004067 -0.063384
v -0.039481 -0.004397 -0.063079
v -0.031667 -0.005023 -0.064150
v -0.046075 -0.008261 -0.058406
v -0.018883 -0.011963 -0.056029
v -0.047220 -0.009906 -0.056548
v -0.045732 -0.004429 -0.060114
v -0.046769 -0.006479 -0.058596
v -0.043253 -0.004256 -0.061380
v -0.045670 -0.004988 -0.059736
v -0.051617 0.043937 -0.028239
v -0.051630 -0.004282 -0.051331
v -0.050331 -0.005365 -0.047527
v -0.051269 -0.003962 -0.046968
v -0.051204 -0.004701 -0.047624
v -0.050328 -0.004271 -0.046300
v -0.050113 -0.005591 -0.049900
v -0.047017 -0.008991 -0.053683
v -0.048706 -0.008246 -0.053583
v -0.049851 -0.006577 -0.051991
v -0.050957 -0.005107 -0.049727
v -0.051601 -0.003890 -0.047876
v -0.047021 -0.009814 -0.054281
v -0.047413 -0.010180 -0.055455
v -0.047752 -0.009455 -0.056718
v -0.050642 -0.006506 -0.053447
v -0.051209 -0.005171 -0.053288
v -0.049263 -0.007822 -0.055835
v -0.015155 -0.011520 -0.054594
v -0.029883 0.003771 -0.075640
v -0.033849 0.001056 -0.069963
v -0.031441 0.002656 -0.072859
v -0.028823 0.004244 -0.078729
v -0.036524 -0.001292 -0.066996
v -0.030249 0.063006 -0.041115
v -0.021974 0.063776 -0.039864
v -0.007684 0.064658 -0.040090
v -0.008081 0.064703 -0.039373
v -0.040042 0.061398 -0.044176
v -0.038044 0.062715 -0.047001
v -0.036720 0.063586 -0.047036
v -0.039651 0.061743 -0.043865
v -0.038578 0.062165 -0.045619
v -0.039623 0.062288 -0.041925
v -0.040266 0.061901 -0.042034
v -0.017394 0.054098 -0.025125
v -0.017802 0.059113 -0.032187
v -0.033365 0.060312 -0.035634
v -0.049412 0.053638 -0.026596
v -0.048643 0.054044 -0.025947
v -0.047710 0.055751 -0.030198
v -0.044985 0.058326 -0.035093
v -0.047035 0.056115 -0.029426
v -0.043297 0.059664 -0.036067
v -0.051112 0.047160 -0.029038
v -0.050124 0.050856 -0.028174
v -0.050150 0.045333 -0.026941
v -0.050318 0.047670 -0.027733
v -0.049572 0.046798 -0.027227
v -0.049555 0.050300 -0.027064
v -0.048944 0.048648 -0.027055
v -0.048398 0.050217 -0.026395
v -0.048597 0.052164 -0.025188
v -0.048538 0.053186 -0.025253
v -0.021354 0.052853 -0.024711
v -0.049406 0.052863 -0.025857
v -0.035537 0.064846 -0.048146
v -0.028477 0.066278 -0.048056
v -0.016623 0.068474 -0.047531
v -0.008379 0.069335 -0.046844
v -0.028421 0.065744 -0.047681
v -0.018661 0.067358 -0.047302
v -0.005349 0.068814 -0.046356
v -0.035366 0.064497 -0.047480
v -0.038090 0.016911 -0.078627
v -0.040076 0.021832 -0.078514
v -0.026052 0.067996 -0.078387
v -0.026649 0.067882 -0.073291
v -0.028439 0.068383 -0.059421
v -0.047764 0.038542 -0.056110
v -0.049908 0.023049 -0.056807
v -0.051549 0.019861 -0.050320
v -0.050134 0.031630 -0.052143
v -0.045963 0.052784 -0.043682
v -0.046784 0.046529 -0.050549
v -0.049949 0.041940 -0.043763
v -0.049349 0.048839 -0.036989
v -0.040660 0.055860 -0.056277
v -0.051455 0.035846 -0.040725
v -0.045436 0.016814 -0.066063
v -0.049962 0.012171 -0.057979
v -0.042643 0.005803 -0.065945
v -0.044035 0.010161 -0.066058
v -0.048530 0.006553 -0.060109
v -0.041518 0.001260 -0.065074
v -0.049157 -0.001403 -0.057801
v -0.050719 -0.005713 -0.054393
v -0.051482 0.005286 -0.053060
v -0.034433 0.009453 -0.076460
v -0.037156 0.010040 -0.072864
v -0.039189 0.017808 -0.076248
v -0.039296 0.014334 -0.073009
v -0.034769 0.005983 -0.072424
v -0.042170 0.020683 -0.072081
v -0.041290 0.024504 -0.076162
v -0.042420 0.031934 -0.076112
v -0.044085 0.032284 -0.069975
v -0.043991 0.027413 -0.070115
v -0.043519 0.039327 -0.069602
v -0.040205 0.049998 -0.071014
v -0.042292 0.047044 -0.066376
v -0.036788 0.056461 -0.071539
v -0.034722 0.060125 -0.069064
v -0.033516 0.062756 -0.063945
v -0.031259 0.065688 -0.061056
v -0.019004 0.072479 -0.068453
v -0.023554 0.070398 -0.069839
v -0.013499 0.074406 -0.068099
v -0.007932 0.075817 -0.067848
v -0.003676 0.076423 -0.068096
v -0.006162 0.072247 -0.052444
v -0.020207 0.069634 -0.052618
v -0.014522 0.072975 -0.059926
v -0.004803 0.075059 -0.060311
v -0.021963 0.070749 -0.060383
v -0.006945 0.075325 -0.069079
v -0.023906 0.069690 -0.071031
v -0.025521 0.066586 -0.079952
v -0.025898 0.067615 -0.079317
v 0.000774 0.066939 -0.079890
v 0.001236 0.078611 -0.079990
v 0.000075 0.078598 -0.079200
v -0.026140 0.002379 -0.079256
v 0.000719 0.003032 -0.079876
v -0.025852 0.003266 -0.079930
v -0.029128 0.005709 -0.079805
v -0.038277 0.020566 -0.079988
v -0.041060 0.035431 -0.079900
v -0.037235 0.052106 -0.079974
v -0.036434 0.015078 -0.079670
v -0.032246 0.008107 -0.079193
v -0.035485 0.012273 -0.078763
v -0.040256 0.024869 -0.079649
v -0.041363 0.027155 -0.078704
v -0.041983 0.032483 -0.078810
v -0.041919 0.038068 -0.078784
v -0.040449 0.044008 -0.079606
v -0.041245 0.043244 -0.078577
v -0.039945 0.048240 -0.078704
v -0.037957 0.051643 -0.079604
v -0.037916 0.053256 -0.078524
v -0.035471 0.057478 -0.078961
v -0.033025 0.061094 -0.078578
v -0.030744 0.062453 -0.079783
v -0.029367 0.065048 -0.078732
v 0.000837 -0.008640 -0.079924
v -0.020474 0.046784 -0.080000
v -0.013634 0.054292 -0.080000
v -0.020002 0.022430 -0.080000
v -0.022951 0.040052 -0.080000
v -0.015214 0.017089 -0.080000
v -0.023431 0.031991 -0.080000
v 0.001736 0.011441 -0.080000
v -0.008316 0.012889 -0.080000
v 0.011468 0.014347 -0.080000
v 0.013473 -0.006466 -0.080000
v 0.021800 -0.002759 -0.080000
v 0.035273 0.009373 -0.080000
v 0.019080 0.021071 -0.080000
v 0.039831 0.017266 -0.080000
v 0.023349 0.031044 -0.080000
v 0.042647 0.025935 -0.080000
v 0.043600 0.035000 -0.080000
v -0.006287 0.057643 -0.080000
v 0.013473 0.076466 -0.080000
v 0.010658 0.056082 -0.080000
v 0.029174 0.067401 -0.080000
v 0.021800 0.072759 -0.080000
v 0.000821 0.058609 -0.080000
v 0.042647 0.044065 -0.080000
v 0.022812 0.041008 -0.080000
v 0.039831 0.052734 -0.080000
v 0.035273 0.060627 -0.080000
v 0.018525 0.049658 -0.080000
v 0.029174 0.002599 -0.080000
v -0.022951 0.029948 -0.095000
v -0.023431 0.038009 -0.095000
v -0.020474 0.023216 -0.095000
v -0.013634 0.015708 -0.095000
v -0.006287 0.012357 -0.095000
v 0.000821 0.011391 -0.095000
v 0.010658 0.013918 -0.095000
v 0.018525 0.020342 -0.095000
v 0.023054 0.029700 -0.095000
v 0.023104 0.039848 -0.095000
v 0.019080 0.048929 -0.095000
v 0.011468 0.055653 -0.095000
v 0.001736 0.058559 -0.095000
v -0.008316 0.057111 -0.095000
v -0.015214 0.052911 -0.095000
v -0.020002 0.047570 -0.095000
v -0.008000 0.071958 -0.076629
v -0.008000 0.071318 -0.075061
v -0.008000 0.071885 -0.073448
v -0.008000 0.073931 -0.072672
v -0.008000 0.075524 -0.073771
v -0.008000 0.075870 -0.075445
v -0.008000 0.074287 -0.077297
v -0.008000 0.071793 -0.071534
v -0.008000 0.074683 -0.071180
v -0.007999 0.076980 -0.072999
v -0.008000 0.075452 -0.078471
v -0.008000 0.073310 -0.078884
v -0.008000 0.071018 -0.078042
v -0.008000 0.069930 -0.073559
v -0.008000 0.069780 -0.075757
v -0.008001 0.077464 -0.076027
v -0.008000 -0.004906 -0.077011
v -0.008000 -0.005887 -0.074280
v -0.008000 -0.004026 -0.072727
v -0.008000 -0.002143 -0.073203
v -0.008000 -0.001287 -0.074947
v -0.008000 -0.002240 -0.076918
v -0.008000 -0.007262 -0.073438
v -0.008000 -0.001831 -0.071402
v -0.008000 -0.000084 -0.073332
v -0.008000 0.000265 -0.075852
v -0.008000 -0.005683 -0.078291
v -0.008000 -0.007287 -0.076409
v -0.008000 -0.005063 -0.071336
v -0.008000 -0.001028 -0.077923
v -0.008000 -0.003361 -0.078969
v -0.029564 0.000279 -0.074273
v -0.026694 -0.000136 -0.076885
v -0.023941 -0.001599 -0.078408
v -0.018471 -0.004571 -0.078796
v -0.013981 -0.006416 -0.077775
v -0.010655 -0.007476 -0.075491
v -0.013010 -0.007266 -0.073553
v -0.019059 -0.006145 -0.072046
v -0.024463 -0.004668 -0.071231
v -0.028839 -0.002739 -0.071204
v -0.030652 -0.000978 -0.072086
v -0.008000 -0.010811 -0.050935
v -0.008000 -0.013098 -0.049575
v -0.008000 -0.012994 -0.047396
v -0.008000 -0.011660 -0.046365
v -0.008000 -0.009707 -0.046569
v -0.008000 -0.008634 -0.049011
v -0.008000 -0.014760 -0.047598
v -0.008000 -0.013830 -0.045832
v -0.008000 -0.009426 -0.044877
v -0.008000 -0.007374 -0.046987
v -0.008000 -0.007212 -0.049720
v -0.008000 -0.012970 -0.051901
v -0.008000 -0.014681 -0.050016
v -0.008000 -0.011905 -0.044764
v -0.008000 -0.008438 -0.051489
v -0.008000 -0.010497 -0.052458
v -0.008000 0.047448 -0.023997
v -0.008000 0.045838 -0.023469
v -0.008000 0.044976 -0.021993
v -0.008000 0.045416 -0.020357
v -0.008000 0.046843 -0.019417
v -0.008000 0.048942 -0.020037
v -0.008000 0.049465 -0.022653
v -0.008000 0.050934 -0.022992
v -0.008000 0.049420 -0.025006
v -0.008000 0.046273 -0.025556
v -0.008000 0.043659 -0.023430
v -0.008000 0.051123 -0.020956
v -0.008000 0.043578 -0.020336
v -0.008000 0.047305 -0.017797
v -0.008000 0.045150 -0.018378
v -0.008000 0.049621 -0.018512
v -0.000513 -0.006772 -0.063017
v -0.000507 -0.006625 -0.061251
v -0.000523 -0.008370 -0.060416
v -0.000507 -0.009564 -0.061933
v -0.000513 -0.008634 -0.063469
v -0.005011 -0.007602 -0.060418
v -0.005004 -0.009363 -0.061227
v -0.005002 -0.009381 -0.062686
v -0.005003 -0.008220 -0.063544
v -0.005001 -0.006979 -0.063129
v -0.005004 -0.006434 -0.061959
v -0.005901 -0.008000 -0.062000
v -0.043645 0.045848 -0.016320
v -0.043688 -0.022233 -0.028733
v -0.003750 -0.008441 -0.075256
v -0.010569 -0.007277 -0.079691
v -0.024019 -0.001369 -0.080138
v -0.050296 -0.014503 -0.052359
v -0.050678 -0.015690 -0.049900
v -0.048749 -0.012403 -0.055735
v -0.045783 -0.009367 -0.059603
v -0.030802 0.002762 -0.076281
v -0.032301 0.001551 -0.073524
v -0.030094 0.003295 -0.078618
v -0.026299 -0.011126 -0.060385
v -0.024967 -0.008008 -0.065875
v -0.015973 -0.013520 -0.056616
v -0.034795 -0.012924 -0.056046
v -0.034143 -0.005082 -0.066342
v -0.029684 -0.006697 -0.066050
v -0.037623 -0.009751 -0.060416
v -0.018510 -0.009502 -0.065573
v -0.007456 -0.009181 -0.070193
v -0.052610 -0.011598 -0.052418
v -0.046808 -0.008933 -0.059622
v -0.037072 -0.001986 -0.068201
v -0.034139 0.000222 -0.071248
v -0.052564 -0.012864 -0.051962
v -0.051711 -0.015136 -0.050287
v -0.052379 -0.014306 -0.050610
v -0.051433 -0.013741 -0.052819
v -0.049878 -0.011997 -0.055731
v -0.013473 0.076466 -0.085000
v -0.015930 0.075628 -0.078430
v -0.021800 0.072759 -0.085000
v -0.022413 0.072424 -0.078734
v -0.004557 0.078361 -0.085000
v -0.007425 0.077953 -0.079887
v 0.004557 0.078361 -0.085000
v 0.013473 0.076466 -0.085000
v 0.021800 0.072759 -0.085000
v 0.029174 0.067401 -0.085000
v 0.035273 0.060627 -0.085000
v 0.039831 0.052734 -0.085000
v 0.042647 0.044065 -0.085000
v 0.043600 0.035000 -0.085000
v 0.042647 0.025935 -0.085000
v 0.039831 0.017266 -0.085000
v 0.035273 0.009373 -0.085000
v 0.029174 0.002599 -0.085000
v 0.021800 -0.002759 -0.085000
v 0.013473 -0.006466 -0.085000
v -0.004557 -0.008361 -0.085000
v 0.004557 -0.008361 -0.085000
v -0.013473 -0.006466 -0.085000
v -0.021800 -0.002759 -0.085000
v -0.029174 0.002599 -0.085000
v -0.035273 0.009373 -0.085000
v -0.033513 0.007119 -0.079651
v -0.039831 0.017266 -0.085000
v -0.038366 0.014270 -0.079116
v -0.042647 0.025935 -0.085000
v -0.040999 0.019965 -0.078534
v -0.043600 0.035000 -0.085000
v -0.043012 0.027418 -0.078641
v -0.043707 0.034443 -0.077441
v -0.042647 0.044065 -0.085000
v -0.042998 0.042445 -0.078545
v -0.041160 0.049436 -0.077789
v -0.039831 0.052734 -0.085000
v -0.035273 0.060627 -0.085000
v -0.037625 0.057050 -0.077957
v -0.029174 0.067401 -0.085000
v -0.033860 0.062501 -0.077368
v -0.028633 0.067870 -0.079855
v -0.052640 -0.014936 -0.048297
v -0.053145 -0.011262 -0.044522
v -0.053145 -0.008203 -0.045763
v -0.053145 -0.007029 -0.048303
v -0.053145 -0.014112 -0.046192
v -0.053139 -0.007746 -0.050721
v -0.052922 -0.009354 -0.052127
v -0.052743 -0.023971 -0.018504
v -0.051757 -0.024783 -0.019133
v -0.050655 -0.025366 -0.018793
v -0.043711 -0.023063 -0.026831
v -0.043830 -0.023328 -0.026428
v -0.052182 -0.026896 -0.013908
v 0.025069 0.045384 -0.084997
v 0.016750 0.013654 -0.084997
v 0.007912 0.060945 -0.085001
v 0.027145 0.033841 -0.085001
v 0.023940 0.022249 -0.085001
v 0.018376 0.055014 -0.085001
v 0.006205 0.008550 -0.085001
v -0.023847 0.021916 -0.085003
v -0.016048 0.013121 -0.084997
v -0.014315 0.058090 -0.085001
v -0.022861 0.049602 -0.085000
v -0.005840 0.008510 -0.085000
v -0.026583 0.030272 -0.085000
v -0.026818 0.039123 -0.084997
v -0.003250 0.061938 -0.084997
v -0.026513 0.029088 -0.086891
v -0.027141 0.034036 -0.086884
v -0.026821 0.039365 -0.086864
v -0.025423 0.044542 -0.086877
v -0.023251 0.049036 -0.086887
v -0.020302 0.053051 -0.086894
v -0.017088 0.056136 -0.086906
v -0.012945 0.058883 -0.086898
v -0.008368 0.060836 -0.086882
v -0.003149 0.061991 -0.086863
v 0.002215 0.062064 -0.086879
v 0.007120 0.061211 -0.086890
v 0.011785 0.059479 -0.086896
v 0.015627 0.057237 -0.086905
v 0.019424 0.053985 -0.086888
v 0.022572 0.050098 -0.086881
v 0.026636 0.040284 -0.086881
v 0.025111 0.045401 -0.086879
v 0.027160 0.035311 -0.086888
v 0.026774 0.030326 -0.086905
v 0.025642 0.026023 -0.086896
v 0.023568 0.021501 -0.086890
v 0.020704 0.017429 -0.086879
v 0.012352 0.010814 -0.086882
v 0.016859 0.013688 -0.086863
v 0.007735 0.008959 -0.086898
v 0.002863 0.007971 -0.086906
v -0.001592 0.007880 -0.086894
v -0.006516 0.008634 -0.086887
v -0.011229 0.010276 -0.086877
v -0.019873 0.016490 -0.086884
v -0.015879 0.012948 -0.086864
v -0.022928 0.020433 -0.086891
v -0.025132 0.024590 -0.086902
v 0.031251 0.047944 -0.089693
v 0.028813 0.052726 -0.089648
v 0.025564 0.057143 -0.089641
v 0.021203 0.061363 -0.089652
v 0.016730 0.064391 -0.089675
v 0.012078 0.066601 -0.089656
v 0.006376 0.068215 -0.089643
v 0.000596 0.068787 -0.089620
v -0.004872 0.068469 -0.089681
v -0.008955 0.067768 -0.090969
v -0.010280 0.067185 -0.089614
v -0.015255 0.065215 -0.089670
v -0.020409 0.061968 -0.089642
v -0.024493 0.058357 -0.089696
v -0.027877 0.054116 -0.089630
v -0.030622 0.049383 -0.089651
v -0.032690 0.043723 -0.089654
v -0.033677 0.038121 -0.089644
v -0.033757 0.032962 -0.089677
v -0.033461 0.029066 -0.090944
v -0.032932 0.027329 -0.089636
v -0.031238 0.022061 -0.089679
v -0.028596 0.016926 -0.089647
v -0.025369 0.012637 -0.089675
v -0.021487 0.008871 -0.089649
v -0.016964 0.005742 -0.089640
v -0.011483 0.003177 -0.089651
v -0.006195 0.001770 -0.089630
v -0.000962 0.001176 -0.089689
v 0.004648 0.001494 -0.089649
v 0.010499 0.002834 -0.089660
v 0.015678 0.005026 -0.089644
v 0.020230 0.007899 -0.089675
v 0.024283 0.011443 -0.089650
v 0.028075 0.016143 -0.089641
v 0.030776 0.020953 -0.089651
v 0.032600 0.025998 -0.089681
v 0.033742 0.030947 -0.090983
v 0.033628 0.031570 -0.089630
v 0.033734 0.037315 -0.089638
v 0.033038 0.042827 -0.090129
v 0.032459 0.042591 -0.089332
v -0.053144 0.030816 -0.041307
v -0.053147 0.006290 -0.050606
v -0.053138 0.044901 -0.024818
v -0.052962 0.047114 -0.025627
v -0.052570 0.049566 -0.024862
v -0.052436 0.051174 -0.022355
v -0.051777 0.052654 -0.024561
v -0.049974 0.055356 -0.028404
v -0.023840 0.071858 -0.071535
v -0.026619 0.069738 -0.074267
v -0.025742 0.070535 -0.072574
v -0.025741 0.070247 -0.077153
v -0.051032 0.032598 -0.054365
v -0.043604 0.039206 -0.076501
v -0.052894 0.033893 -0.043402
v -0.047444 0.049983 -0.049426
v -0.051275 0.023225 -0.057442
v -0.050660 0.039887 -0.050012
v -0.050306 0.046852 -0.042860
v -0.039506 0.059904 -0.057303
v -0.045758 0.056799 -0.042723
v -0.050228 0.052709 -0.033540
v -0.052388 0.044027 -0.036238
v -0.052729 0.018517 -0.052511
v -0.045871 0.014964 -0.067544
v -0.049612 0.006610 -0.061203
v -0.050161 0.015928 -0.061018
v -0.043032 0.005882 -0.067674
v -0.048678 -0.000371 -0.060818
v -0.041085 0.001505 -0.067416
v -0.049494 -0.009065 -0.057522
v -0.051196 -0.000991 -0.057610
v -0.044648 0.010318 -0.067673
v -0.051672 0.009813 -0.057697
v -0.051440 -0.011329 -0.054601
v -0.052943 0.005189 -0.053415
v -0.046713 0.019784 -0.067286
v -0.036443 0.010692 -0.078145
v -0.033906 0.006592 -0.076912
v -0.037853 0.009705 -0.074357
v -0.040160 0.014091 -0.074413
v -0.041999 0.018725 -0.074372
v -0.035763 0.004990 -0.073193
v -0.042789 0.023809 -0.075607
v -0.045580 0.032292 -0.070278
v -0.045130 0.027600 -0.071242
v -0.045071 0.039301 -0.069736
v -0.039713 0.053479 -0.075304
v -0.043292 0.047840 -0.067772
v -0.040914 0.054383 -0.065452
v -0.036080 0.060972 -0.068547
v -0.030406 0.066819 -0.070888
v -0.033892 0.064505 -0.064100
v -0.019148 0.074201 -0.071076
v -0.012485 0.076708 -0.072589
v -0.009506 0.077522 -0.075119
v -0.012754 0.076692 -0.077416
v -0.050740 0.051383 -0.019000
v -0.047586 0.057230 -0.028356
v -0.041863 0.062360 -0.038186
v -0.036480 0.065659 -0.045764
v -0.033144 0.067731 -0.051771
v -0.030071 0.069303 -0.058015
v -0.026461 0.070869 -0.064475
v -0.052206 0.050713 -0.019833
v -0.052742 0.049013 -0.018172
v -0.051999 0.050092 -0.018237
v -0.050909 0.053446 -0.023015
v -0.048412 0.057315 -0.030590
v -0.044897 0.060439 -0.036427
v -0.041130 0.063152 -0.042131
v -0.037421 0.065507 -0.046936
v -0.053145 0.043320 -0.022212
v -0.053145 0.044077 -0.019395
v -0.053167 0.046761 -0.017750
v -0.025985 0.063999 -0.037970
v -0.008825 0.066432 -0.039217
v -0.010507 0.069936 -0.045139
v -0.021538 0.057507 -0.027331
v -0.024559 0.067932 -0.045837
v -0.035913 0.058370 -0.029450
v -0.010270 0.076248 -0.062601
v -0.020424 0.073293 -0.064112
v -0.016830 0.072917 -0.055594
v -0.025495 0.070499 -0.055643
v -0.009833 0.073660 -0.053223
v -0.004463 0.078330 -0.071156
v -0.043693 0.036328 0.001080
v -0.050189 0.030906 0.008396
v -0.043724 0.035183 0.003059
v -0.052738 0.029030 0.008587
v -0.051746 0.029971 0.008939
v -0.043735 0.033392 0.010662
v -0.043728 0.031151 0.016055
v -0.043726 0.028162 0.020854
v -0.043736 0.024404 0.025160
v -0.043734 0.019819 0.028911
v -0.043736 0.014738 0.031804
v -0.043726 0.009428 0.033750
v -0.043732 0.003820 0.034840
v -0.043734 -0.001962 0.034996
v -0.043732 -0.007838 0.034162
v -0.043726 -0.013278 0.032429
v -0.043736 -0.018375 0.029848
v -0.043732 -0.023030 0.026421
v -0.043734 -0.027160 0.022157
v -0.043731 -0.030432 0.017388
v -0.043729 -0.032847 0.012211
v -0.043736 -0.034393 0.006771
v -0.043734 -0.035039 0.000960
v -0.043733 -0.034698 -0.004958
v -0.043726 -0.033424 -0.010525
v -0.043733 -0.031286 -0.015795
v -0.043734 -0.028247 -0.020754
v -0.048737 -0.025469 -0.019885
v -0.048814 0.030997 0.008997
v -0.050867 0.029288 0.010767
v -0.052255 0.026728 0.014012
v -0.052305 0.023524 0.018778
v -0.052470 0.020085 0.022261
v -0.052484 0.015892 0.025398
v -0.052471 0.011064 0.027863
v -0.052479 0.006164 0.029325
v -0.052489 0.001084 0.029931
v -0.052501 -0.003904 0.029677
v -0.052262 -0.008881 0.028799
v -0.052485 -0.013647 0.026669
v -0.052482 -0.018094 0.023882
v -0.052275 -0.025086 0.016676
v -0.052273 -0.021921 0.020666
v -0.052479 -0.027384 0.012173
v -0.052470 -0.029068 0.007342
v -0.052484 -0.029892 0.001993
v -0.052470 -0.029805 -0.003242
v -0.052509 -0.028853 -0.007919
v -0.053092 -0.025326 -0.013435
v -0.053098 0.025233 0.013534
v -0.053135 0.027984 0.007875
v -0.053137 -0.028840 0.000268
v -0.053113 -0.024236 0.015282
v -0.053118 -0.018019 0.022499
v -0.053125 -0.004653 0.028424
v -0.053124 0.008831 0.027090
v -0.053121 0.020389 0.020310
v -0.043645 0.046239 -0.014743
v -0.051552 0.038766 -0.022144
v -0.051611 0.045897 -0.014634
v -0.051620 0.045716 -0.016013
v -0.051304 0.046155 -0.014559
v -0.051327 0.045967 -0.016125
v -0.043645 0.034763 -0.004226
v -0.043645 0.035802 -0.003117
v -0.043645 0.037702 -0.003306
v -0.051635 0.035996 -0.003390
v -0.051489 0.034841 -0.004238
v -0.051548 0.037762 -0.003522
v -0.051311 0.035348 -0.003497
v -0.051322 0.036527 -0.003011
v -0.051555 -0.011515 -0.033106
v -0.043645 -0.005955 -0.034589
v -0.051540 -0.005948 -0.034548
v -0.043645 0.005236 -0.034556
v -0.051531 -0.000237 -0.035039
v -0.051543 0.005252 -0.034666
v -0.051531 0.010606 -0.033396
v -0.043645 0.015934 -0.031273
v -0.051540 0.015915 -0.031235
v -0.043645 0.024879 -0.024547
v -0.051537 0.020789 -0.028210
v -0.051543 0.024958 -0.024626
v -0.051531 0.028487 -0.020404
v -0.043645 0.031484 -0.015513
v -0.051540 0.031446 -0.015494
v -0.051558 0.033554 -0.010141
v -0.051642 -0.017807 -0.030929
v -0.043645 -0.019476 -0.031855
v -0.043645 -0.017437 -0.030496
v -0.043645 -0.016677 -0.041417
v -0.043643 0.000000 0.033619
v -0.043648 0.014189 0.030576
v -0.043645 -0.017184 -0.028880
v -0.043646 0.033594 0.001946
v -0.043647 -0.014189 0.030576
v -0.043647 -0.027792 -0.019081
v -0.043646 -0.025649 0.021714
v -0.043647 -0.032512 0.008905
v -0.043647 -0.003598 -0.033492
v -0.043646 0.025649 0.021714
v -0.043646 -0.033145 -0.005546
v -0.043646 0.031316 -0.012184
v -0.043646 0.017183 -0.028880
v -0.043645 0.007191 -0.032668
v -0.043645 0.025495 -0.021655
v -0.043645 0.031075 0.012381
v -0.051623 -0.019165 -0.032571
v -0.051310 -0.019461 -0.032446
v -0.051493 -0.019053 -0.031548
v -0.051437 -0.017204 -0.030607
v -0.051346 -0.018517 -0.030893
v -0.051534 0.002737 -0.044592
v -0.051531 0.009306 -0.043701
v -0.051540 -0.003447 -0.044532
v -0.051540 0.015305 -0.041961
v -0.051531 0.021018 -0.039428
v -0.051523 0.026619 -0.035895
v -0.051540 0.031309 -0.031854
v -0.051537 0.035420 -0.027224
v -0.051531 -0.009330 -0.043697
v -0.051450 -0.016037 -0.041733
v -0.051626 -0.016573 -0.040998
v -0.051319 -0.016834 -0.041125
v -0.047977 -0.000011 0.030033
v -0.047964 0.005181 0.029574
v -0.048158 0.010170 0.028329
v -0.048167 0.015059 0.026082
v -0.048159 0.019450 0.022972
v -0.048162 0.023166 0.019228
v -0.047964 0.025986 0.015040
v -0.048158 0.028240 0.010417
v -0.047972 0.029571 0.005227
v -0.047964 0.030024 -0.000014
v -0.047968 0.029567 -0.005234
v -0.048159 0.028321 -0.010194
v -0.048158 0.026131 -0.014939
v -0.048167 0.023067 -0.019364
v -0.048158 0.019241 -0.023147
v -0.047968 0.014994 -0.026014
v -0.048159 0.010392 -0.028249
v -0.047964 0.005249 -0.029562
v -0.047972 0.000012 -0.030029
v -0.047964 -0.005228 -0.029565
v -0.048159 -0.010407 -0.028244
v -0.048162 -0.014923 -0.026147
v -0.048158 -0.019254 -0.023136
v -0.048167 -0.023079 -0.019350
v -0.047963 -0.026009 -0.014999
v -0.048159 -0.028327 -0.010179
v -0.047968 -0.029564 -0.005255
v -0.047964 -0.030024 -0.000034
v -0.047972 -0.029575 0.005204
v -0.048158 -0.028234 0.010432
v -0.048159 -0.026004 0.015160
v -0.048162 -0.023155 0.019240
v -0.048159 -0.019437 0.022982
v -0.047972 -0.015023 0.026001
v -0.048158 -0.010155 0.028335
v -0.047964 -0.005202 0.029570
v -0.048305 0.005217 0.030196
v -0.048305 0.026483 0.015417
v -0.048304 0.030222 0.005034
v -0.048304 0.030643 -0.000224
v -0.048303 0.030150 -0.005378
v -0.048303 0.015266 -0.026549
v -0.048305 0.005406 -0.030164
v -0.048303 -0.000073 -0.030618
v -0.048304 -0.005532 -0.030141
v -0.048304 -0.026643 -0.015140
v -0.048303 -0.030176 -0.005229
v -0.048305 -0.030644 -0.000095
v -0.048305 -0.030201 0.005161
v -0.048305 -0.015456 0.026454
v -0.048304 -0.005089 0.030218
v -0.048304 0.000074 0.030631
v -0.048175 0.010518 0.028955
v -0.048177 0.015435 0.026656
v -0.048175 0.019815 0.023587
v -0.048179 0.023588 0.019803
v -0.048175 0.028942 0.010556
v -0.048176 0.028959 -0.010505
v -0.048175 0.026690 -0.015385
v -0.048177 0.023569 -0.019833
v -0.048175 0.019790 -0.023608
v -0.048176 0.010569 -0.028935
v -0.048176 -0.010560 -0.028939
v -0.048179 -0.015402 -0.026671
v -0.048175 -0.019783 -0.023614
v -0.048177 -0.023562 -0.019839
v -0.048176 -0.028956 -0.010514
v -0.048175 -0.028945 0.010547
v -0.048176 -0.026668 0.015421
v -0.048179 -0.023595 0.019795
v -0.048175 -0.019822 0.023581
v -0.048175 -0.010527 0.028953
v -0.043646 -0.003224 0.030039
v -0.043645 0.006449 0.029299
v -0.043644 0.015412 0.025901
v -0.043646 0.024926 0.017115
v -0.043644 0.029726 0.004973
v -0.043645 0.029605 -0.004853
v -0.043645 0.027869 -0.011104
v -0.043644 0.023003 -0.019475
v -0.043645 0.015467 -0.025706
v -0.043645 0.009579 -0.028430
v -0.043644 -0.000000 -0.030140
v -0.043645 -0.009579 -0.028430
v -0.043645 -0.015467 -0.025706
v -0.043644 -0.023003 -0.019475
v -0.043646 -0.029161 -0.007986
v -0.043644 -0.029726 0.004973
v -0.043646 -0.024926 0.017115
v -0.043644 -0.015412 0.025901
v -0.043645 0.024020 0.015615
v -0.043645 0.017248 0.022689
v -0.043645 0.009673 0.026967
v -0.043645 0.000000 0.028500
v -0.043645 0.028357 0.004086
v -0.043645 0.025047 -0.013908
v -0.043645 0.028125 -0.004611
v -0.043645 -0.008619 0.027322
v -0.043645 -0.017247 0.022689
v -0.043645 -0.023397 0.016535
v -0.043645 -0.028177 0.005183
v -0.043645 0.011523 -0.026230
v -0.043645 -0.000556 -0.028644
v -0.043645 0.019599 -0.020691
v -0.043645 -0.025568 -0.012926
v -0.043645 -0.017777 -0.022467
v -0.043645 -0.028125 -0.004611
v -0.043645 -0.009100 -0.027008
v -0.040645 0.000000 0.028500
v -0.040645 0.008619 0.027322
v -0.040645 0.017248 0.022689
v -0.040645 0.023397 0.016535
v -0.040645 0.028177 0.005183
v -0.040645 0.028125 -0.004611
v -0.040645 0.025568 -0.012926
v -0.040645 0.017777 -0.022467
v -0.040645 0.009100 -0.027008
v -0.040645 0.000556 -0.028644
v -0.040645 -0.011523 -0.026230
v -0.040645 -0.019599 -0.020691
v -0.040645 -0.025047 -0.013908
v -0.040645 -0.028125 -0.004611
v -0.040645 -0.028357 0.004086
v -0.040645 -0.024020 0.015615
v -0.040645 -0.017247 0.022689
v -0.040645 -0.009673 0.026967
v -0.040645 0.022089 0.015696
v -0.040645 0.026638 0.004970
v -0.040645 0.008913 0.025731
v -0.040645 0.016340 0.021495
v -0.040645 -0.018706 0.019748
v -0.040645 -0.023855 0.012647
v -0.040645 -0.003458 0.026921
v -0.040645 -0.026831 0.003796
v -0.040645 -0.011337 0.024504
v -0.040645 -0.025945 -0.007821
v -0.040645 -0.022348 -0.015152
v -0.040645 0.018568 -0.019602
v -0.040645 0.011872 -0.024407
v -0.040645 0.022348 -0.015152
v -0.040645 0.025082 -0.009994
v -0.040645 -0.018568 -0.019602
v -0.040645 -0.013920 -0.023135
v -0.040645 0.026644 -0.004368
v -0.040645 -0.005319 -0.026615
v -0.040645 0.002919 -0.026842
v -0.043645 -0.005804 0.026369
v -0.043645 0.003458 0.026921
v -0.043645 -0.011337 0.024504
v -0.043645 -0.018631 0.019668
v -0.043645 -0.023855 0.012647
v -0.043645 -0.026016 0.007223
v -0.043645 -0.027079 -0.002339
v -0.043645 -0.025082 -0.009994
v -0.043645 -0.022348 -0.015152
v -0.043645 -0.018173 -0.019400
v -0.043645 -0.012195 -0.024290
v -0.043645 -0.002919 -0.026842
v -0.043645 0.005824 -0.026458
v -0.043645 0.013920 -0.023135
v -0.043645 0.018568 -0.019602
v -0.043645 0.023872 -0.012656
v -0.043645 0.027079 -0.002339
v -0.043645 0.026016 0.007223
v -0.043645 0.023855 0.012647
v -0.043645 0.018581 0.019616
v -0.043645 0.011337 0.024504
v -0.053145 -0.012153 0.007649
v -0.053145 -0.012774 0.006596
v -0.053145 -0.014073 0.008255
v -0.053145 -0.014131 0.007043
v -0.053145 -0.012813 0.008669
v -0.053145 -0.005527 -0.020716
v -0.053145 -0.006345 -0.022821
v -0.053145 -0.008373 -0.023862
v -0.053145 -0.010519 -0.023159
v -0.053145 -0.011668 -0.021191
v -0.053145 -0.010690 -0.018441
v -0.053145 -0.008198 -0.017771
v -0.053145 -0.006457 -0.018636
v -0.053145 0.000866 -0.016041
v -0.053145 0.000672 -0.014380
v -0.053145 -0.000969 -0.015858
v -0.053145 -0.000637 -0.014365
v -0.053145 0.011108 -0.022597
v -0.053145 0.008848 -0.023862
v -0.053145 0.011624 -0.020682
v -0.053145 0.007005 -0.023341
v -0.053145 0.005711 -0.021839
v -0.053145 0.005815 -0.019583
v -0.053145 0.007113 -0.018137
v -0.053145 0.009023 -0.017771
v -0.053145 0.011022 -0.018865
v -0.053145 0.014152 0.008219
v -0.053145 0.012942 0.006587
v -0.053145 0.012090 0.007603
v -0.053145 0.014000 0.006905
v -0.053145 0.012900 0.008652
v -0.053145 -0.023393 -0.010261
v -0.053145 -0.017959 -0.009841
v -0.053145 -0.019585 -0.011407
v -0.053145 -0.021523 -0.011564
v -0.053145 -0.023795 -0.008389
v -0.053145 -0.023075 -0.006541
v -0.053145 -0.020691 -0.005528
v -0.053145 -0.018136 -0.006938
v -0.053145 -0.006835 0.018314
v -0.053145 -0.005584 0.020194
v -0.053145 -0.008694 0.017744
v -0.053145 -0.010519 0.018416
v -0.053145 -0.011668 0.020384
v -0.053145 -0.010690 0.023134
v -0.053145 -0.006045 0.022426
v -0.053145 -0.007854 0.023777
v -0.053145 0.010386 0.018314
v -0.053145 0.011637 0.020194
v -0.053145 0.008527 0.017744
v -0.053145 0.006702 0.018416
v -0.053145 0.005553 0.020383
v -0.053145 0.006323 0.022856
v -0.053145 0.008365 0.023822
v -0.053145 0.010841 0.022991
v -0.053145 0.021359 -0.011600
v -0.053145 0.023804 -0.008201
v -0.053145 0.019433 -0.011337
v -0.053145 0.022941 -0.006459
v -0.053145 0.023285 -0.010420
v -0.053145 0.020883 -0.005528
v -0.053145 0.017740 -0.009349
v -0.053145 0.018500 -0.006541
v -0.053145 -0.017959 0.007380
v -0.053145 -0.020411 0.005448
v -0.053145 -0.018029 0.009956
v -0.053145 -0.022751 0.011033
v -0.053145 -0.020031 0.011600
v -0.053145 -0.023313 0.006781
v -0.053145 -0.023782 0.009101
v -0.053145 0.023911 0.008337
v -0.053145 0.022280 0.005929
v -0.053145 0.022811 0.010960
v -0.053145 0.020219 0.011642
v -0.053145 0.018454 0.010540
v -0.053145 0.018497 0.006571
v -0.053145 0.017722 0.008776
v -0.053145 0.020135 0.005647
v -0.053145 -0.016518 -0.037286
v -0.053145 -0.013953 -0.014974
v -0.053145 -0.014981 0.012415
v -0.053145 0.013953 -0.014974
v -0.053145 0.014981 0.012415
v -0.050145 -0.008848 -0.023862
v -0.050145 -0.011108 -0.022597
v -0.050145 -0.011624 -0.020682
v -0.050145 -0.011022 -0.018865
v -0.050145 -0.009023 -0.017771
v -0.050145 -0.007113 -0.018137
v -0.050145 -0.005815 -0.019583
v -0.050145 -0.005711 -0.021839
v -0.050145 -0.007005 -0.023341
v -0.050145 -0.007295 -0.021982
v -0.050145 -0.010087 -0.021722
v -0.050145 -0.008161 -0.019032
v -0.050145 -0.006913 -0.020373
v -0.050145 -0.010181 -0.019885
v -0.050145 -0.008854 -0.022518
v -0.043645 -0.009679 -0.022300
v -0.043645 -0.010239 -0.019994
v -0.043645 -0.008281 -0.019006
v -0.043645 -0.006806 -0.020628
v -0.043645 -0.007663 -0.022256
v -0.050145 0.008373 -0.023862
v -0.050145 0.006345 -0.022821
v -0.050145 0.005527 -0.020716
v -0.050145 0.006457 -0.018636
v -0.050145 0.008198 -0.017771
v -0.050145 0.010690 -0.018441
v -0.050145 0.011668 -0.021191
v -0.050145 0.010519 -0.023159
v -0.050145 0.006806 -0.020628
v -0.050145 0.010239 -0.019994
v -0.050145 0.008281 -0.019006
v -0.050145 0.009679 -0.022300
v -0.050145 0.007663 -0.022256
v -0.043645 0.008854 -0.022518
v -0.043645 0.007295 -0.021982
v -0.043645 0.006913 -0.020373
v -0.043645 0.008161 -0.019032
v -0.043645 0.010181 -0.019885
v -0.043645 0.010087 -0.021722
v -0.050145 0.019585 -0.011407
v -0.050145 0.021523 -0.011564
v -0.050145 0.017959 -0.009841
v -0.050145 0.018136 -0.006938
v -0.050145 0.020691 -0.005528
v -0.050145 0.023075 -0.006541
v -0.050145 0.023795 -0.008389
v -0.050145 0.023393 -0.010261
v -0.050145 0.021038 -0.006851
v -0.050145 0.019092 -0.007856
v -0.050145 0.022624 -0.008375
v -0.050145 0.019664 -0.009981
v -0.050145 0.021480 -0.010247
v -0.043645 0.020109 -0.010243
v -0.043645 0.019072 -0.008947
v -0.043645 0.019648 -0.007219
v -0.043645 0.021834 -0.007132
v -0.043645 0.022512 -0.008656
v -0.043645 0.021909 -0.009988
v -0.050145 0.019896 0.005658
v -0.050145 0.017959 0.007380
v -0.050145 0.017875 0.009419
v -0.050145 0.018845 0.011006
v -0.050145 0.021356 0.011642
v -0.050145 0.023091 0.010567
v -0.050145 0.023922 0.008544
v -0.050145 0.022458 0.006028
v -0.050145 0.020594 0.010388
v -0.050145 0.019269 0.009477
v -0.050145 0.022008 0.009829
v -0.050145 0.022564 0.008256
v -0.050145 0.019334 0.007466
v -0.050145 0.021293 0.006938
v -0.043645 0.020281 0.006878
v -0.043645 0.019072 0.008274
v -0.043645 0.019521 0.009845
v -0.043645 0.021110 0.010328
v -0.043645 0.022515 0.009154
v -0.043645 0.022028 0.007380
v -0.050145 0.008694 0.017744
v -0.050145 0.006835 0.018314
v -0.050145 0.005584 0.020194
v -0.050145 0.006045 0.022426
v -0.050145 0.007854 0.023777
v -0.050145 0.010690 0.023134
v -0.050145 0.011668 0.020384
v -0.050145 0.010519 0.018416
v -0.050145 0.010215 0.019863
v -0.050145 0.006878 0.020558
v -0.050145 0.009620 0.022340
v -0.050145 0.007432 0.022117
v -0.050145 0.007974 0.019091
v -0.043645 0.008091 0.019052
v -0.043645 0.006895 0.020451
v -0.043645 0.007601 0.022340
v -0.043645 0.009789 0.022117
v -0.043645 0.010276 0.019977
v -0.050145 -0.008527 0.017744
v -0.050145 -0.010386 0.018314
v -0.050145 -0.011637 0.020194
v -0.050145 -0.010841 0.022991
v -0.050145 -0.008365 0.023822
v -0.050145 -0.006323 0.022856
v -0.050145 -0.005553 0.020383
v -0.050145 -0.006702 0.018416
v -0.050145 -0.006895 0.020451
v -0.050145 -0.010276 0.019977
v -0.050145 -0.007601 0.022340
v -0.050145 -0.009789 0.022117
v -0.050145 -0.008091 0.019052
v -0.043645 -0.010215 0.019863
v -0.043645 -0.009620 0.022340
v -0.043645 -0.007432 0.022117
v -0.043645 -0.006878 0.020558
v -0.043645 -0.007974 0.019091
v -0.050145 -0.020016 0.005573
v -0.050145 -0.022566 0.006147
v -0.050145 -0.023814 0.008017
v -0.050145 -0.023344 0.010254
v -0.050145 -0.021544 0.011600
v -0.050145 -0.019290 0.011261
v -0.050145 -0.017843 0.009517
v -0.050145 -0.018059 0.007259
v -0.050145 -0.019128 0.007883
v -0.050145 -0.022529 0.008759
v -0.050145 -0.019778 0.010163
v -0.050145 -0.021850 0.010009
v -0.050145 -0.020653 0.006868
v -0.050145 -0.022023 0.007377
v -0.043645 -0.021293 0.006938
v -0.043645 -0.022390 0.007924
v -0.043645 -0.022192 0.009738
v -0.043645 -0.020276 0.010312
v -0.043645 -0.019203 0.009293
v -0.043645 -0.019335 0.007461
v -0.050145 -0.021359 -0.011600
v -0.050145 -0.023285 -0.010420
v -0.050145 -0.023804 -0.008201
v -0.050145 -0.022941 -0.006459
v -0.050145 -0.020883 -0.005528
v -0.050145 -0.018500 -0.006541
v -0.050145 -0.017740 -0.009349
v -0.050145 -0.019433 -0.011337
v -0.050145 -0.019372 -0.009636
v -0.050145 -0.022587 -0.009039
v -0.050145 -0.019116 -0.008008
v -0.050145 -0.020192 -0.006991
v -0.050145 -0.021709 -0.007079
v -0.050145 -0.020846 -0.010386
v -0.043645 -0.022238 -0.009672
v -0.043645 -0.022350 -0.007848
v -0.043645 -0.021038 -0.006851
v -0.043645 -0.019092 -0.007865
v -0.043645 -0.019952 -0.010263
v -0.051645 -0.000866 -0.016041
v -0.051645 -0.000698 -0.014412
v -0.051645 0.000601 -0.014326
v -0.051645 0.000969 -0.015858
v -0.051645 -0.014000 0.006905
v -0.051645 -0.014189 0.008103
v -0.051645 -0.013241 0.008675
v -0.051645 -0.012260 0.008169
v -0.051645 -0.012583 0.006666
v -0.051645 0.012774 0.006596
v -0.051645 0.012210 0.008242
v -0.051645 0.013918 0.008502
v -0.051645 0.014131 0.007043
v -0.033459 0.040899 -0.090984
v -0.033723 0.039052 -0.090966
v -0.033600 0.039973 -0.092589
v -0.032881 0.043652 -0.093000
v -0.033972 0.036381 -0.093000
v -0.028442 0.053901 -0.093000
v -0.020941 0.061786 -0.093000
v -0.014693 0.065661 -0.093000
v -0.010726 0.067231 -0.090973
v -0.009875 0.067529 -0.092777
v 0.010741 0.067231 -0.090950
v 0.008973 0.067764 -0.090992
v 0.017001 0.064640 -0.093008
v 0.006859 0.068301 -0.093000
v 0.009847 0.067511 -0.092575
v 0.025613 0.057360 -0.093000
v 0.031667 0.047864 -0.093013
v 0.033464 0.040898 -0.090959
v 0.033719 0.039064 -0.090986
v 0.033922 0.037300 -0.093000
v 0.033597 0.039977 -0.092587
v 0.028397 0.016302 -0.093000
v 0.031753 0.022844 -0.093000
v 0.020879 0.007978 -0.093000
v 0.011292 0.002930 -0.093000
v 0.004133 0.001252 -0.093000
v 0.000922 0.001043 -0.090973
v -0.000927 0.001041 -0.090972
v -0.006686 0.001501 -0.093010
v 0.000002 0.001032 -0.092576
v -0.017133 0.005632 -0.093000
v -0.025694 0.012505 -0.093000
v -0.031412 0.021989 -0.093000
v -0.033724 0.030938 -0.090985
v -0.033611 0.030078 -0.092925
v -0.000923 0.068958 -0.090971
v 0.000927 0.068958 -0.090972
v -0.000025 0.068970 -0.092775
v 0.033458 0.029103 -0.090959
v 0.033619 0.030014 -0.092904
v 0.024289 0.041145 -0.093000
v 0.024286 0.028867 -0.093000
v 0.021519 0.022170 -0.093000
v 0.009485 0.059938 -0.093000
v 0.012837 0.013491 -0.093000
v 0.025066 0.035346 -0.093000
v 0.006145 0.010711 -0.093000
v -0.012830 0.013481 -0.093000
v -0.021519 0.047830 -0.093000
v -0.012836 0.056510 -0.093000
v -0.012081 0.058264 -0.093000
v -0.009896 0.059894 -0.093000
v 0.023518 0.023107 -0.093000
v 0.017969 0.017520 -0.093000
v -0.006133 0.010714 -0.093000
v -0.021509 0.022163 -0.093000
v 0.012828 0.056521 -0.093000
v 0.025141 0.044126 -0.093000
v 0.000346 0.009934 -0.093000
v -0.024289 0.028855 -0.093000
v 0.011711 0.058779 -0.093000
v 0.021509 0.047837 -0.093000
v 0.025165 0.026146 -0.093000
v 0.012030 0.011655 -0.093000
v -0.017480 0.017031 -0.093000
v -0.025141 0.025874 -0.093000
v -0.024286 0.041133 -0.093000
v -0.017969 0.052480 -0.093000
v 0.017480 0.052969 -0.093000
v 0.009126 0.009859 -0.093000
v -0.008854 0.009835 -0.093000
v -0.023345 0.022970 -0.093000
v -0.025066 0.034654 -0.093000
v 0.023345 0.047030 -0.093000
v -0.011893 0.011482 -0.093000
v -0.023518 0.046893 -0.093000
v -0.025165 0.043854 -0.093000
v 0.021477 0.022234 -0.094899
v 0.023320 0.023042 -0.094896
v 0.024634 0.024818 -0.094920
v 0.024978 0.026808 -0.094873
v 0.024210 0.028861 -0.094899
v 0.024991 0.034748 -0.094910
v 0.024213 0.041160 -0.094899
v 0.024961 0.043039 -0.094876
v 0.024716 0.044968 -0.094924
v 0.023455 0.046852 -0.094896
v 0.021460 0.047779 -0.094899
v 0.017850 0.052486 -0.094920
v 0.011803 0.058582 -0.094880
v 0.009629 0.059844 -0.094923
v -0.009470 0.059859 -0.094909
v -0.011680 0.058699 -0.094904
v -0.012777 0.056461 -0.094899
v -0.017493 0.052850 -0.094910
v -0.021477 0.047766 -0.094899
v -0.023320 0.046958 -0.094896
v -0.024633 0.045182 -0.094920
v -0.024978 0.043192 -0.094873
v -0.024210 0.041139 -0.094899
v -0.024986 0.035257 -0.094920
v -0.024213 0.028840 -0.094899
v -0.024961 0.026961 -0.094876
v -0.024716 0.025032 -0.094924
v -0.023455 0.023148 -0.094896
v -0.021460 0.022221 -0.094899
v -0.017850 0.017507 -0.094910
v -0.012766 0.013523 -0.094899
v -0.011958 0.011680 -0.094896
v -0.010182 0.010367 -0.094920
v -0.008192 0.010022 -0.094873
v -0.006139 0.010792 -0.094904
v -0.000252 0.010009 -0.094910
v 0.006160 0.010787 -0.094899
v 0.008034 0.010055 -0.094896
v 0.010114 0.010331 -0.094895
v 0.011852 0.011545 -0.094896
v 0.012779 0.013540 -0.094899
v 0.017486 0.017150 -0.094920
v 0.012765 0.056478 -0.094899
v -0.051645 0.018798 0.004495
v -0.051645 0.019396 -0.000254
v -0.051645 0.016444 0.006844
v -0.051645 0.010086 0.016417
v -0.051645 0.010095 -0.016472
v -0.051645 0.018780 -0.004493
v -0.051645 -0.004510 -0.018785
v -0.051645 0.013655 -0.013783
v -0.051645 0.016440 -0.007054
v -0.051645 0.016499 -0.010082
v -0.051645 0.004477 -0.018740
v -0.051645 -0.010086 -0.016417
v -0.051645 -0.010094 0.016472
v -0.051645 -0.016478 -0.010075
v -0.051645 0.016478 0.010075
v -0.051645 0.013894 0.013536
v -0.051645 -0.005930 -0.017029
v -0.051645 -0.018780 0.004493
v -0.051645 0.004510 0.018785
v -0.051645 0.007848 -0.016234
v -0.051645 -0.004477 0.018740
v -0.051645 -0.018798 -0.004495
v -0.051645 -0.000254 -0.019396
v -0.051645 -0.013894 -0.013536
v -0.051645 -0.007848 0.016234
v -0.051645 -0.016440 0.007054
v -0.051645 -0.019396 0.000254
v -0.051645 -0.016476 0.010099
v -0.051645 -0.016444 -0.006844
v -0.051645 0.000254 0.019396
v -0.051645 -0.013536 0.013894
v -0.051645 0.005930 0.017029
v -0.043645 0.019396 0.000254
v -0.043645 0.018778 0.004494
v -0.043645 -0.019396 -0.000254
v -0.043645 -0.018778 -0.004494
v -0.043645 0.018795 -0.004496
v -0.043645 -0.018795 0.004496
v -0.048645 0.014025 -0.013406
v -0.048645 0.016525 -0.010085
v -0.043645 0.016212 -0.009230
v -0.043645 0.017023 -0.006033
v -0.048645 0.018307 -0.012594
v -0.043645 0.018548 -0.012726
v -0.048645 0.021735 -0.013152
v -0.043645 0.021868 -0.013218
v -0.048645 0.013536 0.013894
v -0.048645 0.010287 0.016467
v -0.048645 0.016490 0.010068
v -0.043645 0.016912 0.006281
v -0.043645 0.016218 0.008540
v -0.048645 0.018551 0.012730
v -0.043645 0.019724 0.012994
v -0.043645 0.017271 0.011600
v -0.048645 -0.000254 0.019396
v -0.048645 -0.004511 0.018797
v -0.048645 0.004547 0.018775
v -0.048645 -0.013894 0.013536
v -0.048645 -0.016464 0.010326
v -0.048645 -0.010061 0.016491
v -0.043645 -0.016232 0.008658
v -0.043645 -0.017023 0.006033
v -0.043645 -0.017091 0.011307
v -0.048645 -0.019241 0.012902
v -0.043645 -0.019006 0.012767
v -0.043645 -0.021480 0.013113
v -0.048645 -0.013536 -0.013894
v -0.048645 -0.010287 -0.016467
v -0.048645 -0.016490 -0.010068
v -0.043645 -0.016912 -0.006281
v -0.043645 -0.016218 -0.008540
v -0.048645 -0.021480 -0.013113
v -0.043645 -0.019241 -0.012902
v -0.048645 -0.018171 -0.012415
v -0.043645 -0.017035 -0.011200
v -0.048645 0.000254 -0.019396
v -0.048645 0.004511 -0.018797
v -0.048645 -0.004547 -0.018775
v -0.043645 0.022066 0.014006
v -0.048645 0.022009 0.014124
v -0.048645 0.021868 0.013218
v -0.043645 0.021735 0.013152
v -0.048645 0.012878 0.019164
v -0.048645 0.018491 0.018491
v -0.048645 0.013152 0.021735
v -0.048645 0.013990 0.022066
v -0.043645 0.018491 0.018491
v -0.043645 0.014130 0.022007
v -0.043645 0.013218 0.021868
v -0.043645 0.007402 0.016247
v -0.043645 0.004494 0.018817
v -0.048645 0.004820 0.023257
v -0.043645 0.004204 0.022198
v -0.048645 0.004048 0.020984
v -0.043645 0.011174 0.016994
v -0.043645 0.012961 0.019401
v -0.043645 0.005638 0.025525
v -0.048645 0.005678 0.025503
v -0.043645 0.006104 0.024725
v -0.048645 0.006091 0.024718
v -0.048645 -0.004204 0.022198
v -0.048645 -0.006103 0.024733
v -0.048645 -0.005638 0.025525
v -0.048645 0.000000 0.026150
v -0.043645 0.000000 0.026150
v -0.043645 -0.005678 0.025503
v -0.043645 -0.006092 0.024709
v -0.043645 -0.005885 0.017055
v -0.043645 -0.008755 0.016260
v -0.048645 -0.012961 0.019401
v -0.043645 -0.012878 0.019164
v -0.048645 -0.011565 0.017362
v -0.043645 -0.011061 0.016940
v -0.043645 -0.004284 0.019445
v -0.043645 -0.004300 0.022470
v -0.048645 -0.013100 0.021501
v -0.048645 -0.021735 0.013152
v -0.048645 -0.022066 0.013990
v -0.048645 -0.013721 0.022128
v -0.048645 -0.018491 0.018491
v -0.043645 -0.018491 0.018491
v -0.043645 -0.014017 0.022066
v -0.043645 -0.013152 0.021735
v -0.043645 -0.022143 0.013758
v -0.048645 0.022066 -0.014006
v -0.043645 0.022009 -0.014123
v -0.048645 0.012961 -0.019401
v -0.048645 0.018491 -0.018491
v -0.048645 0.013721 -0.022128
v -0.048645 0.013100 -0.021501
v -0.048645 0.010354 -0.016459
v -0.043645 0.018491 -0.018491
v -0.043645 0.014017 -0.022066
v -0.043645 0.013152 -0.021735
v -0.043645 0.005885 -0.017055
v -0.043645 0.008755 -0.016260
v -0.043645 0.012878 -0.019164
v -0.043645 0.011061 -0.016940
v -0.043645 0.004284 -0.019445
v -0.048645 0.004204 -0.022198
v -0.043645 0.004300 -0.022470
v -0.048645 0.006101 -0.024744
v -0.043645 0.006090 -0.024730
v -0.043645 0.005678 -0.025503
v -0.048645 0.005638 -0.025525
v -0.048645 0.000000 -0.026150
v -0.048645 -0.004048 -0.020984
v -0.048645 -0.005678 -0.025503
v -0.048645 -0.006090 -0.024730
v -0.048645 -0.004820 -0.023257
v -0.043645 0.000000 -0.026150
v -0.043645 -0.005638 -0.025525
v -0.043645 -0.006101 -0.024744
v -0.043645 -0.007402 -0.016247
v -0.043645 -0.004494 -0.018817
v -0.043645 -0.004204 -0.022198
v -0.043645 -0.011174 -0.016994
v -0.048645 -0.012878 -0.019164
v -0.043645 -0.012961 -0.019401
v -0.043645 -0.013218 -0.021868
v -0.048645 -0.022128 -0.013721
v -0.048645 -0.018491 -0.018491
v -0.048645 -0.013990 -0.022066
v -0.048645 -0.013152 -0.021735
v -0.043645 -0.014130 -0.022007
v -0.043645 -0.021997 -0.014146
v -0.043645 -0.021886 -0.013219
v -0.043656 -0.022256 0.002151
v -0.043648 -0.024835 0.000983
v -0.043648 -0.024768 -0.001098
v -0.043655 -0.022074 -0.002117
v -0.043646 0.022087 0.001994
v -0.043646 0.023413 -0.001994
v -0.043648 0.024835 -0.000983
v -0.043656 0.024552 0.001495
v -0.043648 0.020665 0.000983
v -0.043657 0.020948 -0.001495
v -0.043651 -0.020385 0.000070
v -0.044146 0.023538 -0.001437
v -0.044152 0.024491 -0.000466
v -0.044164 0.023965 0.001294
v -0.044146 0.021962 0.001437
v -0.044152 0.021009 0.000466
v -0.044164 0.021535 -0.001294
v -0.048645 0.021941 -0.001430
v -0.048645 0.023559 0.001430
v -0.048645 0.024502 0.000435
v -0.048645 0.023944 -0.001315
v -0.048645 0.020998 -0.000435
v -0.048645 0.021556 0.001315
v -0.044147 -0.021962 -0.001437
v -0.044152 -0.021009 -0.000466
v -0.044168 -0.021539 0.001296
v -0.044146 -0.023538 0.001437
v -0.044152 -0.024491 0.000466
v -0.044164 -0.023965 -0.001294
v -0.048645 -0.023559 -0.001430
v -0.048645 -0.024502 -0.000435
v -0.048645 -0.023944 0.001315
v -0.048645 -0.021941 0.001430
v -0.048645 -0.020998 0.000435
v -0.048645 -0.021556 -0.001315
v 0.022139 0.033556 -0.101000
v 0.021341 0.034312 -0.106000
v 0.021237 0.034703 -0.101000
v 0.021635 0.036102 -0.101000
v 0.021568 0.036076 -0.106000
v 0.023133 0.036512 -0.101000
v 0.023624 0.036357 -0.106000
v 0.024089 0.035764 -0.101000
v 0.024033 0.033996 -0.101000
v 0.024196 0.034271 -0.106000
v 0.022698 0.033433 -0.106000
v -0.033913 0.030594 -0.105949
v -0.034192 0.036726 -0.105910
v -0.030902 0.049795 -0.105898
v -0.027314 0.055792 -0.105837
v -0.026130 0.055114 -0.105992
v -0.030854 0.046609 -0.105988
v -0.032857 0.037032 -0.105989
v -0.033208 0.043791 -0.105790
v -0.017378 0.064460 -0.105928
v -0.013581 0.058133 -0.105993
v -0.018155 0.060420 -0.105986
v -0.020622 0.060515 -0.105980
v -0.022156 0.061080 -0.105957
v 0.017036 0.014276 -0.105837
v 0.013501 0.014003 -0.106001
v 0.018701 0.018333 -0.105956
v 0.020851 0.018316 -0.105939
v 0.011942 0.011074 -0.105955
v 0.017445 0.026598 -0.106000
v 0.018640 0.025865 -0.106000
v 0.019274 0.028115 -0.106000
v 0.018621 0.028869 -0.106000
v 0.018476 0.023987 -0.106000
v 0.019598 0.024567 -0.106000
v 0.020258 0.023117 -0.106000
v 0.021425 0.024233 -0.106000
v 0.021109 0.021787 -0.106002
v 0.022898 0.025732 -0.106000
v 0.021558 0.028461 -0.106000
v 0.023305 0.028959 -0.106000
v 0.022742 0.027358 -0.106000
v 0.020852 0.029723 -0.106000
v 0.025461 0.026506 -0.105972
v 0.024535 0.030091 -0.106000
v 0.026585 0.035822 -0.106000
v 0.024631 0.039291 -0.106000
v 0.025047 0.044379 -0.105945
v 0.024133 0.040592 -0.106000
v 0.018621 0.041131 -0.106000
v 0.019394 0.041896 -0.106000
v 0.017445 0.043402 -0.106000
v 0.018625 0.043317 -0.106000
v 0.018997 0.044907 -0.106000
v 0.020852 0.040277 -0.106000
v 0.018476 0.046013 -0.106000
v 0.020397 0.045751 -0.106000
v 0.020925 0.051396 -0.106001
v 0.020997 0.048529 -0.106001
v 0.021985 0.045468 -0.106000
v 0.022604 0.042289 -0.106000
v 0.022905 0.044136 -0.106000
v 0.022862 0.040965 -0.106000
v 0.020504 0.047015 -0.106000
v 0.020960 0.041437 -0.106000
v 0.016739 0.053649 -0.105956
v 0.013774 0.055857 -0.106001
v 0.010242 0.057396 -0.106000
v 0.014181 0.057671 -0.105930
v 0.010721 0.055130 -0.106000
v 0.012214 0.055763 -0.106000
v 0.011013 0.053476 -0.106000
v 0.009415 0.053716 -0.106000
v 0.008402 0.052445 -0.106000
v 0.006441 0.056213 -0.106000
v 0.005966 0.057864 -0.106000
v 0.005277 0.055853 -0.106000
v 0.006130 0.053622 -0.106000
v 0.007146 0.054028 -0.106000
v 0.005463 0.059299 -0.106002
v 0.007735 0.057857 -0.106000
v -0.001438 0.060010 -0.105970
v -0.003800 0.061392 -0.106001
v 0.007260 0.060657 -0.106001
v -0.005486 0.059266 -0.106002
v -0.010696 0.056429 -0.106000
v -0.007412 0.057645 -0.106000
v -0.005965 0.057862 -0.106000
v -0.005277 0.055853 -0.106000
v -0.006419 0.056077 -0.106000
v -0.006839 0.054514 -0.106000
v -0.013466 0.055998 -0.106001
v -0.006130 0.053622 -0.106000
v -0.008402 0.052445 -0.106000
v -0.008691 0.053511 -0.106000
v -0.011013 0.053476 -0.106000
v -0.010595 0.054814 -0.106000
v -0.012024 0.055511 -0.106000
v -0.009486 0.057857 -0.106000
v -0.017149 0.056192 -0.106000
v -0.018685 0.051683 -0.105960
v -0.016602 0.058082 -0.105994
v -0.021992 0.051020 -0.105995
v -0.020480 0.045799 -0.106000
v -0.020763 0.047214 -0.106000
v -0.018476 0.046013 -0.106000
v -0.019086 0.044976 -0.106000
v -0.017445 0.043402 -0.106000
v -0.018585 0.043422 -0.106000
v -0.018621 0.041131 -0.106000
v -0.019756 0.041596 -0.106000
v -0.020853 0.040277 -0.106000
v -0.020857 0.048774 -0.106001
v -0.021577 0.041580 -0.106000
v -0.022639 0.044960 -0.106000
v -0.023305 0.041041 -0.106000
v -0.022772 0.042637 -0.106000
v -0.024655 0.046345 -0.105994
v -0.024482 0.040025 -0.106000
v -0.026641 0.040429 -0.105992
v -0.024494 0.038525 -0.106000
v -0.027137 0.034654 -0.105981
v -0.026752 0.029758 -0.106000
v -0.024651 0.030593 -0.106000
v -0.027430 0.028110 -0.105992
v -0.025218 0.025992 -0.105994
v -0.032280 0.023549 -0.105904
v -0.029873 0.027181 -0.105894
v -0.031579 0.027949 -0.105979
v -0.032364 0.029321 -0.105983
v -0.023993 0.029325 -0.106000
v -0.022155 0.020031 -0.105935
v -0.020997 0.021499 -0.106001
v -0.020364 0.024147 -0.106000
v -0.017445 0.026598 -0.106000
v -0.018583 0.025953 -0.106000
v -0.018476 0.023987 -0.106000
v -0.020511 0.022976 -0.106000
v -0.018621 0.028869 -0.106000
v -0.019540 0.028311 -0.106000
v -0.020853 0.029723 -0.106000
v -0.022814 0.027271 -0.106000
v -0.022862 0.029035 -0.106000
v -0.021648 0.028394 -0.106000
v -0.022688 0.025191 -0.106000
v -0.018827 0.015909 -0.105867
v -0.016747 0.016361 -0.105944
v -0.013427 0.014009 -0.106002
v -0.014728 0.012672 -0.105941
v -0.005277 0.014147 -0.106000
v -0.006328 0.014011 -0.106000
v -0.007537 0.012313 -0.106000
v -0.006001 0.011994 -0.106000
v 0.001470 0.009990 -0.105968
v 0.003828 0.008612 -0.106001
v -0.005044 0.008689 -0.105964
v -0.005328 0.010632 -0.106002
v -0.010839 0.013923 -0.106000
v -0.006130 0.016377 -0.106000
v -0.007805 0.016358 -0.106000
v -0.012023 0.014490 -0.106000
v -0.008402 0.017555 -0.106000
v -0.011013 0.016524 -0.106000
v -0.010080 0.015864 -0.106000
v -0.009373 0.012092 -0.106000
v 0.010893 0.014011 -0.106000
v 0.012024 0.014489 -0.106000
v 0.007848 0.012092 -0.106000
v 0.006029 0.011843 -0.106000
v 0.005194 0.010586 -0.106002
v 0.005277 0.014147 -0.106000
v 0.006320 0.014167 -0.106000
v 0.011013 0.016524 -0.106000
v 0.006130 0.016377 -0.106000
v 0.007735 0.016282 -0.106000
v 0.008402 0.017555 -0.106000
v 0.009808 0.016070 -0.106000
v 0.009683 0.012313 -0.106000
v 0.023959 0.037942 -0.106000
v 0.024211 0.031964 -0.106000
v 0.019790 0.034790 -0.106000
v 0.021397 0.037571 -0.105992
v 0.021466 0.032431 -0.106000
v -0.023960 0.032059 -0.106000
v -0.024562 0.034550 -0.106000
v -0.023810 0.036338 -0.106000
v -0.020463 0.036891 -0.106000
v -0.019989 0.034345 -0.106000
v -0.021380 0.033792 -0.106000
v -0.023398 0.037827 -0.106000
v -0.021353 0.036215 -0.106000
v -0.021397 0.032430 -0.105992
v -0.023416 0.033533 -0.106000
v -0.023810 0.033662 -0.101000
v -0.021380 0.036208 -0.101000
v -0.021353 0.033785 -0.101000
v -0.024508 0.034801 -0.101000
v -0.023991 0.036274 -0.101000
v -0.017315 0.056790 -0.105095
v -0.018091 0.057196 -0.104377
v -0.018985 0.057841 -0.104026
v -0.029018 0.029232 -0.104106
v -0.030311 0.029497 -0.104114
v -0.031441 0.029310 -0.104721
v -0.021654 0.053524 -0.104317
v -0.025133 0.048577 -0.104320
v -0.027484 0.042526 -0.104317
v -0.028522 0.036568 -0.104320
v -0.024843 0.053034 -0.104022
v -0.029244 0.044318 -0.104008
v -0.030952 0.036443 -0.104123
v -0.025725 0.054123 -0.104716
v -0.030158 0.045860 -0.104715
v -0.032010 0.036668 -0.104715
v 0.020498 0.045795 -0.101000
v 0.019086 0.044976 -0.101000
v 0.018602 0.042923 -0.101000
v 0.020383 0.041439 -0.101000
v 0.022583 0.042188 -0.101000
v 0.022639 0.044960 -0.101000
v 0.020948 0.028679 -0.101000
v 0.019086 0.027755 -0.101000
v 0.018583 0.025953 -0.101000
v 0.019705 0.024506 -0.101000
v 0.021562 0.024277 -0.101000
v 0.022836 0.025638 -0.101000
v 0.022814 0.027271 -0.101000
v 0.007412 0.016070 -0.101000
v 0.006328 0.014011 -0.101000
v 0.007968 0.012059 -0.101000
v 0.010406 0.012790 -0.101000
v 0.010637 0.015095 -0.101000
v 0.009250 0.016328 -0.101000
v -0.021558 0.028461 -0.101000
v -0.022742 0.027358 -0.101000
v -0.022898 0.025732 -0.101000
v -0.021430 0.024236 -0.101000
v -0.019611 0.024552 -0.101000
v -0.018640 0.025865 -0.101000
v -0.019269 0.028106 -0.101000
v -0.009808 0.016070 -0.101000
v -0.010893 0.014011 -0.101000
v -0.009253 0.012059 -0.101000
v -0.007434 0.012375 -0.101000
v -0.006320 0.014167 -0.101000
v -0.007735 0.016282 -0.101000
v -0.021985 0.045468 -0.101000
v -0.022905 0.044136 -0.101000
v -0.022604 0.042289 -0.101000
v -0.020963 0.041437 -0.101000
v -0.019396 0.041893 -0.101000
v -0.018540 0.044058 -0.101000
v -0.020147 0.045726 -0.101000
v -0.010242 0.057396 -0.101000
v -0.010721 0.055130 -0.101000
v -0.009253 0.053634 -0.101000
v -0.007012 0.054208 -0.101000
v -0.006441 0.056213 -0.101000
v -0.007735 0.057857 -0.101000
v 0.007412 0.057645 -0.101000
v 0.006419 0.056077 -0.101000
v 0.007273 0.053930 -0.101000
v 0.009330 0.053722 -0.101000
v 0.010595 0.054814 -0.101000
v 0.010696 0.056429 -0.101000
v 0.009486 0.057857 -0.101000
v -0.028117 0.029654 -0.104378
v -0.030338 0.028429 -0.104527
v -0.028348 0.028045 -0.105090
v -0.027232 0.029675 -0.105121
v -0.018379 0.058714 -0.104303
v -0.019738 0.058690 -0.104116
v -0.019933 0.059800 -0.104694
v -0.017623 0.059249 -0.105045
v 0.013723 0.014134 -0.105315
v 0.020839 0.021231 -0.105273
v 0.018904 0.023678 -0.105047
v 0.017968 0.024671 -0.105046
v 0.017459 0.026275 -0.105049
v 0.018051 0.028298 -0.105039
v 0.019373 0.029373 -0.105047
v 0.021056 0.029708 -0.105053
v 0.019838 0.022219 -0.104059
v 0.020311 0.023024 -0.104956
v 0.020899 0.022001 -0.105017
v 0.020559 0.021284 -0.104599
v 0.020753 0.022578 -0.105261
v 0.020233 0.021686 -0.104201
v 0.023835 0.029314 -0.105002
v 0.024271 0.030824 -0.104486
v 0.023150 0.030286 -0.103998
v 0.022930 0.029646 -0.104291
v 0.023795 0.030257 -0.104181
v 0.024433 0.029986 -0.105022
v 0.022811 0.029093 -0.105001
v 0.024540 0.031136 -0.105103
v 0.021892 0.032246 -0.105003
v 0.020370 0.033364 -0.104996
v 0.019899 0.034715 -0.105009
v 0.020025 0.035885 -0.105009
v 0.020610 0.036905 -0.105009
v 0.021555 0.037605 -0.105009
v 0.023434 0.031245 -0.104097
v 0.023643 0.031769 -0.104494
v 0.023791 0.032096 -0.105149
v 0.024426 0.038543 -0.105175
v 0.023291 0.039602 -0.104002
v 0.023652 0.039061 -0.104062
v 0.023757 0.038305 -0.104442
v 0.023515 0.037839 -0.105172
v 0.024533 0.039832 -0.105208
v 0.024202 0.039649 -0.104439
v 0.021057 0.040292 -0.105051
v 0.019364 0.040631 -0.105046
v 0.018280 0.041461 -0.105045
v 0.017608 0.042680 -0.105025
v 0.017515 0.044054 -0.105046
v 0.017974 0.045338 -0.105048
v 0.018913 0.046328 -0.105048
v 0.022892 0.040119 -0.104155
v 0.022711 0.040609 -0.104565
v 0.023371 0.040522 -0.104485
v 0.023966 0.040591 -0.105021
v 0.023459 0.040890 -0.105261
v 0.022715 0.040907 -0.105224
v 0.020875 0.047600 -0.105311
v 0.020865 0.048729 -0.105322
v 0.013763 0.055840 -0.105267
v 0.020314 0.048511 -0.104285
v 0.020186 0.046903 -0.104987
v 0.019894 0.047696 -0.104085
v 0.020776 0.048523 -0.104795
v 0.020565 0.047375 -0.104850
v 0.011322 0.053904 -0.105047
v 0.010329 0.052968 -0.105046
v 0.009044 0.052514 -0.105045
v 0.007670 0.052610 -0.105024
v 0.006455 0.053287 -0.105047
v 0.005627 0.054373 -0.105047
v 0.005292 0.056057 -0.105053
v 0.012781 0.054838 -0.104059
v 0.012318 0.055218 -0.104482
v 0.011891 0.055192 -0.105036
v 0.012999 0.055899 -0.105017
v 0.013716 0.055559 -0.104599
v 0.012423 0.055753 -0.105261
v 0.013314 0.055233 -0.104201
v 0.004777 0.058250 -0.104020
v 0.005857 0.057691 -0.104986
v 0.005356 0.057987 -0.104282
v 0.004884 0.058963 -0.104355
v 0.005026 0.059438 -0.105077
v 0.005880 0.058321 -0.105017
v 0.005557 0.059017 -0.105030
v -0.005029 0.059459 -0.105291
v -0.005292 0.056058 -0.105051
v -0.005631 0.054363 -0.105046
v -0.006463 0.053279 -0.105046
v -0.007680 0.052608 -0.105025
v -0.009054 0.052515 -0.105047
v -0.010338 0.052974 -0.105048
v -0.011328 0.053913 -0.105048
v -0.004896 0.059251 -0.104634
v -0.004623 0.058544 -0.104026
v -0.005278 0.057803 -0.104250
v -0.005846 0.057644 -0.105019
v -0.005641 0.058899 -0.104985
v -0.005892 0.058088 -0.104919
v -0.012285 0.055608 -0.104949
v -0.013740 0.055853 -0.105241
v -0.012460 0.054893 -0.104226
v -0.013571 0.055514 -0.104463
v -0.011929 0.055191 -0.104917
v -0.013052 0.055911 -0.105029
v -0.020804 0.048761 -0.105028
v -0.018904 0.046322 -0.105047
v -0.017968 0.045329 -0.105046
v -0.017459 0.043725 -0.105049
v -0.018051 0.041702 -0.105039
v -0.019373 0.040627 -0.105047
v -0.021056 0.040292 -0.105053
v -0.019850 0.048183 -0.104027
v -0.019877 0.047433 -0.104228
v -0.020145 0.046877 -0.105019
v -0.020907 0.047930 -0.105049
v -0.020375 0.048418 -0.104309
v -0.020492 0.047160 -0.104919
v -0.023835 0.040686 -0.105002
v -0.024467 0.040017 -0.105220
v -0.023069 0.040333 -0.104254
v -0.023893 0.039444 -0.104198
v -0.022811 0.040907 -0.105001
v -0.024177 0.039960 -0.104594
v -0.021892 0.037754 -0.105003
v -0.020370 0.036636 -0.104996
v -0.019899 0.035285 -0.105009
v -0.020025 0.034115 -0.105009
v -0.020610 0.033095 -0.105009
v -0.021555 0.032395 -0.105009
v -0.024512 0.038957 -0.104873
v -0.023434 0.038755 -0.104097
v -0.023643 0.038231 -0.104494
v -0.023791 0.037904 -0.105149
v -0.023508 0.030445 -0.104019
v -0.023453 0.031508 -0.104189
v -0.024092 0.030200 -0.104432
v -0.024540 0.030504 -0.104964
v -0.023631 0.032108 -0.105012
v -0.024396 0.031413 -0.104919
v -0.021058 0.029708 -0.105051
v -0.019363 0.029369 -0.105046
v -0.018280 0.028539 -0.105045
v -0.017608 0.027320 -0.105025
v -0.017515 0.025946 -0.105046
v -0.017974 0.024662 -0.105048
v -0.018913 0.023672 -0.105048
v -0.022711 0.029391 -0.104565
v -0.023097 0.029783 -0.104180
v -0.023493 0.029177 -0.104964
v -0.024299 0.029668 -0.105135
v -0.022715 0.029093 -0.105224
v -0.020608 0.022715 -0.104949
v -0.020852 0.021253 -0.105251
v -0.019801 0.021843 -0.104019
v -0.019893 0.022540 -0.104226
v -0.020514 0.021429 -0.104463
v -0.020191 0.023071 -0.104917
v -0.020911 0.021948 -0.105029
v -0.013752 0.014194 -0.105025
v -0.011322 0.016096 -0.105047
v -0.010329 0.017032 -0.105046
v -0.009044 0.017486 -0.105045
v -0.007670 0.017390 -0.105024
v -0.006455 0.016713 -0.105047
v -0.005627 0.015627 -0.105047
v -0.005310 0.014300 -0.105048
v -0.005717 0.012681 -0.105141
v -0.013183 0.015150 -0.104027
v -0.012433 0.015123 -0.104228
v -0.011877 0.014855 -0.105019
v -0.012930 0.014093 -0.105049
v -0.013418 0.014625 -0.104309
v -0.012160 0.014508 -0.104919
v -0.005951 0.011796 -0.105251
v -0.004811 0.011082 -0.104285
v -0.005256 0.012123 -0.104225
v -0.005038 0.010579 -0.105016
v -0.005749 0.011958 -0.104665
v -0.005557 0.010984 -0.105029
v 0.005292 0.013942 -0.105051
v 0.005631 0.015637 -0.105046
v 0.006463 0.016721 -0.105046
v 0.007680 0.017392 -0.105025
v 0.009054 0.017485 -0.105047
v 0.010338 0.017026 -0.105048
v 0.011328 0.016087 -0.105048
v 0.005012 0.010537 -0.105260
v 0.005893 0.012169 -0.104955
v 0.005587 0.011031 -0.105017
v 0.004834 0.010744 -0.104618
v 0.005891 0.011541 -0.105261
v 0.012600 0.014125 -0.105311
v 0.013497 0.014636 -0.104329
v 0.013065 0.015173 -0.104022
v 0.011904 0.014814 -0.104986
v 0.012467 0.014959 -0.104282
v 0.013523 0.014224 -0.104795
v 0.012375 0.014435 -0.104850
v -0.000526 0.010853 -0.104071
v -0.000295 0.010043 -0.104816
v 0.000000 0.016715 -0.104000
v -0.004737 0.011828 -0.104022
v 0.004844 0.011532 -0.104061
v -0.005540 0.017590 -0.104005
v -0.009679 0.019353 -0.103966
v -0.004752 0.013534 -0.104244
v -0.004597 0.015417 -0.104085
v -0.006707 0.017649 -0.104303
v -0.009429 0.018103 -0.104221
v -0.011552 0.017222 -0.104079
v -0.017779 0.018536 -0.104082
v -0.015851 0.025679 -0.103963
v -0.017877 0.017593 -0.104785
v 0.005102 0.017414 -0.103994
v 0.011819 0.016461 -0.104244
v 0.010597 0.017902 -0.104085
v 0.007608 0.018414 -0.104029
v 0.006067 0.017249 -0.104273
v 0.004496 0.015009 -0.104085
v 0.005321 0.012165 -0.104282
v 0.012518 0.021565 -0.104000
v 0.016670 0.017554 -0.104057
v 0.016084 0.026306 -0.104001
v 0.017440 0.017140 -0.104823
v -0.017412 0.029492 -0.104008
v -0.018539 0.023181 -0.104244
v -0.017100 0.024406 -0.104087
v -0.017021 0.027469 -0.104313
v -0.018575 0.029937 -0.104080
v -0.021235 0.031027 -0.103993
v -0.021044 0.030297 -0.104274
v -0.018288 0.033656 -0.103986
v -0.023144 0.039716 -0.103999
v -0.021336 0.031911 -0.104342
v -0.020839 0.037551 -0.104440
v -0.019467 0.033565 -0.104179
v -0.019210 0.035379 -0.104171
v -0.019739 0.037180 -0.104091
v -0.021963 0.038741 -0.104010
v -0.021361 0.039704 -0.104225
v -0.019511 0.039989 -0.104340
v -0.017758 0.041133 -0.104254
v -0.016694 0.042466 -0.104042
v -0.016733 0.044627 -0.104080
v -0.018083 0.046734 -0.104110
v -0.017635 0.039988 -0.103990
v -0.013455 0.047480 -0.104000
v -0.016464 0.052779 -0.104082
v -0.013157 0.054801 -0.104019
v -0.017485 0.052833 -0.104820
v -0.008176 0.051358 -0.104000
v -0.011819 0.053539 -0.104244
v -0.010597 0.052098 -0.104085
v -0.007461 0.052088 -0.104342
v -0.006014 0.052238 -0.104030
v -0.004475 0.055025 -0.104078
v -0.004878 0.058151 -0.104035
v 0.000355 0.053359 -0.104000
v -0.000389 0.059612 -0.104352
v 0.001832 0.059919 -0.105220
v 0.008595 0.051179 -0.104002
v 0.004752 0.056466 -0.104244
v 0.004597 0.054583 -0.104085
v 0.006479 0.052036 -0.104049
v 0.008268 0.051942 -0.104361
v 0.011347 0.052960 -0.104288
v 0.011419 0.052352 -0.104036
v 0.012575 0.048275 -0.104000
v 0.017447 0.051703 -0.104071
v 0.017892 0.052378 -0.104793
v 0.017222 0.029001 -0.104046
v 0.020620 0.030313 -0.104311
v 0.018092 0.029242 -0.104264
v 0.016842 0.026738 -0.104273
v 0.017369 0.023999 -0.104097
v 0.019803 0.022789 -0.104395
v 0.021100 0.031019 -0.103999
v 0.017648 0.039990 -0.104001
v 0.018302 0.034268 -0.104000
v 0.021972 0.038171 -0.104364
v 0.021298 0.032041 -0.104395
v 0.020267 0.037713 -0.104099
v 0.019467 0.036435 -0.104179
v 0.019323 0.033917 -0.104200
v 0.018539 0.046819 -0.104244
v 0.017098 0.045597 -0.104085
v 0.016541 0.042926 -0.104020
v 0.017751 0.041067 -0.104273
v 0.021235 0.038973 -0.103993
v 0.021044 0.039703 -0.104274
v -0.013455 0.058676 -0.105484
v -0.009221 0.009623 -0.105500
v 0.001894 0.008067 -0.105500
v 0.007450 0.009048 -0.105500
v 0.024268 0.023165 -0.105500
v 0.026984 0.034055 -0.105500
v 0.026591 0.039684 -0.105500
v 0.022389 0.050091 -0.105500
v 0.018763 0.054415 -0.105500
v 0.009248 0.060367 -0.105500
v 0.003774 0.061735 -0.105500
v -0.001865 0.061935 -0.105500
v -0.007423 0.060960 -0.105500
v -0.025518 0.025496 -0.105469
v -0.021785 0.019476 -0.101063
v -0.018743 0.015565 -0.101500
v -0.014294 0.012094 -0.101500
v -0.007873 0.009392 -0.101038
v -0.003745 0.008261 -0.101500
v 0.002456 0.008330 -0.101121
v 0.007450 0.009048 -0.101500
v 0.012682 0.011164 -0.101500
v 0.018045 0.015249 -0.101075
v 0.021278 0.018379 -0.101500
v 0.024384 0.024066 -0.101035
v 0.026198 0.028467 -0.101500
v 0.026984 0.034055 -0.101500
v 0.026208 0.040318 -0.101048
v 0.025037 0.045108 -0.101500
v 0.022389 0.050091 -0.101500
v 0.018167 0.054667 -0.101105
v 0.013616 0.058026 -0.101063
v 0.007793 0.060621 -0.101036
v 0.003774 0.061735 -0.101500
v -0.003293 0.061587 -0.101052
v -0.007423 0.060960 -0.101500
v -0.013446 0.058686 -0.101526
v -0.013581 0.058133 -0.101007
v -0.017368 0.064518 -0.101087
v 0.023384 0.047426 -0.101000
v 0.026259 0.031308 -0.101000
v 0.010753 0.010600 -0.101000
v -0.015747 0.013482 -0.100999
v -0.025218 0.025992 -0.101006
v -0.025519 0.025509 -0.101521
v -0.032250 0.023599 -0.101079
v -0.022637 0.060635 -0.101052
v -0.027667 0.055320 -0.101163
v -0.031187 0.049197 -0.101093
v -0.033134 0.043651 -0.101097
v -0.034286 0.036520 -0.101168
v -0.033818 0.029914 -0.101051
v 0.000000 0.016715 -0.103000
v 0.005540 0.017590 -0.102995
v 0.009679 0.019353 -0.103034
v 0.015851 0.025679 -0.103037
v 0.017412 0.029492 -0.102992
v 0.018288 0.033656 -0.103014
v 0.017635 0.039988 -0.103010
v 0.016694 0.042466 -0.102958
v 0.013455 0.047480 -0.103000
v 0.008175 0.051354 -0.103001
v -0.000355 0.053359 -0.103000
v -0.006478 0.052039 -0.102951
v -0.008598 0.051172 -0.103000
v -0.012575 0.048275 -0.103000
v -0.016080 0.043781 -0.103025
v -0.017648 0.039990 -0.103000
v -0.018302 0.034268 -0.103000
v -0.017222 0.029001 -0.102954
v -0.016084 0.026306 -0.102999
v -0.012518 0.021565 -0.103000
v -0.007603 0.018416 -0.102972
v -0.005109 0.017414 -0.103005
v 0.016733 0.044627 -0.102920
v 0.010597 0.052098 -0.102915
v 0.012722 0.054422 -0.102962
v 0.018083 0.046734 -0.102890
v 0.019951 0.048224 -0.102955
v 0.021597 0.031205 -0.102992
v 0.021963 0.038741 -0.102990
v 0.019739 0.037180 -0.102909
v 0.018575 0.029937 -0.102920
v 0.011552 0.017222 -0.102921
v 0.013224 0.015049 -0.102955
v 0.017100 0.024406 -0.102913
v 0.019422 0.022278 -0.102962
v -0.004482 0.014973 -0.102917
v 0.004597 0.015417 -0.102915
v 0.004795 0.011779 -0.102981
v -0.004757 0.011541 -0.102955
v -0.010597 0.017902 -0.102915
v -0.017369 0.023999 -0.102903
v -0.013151 0.015062 -0.102968
v -0.019762 0.022204 -0.102955
v -0.021597 0.038795 -0.102992
v -0.021100 0.031019 -0.103001
v -0.011419 0.052352 -0.102964
v -0.017098 0.045597 -0.102915
v -0.019938 0.048151 -0.102968
v -0.012801 0.054762 -0.102958
v -0.004597 0.054583 -0.102915
v 0.004485 0.054985 -0.102922
v -0.004817 0.058286 -0.102970
v -0.012502 0.014941 -0.102734
v -0.005658 0.012296 -0.102350
v -0.005106 0.012109 -0.102838
v -0.006067 0.017249 -0.102727
v -0.011819 0.016461 -0.102756
v -0.005292 0.013942 -0.101949
v -0.005631 0.015637 -0.101954
v -0.006463 0.016721 -0.101954
v -0.007680 0.017392 -0.101975
v -0.009054 0.017485 -0.101953
v -0.010338 0.017026 -0.101952
v -0.011328 0.016087 -0.101952
v -0.012298 0.014385 -0.102014
v -0.013581 0.014370 -0.102388
v -0.013011 0.014070 -0.101848
v -0.011890 0.014832 -0.101995
v -0.013728 0.014141 -0.101719
v -0.011948 0.014616 -0.101000
v -0.013263 0.013961 -0.100997
v -0.017439 0.017144 -0.102184
v -0.018704 0.018338 -0.101061
v -0.020997 0.021499 -0.100999
v -0.005277 0.014147 -0.101000
v -0.006130 0.016377 -0.101000
v -0.008402 0.017555 -0.101000
v -0.011013 0.016524 -0.101000
v -0.005516 0.010867 -0.101717
v -0.005207 0.010533 -0.101024
v -0.005572 0.011407 -0.102352
v -0.004894 0.010716 -0.102317
v -0.005891 0.011542 -0.101739
v -0.005915 0.012265 -0.101775
v -0.006001 0.011995 -0.101000
v 0.004890 0.010516 -0.101843
v 0.000339 0.010043 -0.102190
v -0.001438 0.009990 -0.101030
v -0.016670 0.017554 -0.102943
v -0.020114 0.022906 -0.102378
v -0.020711 0.022530 -0.102035
v -0.020907 0.021818 -0.102005
v -0.020804 0.021228 -0.101959
v -0.020265 0.021596 -0.102772
v -0.020247 0.023106 -0.101814
v -0.020511 0.022976 -0.101000
v -0.018476 0.023987 -0.101000
v -0.017445 0.026598 -0.101000
v -0.018621 0.028869 -0.101000
v -0.020853 0.029723 -0.101000
v -0.023162 0.028970 -0.101000
v 0.004832 0.010935 -0.102597
v 0.000001 0.010992 -0.102965
v 0.005954 0.011671 -0.101696
v 0.005512 0.011877 -0.102622
v 0.005838 0.012318 -0.102057
v 0.005461 0.010856 -0.101899
v 0.006029 0.011843 -0.101000
v 0.005194 0.010586 -0.100998
v 0.012164 0.014759 -0.102373
v 0.012552 0.015175 -0.102827
v 0.009429 0.018103 -0.102779
v 0.006707 0.017649 -0.102697
v 0.004752 0.013534 -0.102756
v 0.011322 0.016096 -0.101953
v 0.010329 0.017032 -0.101954
v 0.009044 0.017486 -0.101955
v 0.007670 0.017390 -0.101976
v 0.006455 0.016713 -0.101953
v 0.005627 0.015627 -0.101953
v 0.005292 0.013943 -0.101947
v 0.011013 0.016524 -0.101000
v 0.008402 0.017555 -0.101000
v 0.006130 0.016377 -0.101000
v 0.005277 0.014147 -0.101000
v 0.013022 0.014109 -0.102013
v 0.013736 0.014215 -0.102103
v 0.012422 0.014247 -0.101739
v 0.011893 0.014741 -0.101774
v 0.013501 0.014003 -0.100999
v 0.012024 0.014489 -0.101000
v 0.018915 0.018748 -0.102087
v 0.016683 0.016315 -0.101040
v 0.020816 0.021289 -0.102043
v 0.020130 0.021656 -0.102864
v 0.016235 0.016303 -0.102350
v 0.016977 0.018024 -0.102965
v 0.020921 0.022172 -0.101793
v 0.020319 0.023075 -0.101810
v 0.020535 0.022388 -0.102379
v 0.020036 0.022727 -0.102613
v 0.020380 0.023056 -0.101000
v 0.021057 0.021627 -0.100998
v 0.020852 0.029723 -0.101000
v 0.022360 0.029260 -0.101854
v 0.018621 0.028869 -0.101000
v 0.017445 0.026598 -0.101000
v 0.018476 0.023987 -0.101000
v -0.023261 0.030305 -0.103003
v -0.020620 0.030313 -0.102689
v -0.016842 0.026738 -0.102727
v -0.018092 0.029242 -0.102736
v -0.018904 0.023678 -0.101953
v -0.017968 0.024671 -0.101954
v -0.017459 0.026275 -0.101951
v -0.018051 0.028298 -0.101961
v -0.019373 0.029373 -0.101953
v -0.021056 0.029708 -0.101947
v -0.024648 0.030218 -0.101000
v -0.024521 0.030356 -0.102026
v -0.023996 0.030100 -0.102608
v -0.023768 0.029285 -0.102048
v -0.022930 0.029646 -0.102709
v -0.022795 0.029099 -0.101998
v -0.024143 0.029539 -0.101899
v -0.023791 0.032096 -0.101851
v -0.024540 0.031136 -0.101897
v -0.023643 0.031769 -0.102506
v -0.023434 0.031245 -0.102903
v -0.024158 0.030914 -0.102596
v -0.023950 0.032056 -0.101000
v -0.020463 0.033109 -0.101000
v -0.020219 0.036550 -0.101000
v -0.023009 0.037786 -0.101005
v -0.023406 0.039452 -0.102989
v -0.019449 0.036628 -0.102877
v -0.021298 0.032041 -0.102605
v -0.019323 0.033917 -0.102800
v -0.021319 0.038068 -0.102647
v -0.021892 0.032246 -0.101997
v -0.020370 0.033364 -0.102004
v -0.019899 0.034715 -0.101991
v -0.020025 0.035885 -0.101991
v -0.020610 0.036905 -0.101991
v -0.021555 0.037605 -0.101991
v -0.023515 0.037839 -0.101828
v -0.024468 0.038492 -0.101000
v -0.024166 0.038308 -0.102072
v -0.024559 0.039023 -0.101976
v -0.024383 0.040345 -0.101000
v -0.024470 0.039836 -0.102019
v -0.024095 0.039214 -0.102657
v -0.023453 0.038492 -0.102811
v -0.023894 0.040102 -0.102598
v -0.022821 0.040590 -0.102475
v -0.023616 0.040843 -0.101800
v -0.022960 0.040024 -0.102905
v -0.024186 0.040380 -0.101987
v -0.022750 0.040898 -0.101915
v -0.023005 0.041001 -0.101000
v -0.020059 0.047502 -0.102734
v -0.021044 0.039703 -0.102726
v -0.018972 0.040182 -0.102675
v -0.017021 0.042531 -0.102687
v -0.018539 0.046819 -0.102756
v -0.021058 0.040292 -0.101949
v -0.019363 0.040631 -0.101954
v -0.018280 0.041461 -0.101955
v -0.017608 0.042680 -0.101975
v -0.017515 0.044054 -0.101954
v -0.017974 0.045338 -0.101952
v -0.018913 0.046328 -0.101952
v -0.020853 0.040277 -0.101000
v -0.018621 0.041131 -0.101000
v -0.017445 0.043402 -0.101000
v -0.018476 0.046013 -0.101000
v -0.020384 0.046948 -0.101000
v -0.020615 0.047299 -0.102014
v -0.020630 0.048581 -0.102388
v -0.020930 0.048011 -0.101848
v -0.020168 0.046890 -0.101995
v -0.020859 0.048735 -0.101708
v -0.021052 0.048333 -0.100998
v -0.017890 0.052378 -0.102209
v -0.016724 0.053664 -0.101042
v -0.013466 0.055998 -0.100999
v -0.017446 0.051670 -0.102943
v -0.012094 0.055114 -0.102378
v -0.012470 0.055711 -0.102035
v -0.013182 0.055907 -0.102005
v -0.013765 0.055806 -0.101963
v -0.013404 0.055265 -0.102772
v -0.011894 0.055247 -0.101814
v -0.012024 0.055511 -0.101000
v -0.005336 0.057938 -0.102723
v -0.011347 0.052960 -0.102712
v -0.008268 0.051942 -0.102639
v -0.004752 0.056466 -0.102756
v -0.011322 0.053904 -0.101953
v -0.010329 0.052968 -0.101954
v -0.009044 0.052514 -0.101955
v -0.007670 0.052610 -0.101976
v -0.006455 0.053287 -0.101953
v -0.005627 0.054373 -0.101953
v -0.005292 0.056057 -0.101947
v -0.011013 0.053476 -0.101000
v -0.008402 0.052445 -0.101000
v -0.006130 0.053622 -0.101000
v -0.005277 0.055853 -0.101000
v -0.005965 0.057862 -0.101000
v -0.005905 0.058197 -0.101967
v -0.004915 0.059195 -0.102445
v -0.005654 0.058848 -0.102046
v -0.005853 0.057669 -0.101995
v -0.005060 0.059447 -0.101750
v -0.005486 0.059266 -0.100998
v -0.000358 0.059935 -0.102215
v 0.001374 0.060024 -0.101033
v 0.005463 0.059299 -0.100998
v -0.000541 0.059132 -0.102938
v 0.005671 0.057775 -0.102378
v 0.004924 0.058023 -0.102955
v 0.005816 0.058746 -0.101712
v 0.005603 0.058636 -0.102275
v 0.004874 0.059267 -0.102354
v 0.005045 0.059450 -0.101758
v 0.004875 0.058736 -0.102797
v 0.005907 0.057727 -0.101814
v 0.005966 0.057864 -0.101000
v 0.006013 0.052241 -0.102969
v 0.007461 0.052088 -0.102658
v 0.005292 0.056058 -0.101949
v 0.005631 0.054363 -0.101954
v 0.006463 0.053279 -0.101954
v 0.007680 0.052608 -0.101975
v 0.009054 0.052515 -0.101953
v 0.010338 0.052974 -0.101952
v 0.011328 0.053913 -0.101952
v 0.005277 0.055853 -0.101000
v 0.006130 0.053622 -0.101000
v 0.008402 0.052445 -0.101000
v 0.011013 0.053476 -0.101000
v 0.011948 0.055384 -0.101000
v 0.012828 0.055921 -0.101793
v 0.011926 0.055319 -0.101810
v 0.013344 0.055130 -0.102864
v 0.013707 0.055816 -0.102045
v 0.012612 0.055535 -0.102379
v 0.012273 0.055036 -0.102613
v 0.013333 0.056052 -0.100998
v 0.016256 0.053910 -0.102090
v 0.018679 0.051689 -0.101041
v 0.020997 0.048529 -0.100999
v 0.018697 0.051235 -0.102350
v 0.016976 0.051977 -0.102965
v 0.020891 0.048022 -0.102013
v 0.020784 0.048742 -0.102101
v 0.019825 0.047552 -0.102827
v 0.020241 0.047164 -0.102373
v 0.020753 0.047422 -0.101739
v 0.020259 0.046893 -0.101774
v 0.020504 0.047015 -0.101000
v 0.018476 0.046013 -0.101000
v 0.017445 0.043402 -0.101000
v 0.018621 0.041131 -0.101000
v 0.020852 0.040277 -0.101000
v 0.023162 0.041030 -0.101000
v 0.022960 0.029976 -0.102905
v 0.023538 0.030578 -0.102972
v 0.020650 0.030395 -0.102767
v 0.017021 0.027469 -0.102687
v 0.020689 0.029690 -0.101954
v 0.019364 0.029369 -0.101954
v 0.018280 0.028539 -0.101955
v 0.017608 0.027320 -0.101975
v 0.017515 0.025946 -0.101954
v 0.017974 0.024662 -0.101952
v 0.018913 0.023672 -0.101952
v 0.024633 0.030685 -0.101000
v 0.024118 0.029399 -0.101000
v 0.024130 0.029479 -0.101711
v 0.022864 0.029034 -0.101000
v 0.024001 0.030070 -0.102611
v 0.023694 0.029458 -0.102303
v 0.024431 0.030042 -0.102029
v 0.022821 0.029410 -0.102475
v 0.023256 0.029068 -0.101843
v 0.024510 0.031054 -0.102129
v 0.024242 0.031792 -0.101023
v 0.023631 0.032108 -0.101988
v 0.023453 0.031508 -0.102811
v 0.023019 0.032212 -0.101005
v 0.021466 0.037569 -0.101000
v 0.019790 0.035210 -0.101000
v 0.020884 0.032862 -0.101000
v 0.023434 0.038755 -0.102903
v 0.023643 0.038231 -0.102506
v 0.019210 0.035379 -0.102829
v 0.019467 0.033565 -0.102821
v 0.020839 0.037551 -0.102560
v 0.021319 0.031932 -0.102647
v 0.021892 0.037754 -0.101997
v 0.020370 0.036636 -0.102004
v 0.019899 0.035285 -0.101991
v 0.020025 0.034115 -0.101991
v 0.020610 0.033095 -0.101991
v 0.021555 0.032395 -0.101991
v 0.023144 0.039716 -0.103001
v 0.017758 0.041133 -0.102746
v 0.021361 0.039704 -0.102775
v 0.019511 0.039989 -0.102660
v 0.018904 0.046322 -0.101953
v 0.017968 0.045329 -0.101954
v 0.017459 0.043725 -0.101951
v 0.018051 0.041702 -0.101961
v 0.019373 0.040627 -0.101953
v 0.021056 0.040292 -0.101947
v 0.024511 0.038958 -0.102130
v 0.024211 0.038036 -0.101000
v 0.023791 0.037904 -0.101851
v 0.024500 0.040069 -0.101000
v 0.024479 0.039854 -0.101952
v 0.023933 0.039684 -0.102761
v 0.023768 0.040715 -0.102048
v 0.022930 0.040354 -0.102709
v 0.022795 0.040901 -0.101998
v 0.024144 0.040461 -0.101899
v -0.032853 0.034272 -0.101019
v -0.032342 0.029326 -0.101000
v -0.032366 0.041275 -0.101007
v -0.030066 0.048256 -0.101012
v -0.026280 0.054934 -0.101009
v -0.017594 0.059924 -0.101001
v -0.019696 0.060693 -0.101018
v -0.021143 0.060156 -0.101014
v -0.026795 0.029027 -0.101002
v -0.031100 0.027549 -0.101003
v -0.028758 0.027339 -0.101001
v -0.026628 0.040494 -0.101008
v -0.027132 0.034374 -0.101019
v -0.024756 0.046129 -0.101007
v -0.021973 0.051052 -0.101005
v -0.016778 0.056717 -0.101001
v -0.016646 0.058290 -0.101013
v -0.031632 0.028728 -0.101895
v -0.030567 0.028928 -0.102695
v -0.029543 0.029670 -0.103011
v -0.017362 0.056637 -0.101842
v -0.025594 0.054298 -0.102285
v -0.028921 0.048106 -0.102485
v -0.031378 0.041547 -0.102285
v -0.031979 0.034454 -0.102271
v -0.024638 0.053791 -0.102877
v -0.030623 0.037154 -0.102978
v -0.028930 0.044940 -0.102995
v -0.022857 0.052132 -0.102680
v -0.026837 0.044785 -0.102680
v -0.028520 0.036601 -0.102680
v -0.017400 0.058977 -0.101861
v -0.018711 0.059981 -0.102001
v -0.017917 0.057254 -0.102560
v -0.020309 0.059586 -0.102321
v -0.018394 0.057997 -0.102846
v -0.018813 0.059157 -0.102617
v -0.019611 0.058513 -0.102955
v -0.029522 0.027592 -0.101827
v -0.027708 0.028498 -0.101782
v -0.027216 0.029663 -0.101860
v -0.028825 0.028678 -0.102599
v -0.028126 0.029754 -0.102632
v -0.022652 0.042360 -0.100489
v -0.022724 0.042547 -0.097569
v -0.020557 0.041377 -0.100489
v -0.021020 0.041378 -0.097554
v -0.018840 0.042567 -0.100494
v -0.019079 0.042210 -0.097579
v -0.018731 0.044419 -0.100494
v -0.018614 0.044009 -0.097567
v -0.020073 0.045701 -0.100494
v -0.019505 0.045375 -0.097557
v -0.021058 0.045803 -0.097569
v -0.021918 0.045509 -0.100494
v -0.022783 0.044636 -0.097574
v -0.022888 0.044200 -0.100496
v -0.023465 0.044098 -0.100998
v -0.021900 0.046143 -0.100997
v -0.019343 0.045918 -0.100998
v -0.017978 0.043400 -0.100993
v -0.019956 0.040973 -0.100996
v -0.022728 0.041640 -0.100997
v -0.018863 0.040199 -0.095888
v -0.017623 0.041313 -0.095898
v -0.016818 0.043386 -0.095891
v -0.017295 0.045460 -0.095887
v -0.020762 0.047881 -0.095500
v -0.023352 0.047034 -0.095494
v -0.024783 0.045053 -0.095502
v -0.024851 0.042151 -0.095521
v -0.023150 0.040093 -0.095500
v -0.020975 0.039375 -0.095492
v -0.018344 0.047072 -0.096056
v -0.018504 0.046805 -0.095870
v -0.018606 0.047675 -0.095520
v -0.018779 0.047404 -0.095479
v -0.018897 0.047386 -0.095109
v -0.020314 0.039695 -0.095863
v -0.020309 0.039395 -0.096064
v -0.018326 0.040109 -0.096138
v -0.017213 0.045906 -0.096168
v -0.016511 0.043864 -0.096165
v -0.016966 0.041755 -0.096168
v -0.020779 0.039102 -0.095499
v -0.021064 0.039412 -0.095018
v -0.018377 0.047122 -0.096531
v -0.021779 0.037548 -0.095005
v -0.021239 0.038022 -0.095505
v -0.020322 0.036435 -0.095494
v -0.019036 0.048880 -0.095003
v -0.018574 0.048461 -0.095521
v -0.020459 0.035572 -0.094998
v -0.019941 0.034425 -0.095484
v -0.020902 0.033663 -0.094999
v -0.020936 0.032821 -0.095501
v -0.021714 0.031756 -0.095001
v -0.021197 0.031693 -0.095527
v -0.021322 0.030639 -0.094952
v -0.020317 0.030591 -0.095474
v -0.018324 0.049106 -0.096469
v -0.013303 0.053622 -0.096515
v -0.018830 0.047255 -0.097166
v -0.018697 0.047972 -0.096580
v -0.017172 0.051945 -0.096580
v -0.013585 0.054429 -0.096533
v -0.019710 0.048610 -0.096584
v -0.020442 0.049224 -0.097406
v -0.020423 0.048409 -0.097395
v -0.019871 0.047700 -0.097166
v -0.020449 0.047004 -0.101000
v -0.021019 0.048347 -0.101000
v -0.017678 0.052678 -0.101000
v -0.013821 0.055829 -0.101000
v -0.017626 0.052650 -0.097498
v -0.014178 0.054976 -0.096831
v -0.012750 0.054912 -0.097112
v -0.013459 0.055372 -0.097175
v -0.014212 0.055476 -0.097593
v -0.012271 0.055806 -0.101000
v -0.012772 0.053723 -0.096671
v -0.012208 0.053721 -0.097127
v -0.011976 0.053233 -0.096508
v -0.013761 0.054018 -0.095027
v -0.013481 0.053573 -0.095508
v -0.012416 0.054004 -0.095028
v -0.012595 0.053612 -0.095510
v -0.011665 0.053512 -0.095932
v -0.012010 0.053344 -0.095958
v -0.012402 0.053803 -0.095483
v -0.010477 0.051928 -0.096165
v -0.008280 0.051551 -0.096168
v -0.005483 0.052855 -0.096164
v -0.004468 0.054840 -0.096168
v -0.004737 0.056432 -0.095870
v -0.004788 0.054934 -0.095887
v -0.005616 0.053238 -0.095893
v -0.007473 0.052189 -0.095967
v -0.009117 0.051903 -0.095887
v -0.010665 0.052453 -0.095887
v -0.004434 0.056509 -0.096056
v -0.006976 0.051973 -0.095950
v -0.004262 0.057055 -0.095496
v -0.004507 0.057051 -0.095479
v -0.009791 0.053920 -0.097565
v -0.007877 0.053690 -0.097572
v -0.006672 0.054807 -0.097567
v -0.006528 0.056663 -0.097555
v -0.005633 0.058857 -0.095502
v -0.008009 0.057884 -0.097567
v -0.007660 0.059913 -0.095504
v -0.009872 0.059871 -0.095493
v -0.009401 0.057820 -0.097567
v -0.011779 0.058604 -0.095492
v -0.010565 0.056790 -0.097571
v -0.012920 0.056175 -0.095499
v -0.010713 0.055208 -0.097578
v -0.004649 0.057311 -0.094997
v -0.010679 0.054909 -0.100494
v -0.008558 0.053498 -0.100487
v -0.006777 0.054602 -0.100500
v -0.006459 0.056437 -0.100494
v -0.008415 0.058069 -0.100487
v -0.010468 0.056987 -0.100498
v -0.011262 0.056580 -0.100998
v -0.008549 0.058662 -0.100989
v -0.005425 0.056110 -0.101066
v -0.006061 0.054714 -0.100996
v -0.007006 0.053152 -0.101079
v -0.010361 0.053581 -0.100993
v -0.003646 0.058275 -0.095003
v -0.003616 0.057652 -0.095521
v -0.002982 0.057932 -0.096469
v 0.003870 0.057519 -0.096529
v -0.004640 0.056968 -0.097155
v -0.004418 0.056585 -0.096531
v -0.004048 0.057393 -0.096581
v -0.010999 0.053560 -0.101000
v -0.009162 0.052497 -0.101001
v -0.005634 0.054280 -0.101001
v -0.004938 0.058983 -0.097363
v -0.006000 0.058196 -0.101000
v -0.005139 0.059439 -0.101000
v -0.004206 0.058510 -0.096554
v -0.005059 0.058106 -0.097102
v -0.004439 0.059460 -0.097307
v -0.000164 0.059124 -0.096580
v 0.004262 0.058387 -0.096554
v 0.000000 0.060000 -0.101000
v 0.005221 0.059405 -0.101000
v 0.004147 0.059614 -0.097541
v 0.000016 0.059944 -0.097498
v 0.004881 0.059153 -0.097538
v 0.004319 0.059067 -0.096864
v 0.005114 0.058114 -0.097226
v 0.006002 0.058143 -0.101000
v 0.004568 0.056957 -0.097013
v 0.004426 0.056579 -0.096512
v 0.007498 0.059958 -0.094998
v -0.007365 0.059934 -0.095001
v 0.005158 0.058374 -0.095209
v 0.003717 0.058178 -0.095027
v 0.004622 0.057148 -0.095084
v 0.003600 0.057666 -0.095508
v 0.004235 0.057080 -0.095521
v 0.010227 0.059811 -0.093507
v -0.010164 0.059818 -0.093501
v -0.012261 0.057937 -0.093500
v -0.012885 0.056404 -0.094999
v -0.012835 0.056512 -0.093501
v -0.021358 0.047918 -0.095000
v -0.017480 0.052969 -0.095000
v -0.017839 0.052844 -0.093188
v -0.021514 0.047835 -0.093498
v -0.021824 0.048240 -0.093000
v -0.013241 0.056821 -0.093000
v -0.010012 0.060378 -0.093002
v -0.012414 0.058677 -0.093001
v -0.022906 0.047271 -0.093501
v -0.024690 0.045459 -0.093500
v -0.024943 0.042814 -0.093500
v -0.024286 0.041162 -0.093504
v -0.024173 0.040811 -0.095000
v -0.024151 0.047078 -0.093004
v -0.025618 0.043537 -0.093004
v -0.024793 0.041067 -0.093000
v -0.024274 0.028911 -0.095000
v -0.024104 0.029150 -0.095403
v -0.025073 0.035478 -0.095000
v -0.025231 0.035004 -0.093188
v -0.024291 0.028897 -0.093496
v -0.024928 0.028752 -0.092999
v 0.012167 0.059054 -0.093003
v 0.012297 0.057860 -0.093499
v 0.009643 0.060423 -0.093000
v 0.012834 0.056515 -0.093498
v -0.025098 0.024064 -0.093009
v -0.025033 0.027008 -0.093513
v -0.024294 0.023866 -0.093500
v -0.021823 0.021731 -0.092999
v -0.021521 0.022150 -0.093493
v 0.004841 0.056338 -0.095932
v 0.004479 0.056464 -0.095958
v 0.004571 0.057107 -0.095490
v 0.004472 0.054821 -0.096168
v 0.005496 0.052842 -0.096165
v 0.008299 0.051549 -0.096168
v 0.010494 0.051936 -0.096165
v 0.012122 0.053377 -0.096531
v 0.011805 0.053504 -0.095870
v 0.010668 0.052421 -0.095895
v 0.009509 0.051943 -0.095893
v 0.007646 0.052080 -0.095986
v 0.005506 0.053399 -0.095887
v 0.004800 0.054882 -0.095887
v 0.012073 0.053344 -0.096056
v 0.007069 0.051935 -0.095950
v 0.012675 0.053606 -0.095520
v 0.012404 0.053779 -0.095479
v 0.006399 0.055410 -0.097589
v 0.007722 0.053764 -0.097565
v 0.009573 0.053798 -0.097566
v 0.012881 0.055821 -0.095508
v 0.010743 0.055211 -0.097573
v 0.012212 0.058017 -0.095501
v 0.010191 0.059804 -0.095522
v 0.010423 0.057050 -0.097569
v 0.007000 0.059755 -0.095497
v 0.008821 0.057987 -0.097569
v 0.007073 0.057374 -0.097568
v 0.012386 0.053897 -0.095109
v 0.006513 0.055093 -0.100497
v 0.007781 0.053739 -0.100497
v 0.009634 0.053830 -0.100496
v 0.010765 0.055300 -0.100496
v 0.010377 0.057114 -0.100496
v 0.008497 0.058029 -0.100492
v 0.006724 0.056937 -0.100496
v 0.006099 0.056840 -0.100999
v 0.008671 0.058657 -0.100985
v 0.011157 0.056750 -0.100998
v 0.010993 0.054470 -0.100999
v 0.008856 0.053032 -0.100996
v 0.006291 0.054280 -0.100996
v 0.012914 0.056362 -0.095000
v 0.013880 0.054036 -0.095003
v 0.013461 0.053574 -0.095521
v 0.013239 0.056825 -0.093000
v 0.017844 0.052839 -0.093188
v 0.017969 0.052480 -0.095000
v 0.021511 0.047836 -0.093501
v 0.021403 0.047888 -0.094999
v 0.019018 0.048761 -0.095027
v 0.019004 0.047416 -0.095028
v 0.021822 0.048269 -0.092999
v 0.025532 0.043052 -0.093002
v 0.025051 0.043035 -0.093501
v 0.024784 0.046325 -0.093004
v 0.024476 0.045743 -0.093508
v 0.022943 0.047257 -0.093495
v 0.014106 0.053324 -0.096469
v 0.018622 0.048303 -0.096515
v 0.018573 0.048481 -0.095508
v 0.018612 0.047595 -0.095510
v 0.012255 0.053830 -0.097166
v 0.012972 0.053697 -0.096580
v 0.005414 0.056407 -0.101000
v 0.005547 0.054463 -0.101001
v 0.006995 0.052948 -0.101000
v 0.008961 0.052469 -0.101001
v 0.011132 0.053689 -0.101000
v 0.012008 0.055454 -0.101000
v 0.013407 0.056020 -0.101000
v 0.013610 0.054710 -0.096584
v 0.014224 0.055442 -0.097406
v 0.012700 0.054871 -0.097167
v 0.013409 0.055423 -0.097395
v 0.016944 0.052173 -0.096580
v 0.019429 0.048585 -0.096533
v 0.017678 0.052678 -0.101000
v 0.020842 0.048799 -0.101000
v 0.017650 0.052626 -0.097498
v 0.019976 0.049178 -0.096831
v 0.019916 0.047750 -0.097113
v 0.020372 0.048463 -0.097175
v 0.020474 0.049214 -0.097590
v 0.020792 0.047286 -0.101000
v 0.018723 0.047772 -0.096671
v 0.018721 0.047208 -0.097127
v 0.018233 0.046976 -0.096508
v 0.018496 0.046824 -0.095863
v 0.018345 0.047079 -0.096068
v 0.018803 0.047402 -0.095483
v 0.017202 0.045889 -0.096168
v 0.016510 0.043846 -0.096165
v 0.017068 0.041511 -0.096180
v 0.020352 0.039788 -0.095905
v 0.019072 0.040107 -0.095898
v 0.017251 0.041888 -0.095909
v 0.016849 0.043853 -0.095885
v 0.017472 0.045694 -0.095887
v 0.020265 0.039453 -0.095969
v 0.018409 0.040089 -0.096051
v 0.020788 0.039059 -0.095502
v 0.020840 0.039315 -0.095479
v 0.019208 0.045155 -0.097572
v 0.018587 0.043403 -0.097567
v 0.019511 0.041807 -0.097565
v 0.020883 0.041451 -0.097563
v 0.023064 0.039932 -0.095492
v 0.022190 0.041904 -0.097569
v 0.024900 0.042438 -0.095503
v 0.022953 0.043347 -0.097566
v 0.024876 0.044703 -0.095505
v 0.022681 0.044693 -0.097560
v 0.023533 0.046925 -0.095501
v 0.021202 0.045816 -0.097578
v 0.020713 0.047887 -0.095491
v 0.021012 0.039412 -0.095051
v 0.019457 0.041845 -0.100496
v 0.018636 0.043246 -0.100498
v 0.021513 0.041484 -0.100491
v 0.022813 0.042800 -0.100491
v 0.022776 0.044654 -0.100478
v 0.020776 0.045857 -0.100498
v 0.018952 0.044843 -0.100496
v 0.018017 0.044123 -0.100993
v 0.020240 0.046321 -0.100998
v 0.023372 0.044872 -0.100987
v 0.022426 0.041329 -0.100996
v 0.019315 0.041269 -0.100996
v 0.022802 0.039838 -0.095000
v 0.024289 0.041206 -0.095000
v 0.020936 0.037179 -0.095501
v 0.021714 0.038244 -0.095001
v 0.021208 0.038166 -0.095504
v 0.024291 0.041103 -0.093496
v 0.024794 0.041070 -0.093000
v 0.025231 0.034996 -0.093188
v 0.025066 0.034654 -0.095000
v 0.024291 0.028796 -0.095000
v 0.024286 0.028838 -0.093504
v 0.024793 0.028933 -0.093000
v 0.021529 0.022163 -0.093498
v 0.024783 0.023675 -0.093004
v 0.024227 0.023779 -0.093500
v 0.025532 0.026948 -0.093002
v 0.025042 0.026722 -0.093499
v 0.024155 0.035834 -0.095000
v 0.022653 0.033435 -0.095000
v 0.022515 0.036524 -0.095000
v 0.021322 0.034353 -0.095000
v 0.021778 0.032451 -0.095005
v 0.021436 0.035808 -0.095000
v 0.022676 0.030214 -0.095000
v 0.021047 0.030584 -0.095030
v 0.020902 0.036337 -0.094999
v 0.023969 0.034055 -0.095000
v 0.020459 0.034427 -0.094999
v 0.020322 0.033565 -0.095494
v 0.019940 0.035577 -0.095485
v 0.021945 0.033657 -0.100492
v 0.023560 0.033660 -0.100493
v 0.024253 0.034760 -0.100498
v 0.023845 0.036159 -0.100487
v 0.022254 0.036459 -0.100496
v 0.021176 0.035256 -0.100487
v 0.020793 0.035827 -0.100994
v 0.022791 0.037088 -0.100998
v 0.024612 0.035941 -0.100997
v 0.024548 0.034006 -0.100998
v 0.022935 0.032920 -0.100998
v 0.021161 0.033698 -0.100999
v 0.021239 0.031978 -0.095505
v 0.020779 0.030898 -0.095499
v 0.020309 0.030605 -0.096064
v 0.020315 0.030304 -0.095863
v 0.020975 0.030625 -0.095492
v 0.018505 0.023195 -0.095870
v 0.017152 0.024792 -0.095895
v 0.016891 0.026995 -0.095879
v 0.017623 0.028687 -0.095898
v 0.018862 0.029800 -0.095888
v 0.018344 0.022928 -0.096056
v 0.018326 0.029891 -0.096138
v 0.017213 0.024094 -0.096168
v 0.016511 0.026136 -0.096165
v 0.016966 0.028245 -0.096168
v 0.021508 0.028478 -0.097579
v 0.019937 0.028398 -0.097565
v 0.018763 0.027273 -0.097571
v 0.018807 0.025411 -0.097564
v 0.019793 0.024471 -0.097562
v 0.020775 0.022119 -0.095496
v 0.021187 0.024217 -0.097569
v 0.023352 0.022966 -0.095494
v 0.022843 0.025490 -0.097574
v 0.024963 0.025385 -0.095512
v 0.024614 0.028284 -0.095498
v 0.022749 0.027343 -0.097569
v 0.023151 0.029907 -0.095500
v 0.018606 0.022325 -0.095520
v 0.018779 0.022596 -0.095479
v 0.018897 0.022614 -0.095109
v 0.018377 0.022878 -0.096531
v 0.018800 0.025252 -0.100487
v 0.020856 0.024180 -0.100498
v 0.022517 0.025012 -0.100498
v 0.022957 0.026815 -0.100498
v 0.022056 0.028166 -0.100500
v 0.020234 0.028567 -0.100494
v 0.018829 0.027355 -0.100500
v 0.018050 0.025995 -0.100996
v 0.018950 0.028399 -0.100998
v 0.018882 0.029027 -0.101024
v 0.022232 0.028697 -0.100999
v 0.023481 0.026783 -0.100998
v 0.022649 0.024346 -0.100995
v 0.019853 0.023786 -0.100997
v 0.021358 0.022082 -0.095000
v 0.019036 0.021120 -0.095003
v 0.018574 0.021539 -0.095521
v 0.021832 0.021735 -0.093000
v 0.017839 0.017176 -0.093215
v 0.017480 0.017031 -0.095000
v 0.012885 0.013596 -0.094999
v 0.012851 0.013479 -0.093492
v 0.013761 0.015982 -0.095027
v 0.012416 0.015996 -0.095028
v 0.013242 0.013179 -0.093000
v 0.008538 0.009382 -0.093004
v 0.008310 0.009904 -0.093500
v 0.012159 0.010959 -0.093003
v 0.011420 0.010995 -0.093507
v 0.006137 0.010711 -0.093498
v 0.018324 0.020894 -0.096469
v 0.013303 0.016378 -0.096515
v 0.013481 0.016427 -0.095508
v 0.012595 0.016388 -0.095510
v 0.018830 0.022745 -0.097166
v 0.018697 0.022028 -0.096580
v 0.017172 0.018056 -0.096580
v 0.013585 0.015571 -0.096533
v 0.019710 0.021390 -0.096584
v 0.020442 0.020776 -0.097406
v 0.020423 0.021591 -0.097395
v 0.019871 0.022300 -0.097166
v 0.020449 0.022996 -0.101000
v 0.021019 0.021653 -0.101000
v 0.017678 0.017322 -0.101000
v 0.013821 0.014171 -0.101000
v 0.017626 0.017351 -0.097498
v 0.014178 0.015024 -0.096831
v 0.012750 0.015088 -0.097112
v 0.013459 0.014628 -0.097175
v 0.014212 0.014524 -0.097593
v 0.012296 0.014183 -0.101000
v 0.012772 0.016277 -0.096671
v 0.012208 0.016279 -0.097127
v 0.011976 0.016767 -0.096508
v 0.011666 0.016488 -0.095931
v 0.012010 0.016656 -0.095958
v 0.012402 0.016197 -0.095484
v 0.010047 0.018212 -0.096168
v 0.008280 0.018449 -0.096168
v 0.005483 0.017145 -0.096164
v 0.004468 0.015160 -0.096168
v 0.004736 0.013568 -0.095870
v 0.004786 0.015070 -0.095888
v 0.005850 0.017075 -0.095896
v 0.008801 0.018156 -0.095894
v 0.010204 0.017665 -0.095972
v 0.004435 0.013491 -0.096056
v 0.006976 0.018027 -0.095950
v 0.011086 0.017551 -0.095960
v 0.004262 0.012945 -0.095496
v 0.004507 0.012949 -0.095479
v 0.009674 0.016149 -0.097574
v 0.010686 0.014882 -0.097576
v 0.007817 0.016274 -0.097568
v 0.006528 0.014950 -0.097568
v 0.006688 0.013125 -0.097573
v 0.005586 0.011197 -0.095502
v 0.008689 0.011931 -0.097586
v 0.008014 0.009977 -0.095496
v 0.010315 0.010329 -0.095492
v 0.010594 0.013242 -0.097571
v 0.012375 0.012090 -0.095512
v 0.012805 0.014798 -0.095495
v 0.004661 0.012780 -0.095026
v 0.006483 0.013616 -0.100494
v 0.007687 0.012205 -0.100495
v 0.009772 0.012292 -0.100489
v 0.010851 0.014338 -0.100489
v 0.009744 0.016109 -0.100494
v 0.007899 0.016305 -0.100494
v 0.006679 0.015227 -0.100497
v 0.005745 0.014429 -0.100988
v 0.008671 0.017085 -0.100988
v 0.011158 0.015176 -0.100999
v 0.010863 0.012634 -0.100997
v 0.007947 0.011494 -0.100996
v 0.005974 0.010763 -0.095000
v 0.003646 0.011725 -0.095003
v 0.003616 0.012348 -0.095521
v 0.006070 0.010206 -0.093000
v -0.000004 0.009769 -0.093188
v -0.000346 0.009934 -0.095000
v -0.006024 0.010754 -0.094999
v -0.006131 0.010695 -0.093492
v -0.004622 0.012852 -0.095084
v -0.003717 0.011822 -0.095027
v -0.006199 0.010087 -0.092999
v -0.013265 0.013168 -0.093000
v -0.011871 0.011382 -0.093500
v -0.010930 0.009887 -0.093009
v -0.008902 0.009950 -0.093507
v -0.012835 0.013486 -0.093498
v 0.033596 0.029991 -0.093108
v 0.004133 0.001252 -0.093000
v 0.033922 0.037300 -0.093000
v 0.006859 0.068301 -0.093000
v -0.000011 0.068984 -0.093207
v -0.006525 0.001452 -0.092991
v 0.017001 0.064640 -0.092992
v -0.009792 0.067586 -0.093179
v -0.033972 0.036381 -0.093000
v 0.025613 0.057360 -0.093000
v -0.033582 0.029963 -0.093093
v -0.014693 0.065661 -0.093000
v -0.020941 0.061786 -0.093000
v 0.020879 0.007978 -0.093000
v 0.031667 0.047864 -0.092987
v -0.028442 0.053901 -0.093000
v -0.025694 0.012505 -0.093000
v 0.028397 0.016302 -0.093000
v -0.032881 0.043652 -0.093000
v -0.017133 0.005632 -0.093000
v -0.031412 0.021989 -0.093000
v -0.017844 0.017161 -0.093188
v 0.031753 0.022844 -0.093000
v 0.011292 0.002930 -0.093000
v -0.017969 0.017520 -0.095000
v 0.002982 0.012068 -0.096469
v -0.003870 0.012481 -0.096529
v -0.003600 0.012334 -0.095508
v -0.004235 0.012920 -0.095521
v 0.004640 0.013032 -0.097155
v 0.004418 0.013415 -0.096531
v 0.004048 0.012607 -0.096581
v 0.011311 0.016030 -0.101000
v 0.009840 0.017315 -0.101001
v 0.007105 0.017191 -0.101001
v 0.005229 0.014579 -0.101003
v 0.004938 0.011017 -0.097363
v 0.005973 0.012049 -0.101000
v 0.005408 0.010683 -0.101000
v 0.004206 0.011490 -0.096554
v 0.005059 0.011894 -0.097102
v 0.004439 0.010540 -0.097307
v 0.000164 0.010876 -0.096580
v -0.004262 0.011613 -0.096554
v -0.000000 0.010000 -0.101000
v -0.005695 0.010853 -0.101000
v -0.004147 0.010386 -0.097541
v -0.000016 0.010056 -0.097498
v -0.004881 0.010847 -0.097538
v -0.004319 0.010933 -0.096864
v -0.005114 0.011886 -0.097226
v -0.005557 0.013201 -0.100999
v -0.004568 0.013043 -0.097013
v -0.004426 0.013421 -0.096512
v -0.004842 0.013662 -0.095932
v -0.004479 0.013536 -0.095958
v -0.004572 0.012893 -0.095490
v -0.004472 0.015179 -0.096168
v -0.005849 0.017442 -0.096168
v -0.008299 0.018451 -0.096168
v -0.010494 0.018064 -0.096165
v -0.012122 0.016623 -0.096531
v -0.011805 0.016496 -0.095870
v -0.010710 0.017519 -0.095887
v -0.009169 0.018089 -0.095887
v -0.007587 0.017847 -0.095966
v -0.005903 0.016872 -0.095975
v -0.004800 0.015118 -0.095887
v -0.012073 0.016656 -0.096056
v -0.007069 0.018065 -0.095950
v -0.005112 0.016456 -0.095960
v -0.012675 0.016394 -0.095520
v -0.012404 0.016221 -0.095479
v -0.012034 0.011649 -0.095494
v -0.010162 0.010266 -0.095491
v -0.007464 0.010046 -0.095510
v -0.005238 0.011651 -0.095493
v -0.012386 0.016103 -0.095109
v -0.012914 0.013638 -0.095000
v -0.012882 0.014220 -0.095496
v -0.006380 0.014454 -0.097576
v -0.007790 0.016301 -0.097580
v -0.009864 0.016032 -0.097566
v -0.010803 0.014476 -0.097587
v -0.010332 0.012873 -0.097567
v -0.008951 0.012030 -0.097569
v -0.007170 0.012538 -0.097568
v -0.013880 0.015964 -0.095003
v -0.013461 0.016426 -0.095521
v -0.021402 0.022114 -0.094999
v -0.019018 0.021239 -0.095027
v -0.019004 0.022584 -0.095028
v -0.010733 0.013593 -0.100497
v -0.009711 0.012327 -0.100499
v -0.008106 0.012060 -0.100497
v -0.006643 0.013203 -0.100497
v -0.006515 0.014825 -0.100499
v -0.007496 0.016122 -0.100497
v -0.009108 0.016338 -0.100499
v -0.010457 0.015429 -0.100497
v -0.011246 0.013531 -0.100998
v -0.010683 0.016044 -0.100997
v -0.008268 0.016914 -0.100998
v -0.006142 0.015460 -0.100996
v -0.006227 0.012895 -0.100999
v -0.008981 0.011369 -0.100983
v -0.014106 0.016676 -0.096469
v -0.018622 0.021697 -0.096515
v -0.018573 0.021519 -0.095508
v -0.018612 0.022405 -0.095510
v -0.012255 0.016170 -0.097166
v -0.012972 0.016303 -0.096580
v -0.005547 0.015537 -0.101001
v -0.006995 0.017052 -0.101000
v -0.008961 0.017531 -0.101001
v -0.011132 0.016311 -0.101000
v -0.012023 0.014523 -0.101000
v -0.013407 0.013980 -0.101000
v -0.013610 0.015290 -0.096584
v -0.014429 0.014676 -0.097385
v -0.012674 0.015187 -0.097156
v -0.013517 0.014506 -0.097456
v -0.016944 0.017828 -0.096580
v -0.019429 0.021415 -0.096533
v -0.017678 0.017322 -0.101000
v -0.020941 0.021434 -0.101000
v -0.017649 0.017374 -0.097498
v -0.019976 0.020822 -0.096831
v -0.019912 0.022250 -0.097112
v -0.020372 0.021541 -0.097175
v -0.020476 0.020772 -0.097611
v -0.020615 0.022880 -0.101000
v -0.018723 0.022228 -0.096671
v -0.018721 0.022792 -0.097127
v -0.018233 0.023024 -0.096508
v -0.020163 0.022201 -0.095500
v -0.022877 0.022603 -0.095514
v -0.024638 0.024624 -0.095502
v -0.025027 0.026725 -0.095507
v -0.022058 0.030434 -0.095501
v -0.020837 0.030605 -0.095548
v -0.016957 0.024472 -0.096165
v -0.016544 0.026591 -0.096168
v -0.017055 0.028476 -0.096190
v -0.019051 0.030344 -0.096317
v -0.020305 0.030239 -0.095891
v -0.019058 0.029885 -0.095898
v -0.017256 0.028119 -0.095909
v -0.016852 0.026136 -0.095884
v -0.017476 0.024300 -0.095887
v -0.018497 0.023176 -0.095863
v -0.020197 0.030544 -0.096024
v -0.018345 0.022921 -0.096068
v -0.017914 0.029408 -0.096002
v -0.018803 0.022598 -0.095484
v -0.019130 0.024929 -0.097576
v -0.018604 0.026732 -0.097565
v -0.019825 0.028417 -0.097572
v -0.021914 0.028290 -0.097572
v -0.022785 0.027214 -0.097563
v -0.022918 0.025804 -0.097561
v -0.022132 0.024698 -0.097565
v -0.020815 0.024181 -0.097568
v -0.022413 0.024892 -0.100497
v -0.020202 0.024177 -0.100486
v -0.018635 0.025884 -0.100497
v -0.019009 0.027702 -0.100497
v -0.020880 0.028634 -0.100493
v -0.022947 0.027147 -0.100486
v -0.023524 0.025996 -0.100995
v -0.022625 0.028400 -0.100999
v -0.019833 0.029040 -0.100993
v -0.018023 0.026485 -0.100996
v -0.019178 0.024193 -0.100998
v -0.021722 0.023785 -0.100998
v 0.017460 0.026990 -0.101001
v 0.018427 0.024045 -0.101001
v 0.021053 0.029686 -0.101000
v 0.021245 0.030503 -0.097095
v 0.020898 0.030973 -0.096573
v 0.021238 0.031875 -0.096530
v 0.020217 0.030569 -0.096574
v 0.023123 0.029915 -0.097058
v 0.023343 0.030392 -0.096553
v 0.024604 0.030802 -0.097329
v 0.023983 0.030965 -0.096543
v 0.024322 0.030845 -0.096751
v 0.024079 0.030177 -0.097113
v 0.023400 0.031567 -0.096529
v 0.024326 0.031520 -0.097081
v 0.023689 0.032111 -0.097160
v 0.023887 0.029257 -0.101000
v 0.022931 0.029032 -0.101000
v 0.023964 0.032085 -0.101000
v 0.024583 0.030227 -0.100998
v 0.022173 0.032178 -0.096993
v 0.021141 0.032629 -0.096813
v 0.021346 0.032359 -0.096861
v 0.018971 0.046311 -0.101000
v 0.017410 0.044266 -0.101003
v 0.018549 0.041143 -0.101001
v 0.021003 0.040306 -0.101000
v 0.023097 0.040068 -0.097009
v 0.020903 0.039030 -0.096571
v 0.021023 0.039431 -0.096988
v 0.020342 0.039384 -0.096513
v 0.023566 0.039553 -0.096543
v 0.024112 0.039792 -0.097108
v 0.024557 0.039160 -0.097037
v 0.023857 0.038995 -0.096509
v 0.023680 0.038409 -0.096610
v 0.023503 0.037847 -0.097134
v 0.024256 0.038339 -0.097142
v 0.023380 0.040986 -0.101000
v 0.024526 0.039919 -0.100999
v 0.023534 0.037812 -0.101000
v 0.024460 0.038569 -0.101000
v 0.022220 0.037784 -0.097209
v 0.021225 0.037427 -0.097030
v 0.021180 0.037404 -0.101000
v 0.019837 0.034777 -0.101000
v 0.021327 0.032524 -0.101000
v 0.021233 0.038067 -0.096539
v 0.021415 0.037790 -0.096798
v -0.018985 0.040855 -0.101000
v -0.017460 0.043010 -0.101001
v -0.018427 0.045955 -0.101001
v -0.021053 0.040314 -0.101000
v -0.021245 0.039497 -0.097095
v -0.020897 0.039027 -0.096573
v -0.021129 0.038422 -0.096495
v -0.020217 0.039431 -0.096574
v -0.023240 0.040024 -0.096877
v -0.023574 0.039366 -0.096492
v -0.024535 0.039173 -0.096947
v -0.024079 0.039823 -0.097113
v -0.023564 0.038397 -0.096579
v -0.024360 0.038542 -0.097064
v -0.023662 0.037867 -0.097176
v -0.024102 0.040675 -0.100999
v -0.022817 0.040941 -0.101000
v -0.024661 0.039063 -0.100999
v -0.023672 0.037833 -0.101000
v -0.022247 0.037788 -0.097205
v -0.021288 0.038083 -0.096587
v -0.021141 0.037371 -0.096814
v -0.021346 0.037641 -0.096861
v -0.018510 0.023994 -0.101001
v -0.017475 0.026273 -0.101000
v -0.018375 0.028712 -0.101001
v -0.021003 0.029694 -0.101000
v -0.022917 0.029984 -0.096998
v -0.021077 0.030963 -0.096612
v -0.021023 0.030569 -0.096988
v -0.020451 0.030671 -0.096545
v -0.023397 0.030430 -0.096548
v -0.023725 0.029982 -0.097108
v -0.024567 0.030731 -0.097085
v -0.024128 0.030852 -0.096605
v -0.023718 0.031341 -0.096522
v -0.023515 0.032116 -0.097001
v -0.024353 0.031525 -0.097134
v -0.023378 0.029010 -0.101000
v -0.024586 0.030213 -0.100998
v -0.023974 0.032090 -0.101000
v -0.021874 0.032284 -0.097269
v -0.021154 0.031613 -0.096483
v -0.020997 0.032693 -0.101000
v -0.019856 0.035300 -0.101000
v -0.021324 0.037474 -0.101000
v -0.021266 0.032520 -0.096991
v -0.021265 0.032087 -0.096601
v 0.020340 0.052757 -0.101000
v 0.025998 0.041932 -0.100998
v 0.023524 0.048164 -0.100999
v 0.026938 0.036826 -0.101000
v 0.020403 0.017171 -0.101000
v 0.011981 0.010659 -0.101001
v 0.003282 0.008200 -0.101000
v 0.026692 0.030971 -0.101000
v 0.025211 0.025349 -0.101000
v 0.011002 0.059652 -0.101000
v 0.016026 0.056723 -0.101000
v -0.000886 0.061885 -0.100995
v 0.005447 0.061445 -0.101000
v -0.016622 0.056276 -0.101000
v -0.008740 0.060683 -0.101001
v -0.023503 0.048121 -0.100968
v -0.020813 0.052199 -0.101000
v -0.024645 0.045701 -0.101000
v -0.026743 0.039179 -0.101003
v -0.020442 0.034879 -0.100999
v -0.021219 0.036629 -0.100997
v -0.026154 0.028012 -0.100998
v -0.024046 0.033129 -0.100995
v -0.023942 0.036919 -0.100996
v -0.021331 0.033277 -0.100998
v -0.025050 0.035062 -0.100999
v -0.022157 0.019568 -0.101000
v -0.018272 0.015137 -0.101000
v -0.013166 0.011434 -0.100999
v -0.002520 0.008115 -0.101000
v -0.007565 0.009164 -0.100970
v -0.023538 0.033563 -0.100499
v -0.021964 0.036438 -0.100500
v -0.021088 0.035611 -0.100496
v -0.021100 0.034360 -0.100500
v -0.021986 0.033556 -0.100497
v -0.024412 0.034389 -0.100496
v -0.024399 0.035640 -0.100496
v -0.023514 0.036444 -0.100497
v -0.021331 0.033821 -0.096000
v -0.021403 0.036242 -0.096000
v -0.024169 0.036179 -0.096000
v -0.024097 0.033758 -0.096000
v -0.007998 0.060800 -0.099753
v 0.020184 0.017071 -0.099807
v 0.012547 0.011078 -0.099751
v -0.025117 0.024596 -0.099111
v -0.026544 0.029215 -0.099101
v -0.027142 0.034179 -0.099113
v -0.026840 0.039408 -0.099079
v -0.025466 0.044442 -0.099109
v -0.023703 0.048798 -0.098914
v -0.020403 0.052933 -0.099104
v -0.016955 0.056206 -0.099152
v -0.012781 0.058964 -0.099107
v -0.008185 0.061307 -0.098840
v -0.003007 0.062044 -0.099070
v 0.001801 0.062135 -0.099084
v 0.007008 0.061241 -0.099106
v 0.011739 0.059486 -0.099112
v 0.015607 0.057219 -0.099154
v 0.019534 0.053869 -0.099107
v 0.022899 0.049703 -0.099069
v 0.025119 0.045319 -0.099141
v 0.026589 0.040798 -0.099068
v 0.027155 0.035469 -0.099106
v 0.026747 0.030325 -0.099153
v 0.025615 0.025987 -0.099112
v 0.023511 0.021401 -0.099106
v 0.020806 0.016945 -0.098844
v 0.016997 0.013751 -0.099070
v 0.012935 0.010675 -0.098842
v 0.007908 0.009017 -0.099108
v 0.003058 0.008029 -0.099158
v -0.001737 0.007890 -0.099103
v -0.006836 0.008438 -0.098912
v -0.011330 0.010316 -0.099109
v -0.015860 0.012904 -0.099079
v -0.019773 0.016389 -0.099114
v -0.022860 0.020322 -0.099101
v 0.028715 0.052886 -0.096354
v 0.031251 0.047945 -0.096307
v 0.021316 0.061273 -0.096350
v 0.025510 0.057231 -0.096310
v 0.016791 0.064334 -0.096375
v 0.011982 0.066645 -0.096344
v 0.006238 0.068245 -0.096352
v -0.004793 0.068463 -0.096367
v 0.000683 0.068803 -0.096332
v -0.010455 0.067135 -0.096374
v -0.015376 0.065161 -0.096336
v -0.024440 0.058390 -0.096354
v -0.020353 0.062031 -0.096311
v -0.027963 0.053988 -0.096374
v -0.030686 0.049251 -0.096346
v -0.033663 0.038263 -0.096358
v -0.032669 0.043836 -0.096302
v -0.033732 0.032885 -0.096375
v -0.032885 0.027122 -0.096360
v -0.028698 0.017084 -0.096352
v -0.031238 0.022061 -0.096321
v -0.025413 0.012715 -0.096375
v -0.021374 0.008776 -0.096350
v -0.016891 0.005679 -0.096310
v -0.011621 0.003224 -0.096346
v -0.006347 0.001801 -0.096374
v -0.000912 0.001191 -0.096362
v 0.010336 0.002784 -0.096351
v 0.004722 0.001480 -0.096295
v 0.020277 0.007956 -0.096372
v 0.015520 0.004938 -0.096345
v 0.024359 0.011498 -0.096300
v 0.027997 0.016022 -0.096357
v 0.030716 0.020822 -0.096352
v 0.032600 0.026074 -0.096372
v 0.033644 0.031728 -0.096370
v 0.032885 0.042945 -0.096350
v 0.033759 0.037216 -0.096312
v -0.008958 0.067763 -0.095016
v -0.033455 0.029087 -0.095054
v 0.033744 0.030939 -0.095037
v -0.033726 0.039052 -0.095049
v -0.033602 0.039976 -0.093425
v -0.033462 0.040879 -0.095006
v -0.010752 0.067231 -0.095038
v 0.008959 0.067763 -0.095016
v 0.009847 0.067508 -0.093407
v 0.010736 0.067236 -0.095039
v 0.033603 0.039981 -0.093424
v 0.033728 0.039075 -0.095006
v 0.033454 0.040901 -0.095052
v -0.000004 0.001034 -0.093411
v -0.000922 0.001048 -0.095013
v 0.000947 0.001035 -0.095039
v -0.033732 0.030944 -0.095039
v 0.033456 0.029112 -0.095030
v -0.000931 0.068960 -0.095040
v 0.000931 0.068957 -0.095012
vn -0.0048 0.6728 0.7398
vn -0.0224 -0.3478 0.9373
vn 0.0168 0.5502 0.8349
vn 0.0040 0.9900 -0.1407
vn -0.0047 0.4507 -0.8927
vn 0.0050 0.9881 -0.1537
vn 0.0054 0.4034 -0.9150
vn 0.0012 -0.5323 -0.8465
vn -0.0064 -0.4920 -0.8706
vn -0.0157 -0.9987 0.0492
vn 0.0183 -0.5515 0.8340
vn 0.0026 -0.9995 -0.0300
vn -1.0000 -0.0000 -0.0000
vn -1.0000 -0.0000 0.0001
vn 0.7168 -0.0138 0.6971
vn 0.7705 -0.5328 0.3499
vn 0.6522 -0.2831 0.7032
vn 0.7379 -0.6294 -0.2436
vn 0.6482 -0.7591 0.0597
vn 0.7039 -0.1778 -0.6877
vn 0.6534 -0.4281 -0.6243
vn 0.7092 0.3013 -0.6373
vn 0.7027 0.4095 -0.5819
vn 0.7143 0.6959 -0.0741
vn 0.7241 0.6818 -0.1040
vn 0.7243 0.4502 0.5222
vn 0.7161 0.4723 0.5140
vn -0.0306 -0.4450 -0.8950
vn 0.0616 -0.1996 -0.9779
vn 0.0726 -0.6886 -0.7215
vn -0.0268 -0.9571 -0.2884
vn 0.0387 -0.9806 -0.1923
vn -0.0100 -0.9401 0.3409
vn 0.0079 -0.9286 0.3711
vn -0.0065 -0.5557 0.8314
vn -0.0181 -0.4965 0.8678
vn -0.0033 0.0770 0.9970
vn 0.0260 0.1596 0.9868
vn -0.0000 0.6668 0.7452
vn -0.0019 0.9849 0.1731
vn 0.0046 0.7517 0.6595
vn 0.0033 0.9903 0.1392
vn 0.0059 0.9152 -0.4030
vn -0.0130 0.3730 -0.9277
vn 0.0092 0.4374 -0.8992
vn -0.0040 0.9024 -0.4310
vn -0.6437 0.4877 -0.5898
vn -0.6183 0.7823 0.0752
vn -0.6932 0.7174 0.0687
vn -0.3453 0.9385 -0.0039
vn -0.3596 0.9331 -0.0022
vn -0.5556 0.8313 -0.0148
vn -0.4201 0.9075 0.0014
vn -0.3563 0.9344 -0.0039
vn -0.7289 0.6847 0.0012
vn -0.5426 0.8397 -0.0226
vn -0.7553 0.6554 0.0012
vn -0.1172 0.9271 0.3559
vn -0.1077 0.9519 -0.2870
vn -0.4001 0.7302 0.5538
vn -0.5498 0.5319 0.6440
vn -0.4970 0.7132 0.4943
vn -0.2164 0.6514 0.7272
vn -0.6658 0.5695 0.4821
vn -0.9213 0.3463 -0.1768
vn -0.7553 0.5170 -0.4028
vn -0.6561 0.4640 0.5951
vn -0.1180 0.7178 0.6861
vn -0.2333 0.6726 -0.7023
vn -0.1346 0.7941 -0.5927
vn -0.4272 0.6849 -0.5903
vn -0.5318 0.5920 -0.6055
vn -0.4815 0.4499 -0.7521
vn -0.8905 0.3805 0.2494
vn -0.6147 0.4645 -0.6375
vn 0.5888 0.6703 -0.4517
vn 0.5853 0.6610 0.4696
vn -0.5338 -0.0268 0.8452
vn -0.9445 0.0074 -0.3285
vn -0.8146 -0.1503 0.5602
vn -0.8353 0.1026 0.5402
vn -0.7059 0.3788 0.5986
vn -0.7385 -0.3292 -0.5884
vn -0.8938 -0.1522 0.4218
vn -0.6661 -0.0888 -0.7406
vn -0.5850 -0.4240 -0.6913
vn -0.7780 -0.5629 -0.2791
vn -0.8268 -0.0129 -0.5623
vn -0.6703 -0.4970 0.5511
vn -0.3626 -0.4109 0.8365
vn -0.4588 -0.4263 0.7795
vn -0.4382 -0.6717 0.5973
vn -0.6522 -0.5466 -0.5253
vn -0.4468 -0.6780 -0.5837
vn -0.4464 -0.4574 -0.7691
vn -0.4632 -0.6707 0.5793
vn -0.2310 -0.6706 0.7049
vn -0.4563 -0.6813 -0.5724
vn -0.2177 -0.6526 -0.7258
vn -0.7242 -0.6802 0.1134
vn -0.6296 -0.7741 -0.0657
vn -0.8096 -0.5869 -0.0095
vn -0.6372 -0.7691 0.0491
vn -0.6334 -0.7729 0.0392
vn -0.7889 -0.6125 -0.0492
vn -0.8001 -0.5994 -0.0242
vn -0.2239 -0.9746 0.0049
vn -0.3562 -0.9344 0.0022
vn -0.3475 -0.9376 0.0075
vn -0.4694 -0.8827 -0.0232
vn -0.1173 -0.9272 -0.3558
vn -0.1075 -0.9519 0.2870
vn -0.1345 -0.7940 0.5928
vn -0.1181 -0.7179 -0.6861
vn 0.5946 -0.6668 0.4492
vn 0.5841 -0.6620 -0.4696
vn -0.0082 -0.3746 -0.9271
vn -0.0217 0.4340 -0.9007
vn -0.0013 0.2667 -0.9638
vn -0.0040 -0.9024 -0.4310
vn 0.0058 -0.9152 -0.4030
vn -0.0020 -0.9849 0.1732
vn 0.0033 -0.9903 0.1392
vn 0.0046 -0.7516 0.6596
vn -0.0122 -0.6413 0.7672
vn 0.0247 -0.1508 0.9883
vn -0.0313 0.1467 0.9887
vn 0.0361 0.5405 0.8406
vn -0.0487 0.8489 0.5263
vn 0.0473 0.9841 0.1711
vn 0.0175 0.8515 -0.5241
vn -0.0448 0.9581 -0.2830
vn 0.0090 -0.4324 -0.9016
vn -1.0000 -0.0001 -0.0000
vn -1.0000 -0.0001 -0.0001
vn -1.0000 -0.0000 -0.0001
vn -0.0003 0.9841 0.1776
vn -0.0039 0.4134 0.9105
vn 0.0093 0.3533 0.9355
vn 0.0281 0.6708 -0.7411
vn 0.0141 0.9904 0.1374
vn 0.1557 0.0779 -0.9847
vn 0.0348 0.5588 -0.8286
vn 0.0149 -0.5817 -0.8133
vn -0.0059 -0.7352 -0.6778
vn 0.0004 -0.9897 0.1432
vn -0.0104 -0.5076 0.8615
vn 0.0109 -0.6221 0.7828
vn 0.0014 -0.9993 0.0370
vn 0.7246 -0.2398 0.6461
vn 0.7178 -0.6938 -0.0589
vn 0.5813 -0.7518 0.3111
vn 0.7435 -0.2223 -0.6307
vn 0.4474 -0.6749 -0.5868
vn 0.9808 0.1873 -0.0538
vn 0.7274 0.5120 0.4568
vn 0.6104 0.7765 0.1562
vn 0.4563 0.2786 0.8451
vn 0.9989 0.0468 -0.0037
vn 0.6497 -0.5280 0.5469
vn 0.1879 -0.7540 0.6295
vn 0.5033 -0.8498 0.1567
vn 0.3713 -0.9285 0.0088
vn 0.7213 -0.6853 -0.1008
vn 0.9375 -0.3365 -0.0882
vn 0.8290 -0.5120 0.2251
vn 0.9990 0.0431 -0.0133
vn 0.9794 -0.1572 0.1270
vn 0.9874 0.1574 0.0153
vn 0.9156 0.4019 0.0100
vn 0.9410 0.3385 0.0044
vn 0.8348 0.5365 -0.1240
vn 0.5978 0.7995 -0.0590
vn 0.7194 0.6838 0.1222
vn 0.4726 0.8813 0.0007
vn 0.2146 0.7794 0.5886
vn 0.2624 0.9650 -0.0000
vn 0.4743 0.8804 -0.0000
vn 0.6236 0.6531 0.4297
vn 0.5908 0.5776 -0.5633
vn 0.5950 -0.5236 -0.6098
vn 0.5873 -0.6564 0.4736
vn 0.5990 -0.7989 0.0545
vn 0.4689 0.6925 0.5482
vn 0.7443 0.5659 0.3546
vn 0.1230 0.6053 0.7864
vn 0.1721 0.3207 0.9314
vn 0.3981 0.7446 0.5358
vn 0.2880 0.7882 0.5439
vn 0.2587 0.2545 0.9318
vn 0.5424 0.6348 0.5503
vn 0.3250 0.1546 0.9330
vn 0.7651 0.3475 0.5422
vn 0.7071 0.4575 0.5392
vn 0.3606 0.0448 0.9316
vn 0.8132 0.1863 0.5514
vn 0.8295 -0.0851 0.5520
vn 0.8504 0.0738 0.5210
vn 0.3495 -0.0744 0.9340
vn 0.8216 -0.1880 0.5382
vn 0.3102 -0.1844 0.9326
vn 0.7723 -0.3383 0.5377
vn 0.6081 -0.5701 0.5524
vn 0.7195 -0.4501 0.5289
vn 0.2359 -0.2727 0.9327
vn 0.5460 -0.6420 0.5382
vn 0.1679 -0.3233 0.9313
vn 0.4166 -0.7371 0.5321
vn 0.3010 -0.7840 0.5429
vn 0.1287 -0.5855 0.8004
vn 0.4044 -0.5229 0.7503
vn 0.6228 0.5714 0.5344
vn 0.7226 -0.5763 0.3818
vn 0.2028 -0.9311 0.3033
vn 0.0298 -0.9784 0.2047
vn 0.1662 0.9482 0.2705
vn 0.7481 0.5591 -0.3574
vn 0.4453 0.7354 -0.5108
vn 0.5366 -0.8429 0.0396
vn 0.4110 -0.7220 -0.5566
vn 0.1990 -0.9328 -0.3005
vn 0.3021 -0.7798 -0.5482
vn 0.5418 -0.6535 -0.5286
vn 0.6369 -0.5651 -0.5244
vn 0.7200 -0.4255 -0.5482
vn 0.8164 -0.2019 -0.5411
vn 0.7743 -0.3250 -0.5429
vn 0.8470 -0.0649 -0.5276
vn 0.8303 0.0968 -0.5488
vn 0.8048 0.2294 -0.5474
vn 0.7120 0.4553 -0.5346
vn 0.7726 0.3137 -0.5519
vn 0.6301 0.5747 -0.5223
vn 0.5016 0.6724 -0.5443
vn 0.4112 0.7345 -0.5398
vn 0.1909 0.9421 -0.2756
vn 0.2836 0.7788 -0.5595
vn 0.4644 -0.7002 -0.5422
vn 0.9996 -0.0231 0.0143
vn 1.0000 -0.0051 -0.0000
vn 0.9998 0.0076 0.0207
vn 0.5925 0.5334 0.6037
vn 0.6744 -0.1290 0.7270
vn 0.9998 0.0076 -0.0187
vn 0.6722 -0.1257 -0.7296
vn 0.7676 0.6407 -0.0174
vn 0.9999 -0.0041 -0.0141
vn 0.9997 -0.0200 -0.0159
vn 0.0962 0.3620 -0.9272
vn 0.1009 -0.5965 -0.7962
vn 0.1054 0.5982 -0.7944
vn 0.7439 -0.5599 -0.3649
vn 0.2667 -0.9637 -0.0130
vn 0.5567 -0.8305 0.0169
vn 0.4391 -0.8891 -0.1288
vn 0.8490 -0.5280 -0.0180
vn 0.7504 -0.6192 -0.2314
vn 0.9119 -0.4104 -0.0036
vn 0.9715 -0.2303 -0.0560
vn 0.9795 -0.2012 0.0065
vn 0.9950 0.0469 0.0886
vn 0.9686 0.2485 0.0047
vn 0.8279 0.5598 -0.0354
vn 0.9427 0.3250 0.0748
vn 0.7496 0.6609 0.0353
vn 0.9373 0.3465 0.0379
vn 0.7091 0.7049 0.0167
vn 0.5587 0.8160 -0.1486
vn 0.3650 0.9307 0.0257
vn 0.4234 0.9028 0.0758
vn 0.2083 0.9743 -0.0853
vn 0.2496 -0.9679 -0.0284
vn 0.7941 -0.6033 -0.0740
vn 0.5872 -0.5774 0.5673
vn 0.6538 -0.7563 0.0217
vn 0.9997 -0.0055 0.0224
vn 0.6712 0.1258 0.7305
vn 0.9999 0.0015 0.0134
vn 0.9994 0.0333 0.0044
vn 0.9997 0.0082 0.0224
vn 0.9998 -0.0049 -0.0207
vn 1.0000 -0.0045 -0.0000
vn 0.6712 0.1268 -0.7303
vn 0.9997 0.0064 -0.0247
vn 0.9995 0.0280 -0.0136
vn 0.9999 0.0005 -0.0108
vn 0.0799 -0.3418 -0.9364
vn 0.1416 -0.3289 -0.9337
vn 0.2148 -0.2967 -0.9305
vn 0.2667 -0.2421 -0.9329
vn 0.3117 -0.1739 -0.9341
vn 0.3447 -0.0766 -0.9356
vn 0.3519 0.0640 -0.9338
vn 0.3168 0.1645 -0.9341
vn 0.2669 0.2410 -0.9331
vn 0.2150 0.2967 -0.9305
vn 0.1514 0.3181 -0.9359
vn 0.0800 0.3416 -0.9364
vn 0.0556 -0.3587 -0.9318
vn -0.8144 -0.5803 0.0010
vn -0.8138 -0.5812 -0.0000
vn -0.8141 -0.5808 0.0007
vn -0.8142 -0.5806 -0.0013
vn -0.8670 -0.3370 -0.3671
vn -0.7308 -0.4310 -0.5293
vn -0.7813 -0.2711 0.5622
vn -0.8116 -0.5842 -0.0082
vn -0.7206 -0.4269 0.5464
vn -0.7565 0.5705 0.3198
vn -0.7334 0.5593 -0.3864
vn -0.9183 0.3561 -0.1732
vn -0.8453 0.4779 0.2389
vn -0.7498 0.1078 0.6528
vn -0.3895 -0.1662 0.9059
vn -0.7517 0.1347 -0.6456
vn -0.3536 -0.0277 -0.9350
vn -0.9830 -0.0108 0.1834
vn -0.9530 -0.2830 -0.1083
vn -0.8875 -0.4585 0.0470
vn -0.8425 -0.4742 -0.2554
vn -0.6442 -0.3788 -0.6644
vn -0.1269 -0.4252 -0.8962
vn -0.7723 -0.4259 -0.4713
vn -0.7560 -0.5917 -0.2801
vn -0.5545 -0.5623 -0.6135
vn -0.8566 -0.4319 -0.2822
vn -0.4214 -0.2747 -0.8643
vn -0.6585 -0.7361 -0.1564
vn 0.0319 -0.9363 -0.3498
vn 0.2425 -0.8748 -0.4195
vn -0.7661 -0.5182 0.3801
vn -0.7336 -0.6322 0.2492
vn -0.8436 -0.4567 0.2826
vn -0.6697 -0.6874 0.2812
vn -0.8000 -0.4491 0.3979
vn -0.1891 -0.2193 0.9572
vn 0.2743 -0.8709 0.4077
vn 0.0310 -0.9592 0.2811
vn -0.4191 -0.2787 0.8641
vn -0.2823 -0.5557 0.7820
vn -0.9675 0.1501 0.2035
vn -0.8138 0.5812 -0.0000
vn -0.8148 0.5797 0.0071
vn -0.9747 0.1194 -0.1891
vn -0.7310 0.4302 0.5296
vn -0.8130 0.5810 0.0380
vn -0.9143 -0.3610 0.1838
vn -0.8453 -0.4778 -0.2389
vn -0.7499 -0.1088 -0.6526
vn -0.4021 0.1743 -0.8989
vn -0.7512 -0.1356 0.6460
vn -0.3652 0.0335 0.9303
vn -0.9493 0.2800 0.1430
vn -0.8425 0.4743 0.2555
vn -0.8639 0.5028 -0.0296
vn -0.9847 0.0129 -0.1736
vn -0.6442 0.3789 0.6644
vn -0.1269 0.4252 0.8962
vn -0.7723 0.4259 0.4713
vn -0.7560 0.5916 0.2802
vn -0.5551 0.5617 0.6135
vn -0.8607 0.4325 0.2688
vn -0.4220 0.2753 0.8638
vn -0.6524 0.7412 0.1584
vn 0.0323 0.9363 0.3498
vn 0.2425 0.8748 0.4195
vn -0.7662 0.5182 -0.3800
vn -0.6683 0.6959 -0.2627
vn -0.7473 0.6183 -0.2432
vn -0.8428 0.4548 -0.2879
vn -0.8103 0.4456 -0.3806
vn -0.1892 0.2206 -0.9568
vn 0.2743 0.8709 -0.4077
vn 0.0124 0.9631 -0.2688
vn -0.4391 0.2795 -0.8539
vn -0.2826 0.5561 -0.7816
vn -0.7982 0.3776 -0.4695
vn -0.7135 -0.4011 0.5744
vn -0.8775 -0.0298 0.4787
vn -0.8352 0.1611 0.5259
vn -0.8350 0.1674 -0.5241
vn -0.9377 0.3473 -0.0003
vn -0.9711 0.2385 -0.0036
vn -0.9398 0.3417 -0.0036
vn -0.9747 0.2235 0.0001
vn -0.7675 0.1489 -0.6236
vn -0.8284 -0.1745 -0.5322
vn -0.9377 -0.3473 0.0003
vn -0.9711 -0.2385 0.0036
vn -0.9743 -0.2245 0.0199
vn -0.9391 -0.3435 0.0068
vn -0.3859 -0.1964 -0.9014
vn -0.2466 0.2875 -0.9255
vn -0.3847 0.2131 0.8981
vn -0.2456 -0.2771 0.9289
vn -0.5512 -0.7392 -0.3870
vn -0.3035 -0.8289 -0.4699
vn -0.2696 -0.8513 0.4501
vn -0.5410 -0.7554 0.3697
vn -0.5692 0.7460 0.3456
vn -0.2823 0.8273 0.4857
vn -0.2696 0.8513 -0.4501
vn -0.5580 0.7459 -0.3637
vn -0.6472 0.1480 -0.7479
vn -0.9237 0.2752 -0.2667
vn -0.9192 -0.1211 -0.3747
vn -0.8275 -0.0646 -0.5578
vn -0.8271 0.1086 -0.5515
vn -0.9296 0.1624 0.3307
vn -0.8340 -0.1035 0.5419
vn -0.8327 0.0657 0.5499
vn -0.9558 -0.2053 0.2105
vn -0.6549 -0.0974 0.7494
vn 0.0137 -0.3482 -0.9373
vn 0.0150 -0.1700 -0.9853
vn -0.1439 -0.0796 -0.9864
vn 0.1769 0.3189 -0.9311
vn -0.1089 -0.2667 -0.9576
vn -0.1002 -0.2663 -0.9587
vn 0.1262 -0.0484 -0.9908
vn 0.0375 -0.1199 -0.9921
vn -0.2396 -0.2646 -0.9341
vn 0.1133 -0.2532 -0.9608
vn -0.1281 -0.1373 -0.9822
vn -0.0537 -0.0420 -0.9977
vn -0.3453 -0.1193 -0.9309
vn -0.4043 -0.0011 -0.9146
vn -0.3718 0.1589 -0.9146
vn -0.2155 0.2420 -0.9460
vn 0.0821 0.2986 -0.9508
vn -0.1247 0.2931 -0.9479
vn -0.0281 0.1434 -0.9893
vn 0.0112 0.1067 -0.9942
vn -0.0652 0.3181 -0.9458
vn 0.1347 0.0723 -0.9882
vn -0.0638 0.3059 -0.9499
vn -0.0611 0.3661 -0.9286
vn 0.0087 0.3453 -0.9384
vn 0.0147 0.1709 -0.9852
vn -0.1233 0.6823 -0.7206
vn 0.2904 0.6801 -0.6731
vn 0.3341 0.6433 -0.6889
vn -0.1747 0.6428 -0.7458
vn -0.6597 0.3706 -0.6538
vn -0.3470 0.6101 -0.7123
vn -0.6243 0.4022 -0.6697
vn -0.2220 0.6557 -0.7217
vn 0.6339 0.5941 -0.4952
vn 0.8742 -0.1410 -0.4646
vn 0.5331 -0.5040 -0.6796
vn 0.7251 0.6294 -0.2794
vn 0.4649 0.8840 0.0496
vn 0.9275 0.3739 -0.0005
vn 0.9426 0.1708 -0.2870
vn 0.8720 -0.3317 -0.3600
vn 0.1444 -0.1964 -0.9698
vn 0.5175 -0.6963 -0.4973
vn 0.2227 -0.5240 -0.8221
vn -0.7346 -0.0476 -0.6768
vn -0.7361 0.0924 -0.6706
vn 0.2878 -0.7090 -0.6438
vn 0.3376 -0.2013 -0.9195
vn 0.0956 0.9600 -0.2632
vn -0.2325 0.9725 -0.0119
vn -0.4174 0.8300 -0.3699
vn -0.4160 -0.4422 -0.7946
vn -0.3559 -0.5142 -0.7803
vn -0.9596 -0.2803 -0.0237
vn -0.8751 0.4834 -0.0225
vn -0.9105 0.3488 -0.2222
vn -0.9381 -0.2996 -0.1738
vn 0.2915 -0.4063 -0.8660
vn 0.2367 -0.5281 -0.8155
vn -0.4447 -0.8954 0.0204
vn -0.3561 -0.9067 -0.2261
vn 0.4517 0.0199 -0.8919
vn 0.1885 -0.9274 -0.3232
vn 0.3905 -0.9201 -0.0325
vn -0.7347 -0.3996 -0.5482
vn -0.8070 0.0891 -0.5839
vn -0.3342 0.1148 -0.9355
vn -0.2717 -0.5427 -0.7948
vn 0.5963 -0.4086 -0.6910
vn 0.9202 -0.2247 -0.3207
vn 0.7349 -0.5218 -0.4332
vn 0.6527 -0.6954 -0.3006
vn 0.3134 -0.4629 -0.8291
vn 0.3369 0.1416 -0.9308
vn 0.8545 -0.0849 -0.5125
vn 0.3667 0.2676 -0.8910
vn -0.3314 0.2951 -0.8962
vn -0.1183 0.4284 -0.8958
vn 0.1472 0.4080 -0.9011
vn -0.5786 0.3798 -0.7218
vn -0.7804 0.1902 -0.5957
vn -0.4056 0.8327 -0.3770
vn -0.4262 0.9046 -0.0019
vn -0.2505 0.9672 -0.0427
vn -0.0800 0.9316 -0.3546
vn 0.7274 0.1167 -0.6762
vn 0.5994 0.2660 -0.7549
vn 0.6699 0.3237 -0.6681
vn -0.0285 0.9784 -0.2046
vn 0.3383 0.8651 -0.3704
vn -0.2532 0.5823 -0.7725
vn -0.2828 0.8127 -0.5095
vn -0.1651 0.6412 -0.7494
vn -0.3828 0.9217 -0.0632
vn -0.3880 0.8680 -0.3100
vn -0.6191 0.7019 -0.3523
vn -0.2543 -0.0005 -0.9671
vn 0.1776 -0.0102 -0.9841
vn 0.1873 0.5867 -0.7878
vn -0.2116 -0.4669 -0.8586
vn 0.5979 0.0897 -0.7965
vn -0.4032 0.4388 -0.8030
vn -0.1150 -0.3190 -0.9407
vn 0.0530 0.1180 -0.9916
vn 0.3950 0.1102 -0.9121
vn 0.3760 0.3127 -0.8723
vn -0.3625 0.5124 -0.7785
vn -0.5589 0.1597 -0.8137
vn -0.1156 0.6207 -0.7755
vn 0.3154 0.8072 -0.4990
vn -0.7317 -0.3054 -0.6093
vn -0.4007 -0.5763 -0.7123
vn -0.6613 -0.3968 -0.6366
vn -0.3171 -0.6364 -0.7032
vn 0.3336 -0.6927 -0.6395
vn -0.1103 -0.6643 -0.7393
vn 0.1750 -0.7577 -0.6287
vn -0.1751 -0.6700 -0.7214
vn 0.6385 -0.5254 -0.5623
vn -0.7309 0.0078 -0.6824
vn -0.6828 -0.0090 -0.7306
vn -0.3361 0.4767 -0.8122
vn -0.9441 -0.1355 -0.3004
vn -0.9690 -0.2462 0.0206
vn -0.9679 0.2484 0.0381
vn -0.9044 0.0158 -0.4264
vn -0.8922 -0.3778 -0.2476
vn 0.4067 0.7412 -0.5340
vn -0.7720 0.5820 -0.2557
vn -0.4074 0.9130 0.0215
vn -0.2537 0.8767 -0.4088
vn 0.3017 0.9339 -0.1916
vn -0.3880 0.4030 -0.8289
vn -0.3273 -0.2401 -0.9139
vn 0.2037 0.8102 -0.5496
vn 0.3356 0.4063 -0.8499
vn 0.0834 -0.1836 -0.9795
vn 0.7556 0.5746 -0.3144
vn 0.3612 0.2253 -0.9049
vn 0.6885 0.4159 -0.5942
vn -0.4159 -0.3204 -0.8511
vn -0.2039 -0.3336 -0.9204
vn -0.6302 -0.3705 -0.6824
vn -0.5399 -0.8418 -0.0031
vn -0.4280 -0.8821 -0.1968
vn 0.8687 0.1821 -0.4606
vn 0.4868 0.5218 -0.7006
vn 0.9676 -0.1063 -0.2290
vn 0.8882 0.3620 -0.2830
vn 0.7325 -0.6268 -0.2656
vn 0.9201 -0.3914 -0.0180
vn 0.8622 0.1334 -0.4888
vn 0.5813 -0.1608 -0.7977
vn 0.3075 -0.2248 -0.9246
vn 0.1441 -0.3433 -0.9281
vn -0.3111 -0.7123 -0.6292
vn -0.2308 -0.9718 -0.0484
vn 0.1147 -0.9129 -0.3917
vn -0.1059 -0.9881 -0.1112
vn 0.1958 0.2524 -0.9476
vn 0.7430 -0.2648 -0.6147
vn 0.5842 0.1270 -0.8016
vn 0.5706 0.6156 -0.5436
vn 0.0295 0.0714 -0.9970
vn 0.8136 0.0914 -0.5741
vn 0.3053 0.0176 -0.9521
vn 0.7821 -0.1883 -0.5940
vn 0.5990 -0.3949 -0.6966
vn 0.8066 -0.0821 -0.5854
vn 0.7563 -0.2659 -0.5977
vn 0.2115 0.6616 -0.7194
vn 0.1217 0.5199 -0.8456
vn -0.1558 -0.9878 0.0057
vn -0.3950 -0.8530 -0.3411
vn 0.1655 -0.9331 -0.3194
vn 0.6074 -0.7671 0.2062
vn -0.1642 -0.6366 -0.7535
vn -0.2885 -0.5438 -0.7880
vn -0.2832 -0.8182 -0.5004
vn -0.3891 -0.9196 -0.0549
vn -0.2738 -0.8678 -0.4147
vn -0.4660 -0.8157 -0.3428
vn -0.4054 -0.0034 -0.9141
vn 0.1443 -0.5053 -0.8508
vn -0.5262 -0.4524 -0.7200
vn -0.2388 0.3636 -0.9004
vn 0.0229 -0.0157 -0.9996
vn 0.1809 -0.1935 -0.9643
vn 0.3575 -0.0758 -0.9308
vn -0.1398 0.1853 -0.9727
vn -0.2200 0.4907 -0.8431
vn -0.0371 -0.5104 -0.8592
vn -0.4520 -0.3739 -0.8099
vn -0.5435 -0.1653 -0.8230
vn 0.6310 -0.5985 -0.4937
vn 0.2389 -0.7519 -0.6145
vn 0.0133 0.3484 0.9372
vn 0.0156 0.1703 0.9853
vn -0.1480 0.0865 0.9852
vn 0.1799 -0.3204 0.9301
vn -0.1090 0.2668 0.9576
vn -0.1002 0.2663 0.9587
vn 0.1263 0.0484 0.9908
vn 0.0357 0.1214 0.9920
vn -0.2386 0.2630 0.9348
vn 0.1012 0.2587 0.9607
vn -0.1312 0.1396 0.9815
vn -0.0555 0.0418 0.9976
vn -0.2433 0.0827 0.9664
vn -0.3812 -0.1224 0.9163
vn -0.3670 -0.2403 0.8987
vn -0.2394 -0.2455 0.9394
vn 0.0088 -0.3454 0.9384
vn -0.0652 -0.3180 0.9458
vn -0.0637 -0.3058 0.9500
vn 0.1347 -0.0723 0.9882
vn -0.0610 -0.3671 0.9282
vn -0.1247 -0.2930 0.9479
vn 0.0112 -0.1067 0.9942
vn -0.0283 -0.1401 0.9897
vn 0.0780 -0.3008 0.9505
vn 0.0159 -0.1690 0.9855
vn -0.7311 0.3052 0.6102
vn -0.4006 0.5762 0.7124
vn -0.6613 0.3972 0.6363
vn -0.3184 0.6352 0.7036
vn 0.3292 0.6979 0.6361
vn -0.0855 0.2991 0.9504
vn -0.0587 0.7274 0.6838
vn 0.5196 0.6250 0.5826
vn -0.7221 -0.0011 0.6918
vn -0.6905 -0.0796 0.7189
vn -0.2749 -0.5278 0.8037
vn -0.9671 -0.0158 0.2539
vn -0.9679 0.2507 -0.0170
vn -0.9262 -0.3756 -0.0335
vn -0.8661 0.3955 0.3057
vn 0.4080 -0.7395 0.5354
vn -0.8276 -0.4371 0.3520
vn -0.3938 -0.8683 0.3017
vn -0.3310 -0.9436 0.0033
vn 0.2958 -0.9359 0.1910
vn -0.2818 -0.4724 0.8351
vn -0.2938 0.2256 0.9288
vn -0.7848 0.0802 0.6145
vn 0.1990 -0.8151 0.5441
vn 0.3410 -0.4039 0.8489
vn 0.0835 0.1835 0.9795
vn 0.7545 -0.5758 0.3149
vn 0.3613 -0.2253 0.9048
vn 0.6926 -0.4141 0.5906
vn -0.3863 0.3257 0.8630
vn -0.3932 0.3419 0.8535
vn -0.5426 0.8399 0.0051
vn -0.4306 0.8883 0.1598
vn 0.8864 -0.0773 0.4565
vn 0.4899 -0.5210 0.6990
vn 0.9285 0.2818 0.2417
vn 0.8754 -0.3780 0.3014
vn 0.6909 0.7229 0.0046
vn 0.8622 -0.1334 0.4886
vn 0.5813 0.1609 0.7976
vn 0.3049 0.2294 0.9243
vn 0.2032 0.4440 0.8727
vn -0.3806 0.7169 0.5841
vn -0.2340 0.8590 0.4555
vn 0.0973 0.9500 0.2967
vn -0.1108 0.9836 0.1421
vn 0.1959 -0.2525 0.9476
vn 0.7367 0.0719 0.6724
vn 0.4318 -0.3075 0.8479
vn 0.5197 -0.6498 0.5546
vn 0.0295 -0.0714 0.9970
vn 0.8135 -0.0916 0.5743
vn 0.3053 -0.0177 0.9521
vn 0.7819 0.1864 0.5950
vn 0.6513 0.2586 0.7134
vn 0.8076 0.0854 0.5835
vn 0.6807 0.3201 0.6589
vn 0.2124 -0.6633 0.7176
vn -0.0363 -0.4839 0.8744
vn -0.0729 0.9971 0.0227
vn -0.5127 0.8206 0.2527
vn -0.1410 0.9099 0.3902
vn 0.5247 0.7914 0.3137
vn -0.3717 0.9182 0.1371
vn -0.0393 0.0688 0.9969
vn -0.2892 0.8893 0.3543
vn -0.4556 0.8093 0.3707
vn 0.2972 0.4462 0.8441
vn -0.4750 0.4340 0.7656
vn -0.4119 -0.1208 0.9032
vn 0.0020 -0.0003 1.0000
vn 0.1890 0.1941 0.9626
vn 0.3572 0.0760 0.9309
vn -0.1399 -0.1854 0.9727
vn -0.2292 -0.4938 0.8388
vn -0.0450 0.5137 0.8568
vn -0.4518 0.3736 0.8102
vn -0.5473 0.1801 0.8173
vn 0.4639 0.7535 0.4658
vn 0.1901 0.7666 0.6134
vn -0.0762 -0.2986 0.9513
vn 0.2401 -0.7245 0.6461
vn 0.3508 -0.6563 0.6680
vn -0.1398 -0.6651 0.7336
vn -0.6595 -0.3711 0.6537
vn -0.3479 -0.6086 0.7131
vn -0.6241 -0.4020 0.6700
vn -0.2220 -0.6556 0.7217
vn 0.6044 -0.5129 0.6096
vn 0.8585 0.3108 0.4080
vn 0.5217 0.5069 0.6862
vn 0.6551 -0.6297 0.4176
vn 0.4711 -0.8798 -0.0627
vn 0.9598 -0.2805 -0.0018
vn 0.9554 -0.2065 0.2110
vn 0.9050 0.3403 0.2554
vn 0.1444 0.1963 0.9699
vn 0.5751 0.5354 0.6186
vn 0.7696 -0.0104 0.6385
vn -0.7345 0.0477 0.6769
vn -0.7360 -0.0925 0.6706
vn 0.2927 0.7033 0.6478
vn 0.2447 0.5018 0.8297
vn 0.3380 0.2016 0.9193
vn 0.1321 -0.9405 0.3132
vn -0.2408 -0.9703 0.0223
vn -0.4421 -0.8229 0.3568
vn -0.4160 0.4422 0.7946
vn -0.3559 0.5142 0.7803
vn -0.9557 0.2929 0.0284
vn -0.8749 -0.4838 0.0234
vn -0.9092 -0.3495 0.2263
vn -0.9839 -0.0244 0.1769
vn 0.2914 0.4063 0.8660
vn 0.2368 0.5280 0.8156
vn -0.8576 0.4138 0.3054
vn -0.4317 0.9018 -0.0188
vn -0.3155 0.8876 0.3357
vn 0.4518 -0.0204 0.8919
vn 0.1665 0.9317 0.3229
vn 0.4712 0.8796 0.0650
vn -0.3584 0.4088 0.8393
vn -0.8219 -0.1605 0.5466
vn -0.3384 -0.1591 0.9274
vn 0.5564 0.4219 0.7158
vn 0.8991 0.3237 0.2947
vn 0.7412 0.5566 0.3753
vn 0.6754 0.6849 0.2735
vn 0.3304 -0.2258 0.9164
vn 0.3288 0.4437 0.8337
vn 0.8511 0.0707 0.5202
vn 0.3675 -0.2798 0.8869
vn -0.3343 -0.2766 0.9010
vn -0.1566 -0.4196 0.8941
vn 0.3715 -0.1280 0.9196
vn -0.5905 -0.3904 0.7063
vn -0.3988 -0.8417 0.3639
vn -0.4279 -0.9038 0.0001
vn -0.1165 -0.8576 0.5009
vn 0.0773 -0.9449 0.3182
vn 0.0665 -0.5731 0.8168
vn 0.7218 -0.1239 0.6809
vn 0.7081 -0.2443 0.6625
vn 0.0123 -0.9823 0.1870
vn -0.0261 -0.0784 0.9966
vn -0.3355 -0.9366 0.1012
vn -0.4430 -0.8359 0.3242
vn -0.6160 -0.7033 0.3548
vn -0.3159 -0.4852 0.8154
vn 0.3884 -0.2205 0.8947
vn -0.2924 0.1706 0.9410
vn 0.0528 -0.1474 0.9877
vn -0.1318 0.2158 0.9675
vn -0.2166 0.5112 0.8317
vn 0.0499 -0.0984 0.9939
vn 0.3961 -0.1090 0.9117
vn 0.4041 -0.3372 0.8503
vn -0.3586 -0.4916 0.7936
vn -0.5526 -0.1093 0.8262
vn -0.0429 -0.7166 0.6962
vn 0.5860 -0.5506 0.5945
vn 0.4097 -0.8204 0.3988
vn 0.0316 0.0023 -0.9995
vn -0.1299 0.1519 -0.9798
vn -0.0216 0.0622 -0.9978
vn 0.0078 0.0028 -1.0000
vn 0.0140 0.0022 -0.9999
vn -0.0011 0.0026 -1.0000
vn -0.0009 0.0022 -1.0000
vn -0.0253 0.1449 -0.9891
vn 0.0347 -0.0017 -0.9994
vn -0.1299 -0.1526 -0.9797
vn 0.0150 -0.0019 -0.9999
vn 0.0079 -0.0028 -1.0000
vn -0.0008 -0.0023 -1.0000
vn -0.0105 -0.0407 -0.9991
vn -0.0216 -0.0506 -0.9985
vn -0.0652 -0.1069 -0.9921
vn -0.0009 -0.0027 -1.0000
vn 0.0178 -0.2213 -0.9750
vn 0.0002 0.0004 -1.0000
vn 0.0001 0.0004 -1.0000
vn -0.0040 -0.0034 -1.0000
vn -0.0236 -0.0224 -0.9995
vn -0.0113 -0.0024 -0.9999
vn -0.0490 0.0441 -0.9978
vn -0.0013 -0.0036 -1.0000
vn -0.1155 -0.2022 -0.9725
vn 0.0001 0.0102 -0.9999
vn -0.0034 -0.0023 -1.0000
vn -0.0043 -0.0045 -1.0000
vn -0.0418 -0.0299 -0.9987
vn -0.0399 -0.0264 -0.9989
vn -0.0946 -0.0371 -0.9948
vn -0.0070 -0.0104 -0.9999
vn -0.0040 0.0033 -1.0000
vn -0.0004 0.0001 -1.0000
vn -0.0005 -0.0000 -1.0000
vn 0.0098 0.2059 -0.9785
vn -0.0049 0.0005 -1.0000
vn 0.0002 -0.0003 -1.0000
vn 0.0002 -0.0000 -1.0000
vn -0.1098 0.1735 -0.9787
vn -0.0239 0.0126 -0.9996
vn -0.0064 0.0081 -0.9999
vn -0.0032 0.0005 -1.0000
vn -0.0087 0.0026 -1.0000
vn -0.0135 -0.0116 -0.9998
vn 0.0008 -0.0002 -1.0000
vn 0.0005 -0.0001 -1.0000
vn 0.0006 -0.0003 -1.0000
vn -0.0001 0.0017 -1.0000
vn -0.1905 0.0774 -0.9786
vn -0.0058 0.0062 -1.0000
vn 0.0003 -0.0000 -1.0000
vn -0.0547 0.0530 -0.9971
vn -0.0051 0.0057 -1.0000
vn 0.0006 0.0007 -1.0000
vn -0.0758 0.0016 -0.9971
vn 0.0001 -0.0000 -1.0000
vn -0.1255 0.0179 -0.9919
vn -0.7170 0.1681 -0.6765
vn -0.5480 -0.4422 -0.7100
vn -0.8457 0.1735 -0.5046
vn -0.2360 0.6694 -0.7045
vn -0.2717 0.7795 -0.5644
vn -0.7688 -0.0173 -0.6392
vn -0.3042 -0.1538 -0.9401
vn -0.3933 -0.5613 -0.7282
vn -0.2761 -0.7252 -0.6307
vn -0.2529 -0.8011 -0.5425
vn -0.1922 -0.5377 -0.8209
vn -0.1137 -0.6141 -0.7810
vn 0.2936 -0.6290 -0.7199
vn 0.2263 0.7842 -0.5778
vn 0.1753 0.8629 -0.4741
vn 0.3022 0.7230 -0.6212
vn 0.6628 0.4001 -0.6330
vn 0.6172 0.5120 -0.5974
vn -0.2651 0.2391 -0.9341
vn -0.0495 0.7723 -0.6334
vn -0.6943 0.5496 -0.4646
vn 0.0458 0.1288 -0.9906
vn 0.1260 -0.3300 -0.9355
vn 0.6759 -0.2874 -0.6786
vn 0.8335 -0.1550 -0.5304
vn 0.3431 -0.0091 -0.9392
vn 0.1530 0.5573 -0.8161
vn 0.4980 0.4295 -0.7534
vn 0.5965 -0.5706 -0.5645
vn 0.8033 -0.0704 -0.5915
vn -0.5917 -0.1099 -0.7986
vn -0.5176 0.5404 -0.6633
vn -0.6004 -0.0335 -0.7990
vn -0.3223 0.7976 -0.5099
vn 0.2025 0.7157 -0.6684
vn 0.4783 0.6493 -0.5912
vn -0.4637 0.3682 -0.8058
vn -0.2505 0.0185 -0.9679
vn -0.6367 -0.2438 -0.7316
vn -0.8306 -0.0565 -0.5540
vn -0.6257 0.6243 -0.4677
vn -0.3944 -0.4107 -0.8221
vn -0.6185 -0.4828 -0.6200
vn -0.6399 -0.4247 -0.6404
vn -0.4891 -0.2986 -0.8195
vn -0.4691 -0.4233 -0.7751
vn -0.1101 -0.6886 -0.7167
vn 0.6708 0.4945 -0.5527
vn 0.5989 0.5874 -0.5442
vn 0.7262 -0.0428 -0.6861
vn 0.7862 -0.1865 -0.5891
vn 0.6122 0.3025 -0.7305
vn 0.1375 0.4424 -0.8862
vn 0.0703 0.8749 -0.4792
vn 0.0416 0.0373 -0.9984
vn -0.0850 -0.3886 -0.9175
vn 0.4332 -0.7470 -0.5043
vn 0.3845 -0.6024 -0.6995
vn 0.2707 -0.1908 -0.9435
vn 0.4473 0.3753 -0.8119
vn 0.6196 -0.0023 -0.7849
vn 0.9363 0.1615 -0.3119
vn 0.4437 -0.7008 -0.5586
vn -0.0754 0.7384 -0.6702
vn -0.6131 0.3470 -0.7097
vn -0.1583 0.8383 -0.5216
vn 0.5734 0.4295 -0.6977
vn 0.5939 0.5814 -0.5561
vn -0.2298 0.6800 -0.6962
vn -0.1957 0.1709 -0.9657
vn -0.6392 0.1915 -0.7448
vn -0.5669 -0.3125 -0.7622
vn -0.8102 -0.0882 -0.5795
vn -0.4835 0.0160 -0.8752
vn -0.6643 -0.1158 -0.7384
vn -0.5797 -0.0607 -0.8126
vn -0.6279 -0.0762 -0.7746
vn -0.4908 -0.4878 -0.7219
vn 0.8331 0.0203 -0.5527
vn 0.8418 0.1371 -0.5221
vn 0.5591 -0.4784 -0.6772
vn 0.6824 -0.4254 -0.5945
vn 0.6831 -0.0991 -0.7236
vn 0.2593 0.3249 -0.9095
vn 0.7694 0.3451 -0.5375
vn 0.2299 0.8415 -0.4890
vn 0.0535 0.0062 -0.9985
vn -0.2274 -0.3783 -0.8973
vn -0.0105 -0.7322 -0.6810
vn 0.0356 -0.7183 -0.6948
vn -0.1273 -0.8461 -0.5177
vn 0.0508 -0.9785 -0.1999
vn 0.3790 -0.3008 -0.8752
vn 0.5713 0.0463 -0.8194
vn 0.5275 -0.7142 -0.4600
vn 0.3471 0.6665 -0.6598
vn -0.2389 0.5537 -0.7977
vn 0.5909 0.6185 -0.5180
vn 0.7503 0.0621 -0.6582
vn 0.7753 -0.1061 -0.6227
vn -0.3540 0.7480 -0.5614
vn 0.0493 0.4146 -0.9087
vn -0.4554 0.5370 -0.7101
vn 0.5099 0.7114 -0.4836
vn -0.6376 0.0680 -0.7673
vn -0.7137 0.3905 -0.5815
vn -0.3867 0.2904 -0.8753
vn -0.5957 0.3435 -0.7261
vn -0.5089 0.2835 -0.8128
vn -0.5638 0.2738 -0.7792
vn -0.6946 -0.1467 -0.7042
vn 0.6202 -0.4501 -0.6425
vn 0.7831 -0.3876 -0.4864
vn 0.6326 -0.6307 -0.4495
vn 0.2300 -0.6725 -0.7034
vn 0.0939 -0.8098 -0.5791
vn 0.5226 0.0592 -0.8505
vn 0.0276 -0.0030 -0.9996
vn -0.3283 -0.0164 -0.9444
vn -0.4448 -0.6311 -0.6355
vn -0.6003 -0.5866 -0.5437
vn -0.5007 -0.3864 -0.7746
vn 0.0462 -0.3170 -0.9473
vn 0.5016 -0.2841 -0.8172
vn 0.5462 -0.4456 -0.7093
vn 0.4433 -0.7368 -0.5105
vn -0.2261 -0.7895 -0.5706
vn 0.6313 0.3842 -0.6736
vn 0.1199 0.5924 -0.7967
vn 0.7972 0.3402 -0.4987
vn 0.6261 -0.3248 -0.7089
vn 0.7368 -0.3308 -0.5896
vn 0.1342 0.8030 -0.5807
vn 0.7513 0.3441 -0.5632
vn -0.0740 0.6940 -0.7162
vn 0.1429 0.3431 -0.9284
vn -0.5043 0.4633 -0.7287
vn -0.2970 0.7721 -0.5619
vn -0.2094 0.5388 -0.8160
vn -0.2862 0.6526 -0.7016
vn 0.3267 -0.7582 -0.5642
vn 0.4171 -0.7547 -0.5064
vn -0.2488 -0.7032 -0.6661
vn 0.0087 -0.8089 -0.5879
vn 0.1322 -0.6763 -0.7247
vn 0.6164 -0.5525 -0.5611
vn 0.3942 -0.0734 -0.9161
vn 0.0222 -0.0459 -0.9987
vn -0.3129 0.1757 -0.9334
vn -0.7210 -0.2173 -0.6580
vn -0.8402 -0.1276 -0.5271
vn -0.2499 -0.2020 -0.9470
vn 0.2413 -0.5226 -0.8177
vn -0.1370 -0.6700 -0.7296
vn -0.7711 0.0068 -0.6367
vn -0.5475 -0.6341 -0.5461
vn -0.6097 -0.5663 -0.5547
vn 0.0098 -0.2008 0.9796
vn -0.2177 -0.0407 0.9752
vn -0.0007 -0.0011 1.0000
vn -0.0034 0.0012 1.0000
vn -0.0434 -0.0238 0.9988
vn -0.0018 -0.0058 1.0000
vn -0.0048 -0.0004 1.0000
vn 0.0023 -0.0063 1.0000
vn 0.0105 -0.0026 0.9999
vn 0.0110 0.0086 0.9999
vn -0.0213 -0.0579 0.9981
vn -0.0196 -0.1108 0.9936
vn -0.0218 -0.0761 0.9969
vn 0.0320 -0.0024 0.9995
vn -0.0012 -0.0046 1.0000
vn -0.0904 -0.0912 0.9917
vn -0.0306 -0.0288 0.9991
vn 0.0001 0.0093 1.0000
vn -0.1063 -0.1845 0.9771
vn -0.0045 0.0041 1.0000
vn -0.0033 -0.0020 1.0000
vn 0.0001 -0.0001 1.0000
vn 0.0003 0.0004 1.0000
vn 0.0009 0.0001 1.0000
vn -0.1862 -0.0786 0.9794
vn -0.1180 0.1933 0.9740
vn -0.0003 -0.0000 1.0000
vn 0.0002 -0.0008 1.0000
vn -0.0063 0.0009 1.0000
vn -0.0059 0.0011 1.0000
vn -0.0002 0.0017 1.0000
vn -0.0506 0.0387 0.9980
vn -0.0622 0.0030 0.9981
vn -0.0141 0.0121 0.9998
vn 0.0004 0.0005 1.0000
vn -0.0529 -0.0094 0.9986
vn -0.0129 0.0064 0.9999
vn -0.1332 -0.0206 0.9909
vn -0.0407 0.0256 0.9988
vn -0.0234 0.0280 0.9993
vn -0.0052 0.0072 1.0000
vn 0.0002 0.0099 1.0000
vn 0.0196 0.2279 0.9735
vn -0.0010 -0.0012 1.0000
vn 0.0031 0.0068 1.0000
vn -0.0218 0.0759 0.9969
vn 0.0109 0.0026 0.9999
vn 0.0019 0.0064 1.0000
vn 0.0344 0.0016 0.9994
vn 0.0146 -0.0101 0.9998
vn -0.0475 0.0648 0.9968
vn -0.2000 0.0426 0.9789
vn -0.1387 0.0637 0.9883
vn -0.0149 0.0349 0.9993
vn 0.6570 -0.3597 0.6626
vn 0.1225 -0.5889 0.7988
vn 0.7266 -0.1132 0.6777
vn 0.6109 0.3792 0.6950
vn 0.5244 0.6442 0.5568
vn 0.5221 -0.3018 0.7977
vn 0.0810 -0.2528 0.9641
vn -0.0361 -0.6663 0.7448
vn 0.1373 -0.8201 0.5555
vn 0.7882 -0.4544 0.4149
vn 0.9359 -0.1759 0.3053
vn -0.4661 -0.4313 0.7724
vn -0.3613 -0.7282 0.5825
vn -0.0802 -0.5044 0.8598
vn -0.5120 -0.3902 0.7652
vn -0.2603 -0.5269 0.8091
vn -0.2795 -0.6622 0.6953
vn 0.2480 0.7252 0.6423
vn 0.3871 0.7398 0.5502
vn 0.1875 0.8318 0.5225
vn -0.2403 0.6799 0.6928
vn -0.0721 0.8000 0.5957
vn 0.7204 0.4312 0.5432
vn 0.3180 0.1728 0.9322
vn -0.0235 0.0379 0.9990
vn -0.3579 -0.1602 0.9199
vn -0.7003 0.1961 0.6864
vn -0.7720 0.3639 0.5211
vn -0.8485 0.0505 0.5268
vn 0.1839 0.6795 0.7102
vn 0.2439 0.5287 0.8130
vn -0.3641 0.7073 0.6060
vn -0.1847 0.3079 0.9333
vn 0.3422 -0.6685 0.6603
vn -0.2353 -0.5553 0.7977
vn 0.5772 -0.6031 0.5505
vn 0.7406 -0.0595 0.6693
vn 0.7989 0.1628 0.5789
vn -0.3511 -0.7422 0.5709
vn 0.3289 -0.7648 0.5540
vn -0.4607 -0.5262 0.7148
vn 0.0419 -0.3133 0.9487
vn -0.6311 -0.4569 0.6269
vn -0.4751 -0.3155 0.8214
vn -0.6826 -0.4682 0.5612
vn -0.5854 -0.2717 0.7639
vn -0.6832 0.1299 0.7185
vn 0.6189 0.4469 0.6459
vn 0.7443 0.3718 0.5548
vn 0.6287 0.5552 0.5445
vn 0.2933 0.6547 0.6966
vn 0.4294 0.6884 0.5845
vn 0.6834 -0.1040 0.7226
vn -0.0059 0.0231 0.9997
vn -0.3251 0.0272 0.9453
vn -0.3281 0.6471 0.6882
vn -0.3268 0.7859 0.5250
vn -0.4483 0.4336 0.7817
vn -0.6865 0.6306 0.3620
vn 0.5435 0.4464 0.7108
vn 0.4941 0.2749 0.8248
vn 0.1745 0.8282 0.5326
vn 0.1065 0.3609 0.9265
vn -0.0755 -0.7383 0.6702
vn -0.6131 -0.3469 0.7098
vn -0.1849 -0.8409 0.5086
vn 0.5736 -0.4310 0.6966
vn 0.5993 -0.5858 0.5456
vn -0.2219 -0.6853 0.6936
vn -0.1623 -0.1704 0.9719
vn -0.6392 -0.1912 0.7449
vn -0.5670 0.3128 0.7620
vn -0.8109 0.0884 0.5784
vn -0.5093 -0.0906 0.8558
vn -0.6640 0.1155 0.7388
vn -0.5760 0.0698 0.8144
vn -0.6439 0.0909 0.7597
vn -0.5004 0.4868 0.7160
vn 0.7662 0.0129 0.6425
vn 0.8286 -0.1095 0.5491
vn 0.8460 0.1032 0.5232
vn 0.5595 0.4653 0.6859
vn 0.6915 0.4179 0.5893
vn 0.2304 -0.8437 0.4849
vn 0.2618 -0.3274 0.9079
vn 0.7913 -0.3259 0.5174
vn 0.0054 0.0097 0.9999
vn -0.2137 0.3916 0.8950
vn -0.0104 0.7323 0.6809
vn 0.0356 0.7183 0.6948
vn 0.7029 0.0541 0.7092
vn 0.5659 -0.0467 0.8232
vn 0.3815 0.2932 0.8766
vn -0.1279 0.8524 0.5071
vn 0.0588 0.9763 0.2084
vn 0.5293 0.7114 0.4623
vn -0.3922 -0.6271 0.6730
vn -0.6083 0.0166 0.7935
vn -0.2847 -0.6527 0.7021
vn 0.2884 -0.6495 0.7036
vn 0.4362 -0.7103 0.5524
vn -0.4620 -0.3592 0.8108
vn -0.2533 -0.0156 0.9673
vn -0.6374 0.2095 0.7415
vn -0.8285 0.0755 0.5548
vn -0.5266 -0.6936 0.4916
vn -0.4075 -0.8690 0.2807
vn -0.6314 0.4282 0.6465
vn -0.4686 0.3277 0.8204
vn -0.6677 0.5084 0.5438
vn -0.4685 0.4473 0.7618
vn -0.1110 0.6879 0.7173
vn 0.6720 -0.4906 0.5548
vn 0.6292 -0.5255 0.5727
vn 0.7052 0.1079 0.7008
vn 0.7776 0.1625 0.6074
vn 0.6666 -0.3249 0.6709
vn 0.3326 -0.8324 0.4434
vn 0.1006 -0.4325 0.8960
vn 0.0528 -0.0004 0.9986
vn -0.0735 0.4106 0.9088
vn 0.4527 0.7329 0.5079
vn 0.3499 0.6293 0.6939
vn 0.9338 -0.1590 0.3204
vn 0.4497 -0.3714 0.8123
vn 0.6116 -0.0022 0.7912
vn 0.2697 0.1947 0.9431
vn 0.4537 0.7020 0.5490
vn -0.4120 0.4350 0.8007
vn -0.7343 -0.1549 0.6609
vn -0.5313 0.4520 0.7165
vn -0.8181 -0.1622 0.5517
vn -0.2125 -0.6843 0.6975
vn -0.3832 -0.7226 0.5754
vn -0.7626 -0.1880 0.6189
vn -0.3081 0.0649 0.9492
vn -0.3184 0.5728 0.7553
vn -0.1119 0.5675 0.8157
vn -0.2304 0.7477 0.6228
vn -0.2860 0.7281 0.6229
vn -0.2173 0.5273 0.8214
vn -0.1211 0.6351 0.7629
vn 0.2931 0.6356 0.7142
vn 0.2638 -0.7908 0.5523
vn 0.2075 -0.8082 0.5512
vn 0.6219 -0.3734 0.6883
vn 0.6161 -0.5859 0.5265
vn 0.3370 -0.6600 0.6714
vn -0.1387 -0.8830 0.4484
vn -0.1794 -0.4940 0.8507
vn 0.0586 -0.0406 0.9975
vn 0.2050 0.3514 0.9135
vn 0.6743 0.2877 0.6801
vn 0.7193 0.1237 0.6835
vn 0.7163 0.5241 0.4607
vn 0.9569 0.1166 0.2660
vn 0.1435 -0.5520 0.8214
vn 0.6922 -0.5081 0.5124
vn 0.2988 -0.1636 0.9402
vn 0.7217 0.0139 0.6920
vn -0.7221 -0.2403 -0.6487
vn -0.7563 -0.6514 0.0605
vn -0.5824 -0.7521 -0.3086
vn -0.6492 -0.3275 0.6865
vn -0.6374 -0.4906 0.5941
vn -0.7306 0.2294 0.6432
vn -0.6869 0.7087 0.1609
vn -0.6323 0.6454 0.4286
vn -0.7070 0.5272 -0.4714
vn -0.6044 0.7732 -0.1920
vn -0.4909 0.2864 -0.8228
vn -0.7534 0.1621 0.6373
vn -0.7024 -0.4532 -0.5489
vn 0.0075 -0.6130 0.7901
vn 0.0034 0.2887 0.9574
vn -0.0075 0.1725 0.9850
vn -0.0057 -0.6980 0.7160
vn -0.0135 -0.9997 0.0203
vn 0.0083 -0.9911 -0.1327
vn -0.0223 -0.6793 -0.7335
vn -0.0074 0.4358 -0.9000
vn -0.0003 0.3700 -0.9290
vn -0.0426 0.9963 0.0743
vn 0.0069 0.8805 0.4741
vn -0.0007 0.9610 -0.2764
vn 0.0037 -0.4717 -0.8818
vn 0.7286 -0.6826 -0.0570
vn 0.7911 -0.6116 -0.0093
vn 0.6724 -0.7401 0.0058
vn 0.7232 -0.6907 0.0001
vn 0.4675 -0.8829 0.0432
vn 0.4736 -0.8801 0.0354
vn 0.7726 -0.6349 -0.0045
vn 0.1260 -0.9345 0.3330
vn 0.1158 -0.9368 -0.3302
vn 0.2890 -0.7100 0.6422
vn 0.5457 -0.5304 0.6487
vn 0.3676 -0.5903 0.7187
vn 0.6606 -0.5609 0.4989
vn 0.8339 -0.4536 -0.3144
vn 0.6692 -0.4725 0.5735
vn 0.7920 -0.4832 -0.3732
vn 0.1243 -0.7402 0.6608
vn 0.2689 -0.7072 -0.6539
vn 0.1339 -0.7208 -0.6801
vn 0.3546 -0.5944 -0.7217
vn 0.5328 -0.5275 -0.6618
vn 0.7795 -0.5125 0.3601
vn 0.9165 -0.3668 0.1599
vn 0.7307 -0.4881 -0.4774
vn 0.6234 -0.5088 -0.5938
vn -0.5899 -0.6706 -0.4498
vn -0.5842 -0.6622 0.4692
vn 0.7659 0.3550 0.5360
vn 0.8253 0.3485 0.4444
vn 0.6544 0.4072 0.6371
vn 0.7835 0.1314 0.6074
vn 0.7358 -0.3228 0.5954
vn 0.8938 -0.1522 -0.4218
vn 0.6661 -0.0888 0.7406
vn 0.8268 -0.0130 0.5623
vn 0.7068 -0.3982 -0.5847
vn 0.7753 0.3729 -0.5097
vn 0.6966 0.4971 -0.5174
vn 0.7512 0.5057 0.4243
vn 0.5224 0.5235 0.6731
vn 0.3769 0.5751 0.7261
vn 0.4764 0.4393 0.7616
vn 0.9022 0.3617 -0.2349
vn 0.8306 0.4547 0.3216
vn 0.6604 0.5610 -0.4991
vn 0.3679 0.5901 -0.7186
vn 0.5442 0.5281 -0.6518
vn 0.2795 0.7074 0.6492
vn 0.2895 0.7106 -0.6413
vn 0.7403 0.6698 0.0582
vn 0.7699 0.6381 -0.0031
vn 0.6724 0.7402 0.0040
vn 0.7925 0.6099 0.0018
vn 0.7266 0.6870 -0.0114
vn 0.4674 0.8830 -0.0432
vn 0.4914 0.8709 -0.0103
vn 0.1264 0.9345 -0.3327
vn 0.1172 0.9368 0.3298
vn 0.1347 0.7212 0.6795
vn 0.1242 0.7402 -0.6608
vn -0.5894 0.6709 0.4501
vn -0.5863 0.6605 -0.4690
vn 0.0075 0.3134 -0.9496
vn -0.0016 -0.5405 -0.8413
vn -0.0052 -0.3800 -0.9250
vn 0.0127 0.9421 -0.3351
vn -0.0141 0.6712 -0.7412
vn -0.0174 0.9997 0.0190
vn 0.0107 0.8180 0.5751
vn -0.0133 0.6917 0.7220
vn 0.0088 0.0828 0.9965
vn -0.0545 -0.1664 0.9845
vn 0.0088 -0.6691 0.7431
vn -0.0457 -0.9956 0.0818
vn 0.0023 -0.9973 -0.0739
vn -0.7209 0.1292 -0.6809
vn -0.6907 -0.6437 -0.3295
vn -0.3556 -0.4637 -0.8115
vn -0.7311 -0.4613 0.5028
vn -0.4290 -0.9005 0.0713
vn -0.6980 0.3091 0.6460
vn -0.4896 -0.0238 0.8716
vn -0.7318 0.6815 0.0015
vn -0.5138 0.7033 0.4914
vn -0.3993 0.7725 -0.4937
vn -0.7499 0.3135 -0.5825
vn -0.8037 -0.3820 0.4562
vn -0.2131 0.5671 0.7956
vn -0.4265 0.8360 0.3452
vn -0.2118 0.8057 0.5532
vn -0.4066 0.5462 0.7323
vn -0.5857 0.0214 0.8103
vn -0.9822 0.1458 0.1188
vn -0.6365 0.2028 0.7442
vn -0.4071 -0.5449 0.7331
vn -0.2339 -0.5647 0.7915
vn -0.4265 -0.8355 0.3464
vn -0.1979 -0.7987 0.5683
vn -0.8189 -0.0642 0.5704
vn -0.6364 0.6111 -0.4708
vn -0.6014 0.5314 0.5966
vn -0.1532 0.7895 -0.5943
vn -0.3312 0.7330 -0.5942
vn -0.5080 0.6656 -0.5468
vn -0.6744 0.5451 0.4981
vn -0.6166 0.5315 -0.5808
vn -0.6276 0.3530 0.6939
vn -0.7199 0.4136 -0.5574
vn -0.7995 0.2207 -0.5587
vn -0.8041 -0.0376 -0.5933
vn -0.7922 -0.2403 -0.5609
vn -0.7218 -0.3955 -0.5679
vn -0.6466 -0.2041 0.7350
vn -0.5951 -0.5535 -0.5827
vn -0.6386 -0.3522 0.6842
vn -0.5159 -0.6489 -0.5593
vn -0.5767 -0.5085 0.6394
vn -0.3436 -0.7105 -0.6141
vn -0.2313 -0.7756 -0.5873
vn -0.6363 -0.6113 -0.4705
vn -0.6097 -0.5383 0.5818
vn -0.6373 0.0878 -0.7656
vn -0.7496 0.5632 -0.3478
vn -0.9733 0.1947 -0.1218
vn -0.9736 -0.1915 -0.1240
vn -0.7221 -0.5877 -0.3650
vn -0.1291 -0.5856 -0.8003
vn -0.3026 -0.7891 -0.5346
vn -0.4079 -0.7430 -0.5306
vn -0.5426 -0.6437 -0.5397
vn -0.6464 -0.5222 -0.5563
vn -0.7269 -0.4265 -0.5382
vn -0.7702 -0.3153 -0.5544
vn -0.8060 -0.1990 -0.5574
vn -0.8439 -0.0418 -0.5349
vn -0.8402 0.1022 -0.5325
vn -0.8152 0.2184 -0.5363
vn -0.7791 0.3304 -0.5328
vn -0.7001 0.4689 -0.5384
vn -0.6143 0.5446 -0.5711
vn -0.4968 0.6626 -0.5606
vn -0.3997 0.7455 -0.5334
vn -0.2978 0.7917 -0.5334
vn -0.1187 0.6153 -0.7793
vn -0.0100 0.8403 -0.5420
vn -0.0118 -0.8379 -0.5457
vn -0.1613 0.9406 -0.2986
vn -0.1889 -0.9308 -0.3128
vn -0.9738 0.1911 0.1235
vn -0.4474 0.7382 0.5048
vn -0.4036 0.7290 0.5529
vn -0.2877 0.7863 0.5467
vn -0.1920 0.9423 0.2741
vn -0.5102 0.6769 0.5306
vn -0.6005 0.5828 0.5474
vn -0.7000 0.4644 0.5425
vn -0.8151 0.2226 0.5349
vn -0.7716 0.3387 0.5384
vn -0.8430 0.0916 0.5300
vn -0.8391 -0.0434 0.5422
vn -0.8067 -0.1976 0.5569
vn -0.7219 -0.4261 0.5452
vn -0.7631 -0.3423 0.5482
vn -0.6487 -0.5500 0.5260
vn -0.5411 -0.6362 0.5500
vn -0.4135 -0.7405 0.5298
vn -0.1964 -0.9352 0.2947
vn -0.2883 -0.7888 0.5429
vn -0.4735 -0.7593 0.4464
vn -0.9999 -0.0009 -0.0118
vn -1.0000 -0.0035 0.0001
vn -0.6443 0.5066 -0.5730
vn -0.6712 -0.1253 -0.7306
vn -0.9994 -0.0330 -0.0039
vn -0.6718 -0.1254 0.7300
vn -0.9997 -0.0200 0.0148
vn -0.9997 -0.0108 -0.0207
vn -0.9999 -0.0036 0.0123
vn -0.6709 0.6024 0.4323
vn -0.9738 -0.1934 0.1193
vn -0.1259 0.6024 0.7882
vn -0.1220 -0.6057 0.7863
vn -0.3555 0.7183 0.5981
vn -0.1919 0.7780 0.5983
vn -0.5131 0.6377 0.5745
vn -0.6296 0.5060 0.5896
vn -0.6878 0.3418 0.6404
vn -0.7822 0.1881 0.5939
vn -0.7691 0.0184 0.6389
vn -0.7809 -0.1622 0.6032
vn -0.7384 -0.3427 0.5809
vn -0.6150 -0.4635 0.6379
vn -0.5229 -0.6246 0.5800
vn -0.3809 -0.7120 0.5899
vn -0.2192 -0.7790 0.5875
vn -0.6397 -0.5986 0.4821
vn -0.9998 0.0157 -0.0155
vn -0.9996 0.0271 0.0102
vn -0.6716 0.1262 0.7301
vn -0.6371 -0.5522 -0.5377
vn -1.0000 -0.0007 0.0002
vn -0.9998 0.0083 0.0165
vn -0.6702 0.1266 -0.7313
vn -0.9999 0.0044 -0.0137
vn -0.1980 0.6688 -0.7166
vn -0.3627 0.7251 -0.5854
vn -0.3997 0.4706 -0.7866
vn -0.5991 0.3972 -0.6952
vn -0.8764 0.3808 -0.2947
vn -0.9845 0.1756 -0.0016
vn -0.9290 0.0132 -0.3699
vn -0.7339 -0.1594 -0.6603
vn -0.6329 -0.3389 -0.6962
vn -0.7373 -0.5876 -0.3333
vn -0.4313 -0.5292 -0.7307
vn -0.3311 -0.6481 -0.6858
vn -0.1780 -0.7047 -0.6868
vn -0.4889 -0.3219 -0.8108
vn -0.0265 -0.0043 -0.9996
vn -0.3224 0.0936 -0.9419
vn -0.1773 0.0187 -0.9840
vn -0.2848 0.2114 -0.9350
vn 0.9764 -0.1310 0.1718
vn 0.8138 -0.5812 -0.0000
vn 0.8125 -0.5828 -0.0158
vn 0.8126 -0.5827 0.0071
vn 0.8125 -0.5829 0.0021
vn 0.8775 -0.1952 -0.4380
vn 0.7867 0.5681 -0.2415
vn 0.8911 0.3812 0.2460
vn 0.9385 0.3166 -0.1376
vn 0.4165 -0.1204 -0.9011
vn 0.5944 0.1710 -0.7858
vn 0.8547 0.1627 -0.4930
vn 0.7092 0.2571 0.6565
vn 0.4191 -0.0897 0.9035
vn 0.9740 -0.1709 0.1485
vn 0.8218 -0.5521 0.1406
vn 0.8842 -0.4611 -0.0751
vn 0.7938 -0.2836 0.5380
vn 0.1271 -0.4259 0.8958
vn 0.7720 -0.4262 0.4716
vn 0.7657 -0.5859 0.2652
vn 0.5551 -0.5617 0.6135
vn 0.8573 -0.4372 0.2719
vn 0.4330 -0.2759 0.8581
vn 0.6525 -0.7411 0.1583
vn -0.0323 -0.9363 0.3498
vn -0.2425 -0.8748 0.4195
vn 0.7910 -0.4269 -0.4383
vn 0.6768 -0.6757 -0.2920
vn 0.8303 -0.4847 -0.2752
vn 0.7397 -0.6243 -0.2513
vn 0.8071 -0.4472 -0.3856
vn 0.1892 -0.2201 -0.9569
vn -0.2743 -0.8709 -0.4078
vn -0.0124 -0.9631 -0.2688
vn 0.4224 -0.2766 -0.8632
vn 0.2827 -0.5561 -0.7816
vn 0.9763 0.1302 -0.1729
vn 0.8138 0.5812 -0.0000
vn 0.8120 0.5835 0.0109
vn 0.8135 0.5815 -0.0086
vn 0.8124 0.5831 -0.0022
vn 0.7364 0.4154 -0.5340
vn 0.8778 0.1955 0.4374
vn 0.7867 -0.5681 0.2415
vn 0.8911 -0.3812 -0.2460
vn 0.9384 -0.3168 0.1377
vn 0.4165 0.1204 0.9011
vn 0.5945 -0.1709 0.7858
vn 0.8547 -0.1627 0.4930
vn 0.7092 -0.2571 -0.6565
vn 0.4170 0.0898 -0.9045
vn 0.9757 0.1570 -0.1527
vn 0.8972 0.4357 0.0712
vn 0.8213 0.5527 -0.1413
vn 0.7910 0.4270 0.4382
vn 0.8109 0.4446 0.3805
vn 0.1893 0.2201 0.9569
vn 0.7278 0.6182 0.2969
vn 0.4230 0.2773 0.8627
vn 0.8468 0.4393 0.3001
vn 0.6206 0.7035 0.3462
vn 0.2824 0.5557 0.7820
vn -0.2743 0.8710 0.4077
vn -0.0283 0.9602 0.2780
vn 0.7938 0.2835 -0.5380
vn 0.7640 0.5951 -0.2495
vn 0.8571 0.4431 -0.2628
vn 0.6581 0.7366 -0.1557
vn 0.1209 0.4396 -0.8900
vn -0.0116 0.2885 -0.9574
vn -0.0081 0.9562 -0.2924
vn -0.2568 0.8637 -0.4338
vn 0.5544 0.5623 -0.6135
vn 0.4220 0.2739 -0.8642
vn 0.8112 0.1686 -0.5600
vn 0.8353 0.1669 0.5238
vn 0.8686 -0.0046 0.4955
vn 0.8335 -0.0477 -0.5505
vn 0.8355 -0.1608 0.5254
vn 0.9377 -0.3473 -0.0003
vn 0.9711 -0.2385 -0.0036
vn 0.9743 -0.2245 -0.0200
vn 0.9391 -0.3435 -0.0069
vn 0.7836 -0.1526 -0.6023
vn 0.8677 -0.0238 -0.4965
vn 0.8399 0.1432 -0.5235
vn 0.9389 0.3438 -0.0147
vn 0.9711 0.2385 0.0036
vn 0.9747 0.2235 -0.0001
vn 0.9398 0.3417 0.0036
vn 0.3597 0.2247 -0.9056
vn 0.2463 -0.2873 -0.9256
vn 0.3858 -0.1960 0.9015
vn 0.2456 0.2771 0.9289
vn 0.5512 -0.7392 0.3870
vn 0.3035 -0.8289 0.4699
vn 0.2696 -0.8513 -0.4501
vn 0.5580 -0.7459 -0.3637
vn 0.2696 0.8513 0.4501
vn 0.5580 0.7459 0.3637
vn 0.5900 0.7336 -0.3373
vn 0.2823 0.8273 -0.4857
vn 0.9192 -0.1211 0.3747
vn 0.6472 -0.1480 -0.7478
vn 0.9237 -0.2752 -0.2667
vn 0.8296 0.0618 -0.5548
vn 0.8340 0.1035 0.5419
vn 0.8312 -0.1069 -0.5456
vn 0.8327 -0.0657 0.5499
vn 0.9281 0.1331 -0.3478
vn 0.9384 0.2089 0.2752
vn 0.6549 0.0974 0.7494
vn -0.0091 -0.3453 -0.9384
vn -0.0133 0.3483 -0.9373
vn -0.0111 0.1750 -0.9845
vn 0.1437 0.0718 -0.9870
vn -0.0527 -0.4949 -0.8673
vn 0.1519 0.3008 -0.9415
vn 0.2256 0.2638 -0.9378
vn 0.1589 0.3160 -0.9354
vn 0.1320 0.1387 -0.9815
vn 0.0858 0.0617 -0.9944
vn 0.4051 0.0029 -0.9142
vn 0.2432 0.0769 -0.9669
vn 0.3739 -0.1209 -0.9196
vn 0.3619 -0.3024 -0.8818
vn 0.3474 -0.2110 -0.9137
vn -0.4413 -0.0854 -0.8933
vn -0.0672 -0.3636 -0.9291
vn 0.1488 -0.2959 -0.9436
vn -0.0847 0.5190 -0.8506
vn 0.1661 -0.0959 -0.9814
vn 0.1198 -0.1885 -0.9747
vn -0.0118 -0.1758 -0.9844
vn -0.1092 -0.8440 -0.5250
vn 0.3414 -0.4746 -0.8113
vn 0.7311 -0.0083 -0.6822
vn 0.6828 0.0088 -0.7306
vn 0.3463 -0.9152 -0.2059
vn 0.4427 -0.8966 -0.0067
vn -0.1313 -0.9310 -0.3407
vn 0.7351 0.3017 -0.6072
vn 0.6627 0.3966 -0.6352
vn 0.9612 -0.2749 0.0246
vn 0.8236 -0.4154 -0.3862
vn 0.9025 -0.0078 -0.4307
vn -0.3283 -0.8029 -0.4976
vn 0.3330 -0.5505 -0.7655
vn 0.2786 0.1080 -0.9543
vn -0.0608 -0.0515 -0.9968
vn -0.1031 -0.1583 -0.9820
vn -0.1346 -0.5994 -0.7891
vn -0.4018 -0.3940 -0.8266
vn -0.3832 -0.6522 -0.6540
vn -0.4703 -0.5049 -0.7238
vn -0.6760 -0.4769 -0.5618
vn 0.4132 0.5686 -0.7113
vn 0.3214 0.6370 -0.7006
vn -0.3380 0.6989 -0.6304
vn 0.0963 0.6814 -0.7256
vn -0.1529 0.7626 -0.6286
vn 0.1901 0.6705 -0.7172
vn -0.6539 0.5294 -0.5405
vn 0.9668 0.2556 -0.0013
vn 0.8991 0.3023 -0.3166
vn 0.5539 0.2624 -0.7901
vn 0.3475 0.4193 -0.8387
vn 0.2013 0.3093 -0.9294
vn 0.5283 0.8488 -0.0222
vn 0.5078 0.8240 -0.2511
vn 0.2997 0.6786 -0.6705
vn 0.1908 0.6465 -0.7387
vn -0.4044 -0.6599 -0.6332
vn -0.1669 -0.4061 -0.8985
vn -0.6604 0.1500 -0.7358
vn -0.8656 -0.2018 -0.4584
vn -0.2843 -0.6546 -0.7005
vn -0.2633 -0.7217 -0.6402
vn -0.6939 -0.6918 -0.2001
vn -0.6181 -0.6710 -0.4096
vn -0.8907 -0.3074 -0.3348
vn -0.5495 0.8339 -0.0522
vn 0.2092 0.9778 0.0089
vn -0.3277 0.8575 -0.3967
vn -0.6662 0.7287 -0.1590
vn -0.9237 0.3832 -0.0008
vn 0.3702 0.9147 -0.1620
vn 0.1928 0.8561 -0.4796
vn 0.3347 0.9422 -0.0166
vn 0.5158 0.7713 -0.3729
vn 0.6146 0.6797 -0.4003
vn 0.3530 0.8986 -0.2606
vn 0.1075 -0.7114 -0.6946
vn 0.1979 -0.4896 -0.8492
vn 0.1215 -0.1248 -0.9847
vn 0.1402 0.2576 -0.9560
vn 0.3294 0.5355 -0.7777
vn 0.5115 0.1436 -0.8472
vn 0.5247 -0.2567 -0.8117
vn 0.7180 0.2596 -0.6459
vn 0.2448 -0.2606 -0.9339
vn 0.2414 0.1912 -0.9514
vn -0.0784 0.2859 -0.9550
vn 0.5130 0.5522 -0.6572
vn -0.1644 -0.2585 -0.9519
vn -0.5108 -0.0392 -0.8588
vn -0.7794 0.3096 -0.5447
vn -0.9374 0.3100 -0.1586
vn 0.3687 0.5013 -0.7828
vn -0.0399 0.5243 -0.8506
vn 0.7343 0.0499 -0.6770
vn 0.7371 -0.0899 -0.6697
vn 0.3764 0.8868 -0.2681
vn -0.1446 0.9394 -0.3109
vn -0.1888 0.9649 -0.1823
vn 0.4414 0.8971 0.0179
vn 0.6447 -0.3756 -0.6658
vn 0.6531 -0.3814 -0.6542
vn 0.9590 0.2821 -0.0265
vn 0.9210 0.3285 -0.2096
vn 0.2769 0.5327 -0.7997
vn 0.2733 -0.1294 -0.9532
vn -0.0082 -0.0777 -0.9969
vn -0.1686 0.5781 -0.7983
vn -0.2854 0.7405 -0.6085
vn -0.3521 0.2907 -0.8897
vn -0.3648 0.5057 -0.7818
vn -0.1185 0.0079 -0.9929
vn -0.4319 0.5396 -0.7227
vn -0.6794 0.5336 -0.5037
vn 0.3574 -0.5949 -0.7199
vn 0.2802 -0.6377 -0.7175
vn 0.0866 -0.7039 -0.7050
vn -0.2442 -0.6429 -0.7260
vn 0.0671 -0.6935 -0.7173
vn -0.2920 -0.7647 -0.5745
vn -0.2020 -0.8818 -0.4261
vn 0.9091 -0.4163 -0.0157
vn 0.9303 -0.2385 -0.2786
vn 0.7919 0.1150 -0.5997
vn 0.3886 -0.3482 -0.8531
vn 0.3086 -0.2900 -0.9059
vn 0.7052 -0.2016 -0.6798
vn 0.4563 -0.8898 0.0039
vn 0.4366 -0.8298 -0.3475
vn 0.7480 -0.6061 -0.2704
vn 0.1994 -0.6987 -0.6871
vn 0.2576 -0.6332 -0.7299
vn -0.2494 0.3630 -0.8978
vn -0.6750 0.6781 -0.2908
vn -0.8438 0.2168 -0.4910
vn -0.6997 0.6216 -0.3521
vn -0.1264 0.7502 -0.6491
vn -0.3453 0.6060 -0.7166
vn -0.6614 -0.3446 -0.6662
vn -0.8668 0.4090 -0.2854
vn 0.1278 -0.9918 0.0036
vn -0.6024 -0.7975 0.0332
vn -0.2308 -0.9729 0.0167
vn 0.3087 -0.9361 -0.1686
vn -0.7527 -0.6448 -0.1334
vn 0.3347 -0.9423 0.0009
vn 0.5507 -0.7927 -0.2613
vn 0.5791 -0.7138 -0.3940
vn 0.4008 -0.8790 -0.2584
vn 0.2168 -0.9428 -0.2534
vn 0.2261 0.4734 -0.8513
vn 0.0426 0.7230 -0.6895
vn 0.1191 0.1228 -0.9853
vn 0.1223 -0.2606 -0.9577
vn 0.2000 -0.6669 -0.7178
vn 0.3496 -0.5163 -0.7818
vn 0.5818 -0.2625 -0.7698
vn 0.5391 -0.2328 -0.8094
vn 0.3106 0.3619 -0.8790
vn 0.1994 -0.0266 -0.9796
vn 0.5735 -0.6045 -0.5529
vn 0.0014 -0.4089 -0.9126
vn -0.1276 0.3040 -0.9441
vn -0.7598 -0.2989 -0.5774
vn -0.4991 0.0277 -0.8661
vn -0.7152 -0.2977 -0.6323
vn -0.9683 -0.2495 0.0086
vn -0.9655 -0.0599 -0.2533
vn -0.0088 0.3453 0.9384
vn -0.0847 -0.5189 0.8506
vn 0.1660 0.0951 0.9815
vn 0.1627 0.2979 0.9406
vn 0.2431 0.3353 0.9102
vn 0.2154 0.2442 0.9455
vn 0.2133 0.0461 0.9759
vn 0.0630 0.0432 0.9971
vn 0.4088 -0.0011 0.9126
vn 0.3453 -0.1194 0.9309
vn 0.1386 -0.1496 0.9790
vn 0.2257 -0.2643 0.9376
vn 0.0536 -0.0421 0.9977
vn 0.1570 -0.3142 0.9363
vn 0.1518 -0.3009 0.9415
vn 0.1436 -0.0711 0.9871
vn -0.0139 -0.3482 0.9373
vn -0.0527 0.4948 0.8674
vn -0.0133 -0.1746 0.9845
vn -0.0123 0.1743 0.9846
vn 0.3687 -0.5013 0.7827
vn -0.0398 -0.5243 0.8506
vn 0.7346 -0.0471 0.6769
vn 0.7386 0.0933 0.6676
vn 0.3680 -0.9128 0.1773
vn -0.1490 -0.9392 0.3094
vn -0.1898 -0.9648 0.1819
vn 0.4422 -0.8966 -0.0252
vn 0.6224 0.4048 0.6699
vn 0.6591 0.3686 0.6556
vn 0.8918 -0.3346 0.3043
vn 0.9608 -0.2760 0.0272
vn 0.3008 -0.3120 0.9012
vn 0.2905 0.1762 0.9405
vn -0.0109 0.0823 0.9966
vn 0.2994 -0.7276 0.6172
vn -0.1384 -0.5898 0.7956
vn -0.2854 -0.7404 0.6085
vn -0.3571 -0.2968 0.8857
vn -0.3648 -0.5057 0.7818
vn -0.1184 -0.0078 0.9929
vn -0.4318 -0.5396 0.7228
vn -0.6793 -0.5336 0.5038
vn 0.3533 0.5881 0.7276
vn 0.2295 0.6522 0.7225
vn 0.1441 0.7025 0.6969
vn -0.2730 0.7091 0.6502
vn 0.0567 0.6970 0.7148
vn -0.3946 0.6447 0.6547
vn 0.8774 0.4797 0.0037
vn 0.9321 0.2337 0.2767
vn 0.8244 0.0595 0.5628
vn 0.3886 0.3483 0.8530
vn 0.3055 0.2964 0.9049
vn 0.6952 0.2146 0.6861
vn 0.3953 0.9185 -0.0109
vn 0.4294 0.8320 0.3512
vn 0.7492 0.5968 0.2874
vn 0.1948 0.6910 0.6961
vn 0.2532 0.6140 0.7476
vn -0.2494 -0.3630 0.8978
vn -0.6750 -0.6781 0.2907
vn -0.8665 -0.3146 0.3875
vn -0.6392 0.2476 0.7281
vn -0.7005 -0.6226 0.3488
vn -0.1248 -0.7476 0.6523
vn -0.3408 -0.6100 0.7154
vn -0.5952 0.4857 0.6402
vn -0.9024 -0.3417 0.2625
vn 0.1280 0.9918 -0.0045
vn -0.6029 0.7971 -0.0336
vn -0.2281 0.9735 -0.0169
vn 0.3152 0.9340 0.1684
vn -0.7355 0.6615 0.1464
vn 0.3349 0.9422 -0.0009
vn 0.5510 0.7923 0.2619
vn 0.5854 0.7136 0.3850
vn 0.4007 0.8791 0.2581
vn 0.2163 0.9425 0.2547
vn 0.2037 -0.4474 0.8708
vn 0.2166 -0.6367 0.7401
vn 0.1192 -0.1228 0.9852
vn 0.1222 0.2608 0.9576
vn 0.2001 0.6670 0.7177
vn 0.3496 0.5163 0.7818
vn 0.5659 0.2598 0.7824
vn 0.6175 0.0507 0.7849
vn 0.3621 0.2894 0.8861
vn 0.2696 -0.2856 0.9196
vn 0.4411 0.5682 0.6946
vn -0.1180 0.3524 0.9284
vn -0.1473 -0.3024 0.9417
vn -0.8744 0.2603 0.4095
vn -0.5843 0.0270 0.8111
vn -0.6498 0.3717 0.6630
vn -0.9678 0.2515 -0.0083
vn -0.1085 0.8439 0.5255
vn 0.3413 0.4747 0.8113
vn 0.7310 0.0082 0.6823
vn 0.6826 -0.0090 0.7308
vn 0.3864 0.8917 0.2356
vn 0.4517 0.8919 0.0243
vn -0.1306 0.9307 0.3417
vn 0.7350 -0.3016 0.6073
vn 0.6628 -0.3970 0.6349
vn 0.9084 0.2889 0.3022
vn 0.9681 0.2501 0.0131
vn -0.3285 0.8029 0.4975
vn 0.3320 0.5476 0.7681
vn 0.2437 -0.1183 0.9626
vn -0.0648 0.0549 0.9964
vn -0.1036 0.1573 0.9821
vn -0.1329 0.6002 0.7887
vn -0.4013 0.3944 0.8267
vn -0.3836 0.6523 0.6538
vn -0.4704 0.5047 0.7239
vn -0.6718 0.4764 0.5673
vn 0.4138 -0.5682 0.7113
vn 0.3221 -0.6361 0.7012
vn -0.3442 -0.6926 0.6339
vn 0.0981 -0.6836 0.7232
vn -0.2290 -0.7102 0.6658
vn 0.1909 -0.6706 0.7168
vn 0.9697 -0.2437 -0.0138
vn 0.9068 -0.3329 0.2586
vn 0.7573 -0.0416 0.6517
vn 0.6746 -0.2346 0.6999
vn 0.4608 -0.5069 0.7285
vn 0.2143 -0.3115 0.9257
vn 0.2315 -0.3317 0.9145
vn 0.5318 -0.8468 0.0080
vn 0.4507 -0.8699 0.2005
vn 0.2974 -0.6691 0.6810
vn 0.1866 -0.6304 0.7535
vn -0.4041 0.6599 0.6334
vn -0.1669 0.4060 0.8985
vn -0.6620 -0.1325 0.7377
vn -0.8496 0.2955 0.4369
vn -0.2852 0.6566 0.6982
vn -0.2630 0.7214 0.6407
vn -0.6916 0.6932 0.2030
vn -0.6162 0.6730 0.4092
vn -0.6518 -0.4542 0.6073
vn -0.8911 0.3243 0.3175
vn -0.4841 -0.8750 0.0026
vn 0.2152 -0.9766 -0.0054
vn 0.2819 -0.9410 0.1874
vn -0.1743 -0.7256 0.6656
vn -0.7475 -0.6436 0.1645
vn 0.1948 -0.8533 0.4837
vn 0.3349 -0.9421 0.0157
vn 0.5147 -0.7761 0.3643
vn 0.6088 -0.7404 0.2848
vn 0.3539 -0.8979 0.2617
vn 0.0293 0.6487 0.7605
vn 0.1921 0.4995 0.8448
vn 0.1221 0.1283 0.9842
vn 0.1351 -0.2556 0.9573
vn 0.3289 -0.5368 0.7770
vn 0.5163 -0.1476 0.8436
vn 0.3339 0.2640 0.9049
vn 0.5805 -0.3533 0.7336
vn 0.2470 -0.1536 0.9568
vn -0.2301 -0.1152 0.9663
vn -0.1697 0.2720 0.9472
vn -0.6390 -0.0088 0.7692
vn -0.8973 -0.3082 0.3161
vn -0.9591 -0.2831 -0.0003
vn -0.0410 0.1960 -0.9798
vn 0.0011 -0.0012 -1.0000
vn 0.0050 0.0071 -1.0000
vn 0.1924 0.0398 -0.9805
vn -0.0003 -0.0009 -1.0000
vn -0.0002 -0.0004 -1.0000
vn -0.0001 -0.0005 -1.0000
vn 0.0239 0.0029 -0.9997
vn -0.0109 0.0032 -0.9999
vn -0.0063 0.0018 -1.0000
vn -0.0444 -0.0035 -0.9990
vn -0.0256 -0.0513 -0.9984
vn 0.0287 0.0302 -0.9991
vn 0.0047 -0.0473 -0.9989
vn 0.3653 0.2828 -0.8869
vn 0.1375 -0.0971 -0.9857
vn -0.0318 -0.0120 -0.9994
vn -0.0002 -0.0000 -1.0000
vn -0.0002 -0.0003 -1.0000
vn 0.1698 0.0976 -0.9806
vn 0.0002 0.0017 -1.0000
vn -0.0008 -0.0002 -1.0000
vn -0.0006 -0.0003 -1.0000
vn -0.0003 -0.0000 -1.0000
vn -0.0001 -0.0000 -1.0000
vn 0.0379 0.0380 -0.9986
vn -0.0006 0.0007 -1.0000
vn -0.0008 0.0003 -1.0000
vn 0.1168 -0.1845 -0.9759
vn -0.0001 0.0102 -0.9999
vn -0.0004 0.0004 -1.0000
vn 0.0003 0.0002 -1.0000
vn -0.0009 0.0001 -1.0000
vn -0.0002 -0.0008 -1.0000
vn -0.0000 0.0025 -1.0000
vn 0.0029 0.0017 -1.0000
vn -0.0391 -0.1738 -0.9840
vn -0.0019 0.0038 -1.0000
vn -0.0220 0.0428 -0.9988
vn -0.0065 -0.0019 -1.0000
vn -0.0108 -0.0033 -0.9999
vn -0.0022 -0.0769 -0.9970
vn -0.0003 0.0008 -1.0000
vn -0.0404 0.0023 -0.9992
vn 0.1497 -0.4832 -0.8626
vn -0.0033 0.0057 -1.0000
vn 0.4350 -0.2714 -0.8585
vn -0.3422 -0.6685 -0.6603
vn 0.2382 -0.5534 -0.7981
vn -0.5772 -0.6032 -0.5505
vn -0.7406 -0.0595 -0.6693
vn -0.7974 0.1632 -0.5809
vn 0.3480 -0.7438 -0.5707
vn -0.3258 -0.7729 -0.5445
vn 0.4718 -0.5241 -0.7090
vn -0.0559 -0.3234 -0.9446
vn 0.5926 -0.3030 -0.7463
vn 0.4812 -0.3345 -0.8103
vn 0.5510 -0.2632 -0.7919
vn 0.7051 0.1675 -0.6891
vn -0.6189 0.4469 -0.6459
vn -0.7830 0.3877 -0.4863
vn -0.6800 0.5146 -0.5223
vn -0.2934 0.6547 -0.6966
vn -0.4409 0.6924 -0.5711
vn -0.6842 -0.1043 -0.7217
vn -0.0190 -0.0039 -0.9998
vn 0.3280 0.0226 -0.9444
vn 0.3318 0.6507 -0.6830
vn 0.3268 0.7859 -0.5250
vn -0.0934 0.3857 -0.9179
vn -0.4941 0.2748 -0.8248
vn -0.1914 0.8267 -0.5291
vn -0.5432 0.4468 -0.7108
vn 0.4532 0.4386 -0.7761
vn 0.6814 0.6306 -0.3716
vn -0.6200 -0.4084 -0.6699
vn -0.1160 -0.5878 -0.8007
vn -0.7242 -0.1353 -0.6762
vn -0.6352 0.3304 -0.6981
vn -0.5217 0.6692 -0.5291
vn -0.5165 -0.3033 -0.8008
vn -0.0842 -0.2532 -0.9637
vn 0.0375 -0.6666 -0.7445
vn -0.1376 -0.8199 -0.5557
vn -0.7831 -0.4639 -0.4141
vn -0.9397 -0.1733 -0.2949
vn 0.4666 -0.4309 -0.7724
vn 0.3611 -0.7300 -0.5803
vn 0.0954 -0.4710 -0.8770
vn 0.5124 -0.3897 -0.7652
vn 0.2336 -0.5463 -0.8044
vn 0.2797 -0.6622 -0.6952
vn -0.2496 0.7263 -0.6405
vn -0.4143 0.7783 -0.4719
vn -0.2544 0.8280 -0.4997
vn 0.2403 0.6799 -0.6928
vn 0.0672 0.8103 -0.5822
vn -0.3092 0.1731 -0.9351
vn -0.7344 0.4188 -0.5341
vn -0.0049 0.0122 -0.9999
vn 0.3324 -0.1449 -0.9319
vn 0.7003 0.1961 -0.6864
vn 0.7771 0.3548 -0.5197
vn 0.2017 0.3106 -0.9289
vn -0.2443 0.5286 -0.8130
vn 0.3496 0.7181 -0.6017
vn -0.1836 0.6796 -0.7102
vn 0.8428 0.0338 -0.5372
vn 0.4209 0.4485 -0.7885
vn 0.7350 -0.1569 -0.6597
vn 0.5448 0.4318 -0.7189
vn 0.8128 -0.1579 -0.5607
vn 0.2125 -0.6843 -0.6975
vn 0.3879 -0.7127 -0.5844
vn 0.7617 -0.1707 -0.6250
vn 0.3193 0.0601 -0.9457
vn 0.3641 0.5733 -0.7340
vn 0.1109 0.5690 -0.8148
vn 0.2304 0.7477 -0.6228
vn 0.2860 0.7280 -0.6230
vn 0.2224 0.5326 -0.8166
vn 0.1223 0.6149 -0.7790
vn -0.2943 0.6312 -0.7176
vn -0.2638 -0.7908 -0.5524
vn -0.1524 -0.8395 -0.5215
vn -0.6219 -0.3734 -0.6883
vn -0.6161 -0.5859 -0.5265
vn -0.3233 -0.6107 -0.7228
vn 0.1787 -0.4914 -0.8524
vn 0.1539 -0.8721 -0.4644
vn -0.0223 -0.0326 -0.9992
vn -0.1780 0.3435 -0.9221
vn -0.6743 0.2877 -0.6801
vn -0.7194 0.1237 -0.6835
vn -0.3169 -0.1541 -0.9359
vn -0.1432 -0.5521 -0.8214
vn -0.6838 -0.5233 -0.5085
vn -0.7024 0.5318 -0.4731
vn -0.9575 0.1272 -0.2589
vn -0.7211 0.0115 -0.6927
vn 0.3922 -0.6271 -0.6730
vn 0.6078 0.0185 -0.7939
vn 0.2847 -0.6527 -0.7021
vn -0.2884 -0.6495 -0.7036
vn -0.4360 -0.7103 -0.5526
vn 0.4613 -0.3542 -0.8135
vn 0.2546 -0.0184 -0.9669
vn 0.6399 0.2184 -0.7368
vn 0.8292 0.0704 -0.5546
vn 0.5362 -0.6868 -0.4906
vn 0.4060 -0.8731 -0.2701
vn 0.2744 0.5708 -0.7739
vn 0.4638 0.3228 -0.8250
vn 0.6326 0.4228 -0.6489
vn 0.6825 0.5149 -0.5187
vn 0.4783 0.3358 -0.8115
vn 0.4638 0.4264 -0.7766
vn 0.1096 0.6890 -0.7165
vn -0.6698 -0.4913 -0.5568
vn -0.6050 -0.5824 -0.5430
vn -0.7263 0.0428 -0.6861
vn -0.7862 0.1865 -0.5891
vn -0.6122 -0.3025 -0.7305
vn -0.1130 -0.4163 -0.9022
vn -0.3085 -0.8186 -0.4845
vn -0.0368 -0.0318 -0.9988
vn 0.0850 0.3886 -0.9175
vn -0.4332 0.7470 -0.5043
vn -0.3844 0.6024 -0.6995
vn -0.2707 0.1909 -0.9435
vn -0.4495 -0.3717 -0.8123
vn -0.6196 0.0023 -0.7849
vn -0.9363 -0.1615 -0.3119
vn -0.4437 0.7008 -0.5586
vn 0.0755 -0.7383 -0.6702
vn 0.6077 -0.3460 -0.7148
vn 0.1583 -0.8383 -0.5217
vn -0.5734 -0.4295 -0.6977
vn -0.5938 -0.5814 -0.5562
vn 0.2298 -0.6801 -0.6962
vn 0.1957 -0.1709 -0.9657
vn 0.6461 -0.1869 -0.7400
vn 0.5680 -0.0003 -0.8231
vn 0.7589 -0.0079 -0.6511
vn 0.8538 0.0261 -0.5200
vn 0.5865 0.0020 -0.8099
vn 0.6254 0.0824 -0.7760
vn 0.4915 0.4879 -0.7214
vn -0.8331 -0.0203 -0.5527
vn -0.8418 -0.1371 -0.5221
vn -0.5590 0.4784 -0.6772
vn -0.6825 0.4253 -0.5944
vn -0.6831 0.0991 -0.7236
vn -0.2593 -0.3249 -0.9095
vn -0.7694 -0.3450 -0.5375
vn -0.2299 -0.8415 -0.4890
vn -0.0456 -0.0062 -0.9989
vn 0.2274 0.3783 -0.8973
vn 0.0105 0.7323 -0.6809
vn -0.0356 0.7183 -0.6948
vn -0.3790 0.3008 -0.8751
vn -0.5713 -0.0463 -0.8194
vn 0.1273 0.8461 -0.5177
vn -0.0508 0.9785 -0.1999
vn -0.5275 0.7142 -0.4600
vn -0.0423 0.0027 0.9991
vn -0.0115 -0.0030 0.9999
vn -0.0196 0.0726 0.9972
vn -0.0065 -0.0019 1.0000
vn -0.0001 0.0004 1.0000
vn -0.0001 0.0002 1.0000
vn -0.0013 0.0017 1.0000
vn -0.0005 0.0006 1.0000
vn -0.0371 0.0537 0.9979
vn -0.0010 0.0005 1.0000
vn 0.0187 -0.0115 0.9998
vn 0.0006 -0.0034 1.0000
vn 0.0943 -0.1736 0.9803
vn -0.0001 0.0102 0.9999
vn 0.0266 -0.0232 0.9994
vn 0.0070 -0.1907 0.9816
vn 0.1670 -0.4484 0.8781
vn 0.0018 0.0329 0.9995
vn 0.0399 -0.0264 0.9989
vn 0.0070 -0.0104 0.9999
vn -0.0112 0.0206 0.9997
vn -0.0096 -0.0199 0.9998
vn 0.1910 0.0598 0.9798
vn -0.0546 -0.0118 0.9984
vn -0.0009 -0.0019 1.0000
vn -0.0336 -0.0465 0.9984
vn 0.0019 -0.0246 0.9997
vn 0.0003 -0.0010 1.0000
vn 0.0843 0.1566 0.9841
vn 0.0032 0.0003 1.0000
vn 0.0059 0.0063 1.0000
vn 0.0137 -0.0120 0.9998
vn -0.0001 -0.0004 1.0000
vn -0.0006 0.0007 1.0000
vn -0.0006 -0.0006 1.0000
vn 0.0172 0.0197 0.9997
vn 0.0120 0.0048 0.9999
vn 0.0002 -0.0003 1.0000
vn -0.0001 -0.0000 1.0000
vn -0.0716 -0.0213 0.9972
vn 0.0080 0.1938 0.9810
vn 0.0515 0.0345 0.9981
vn 0.1978 0.4189 0.8862
vn -0.0421 -0.0028 0.9991
vn -0.0195 -0.0727 0.9972
vn -0.0065 0.0019 1.0000
vn -0.0108 0.0032 0.9999
vn 0.5918 -0.1091 0.7987
vn 0.5176 0.5404 0.6633
vn 0.6004 -0.0335 0.7990
vn 0.3223 0.7976 0.5099
vn -0.2025 0.7157 0.6684
vn -0.4879 0.6580 0.5735
vn 0.4648 0.3731 0.8030
vn 0.2493 0.0157 0.9683
vn 0.6368 -0.2441 0.7314
vn 0.8306 -0.0565 0.5540
vn 0.6173 0.6316 0.4690
vn 0.3944 -0.4109 0.8220
vn 0.6201 -0.4845 0.6170
vn 0.6401 -0.4242 0.6405
vn 0.4900 -0.2987 0.8189
vn 0.4743 -0.4443 0.7601
vn 0.1109 -0.6881 0.7171
vn -0.6708 0.4945 0.5527
vn -0.6342 0.5322 0.5608
vn -0.7262 -0.0428 0.6861
vn -0.7897 -0.1984 0.5805
vn -0.6605 0.3255 0.6766
vn -0.0722 0.8725 0.4832
vn -0.1304 0.4615 0.8775
vn -0.0391 0.0076 0.9992
vn 0.0735 -0.4107 0.9088
vn -0.4374 -0.7407 0.5100
vn -0.3845 -0.6024 0.6995
vn -0.4537 -0.7020 0.5490
vn -0.9338 0.1590 0.3204
vn -0.4473 0.3753 0.8119
vn -0.6115 0.0022 0.7912
vn -0.2697 -0.1947 0.9431
vn 0.3979 -0.4440 0.8029
vn 0.7170 0.1682 0.6765
vn 0.5452 -0.4416 0.7126
vn 0.8502 0.1413 0.5071
vn 0.2360 0.6694 0.7045
vn 0.2730 0.7871 0.5532
vn 0.7641 -0.0062 0.6451
vn 0.3076 -0.1326 0.9422
vn 0.3893 -0.5741 0.7203
vn 0.1685 -0.4959 0.8519
vn 0.2822 -0.7218 0.6320
vn 0.1989 -0.5513 0.8102
vn 0.2619 -0.8164 0.5146
vn 0.1122 -0.6342 0.7650
vn -0.2926 -0.6334 0.7164
vn -0.2263 0.7842 0.5778
vn -0.1638 0.8213 0.5465
vn -0.3245 0.6787 0.6589
vn -0.6628 0.4001 0.6329
vn -0.6192 0.5076 0.5992
vn 0.6954 0.5516 0.4606
vn 0.2584 0.2320 0.9378
vn 0.0447 0.7766 0.6283
vn -0.0777 0.1113 0.9907
vn -0.1438 -0.3203 0.9363
vn -0.6759 -0.2875 0.6786
vn -0.8320 -0.1477 0.5348
vn -0.6054 -0.5710 0.5545
vn -0.1533 0.5572 0.8161
vn -0.4947 0.4312 0.7545
vn -0.3471 -0.0176 0.9377
vn -0.8030 -0.0695 0.5919
vn -0.6314 0.3842 0.6736
vn -0.1165 0.5925 0.7971
vn -0.7972 0.3402 0.4987
vn -0.6261 -0.3247 0.7089
vn -0.7398 -0.3408 0.5801
vn -0.1376 0.8022 0.5810
vn -0.7489 0.3353 0.5716
vn 0.0851 0.6994 0.7096
vn -0.1475 0.3177 0.9366
vn 0.4476 0.4265 0.7860
vn 0.1737 0.5028 0.8468
vn 0.4789 0.3970 0.7830
vn 0.2091 0.5533 0.8063
vn 0.3175 0.7920 0.5215
vn 0.2902 0.6488 0.7034
vn 0.5813 0.5285 0.6187
vn -0.3267 -0.7582 0.5642
vn -0.3563 -0.7724 0.5257
vn 0.2488 -0.7032 0.6661
vn 0.0021 -0.8021 0.5972
vn -0.1575 -0.7256 0.6699
vn -0.6075 -0.5783 0.5446
vn -0.3894 -0.0663 0.9187
vn 0.0147 -0.0541 0.9984
vn 0.3223 0.0570 0.9449
vn 0.6924 -0.2037 0.6921
vn 0.6912 -0.0493 0.7210
vn 0.8684 -0.0510 0.4932
vn 0.9583 -0.2028 0.2012
vn -0.2408 -0.5227 0.8178
vn 0.1377 -0.6596 0.7388
vn 0.5397 -0.6381 0.5492
vn 0.6151 -0.4420 0.6529
vn -0.3471 0.6665 0.6598
vn 0.2389 0.5538 0.7977
vn -0.5909 0.6185 0.5180
vn -0.7503 0.0620 0.6581
vn -0.7870 -0.1097 0.6071
vn 0.3539 0.7481 0.5613
vn -0.0604 0.4201 0.9054
vn 0.4560 0.5368 0.7099
vn -0.5179 0.7048 0.4848
vn 0.6377 0.0681 0.7673
vn 0.7137 0.3905 0.5815
vn 0.3653 0.3104 0.8776
vn 0.5974 0.3426 0.7251
vn 0.4937 0.2853 0.8215
vn 0.5836 0.2777 0.7631
vn 0.6882 -0.1490 0.7100
vn -0.6202 -0.4501 0.6424
vn -0.7443 -0.3717 0.5549
vn -0.6807 -0.6053 0.4127
vn -0.2300 -0.6725 0.7034
vn -0.0936 -0.8099 0.5790
vn -0.5361 0.0639 0.8417
vn 0.0017 -0.0101 0.9999
vn 0.3254 -0.0210 0.9453
vn 0.4447 -0.6312 0.6355
vn 0.5929 -0.5876 0.5506
vn 0.4957 -0.3812 0.7804
vn -0.4353 -0.7277 0.5301
vn -0.5428 -0.4432 0.7134
vn -0.5015 -0.2841 0.8172
vn -0.0537 -0.3028 0.9515
vn 0.2273 -0.7895 0.5701
vn 0.0754 0.7384 0.6702
vn 0.6113 0.3589 0.7053
vn 0.1849 0.8409 0.5086
vn -0.5736 0.4310 0.6966
vn -0.5993 0.5858 0.5456
vn 0.2219 0.6853 0.6936
vn 0.1623 0.1704 0.9719
vn 0.6242 0.2035 0.7543
vn 0.5662 -0.3075 0.7648
vn 0.7653 -0.0848 0.6381
vn 0.4988 0.0864 0.8624
vn 0.6641 -0.1155 0.7387
vn 0.5460 -0.0664 0.8351
vn 0.6439 -0.0909 0.7597
vn 0.5004 -0.4868 0.7160
vn -0.7661 -0.0129 0.6425
vn -0.8286 0.1094 0.5491
vn -0.8460 -0.1032 0.5232
vn -0.5596 -0.4653 0.6859
vn -0.6914 -0.4180 0.5893
vn -0.2305 0.8437 0.4848
vn -0.2618 0.3274 0.9079
vn -0.7913 0.3259 0.5174
vn -0.0054 -0.0097 0.9999
vn 0.2137 -0.3916 0.8950
vn 0.0104 -0.7323 0.6809
vn -0.0356 -0.7183 0.6948
vn 0.1279 -0.8524 0.5071
vn -0.0588 -0.9763 0.2084
vn -0.7029 -0.0541 0.7092
vn -0.5659 0.0467 0.8232
vn -0.3815 -0.2932 0.8766
vn -0.5293 -0.7114 0.4623
vn -0.8427 0.1853 -0.5055
vn -0.8429 0.2365 -0.4832
vn -0.8429 0.1320 -0.5216
vn -0.8427 0.5053 -0.1859
vn -0.8429 0.5214 -0.1326
vn -0.8429 0.4830 -0.2371
vn -0.8427 0.4689 0.2647
vn -0.8429 0.4386 0.3115
vn -0.8429 0.4933 0.2146
vn -0.8329 0.0625 0.5499
vn -0.8334 0.0070 0.5526
vn -0.8331 0.1177 0.5404
vn -0.8392 -0.4571 0.2945
vn -0.8393 -0.4847 0.2462
vn -0.8398 -0.4238 0.3394
vn -0.8465 -0.5191 -0.1182
vn -0.8467 -0.5035 -0.1719
vn -0.8466 -0.5284 -0.0634
vn -0.8427 -0.2653 -0.4685
vn -0.8429 -0.2152 -0.4931
vn -0.8429 -0.3121 -0.4383
vn 0.0039 0.7321 -0.6812
vn 0.0023 -0.0346 -0.9994
vn -0.0078 0.7075 -0.7067
vn 0.0027 0.9970 0.0776
vn 0.0167 0.4553 0.8902
vn 0.0034 0.9962 0.0874
vn 0.0085 -0.5593 0.8289
vn -0.0110 -0.4367 0.8995
vn -0.0025 -0.9939 0.1106
vn 0.0032 -0.7664 -0.6424
vn -0.0031 -0.7995 -0.6006
vn -0.0049 -0.0859 -0.9963
vn -0.0030 -0.9837 0.1800
vn -0.0090 0.5627 0.8266
vn -0.9996 -0.0044 -0.0261
vn -0.7080 0.6386 -0.3015
vn -0.8801 -0.2206 -0.4205
vn -0.8464 -0.2578 0.4660
vn -1.0000 0.0002 -0.0000
vn -1.0000 0.0010 -0.0012
vn -1.0000 0.0042 -0.0025
vn -0.9998 -0.0174 -0.0136
vn -0.9996 -0.0273 -0.0026
vn -0.6692 0.7348 0.1109
vn -1.0000 0.0068 -0.0060
vn -0.6499 -0.3005 0.6981
vn -1.0000 0.0034 -0.0025
vn -1.0000 0.0005 0.0001
vn -1.0000 0.0004 -0.0000
vn -1.0000 -0.0034 -0.0017
vn -0.8157 -0.3985 -0.4193
vn -0.7902 -0.0440 -0.6113
vn -0.7755 0.2584 -0.5760
vn -0.6495 -0.2731 -0.7096
vn -1.0000 0.0035 0.0055
vn -0.6424 0.2179 -0.7347
vn -1.0000 0.0060 0.0021
vn -0.9997 0.0015 0.0244
vn -0.8635 -0.5040 -0.0181
vn -1.0000 -0.0001 -0.0007
vn -1.0000 0.0007 -0.0023
vn -0.7843 -0.4190 0.4575
vn -1.0000 -0.0016 0.0083
vn -0.6368 -0.5982 0.4864
vn -0.9999 0.0102 0.0001
vn -1.0000 -0.0024 -0.0023
vn -0.8251 -0.2487 -0.5073
vn -0.6266 0.3823 0.6791
vn -0.7876 0.1886 -0.5866
vn -0.6342 -0.2462 0.7329
vn -0.7229 0.1131 0.6816
vn -0.6504 0.6957 -0.3050
vn -0.7770 0.5859 -0.2300
vn -0.6468 0.4091 -0.6437
vn -0.8195 0.3508 -0.4532
vn -0.5767 -0.4134 0.7047
vn -1.0000 0.0009 -0.0004
vn -0.6244 0.7772 -0.0777
vn -0.6349 0.4544 -0.6248
vn -0.6423 0.5934 0.4851
vn -1.0000 0.0006 0.0004
vn -1.0000 0.0005 0.0023
vn -0.7998 0.5965 -0.0669
vn -0.8255 0.0675 0.5603
vn -1.0000 0.0032 -0.0013
vn -0.8309 0.3415 -0.4393
vn -0.9893 -0.1439 0.0238
vn -1.0000 -0.0008 -0.0042
vn -0.7617 0.5796 0.2896
vn -1.0000 -0.0006 -0.0030
vn -1.0000 -0.0017 0.0018
vn -0.6772 -0.1638 0.7174
vn -0.7527 -0.0169 0.6581
vn -0.8974 -0.0063 -0.4411
vn -1.0000 0.0072 -0.0048
vn -0.7985 0.3096 0.5163
vn -0.9991 0.0418 -0.0096
vn -0.9998 0.0165 -0.0079
vn -1.0000 -0.0014 -0.0005
vn -0.8951 0.2059 -0.3955
vn -1.0000 -0.0078 -0.0013
vn -0.6472 0.0513 0.7606
vn -0.9997 0.0054 -0.0230
vn -1.0000 -0.0073 -0.0056
vn -0.0659 0.8404 -0.5380
vn -0.1906 0.3965 0.8980
vn -0.0207 0.4309 -0.9022
vn -0.2061 0.5701 -0.7953
vn -0.4602 0.6955 -0.5518
vn 0.0029 0.7550 -0.6558
vn -0.3207 0.6195 -0.7165
vn -0.0012 0.6197 -0.7849
vn -0.3546 0.6900 -0.6310
vn -0.3027 0.5010 -0.8108
vn 0.0029 0.4140 -0.9103
vn -0.0013 0.2944 -0.9557
vn -0.2588 0.4337 -0.8631
vn -0.2372 0.2884 -0.9277
vn -0.3058 0.2090 -0.9289
vn -0.0014 0.1159 -0.9933
vn 0.0421 0.4052 -0.9133
vn -0.3448 0.0494 -0.9374
vn -0.2795 0.2407 -0.9295
vn -0.6809 -0.0574 -0.7301
vn 0.0475 -0.4867 -0.8723
vn -0.2785 -0.6848 -0.6734
vn -0.3106 -0.6764 -0.6678
vn -0.0020 -0.5790 -0.8154
vn -0.3165 0.4147 -0.8532
vn -0.0039 0.4085 -0.9128
vn -0.1658 0.5621 -0.8103
vn -0.2901 0.1193 -0.9495
vn -0.0023 -0.0936 -0.9956
vn -0.2438 -0.1798 -0.9530
vn -0.1122 -0.5309 -0.8400
vn -0.8615 -0.3834 -0.3329
vn -0.9874 0.0570 -0.1479
vn -0.9363 0.0268 -0.3502
vn -0.9684 0.2077 -0.1382
vn -0.8017 0.2300 -0.5517
vn -0.9277 0.2071 -0.3107
vn -0.9820 0.0846 -0.1686
vn -0.7863 0.2255 -0.5753
vn -0.9272 0.2890 -0.2384
vn -0.3063 0.6847 -0.6613
vn -0.2917 0.8858 -0.3610
vn -0.0243 -0.9997 -0.0023
vn -0.1286 -0.9785 -0.1613
vn -0.2877 0.0162 0.9576
vn -0.1185 0.6307 0.7670
vn -0.7520 -0.1901 0.6311
vn -0.0323 0.2234 0.9742
vn -0.0238 0.5682 0.8225
vn -0.1817 0.6504 0.7375
vn -0.5866 0.7298 0.3512
vn -0.2324 0.7733 0.5899
vn -0.2963 0.9015 0.3156
vn 0.9536 0.2382 0.1839
vn -0.1585 0.5715 0.8051
vn -0.0331 0.5986 0.8004
vn -0.0577 0.7146 0.6972
vn 0.0007 0.8066 0.5911
vn -0.0688 0.9976 -0.0093
vn -0.0399 0.7233 -0.6894
vn -0.1337 0.9849 -0.1101
vn -0.1785 0.8974 0.4035
vn -0.0687 0.9758 -0.2074
vn -0.1116 0.9388 0.3259
vn -0.1980 0.9230 0.3301
vn -0.1775 0.9743 0.1385
vn -0.2745 0.7512 0.6003
vn -0.0032 0.2233 0.9747
vn -0.4259 0.2843 0.8589
vn 0.5337 0.6632 0.5247
vn -0.3757 0.5145 0.7708
vn -0.0813 0.9465 0.3122
vn -0.4161 0.6076 0.6765
vn -0.0299 0.9933 -0.1121
vn -0.0004 0.9963 -0.0854
vn -0.4735 0.4484 0.7581
vn -0.9917 -0.1079 0.0693
vn -0.9909 -0.0105 0.1342
vn -0.9789 0.2039 0.0128
vn -0.7483 0.6264 -0.2184
vn -0.3626 0.9096 -0.2026
vn -0.2393 0.8638 -0.4434
vn -0.2725 0.7135 -0.6455
vn -0.0722 0.6048 -0.7931
vn -0.7485 0.6452 -0.1533
vn -0.9410 0.3026 0.1512
vn -0.8900 0.3123 0.3322
vn -0.7230 0.6797 -0.1236
vn -0.8000 0.3854 0.4599
vn -0.4807 0.8409 0.2487
vn -0.3610 0.8716 -0.3317
vn -0.0461 0.9639 -0.2623
vn -0.0224 0.7263 -0.6871
vn -0.6057 0.6660 0.4353
vn -0.2984 0.7209 0.6255
vn -0.4062 0.5084 0.7593
vn -0.4998 0.6049 0.6199
vn -0.3835 0.4974 0.7781
vn -0.1829 0.6683 0.7210
vn -0.1369 0.7157 0.6849
vn -0.0447 0.2181 0.9749
vn -0.1035 0.9689 0.2250
vn -0.6477 0.7430 0.1687
vn -0.0971 0.2966 0.9501
vn 0.0001 0.3440 0.9390
vn -0.6168 -0.6392 0.4593
vn -0.2647 -0.6928 0.6708
vn -0.1670 -0.2923 0.9417
vn -0.3034 -0.2810 0.9105
vn -0.3591 -0.8937 0.2691
vn -0.6966 -0.5986 0.3954
vn -0.3254 -0.2314 0.9168
vn -0.7478 -0.5232 0.4088
vn -0.3736 -0.1045 0.9217
vn -0.6694 -0.2408 0.7028
vn -0.7764 -0.3756 0.5060
vn -0.9059 -0.3225 0.2745
vn -0.8761 -0.1981 0.4396
vn -0.6844 -0.0561 0.7269
vn -0.9505 -0.1277 0.2832
vn -0.3921 0.0290 0.9195
vn -0.8736 0.0183 0.4863
vn -0.3724 0.1039 0.9222
vn -0.8382 0.1444 0.5259
vn -0.2711 0.1208 0.9549
vn -0.6651 0.3607 0.6539
vn -0.2872 0.2243 0.9313
vn -0.6167 0.5029 0.6057
vn -0.7646 0.4730 0.4378
vn -0.8003 0.2603 0.5402
vn -0.1596 -0.9872 -0.0014
vn -0.0897 -0.9667 -0.2395
vn -0.0388 -0.9971 -0.0654
vn 0.0448 -0.2155 0.9755
vn -0.0033 -0.7898 -0.6133
vn -0.1507 -0.6998 -0.6982
vn -0.0045 -0.9991 -0.0429
vn -0.1134 -0.9489 -0.2944
vn -0.5130 -0.8405 0.1744
vn -0.5336 -0.8382 0.1126
vn -0.6890 -0.7190 0.0912
vn -0.0477 -0.8348 -0.5485
vn -0.0919 -0.8708 -0.4831
vn -0.3200 -0.9152 -0.2451
vn -0.3617 -0.8789 -0.3109
vn -0.4378 -0.7424 -0.5072
vn -0.0127 -0.4471 -0.8944
vn -0.8007 -0.5971 0.0483
vn -0.8937 -0.4465 -0.0436
vn -0.6950 -0.7183 0.0321
vn -0.7341 -0.3227 -0.5974
vn -0.6896 -0.0249 -0.7238
vn -0.9728 -0.2144 -0.0883
vn -0.8280 0.0502 -0.5584
vn -0.6141 0.2240 -0.7568
vn -0.8494 -0.2658 -0.4559
vn -0.2655 -0.3522 -0.8975
vn -0.1941 0.1637 -0.9672
vn -0.0244 0.0050 -0.9997
vn -0.0488 -0.3678 -0.9286
vn -0.3375 -0.8511 -0.4023
vn -0.6166 -0.7860 0.0455
vn -0.1684 -0.8130 -0.5573
vn -0.1403 -0.7041 -0.6961
vn -0.1860 -0.8641 -0.4676
vn -0.0558 -0.1440 -0.9880
vn -0.2416 -0.9444 -0.2230
vn -0.3010 -0.9413 -0.1530
vn -0.0949 -0.9223 -0.3746
vn -0.1232 -0.9639 -0.2359
vn -0.1394 -0.9783 0.1534
vn -0.2523 -0.9447 0.2095
vn -0.4706 -0.8806 0.0549
vn -0.3624 -0.9234 0.1266
vn -0.3919 -0.8906 0.2309
vn -0.4604 -0.8877 -0.0079
vn -0.0089 -0.9557 -0.2943
vn -0.0041 -0.9762 0.2167
vn -0.7438 0.6530 0.1428
vn -0.7642 0.5878 0.2654
vn -0.6837 0.1668 0.7104
vn -0.7171 0.1441 0.6819
vn -0.7108 -0.4674 -0.5256
vn -0.7482 -0.5459 0.3771
vn -0.3079 -0.9318 -0.1925
vn -0.6034 -0.3121 0.7338
vn -0.6632 0.3091 -0.6816
vn -0.6245 0.5879 -0.5142
vn -0.5366 -0.1764 -0.8252
vn -0.6113 0.7435 0.2711
vn -0.6191 0.1014 0.7788
vn 0.0389 0.2659 0.9632
vn 0.0138 0.9557 0.2941
vn 0.0199 -0.6544 0.7559
vn 0.0132 -0.9541 -0.2993
vn -0.6201 -0.5865 0.5210
vn -0.0330 -0.9349 -0.3534
vn -0.0161 -0.1518 -0.9883
vn -0.0132 -0.2618 -0.9650
vn 0.0194 0.6540 -0.7563
vn -0.6204 0.5861 -0.5212
vn -0.6923 0.2325 0.6832
vn -0.3387 -0.5195 0.7845
vn -0.6874 -0.0311 0.7256
vn -0.6884 -0.2143 -0.6930
vn -0.7044 -0.6955 0.1418
vn -0.4697 -0.6883 -0.5529
vn -0.8020 -0.5940 0.0630
vn -0.5014 0.2235 -0.8358
vn -0.6863 0.5938 0.4200
vn -0.7290 0.5741 -0.3729
vn -0.6603 0.7155 0.2281
vn -0.7697 0.5847 -0.2564
vn -0.6128 0.2147 0.7605
vn -0.6261 -0.4908 0.6059
vn 0.0301 -0.5476 0.8362
vn -0.0135 0.2327 0.9724
vn 0.0265 -0.9867 0.1605
vn 0.0429 -0.6479 -0.7605
vn -0.6110 -0.7793 -0.1388
vn 0.0485 0.2183 -0.9747
vn -0.0513 -0.2564 -0.9652
vn -0.0336 0.6129 -0.7895
vn 0.0346 0.8708 -0.4905
vn 0.0042 0.8961 0.4438
vn -0.6055 0.7803 0.1565
vn -0.0322 -0.1865 0.9819
vn -0.0733 -0.6168 0.7837
vn -0.1151 -0.6674 0.7357
vn -0.1848 -0.8193 0.5428
vn -0.1401 -0.8649 0.4821
vn -0.9604 -0.1407 0.2404
vn -0.9546 -0.0693 0.2896
vn -0.9214 -0.0023 0.3885
vn -0.9088 0.0399 0.4152
vn -0.8679 0.1105 0.4844
vn -0.7621 0.1832 0.6211
vn -0.8150 0.0768 0.5743
vn -0.7079 0.1832 0.6821
vn -0.6325 0.2534 0.7319
vn -0.8717 0.0822 0.4831
vn -0.9783 0.0029 0.2074
vn -0.8360 -0.5040 0.2168
vn -0.8608 -0.4524 0.2331
vn -0.9160 -0.3400 0.2131
vn -0.9526 -0.2274 0.2019
vn -0.9332 -0.3000 0.1980
vn -0.9912 -0.0811 0.1045
vn -0.7411 -0.6517 0.1614
vn -0.7928 -0.5955 0.1300
vn -0.6697 -0.7322 0.1242
vn -0.5456 -0.8308 0.1102
vn -0.8957 -0.4070 0.1790
vn -0.9295 -0.3077 0.2034
vn -0.9525 -0.2175 0.2131
vn -0.8467 -0.5125 0.1426
vn -0.9580 -0.0824 0.2747
vn -0.9583 0.1052 0.2658
vn -0.9050 0.2246 0.3613
vn -0.7839 0.2698 0.5592
vn -0.6862 0.5028 0.5256
vn -0.7991 0.4049 0.4444
vn -0.6348 0.3967 0.6631
vn -0.2756 -0.9482 0.1581
vn -0.0139 -0.8140 0.5807
vn -0.5357 -0.8227 0.1901
vn -0.5989 -0.7873 0.1465
vn 0.0213 -0.6250 0.7803
vn 0.0326 -0.1101 0.9934
vn -0.0062 0.0023 1.0000
vn -0.0052 0.0004 1.0000
vn -0.0044 0.0027 1.0000
vn -0.0056 -0.0029 1.0000
vn -0.0063 -0.0061 1.0000
vn -0.0032 -0.0020 1.0000
vn -0.0044 -0.0103 0.9999
vn -0.7717 0.6353 -0.0311
vn -0.4798 0.8774 0.0009
vn -0.3750 0.9259 0.0458
vn -0.7262 -0.6873 0.0178
vn -0.3815 -0.9231 0.0478
vn -0.4884 -0.8715 0.0440
vn -0.7962 -0.6048 0.0127
vn -0.9890 -0.1477 0.0103
vn -0.3812 0.9239 -0.0337
vn -0.7019 0.7109 -0.0444
vn -0.5076 0.8601 0.0512
vn -0.9449 0.2910 -0.1501
vn -0.8007 0.5961 0.0587
vn -0.9562 -0.1024 -0.2742
vn -0.9562 0.1024 0.2742
vn -0.8768 -0.4670 -0.1148
vn -0.9449 -0.2910 0.1501
vn -0.8007 -0.5961 -0.0587
vn -0.5059 -0.8611 -0.0497
vn -0.7019 -0.7109 0.0444
vn -0.3777 -0.9251 0.0387
vn -0.8768 0.4670 0.1148
vn -0.1432 0.0035 -0.9897
vn -0.3396 -0.0237 -0.9403
vn -0.3686 0.0083 -0.9295
vn -0.1367 0.0396 -0.9898
vn 0.0001 0.0002 -1.0000
vn 0.0007 0.0003 -1.0000
vn -0.0004 0.0006 -1.0000
vn -0.0000 -0.0000 -1.0000
vn 0.0010 0.0003 -1.0000
vn 0.0007 -0.0013 -1.0000
vn 0.6267 -0.2914 -0.7227
vn -0.0043 0.0020 -1.0000
vn -0.0044 0.0022 -1.0000
vn -0.0061 0.0001 -1.0000
vn -0.0009 -0.0005 -1.0000
vn -0.0000 0.0001 -1.0000
vn 0.0002 -0.0001 -1.0000
vn 0.0002 -0.0008 -1.0000
vn 0.5523 -0.2857 -0.7832
vn 0.2644 0.6775 -0.6863
vn 0.4216 0.5438 -0.7257
vn 0.9113 0.4116 -0.0042
vn -0.0005 -0.0023 -1.0000
vn -0.0001 -0.0001 -1.0000
vn 0.0038 0.5284 -0.8490
vn 0.0159 -0.2550 -0.9668
vn -0.0162 0.4680 -0.8836
vn 0.0023 0.9960 -0.0899
vn 0.0070 0.6581 0.7529
vn -0.0084 0.9989 -0.0459
vn 0.0055 -0.0974 0.9952
vn -0.0063 0.6155 0.7881
vn 0.0073 -0.8306 0.5569
vn -0.0062 -0.1506 0.9886
vn 0.0171 -0.9161 -0.4006
vn 0.0032 -0.8460 0.5332
vn -0.0216 -0.4573 -0.8890
vn -0.0037 -0.9652 -0.2613
vn -0.8330 0.4668 -0.2970
vn -0.8333 0.4940 -0.2481
vn -0.8335 0.4341 -0.3418
vn -0.8385 0.4842 0.2500
vn -0.8387 0.4558 0.2979
vn -0.8388 0.5067 0.1990
vn -0.8466 0.1212 0.5182
vn -0.8467 0.0663 0.5279
vn -0.8469 0.1746 0.5022
vn -0.8428 -0.2734 0.4637
vn -0.8431 -0.3198 0.4323
vn -0.8429 -0.2241 0.4892
vn -0.8433 -0.5347 0.0547
vn -0.8434 -0.5373 -0.0009
vn -0.8437 -0.5255 0.1098
vn -0.8465 -0.4214 -0.3255
vn -0.8467 -0.3848 -0.3675
vn -0.8466 -0.4529 -0.2795
vn -0.8379 -0.0231 -0.5453
vn -0.8384 0.0327 -0.5441
vn -0.8381 -0.0785 -0.5399
vn 0.0371 0.9225 -0.3841
vn 0.0292 0.2001 -0.9793
vn -0.0353 0.6493 -0.7597
vn 0.0394 0.7821 0.6220
vn -0.0454 0.9764 0.2111
vn 0.0426 -0.2012 0.9786
vn -0.0431 0.2065 0.9775
vn 0.0450 -0.9755 0.2154
vn -0.0398 -0.7791 0.6257
vn 0.0351 -0.6526 -0.7569
vn -0.0374 -0.9245 -0.3794
vn -0.0294 -0.2050 -0.9783
vn -0.8427 0.1112 -0.5267
vn -0.8431 0.1650 -0.5118
vn -0.8429 0.0562 -0.5352
vn -0.8328 0.5198 -0.1905
vn -0.8332 0.5358 -0.1370
vn -0.8332 0.4975 -0.2415
vn -0.8265 0.4038 0.3921
vn -0.8271 0.3625 0.4296
vn -0.8269 0.4403 0.3499
vn -0.8333 -0.2082 0.5121
vn -0.8335 -0.2586 0.4883
vn -0.8339 -0.1553 0.5297
vn -0.8329 -0.5456 0.0926
vn -0.8334 -0.5514 0.0370
vn -0.8331 -0.5333 0.1468
vn -0.8392 -0.3189 -0.4404
vn -0.8393 -0.2721 -0.4707
vn -0.8398 -0.3618 -0.4048
vn 0.0244 0.6487 -0.7607
vn 0.0306 -0.1741 -0.9843
vn -0.0307 0.1700 -0.9850
vn 0.0021 0.9979 -0.0641
vn -0.0246 0.9419 -0.3349
vn -0.0091 0.7764 0.6302
vn 0.0065 0.0313 0.9995
vn -0.0075 0.7701 0.6379
vn 0.0074 -0.7665 0.6422
vn -0.0067 -0.0265 0.9996
vn 0.0244 -0.9436 -0.3302
vn 0.0089 -0.7732 0.6341
vn -0.0246 -0.6520 -0.7578
vn -0.0025 -0.9982 -0.0594
vn -0.8330 0.3325 -0.4423
vn -0.8334 0.3748 -0.4061
vn -0.8331 0.2862 -0.4733
vn -0.8333 0.5390 0.1232
vn -0.8335 0.5237 0.1762
vn -0.8338 0.5479 0.0677
vn -0.8427 0.2131 0.4944
vn -0.8429 0.1607 0.5135
vn -0.8429 0.2629 0.4694
vn -0.8427 -0.2389 0.4825
vn -0.8429 -0.2873 0.4549
vn -0.8429 -0.1876 0.5042
vn -0.8467 -0.5109 0.1484
vn -0.8469 -0.5234 0.0940
vn -0.8470 -0.4922 0.2009
vn -0.8464 -0.4815 -0.2275
vn -0.8467 -0.4548 -0.2762
vn -0.8466 -0.5024 -0.1756
vn -0.8427 -0.1584 -0.5146
vn -0.8429 -0.1042 -0.5278
vn -0.8429 -0.2105 -0.4951
vn -0.0014 -0.6384 0.7697
vn -0.1529 -0.7488 0.6450
vn -0.7545 -0.4975 0.4281
vn -0.3597 -0.8220 0.4415
vn 0.2155 -0.9765 0.0091
vn 0.4006 -0.9157 -0.0321
vn 0.3187 -0.9126 -0.2561
vn 0.2175 -0.9492 -0.2276
vn 0.0704 -0.9392 -0.3360
vn 0.0030 -0.9573 -0.2892
vn 0.0261 -0.9365 -0.3497
vn 0.0860 -0.8849 -0.4577
vn 0.1847 -0.8254 -0.5334
vn 0.1369 -0.7889 -0.5991
vn 0.0538 -0.8445 -0.5329
vn 0.1400 -0.7305 -0.6684
vn 0.1726 -0.8872 -0.4279
vn 0.5054 -0.8627 0.0152
vn 0.5802 -0.7862 -0.2129
vn 0.3816 -0.8969 -0.2235
vn 0.6568 -0.7540 0.0099
vn 0.4905 -0.7794 -0.3898
vn 0.4266 -0.6808 -0.5954
vn 0.3594 -0.8147 -0.4552
vn 0.2672 -0.7176 -0.6432
vn 0.1049 -0.9817 -0.1592
vn 0.0909 -0.9959 0.0011
vn 0.0179 -0.9878 -0.1550
vn 0.0063 -0.9999 -0.0078
vn 0.6301 -0.6753 -0.3834
vn 0.6747 -0.6234 -0.3953
vn 0.4945 -0.5346 -0.6853
vn 0.4807 -0.4966 -0.7227
vn 0.2673 -0.5304 -0.8045
vn 0.3598 -0.4900 -0.7940
vn 0.3863 -0.5452 -0.7440
vn 0.2617 -0.7161 -0.6471
vn 0.1710 -0.8549 -0.4897
vn 0.2289 -0.9097 -0.3464
vn 0.5542 -0.7588 -0.3423
vn 0.8422 -0.4726 -0.2594
vn 0.5095 -0.6637 -0.5477
vn 0.9826 -0.1307 -0.1319
vn 0.8510 -0.2786 -0.4453
vn 0.6656 -0.3787 -0.6431
vn 0.6957 0.5863 -0.4151
vn 0.9976 0.0477 0.0501
vn 0.9762 0.1759 -0.1267
vn 0.9807 -0.0583 -0.1864
vn 0.7012 -0.2328 -0.6739
vn 0.8035 -0.1194 -0.5832
vn 0.8106 -0.1015 -0.5767
vn 0.9527 0.0768 -0.2942
vn 0.8968 -0.0097 -0.4424
vn 0.9220 -0.0489 -0.3840
vn 0.8470 -0.1115 -0.5198
vn 0.9304 -0.0144 -0.3663
vn 0.5301 -0.3488 -0.7729
vn 0.6396 -0.2658 -0.7213
vn 0.6661 -0.2194 -0.7129
vn 0.8364 -0.0987 -0.5392
vn 0.9154 -0.0962 -0.3909
vn 0.9826 0.0492 -0.1789
vn 0.9867 -0.0291 -0.1600
vn 0.5968 0.8014 -0.0408
vn 0.7324 0.6729 -0.1041
vn 0.8429 0.4930 -0.2155
vn 0.8971 0.3981 -0.1918
vn 0.9280 0.3095 -0.2073
vn 0.9668 0.2207 -0.1284
vn 0.8703 0.4902 0.0479
vn 0.9545 0.2933 0.0532
vn 0.9946 0.0689 -0.0770
vn 0.9825 0.1208 -0.1418
vn 0.8909 0.3914 -0.2303
vn 0.9438 0.2352 -0.2321
vn 0.9601 0.1448 -0.2394
vn 0.9521 0.0891 -0.2926
vn 0.9954 0.0080 -0.0952
vn 0.7426 0.6697 0.0048
vn 0.7038 0.7040 -0.0957
vn 0.7835 0.6139 -0.0961
vn 0.6224 0.7775 -0.0901
vn 0.8418 0.5294 -0.1059
vn 0.8409 0.5405 -0.0267
vn 0.8886 0.4164 -0.1923
vn 0.9078 0.4155 -0.0561
vn 0.9463 0.3020 -0.1153
vn 0.9697 0.2430 -0.0228
vn 0.9428 0.2574 -0.2120
vn 0.5953 0.7978 -0.0957
vn 0.7961 0.5739 -0.1922
vn 0.9314 -0.1897 -0.3107
vn 0.9564 -0.2920 -0.0075
vn 0.8981 -0.3552 -0.2594
vn 0.7997 -0.3043 -0.5176
vn 0.8155 -0.4615 -0.3493
vn 0.6608 -0.4425 -0.6063
vn 0.7169 -0.6077 -0.3419
vn 0.9695 0.1705 0.1760
vn 0.4575 0.8890 -0.0207
vn 0.4088 0.9123 -0.0245
vn 0.6889 0.7248 0.0106
vn 0.7833 0.6213 0.0203
vn 0.9897 -0.1430 0.0003
vn 0.2524 -0.9043 -0.3443
vn -0.7391 -0.6406 -0.2083
vn 0.9892 -0.1431 -0.0327
vn 0.8206 -0.5412 -0.1839
vn 0.5248 -0.8004 -0.2899
vn 0.8990 -0.4113 -0.1506
vn 0.6025 -0.7386 -0.3025
vn 0.4049 -0.8230 -0.3983
vn 0.7681 0.5523 0.3239
vn 0.3020 0.7857 0.5398
vn 0.5689 0.7671 0.2965
vn 0.2113 0.8319 0.5131
vn 0.3034 0.8761 0.3747
vn 0.3440 0.9054 0.2487
vn 0.2536 0.9369 0.2406
vn 0.2230 0.9579 0.1809
vn 0.3946 0.9183 0.0299
vn 0.0962 0.8695 0.4845
vn 0.1049 0.8970 0.4294
vn 0.0789 0.8635 0.4981
vn -0.0173 0.8830 0.4691
vn -0.0005 0.8121 0.5835
vn 0.0326 0.8210 0.5700
vn 0.0419 0.8376 0.5447
vn 0.1679 0.9127 0.3726
vn 0.0068 0.8064 0.5913
vn 0.1011 0.9241 0.3685
vn 0.1268 0.9696 0.2093
vn -0.0085 0.9616 0.2742
vn 0.1934 0.9809 0.0227
vn 0.1277 0.9885 0.0813
vn 0.2710 0.9616 0.0443
vn 0.2639 0.9545 0.1386
vn 0.2262 0.9391 0.2586
vn 0.3691 0.9286 0.0394
vn 0.3184 0.9382 0.1356
vn 0.2441 0.9442 0.2210
vn 0.0484 0.9988 0.0021
vn -0.5908 0.7312 0.3412
vn 0.3825 0.8204 0.4251
vn -0.6957 0.6050 0.3873
vn 0.3253 0.7836 0.5293
vn 0.9689 0.1920 0.1564
vn 0.6795 0.6142 0.4013
vn 0.3320 -0.8096 -0.4841
vn -0.6170 -0.7185 -0.3210
vn 0.4164 0.8368 0.3555
vn 0.6794 0.6247 0.3848
vn -0.4985 -0.8633 -0.0789
vn -0.4902 -0.8235 -0.2857
vn 0.7146 -0.6758 -0.1809
vn -0.4357 -0.8068 -0.3991
vn -0.4589 -0.8837 0.0924
vn 0.7670 -0.6345 -0.0956
vn -0.4411 -0.8732 0.2073
vn 0.6931 -0.7207 0.0153
vn 0.7012 -0.7004 0.1334
vn 0.7604 -0.6070 0.2310
vn -0.4978 -0.8057 0.3211
vn -0.4862 -0.7505 0.4476
vn -0.4542 -0.6407 0.6190
vn 0.7033 -0.5920 0.3937
vn -0.4644 -0.5326 0.7076
vn 0.7632 -0.4756 0.4375
vn 0.6911 -0.4484 0.5669
vn 0.7317 -0.2812 0.6210
vn -0.4871 -0.4453 0.7513
vn 0.7514 -0.2274 0.6194
vn -0.4515 -0.1313 0.8826
vn -0.4963 -0.3437 0.7972
vn 0.7054 -0.0913 0.7029
vn -0.4597 0.0190 0.8879
vn 0.7515 0.0139 0.6595
vn -0.4281 0.1156 0.8963
vn 0.7629 0.1993 0.6151
vn -0.4708 0.4019 0.7854
vn -0.4980 0.2185 0.8392
vn 0.6776 0.1524 0.7194
vn 0.7214 0.3728 0.5836
vn -0.4546 0.5652 0.6884
vn 0.7730 0.4131 0.4814
vn -0.4263 0.6597 0.6189
vn -0.4671 0.7702 0.4343
vn -0.4875 0.6975 0.5252
vn 0.7645 0.5014 0.4052
vn -0.5184 0.8005 0.3006
vn -0.4531 -0.7572 -0.4704
vn 0.9542 0.1772 0.2412
vn 0.9587 0.2585 0.1183
vn 0.9485 -0.3135 0.0449
vn 0.9548 -0.2435 0.1704
vn 0.9516 -0.1490 0.2688
vn 0.9546 -0.0324 0.2962
vn 0.9533 0.0705 0.2938
vn 0.9996 0.0257 0.0132
vn 0.9994 -0.0326 0.0126
vn 0.9994 -0.0262 0.0230
vn 0.9996 0.0070 0.0282
vn 0.9998 0.0092 0.0171
vn 0.9991 0.0317 0.0289
vn 0.9995 -0.0022 0.0303
vn 0.9996 -0.0118 0.0240
vn 0.9999 -0.0163 -0.0003
vn 1.0000 -0.0079 -0.0033
vn 0.9648 -0.2552 -0.0633
vn 1.0000 0.0022 -0.0010
vn 1.0000 0.0014 -0.0007
vn 1.0000 -0.0011 -0.0024
vn 1.0000 0.0008 -0.0033
vn 1.0000 0.0066 0.0030
vn 1.0000 -0.0008 -0.0015
vn -0.0445 0.2733 -0.9609
vn -0.0575 -0.1208 -0.9910
vn 0.0575 0.1208 -0.9910
vn -0.0281 0.4630 -0.8859
vn 0.0067 0.7609 -0.6489
vn 0.0065 0.5438 -0.8392
vn -0.0065 0.9161 -0.4009
vn -0.0067 0.7634 -0.6458
vn -0.0484 0.9978 0.0444
vn 0.0281 0.9491 -0.3136
vn -0.1125 0.8780 0.4652
vn 0.1216 0.9554 0.2690
vn -0.1125 0.6016 0.7909
vn 0.1125 0.7571 0.6435
vn -0.0395 0.2345 0.9713
vn 0.1263 0.4228 0.8974
vn -0.0304 -0.0752 0.9967
vn 0.0304 0.0752 0.9967
vn -0.1263 -0.4228 0.8974
vn 0.0395 -0.2345 0.9713
vn -0.1125 -0.7571 0.6435
vn 0.1125 -0.6016 0.7909
vn -0.1216 -0.9554 0.2690
vn 0.1125 -0.8780 0.4652
vn -0.0445 -0.9925 -0.1143
vn 0.0484 -0.9978 0.0444
vn -0.0281 -0.9491 -0.3136
vn 0.0067 -0.7634 -0.6458
vn 0.0065 -0.9161 -0.4009
vn -0.0065 -0.5438 -0.8392
vn -0.0067 -0.7609 -0.6489
vn 0.0281 -0.4630 -0.8859
vn 0.0445 -0.2733 -0.9609
vn 0.0445 0.9925 -0.1143
vn 0.0078 0.3061 -0.9520
vn 0.0078 -0.1219 -0.9925
vn -0.0078 0.1219 -0.9925
vn 0.0277 0.6787 -0.7339
vn 0.0026 0.5155 -0.8569
vn 0.0181 0.9219 -0.3871
vn -0.0003 0.7787 -0.6274
vn 0.0081 0.9996 0.0274
vn -0.0059 0.9430 -0.3327
vn 0.0059 0.9015 0.4327
vn -0.0081 0.9967 0.0809
vn 0.0003 0.7063 0.7079
vn -0.0181 0.8746 0.4845
vn -0.0102 0.4262 0.9046
vn -0.0277 0.5954 0.8030
vn -0.0029 0.0860 0.9963
vn -0.0011 0.1959 0.9806
vn 0.0011 -0.1959 0.9806
vn 0.0277 -0.5954 0.8030
vn 0.0102 -0.4262 0.9046
vn 0.0181 -0.8746 0.4845
vn -0.0003 -0.7063 0.7079
vn 0.0081 -0.9967 0.0809
vn -0.0059 -0.9015 0.4327
vn 0.0059 -0.9430 -0.3327
vn -0.0081 -0.9996 0.0274
vn 0.0003 -0.7787 -0.6274
vn -0.0181 -0.9219 -0.3871
vn -0.0026 -0.5155 -0.8569
vn -0.0277 -0.6787 -0.7339
vn -0.0078 -0.3061 -0.9520
vn 0.0029 -0.0860 0.9963
vn -1.0000 -0.0003 0.0003
vn -1.0000 -0.0002 0.0001
vn -1.0000 -0.0002 0.0002
vn -1.0000 0.0004 0.0003
vn -1.0000 0.0005 0.0007
vn -1.0000 0.0001 -0.0002
vn -1.0000 -0.0000 0.0004
vn -1.0000 -0.0000 0.0005
vn -1.0000 0.0004 -0.0001
vn -1.0000 0.0003 -0.0001
vn -1.0000 -0.0003 -0.0004
vn -1.0000 0.0002 0.0002
vn -1.0000 0.0002 -0.0002
vn -1.0000 -0.0000 0.0003
vn -1.0000 -0.0001 0.0002
vn -1.0000 -0.0003 -0.0001
vn -1.0000 -0.0002 -0.0001
vn -1.0000 0.0002 0.0009
vn -1.0000 -0.0003 -0.0000
vn -0.0050 -0.1105 0.9939
vn -0.6482 0.0060 0.7615
vn -0.6191 0.1251 0.7753
vn -0.0296 0.2109 0.9771
vn -0.6284 0.2690 0.7299
vn -0.0123 0.5124 0.8587
vn -0.6059 0.3826 0.6974
vn -0.0277 0.7563 0.6536
vn -0.6389 0.4842 0.5979
vn -0.6312 0.5805 0.5144
vn -0.6119 0.6817 0.4011
vn -0.0253 0.8870 0.4610
vn -0.6288 0.7312 0.2644
vn -0.0122 0.9864 0.1642
vn -0.6050 0.7813 0.1534
vn -0.0273 0.9878 -0.1533
vn -0.6388 0.7693 0.0141
vn -0.6318 0.7663 -0.1166
vn -0.6113 0.7458 -0.2648
vn -0.0256 0.9256 -0.3777
vn -0.6291 0.6731 -0.3888
vn -0.0121 0.7629 -0.6464
vn -0.6043 0.6187 -0.5021
vn -0.0269 0.5227 -0.8521
vn -0.6386 0.5060 -0.5798
vn -0.6326 0.4006 -0.6628
vn -0.6109 0.2763 -0.7419
vn -0.0259 0.3113 -0.9499
vn -0.6291 0.1362 -0.7653
vn -0.0121 -0.0000 -0.9999
vn -0.6038 0.0108 -0.7970
vn -0.0261 -0.3112 -0.9500
vn -0.6385 -0.1179 -0.7606
vn -0.0269 -0.5227 -0.8521
vn -0.6220 -0.2534 -0.7409
vn -0.6208 -0.3659 -0.6933
vn -0.6292 -0.4976 -0.5971
vn -0.0121 -0.7629 -0.6465
vn -0.6113 -0.5951 -0.5217
vn -0.0257 -0.9256 -0.3777
vn -0.6383 -0.6581 -0.3993
vn -0.0273 -0.9878 -0.1532
vn -0.6220 -0.7308 -0.2812
vn -0.6190 -0.7680 -0.1641
vn -0.6292 -0.7773 -0.0040
vn -0.0122 -0.9864 0.1641
vn -0.6109 -0.7822 0.1223
vn -0.0254 -0.8871 0.4609
vn -0.6380 -0.7295 0.2464
vn -0.0277 -0.7562 0.6537
vn -0.6222 -0.6846 0.3797
vn -0.6175 -0.6192 0.4851
vn -0.6290 -0.5037 0.5921
vn -0.0223 -0.5071 0.8616
vn -0.6107 -0.4074 0.6790
vn -0.6615 -0.2686 0.7002
vn -0.6223 -0.1708 0.7639
vn -0.9030 0.0200 -0.4293
vn -0.9110 -0.0933 -0.4017
vn -0.8969 -0.1501 -0.4159
vn -0.9230 -0.1918 -0.3335
vn -0.9016 -0.2968 -0.3148
vn -0.9127 -0.3147 -0.2605
vn -0.9098 -0.3706 -0.1867
vn -0.8961 -0.4158 -0.1550
vn -0.9230 -0.3792 -0.0660
vn -0.9009 -0.4335 0.0238
vn -0.9133 -0.4007 0.0731
vn -0.9086 -0.3837 0.1650
vn -0.8959 -0.3873 0.2176
vn -0.9228 -0.2936 0.2493
vn -0.9001 -0.2623 0.3478
vn -0.9138 -0.2012 0.3527
vn -0.9073 -0.1209 0.4028
vn -0.8956 -0.0841 0.4368
vn -0.9226 0.0037 0.3857
vn -0.9083 0.0840 0.4098
vn -0.9151 0.1700 0.3656
vn -0.8976 0.2055 0.3900
vn -0.9153 0.2714 0.2976
vn -0.8988 0.3365 0.2809
vn -0.9183 0.3435 0.1968
vn -0.9100 0.3992 0.1116
vn -0.9062 0.4172 0.0685
vn -0.9034 0.4288 0.0007
vn -0.9220 0.3801 -0.0736
vn -0.8980 0.4069 -0.1677
vn -0.9165 0.3455 -0.2016
vn -0.9042 0.3085 -0.2955
vn -0.8953 0.2952 -0.3337
vn -0.9216 0.1873 -0.3398
vn -0.9074 0.1368 -0.3973
vn -0.9138 0.0369 -0.4046
vn -0.5169 -0.0944 -0.8508
vn -0.4996 -0.4432 -0.7443
vn -0.5105 -0.7086 -0.4871
vn -0.4994 -0.8545 -0.1429
vn -0.5101 -0.8298 0.2266
vn -0.4995 -0.6612 0.5598
vn -0.5095 -0.3628 0.7802
vn -0.5065 -0.0061 0.8622
vn -0.5017 0.2806 0.8183
vn -0.5123 0.5191 0.6842
vn -0.5034 0.7566 0.4174
vn -0.4936 0.8581 0.1411
vn -0.5059 0.8498 -0.1482
vn -0.5105 0.7086 -0.4870
vn -0.5071 0.4460 -0.7375
vn -0.5013 0.1827 -0.8458
vn -0.0018 -0.0406 0.9992
vn -0.6773 0.0229 0.7354
vn -0.7030 0.1100 0.7026
vn -0.6725 -0.0790 0.7359
vn -0.0019 -0.2416 0.9704
vn -0.6670 -0.1767 0.7238
vn -0.6740 -0.2770 0.6849
vn -0.0125 -0.4218 0.9066
vn -0.6639 -0.4590 0.5904
vn -0.0004 -0.6002 0.7998
vn -0.7081 -0.3608 0.6069
vn -0.6711 -0.5360 0.5122
vn -0.0019 -0.7501 0.6613
vn -0.0023 -0.8684 0.4959
vn -0.6774 -0.6014 0.4235
vn -0.3565 0.4666 0.8094
vn -0.8097 0.4535 0.3725
vn -0.9111 0.2194 0.3490
vn -0.8963 -0.3943 0.2029
vn -0.2771 -0.9230 -0.2671
vn 0.0179 -0.9536 -0.3006
vn -0.5076 -0.5786 -0.6385
vn 0.0014 -0.4332 -0.9013
vn -0.8042 -0.5707 -0.1660
vn -0.9083 0.3097 -0.2813
vn -0.6409 -0.1590 -0.7510
vn -0.5080 0.3620 -0.7816
vn -0.0523 0.8917 -0.4496
vn 0.0035 0.3999 -0.9166
vn -0.3587 0.8438 -0.3991
vn -0.7093 0.6819 -0.1786
vn -0.0187 0.8970 -0.4416
vn -0.7261 0.6318 -0.2715
vn -0.0301 0.7116 -0.7020
vn -0.7371 0.5678 -0.3666
vn -0.7532 0.4775 -0.4525
vn -0.7219 0.4362 -0.5372
vn -0.0184 0.4538 -0.8909
vn -0.7277 0.3416 -0.5948
vn -0.0300 0.1497 -0.9883
vn -0.7376 0.2352 -0.6329
vn -0.7533 0.1112 -0.6482
vn -0.7166 0.0236 -0.6971
vn -0.0179 -0.1691 -0.9854
vn -0.7278 -0.0820 -0.6808
vn 0.0190 0.0356 -0.9992
vn -0.7376 -0.1899 -0.6479
vn -0.6508 -0.1686 -0.7403
vn -0.9998 -0.0209 -0.0040
vn -0.9998 -0.0195 -0.0057
vn -1.0000 -0.0066 0.0014
vn -1.0000 -0.0000 0.0002
vn -0.9985 -0.0472 -0.0275
vn -0.9985 -0.0532 -0.0082
vn -0.9981 -0.0509 0.0358
vn -0.9983 -0.0578 0.0088
vn -1.0000 -0.0019 0.0013
vn -0.9998 -0.0197 0.0101
vn -0.9999 -0.0065 0.0105
vn -1.0000 -0.0011 0.0017
vn -1.0000 -0.0009 0.0022
vn -1.0000 -0.0006 0.0004
vn -1.0000 -0.0000 0.0008
vn -1.0000 -0.0002 0.0003
vn -0.9987 0.0505 0.0110
vn -0.9998 0.0148 0.0144
vn -0.9998 0.0151 0.0151
vn -1.0000 0.0001 0.0003
vn -0.9984 -0.0288 0.0477
vn -0.9982 0.0299 0.0519
vn -0.9984 0.0471 0.0307
vn -0.9985 -0.0109 0.0529
vn -0.9984 0.0056 0.0570
vn -1.0000 -0.0008 0.0005
vn 0.0135 0.9928 -0.1193
vn -0.3592 0.9153 0.1820
vn -0.4761 0.7660 0.4319
vn -0.7019 0.5366 -0.4684
vn -0.5606 0.8126 -0.1597
vn -0.3512 0.3214 -0.8794
vn 0.0026 0.6590 -0.7521
vn 0.8253 0.2671 0.4976
vn 0.8259 0.3147 0.4679
vn 0.8256 0.2169 0.5209
vn 0.8333 0.5491 -0.0636
vn 0.8335 0.5396 -0.1185
vn 0.8339 0.5519 -0.0079
vn 0.8381 0.2503 -0.4847
vn 0.8385 0.1995 -0.5071
vn 0.8383 0.2984 -0.4562
vn 0.8328 -0.2985 -0.4662
vn 0.8332 -0.3437 -0.4333
vn 0.8332 -0.2500 -0.4933
vn 0.8383 -0.5447 0.0240
vn 0.8386 -0.5390 0.0795
vn 0.8387 -0.5437 -0.0316
vn 0.8375 -0.2999 0.4568
vn 0.8379 -0.2515 0.4844
vn 0.8378 -0.3446 0.4235
vn 0.0008 0.8145 -0.5802
vn 0.0076 -0.0273 -0.9996
vn -0.0512 -0.2233 -0.9734
vn 0.0302 0.8884 0.4581
vn -0.0299 0.8763 -0.4808
vn 0.0259 -0.0564 0.9981
vn -0.0289 0.7633 0.6454
vn 0.0301 -0.8628 0.5046
vn -0.0364 -0.2349 0.9713
vn 0.0304 -0.8844 -0.4658
vn -0.0616 -0.9925 0.1057
vn 0.7090 0.0855 0.7000
vn 0.7411 -0.4724 0.4770
vn 0.7134 -0.1703 0.6797
vn 0.7349 -0.6448 -0.2100
vn 0.6632 -0.7407 0.1076
vn 0.6998 -0.3156 -0.6409
vn 0.6506 -0.0743 -0.7557
vn 0.7511 0.5172 -0.4103
vn 0.7077 0.6140 0.3495
vn 0.7151 0.5564 0.4232
vn 0.6593 0.7343 -0.1616
vn 0.6478 0.0579 0.7596
vn 1.0000 -0.0002 0.0001
vn 1.0000 -0.0000 -0.0000
vn 0.8230 0.0973 0.5596
vn 0.5712 -0.7931 0.2116
vn 1.0000 0.0016 0.0005
vn 1.0000 -0.0000 -0.0001
vn 0.9461 -0.0015 0.3239
vn 1.0000 0.0005 0.0011
vn 1.0000 0.0007 0.0026
vn 1.0000 0.0009 0.0002
vn 1.0000 -0.0014 0.0012
vn 0.7834 0.5181 0.3434
vn 0.6507 0.7436 0.1539
vn 1.0000 -0.0022 0.0022
vn 0.6405 0.7048 -0.3050
vn 1.0000 -0.0023 -0.0017
vn 1.0000 0.0023 -0.0003
vn 0.8401 0.5292 -0.1188
vn 1.0000 0.0021 -0.0003
vn 1.0000 0.0008 -0.0005
vn 1.0000 -0.0000 -0.0009
vn 1.0000 0.0002 -0.0001
vn 1.0000 -0.0046 -0.0007
vn 1.0000 -0.0082 0.0009
vn 1.0000 0.0003 -0.0020
vn 1.0000 0.0007 -0.0012
vn 1.0000 0.0028 0.0070
vn 0.6445 -0.7646 0.0073
vn 1.0000 0.0001 -0.0000
vn 0.7990 0.3670 -0.4765
vn 0.5903 -0.3968 0.7029
vn 0.7227 0.1123 0.6820
vn 0.6468 0.4123 -0.6416
vn 0.8049 0.1746 -0.5671
vn 0.6254 0.3674 0.6884
vn 0.8784 -0.3058 0.3674
vn 0.6311 -0.2240 0.7426
vn 0.6517 0.3060 -0.6940
vn 0.6926 0.5873 0.4188
vn 1.0000 0.0003 -0.0002
vn 1.0000 -0.0005 -0.0009
vn 1.0000 0.0003 -0.0019
vn 0.8211 0.0897 -0.5637
vn 1.0000 -0.0003 0.0003
vn 1.0000 -0.0010 0.0030
vn 1.0000 0.0005 0.0081
vn 1.0000 0.0028 0.0008
vn 1.0000 0.0012 0.0026
vn 1.0000 0.0023 -0.0020
vn 0.6750 0.6456 0.3571
vn 1.0000 0.0011 0.0012
vn 1.0000 0.0041 -0.0020
vn 0.6340 -0.2783 -0.7215
vn 0.6430 0.2181 -0.7342
vn 0.7553 -0.6132 -0.2313
vn 0.6597 0.7082 0.2515
vn 0.8343 -0.3498 -0.4261
vn 0.6587 0.7323 0.1727
vn 1.0000 0.0021 0.0006
vn 0.6746 0.7358 0.0596
vn 1.0000 0.0005 -0.0001
vn 1.0000 0.0005 -0.0000
vn 0.7617 -0.2007 0.6161
vn 1.0000 0.0001 0.0001
vn 0.6405 -0.3001 0.7068
vn 0.6419 -0.6859 0.3428
vn 0.4686 0.8436 0.2621
vn 0.9999 -0.0113 0.0111
vn 1.0000 -0.0002 -0.0002
vn 0.6544 -0.5648 0.5027
vn 1.0000 -0.0003 -0.0004
vn 0.9998 -0.0059 0.0181
vn 0.3355 0.9226 0.1906
vn 0.2410 0.8905 0.3858
vn 0.0035 0.9524 0.3049
vn 0.2484 0.8118 0.5285
vn 0.0056 0.6166 0.7872
vn 0.2354 0.7152 0.6580
vn 0.1886 0.6489 0.7371
vn 0.1711 0.6039 0.7785
vn 0.0167 0.1421 0.9897
vn 0.0358 0.3769 -0.9256
vn -0.0010 0.7537 -0.6572
vn 0.4560 0.6965 -0.5541
vn 0.3301 0.6824 -0.6522
vn 0.2739 0.6272 -0.7291
vn 0.0013 0.6196 -0.7849
vn -0.0025 0.4139 -0.9103
vn 0.3140 0.5082 -0.8019
vn 0.3440 0.3842 -0.8568
vn 0.0013 0.2945 -0.9557
vn 0.3379 0.2889 -0.8958
vn 0.0010 0.1152 -0.9933
vn 0.3004 0.2038 -0.9318
vn 0.3058 0.0250 -0.9518
vn 0.0024 0.3894 -0.9211
vn 0.2911 0.3573 -0.8875
vn 0.1998 0.5657 -0.8000
vn -0.0189 -0.5262 -0.8502
vn 0.6787 -0.0978 -0.7279
vn 0.1403 -0.6940 -0.7061
vn 0.0019 -0.6372 -0.7707
vn 0.3983 -0.6500 -0.6472
vn 0.2777 -0.3689 -0.8870
vn 0.0045 -0.1574 -0.9875
vn 0.1583 -0.1774 -0.9713
vn 0.2010 0.1513 -0.9678
vn 0.2227 0.4379 -0.8710
vn 0.1178 0.4606 -0.8797
vn 0.9860 -0.0643 -0.1535
vn 0.8076 -0.3542 -0.4715
vn 0.9192 0.2631 -0.2931
vn -0.2699 0.5573 -0.7852
vn 0.9205 0.1370 -0.3660
vn 0.9203 0.0843 -0.3821
vn 0.9029 0.0478 -0.4272
vn 0.7752 0.2091 -0.5961
vn 0.9700 0.1849 -0.1582
vn -0.0506 0.9232 -0.3809
vn 0.2504 0.9005 -0.3556
vn -0.0363 -0.9455 -0.3237
vn 0.0836 -0.9870 -0.1371
vn 0.3394 0.0262 0.9403
vn 0.1915 0.6724 0.7150
vn 0.3456 -0.0454 0.9373
vn 0.0056 0.9087 0.4174
vn 0.2438 0.9324 0.2667
vn 0.1723 0.6371 0.7513
vn 0.1547 0.7412 0.6532
vn 0.0575 0.4904 0.8696
vn 0.0612 0.8680 0.4927
vn 0.0525 -0.5445 0.8371
vn 0.0019 -0.8397 0.5430
vn 0.2423 -0.9597 0.1423
vn 0.3270 -0.9116 0.2492
vn 0.2534 -0.7847 -0.5657
vn 0.1417 -0.6707 -0.7281
vn 0.0708 0.9419 -0.3284
vn 0.0949 0.8715 -0.4811
vn 0.0449 0.7507 -0.6591
vn 0.1703 0.9759 0.1365
vn -0.0068 0.5339 -0.8455
vn 0.0414 0.6644 0.7463
vn 0.0430 0.5492 0.8346
vn -0.0075 0.0402 0.9992
vn 0.0008 0.7706 0.6373
vn -0.0156 0.0932 0.9955
vn 0.2096 0.4161 0.8848
vn 0.1993 0.9421 0.2697
vn 0.3245 0.7060 0.6295
vn 0.0581 0.9886 0.1391
vn 0.0107 0.9079 -0.4190
vn 0.0025 0.5250 -0.8511
vn -0.0036 0.9818 0.1897
vn 0.0021 0.6794 0.7337
vn 0.0058 0.0831 0.9965
vn 0.4294 0.3120 0.8475
vn 0.1255 0.6309 0.7657
vn 0.0032 0.9991 -0.0430
vn 0.0367 0.9993 -0.0091
vn 0.2639 0.8376 0.4783
vn 0.6195 0.5855 0.5229
vn 0.5246 0.3423 0.7795
vn 0.9803 0.1959 0.0242
vn 0.9918 -0.0171 0.1265
vn 0.9866 -0.1302 -0.0982
vn 0.7664 0.5764 -0.2837
vn -0.0077 0.9162 -0.4006
vn 0.2168 0.9445 -0.2467
vn 0.0949 0.4109 -0.9067
vn 0.3738 0.7378 -0.5621
vn 0.3111 0.8536 -0.4179
vn 0.6321 0.7558 -0.1709
vn 0.8126 0.5827 -0.0129
vn 0.9563 0.2052 0.2081
vn 0.2361 0.7932 -0.5613
vn 0.4421 0.8958 -0.0461
vn 0.7997 0.4469 0.4009
vn 0.8935 0.2287 0.3864
vn 0.0220 0.7689 -0.6390
vn 0.5742 0.6748 0.4635
vn 0.5834 0.6797 0.4447
vn 0.3760 0.5284 0.7612
vn 0.4391 0.5320 0.7240
vn 0.5155 0.5985 0.6132
vn 0.0258 -0.8831 0.4685
vn 0.0282 -0.8902 0.4547
vn 0.0772 -0.9805 -0.1805
vn 0.0687 -0.9589 -0.2754
vn 0.0013 -0.7746 0.6324
vn -0.0074 -0.9934 -0.1144
vn 0.2213 -0.9752 -0.0023
vn 0.0079 -0.8716 0.4902
vn 0.3345 -0.9282 0.1630
vn 0.0032 -0.9950 -0.0998
vn 0.1347 -0.9490 -0.2849
vn 0.0044 -0.8058 -0.5922
vn 0.7058 -0.6753 0.2143
vn 0.6374 -0.7686 0.0536
vn 0.6266 -0.7649 0.1494
vn 0.0258 -0.6255 -0.7798
vn 0.3745 -0.7460 -0.5507
vn 0.3361 -0.8753 -0.3477
vn 0.3765 -0.9035 -0.2047
vn 0.0738 -0.8883 -0.4533
vn 0.0403 -0.8242 -0.5649
vn -0.0031 -0.4684 -0.8835
vn 0.7700 -0.6370 0.0362
vn 0.8380 -0.5203 -0.1644
vn 0.7423 -0.6654 0.0785
vn 0.7015 -0.1566 -0.6953
vn 0.9663 -0.2347 -0.1061
vn 0.9728 -0.1888 -0.1341
vn 0.7279 0.1485 -0.6694
vn 0.8427 -0.1441 -0.5187
vn 0.4182 0.1886 -0.8886
vn 0.0112 -0.0277 -0.9996
vn 0.2756 -0.3452 -0.8971
vn 0.0416 -0.3926 -0.9188
vn 0.0557 -0.1078 -0.9926
vn 0.4676 -0.8615 -0.1979
vn 0.1550 -0.7805 -0.6056
vn 0.1405 -0.7141 -0.6858
vn 0.0974 -0.6473 -0.7560
vn 0.0478 -0.0733 -0.9962
vn 0.9409 -0.2124 0.2640
vn 0.9529 -0.0736 0.2943
vn 0.9556 -0.1709 0.2399
vn 0.8687 -0.4388 0.2300
vn 0.9132 -0.3262 0.2444
vn 0.9180 -0.3199 0.2344
vn 0.9537 -0.2330 0.1902
vn 0.9639 -0.1366 0.2288
vn 0.9217 -0.3331 0.1987
vn 0.9905 -0.0945 0.0997
vn 0.6496 0.2519 0.7173
vn 0.7168 0.2210 0.6613
vn 0.8179 0.1129 0.5642
vn 0.5463 0.3231 0.7728
vn 0.7812 0.1390 0.6086
vn 0.8173 0.1349 0.5603
vn 0.9284 0.0033 0.3716
vn 0.9813 0.0050 0.1922
vn 0.9219 0.0525 0.3838
vn 0.6174 0.4903 0.6151
vn 0.7550 0.4958 0.4291
vn 0.7469 0.5309 0.4003
vn 0.8286 0.3861 0.4054
vn 0.8660 0.3653 0.3416
vn 0.8440 0.3196 0.4308
vn 0.7669 0.3476 0.5395
vn 0.8571 0.2072 0.4717
vn 0.9329 0.2118 0.2914
vn 0.9476 -0.0487 0.3157
vn 0.9753 0.0546 0.2139
vn 0.6894 0.3982 0.6052
vn 0.6051 0.4845 0.6318
vn 0.9191 -0.3625 0.1543
vn 0.9238 -0.1868 0.3341
vn 0.8507 -0.5105 0.1251
vn 0.8540 -0.4201 0.3068
vn 0.8255 -0.5170 0.2263
vn 0.6457 -0.6636 0.3777
vn 0.7938 -0.5933 0.1334
vn 0.7267 -0.5916 0.3493
vn 0.6656 -0.7316 0.1471
vn 0.7478 -0.6472 0.1481
vn 0.9183 0.1568 0.3634
vn 0.8979 0.0561 0.4366
vn 0.8884 -0.0602 0.4551
vn 0.7460 -0.4560 0.4854
vn 0.5478 -0.8288 0.1139
vn 0.4145 -0.8896 0.1917
vn 0.4928 -0.8700 0.0173
vn 0.8751 -0.2841 0.3918
vn 0.1055 -0.9221 -0.3723
vn 0.2290 -0.9348 -0.2715
vn 0.2276 -0.9497 -0.2149
vn 0.3283 -0.9350 -0.1341
vn 0.3542 -0.9238 0.1457
vn 0.2544 -0.9355 0.2451
vn 0.2075 -0.9673 0.1460
vn 0.1015 -0.9650 -0.2419
vn 0.1132 -0.9646 0.2382
vn -0.0101 -0.9997 0.0208
vn 0.1133 -0.6365 0.7629
vn -0.0256 -0.7900 0.6126
vn 0.1350 -0.1498 0.9795
vn 0.3028 -0.7149 0.6303
vn 0.0791 -0.2769 0.9576
vn 0.2010 0.8187 0.5379
vn 0.1245 0.1338 0.9832
vn 0.2800 0.7345 0.6182
vn 0.0999 0.3483 0.9321
vn 0.3161 0.3357 0.8874
vn 0.3696 0.1525 0.9166
vn 0.5131 0.2850 0.8096
vn 0.6073 0.1477 0.7807
vn 0.4374 0.0114 0.8992
vn 0.3251 -0.1443 0.9346
vn 0.5877 -0.1337 0.7979
vn 0.6823 -0.2841 0.6736
vn 0.3936 -0.3462 0.8516
vn 0.2594 -0.8443 0.4689
vn 0.0014 -0.0014 1.0000
vn 0.0016 -0.0024 1.0000
vn 0.0029 0.0038 1.0000
vn 0.0038 0.0006 1.0000
vn 0.0026 0.0031 1.0000
vn 0.0036 -0.0012 1.0000
vn -0.0016 0.0149 0.9999
vn 0.0018 0.0025 1.0000
vn 0.0049 -0.0008 1.0000
vn -0.0000 -0.0000 1.0000
vn -0.0004 -0.0090 1.0000
vn 0.0033 0.0020 1.0000
vn 0.0018 -0.0025 1.0000
vn -0.0009 -0.0132 0.9999
vn 0.9761 0.2172 0.0017
vn 0.9894 -0.1449 0.0114
vn 0.9894 0.1449 -0.0114
vn 0.8594 0.5113 -0.0021
vn 0.5914 0.8063 0.0114
vn 0.8543 0.5198 0.0021
vn 0.2654 0.9641 0.0017
vn 0.3354 0.9420 -0.0114
vn -0.0491 0.9988 -0.0021
vn -0.4505 0.8928 0.0075
vn -0.0743 0.9972 -0.0075
vn -0.7843 0.6203 0.0075
vn -0.4861 0.8739 -0.0075
vn -0.9737 0.2276 0.0091
vn -0.8101 0.5863 -0.0091
vn -0.9786 -0.2058 0.0069
vn -0.9849 0.1731 -0.0101
vn -0.8069 -0.5907 0.0083
vn -0.9688 -0.2477 -0.0086
vn -0.4861 -0.8739 0.0075
vn -0.7815 -0.6239 -0.0072
vn -0.0743 -0.9972 0.0075
vn -0.4505 -0.8928 -0.0075
vn 0.3354 -0.9420 0.0114
vn -0.0491 -0.9988 0.0021
vn 0.6491 -0.7607 0.0017
vn 0.5914 -0.8063 -0.0114
vn 0.8543 -0.5198 -0.0021
vn 0.8594 -0.5113 0.0021
vn 0.9761 -0.2172 -0.0017
vn 0.2654 -0.9641 -0.0017
vn 0.6491 0.7607 -0.0017
vn 0.0078 0.6722 0.7403
vn -0.0058 -0.0502 0.9987
vn 0.0249 -0.2772 0.9605
vn -0.0103 0.9997 -0.0204
vn 0.0031 0.6703 0.7421
vn -0.0072 0.6400 -0.7683
vn 0.0119 0.7177 -0.6963
vn -0.0082 -0.0933 -0.9956
vn 0.0138 -0.1214 -0.9925
vn -0.0228 -0.8382 -0.5449
vn -0.0331 -0.8650 0.5006
vn 0.0196 -0.9717 0.2354
vn 0.0082 -0.8359 -0.5488
vn 0.0034 0.9996 0.0279
vn -1.0000 0.0001 0.0002
vn -1.0000 0.0003 0.0001
vn -1.0000 -0.0004 0.0002
vn -1.0000 -0.0003 0.0004
vn -1.0000 -0.0000 -0.0003
vn -0.0060 0.5495 0.8354
vn -0.0200 -0.5555 0.8313
vn 0.0200 0.5555 0.8313
vn -0.0134 0.9999 0.0082
vn -0.0257 0.6277 -0.7781
vn 0.0345 0.9649 -0.2602
vn -0.0300 -0.2187 -0.9753
vn 0.0300 0.2187 -0.9753
vn -0.0345 -0.9649 -0.2602
vn 0.0257 -0.6277 -0.7781
vn 0.0134 -0.9999 0.0082
vn 0.0060 -0.5495 0.8354
vn -1.0000 0.0001 0.0001
vn -1.0000 0.0001 -0.0000
vn -1.0000 -0.0001 0.0001
vn -0.0094 -0.9057 -0.4239
vn 0.0155 -0.7117 -0.7023
vn -0.3381 -0.8126 -0.4747
vn -0.4110 -0.9116 -0.0100
vn -0.0005 -0.9764 0.2161
vn -0.2599 -0.9112 0.3196
vn -0.0147 -0.0702 0.9974
vn -0.2666 -0.7144 0.6469
vn -0.0276 0.5384 0.8422
vn -0.4086 -0.4438 0.7975
vn -0.9944 -0.1016 -0.0276
vn -0.0368 0.9360 0.3501
vn -0.0320 0.9114 -0.4102
vn -0.2506 -0.0826 -0.9646
vn -0.2643 -0.2526 -0.9308
vn -0.0150 0.3584 -0.9334
vn -0.0379 0.0609 -0.9974
vn -0.0077 -0.4146 -0.9100
vn 0.0123 -0.3284 -0.9445
vn -0.0002 -0.6637 0.7480
vn 0.0238 -0.0975 0.9950
vn -0.0173 0.7404 0.6719
vn -0.0091 -0.1875 0.9822
vn -0.0215 0.9915 -0.1285
vn 0.0285 0.8811 0.4721
vn -0.0365 0.5705 -0.8205
vn 0.0244 0.8863 -0.4624
vn 0.0230 0.2729 -0.9618
vn -0.0219 -0.2172 -0.9759
vn -0.0222 -0.8716 -0.4897
vn 0.0323 -0.5844 -0.8108
vn -0.0052 -0.9243 0.3817
vn 0.0297 -0.9745 0.2224
vn -0.0155 0.7536 0.6571
vn -0.0135 0.0599 0.9981
vn 0.0124 0.6285 0.7777
vn -0.0262 0.9861 -0.1640
vn 0.0171 0.9905 0.1363
vn -0.0232 0.3794 -0.9250
vn 0.0179 0.8098 -0.5864
vn -0.0196 -0.4848 -0.8744
vn 0.0193 0.1473 -0.9889
vn -0.0289 -0.9837 -0.1777
vn 0.0339 -0.7318 -0.6807
vn -0.0252 -0.7180 0.6956
vn 0.0385 -0.9210 0.3877
vn 0.0211 -0.1297 0.9913
vn 0.7092 -0.0020 0.7050
vn 0.7121 -0.5674 0.4136
vn 0.7411 -0.5250 0.4185
vn 0.7371 -0.5413 -0.4045
vn 0.7165 -0.6504 -0.2520
vn 0.6477 0.0568 -0.7597
vn 0.6958 0.1639 -0.6992
vn 0.7404 0.5947 -0.3133
vn 0.7359 0.5641 0.3745
vn 0.6608 0.7506 0.0018
vn 0.6953 0.2714 0.6655
vn 0.0471 0.8419 -0.5376
vn 0.0593 -0.2468 -0.9672
vn -0.0608 0.2307 -0.9711
vn 0.0337 0.8947 0.4454
vn -0.0555 0.9968 -0.0570
vn 0.0125 0.1400 0.9901
vn -0.0433 0.3871 0.9210
vn 0.0115 -0.6560 0.7546
vn -0.0441 -0.7558 0.6533
vn 0.0391 -0.9945 -0.0969
vn -0.0557 -0.8690 -0.4917
vn 0.8380 0.3248 0.4385
vn 0.8382 0.3676 0.4028
vn 0.8384 0.2781 0.4689
vn 0.8381 0.5455 -0.0056
vn 0.8385 0.5415 -0.0613
vn 0.8383 0.5428 0.0500
vn 0.8194 0.2417 -0.5198
vn 0.8202 0.1901 -0.5396
vn 0.8197 0.2912 -0.4932
vn 0.8198 -0.4582 -0.3436
vn 0.8201 -0.4891 -0.2972
vn 0.8205 -0.4219 -0.3857
vn 0.8433 -0.4863 0.2288
vn 0.8434 -0.4599 0.2778
vn 0.8436 -0.5069 0.1769
vn 0.8419 -0.1724 0.5114
vn 0.8422 -0.1186 0.5259
vn 0.8420 -0.2242 0.4907
vn 0.1084 -0.7264 0.6787
vn 0.7429 -0.5101 0.4334
vn 0.3209 -0.8265 0.4625
vn 0.0018 -0.0408 0.9992
vn 0.6643 -0.0379 0.7465
vn 0.6694 0.0481 0.7413
vn 0.0019 -0.2415 0.9704
vn 0.6653 -0.1504 0.7313
vn 0.0122 -0.4215 0.9068
vn 0.6688 -0.2493 0.7004
vn 0.6829 -0.3143 0.6594
vn 0.6708 -0.4161 0.6139
vn 0.0019 -0.7500 0.6614
vn 0.6855 -0.5571 0.4689
vn 0.6683 -0.5234 0.5285
vn 0.0006 -0.5979 0.8016
vn 0.0020 -0.8684 0.4958
vn 0.6765 0.1571 0.7195
vn 0.5328 0.3767 0.7578
vn 0.8218 0.4244 0.3803
vn -0.0378 -0.9393 -0.3409
vn -0.0866 -0.9522 -0.2929
vn -0.0008 -0.9557 -0.2943
vn -0.0979 -0.9911 -0.0898
vn -0.1860 -0.8531 -0.4874
vn -0.0505 -0.8782 -0.4757
vn -0.2592 -0.6772 -0.6886
vn -0.1963 -0.7773 -0.5977
vn -0.1054 -0.7755 -0.6225
vn -0.0964 -0.8692 -0.4849
vn -0.1679 -0.7679 -0.6182
vn -0.1943 -0.9226 -0.3332
vn -0.1534 -0.8915 -0.4262
vn -0.0064 -0.9878 -0.1558
vn -0.2690 -0.9624 -0.0378
vn -0.6147 -0.7837 -0.0896
vn -0.1978 -0.6761 -0.7098
vn -0.3985 -0.4578 -0.7947
vn -0.4348 -0.7256 -0.5334
vn -0.6031 -0.4677 -0.6462
vn -0.7366 -0.6760 0.0176
vn -0.4853 -0.4727 -0.7355
vn -0.3764 -0.6760 -0.6335
vn -0.3353 -0.7211 -0.6063
vn -0.2918 -0.8080 -0.5119
vn -0.1837 -0.8327 -0.5224
vn -0.5116 -0.7846 -0.3502
vn -0.5587 -0.6201 -0.5508
vn -0.8883 -0.0452 0.4571
vn -0.7573 -0.2849 -0.5876
vn -0.9114 0.0786 0.4039
vn -0.4600 -0.5645 -0.6853
vn -0.6612 -0.2652 -0.7017
vn -0.4303 -0.4573 -0.7783
vn -0.9832 0.1821 0.0112
vn -0.5031 0.8642 0.0004
vn -0.3607 0.8263 0.4326
vn -0.2442 0.5751 0.7808
vn -0.3040 0.9527 -0.0003
vn -0.1872 0.9823 0.0023
vn -0.1037 0.9946 0.0060
vn 0.1113 0.9932 0.0335
vn 0.3035 0.9528 0.0105
vn 0.3090 0.9511 -0.0000
vn 0.5000 0.8660 -0.0000
vn 0.6691 0.7431 -0.0000
vn 0.8090 0.5878 -0.0000
vn 0.9135 0.4067 -0.0000
vn 0.9781 0.2079 -0.0000
vn 0.9781 -0.2079 -0.0000
vn 0.9135 -0.4067 -0.0000
vn 0.8090 -0.5878 -0.0000
vn 0.6691 -0.7431 -0.0000
vn 0.5000 -0.8660 -0.0000
vn 0.2902 -0.9570 -0.0000
vn 0.2949 -0.9555 0.0119
vn -0.1017 -0.9948 -0.0062
vn 0.1328 -0.9888 0.0675
vn -0.3112 -0.9503 -0.0021
vn -0.4982 -0.8670 -0.0126
vn -0.6735 -0.7391 -0.0122
vn -0.7983 -0.5918 -0.1118
vn -0.8101 -0.5862 0.0052
vn -0.9131 -0.4076 -0.0114
vn -0.8727 -0.4615 -0.1591
vn -0.9777 -0.2096 -0.0126
vn -0.9351 -0.3317 -0.1250
vn -0.9852 -0.1296 -0.1123
vn -0.9999 0.0020 -0.0121
vn -0.9947 0.0092 -0.1024
vn -0.9762 0.2069 -0.0647
vn -0.9776 0.2103 -0.0076
vn -0.9308 0.3584 -0.0714
vn -0.9134 0.4071 -0.0003
vn -0.8077 0.5896 -0.0052
vn -0.8662 0.4978 -0.0432
vn -0.6688 0.7434 0.0006
vn -0.7726 0.6335 -0.0416
vn -0.6310 0.7758 0.0029
vn -0.8972 0.2473 -0.3659
vn -0.0019 0.2310 -0.9730
vn 0.0031 0.7151 -0.6990
vn 0.0063 0.0735 -0.9973
vn -0.0059 -0.4101 -0.9120
vn -0.0060 -0.9149 -0.4036
vn 0.0069 -0.6907 -0.7231
vn -0.0045 -0.9626 0.2709
vn -0.7957 -0.6042 -0.0432
vn -0.0037 0.9266 0.3759
vn -0.0037 0.5039 0.8637
vn -0.0003 0.9740 -0.2266
vn 0.0034 0.7563 -0.6542
vn -0.8212 -0.5110 0.2542
vn -0.0036 -0.6462 0.7631
vn -0.8669 -0.3617 0.3430
vn -0.0045 -0.1092 0.9940
vn -0.5312 -0.7914 -0.3026
vn -0.7155 -0.6575 -0.2364
vn -0.2651 -0.9033 -0.3373
vn -0.9997 -0.0194 -0.0122
vn -0.9780 -0.1951 -0.0740
vn -0.9675 -0.2436 -0.0681
vn 0.7331 -0.6550 -0.1833
vn -0.6692 -0.6851 -0.2878
vn -0.0000 -0.0001 -1.0000
vn -0.0002 -0.0001 -1.0000
vn -0.0001 0.0001 -1.0000
vn 0.0001 -0.0001 -1.0000
vn -0.0000 0.0003 -1.0000
vn -0.0000 -0.0002 -1.0000
vn 0.0001 0.0001 -1.0000
vn -0.8802 -0.4730 0.0385
vn -0.9740 -0.1898 0.1236
vn -0.7339 -0.1872 0.6530
vn -0.9808 0.1450 0.1300
vn -0.7845 -0.0147 0.6199
vn -0.6702 0.2818 0.6866
vn -0.8212 0.1220 0.5574
vn -0.8221 0.5582 0.1118
vn -0.6850 0.4099 0.6023
vn -0.5030 0.4915 0.7109
vn -0.5144 0.8551 0.0653
vn -0.4684 0.6107 0.6385
vn -0.1235 0.9820 0.1427
vn -0.2298 0.7222 0.6523
vn 0.0872 0.7193 0.6892
vn -0.1165 0.8219 0.5576
vn 0.3174 0.9425 0.1042
vn 0.2095 0.7694 0.6035
vn 0.3360 0.6189 0.7100
vn 0.6836 0.7278 0.0547
vn 0.4380 0.5978 0.6714
vn 0.9138 0.3785 0.1476
vn 0.6336 0.4071 0.6580
vn 0.7024 0.1148 0.7024
vn 0.7666 0.3081 0.5634
vn 0.9952 -0.0675 0.0704
vn 0.7959 0.0123 0.6053
vn 0.7035 -0.1769 0.6883
vn 0.8909 -0.4420 0.1042
vn 0.6897 -0.2669 0.6731
vn 0.6071 -0.7817 0.1427
vn 0.5573 -0.5056 0.6586
vn 0.3116 -0.6426 0.7000
vn 0.4991 -0.6633 0.5576
vn 0.2069 -0.9762 0.0656
vn 0.2502 -0.7404 0.6239
vn 0.0068 -0.7358 0.6771
vn -0.1866 -0.9761 0.1118
vn -0.0683 -0.7357 0.6739
vn -0.5931 -0.7928 0.1404
vn -0.3364 -0.6714 0.6603
vn -0.5397 -0.4721 0.6970
vn -0.4946 -0.6667 0.5576
vn -0.6425 -0.4490 0.6210
vn -0.7196 -0.2257 0.6567
vn -0.2056 -0.7978 0.5668
vn 0.7108 -0.3983 0.5798
vn 0.5907 0.5662 0.5749
vn -0.3383 0.7066 0.6215
vn -0.8287 -0.1830 0.5290
vn -0.7573 -0.2674 0.5958
vn -0.8345 0.0453 0.5491
vn -0.8168 -0.0585 0.5739
vn -0.7965 0.1576 0.5837
vn -0.7583 0.3995 0.5151
vn -0.6744 0.4674 0.5717
vn -0.4379 0.6920 0.5739
vn -0.6350 0.5763 0.5144
vn -0.3188 0.7637 0.5614
vn -0.2606 0.7393 0.6209
vn 0.0847 0.8151 0.5730
vn -0.1355 0.8315 0.5388
vn 0.2078 0.8042 0.5568
vn 0.3363 0.7590 0.5575
vn 0.5685 0.6098 0.5522
vn 0.3938 0.7168 0.5754
vn 0.6735 0.4843 0.5584
vn 0.7261 0.4076 0.5538
vn 0.5791 0.1533 0.8007
vn 0.7586 0.3135 0.5712
vn 0.8321 -0.0356 0.5535
vn 0.8190 -0.0901 0.5667
vn 0.8111 -0.2151 0.5439
vn 0.7654 -0.3626 0.5317
vn 0.6418 -0.5127 0.5702
vn 0.5756 -0.6037 0.5516
vn 0.3644 -0.7593 0.5391
vn 0.4825 -0.6678 0.5668
vn 0.0514 -0.8251 0.5627
vn 0.2625 -0.8182 0.5115
vn -0.0346 -0.8361 0.5474
vn -0.1558 -0.8028 0.5756
vn -0.3444 -0.7623 0.5481
vn -0.4361 -0.6764 0.5935
vn -0.5379 -0.6319 0.5580
vn -0.7356 -0.3937 0.5512
vn -0.6152 -0.5460 0.5687
vn -0.1553 0.9801 0.1236
vn -0.9396 -0.3281 0.0978
vn 0.9853 -0.0508 0.1632
vn 0.9360 0.1890 0.2969
vn -0.8911 0.3829 -0.2437
vn -0.8645 0.4700 -0.1779
vn -0.9256 0.3240 -0.1959
vn -0.6311 0.7738 -0.0543
vn -0.7927 0.5732 -0.2075
vn -0.8374 0.4998 -0.2212
vn -0.9249 0.3166 -0.2103
vn -0.9874 0.0982 -0.1244
vn -0.9858 0.0416 -0.1628
vn -0.9988 0.0148 -0.0470
vn -0.9496 0.2239 -0.2192
vn -0.9593 0.1407 -0.2449
vn -0.9727 0.1905 -0.1327
vn -0.9037 0.3840 -0.1893
vn -0.8066 0.1872 0.5606
vn -0.8033 -0.1320 -0.5807
vn -0.8091 -0.1024 -0.5787
vn -0.8969 -0.0062 -0.4421
vn -0.6441 -0.2646 -0.7177
vn -0.6957 -0.1883 -0.6932
vn -0.5378 -0.3279 -0.7767
vn -0.8593 -0.0998 -0.5016
vn -0.9307 -0.0003 -0.3658
vn -0.9802 -0.0119 -0.1975
vn -0.9528 0.0753 -0.2940
vn -0.9506 0.0383 -0.3079
vn -0.9295 -0.0433 -0.3664
vn -0.8424 -0.1181 -0.5257
vn -0.9554 0.1707 -0.2411
vn -0.9985 0.0109 -0.0543
vn -0.9141 -0.2245 -0.3377
vn -0.7070 -0.5891 -0.3914
vn -0.7768 -0.5181 -0.3580
vn -0.7020 -0.4306 -0.5673
vn -0.7906 -0.3671 -0.4902
vn -0.8522 -0.2821 -0.4407
vn -0.5971 -0.4756 -0.6460
vn -0.9796 0.0520 -0.1940
vn -0.7178 -0.2125 -0.6631
vn -0.8998 0.4144 -0.1365
vn -0.7966 0.5915 -0.1247
vn -0.6692 0.7381 -0.0858
vn -0.4323 0.8986 -0.0749
vn -0.7171 0.6818 -0.1447
vn -0.3461 0.8926 -0.2891
vn -0.8898 0.4561 -0.0142
vn -0.9714 0.2147 -0.1016
vn -0.8697 0.4768 0.1274
vn -0.8025 0.5948 0.0463
vn -0.6936 0.7202 0.0159
vn -0.6671 0.7450 -0.0085
vn -0.5286 0.8487 -0.0165
vn -0.4703 0.8820 -0.0302
vn -0.5115 0.8592 -0.0151
vn -0.3155 0.8399 -0.4417
vn -0.3594 0.9292 0.0856
vn -0.7865 0.3852 0.4827
vn -0.0191 -0.2664 -0.9637
vn -0.2069 0.7667 -0.6077
vn -0.3570 0.4222 -0.8333
vn 0.0435 -0.9983 -0.0400
vn -0.0320 -0.8559 -0.5162
vn -0.3693 0.3845 0.8460
vn -0.0479 -0.9583 0.2818
vn -0.0297 -0.4940 0.8690
vn -0.0055 0.0766 0.9971
vn -0.0130 0.6536 0.7567
vn -0.0105 0.9775 0.2105
vn -0.0102 0.9192 -0.3936
vn -0.0134 0.4578 -0.8890
vn -0.6129 0.6545 0.4426
vn -0.2562 0.8122 0.5241
vn -0.5585 0.7712 0.3055
vn -0.2784 0.8882 0.3655
vn -0.2894 0.9208 0.2615
vn -0.2327 0.9348 0.2684
vn -0.3331 0.9406 0.0652
vn -0.7565 0.5949 0.2716
vn -0.8884 0.1009 -0.4479
vn -0.0057 0.9474 -0.3201
vn -0.0070 0.8973 0.4414
vn 0.0067 0.9902 0.1398
vn -0.0043 0.5469 -0.8372
vn 0.0063 0.8008 -0.5989
vn -0.0039 -0.0184 -0.9998
vn -0.8367 0.2449 -0.4898
vn -0.0045 -0.6123 -0.7906
vn 0.0174 -0.8731 -0.4872
vn -0.0049 -0.9740 -0.2266
vn 0.0002 -0.9319 0.3628
vn -0.0118 -0.9801 0.1984
vn -0.0003 -0.5249 0.8512
vn -0.0126 -0.5896 0.8076
vn -0.0061 0.2517 0.9678
vn -0.1067 0.8762 0.4699
vn -0.0550 0.8308 0.5538
vn -0.0964 0.8743 0.4758
vn -0.0278 0.8194 0.5726
vn -0.1645 0.9209 0.3535
vn -0.2430 0.9370 0.2509
vn -0.1853 0.9658 0.1813
vn -0.3299 0.9397 0.0906
vn -0.2806 0.9444 0.1715
vn -0.1220 0.9304 0.3456
vn -0.1128 0.9913 0.0679
vn -0.2557 0.9664 0.0282
vn -0.0402 0.8679 0.4952
vn -0.0002 0.7974 0.6034
vn -0.2523 0.8100 0.5293
vn 0.7311 0.5639 0.3840
vn -0.9938 0.1026 0.0433
vn -0.8604 0.4251 0.2811
vn -0.5217 0.7070 0.4774
vn -0.3366 -0.7976 -0.5005
vn 0.8824 -0.4034 -0.2421
vn 0.4479 -0.7558 -0.4777
vn -0.3757 -0.7710 -0.5142
vn -0.4249 0.7997 0.4241
vn -0.3319 0.8678 0.3698
vn 0.6236 0.6727 0.3983
vn 0.4987 0.5719 0.6513
vn 0.4807 0.7205 0.4998
vn -0.7199 0.5466 0.4277
vn -0.7010 0.6216 0.3497
vn 0.4346 0.7975 0.4184
vn 0.4609 0.4446 0.7681
vn -0.7421 0.4447 0.5016
vn 0.4380 0.3456 0.8299
vn -0.7843 0.3478 0.5137
vn -0.7740 0.2701 0.5727
vn -0.7821 0.1100 0.6134
vn 0.4969 0.2153 0.8407
vn 0.4866 0.0779 0.8702
vn 0.4531 -0.1238 0.8828
vn -0.7817 0.0344 0.6228
vn 0.4650 -0.2588 0.8466
vn -0.7222 -0.0823 0.6867
vn -0.7120 -0.1817 0.6783
vn -0.7670 -0.3148 0.5591
vn 0.4887 -0.3436 0.8019
vn 0.4593 -0.4967 0.7364
vn -0.7352 -0.3975 0.5491
vn 0.4593 -0.6299 0.6264
vn -0.7244 -0.5077 0.4664
vn 0.4551 -0.7343 0.5037
vn -0.7096 -0.5820 0.3972
vn 0.4383 -0.7938 0.4217
vn -0.8103 -0.5707 0.1329
vn 0.4698 -0.8730 0.1311
vn 0.4887 -0.8116 0.3203
vn -0.7714 -0.5756 0.2714
vn -0.7234 -0.6901 0.0205
vn 0.4593 -0.8871 -0.0454
vn -0.7543 -0.6509 -0.0854
vn 0.4121 -0.8961 -0.1648
vn 0.4660 -0.8064 -0.3641
vn 0.4970 -0.8300 -0.2531
vn -0.7778 -0.6046 -0.1716
vn 0.4497 0.8269 0.3376
vn -0.9658 0.2248 0.1296
vn -0.9660 -0.2140 0.1450
vn -0.9590 -0.1791 0.2197
vn -0.9594 -0.0328 0.2803
vn -0.9585 -0.2852 -0.0003
vn -0.9773 0.0913 0.1914
vn -0.9595 0.2098 0.1878
vn 0.3013 -0.9265 -0.2255
vn -0.0200 -0.9814 -0.1911
vn 0.8980 -0.3810 0.2199
vn 0.8864 -0.4478 -0.1171
vn -0.0071 -0.5185 -0.8551
vn 0.6365 -0.4943 -0.5921
vn -0.0075 0.3609 -0.9326
vn -0.0291 0.8891 -0.4567
vn 0.5772 0.7399 -0.3454
vn 0.3603 -0.0014 -0.9328
vn 0.3221 0.5909 -0.7396
vn 0.8413 0.2141 -0.4964
vn 0.0012 0.0533 -0.9986
vn 0.4899 -0.1513 -0.8586
vn 0.7096 -0.2288 -0.6664
vn 0.0184 -0.1688 -0.9855
vn 0.7152 -0.1506 -0.6825
vn 0.0300 0.1497 -0.9883
vn 0.7205 -0.0331 -0.6927
vn 0.7385 0.0679 -0.6708
vn 0.7087 0.2082 -0.6741
vn 0.0184 0.4538 -0.8909
vn 0.7156 0.2879 -0.6364
vn 0.0301 0.7116 -0.7020
vn 0.7257 0.3830 -0.5715
vn 0.7382 0.4562 -0.4970
vn 0.7084 0.5705 -0.4156
vn 0.0191 0.8969 -0.4419
vn 0.7138 0.6142 -0.3365
vn 0.7244 0.6508 -0.2273
vn 0.9008 0.0936 -0.4241
vn -0.0421 0.9394 -0.3401
vn 0.3739 0.4967 -0.7833
vn 0.5877 0.6720 -0.4507
vn 0.3448 0.9362 -0.0680
vn 0.9982 0.0003 0.0601
vn 0.9999 -0.0171 -0.0022
vn 0.9982 0.0257 0.0537
vn 1.0000 -0.0050 0.0004
vn 0.9983 -0.0258 0.0516
vn 0.9982 -0.0507 -0.0328
vn 0.9996 0.0254 0.0151
vn 1.0000 -0.0004 0.0001
vn 1.0000 -0.0000 0.0001
vn 0.9997 0.0192 0.0147
vn 0.9984 -0.0427 0.0369
vn 0.9981 -0.0589 0.0156
vn 1.0000 -0.0000 0.0002
vn 1.0000 0.0005 0.0014
vn 1.0000 0.0001 0.0021
vn 0.9984 0.0422 0.0379
vn 1.0000 -0.0011 0.0004
vn 0.9998 0.0134 0.0143
vn 0.9985 -0.0548 -0.0090
vn 1.0000 -0.0002 0.0003
vn 1.0000 -0.0006 0.0004
vn 1.0000 -0.0002 0.0006
vn 1.0000 -0.0005 0.0008
vn 1.0000 -0.0001 0.0001
vn 1.0000 -0.0001 -0.0000
vn 0.9985 0.0506 0.0195
vn 0.3051 0.8081 0.5039
vn 0.8979 0.4388 0.0338
vn 0.9097 0.3452 0.2308
vn 0.5159 0.0929 0.8516
vn 0.5033 -0.1794 0.8453
vn 0.9567 -0.0148 0.2905
vn 0.5104 -0.4397 0.7390
vn 0.8534 -0.1769 0.4903
vn 0.8487 -0.3409 0.4043
vn 0.9598 -0.1422 0.2420
vn 0.4874 -0.6656 0.5652
vn 0.8531 -0.3870 0.3500
vn 0.4982 -0.8119 0.3042
vn 0.8611 -0.4276 0.2750
vn 0.5124 -0.8577 -0.0423
vn 0.9553 -0.2951 0.0196
vn 0.9478 -0.3163 0.0405
vn 0.9491 -0.3110 -0.0495
vn 0.4995 -0.8046 -0.3210
vn 0.8661 -0.4732 -0.1613
vn 0.5007 -0.6583 -0.5620
vn 0.9504 -0.2736 -0.1480
vn 0.8430 -0.3425 -0.4148
vn 0.8656 -0.3811 -0.3249
vn 0.4991 -0.3630 -0.7869
vn 0.8550 -0.2889 -0.4307
vn 0.8693 -0.1438 -0.4728
vn 0.5054 0.0001 -0.8629
vn 0.9475 -0.0647 -0.3130
vn 0.9445 0.0603 -0.3229
vn 0.9597 -0.0060 -0.2811
vn 0.5038 0.3633 -0.7837
vn 0.8528 0.1357 -0.5042
vn 0.9589 0.1403 -0.2468
vn 0.4909 0.6650 -0.5629
vn 0.8476 0.3353 -0.4114
vn 0.8435 0.4665 -0.2662
vn 0.8667 0.3834 -0.3192
vn 0.5038 0.8343 -0.2238
vn 0.8582 0.4666 -0.2138
vn 0.9587 0.2822 -0.0356
vn 0.5008 0.8542 0.1399
vn 0.9498 0.3125 -0.0165
vn 0.8396 0.5111 0.1839
vn 0.9596 0.2780 0.0425
vn 0.5031 0.7132 0.4881
vn 0.9529 0.2723 0.1333
vn 0.8460 0.4025 0.3498
vn 0.4910 0.4454 0.7487
vn 0.8515 0.3483 0.3919
vn 0.8422 0.1906 0.5044
vn 0.8662 0.2481 0.4337
vn 0.9540 0.0623 0.2932
vn 0.9504 -0.0186 0.3106
vn 0.8647 -0.4710 0.1745
vn 0.5380 -0.0018 0.8430
vn 0.5197 0.1704 0.8372
vn 0.7315 0.5047 0.4586
vn 0.5045 0.7683 0.3940
vn 0.7443 0.6163 0.2573
vn 0.5187 0.8385 0.1667
vn 0.5567 0.8307 -0.0014
vn 0.5401 0.8255 -0.1641
vn 0.7368 0.4392 -0.5141
vn 0.5334 0.4083 -0.7407
vn 0.7391 0.2370 -0.6306
vn 0.5528 0.1487 -0.8200
vn 0.5241 -0.0002 -0.8516
vn 0.5557 -0.1437 -0.8188
vn 0.7225 -0.5266 -0.4480
vn 0.5667 -0.7141 -0.4109
vn 0.7277 -0.6331 -0.2639
vn 0.5217 -0.8454 -0.1144
vn 0.5726 -0.8198 -0.0075
vn 0.5250 -0.8354 0.1628
vn 0.7434 -0.4531 0.4919
vn 0.5209 -0.4157 0.7456
vn 0.7497 -0.2337 0.6191
vn 0.5209 -0.1609 0.8383
vn 0.7449 0.2158 0.6313
vn 0.7356 0.3392 0.5864
vn 0.7596 0.4403 0.4787
vn 0.7253 0.6452 -0.2401
vn 0.7497 0.5769 -0.3243
vn 0.7353 0.5172 -0.4380
vn 0.7384 -0.2406 -0.6300
vn 0.7352 -0.3516 -0.5795
vn 0.7508 -0.4175 -0.5118
vn 0.7556 -0.6098 0.2393
vn 0.7278 -0.5927 0.3450
vn 0.7322 -0.4929 0.4701
vn 0.0052 -0.1092 0.9940
vn 0.0247 0.2077 0.9779
vn 0.0315 0.5175 0.8551
vn 0.0221 0.8254 0.5641
vn 0.0179 0.9855 0.1690
vn 0.0201 0.9887 -0.1482
vn 0.0319 0.9247 -0.3795
vn 0.0234 0.7629 -0.6461
vn 0.0244 0.5235 -0.8517
vn 0.0274 0.3056 -0.9518
vn 0.0052 -0.0000 -1.0000
vn 0.0273 -0.3054 -0.9518
vn 0.0335 -0.5243 -0.8509
vn 0.0296 -0.7696 -0.6379
vn 0.0203 -0.9650 -0.2615
vn 0.0261 -0.9864 0.1621
vn 0.0303 -0.8239 0.5659
vn 0.0296 -0.5107 0.8592
vn 1.0000 -0.0001 -0.0002
vn 1.0000 -0.0004 -0.0004
vn 1.0000 0.0006 0.0003
vn 1.0000 0.0005 0.0003
vn 1.0000 -0.0000 0.0003
vn 1.0000 -0.0006 -0.0001
vn 1.0000 -0.0005 -0.0001
vn 1.0000 -0.0003 0.0002
vn 1.0000 -0.0002 0.0002
vn 1.0000 0.0002 -0.0003
vn 1.0000 -0.0004 0.0003
vn 1.0000 -0.0005 0.0003
vn 1.0000 0.0001 -0.0002
vn 1.0000 0.0004 -0.0000
vn 1.0000 0.0001 0.0005
vn 1.0000 -0.0004 0.0005
vn 1.0000 0.0003 0.0003
vn 1.0000 -0.0004 -0.0001
vn 1.0000 0.0003 0.0002
vn 1.0000 -0.0000 0.0005
vn -0.0066 0.0023 1.0000
vn 0.0066 -0.0023 1.0000
vn -0.0073 0.2812 0.9596
vn 0.0073 0.3569 0.9341
vn 0.0066 0.6034 0.7974
vn -0.0066 0.6070 0.7947
vn -0.0031 0.8113 0.5846
vn 0.0083 0.8592 0.5115
vn -0.0083 0.9756 0.2196
vn 0.0031 0.9910 0.1335
vn 0.0066 0.9872 -0.1596
vn -0.0066 0.9864 -0.1640
vn -0.0031 0.8965 -0.4430
vn 0.0232 0.8562 -0.5161
vn -0.0421 0.6182 -0.7849
vn 0.0421 0.4039 -0.9138
vn -0.0342 0.2670 -0.9631
vn -0.0189 0.0435 -0.9989
vn 0.0189 -0.0435 -0.9989
vn -0.0421 -0.4039 -0.9138
vn 0.0421 -0.6182 -0.7849
vn -0.0342 -0.7259 -0.6870
vn -0.0232 -0.8562 -0.5161
vn 0.0031 -0.8965 -0.4430
vn 0.0066 -0.9864 -0.1640
vn -0.0066 -0.9872 -0.1596
vn -0.0031 -0.9910 0.1335
vn 0.0083 -0.9756 0.2196
vn -0.0083 -0.8592 0.5115
vn 0.0031 -0.8113 0.5846
vn 0.0066 -0.6070 0.7947
vn -0.0066 -0.6034 0.7974
vn -0.0073 -0.3569 0.9341
vn 0.0073 -0.2812 0.9596
vn 0.0342 -0.2670 -0.9631
vn 0.0342 0.7259 -0.6870
vn -0.0147 0.2467 -0.9690
vn -0.1124 -0.1066 -0.9879
vn 0.0376 0.1118 -0.9930
vn -0.0046 0.4414 -0.8973
vn -0.0000 0.4217 -0.9067
vn 0.0289 0.6874 -0.7257
vn 0.0366 0.6872 -0.7255
vn -0.0163 0.8799 -0.4749
vn 0.0038 0.8764 -0.4815
vn -0.0328 0.9595 -0.2799
vn 0.0312 0.9908 -0.1314
vn -0.0990 0.9932 0.0607
vn -0.0002 0.9580 0.2869
vn -0.0329 0.9126 0.4076
vn -0.0000 0.8364 0.5482
vn 0.7057 0.5854 0.3990
vn 0.1055 0.6768 0.7286
vn 0.1826 0.6616 0.7273
vn -0.0150 0.5381 0.8427
vn -0.0381 0.4106 0.9110
vn 0.0228 0.0852 0.9961
vn 0.0488 0.2120 0.9760
vn 0.0092 -0.0893 0.9960
vn -0.0383 -0.2242 0.9738
vn 0.0473 -0.5115 0.8580
vn 0.0425 -0.4245 0.9044
vn -0.0081 -0.6847 0.7288
vn 0.0361 -0.6842 0.7284
vn 0.0449 -0.8142 0.5789
vn 0.0518 -0.8912 0.4507
vn 0.0663 -0.9389 0.3378
vn -0.0164 -0.9824 0.1861
vn -0.0440 -0.9987 0.0255
vn -0.0682 -0.8953 -0.4403
vn -0.0247 -0.9541 -0.2986
vn 0.0223 -0.9840 -0.1766
vn 0.0396 -0.8166 -0.5758
vn 0.0162 -0.6824 -0.7308
vn 0.0303 -0.5907 -0.8064
vn 0.0504 -0.4636 -0.8846
vn 0.0410 -0.3189 -0.9469
vn -0.8548 -0.1691 -0.4906
vn -0.8645 0.5016 0.0326
vn -0.8325 -0.5541 -0.0004
vn -0.8232 -0.4799 -0.3034
vn -1.0000 -0.0009 0.0010
vn -0.9081 0.3475 0.2338
vn -1.0000 -0.0015 -0.0005
vn -0.8805 -0.3151 -0.3541
vn -0.9193 -0.2786 0.2781
vn -0.8100 0.4336 -0.3948
vn -0.8489 0.1318 0.5118
vn -1.0000 0.0012 0.0009
vn -0.8459 0.1404 -0.5146
vn -1.0000 -0.0006 -0.0014
vn -0.9999 -0.0061 -0.0119
vn -0.9999 -0.0154 -0.0071
vn -0.9999 -0.0110 -0.0045
vn -1.0000 -0.0007 0.0006
vn -0.8146 -0.0241 -0.5796
vn -1.0000 0.0015 0.0013
vn -1.0000 0.0002 0.0043
vn -1.0000 -0.0038 0.0064
vn -1.0000 0.0061 0.0020
vn -1.0000 -0.0029 0.0011
vn -1.0000 0.0020 0.0007
vn -1.0000 -0.0010 0.0031
vn -1.0000 -0.0028 -0.0010
vn -1.0000 0.0036 0.0054
vn -1.0000 -0.0009 0.0064
vn -1.0000 -0.0005 0.0010
vn -1.0000 -0.0005 0.0005
vn -1.0000 0.0006 0.0005
vn -1.0000 -0.0007 0.0007
vn -0.8193 0.5592 0.1267
vn -0.8085 -0.0134 -0.5884
vn -1.0000 0.0006 -0.0004
vn -1.0000 -0.0010 -0.0069
vn -1.0000 -0.0004 -0.0003
vn -1.0000 -0.0010 0.0057
vn -1.0000 -0.0060 0.0056
vn -0.9997 -0.0202 0.0106
vn -1.0000 -0.0009 -0.0006
vn -1.0000 0.0014 -0.0006
vn -1.0000 0.0024 -0.0002
vn -0.9999 0.0024 0.0142
vn -0.9999 0.0051 0.0111
vn -0.0338 0.7915 0.6103
vn -0.0329 0.1126 0.9931
vn 0.0322 0.6195 0.7843
vn -0.0045 0.9982 -0.0591
vn 0.0407 0.9952 0.0893
vn -0.0055 0.7903 -0.6127
vn -0.0281 0.1525 -0.9879
vn 0.0368 0.6785 -0.7337
vn -0.0325 -0.4909 -0.8706
vn 0.0415 -0.1058 -0.9935
vn -0.0363 -0.9216 -0.3863
vn 0.0387 -0.7181 -0.6949
vn -0.0349 -0.9420 0.3338
vn 0.0404 -0.9988 -0.0284
vn -0.0263 -0.5336 0.8454
vn 0.0436 -0.7374 0.6741
vn 0.0354 -0.0793 0.9962
vn -0.0268 0.9038 -0.4272
vn -0.0409 0.6080 0.7929
vn 0.0206 0.8704 0.4919
vn -0.0109 -0.1813 -0.9834
vn 0.0098 0.8472 -0.5312
vn -0.0203 -0.9910 -0.1323
vn -0.0020 -0.2173 -0.9761
vn -0.0332 -0.5272 0.8491
vn 0.0208 -0.7402 0.6721
vn 0.0271 0.1142 0.9931
vn 0.0053 -0.9635 -0.2676
vn -0.0436 0.7374 0.6741
vn -0.0354 0.0793 0.9962
vn 0.0263 0.5336 0.8454
vn -0.0404 0.9988 -0.0284
vn 0.0349 0.9420 0.3338
vn -0.0387 0.7181 -0.6949
vn 0.0363 0.9216 -0.3863
vn -0.0415 0.1058 -0.9935
vn 0.0325 0.4909 -0.8706
vn -0.0368 -0.6785 -0.7337
vn 0.0281 -0.1525 -0.9879
vn -0.0407 -0.9952 0.0893
vn 0.0055 -0.7903 -0.6127
vn -0.0322 -0.6195 0.7843
vn 0.0338 -0.7915 0.6103
vn 0.0329 -0.1126 0.9931
vn 0.0045 -0.9982 -0.0591
vn -0.0208 0.7402 0.6721
vn -0.0271 -0.1142 0.9931
vn 0.0332 0.5272 0.8491
vn -0.0053 0.9635 -0.2676
vn 0.0203 0.9910 -0.1323
vn 0.0020 0.2173 -0.9761
vn -0.0098 -0.8472 -0.5312
vn 0.0109 0.1813 -0.9834
vn -0.0206 -0.8704 0.4919
vn 0.0268 -0.9038 -0.4272
vn 0.0409 -0.6080 0.7929
vn -0.0118 0.4097 0.9121
vn -0.0117 -0.2605 0.9654
vn 0.0118 -0.2039 0.9789
vn -0.0328 0.9225 0.3845
vn 0.0208 0.4727 0.8810
vn -0.0301 0.8448 -0.5343
vn -0.0247 0.0449 -0.9987
vn -0.0126 -0.7181 -0.6958
vn -0.0073 -0.9976 -0.0687
vn 0.0137 -0.9933 -0.1144
vn -0.0032 -0.8388 0.5444
vn 0.0126 -0.8089 0.5879
vn 0.0106 -0.6867 -0.7269
vn -0.0338 0.9827 0.1822
vn -0.0272 0.3691 0.9290
vn 0.0385 0.6600 0.7503
vn 0.8486 0.3175 -0.4232
vn 0.0483 0.9140 -0.4027
vn 0.8485 -0.2816 -0.4480
vn 0.0486 -0.1412 -0.9888
vn -0.0167 -0.9998 0.0146
vn 0.0444 -0.9915 -0.1224
vn -0.0110 -0.6081 0.7938
vn 0.0324 -0.4224 0.9058
vn -0.0337 0.2720 0.9617
vn 0.0102 0.1746 0.9846
vn 0.0324 0.7527 0.6576
vn -0.0386 0.9066 0.4203
vn -0.0315 0.9649 -0.2606
vn 0.0333 0.9987 -0.0397
vn 0.0598 0.7589 -0.6485
vn -0.0351 0.6064 -0.7944
vn -0.0341 -0.1639 -0.9859
vn 0.0381 0.1615 -0.9861
vn -0.0084 -0.7827 -0.6224
vn 0.0385 -0.6540 -0.7555
vn 0.0026 -0.9989 0.0472
vn -0.0134 -0.5604 0.8281
vn 0.0165 -0.9946 0.1023
vn 0.0055 -0.5127 0.8585
vn -0.0332 0.9779 0.2065
vn -0.0390 0.2795 0.9593
vn 0.0418 0.7858 0.6171
vn -0.0254 0.7108 -0.7029
vn 0.0295 0.8904 -0.4542
vn 0.0204 0.1117 -0.9935
vn -0.0304 -0.1995 -0.9794
vn -0.0358 -0.9523 -0.3031
vn 0.0268 -0.7154 -0.6982
vn -0.0367 -0.7086 0.7046
vn 0.0340 -0.9764 0.2133
vn 0.0401 -0.2715 0.9616
vn -0.0118 0.5962 0.8027
vn -0.0108 -0.0286 0.9995
vn 0.0108 0.0285 0.9995
vn -0.0126 0.9810 0.1938
vn 0.0117 0.6419 0.7667
vn -0.0238 0.8511 -0.5244
vn 0.0219 0.9928 0.1175
vn -0.0324 0.2086 -0.9775
vn 0.0292 0.7550 -0.6551
vn -0.0259 -0.6656 -0.7458
vn 0.0225 0.0454 -0.9987
vn -0.0136 -0.9956 0.0924
vn 0.0148 -0.7260 -0.6875
vn -0.0117 -0.6419 0.7667
vn 0.0152 -0.9872 0.1588
vn 0.0118 -0.5962 0.8027
vn -0.0087 0.9848 0.1736
vn -0.0104 0.2300 0.9731
vn 0.0100 0.2956 0.9552
vn -0.0174 0.5333 -0.8457
vn -0.0026 0.9897 0.1429
vn -0.0078 -0.6743 -0.7384
vn 0.0214 -0.5824 -0.8127
vn 0.0029 -0.8944 0.4472
vn 0.0130 -0.8764 0.4814
vn 0.0104 0.6285 -0.7778
vn -0.0108 -0.0285 0.9995
vn 0.0108 0.0286 0.9995
vn -0.0151 0.9872 0.1588
vn -0.0148 0.7260 -0.6875
vn 0.0136 0.9956 0.0924
vn -0.0225 -0.0454 -0.9987
vn 0.0259 0.6656 -0.7458
vn -0.0292 -0.7550 -0.6551
vn 0.0324 -0.2086 -0.9775
vn -0.0219 -0.9928 0.1175
vn 0.0238 -0.8511 -0.5244
vn 0.0126 -0.9810 0.1938
vn -0.0130 0.8764 0.4814
vn -0.0100 -0.2956 0.9552
vn 0.0104 -0.2300 0.9731
vn -0.0214 0.5824 -0.8127
vn -0.0029 0.8944 0.4472
vn -0.0104 -0.6285 -0.7778
vn 0.0174 -0.5334 -0.8457
vn 0.0026 -0.9897 0.1429
vn 0.0087 -0.9848 0.1736
vn 0.0078 0.6743 -0.7384
vn -0.0318 0.5562 0.8304
vn -0.0181 -0.2689 0.9630
vn 0.0362 -0.1236 0.9917
vn 0.0574 0.7820 0.6206
vn -0.0410 0.9824 0.1824
vn -0.0510 0.8466 -0.5297
vn 0.0388 0.9873 -0.1543
vn 0.0528 0.6153 -0.7865
vn -0.0334 0.2387 -0.9705
vn -0.0305 -0.5018 -0.8645
vn 0.0523 -0.2459 -0.9679
vn -0.0167 -0.9581 -0.2859
vn 0.0420 -0.8975 -0.4390
vn -0.0106 -0.8825 0.4702
vn 0.0289 -0.9044 0.4256
vn -0.0289 0.9326 0.3597
vn -0.0298 0.2367 0.9711
vn 0.0227 0.7087 0.7052
vn -0.0306 0.7636 -0.6450
vn 0.0217 0.9971 -0.0725
vn 0.0252 0.5431 -0.8393
vn -0.0284 -0.2283 -0.9732
vn -0.0246 -0.9333 -0.3583
vn 0.0415 -0.5668 -0.8228
vn -0.0305 -0.7720 0.6349
vn 0.0437 -0.9362 0.3487
vn 0.0262 -0.1119 0.9934
vn -0.0126 0.8089 0.5879
vn -0.0118 0.2039 0.9789
vn 0.0117 0.2605 0.9654
vn -0.0137 0.9933 -0.1144
vn 0.0032 0.8388 0.5444
vn -0.0106 0.6867 -0.7269
vn 0.0126 0.7181 -0.6958
vn -0.0047 0.0225 -0.9997
vn -0.0318 -0.7389 -0.6731
vn -0.0267 -0.9749 0.2209
vn -0.0208 -0.4727 0.8810
vn 0.0328 -0.9225 0.3845
vn 0.0118 -0.4097 0.9121
vn 0.0073 0.9976 -0.0687
vn -0.0484 0.7713 0.6346
vn -0.0581 -0.4674 0.8821
vn 0.0392 0.0945 0.9948
vn -0.0361 0.9050 -0.4238
vn 0.0435 0.9693 0.2420
vn 0.0342 0.5641 -0.8250
vn -0.0384 0.0863 -0.9955
vn -0.0489 -0.9289 -0.3671
vn 0.0183 -0.3459 -0.9381
vn 0.0165 -0.8177 0.5755
vn 0.0105 -0.9482 -0.3175
vn -0.0328 0.6822 -0.7304
vn -0.0444 0.7026 0.7102
vn -0.0228 -0.5879 -0.8086
vn 0.0234 0.6191 -0.7849
vn -0.0581 -0.8326 0.5508
vn -0.0442 0.7041 0.7087
vn -0.0721 -0.5475 0.8337
vn 0.0487 -0.3378 0.9400
vn -0.0321 0.9050 -0.4241
vn 0.0410 0.8245 0.5644
vn -0.0495 0.0622 -0.9968
vn 0.0631 0.7953 -0.6029
vn -0.0843 -0.8976 -0.4327
vn -0.1374 0.8401 -0.5247
vn -0.0856 0.4106 0.9078
vn -0.0581 -0.8428 0.5351
vn -0.1115 -0.6012 -0.7913
vn 0.0523 -0.8585 -0.5101
vn 0.0114 -0.7419 0.6704
vn -0.9593 0.2404 0.1480
vn -0.9912 0.0738 0.1095
vn -0.9612 0.2742 0.0293
vn -0.9634 0.2657 0.0371
vn -0.7346 0.0006 -0.6785
vn -0.8327 0.5509 0.0562
vn -0.6175 0.7856 0.0403
vn -0.3154 0.6710 -0.6710
vn -0.3431 0.9342 0.0980
vn -0.2894 0.6757 -0.6780
vn 0.3064 0.9519 -0.0043
vn 0.3879 0.9099 0.1474
vn 0.4970 0.8669 0.0394
vn 0.0870 0.7216 -0.6868
vn 0.5307 0.8024 -0.2731
vn 0.7516 0.6589 0.0305
vn 0.9172 0.3961 0.0433
vn 0.9287 0.3477 0.1288
vn 0.9817 0.1298 0.1392
vn 0.7499 0.0409 -0.6603
vn 0.9931 0.0824 -0.0831
vn 0.8289 -0.5580 0.0407
vn 0.6912 -0.2563 -0.6757
vn 0.6119 -0.7891 0.0539
vn 0.3359 -0.9411 0.0389
vn 0.1263 -0.9913 0.0379
vn -0.0082 -0.9988 0.0488
vn 0.0015 -0.9953 0.0967
vn -0.1988 -0.9782 0.0604
vn -0.1305 -0.9876 -0.0878
vn -0.5013 -0.8647 0.0304
vn -0.7515 -0.6575 0.0540
vn -0.9215 -0.3863 0.0396
vn -0.9803 -0.1842 0.0719
vn -0.7252 -0.1527 -0.6714
vn 0.0105 0.9983 0.0571
vn 0.0252 0.9892 0.1441
vn 0.0096 0.7551 -0.6556
vn 0.9406 -0.3073 0.1444
vn 0.7383 -0.1402 -0.6597
vn -0.0052 0.0034 -1.0000
vn 0.0056 0.0166 -0.9998
vn 0.0042 -0.0035 -1.0000
vn 0.0050 0.0039 -1.0000
vn 0.0102 0.0010 -0.9999
vn 0.0004 0.0002 -1.0000
vn 0.0003 0.0004 -1.0000
vn -0.0004 -0.0006 -1.0000
vn -0.0022 0.0036 -1.0000
vn -0.0040 0.0028 -1.0000
vn -0.0008 -0.0007 -1.0000
vn -0.0000 -0.0004 -1.0000
vn -0.0007 -0.0007 -1.0000
vn -0.0010 -0.0008 -1.0000
vn -0.0010 -0.0002 -1.0000
vn -0.0014 -0.0007 -1.0000
vn 0.0001 0.0008 -1.0000
vn -0.0001 0.0011 -1.0000
vn -0.0001 0.0003 -1.0000
vn -0.0034 -0.0028 -1.0000
vn -0.0080 0.0006 -1.0000
vn -0.0003 -0.0002 -1.0000
vn 0.5856 -0.8036 -0.1065
vn 0.4423 -0.5182 -0.7320
vn 0.4595 -0.5909 -0.6631
vn 0.6710 -0.7414 -0.0040
vn 0.6788 -0.3167 -0.6625
vn 0.9974 -0.0681 -0.0240
vn 0.7613 0.1155 -0.6380
vn 0.6460 0.0168 -0.7632
vn 0.9931 0.0502 -0.1061
vn 0.7373 -0.0170 -0.6753
vn 0.9988 0.0248 -0.0425
vn 0.6365 -0.1298 -0.7603
vn 0.9862 -0.1402 -0.0880
vn 0.7637 -0.1293 -0.6325
vn 0.9887 0.1491 -0.0168
vn 0.6797 0.3099 -0.6648
vn 0.5086 0.5619 -0.6524
vn 0.6455 0.7633 -0.0283
vn 0.4620 0.4931 -0.7372
vn 0.6440 0.7578 -0.1053
vn 0.5311 0.5084 -0.6778
vn 0.6889 0.7235 -0.0447
vn 0.5076 0.3589 -0.7833
vn 0.7984 0.5932 -0.1034
vn 0.5764 0.5094 -0.6390
vn 0.7094 0.7044 -0.0245
vn 0.1978 0.7247 -0.6601
vn 0.2242 0.9741 -0.0309
vn -0.3045 0.9518 -0.0365
vn -0.1565 0.7251 -0.6707
vn -0.5448 0.5301 -0.6498
vn -0.8045 0.5936 -0.0173
vn -0.4589 0.4427 -0.7704
vn -0.7605 0.6409 -0.1042
vn -0.5113 0.5345 -0.6730
vn -0.7238 0.6887 -0.0425
vn -0.3538 0.5349 -0.7672
vn -0.5856 0.8036 -0.1065
vn -0.4704 0.5992 -0.6479
vn -0.6710 0.7414 -0.0040
vn -0.6800 0.3042 -0.6671
vn -0.9974 0.0681 -0.0240
vn -0.7443 -0.1143 -0.6580
vn -0.6362 -0.0009 -0.7715
vn -0.9931 -0.0504 -0.1063
vn -0.7362 0.0161 -0.6766
vn -0.9987 -0.0245 -0.0447
vn -0.6152 0.1028 -0.7816
vn -0.9862 0.1402 -0.0880
vn -0.7441 0.1276 -0.6558
vn -0.9887 -0.1491 -0.0168
vn -0.6822 -0.2976 -0.6679
vn -0.5166 -0.5694 -0.6394
vn -0.6455 -0.7633 -0.0283
vn -0.4385 -0.4584 -0.7731
vn -0.6442 -0.7576 -0.1051
vn -0.5340 -0.5087 -0.6753
vn -0.6887 -0.7238 -0.0425
vn -0.7658 -0.4336 -0.4748
vn -0.8036 -0.5856 -0.1065
vn -0.6001 -0.4735 -0.6448
vn -0.7414 -0.6710 -0.0040
vn -0.3034 -0.6785 -0.6691
vn -0.0678 -0.9974 -0.0241
vn 0.1137 -0.7443 -0.6581
vn 0.0051 -0.6441 -0.7649
vn 0.0500 -0.9930 -0.1072
vn -0.0190 -0.7406 -0.6717
vn 0.0248 -0.9988 -0.0425
vn -0.1052 -0.6135 -0.7826
vn -0.1385 -0.9863 -0.0897
vn -0.1226 -0.7393 -0.6621
vn 0.1452 -0.9891 -0.0224
vn 0.3297 -0.6891 -0.6453
vn 0.5658 -0.5134 -0.6452
vn 0.7633 -0.6454 -0.0283
vn 0.4500 -0.4387 -0.7778
vn 0.7578 -0.6440 -0.1053
vn 0.5065 -0.5333 -0.6775
vn 0.7235 -0.6888 -0.0447
vn 0.0668 0.0069 -0.9977
vn 0.0658 -0.0067 -0.9978
vn 0.0248 -0.0343 -0.9991
vn 0.0557 -0.0406 -0.9976
vn -0.0447 -0.0564 -0.9974
vn -0.0211 -0.0632 -0.9978
vn -0.0504 0.0416 -0.9979
vn 0.0354 0.0380 -0.9986
vn 0.0569 0.0388 -0.9976
vn 0.0051 -0.0669 -0.9977
vn -0.0417 -0.0366 -0.9985
vn -0.0396 0.0509 -0.9979
vn -0.0130 0.0286 -0.9995
vn -0.0644 -0.0145 -0.9978
vn -0.0670 0.0118 -0.9977
vn -0.0001 0.0560 -0.9984
vn 0.6791 -0.7340 0.0086
vn 0.6449 -0.6750 -0.3585
vn 0.6825 -0.5157 0.5179
vn 0.6316 -0.7321 0.2550
vn 0.6778 0.5263 0.5135
vn 0.6418 0.6905 -0.3337
vn 0.6792 0.7339 -0.0086
vn 0.6394 0.7379 0.2162
vn 0.6474 -0.3709 -0.6658
vn 0.6777 -0.0090 -0.7353
vn -0.0127 -0.9011 0.4335
vn -0.0349 -0.8889 0.4567
vn -0.0033 -0.9999 -0.0114
vn -0.0056 -0.8920 -0.4521
vn -0.0349 0.8889 -0.4567
vn 0.0351 0.9045 0.4251
vn -0.0033 0.9999 0.0114
vn -0.0056 0.8920 0.4521
vn 0.0563 -0.2478 0.9672
vn 0.2598 0.0886 0.9616
vn 0.7344 -0.4957 0.4636
vn 0.2449 -0.9397 -0.2388
vn -0.0252 -0.9354 0.3526
vn 0.0284 -0.9849 -0.1710
vn 0.0148 -0.8448 0.5349
vn 0.0117 -0.5457 -0.8379
vn 0.0063 -0.5253 -0.8509
vn 0.5920 -0.4997 -0.6323
vn -0.0355 -0.7123 -0.7009
vn 0.0030 -0.7157 -0.6984
vn 0.0108 -0.9577 -0.2875
vn 0.2103 -0.9737 0.0881
vn -0.0191 -0.3569 -0.9340
vn 0.7388 -0.4695 -0.4835
vn 0.2787 0.0789 -0.9571
vn -0.0126 -0.9222 -0.3864
vn 0.0115 -0.8434 -0.5371
vn 0.0312 -0.9994 0.0142
vn 0.7966 -0.2941 0.5282
vn 0.0105 -0.2619 0.9650
vn -0.0681 -0.5763 0.8144
vn 0.0350 -0.7730 0.6335
vn 0.6063 -0.5647 0.5599
vn 0.1876 -0.7163 -0.6721
vn -0.0018 0.4034 -0.9150
vn 0.7393 0.0129 -0.6732
vn 0.2454 0.7585 -0.6037
vn 0.0014 0.6947 -0.7193
vn 0.0429 0.2680 -0.9625
vn 0.1713 -0.0313 -0.9847
vn 0.0270 0.9533 -0.3007
vn 0.7372 0.4821 -0.4733
vn 0.2655 0.9608 0.0802
vn -0.0250 0.9346 -0.3548
vn 0.0342 0.9994 0.0023
vn 0.0117 0.8339 -0.5518
vn 0.0098 0.8035 0.5952
vn -0.0179 0.3942 0.9188
vn 0.0064 0.3930 0.9195
vn -0.0071 0.4257 0.9049
vn 0.6023 0.4751 0.6415
vn 0.2054 0.9752 -0.0824
vn -0.0191 0.3569 0.9340
vn 0.7388 0.4695 0.4835
vn 0.2787 -0.0788 0.9572
vn -0.0126 0.9222 0.3864
vn 0.0115 0.8434 0.5371
vn 0.0267 0.9996 -0.0006
vn 0.6509 0.3319 -0.6827
vn 0.0085 0.3590 -0.9333
vn -0.0246 0.6821 -0.7309
vn 0.7883 0.3380 -0.5142
vn 0.0303 0.8239 -0.5659
vn 0.0023 0.0122 0.9999
vn 0.0427 0.4911 0.8701
vn 0.1876 0.7163 0.6721
vn -0.0018 -0.4034 0.9150
vn 0.7393 -0.0129 0.6732
vn 0.2454 -0.7585 0.6037
vn -0.0321 -0.9890 -0.1442
vn 0.6286 -0.7501 -0.2055
vn 0.6837 -0.5153 -0.5168
vn 0.6148 -0.1187 -0.7797
vn 0.0127 -0.7023 -0.7117
vn -0.0449 -0.2440 -0.9687
vn -0.0372 0.7150 -0.6981
vn 0.0527 0.8170 -0.5742
vn -0.0078 -0.5166 -0.8562
vn 0.0353 -0.2659 -0.9634
vn 0.0393 -0.8930 -0.4483
vn -0.0148 -0.8590 0.5118
vn 0.0286 -0.9588 0.2828
vn 0.0108 -0.9937 0.1112
vn 0.7688 -0.6390 0.0251
vn 0.0242 0.5490 -0.8355
vn -0.0227 0.9112 -0.4112
vn 0.0018 0.9348 -0.3552
vn 0.6119 -0.7863 0.0855
vn -0.0021 -0.5442 -0.8389
vn 0.6165 -0.4444 -0.6500
vn 0.5938 0.8040 0.0316
vn 0.6196 0.4260 -0.6593
vn -0.0008 0.0007 -1.0000
vn -0.0041 0.5656 -0.8247
vn 0.0008 -0.0007 -1.0000
vn -0.0411 0.9943 0.0984
vn -0.0093 0.2429 -0.9700
vn 0.0167 0.5847 -0.8111
vn 0.0261 -0.0113 -0.9996
vn -0.0075 -0.9457 -0.3249
vn 0.0131 -0.9240 -0.3821
vn -0.0424 -0.8179 -0.5738
vn 0.7566 -0.4463 -0.4779
vn 0.0217 -0.5549 -0.8316
vn 0.0157 0.9589 -0.2832
vn -0.0174 0.9609 0.2764
vn 0.0069 0.9406 0.3395
vn 0.6526 -0.6925 -0.3074
vn 0.6129 0.7797 -0.1280
vn 0.5945 -0.0560 -0.8022
vn 0.0022 0.7072 -0.7070
vn -0.0000 0.7131 -0.7011
vn -0.0516 0.9967 0.0628
vn -0.0463 0.1452 -0.9883
vn -0.0386 -0.9635 0.2651
vn 0.6145 -0.7792 0.1235
vn 0.6825 -0.5144 0.5192
vn 0.5947 0.0559 0.8020
vn 0.0013 -0.6952 0.7188
vn -0.0463 -0.1452 0.9883
vn -0.0424 0.8179 0.5738
vn 0.0537 0.9148 0.4004
vn -0.0151 -0.2483 0.9686
vn 0.0167 -0.5847 0.8111
vn 0.0353 0.0044 0.9994
vn -0.0107 0.9244 0.3814
vn -0.0137 0.9157 0.4017
vn -0.0050 0.5800 0.8146
vn 0.0157 -0.9589 0.2832
vn -0.0173 -0.9612 -0.2753
vn 0.0063 -0.9414 -0.3374
vn -0.0045 -0.9949 -0.1011
vn -0.0416 -0.9950 -0.0905
vn -0.0037 -0.5622 0.8270
vn 0.6192 -0.4248 0.6604
vn 0.6831 0.0005 0.7303
vn 0.7688 0.6390 -0.0251
vn 0.6173 0.4424 0.6506
vn -0.0008 -0.0007 1.0000
vn -0.0021 0.5411 0.8409
vn 0.0102 0.9944 -0.1051
vn 0.0411 0.9929 -0.1112
vn -0.0078 0.5166 0.8562
vn 0.0353 0.2659 0.9634
vn 0.0393 0.8930 0.4483
vn -0.0155 0.8603 -0.5095
vn 0.0281 0.9593 -0.2810
vn 0.0242 -0.5490 0.8355
vn -0.0227 -0.9112 0.4112
vn 0.0018 -0.9348 0.3552
vn 0.0527 -0.8170 0.5742
vn -0.0372 -0.7150 0.6981
vn 0.6148 0.1187 0.7797
vn 0.7000 0.5097 0.5002
vn 0.5972 0.7996 -0.0640
vn 0.1278 0.6672 0.7339
vn 0.7967 0.1108 0.5941
vn 0.0051 0.9723 0.2338
vn 1.0000 0.0004 -0.0006
vn 1.0000 0.0010 0.0005
vn 1.0000 0.0020 -0.0001
vn 1.0000 0.0017 -0.0008
vn 1.0000 -0.0008 -0.0011
vn 1.0000 -0.0002 0.0037
vn 1.0000 0.0004 -0.0012
vn 1.0000 -0.0002 -0.0005
vn 1.0000 -0.0008 0.0009
vn 1.0000 -0.0012 0.0014
vn 1.0000 -0.0014 -0.0010
vn 1.0000 0.0005 0.0029
vn 1.0000 0.0093 -0.0000
vn 1.0000 0.0040 -0.0004
vn 1.0000 -0.0006 0.0006
vn 1.0000 -0.0045 0.0001
vn 1.0000 -0.0069 -0.0018
vn 1.0000 -0.0010 -0.0006
vn 0.7175 -0.2776 0.6388
vn 0.6993 0.3515 0.6225
vn 0.7082 -0.1490 0.6901
vn 0.6972 -0.6379 0.3270
vn 0.7159 -0.5289 -0.4558
vn 0.6679 -0.7375 0.1003
vn 0.7082 0.1490 -0.6901
vn 0.6994 -0.3515 -0.6223
vn 0.6972 0.6379 -0.3271
vn 0.7175 0.2776 -0.6389
vn 0.7159 0.5289 0.4558
vn 0.6678 0.7376 -0.1002
vn 0.0368 -0.5904 0.8063
vn 0.6231 0.2757 0.7320
vn -0.0385 0.6029 0.7969
vn -0.0044 -0.3106 0.9505
vn -0.0437 -0.9682 0.2462
vn -0.0385 -0.6029 -0.7969
vn 0.6229 -0.7617 -0.1781
vn 0.6231 -0.2757 -0.7320
vn 0.0368 0.5904 -0.8063
vn -0.0044 0.3106 -0.9505
vn -0.0437 0.9682 -0.2462
vn 0.6229 0.7617 0.1781
vn 0.7470 -0.3332 0.5753
vn 0.4956 0.4214 0.7595
vn 0.7175 -0.1679 0.6760
vn 0.6962 -0.7168 -0.0380
vn 0.5600 -0.7363 0.3799
vn 0.7160 -0.1175 -0.6881
vn 0.4130 -0.6284 -0.6592
vn 0.6690 0.6405 -0.3770
vn 0.4700 0.3625 -0.8048
vn 0.6991 0.6190 0.3580
vn 0.7039 0.6977 -0.1336
vn 0.0027 0.3244 0.9459
vn -0.0385 0.6030 0.7968
vn -0.0044 -0.3105 0.9506
vn -0.0045 0.3115 -0.9502
vn 0.6131 0.4656 -0.6382
vn 0.6232 -0.2758 -0.7318
vn -0.0386 -0.6018 -0.7977
vn -0.0439 -0.9683 0.2459
vn 0.6229 -0.7618 -0.1781
vn 0.9822 0.1867 -0.0184
vn 0.3368 0.9408 -0.0381
vn 0.9078 0.4180 0.0338
vn 0.7005 -0.7136 -0.0057
vn 0.7125 -0.7008 0.0364
vn -0.1912 -0.9813 -0.0237
vn -0.9063 -0.4220 -0.0234
vn -0.5360 -0.8423 0.0569
vn -0.7758 0.6298 -0.0392
vn -0.9242 0.3794 0.0441
vn 0.0292 0.9991 0.0298
vn -0.7412 0.0447 -0.6698
vn 0.4029 -0.0304 -0.9147
vn -0.7250 -0.1006 -0.6813
vn -0.6679 0.3266 -0.6688
vn -0.6084 0.4691 -0.6401
vn 0.2818 -0.2311 -0.9312
vn -0.4738 0.5576 -0.6816
vn 0.3372 -0.1411 -0.9308
vn -0.7547 0.1908 -0.6277
vn 0.1649 0.7932 -0.5862
vn 0.0004 0.0045 -1.0000
vn -0.1724 -0.3151 -0.9333
vn 0.1420 -0.3134 -0.9389
vn -0.0000 0.0034 -1.0000
vn 0.4869 -0.5766 -0.6561
vn 0.0328 -0.0331 -0.9989
vn -0.4955 0.3946 -0.7738
vn 0.5433 -0.4573 -0.7041
vn 0.3249 -0.6336 -0.7022
vn -0.0005 0.0005 -1.0000
vn 0.0107 -0.0073 -0.9999
vn -0.3649 -0.0179 -0.9309
vn 0.0136 -0.0105 -0.9999
vn 0.0045 -0.0027 -1.0000
vn 0.0336 -0.0085 -0.9994
vn 0.5081 0.0357 -0.8606
vn 0.0093 -0.0045 -0.9999
vn 0.0148 0.0071 -0.9999
vn 0.0222 0.0087 -0.9997
vn -0.0006 -0.0002 -1.0000
vn -0.0003 -0.0003 -1.0000
vn -0.0058 -0.0002 -1.0000
vn 0.0138 0.0043 -0.9999
vn -0.0008 -0.0000 -1.0000
vn 0.0209 0.0115 -0.9997
vn -0.4377 -0.5392 -0.7195
vn -0.2032 -0.5628 -0.8013
vn 0.0115 0.0112 -0.9999
vn 0.0258 0.0545 -0.9982
vn 0.0061 0.0147 -0.9999
vn 0.0001 -0.0003 -1.0000
vn -0.0000 -0.0006 -1.0000
vn -0.0020 0.0032 -1.0000
vn 0.1371 0.5428 -0.8286
vn 0.0542 -0.6153 -0.7864
vn 0.0051 -0.0080 -1.0000
vn 0.3689 -0.4029 -0.8376
vn -0.0001 0.0009 -1.0000
vn -0.0006 0.0011 -1.0000
vn 0.0001 -0.0009 -1.0000
vn 0.0003 -0.0005 -1.0000
vn -0.0013 0.0019 -1.0000
vn -0.0000 -0.0009 -1.0000
vn -0.3394 0.2347 -0.9109
vn 0.5066 -0.4206 -0.7526
vn -0.3724 0.2788 -0.8852
vn 0.5702 -0.2113 -0.7939
vn -0.0086 -0.0016 -1.0000
vn -0.0104 0.0020 -0.9999
vn -0.0007 0.0005 -1.0000
vn -0.0030 0.0005 -1.0000
vn -0.4171 0.1785 -0.8912
vn -0.4543 0.0905 -0.8862
vn -0.0039 -0.0006 -1.0000
vn -0.0017 0.0008 -1.0000
vn -0.4652 -0.0261 -0.8848
vn -0.4119 0.0885 -0.9069
vn -0.0947 -0.1914 -0.9769
vn -0.2905 0.2707 -0.9178
vn 0.3642 0.0970 -0.9263
vn 0.2559 0.2644 -0.9298
vn 0.0319 0.3355 -0.9415
vn -0.3804 -0.7161 -0.5853
vn -0.0016 -0.0008 -1.0000
vn -0.5953 -0.4196 -0.6852
vn -0.0054 -0.0040 -1.0000
vn -0.0605 0.0027 -0.9982
vn 0.0037 -0.0005 -1.0000
vn -0.0052 -0.0095 -0.9999
vn -0.0014 -0.0005 -1.0000
vn -0.5214 -0.5169 -0.6790
vn 0.4038 0.4885 -0.7735
vn 0.0832 0.5469 -0.8330
vn -0.3902 -0.5964 -0.7015
vn 0.0002 0.0009 -1.0000
vn -0.0634 0.6453 -0.7613
vn 0.0924 -0.5490 -0.8307
vn -0.0030 -0.0410 -0.9992
vn -0.0008 -0.0063 -1.0000
vn -0.0089 -0.0183 -0.9998
vn -0.0055 -0.0079 -1.0000
vn 0.0005 0.0011 -1.0000
vn -0.0108 -0.0212 -0.9997
vn 0.0030 -0.0067 -1.0000
vn -0.0003 0.0009 -1.0000
vn -0.3116 0.5057 -0.8045
vn -0.0000 0.0002 -1.0000
vn 0.0109 -0.0126 -0.9999
vn -0.0011 0.0009 -1.0000
vn -0.0011 0.0002 -1.0000
vn -0.0008 0.0011 -1.0000
vn -0.0023 0.0040 -1.0000
vn -0.0020 0.0043 -1.0000
vn 0.0004 -0.0006 -1.0000
vn 0.0005 -0.0014 -1.0000
vn 0.0018 -0.0036 -1.0000
vn 0.0034 -0.0057 -1.0000
vn -0.7201 0.6937 -0.0162
vn -0.7458 0.6657 0.0237
vn 0.2511 0.9679 0.0130
vn 0.4715 0.8809 -0.0424
vn -0.7111 -0.7027 -0.0229
vn -0.7110 -0.7032 -0.0056
vn 0.5535 -0.8329 0.0039
vn 0.5205 -0.8534 0.0278
vn 0.9956 0.0926 -0.0155
vn 0.9751 0.2201 0.0277
vn -0.7762 0.1412 -0.6145
vn -0.7110 0.3086 -0.6318
vn -0.3481 0.3293 -0.8778
vn -0.4225 0.2256 -0.8778
vn -0.4601 0.1328 -0.8779
vn -0.5731 0.0204 -0.8192
vn -0.5009 0.1452 -0.8533
vn -0.1798 0.2782 -0.9435
vn -0.1827 -0.0002 -0.9832
vn 0.1589 -0.1051 -0.9817
vn 0.1936 -0.0504 -0.9798
vn 0.2371 0.1591 -0.9584
vn 0.0941 -0.3084 -0.9466
vn 0.5387 -0.3894 -0.7471
vn 0.6231 -0.2213 -0.7502
vn 0.2948 -0.0144 -0.9555
vn 0.6809 -0.0372 -0.7315
vn 0.6273 0.2535 -0.7364
vn 0.1538 -0.6601 -0.7353
vn -0.4872 0.1671 -0.8571
vn 0.8106 -0.5855 -0.0084
vn 0.1868 -0.9824 0.0049
vn 0.0922 -0.9956 -0.0188
vn 0.9933 0.1151 0.0138
vn 0.9521 0.3043 -0.0304
vn 0.6266 0.7790 0.0249
vn -0.1097 0.9938 0.0168
vn 0.1767 0.9833 -0.0435
vn -0.8130 0.5823 0.0083
vn -0.8030 0.5945 -0.0413
vn -0.9790 -0.2034 0.0132
vn -0.5304 -0.8475 0.0222
vn -0.8285 -0.5577 -0.0494
vn 0.7998 -0.6003 -0.0059
vn 0.6715 -0.7404 0.0300
vn -0.3150 -0.9488 0.0238
vn -0.0945 -0.9950 -0.0322
vn 0.9827 0.1849 0.0079
vn 0.9829 0.1843 0.0051
vn 0.5320 0.8468 0.0027
vn -0.3146 0.9492 0.0095
vn 0.4949 0.8689 -0.0091
vn -0.9426 0.3338 0.0103
vn -0.3456 0.9384 -0.0028
vn -0.8947 -0.4466 0.0051
vn -0.8955 -0.4445 -0.0215
vn -0.9306 0.3660 -0.0047
vn 0.7833 -0.6215 -0.0152
vn 0.9994 0.0259 0.0209
vn 0.4278 -0.9034 0.0309
vn 0.5802 -0.8142 -0.0190
vn 0.3917 0.9199 0.0163
vn 0.9941 0.1082 -0.0123
vn -0.4954 0.8683 0.0258
vn 0.2971 0.9544 -0.0297
vn -0.9968 0.0652 0.0458
vn -0.7661 0.6406 -0.0524
vn -0.5554 -0.8305 0.0423
vn -0.9264 -0.3741 -0.0422
vn -0.2882 -0.9572 -0.0270
vn 0.3607 -0.9327 0.0060
vn -0.5687 -0.8223 0.0206
vn 0.3035 -0.9528 -0.0106
vn 0.9273 -0.3741 0.0134
vn 0.8278 0.5592 0.0449
vn 0.9460 0.3232 -0.0240
vn -0.1901 0.9802 0.0561
vn 0.3097 0.9502 -0.0341
vn -0.9812 0.1898 0.0359
vn -0.5404 0.8412 -0.0169
vn -0.6681 -0.7439 -0.0188
vn -0.9826 0.1858 -0.0079
vn 0.8947 -0.4466 -0.0051
vn 0.6521 -0.7579 0.0180
vn -0.3901 -0.9206 0.0188
vn 0.5558 -0.8311 -0.0180
vn 0.9876 0.1566 0.0079
vn 0.9937 0.1111 -0.0169
vn 0.3785 0.9256 0.0083
vn -0.5104 0.8599 0.0081
vn 0.3416 0.9398 -0.0102
vn -0.9994 0.0317 0.0127
vn -0.5576 0.8301 -0.0096
vn -0.9997 -0.0228 -0.0039
vn -0.4313 -0.9022 -0.0076
vn 0.8088 -0.5866 0.0417
vn -0.0889 -0.9956 0.0293
vn 0.5176 -0.8552 -0.0273
vn 0.9211 0.3879 0.0325
vn 0.9772 -0.2106 -0.0266
vn 0.3428 0.9391 0.0241
vn 0.8113 0.5841 -0.0229
vn -0.9903 0.1354 0.0303
vn -0.4834 0.8751 0.0251
vn -0.6733 0.7386 -0.0317
vn -0.7754 -0.6310 0.0239
vn -0.9808 -0.1909 -0.0398
vn -0.3188 -0.9472 -0.0330
vn 0.0994 0.9947 -0.0278
vn 0.9522 -0.3041 0.0279
vn 0.3668 -0.9298 0.0323
vn 0.7002 -0.7121 -0.0505
vn 0.8723 0.4883 0.0261
vn 0.9575 0.2863 -0.0347
vn 0.0489 0.9983 0.0316
vn 0.2776 0.9602 -0.0320
vn -0.7954 0.6060 0.0095
vn -0.7057 0.7081 -0.0245
vn -0.9899 -0.1417 -0.0031
vn -0.5331 -0.8458 0.0200
vn -0.9817 -0.1898 -0.0159
vn -0.3637 -0.9308 -0.0368
vn 0.9848 -0.1730 0.0165
vn 0.3637 -0.9308 0.0368
vn 0.5331 -0.8458 -0.0200
vn 0.6382 0.7698 0.0120
vn 0.9955 -0.0941 -0.0107
vn -0.3349 0.9421 0.0163
vn 0.5979 0.8015 -0.0058
vn -0.2967 0.9550 -0.0059
vn -0.9616 0.2724 0.0334
vn -0.8943 0.4473 -0.0130
vn -0.7002 -0.7121 0.0505
vn -0.9522 -0.3041 -0.0279
vn -0.3668 -0.9298 -0.0323
vn 0.2273 0.5783 -0.7835
vn -0.3786 0.6838 -0.6238
vn -0.3845 -0.3157 -0.8675
vn -0.6413 -0.4704 -0.6063
vn -0.8663 -0.0949 -0.4905
vn -0.1974 0.9801 -0.0222
vn -0.4116 0.9010 -0.1368
vn -0.6237 0.6793 -0.3867
vn -0.8830 0.4437 -0.1528
vn -0.8966 -0.1391 -0.4205
vn -0.7460 -0.6537 0.1270
vn -0.6470 -0.6709 -0.3625
vn -0.6178 -0.7856 -0.0336
vn -0.7098 -0.7026 -0.0501
vn -0.9964 0.0696 -0.0486
vn -0.8167 -0.4178 -0.3979
vn -0.8013 0.5005 -0.3278
vn -0.6531 0.7523 -0.0871
vn -0.3655 0.8727 -0.3238
vn -0.0098 0.9997 -0.0240
vn 0.1567 0.9416 -0.2979
vn 0.1232 0.9267 -0.3552
vn -0.2323 0.9717 -0.0439
vn -0.9432 -0.0655 -0.3257
vn -0.5067 -0.8165 -0.2768
vn -0.5487 0.0556 -0.8342
vn -0.7268 0.3397 -0.5970
vn -0.3767 -0.2074 -0.9028
vn -0.4380 -0.5859 -0.6818
vn -0.5467 0.7782 -0.3091
vn -0.8576 0.4403 -0.2657
vn -0.9334 0.3580 0.0232
vn -0.0354 0.6199 -0.7839
vn -0.4763 0.2845 -0.8320
vn -0.7426 -0.0984 -0.6624
vn -0.1023 0.1913 -0.9762
vn -0.9343 -0.2865 -0.2121
vn -0.4411 -0.8715 -0.2141
vn -0.6367 -0.7700 -0.0415
vn -0.3109 -0.9082 -0.2801
vn -0.5016 -0.8625 -0.0672
vn -0.7466 -0.5574 -0.3631
vn -0.9933 -0.0580 -0.1001
vn -0.9649 -0.0736 -0.2523
vn -0.8409 0.3151 -0.4400
vn -0.6758 0.5641 -0.4745
vn -0.5272 0.8362 -0.1514
vn -0.6628 0.7295 -0.1688
vn -0.3388 0.9053 -0.2561
vn -0.5763 0.8173 0.0012
vn -0.2751 -0.2993 -0.9136
vn -0.3986 -0.6347 -0.6620
vn -0.9971 0.0597 0.0467
vn -0.8676 0.4425 -0.2268
vn -0.9448 -0.2540 -0.2071
vn -0.4174 0.5995 -0.6829
vn -0.3683 0.1592 -0.9160
vn -0.7210 -0.1671 -0.6724
vn -0.6722 -0.7403 0.0060
vn -0.6024 -0.7166 -0.3515
vn -0.2465 -0.9546 -0.1670
vn 0.0858 -0.9962 0.0120
vn 0.1320 -0.9715 -0.1968
vn 0.0169 -0.9989 -0.0429
vn 0.1241 -0.9421 -0.3114
vn -0.4160 -0.8378 -0.3536
vn -0.6674 -0.7391 -0.0909
vn -0.9957 -0.0595 -0.0708
vn -0.7339 -0.5695 -0.3702
vn -0.8500 -0.3283 -0.4120
vn -0.9008 0.1978 -0.3866
vn -0.7683 0.4790 -0.4246
vn -0.7097 0.7029 -0.0475
vn -0.4838 0.8056 -0.3421
vn -0.4970 0.7907 -0.3573
vn -0.7314 0.6819 -0.0056
vn -0.1851 -0.2017 -0.9618
vn -0.2571 -0.6899 -0.6767
vn 0.1301 -0.8096 -0.5723
vn 0.0136 -0.4552 -0.8903
vn -0.9318 0.3408 -0.1251
vn -0.9774 -0.2082 -0.0371
vn -0.9195 -0.3675 -0.1395
vn -0.6754 -0.6182 -0.4020
vn -0.3906 -0.9025 -0.1814
vn -0.3857 0.2564 -0.8863
vn -0.7238 0.4667 -0.5083
vn -0.8562 -0.1733 -0.4866
vn -0.5865 -0.1262 -0.8000
vn 0.1069 -0.9386 -0.3282
vn 0.5716 -0.8204 -0.0177
vn 0.4826 -0.8417 -0.2424
vn 0.7961 -0.5418 -0.2696
vn 0.7017 -0.7113 -0.0397
vn -0.0599 -0.9956 -0.0714
vn 0.4133 -0.8606 -0.2976
vn -0.3666 -0.8840 -0.2901
vn -0.6055 -0.6941 -0.3895
vn -0.7391 -0.6675 -0.0905
vn -0.8409 -0.3767 -0.3886
vn -0.9993 0.0017 -0.0364
vn -0.9339 0.1202 -0.3366
vn -0.9137 0.2239 -0.3392
vn -0.9989 0.0448 0.0114
vn 0.2175 -0.9407 -0.2604
vn 0.8149 -0.4946 -0.3021
vn -0.0554 -0.5483 -0.8344
vn -0.3408 -0.7268 -0.5964
vn 0.1632 -0.3321 -0.9290
vn 0.4884 -0.5735 -0.6577
vn -0.9293 -0.2102 -0.3038
vn -0.6360 -0.7715 0.0173
vn -0.7466 -0.5623 -0.3555
vn -0.3296 -0.9058 -0.2662
vn -0.1164 -0.9860 -0.1195
vn 0.3291 -0.9343 -0.1371
vn -0.6431 -0.0284 -0.7652
vn -0.3326 -0.5807 -0.7431
vn -0.2403 -0.1855 -0.9528
vn 0.7937 -0.4962 -0.3519
vn 0.9103 -0.1106 -0.3990
vn 0.9985 0.0448 -0.0303
vn 0.9170 0.2697 -0.2940
vn 0.9994 0.0019 -0.0356
vn 0.7394 -0.6670 -0.0912
vn 0.8331 -0.4011 -0.3809
vn 0.0596 -0.9957 -0.0710
vn 0.5520 -0.7209 -0.4191
vn 0.3113 -0.8725 -0.3765
vn -0.1723 -0.9335 -0.3144
vn -0.4790 -0.7683 -0.4246
vn -0.7011 -0.7114 -0.0479
vn -0.8079 -0.4843 -0.3358
vn -0.7899 -0.4632 -0.4019
vn -0.6649 -0.7454 -0.0466
vn 0.9318 0.1025 -0.3482
vn 0.3406 -0.7329 -0.5890
vn 0.2531 -0.3059 -0.9178
vn 0.5233 0.1153 -0.8443
vn 0.4475 -0.1425 -0.8829
vn -0.4873 -0.7915 -0.3688
vn -0.1457 -0.9351 -0.3232
vn 0.1644 -0.9863 0.0104
vn 0.4257 -0.8910 -0.1581
vn 0.6309 -0.6800 -0.3735
vn 0.8738 -0.3718 -0.3135
vn -0.3942 -0.4130 -0.8210
vn 0.1861 -0.7000 -0.6894
vn -0.0178 -0.3048 -0.9523
vn 0.9427 0.1483 -0.2989
vn 0.8159 0.5774 -0.0310
vn 0.6866 0.5704 -0.4507
vn 0.4608 0.8408 -0.2842
vn 0.7120 0.7010 -0.0401
vn 0.9964 -0.0696 -0.0485
vn 0.8101 0.4404 -0.3871
vn 0.7606 -0.5211 -0.3873
vn 0.6530 -0.7523 -0.0871
vn 0.3775 -0.8544 -0.3571
vn 0.0011 -0.9996 -0.0270
vn -0.1041 -0.9408 -0.3225
vn -0.1385 -0.9212 -0.3636
vn 0.2214 -0.9739 -0.0495
vn 0.9274 0.0476 -0.3710
vn 0.4952 0.7948 -0.3508
vn 0.6486 -0.0999 -0.7545
vn 0.4131 0.4563 -0.7881
vn 0.2781 0.0466 -0.9594
vn 0.5290 -0.7884 -0.3139
vn 0.8930 -0.4309 -0.1297
vn 0.9074 -0.4202 -0.0004
vn 0.0914 -0.6126 -0.7851
vn 0.6709 -0.3840 -0.6344
vn 0.5295 -0.0684 -0.8455
vn 0.1294 -0.1931 -0.9726
vn 0.8915 0.4517 -0.0350
vn 0.2637 0.9640 -0.0338
vn 0.4702 0.8651 -0.1748
vn 0.8990 0.2274 -0.3742
vn 0.3232 0.8262 -0.4615
vn 0.7542 0.6539 -0.0592
vn 0.7758 0.5319 -0.3394
vn 0.9069 0.0875 -0.4121
vn 0.9642 -0.2266 -0.1374
vn 0.8826 -0.2987 -0.3630
vn 0.6865 -0.6367 -0.3512
vn 0.5059 -0.8511 -0.1407
vn 0.9620 -0.2306 -0.1462
vn 0.3941 -0.8604 -0.3232
vn 0.5862 -0.8102 0.0056
vn 0.2910 0.3210 -0.9013
vn 0.4056 0.6364 -0.6561
vn 0.9975 0.0180 0.0677
vn 0.8302 -0.4073 -0.3806
vn 0.9361 0.0689 -0.3449
vn 0.2885 -0.4629 -0.8381
vn 0.3158 0.0795 -0.9455
vn 0.6419 0.2562 -0.7228
vn 0.7790 0.5706 -0.2600
vn 0.5938 0.8046 0.0069
vn 0.3077 0.8803 -0.3612
vn -0.0748 0.9970 -0.0189
vn -0.1391 0.9762 -0.1662
vn -0.0062 0.9994 -0.0329
vn 0.6674 0.7392 -0.0909
vn 0.3805 0.8281 -0.4116
vn 0.9957 0.0595 -0.0709
vn 0.7565 0.5646 -0.3301
vn 0.8669 0.3163 -0.3853
vn 0.9286 -0.1775 -0.3260
vn 0.7684 -0.4792 -0.4241
vn 0.7114 -0.7011 -0.0478
vn 0.4844 -0.8079 -0.3357
vn 0.4632 -0.7899 -0.4019
vn 0.7467 -0.6637 -0.0445
vn -0.1266 0.9408 -0.3144
vn 0.1203 0.5101 -0.8516
vn -0.1101 0.8035 -0.5850
vn 0.7915 -0.4873 -0.3688
vn 0.9359 -0.1450 -0.3210
vn 0.9844 0.1753 -0.0151
vn 0.8903 0.4245 -0.1649
vn 0.6756 0.6246 -0.3918
vn 0.3843 0.8714 -0.3050
vn 0.4130 -0.3942 -0.8210
vn 0.7007 0.1858 -0.6889
vn 0.3004 -0.0207 -0.9536
vn -0.2036 0.9336 -0.2949
vn -0.6820 0.7299 -0.0460
vn -0.5653 0.7092 -0.4213
vn -0.8410 0.4508 -0.2992
vn -0.7032 0.7094 -0.0470
vn 0.0599 0.9956 -0.0714
vn -0.4110 0.8413 -0.3512
vn 0.2814 0.8985 -0.3369
vn 0.6537 0.6902 -0.3102
vn 0.7391 0.6675 -0.0905
vn 0.8360 0.4039 -0.3714
vn 0.9997 -0.0198 -0.0175
vn 0.9439 -0.0034 -0.3301
vn 0.9087 -0.3103 -0.2791
vn 0.9997 0.0156 -0.0178
vn -0.1611 0.9275 -0.3373
vn -0.7997 0.4904 -0.3464
vn 0.1004 0.6484 -0.7547
vn -0.4553 0.4192 -0.7855
vn -0.0448 0.2840 -0.9578
vn 0.9789 0.1442 -0.1448
vn 0.7701 0.5422 -0.3362
vn 0.5605 0.8282 0.0003
vn 0.3374 0.8944 -0.2936
vn 0.0343 0.9206 -0.3890
vn -0.3419 0.9227 -0.1783
vn 0.8159 0.0230 -0.5778
vn 0.5439 0.0010 -0.8392
vn 0.3265 0.5229 -0.7874
vn 0.2156 0.1300 -0.9678
vn -0.7550 0.5593 -0.3422
vn -0.9963 0.0836 -0.0171
vn -0.9338 0.3110 -0.1771
vn -0.9255 -0.0699 -0.3721
vn -0.9995 0.0023 -0.0325
vn -0.7395 0.6670 -0.0911
vn -0.8342 0.4162 -0.3617
vn -0.0596 0.9957 -0.0710
vn -0.5679 0.7349 -0.3707
vn -0.3223 0.8455 -0.4257
vn 0.1954 0.9067 -0.3738
vn 0.4789 0.7684 -0.4246
vn 0.7026 0.7100 -0.0468
vn 0.8055 0.4839 -0.3420
vn 0.8011 0.4977 -0.3325
vn 0.6806 0.7327 -0.0049
vn -0.9490 -0.1236 -0.2901
vn -0.3211 0.3062 -0.8962
vn -0.2767 0.7400 -0.6131
vn -0.6327 0.0109 -0.7743
vn 0.3418 0.9310 -0.1284
vn 0.4296 0.4721 -0.7698
vn 0.4581 0.7421 -0.4893
vn -0.1761 0.8573 -0.4837
vn -0.1331 0.6382 -0.7583
vn 0.0392 0.3034 -0.9521
vn -0.0112 0.3763 -0.9264
vn 0.0005 0.0194 -0.9998
vn -0.3270 0.0732 -0.9422
vn 0.3187 0.1286 -0.9391
vn -0.2599 0.7352 -0.6261
vn 0.2431 0.7092 -0.6617
vn 0.8362 -0.1015 -0.5389
vn 0.3013 0.5948 -0.7453
vn -0.1144 0.4634 -0.8787
vn -0.2505 0.2496 -0.9354
vn 0.3246 0.5526 -0.7676
vn 0.2865 0.2816 -0.9158
vn 0.5835 0.2903 -0.7585
vn 0.3435 -0.1708 -0.9235
vn 0.6842 0.5333 -0.4974
vn 0.1529 0.3305 -0.9313
vn -0.3143 0.8226 -0.4738
vn -0.3653 0.4617 -0.8083
vn -0.2806 0.2645 -0.9227
vn -0.2962 -0.1829 -0.9374
vn -0.3773 0.3773 -0.8457
vn -0.7106 0.3201 -0.6265
vn 0.5037 -0.6415 -0.5786
vn 0.6293 0.1988 -0.7513
vn 0.2264 0.3267 -0.9176
vn -0.1676 0.4988 -0.8504
vn 0.0154 0.0498 -0.9986
vn 0.6888 0.3279 -0.6466
vn 0.6864 0.0640 -0.7244
vn 0.7263 -0.1910 -0.6603
vn 0.2628 0.2219 -0.9390
vn 0.0598 0.2455 -0.9675
vn 0.2859 -0.5672 -0.7724
vn 0.4386 0.6312 -0.6397
vn 0.4168 -0.1864 -0.8897
vn 0.6179 0.1233 -0.7765
vn -0.0538 -0.5213 -0.8517
vn 0.1878 -0.7693 -0.6107
vn 0.4814 -0.3804 -0.7897
vn 0.7895 -0.3249 -0.5206
vn 0.3695 0.1041 -0.9234
vn 0.2408 0.2915 -0.9258
vn 0.0179 -0.0108 -0.9998
vn 0.2584 -0.3022 -0.9176
vn -0.1367 -0.3178 -0.9383
vn 0.2740 -0.7153 -0.6428
vn -0.6409 -0.5024 -0.5804
vn 0.1694 -0.6533 -0.7379
vn 0.2920 -0.7888 -0.5409
vn 0.3523 -0.0531 -0.9344
vn -0.3188 -0.1127 -0.9411
vn -0.0032 -0.0474 -0.9989
vn -0.3088 -0.8231 -0.4765
vn 0.0219 -0.7140 -0.6999
vn -0.8596 0.1167 -0.4975
vn -0.0475 -0.6169 -0.7856
vn 0.4584 -0.4421 -0.7710
vn 0.1056 -0.1297 -0.9859
vn -0.2579 -0.7258 -0.6377
vn -0.4277 -0.5034 -0.7507
vn -0.2701 -0.2528 -0.9291
vn -0.3144 0.1488 -0.9376
vn -0.7989 -0.3358 -0.4990
vn -0.0993 0.6353 -0.7659
vn -0.4405 0.6566 -0.6122
vn -0.5655 0.0798 -0.8209
vn -0.7511 0.2302 -0.6187
vn -0.0591 0.0172 -0.9981
vn -0.0277 -0.0243 -0.9993
vn -0.2533 0.2777 -0.9267
vn -0.7081 -0.2877 -0.6449
vn -0.7300 -0.0153 -0.6833
vn -0.1671 0.6671 -0.7260
vn -0.3044 -0.5264 -0.7939
vn -0.8874 0.4311 -0.1631
vn -0.4644 -0.1924 -0.8645
vn -0.5817 0.8114 -0.0568
vn -0.4718 -0.3610 -0.8044
vn 0.1731 -0.5003 -0.8483
vn -0.3411 -0.8175 -0.4640
vn 0.0066 -0.6887 -0.7251
vn 0.2644 -0.8746 -0.4065
vn 0.9551 -0.2892 -0.0640
vn 0.8196 -0.4198 -0.3899
vn 0.6586 -0.0639 -0.7497
vn 0.8944 0.1763 -0.4111
vn 0.9331 0.3436 -0.1063
vn 0.6203 0.5464 -0.5628
vn 0.7726 0.4925 -0.4007
vn 0.6100 0.6665 -0.4286
vn 0.5308 0.8467 -0.0355
vn 0.2732 0.6519 -0.7074
vn 0.0433 0.5379 -0.8419
vn -0.1557 0.8678 -0.4719
vn 0.0066 0.6648 -0.7470
vn -0.1816 0.5612 -0.8075
vn 0.1785 0.6245 -0.7604
vn 0.2418 0.8390 -0.4874
vn -0.1838 -0.9795 -0.0827
vn -0.3179 -0.8419 -0.4361
vn -0.3374 -0.8168 0.4679
vn -0.8124 -0.5823 0.0322
vn -0.6499 -0.6497 0.3944
vn -0.5238 -0.8514 -0.0269
vn -0.2968 -0.9515 0.0809
vn -0.1131 -0.8898 0.4421
vn 0.0628 -0.9978 0.0216
vn 0.0869 -0.9896 0.1151
vn 0.2391 -0.8763 0.4183
vn 0.4825 -0.8752 -0.0346
vn 0.6733 -0.7375 0.0531
vn 0.7008 -0.5519 0.4520
vn 0.9007 -0.4155 0.1271
vn 0.8869 -0.2307 0.4003
vn 0.9987 -0.0485 -0.0164
vn 0.8949 -0.0139 0.4461
vn 0.9736 0.1954 0.1183
vn 0.8541 0.3252 0.4059
vn 0.7284 0.5110 0.4565
vn 0.4825 0.5442 0.6864
vn 0.3790 0.6270 0.6806
vn 0.3627 0.9312 0.0363
vn 0.2212 0.6796 0.6994
vn 0.1458 0.9893 0.0063
vn 0.1115 0.8809 0.4600
vn -0.0690 0.9969 0.0382
vn -0.1033 0.9866 0.1266
vn -0.2592 0.9658 0.0057
vn -0.2424 0.8597 0.4495
vn 0.2422 0.8408 0.4842
vn 0.1697 0.7964 0.5805
vn 0.1813 0.6228 0.7611
vn 0.6763 0.3540 0.6460
vn 0.7840 -0.1115 0.6107
vn 0.2146 -0.5176 0.8283
vn 0.3593 -0.5808 0.7305
vn 0.0296 -0.0355 0.9989
vn -0.3466 -0.4357 0.8307
vn -0.3283 -0.6051 0.7253
vn -0.0113 -0.0375 0.9992
vn -0.0921 -0.1940 0.9767
vn -0.0501 -0.0287 0.9983
vn -0.3890 -0.7121 0.5844
vn -0.4862 0.5480 0.6806
vn -0.6184 0.4551 0.6407
vn -0.6746 0.3109 0.6695
vn -0.7191 0.1776 0.6718
vn -0.7698 0.0405 0.6371
vn -0.7262 -0.1164 0.6775
vn 0.2328 0.7388 0.6325
vn -0.0013 1.0000 -0.0065
vn 0.0013 1.0000 0.0065
vn -0.2546 0.7450 0.6166
vn -0.2735 0.5831 0.7650
vn -0.5736 0.3206 0.7537
vn -0.7431 0.2628 0.6155
vn -0.6809 0.0531 0.7304
vn -0.6943 -0.1971 0.6922
vn -0.8081 -0.3866 0.4445
vn -0.7656 -0.6301 0.1301
vn -0.2802 -0.7100 0.6460
vn -0.2915 -0.8060 0.5151
vn -0.0743 -0.9969 -0.0264
vn 0.0747 -0.9968 0.0270
vn 0.3009 -0.8266 0.4756
vn 0.2967 -0.6707 0.6798
vn 0.4240 -0.5062 0.7510
vn 0.7582 -0.6437 -0.1037
vn 0.6202 -0.3386 0.7076
vn 0.7026 -0.1882 0.6862
vn 0.7212 -0.0081 0.6927
vn 0.7491 0.2298 0.6213
vn 0.7029 0.3005 0.6447
vn 0.3773 0.3774 0.8457
vn 0.2878 0.8302 0.4774
vn -0.0119 -0.0068 0.9999
vn -0.3678 0.0742 0.9269
vn -0.2533 0.2824 0.9252
vn -0.3945 -0.0276 0.9185
vn -0.2729 -0.2510 0.9287
vn 0.1570 -0.3057 0.9391
vn 0.2503 -0.1745 0.9523
vn -0.2273 0.3097 0.9233
vn -0.2748 0.1965 0.9412
vn -0.0274 -0.1359 0.9903
vn -0.0551 0.2538 0.9657
vn 0.2465 0.2606 0.9335
vn -0.0362 0.4026 0.9147
vn -0.2484 0.2634 0.9322
vn -0.3519 -0.1801 0.9185
vn -0.1743 -0.2502 0.9524
vn 0.3351 0.0859 0.9383
vn -0.0011 0.0150 0.9999
vn -0.3459 0.1215 0.9304
vn -0.0074 0.3548 0.9349
vn -0.2687 0.1455 0.9522
vn 0.2287 0.3007 0.9259
vn 0.3100 -0.1832 0.9329
vn 0.2621 0.2628 0.9286
vn -0.1732 0.3088 0.9352
vn 0.2983 -0.2146 0.9300
vn -0.0334 0.3637 0.9309
vn 0.0354 0.1198 0.9922
vn 0.3267 0.1595 0.9316
vn 0.0515 0.0468 0.9976
vn -0.0808 -0.1575 0.9842
vn 0.2655 -0.2530 0.9303
vn 0.3124 0.1603 0.9363
vn -0.1841 -0.2997 0.9361
vn 0.3637 0.0335 0.9309
vn -0.3531 -0.0893 0.9313
vn -0.3455 -0.0408 0.9375
vn -0.0009 -0.3701 0.9290
vn 0.2812 -0.1931 0.9400
vn 0.3259 -0.0978 0.9403
vn 0.0030 -0.0479 0.9988
vn 0.5209 -0.0236 0.8533
vn 0.3690 0.4583 0.8086
vn -0.6848 0.5389 0.4905
vn -0.4207 0.4527 0.7861
vn 0.7758 -0.1126 0.6209
vn 0.9395 -0.1121 0.3238
vn 0.8307 0.4210 0.3643
vn 0.2942 0.8537 0.4296
vn -0.1916 0.9102 0.3672
vn -0.8037 0.4906 0.3366
vn -0.8075 0.4637 0.3645
vn 0.9583 -0.1275 0.2558
vn -0.4768 0.7612 0.4396
vn 0.5406 0.7375 0.4049
vn -0.5044 0.7976 0.3308
vn 0.2146 0.7611 0.6121
vn -0.1496 0.9399 0.3070
vn 0.4366 0.8951 0.0906
vn -0.7380 0.6747 -0.0064
vn 0.0771 0.9965 -0.0331
vn 0.6196 0.6886 0.3767
vn 0.5963 0.4748 0.6473
vn 0.8551 0.4054 0.3231
vn 0.5308 0.0959 0.8420
vn 0.9995 -0.0056 0.0309
vn 0.9996 0.0152 -0.0225
vn 0.7394 0.6670 0.0911
vn 0.0596 0.9957 0.0710
vn -0.7035 0.7091 0.0483
vn 0.7233 0.6699 0.1676
vn 0.3158 0.7855 0.5322
vn 0.7280 0.3478 0.5909
vn 0.2697 0.4626 0.8446
vn 0.9301 0.3083 0.1995
vn -0.5027 0.8642 -0.0195
vn -0.2642 0.9319 0.2484
vn -0.0440 0.9103 0.4116
vn 0.0654 0.6100 0.7897
vn 0.5559 0.1317 0.8208
vn 0.8485 -0.3839 0.3643
vn 0.9279 -0.0496 0.3695
vn 0.4420 -0.6306 0.6379
vn 0.5926 -0.7733 0.2254
vn 0.7276 -0.6857 0.0203
vn 0.7078 -0.7049 0.0460
vn 0.9964 0.0696 0.0486
vn 0.7952 -0.4473 0.4093
vn 0.8094 0.4678 0.3550
vn 0.6530 0.7523 0.0872
vn 0.4031 0.8602 0.3123
vn -0.0008 0.9995 0.0311
vn -0.1063 0.9486 0.2980
vn -0.1363 0.9269 0.3495
vn 0.1539 0.9879 0.0171
vn 0.9279 -0.0915 0.3614
vn 0.4840 -0.7886 0.3792
vn -0.3005 0.6192 0.7255
vn -0.9439 0.2464 0.2197
vn -0.6919 0.1139 0.7130
vn -0.7153 0.6417 0.2768
vn -0.8978 -0.1997 0.3925
vn -0.9926 0.1175 0.0307
vn 0.1177 0.4624 0.8788
vn -0.3349 0.5645 0.7544
vn -0.8704 -0.1175 0.4781
vn 0.5844 0.5513 0.5954
vn 0.8089 0.4890 0.3265
vn 0.1486 0.9291 0.3387
vn -0.2888 0.8956 0.3383
vn -0.8388 0.4090 0.3593
vn -0.9341 -0.1217 0.3357
vn 0.7811 0.5890 0.2071
vn -0.6525 0.6938 0.3047
vn 0.3932 0.8453 0.3619
vn 0.3617 0.3376 0.8690
vn 0.7052 0.7076 0.0458
vn 0.7019 0.7122 -0.0103
vn -0.0599 0.9956 0.0714
vn -0.7391 0.6675 0.0904
vn -0.9994 0.0027 0.0335
vn 0.1178 0.9096 0.3984
vn 0.4439 0.8734 0.2004
vn -0.3331 0.8272 0.4525
vn -0.1044 0.5457 0.8314
vn -0.9915 0.1259 0.0328
vn -0.8477 0.3424 0.4051
vn -0.7253 0.6057 0.3272
vn -0.4145 0.4787 0.7740
vn -0.5365 0.6394 0.5508
vn -0.4832 0.0990 0.8699
vn -0.7332 -0.3305 0.5944
vn -0.3816 -0.5386 0.7512
vn -0.9326 -0.3110 0.1834
vn -0.6296 -0.7383 0.2420
vn -0.7222 -0.6916 -0.0046
vn 0.0340 0.9991 0.0258
vn 0.0830 0.9965 0.0017
vn 0.2913 0.9169 0.2730
vn 0.0167 0.9350 0.3543
vn -0.3833 0.8361 0.3924
vn -0.6674 0.7391 0.0909
vn -0.9957 0.0595 0.0709
vn -0.7285 0.5894 0.3491
vn -0.8431 0.3277 0.4264
vn -0.9397 -0.1338 0.3147
vn -0.7922 -0.4571 0.4043
vn -0.7074 -0.7052 0.0476
vn -0.5322 -0.7706 0.3506
vn 0.1043 0.6340 0.7663
vn 0.1895 0.2329 0.9539
vn 0.0072 0.6263 0.7795
vn 0.5619 0.0722 0.8240
vn 0.4485 0.6494 0.6141
vn 0.4395 0.8182 0.3706
vn 0.7128 0.6781 0.1790
vn 0.9673 0.2469 -0.0571
vn 0.9122 0.2083 0.3530
vn 0.5460 0.4218 0.7239
vn 0.6789 -0.1531 0.7181
vn 0.4612 -0.8652 0.1970
vn 0.9272 -0.3159 0.2015
vn 0.4076 -0.6780 0.6117
vn 0.2686 -0.3065 0.9132
vn 0.5765 -0.8163 0.0367
vn 0.2682 -0.8889 0.3713
vn 0.7620 -0.6397 0.1008
vn 0.7599 -0.5958 0.2601
vn 0.8991 -0.0590 0.4337
vn 0.8475 0.5147 0.1296
vn 0.9072 0.1956 0.3724
vn 0.6834 0.6611 0.3097
vn 0.4817 0.7252 0.4920
vn 0.2416 0.9636 0.1145
vn 0.3025 -0.5272 0.7941
vn 0.4646 -0.1919 0.8645
vn 0.3751 0.6306 0.6794
vn 0.3093 0.5107 0.8022
vn 0.2391 0.9534 0.1841
vn 0.2397 -0.0465 0.9697
vn 0.8646 0.5006 -0.0425
vn 0.8315 -0.5556 0.0032
vn 0.9540 0.1207 0.2744
vn 0.9215 -0.2525 0.2950
vn 0.6635 0.6312 0.4017
vn 0.6443 0.0640 0.7621
vn 0.5416 -0.4417 0.7152
vn 0.6784 -0.6413 0.3585
vn 0.3633 -0.9061 0.2169
vn -0.1453 -0.9577 0.2486
vn -0.0453 -0.7681 0.6387
vn 0.0362 -0.4259 0.9040
vn -0.0096 -1.0000 0.0018
vn -0.0387 -0.5296 0.8474
vn 0.2645 -0.5446 0.7959
vn 0.5389 0.6848 0.4905
vn 0.6334 -0.2061 0.7459
vn 0.4527 0.4207 0.7862
vn -0.0923 -0.9470 0.3078
vn 0.3789 -0.8527 0.3596
vn 0.7663 -0.5858 0.2639
vn 0.9335 0.1698 0.3158
vn 0.4906 0.8038 0.3366
vn 0.4637 0.8076 0.3644
vn 0.7612 0.4768 0.4396
vn 0.8651 -0.2645 0.4261
vn -0.0030 -0.9995 0.0328
vn 0.6674 -0.7392 0.0909
vn 0.9957 -0.0595 0.0709
vn 0.7091 0.7035 0.0482
vn 0.6783 0.7348 -0.0084
vn 0.7996 0.5031 0.3279
vn 0.7617 -0.2145 0.6114
vn 0.9402 0.1565 0.3025
vn 0.8927 -0.4339 0.1217
vn 0.9942 -0.1075 0.0065
vn 0.6821 -0.6139 0.3973
vn 0.4150 -0.4952 0.7633
vn 0.4050 -0.8570 0.3186
vn 0.0880 -0.5569 0.8259
vn 0.1327 -0.5570 0.8198
vn -0.3849 -0.8473 0.3660
vn -0.0482 -0.9271 0.3718
vn -0.6190 -0.5037 0.6025
vn -0.7857 -0.5902 0.1854
vn -0.6878 -0.7256 0.0217
vn -0.4569 -0.4381 0.7741
vn 0.8810 0.1186 0.4579
vn 0.0444 -0.6159 0.7866
vn 0.6336 0.0139 0.7735
vn -0.8205 -0.4966 0.2832
vn -0.2063 -0.9429 0.2614
vn 0.5952 -0.7136 0.3695
vn 0.8405 -0.3870 0.3791
vn 0.9329 0.1211 0.3391
vn 0.8968 0.2448 0.3687
vn 0.3844 -0.8734 0.2991
vn -0.3977 -0.8649 0.3063
vn -0.7049 -0.7078 0.0460
vn 0.0599 -0.9956 0.0715
vn 0.7391 -0.6675 0.0905
vn 0.9993 0.0022 0.0360
vn 0.9999 -0.0001 0.0148
vn 0.7929 -0.4676 0.3907
vn 0.9428 -0.1221 0.3103
vn 0.3637 -0.9236 0.1209
vn 0.3363 -0.6957 0.6347
vn 0.6427 -0.7659 -0.0146
vn 0.0464 -0.9177 0.3944
vn -0.0591 -0.6211 0.7815
vn -0.3906 -0.9010 0.1887
vn -0.3517 -0.4158 0.8387
vn -0.3023 -0.4019 0.8643
vn -0.3153 -0.7837 0.5352
vn -0.7413 -0.3751 0.5566
vn -0.9759 0.0941 0.1968
vn -0.8876 -0.4232 0.1816
vn -0.7829 0.1167 0.6111
vn -0.9974 0.0707 -0.0111
vn -0.1710 -0.6525 0.7383
vn -0.9354 0.1030 0.3383
vn -0.8280 -0.4056 0.3872
vn -0.5263 -0.7213 0.4504
vn 0.1637 -0.9387 0.3032
vn 0.7885 -0.5071 0.3482
vn 0.5509 -0.4002 0.7323
vn 0.7471 -0.6322 0.2053
vn 0.4768 -0.7612 0.4396
vn -0.2589 -0.8726 0.4143
vn -0.9994 0.0056 0.0330
vn -0.7394 -0.6670 0.0911
vn -0.0596 -0.9957 0.0710
vn 0.7051 -0.7075 0.0474
vn 0.6931 -0.7209 -0.0050
vn 0.3308 -0.7330 0.5944
vn -0.0805 -0.4929 0.8664
vn -0.3256 -0.8670 0.3771
vn 0.3072 -0.9322 0.1914
vn -0.1090 -0.9938 0.0213
vn -0.6055 -0.7277 0.3223
vn -0.4761 -0.4105 0.7777
vn -0.8390 -0.3462 0.4198
vn -0.5460 -0.1106 0.8304
vn -0.6393 -0.5365 0.5508
vn -0.5840 0.5452 0.6014
vn -0.9100 0.1179 0.3974
vn -0.3744 0.3656 0.8522
vn -0.5892 0.7842 0.1947
vn -0.8747 0.4426 0.1976
vn -0.7102 0.7039 -0.0093
vn -0.7073 0.7053 0.0466
vn -0.9964 -0.0696 0.0485
vn -0.7863 0.4664 0.4051
vn -0.7680 -0.4891 0.4135
vn -0.6530 -0.7523 0.0872
vn -0.4145 -0.8420 0.3452
vn -0.0079 -0.9996 0.0282
vn 0.0650 -0.9438 0.3239
vn 0.1465 -0.9220 0.3585
vn -0.1244 -0.9911 0.0466
vn -0.9114 0.0734 0.4049
vn -0.4580 0.8060 0.3751
vn -0.0380 0.4000 0.9157
vn -0.0548 0.5725 0.8181
vn -0.6284 0.2035 0.7508
vn 0.0833 0.7672 0.6359
vn -0.3290 0.0158 0.9442
vn -0.6736 0.7390 0.0099
vn -0.9987 0.0274 0.0435
vn -0.8773 0.3652 0.3115
vn -0.6751 0.7117 0.1942
vn -0.1462 0.9629 0.2267
vn -0.4041 0.7077 0.5795
vn -0.5750 0.3449 0.7419
vn -0.8589 -0.2616 0.4402
vn -0.3444 -0.8746 0.3413
vn -0.3508 -0.4859 0.8005
vn -0.7221 -0.6889 0.0630
vn -0.2014 -0.9739 0.1051
vn -0.6553 0.7539 0.0477
vn -0.3490 0.9000 0.2610
vn -0.3123 0.8806 0.3563
vn -0.5016 0.8625 0.0672
vn -0.7159 0.5420 0.4402
vn -0.9951 0.0689 0.0707
vn -0.9415 0.1314 0.3104
vn -0.8429 -0.2994 0.4470
vn -0.7255 -0.6030 0.3319
vn -0.6655 -0.7350 0.1295
vn -0.4839 -0.7585 0.4365
vn -0.6173 0.1271 0.7764
vn -0.4379 0.6318 0.6396
vn -0.3330 -0.6161 0.7138
vn -0.4150 -0.1837 0.8911
vn -0.3636 0.6269 0.6890
vn -0.3013 0.3090 0.9021
vn -0.1058 -0.2352 0.9662
vn -0.4635 -0.3927 0.7944
vn 0.0512 -0.5209 0.8521
vn -0.1914 -0.7680 0.6112
vn 0.0024 -0.6334 0.7738
vn -0.8894 0.2435 0.3870
vn -0.9174 -0.3949 -0.0491
vn -0.9206 -0.2601 0.2914
vn -0.4450 -0.8119 0.3778
vn -0.6914 -0.6824 0.2372
vn -0.5506 -0.2060 0.8090
vn 0.3755 -0.0737 0.9239
vn 0.4225 0.0121 0.9063
vn 0.4294 0.1323 0.8934
vn 0.3625 -0.1613 0.9179
vn 0.2927 -0.2263 0.9290
vn 0.2175 -0.3137 0.9243
vn 0.0407 -0.3678 0.9290
vn 0.0041 0.0141 0.9999
vn 0.0003 0.0059 1.0000
vn 0.0143 -0.0078 0.9999
vn 0.0215 -0.0175 0.9996
vn 0.0001 0.0006 1.0000
vn -0.0001 0.0009 1.0000
vn 0.0005 -0.0537 0.9986
vn 0.0003 -0.0411 0.9992
vn -0.0003 0.0002 1.0000
vn -0.0004 0.0004 1.0000
vn 0.0006 0.0011 1.0000
vn 0.0004 -0.0053 1.0000
vn 0.0002 0.0001 1.0000
vn -0.0011 -0.0126 0.9999
vn -0.0030 -0.0113 0.9999
vn 0.0002 -0.0095 1.0000
vn -0.0070 -0.0067 1.0000
vn -0.0009 -0.0005 1.0000
vn -0.0026 -0.0018 1.0000
vn 0.0005 0.0003 1.0000
vn -0.0022 0.0005 1.0000
vn -0.0027 -0.0126 0.9999
vn -0.3162 0.1037 0.9430
vn -0.0178 -0.0158 0.9997
vn -0.0029 -0.0003 1.0000
vn -0.4725 0.0955 0.8761
vn -0.4708 -0.0264 0.8818
vn -0.4156 0.2021 0.8868
vn -0.0028 0.0005 1.0000
vn -0.3678 0.2863 0.8847
vn -0.0012 0.0004 1.0000
vn 0.0002 -0.0002 1.0000
vn -0.0017 0.0014 1.0000
vn -0.0022 0.0009 1.0000
vn 0.0046 0.0009 1.0000
vn -0.3722 0.0953 0.9232
vn -0.4098 -0.0522 0.9107
vn -0.0006 0.0036 1.0000
vn -0.0044 -0.0150 0.9999
vn -0.0007 0.0002 1.0000
vn -0.0000 -0.0008 1.0000
vn -0.0026 0.0195 0.9998
vn 0.0011 0.0214 0.9998
vn -0.0000 -0.0001 1.0000
vn 0.0162 0.0258 0.9995
vn 0.0072 0.0109 0.9999
vn -0.0001 -0.0007 1.0000
vn -0.0000 -0.0007 1.0000
vn 0.0116 0.0165 0.9998
vn -0.0005 -0.0007 1.0000
vn 0.0040 0.0041 1.0000
vn -0.0016 -0.0000 1.0000
vn -0.0001 -0.0001 1.0000
vn -0.0002 -0.0001 1.0000
vn 0.0250 0.0017 0.9997
vn 0.0228 -0.0003 0.9997
vn 0.0182 -0.0013 0.9998
vn 0.0006 -0.0010 1.0000
vn 0.0008 -0.0021 1.0000
vn 0.0056 -0.0059 1.0000
vn -0.0003 -0.0035 1.0000
vn 0.0084 0.0029 1.0000
vn -0.0020 0.0007 1.0000
vn -0.0054 -0.0037 1.0000
vn -0.0031 0.0074 1.0000
vn 0.0045 -0.0044 1.0000
vn 0.0075 -0.0030 1.0000
vn 0.0077 -0.0032 1.0000
vn 0.0185 -0.0041 0.9998
vn 0.0007 0.0009 1.0000
vn 0.0017 0.0021 1.0000
vn 0.0001 0.0001 1.0000
vn -0.0003 0.0009 1.0000
vn -0.0003 0.0016 1.0000
vn 0.6640 0.4220 0.6172
vn 0.5370 -0.4029 0.7411
vn 0.5459 -0.2599 0.7965
vn 0.6304 -0.1406 0.7634
vn 0.6507 0.0171 0.7591
vn 0.3237 0.3718 0.8700
vn 0.2847 -0.6007 0.7470
vn 0.2314 -0.1826 0.9556
vn 0.1649 -0.0534 0.9849
vn 0.2127 -0.0166 0.9770
vn -0.0246 0.1352 0.9905
vn 0.0531 -0.2351 0.9705
vn -0.4294 0.3198 0.8446
vn -0.4648 0.0216 0.8851
vn -0.4911 0.1262 0.8619
vn -0.7937 0.0773 0.6034
vn -0.6806 0.3572 0.6397
vn -0.4416 0.1664 0.8817
vn -0.5365 0.1524 0.8300
vn -0.3493 -0.0782 0.9337
vn -0.6020 -0.7096 0.3661
vn -0.2586 -0.7343 0.6276
vn -0.6917 -0.3679 0.6215
vn -0.2328 -0.4499 0.8622
vn 0.4433 0.7763 0.4481
vn -0.3123 0.8820 0.3528
vn -0.0046 0.8140 0.5809
vn -0.5892 0.5801 0.5624
vn -0.2576 0.4769 0.8404
vn -0.0912 0.9951 0.0382
vn 0.8266 0.5628 0.0008
vn 0.0992 0.9950 -0.0088
vn -0.8735 0.4857 0.0340
vn -0.7662 0.6425 -0.0148
vn -0.9301 -0.3656 0.0363
vn -0.9839 -0.1783 -0.0118
vn -0.3271 -0.9440 0.0432
vn -0.5824 -0.8128 -0.0117
vn 0.4990 -0.8659 0.0342
vn 0.1647 -0.9860 -0.0251
vn 0.9761 -0.2174 -0.0040
vn 0.9057 -0.4237 -0.0105
vn 0.8763 0.4814 0.0174
vn 0.4523 0.5252 -0.7208
vn 0.6978 -0.1229 -0.7057
vn 0.6614 0.3532 -0.6617
vn 0.2714 -0.6413 -0.7177
vn 0.4328 -0.5652 -0.7023
vn -0.4031 -0.5964 -0.6941
vn -0.1738 -0.7447 -0.6444
vn -0.6797 0.0552 -0.7314
vn -0.7566 -0.3715 -0.5380
vn -0.2480 0.6713 -0.6985
vn -0.7035 0.5053 -0.4998
vn 0.0342 0.7652 -0.6429
vn 0.6599 -0.2463 -0.7098
vn 0.0502 0.6625 0.7474
vn 0.4667 0.7318 0.4966
vn 0.2379 0.1728 0.9558
vn -0.0274 -0.0427 0.9987
vn 0.0340 -0.1013 0.9943
vn -0.5279 0.4047 0.7467
vn 0.1336 -0.0724 0.9884
vn -0.6543 -0.1202 0.7466
vn 0.1281 0.0217 0.9915
vn -0.3847 -0.5593 0.7343
vn 0.0888 -0.2825 0.9552
vn 0.3409 -0.7491 0.5680
vn 0.0207 -0.6861 0.7272
vn 0.1094 -0.6706 0.7337
vn 0.4178 -0.5682 0.7089
vn 0.6132 -0.2743 0.7408
vn 0.6734 -0.2307 0.7024
vn 0.6712 0.2027 0.7130
vn 0.4289 0.5718 0.6994
vn 0.5961 0.3373 0.7287
vn 0.8947 0.3194 0.3124
vn 0.9323 -0.0620 0.3564
vn 0.3467 -0.6842 0.6416
vn 0.5617 -0.7512 0.3467
vn 0.9449 0.0933 0.3138
vn 0.8443 -0.4143 0.3400
vn 0.5120 -0.7923 0.3318
vn 0.8267 0.4817 0.2907
vn 0.8736 -0.2408 0.4229
vn 0.5745 0.4395 0.6905
vn 0.3711 -0.9181 -0.1392
vn 0.8367 0.5232 -0.1620
vn 0.2389 0.0556 0.9695
vn 0.7080 -0.0831 0.7013
vn 0.5916 0.3274 0.7368
vn 0.2373 -0.1322 0.9624
vn 0.8651 -0.3079 0.3961
vn 0.4819 0.1043 0.8700
vn 0.6204 -0.1345 0.7727
vn 0.6574 -0.3282 0.6783
vn 0.8872 -0.2692 0.3747
vn 0.2996 -0.0008 0.9541
vn 0.6838 0.0639 0.7269
vn 0.3664 -0.4609 0.8083
vn 0.7904 -0.3579 0.4972
vn 0.0200 -0.0253 0.9995
vn 0.7529 0.3025 -0.5845
vn 0.5627 -0.3468 -0.7504
vn 0.2436 -0.6869 0.6847
vn 0.3267 -0.8259 0.4595
vn 0.1221 -0.6766 -0.7261
vn 0.5123 0.7341 -0.4458
vn 0.5771 0.6067 -0.5467
vn 0.4261 0.0563 -0.9029
vn 0.3053 -0.3123 -0.8996
vn -0.1287 -0.2652 -0.9556
vn 0.8751 0.2461 -0.4168
vn 0.8422 -0.3492 -0.4109
vn 0.5023 -0.0442 -0.8636
vn 0.3835 0.3527 -0.8535
vn 0.4866 -0.4717 -0.7353
vn 0.1781 -0.5662 -0.8048
vn 0.3402 -0.9088 -0.2415
vn 0.6708 -0.6635 -0.3314
vn 0.2617 -0.5887 -0.7648
vn -0.1855 -0.8347 -0.5185
vn -0.6189 -0.5381 -0.5722
vn -0.5398 -0.8202 -0.1896
vn -0.7098 -0.5951 -0.3769
vn -0.3827 -0.7059 -0.5960
vn -0.6136 -0.7891 -0.0306
vn 0.1615 -0.8858 0.4350
vn 0.6472 -0.2859 0.7066
vn -0.2923 -0.7464 0.5979
vn 0.7473 -0.2309 0.6231
vn 0.3888 0.1231 0.9131
vn -0.3943 -0.8563 0.3336
vn 0.9689 -0.2086 -0.1335
vn 0.8688 -0.2858 0.4043
vn 0.9213 -0.2364 0.3088
vn 0.3155 -0.7237 0.6138
vn 0.0763 -0.0023 0.9971
vn -0.0960 0.3837 0.9185
vn -0.0164 -0.1347 0.9907
vn -0.2202 -0.2413 0.9451
vn 0.0498 -0.0292 0.9983
vn 0.6873 -0.6579 0.3079
vn 0.0852 -0.9464 0.3114
vn -0.0146 -0.0400 0.9991
vn 0.5361 -0.7192 0.4420
vn -0.3539 -0.6773 0.6450
vn 0.6483 0.1829 0.7391
vn 0.3422 0.5631 0.7522
vn -0.2148 0.6296 0.7467
vn -0.5960 0.2854 0.7505
vn -0.6029 -0.2620 0.7535
vn -0.4584 -0.5138 0.7251
vn -0.2003 -0.6497 0.7333
vn -0.1539 -0.6764 0.7202
vn 0.2158 -0.6545 0.7246
vn 0.2535 -0.6399 0.7254
vn 0.6003 -0.3170 0.7343
vn 0.5339 -0.4562 0.7119
vn 0.7095 -0.0511 0.7028
vn -0.3025 -0.6154 0.7278
vn 0.5199 0.8539 -0.0216
vn 0.0034 0.9984 0.0565
vn 0.9139 0.4032 0.0479
vn -0.3299 0.9434 -0.0347
vn -0.8352 0.5492 0.0297
vn -0.9008 0.4338 -0.0160
vn -0.9415 -0.3361 0.0237
vn -0.1156 -0.9923 0.0455
vn -0.9114 -0.4113 0.0121
vn -0.3495 -0.9369 -0.0073
vn 0.3879 -0.9216 -0.0157
vn 0.8372 -0.5454 0.0388
vn 0.8984 -0.4393 0.0017
vn 0.9709 0.2393 -0.0096
vn 0.3879 0.5038 -0.7718
vn 0.6784 -0.1963 -0.7080
vn 0.8439 0.2950 -0.4482
vn -0.0196 -0.6861 -0.7272
vn 0.6013 -0.5915 -0.5372
vn -0.4417 -0.0696 -0.8945
vn -0.5520 -0.3728 -0.7459
vn -0.2578 0.1239 -0.9582
vn -0.2189 0.3306 -0.9181
vn 0.0437 0.8400 -0.5409
vn -0.5330 0.5485 -0.6442
vn -0.1687 -0.6592 -0.7328
vn 0.0890 -0.2519 0.9637
vn 0.4017 -0.8283 0.3906
vn 0.0421 -0.0449 0.9981
vn 0.7443 -0.3180 -0.5873
vn 0.1480 -0.6361 -0.7573
vn -0.3115 -0.6632 0.6805
vn -0.3409 -0.8151 0.4685
vn -0.5566 -0.4575 -0.6935
vn 0.8873 0.1480 -0.4367
vn -0.6865 -0.6874 -0.2372
vn -0.0935 -0.7030 -0.7050
vn 0.4355 -0.8270 -0.3556
vn 0.8573 -0.4588 -0.2334
vn 0.9146 0.0770 -0.3971
vn 0.8294 0.0445 -0.5569
vn 0.5294 -0.0415 -0.8474
vn 0.2985 -0.2461 -0.9221
vn 0.2907 -0.4563 -0.8410
vn 0.3947 -0.8041 -0.4446
vn 0.7340 -0.4586 -0.5010
vn -0.0126 -0.4355 -0.9001
vn -0.3532 -0.1184 -0.9280
vn 0.0116 -0.6773 -0.7356
vn -0.5428 -0.8376 -0.0618
vn -0.2642 -0.9173 -0.2978
vn 0.0077 -0.9424 -0.3343
vn -0.3653 -0.5637 -0.7408
vn -0.8477 -0.0052 -0.5305
vn -0.7322 -0.5833 -0.3516
vn -0.9732 -0.1354 -0.1859
vn -0.8795 0.0376 -0.4743
vn -0.9521 -0.2738 -0.1363
vn -0.1413 -0.9791 0.1466
vn 0.0599 -0.9871 0.1485
vn 0.2264 -0.2820 0.9323
vn 0.3054 -0.6580 0.6883
vn -0.5154 -0.7500 0.4145
vn -0.3839 -0.9232 -0.0169
vn 0.3437 -0.9383 -0.0389
vn 0.7555 -0.6552 -0.0058
vn 0.3004 -0.9538 0.0014
vn 0.8180 -0.5751 -0.0065
vn 0.9979 -0.0321 -0.0556
vn 0.8475 -0.4821 0.2224
vn -0.5755 -0.5932 -0.5630
vn -0.1258 -0.9878 0.0915
vn 0.7624 -0.6438 -0.0661
vn 0.0080 -0.0051 1.0000
vn 0.4485 -0.8280 0.3365
vn 0.7107 -0.6947 0.1110
vn 0.6297 -0.6890 0.3589
vn 0.6861 -0.7226 0.0842
vn 0.3717 -0.5506 0.7475
vn 0.0202 -0.0268 0.9994
vn 0.5259 -0.3812 0.7603
vn 0.3567 -0.2165 0.9088
vn 0.1663 -0.6802 0.7139
vn 0.5023 -0.4321 0.7490
vn 0.3095 -0.6572 0.6872
vn 0.5816 -0.3789 0.7198
vn 0.9223 -0.3863 0.0144
vn 0.9571 -0.2898 0.0039
vn 0.6215 -0.7830 0.0229
vn 0.9934 0.1127 0.0214
vn 0.9716 0.2341 0.0350
vn 0.8380 0.3396 0.4271
vn -0.1010 -0.9902 -0.0963
vn 0.5292 -0.8472 -0.0469
vn 0.9840 0.1582 0.0822
vn 0.3588 0.7922 -0.4937
vn 0.4592 -0.4621 0.7587
vn 0.3665 -0.6357 0.6794
vn 0.6474 -0.0060 0.7622
vn 0.8395 -0.3440 0.4207
vn 0.4053 0.0739 0.9112
vn 0.6704 0.1059 0.7344
vn 0.7116 0.2219 0.6666
vn 0.7133 -0.0316 0.7002
vn -0.0007 0.0001 1.0000
vn -0.0088 0.0085 0.9999
vn 0.9936 0.0126 0.1122
vn 0.9247 -0.1065 0.3655
vn 0.9585 -0.2473 0.1418
vn 0.9895 -0.1362 0.0485
vn 0.6964 -0.6902 -0.1965
vn 0.6521 -0.1304 0.7469
vn 0.0335 -0.0100 0.9994
vn -0.3130 -0.7258 0.6125
vn -0.0939 -0.6869 0.7206
vn -0.5507 -0.3698 0.7483
vn -0.4510 -0.4300 0.7821
vn -0.6134 -0.3707 0.6974
vn -0.6913 -0.6272 0.3587
vn 0.9884 -0.1037 0.1113
vn 0.6046 0.2864 0.7432
vn 0.5178 0.5212 0.6784
vn 0.2621 0.3053 0.9155
vn 0.4236 0.5434 0.7248
vn -0.7108 -0.3822 0.5905
vn 0.4816 -0.6655 0.5702
vn 0.3461 -0.1908 0.9186
vn -0.9189 -0.2511 0.3042
vn 0.5065 -0.8468 -0.1626
vn 0.3993 -0.8260 0.3979
vn 0.4179 -0.8543 0.3089
vn -0.2807 -0.7220 0.6324
vn 0.0711 0.4546 0.8878
vn -0.1142 -0.0055 0.9934
vn -0.3290 -0.0262 0.9440
vn 0.0501 -0.0406 0.9979
vn 0.0444 -0.1675 0.9849
vn -0.0718 -0.9429 0.3252
vn -0.6766 -0.6584 0.3296
vn -0.0245 -0.0616 0.9978
vn -0.0620 -0.9323 0.3564
vn -0.7495 -0.3552 0.5587
vn 0.6167 0.1111 0.7793
vn 0.3000 0.5962 0.7447
vn -0.2444 0.6111 0.7529
vn -0.6404 0.1356 0.7559
vn -0.6875 -0.0386 0.7252
vn -0.5563 -0.3470 0.7551
vn -0.5929 -0.3710 0.7147
vn -0.2361 -0.6518 0.7207
vn -0.0918 -0.6710 0.7357
vn 0.4222 -0.8476 0.3213
vn 0.4452 -0.4847 0.7529
vn 0.5920 -0.5139 0.6208
vn -0.6831 -0.3476 0.6423
vn 0.9444 0.3282 0.0194
vn 0.9858 0.1673 -0.0141
vn 0.4256 0.9049 0.0039
vn 0.3749 0.9271 0.0052
vn -0.4223 0.9063 0.0143
vn -0.4633 0.8862 0.0065
vn -0.9624 0.2712 0.0117
vn -0.9757 0.2192 0.0067
vn -0.8273 -0.5616 0.0124
vn -0.7912 -0.6114 0.0150
vn -0.1241 -0.9923 -0.0033
vn 0.0429 -0.9986 0.0315
vn 0.6956 -0.7183 -0.0148
vn 0.8472 -0.5302 0.0342
vn 0.5727 0.3955 -0.7180
vn 0.6660 -0.2797 -0.6915
vn 0.7433 0.1521 -0.6515
vn -0.0183 -0.6688 -0.7432
vn 0.5775 -0.5033 -0.6428
vn -0.6634 -0.2525 -0.7043
vn -0.5834 -0.5940 -0.5540
vn -0.6020 0.3610 -0.7122
vn -0.7449 0.1205 -0.6562
vn -0.0518 0.6882 -0.7237
vn -0.4154 0.6845 -0.5990
vn 0.3523 0.7748 -0.5249
vn 0.1083 -0.6321 -0.7673
vn -0.3417 -0.9389 0.0421
vn -0.8030 -0.5959 0.0093
vn -0.8054 -0.5925 -0.0169
vn -0.8421 -0.4404 0.3112
vn -0.9928 0.0879 -0.0810
vn -0.1322 -0.2373 0.9624
vn -0.3079 -0.8651 0.3960
vn -0.6947 -0.7106 0.1110
vn -0.6441 -0.7619 -0.0680
vn -0.7226 -0.6861 0.0841
vn -0.4384 -0.8486 0.2961
vn -0.0299 -0.0191 0.9994
vn -0.3702 -0.5122 0.7750
vn -0.2344 -0.3389 0.9111
vn -0.0254 -0.0201 0.9995
vn -0.2740 -0.6574 0.7019
vn -0.0051 -0.0080 1.0000
vn -0.7183 0.0974 0.6889
vn -0.6459 0.1271 0.7528
vn -0.7201 0.0404 0.6927
vn -0.5695 -0.3885 0.7244
vn -0.6403 -0.2696 0.7193
vn -0.4675 -0.7097 0.5271
vn 0.3024 -0.7529 -0.5845
vn -0.3468 -0.5626 -0.7505
vn -0.6869 -0.2436 0.6847
vn -0.8259 -0.3267 0.4595
vn -0.6763 -0.1227 -0.7263
vn -0.8943 -0.1439 0.4236
vn 0.7348 -0.5149 -0.4415
vn -0.9683 0.1242 -0.2166
vn -0.8941 -0.3873 -0.2249
vn -0.4757 -0.8537 -0.2120
vn 0.1144 -0.9680 -0.2233
vn 0.7096 -0.6643 -0.2346
vn 0.6725 -0.5320 -0.5146
vn 0.3498 -0.3805 -0.8561
vn 0.0564 -0.4261 -0.9029
vn -0.0551 -0.5045 -0.8616
vn -0.3264 -0.8574 -0.3980
vn 0.2455 -0.8768 -0.4135
vn -0.3123 -0.3053 -0.8996
vn -0.2655 0.1288 -0.9555
vn -0.4726 -0.4860 -0.7351
vn -0.5643 -0.1741 -0.8070
vn -0.9098 -0.3376 -0.2416
vn -0.6636 -0.6707 -0.3313
vn -0.5882 -0.2615 -0.7653
vn -0.8376 0.1827 -0.5149
vn -0.5349 0.6172 -0.5770
vn -0.8188 0.5501 -0.1642
vn -0.5884 0.7066 -0.3932
vn -0.7022 0.3856 -0.5985
vn -0.7926 0.6039 -0.0836
vn -0.8498 0.3651 0.3803
vn -0.1897 -0.7512 0.6323
vn -0.1208 -0.3538 0.9275
vn -0.8140 0.4925 0.3079
vn -0.4180 -0.8969 -0.1447
vn -0.5229 -0.6374 0.5660
vn -0.4974 -0.7309 0.4674
vn -0.0671 0.3810 0.9221
vn 0.0466 0.0590 0.9972
vn -0.1109 0.0124 0.9938
vn -0.8350 -0.4530 0.3124
vn -0.0809 -0.0173 0.9966
vn -0.9470 0.0313 0.3197
vn -0.0593 0.0148 0.9981
vn -0.5918 0.5235 0.6129
vn -0.8185 -0.3981 0.4142
vn 0.4678 -0.4682 0.7496
vn 0.6622 0.0543 0.7473
vn 0.3880 0.5568 0.7344
vn -0.0311 0.6898 0.7233
vn -0.3740 0.5977 0.7091
vn -0.4684 0.5064 0.7239
vn -0.6723 0.2418 0.6996
vn -0.7026 -0.1566 0.6941
vn -0.6913 0.0857 0.7175
vn -0.4503 -0.5530 0.7010
vn -0.5704 -0.3711 0.7327
vn -0.1035 -0.6645 0.7401
vn 0.0234 -0.7129 0.7008
vn -0.5746 0.4594 0.6773
vn 0.5765 0.8171 -0.0038
vn 0.9838 0.1790 0.0040
vn 0.9942 0.1077 -0.0065
vn -0.2893 0.9568 0.0299
vn 0.5809 0.8133 0.0337
vn -0.9288 0.3683 0.0400
vn -0.6611 0.7501 -0.0170
vn -0.8661 -0.4987 0.0346
vn -0.9917 0.1282 -0.0063
vn -0.0087 -0.9993 0.0353
vn -0.1766 -0.9843 -0.0026
vn 0.8135 -0.5810 0.0234
vn 0.7061 -0.7078 -0.0188
vn -0.8349 -0.5504 -0.0021
vn -0.0185 0.9994 0.0287
vn 0.6861 -0.1212 -0.7174
vn 0.1572 -0.7053 -0.6912
vn 0.6450 -0.5801 -0.4975
vn -0.6248 -0.3217 -0.7114
vn -0.1744 -0.7915 -0.5858
vn -0.9264 0.2802 -0.2516
vn -0.5286 -0.3548 -0.7712
vn -0.4449 0.5679 -0.6925
vn -0.1194 0.8277 -0.5484
vn 0.3693 0.6173 -0.6946
vn 0.7940 0.2793 -0.5399
vn 0.4495 0.5207 -0.7258
vn -0.9900 0.1400 0.0147
vn -0.9765 -0.2148 0.0169
vn -0.9498 0.3094 0.0458
vn -0.8776 -0.4793 -0.0082
vn -0.6344 -0.7691 0.0776
vn -0.5418 -0.8404 -0.0147
vn -0.2617 0.5996 0.7563
vn -0.5697 0.8195 -0.0626
vn -0.9253 0.3277 0.1908
vn 0.1183 -0.9869 -0.1093
vn -0.6566 0.3314 0.6776
vn -0.7121 -0.0301 0.7014
vn -0.7249 0.0016 0.6889
vn -0.8638 0.2906 0.4115
vn -0.9402 0.1078 0.3230
vn -0.9944 -0.0060 0.1059
vn -0.9921 -0.1142 0.0511
vn -0.9964 0.0301 0.0797
vn -0.8759 -0.4368 0.2052
vn -0.0309 -0.0040 0.9995
vn -0.6574 -0.1114 0.7453
vn -0.3998 -0.0790 0.9132
vn -0.4444 0.5197 0.7297
vn -0.5871 0.3733 0.7183
vn -0.5392 0.4627 0.7037
vn -0.6976 -0.0709 0.7130
vn -0.7074 -0.0156 0.7066
vn -0.5930 0.7333 0.3325
vn -0.0002 -0.0000 1.0000
vn -0.0100 0.0064 0.9999
vn 0.0007 -0.0018 1.0000
vn 0.0014 -0.0010 1.0000
vn -0.0072 -0.0020 1.0000
vn -0.2369 -0.5354 0.8107
vn -0.5838 -0.4902 0.6473
vn -0.0019 -0.0012 1.0000
vn 0.0006 0.0002 1.0000
vn 0.0009 -0.0002 1.0000
vn -0.5916 -0.3274 0.7368
vn -0.6313 -0.1279 0.7649
vn -0.7313 -0.1573 0.6637
vn -0.6205 0.1347 0.7726
vn 0.5287 0.8478 0.0420
vn 0.9886 -0.1456 0.0388
vn 0.9023 0.4297 -0.0350
vn -0.4886 0.8720 0.0303
vn 0.0791 0.9963 -0.0336
vn -0.9894 0.1432 0.0259
vn -0.8141 0.5797 -0.0354
vn -0.6675 -0.7441 0.0270
vn -0.8594 -0.5101 -0.0357
vn 0.3178 -0.9478 0.0258
vn 0.0988 -0.9949 -0.0224
vn 0.8581 -0.5129 -0.0250
vn 0.5661 0.4147 -0.7125
vn 0.6399 -0.3066 -0.7046
vn 0.7263 -0.0298 -0.6868
vn -0.0152 -0.7053 -0.7088
vn 0.3231 -0.6979 -0.6392
vn -0.6493 -0.3052 -0.6966
vn -0.4848 -0.6089 -0.6279
vn -0.6335 0.3460 -0.6920
vn -0.7281 0.0784 -0.6810
vn -0.0506 0.6878 -0.7241
vn -0.3967 0.6414 -0.6567
vn 0.3608 0.6360 -0.6821
vn -0.7094 0.0850 0.6996
vn -0.8754 0.2401 0.4196
vn -0.4136 -0.7545 0.5096
vn -0.2847 -0.2499 0.9255
vn -0.5098 0.8019 0.3117
vn -0.8265 -0.4365 0.3555
vn -0.0292 0.3055 0.9518
vn -0.1912 -0.0707 0.9790
vn -0.5608 0.7530 0.3443
vn -0.1220 0.0869 0.9887
vn -0.0180 0.0635 0.9978
vn -0.9374 -0.0823 0.3384
vn -0.1565 0.0400 0.9869
vn -0.8459 0.4239 0.3238
vn -0.8147 -0.4950 0.3021
vn 0.2731 -0.5998 0.7521
vn -0.2304 -0.6292 0.7423
vn 0.6067 -0.2514 0.7541
vn 0.6216 0.2718 0.7347
vn 0.2923 0.6114 0.7353
vn -0.3385 0.7522 0.5653
vn -0.0260 0.6930 0.7204
vn -0.1486 0.6542 0.7415
vn -0.6108 0.2658 0.7458
vn -0.4283 0.5631 0.7068
vn -0.6873 0.1711 0.7059
vn -0.6503 -0.2774 0.7072
vn -0.6151 -0.2847 0.7353
vn -0.4144 -0.5828 0.6990
vn -0.9323 0.0620 0.3564
vn -0.3467 0.6842 0.6416
vn -0.3736 0.9166 -0.1425
vn -0.8366 -0.5233 -0.1618
vn 0.8672 0.4969 0.0319
vn 0.9223 0.3862 -0.0135
vn 0.4562 0.8899 0.0002
vn -0.0041 0.9989 0.0456
vn -0.2236 0.9744 -0.0230
vn -0.7742 0.6322 0.0307
vn -0.9067 0.4207 -0.0319
vn -0.9831 -0.1805 0.0309
vn -0.9038 -0.4267 -0.0326
vn -0.5709 -0.8203 0.0343
vn -0.3419 -0.9395 -0.0210
vn 0.2636 -0.9645 0.0163
vn 0.4124 -0.9110 0.0004
vn 0.9200 -0.3915 0.0199
vn 0.9023 -0.4311 0.0055
vn 0.6870 0.0685 -0.7234
vn 0.2808 -0.1563 -0.9469
vn 0.7187 -0.3067 -0.6240
vn 0.1984 -0.1789 -0.9637
vn 0.0461 -0.7155 -0.6971
vn -0.3628 -0.5995 -0.7135
vn -0.7071 -0.0888 -0.7015
vn -0.6851 -0.1587 -0.7109
vn -0.4592 0.5297 -0.7132
vn -0.6156 0.3729 -0.6943
vn 0.2386 0.6244 -0.7437
vn -0.0958 0.8162 -0.5697
vn 0.7085 0.5001 -0.4980
vn -0.4251 -0.5404 -0.7261
vn -0.7894 0.6137 -0.0109
vn -0.9708 0.2396 0.0098
vn -0.6106 0.7918 0.0159
vn -0.5998 -0.7983 -0.0533
vn -0.4500 0.8281 0.3343
vn 0.0991 0.9908 -0.0920
vn -0.9259 -0.3751 0.0459
vn -0.9973 -0.0735 -0.0088
vn -0.2373 0.1322 0.9624
vn -0.8651 0.3079 0.3961
vn -0.7127 0.6933 0.1070
vn -0.7372 0.6756 -0.0083
vn -0.6873 0.7220 0.0794
vn -0.8468 0.3801 0.3720
vn -0.0444 0.0316 0.9985
vn -0.5169 0.4270 0.7420
vn -0.3430 0.2349 0.9095
vn -0.0200 0.0253 0.9995
vn -0.6649 0.2654 0.6981
vn -0.0080 0.0051 1.0000
vn 0.1130 0.6471 0.7540
vn -0.0434 0.6928 0.7198
vn 0.0379 0.6780 0.7341
vn -0.5024 0.4463 0.7405
vn -0.3917 0.6393 0.6616
vn 0.0211 0.9317 0.3626
vn -0.7529 -0.3025 -0.5845
vn -0.5627 0.3468 -0.7505
vn -0.2437 0.6869 0.6847
vn -0.3267 0.8259 0.4595
vn -0.1223 0.6765 -0.7262
vn -0.1615 0.8858 0.4350
vn -0.5124 -0.7340 -0.4458
vn -0.5771 -0.6067 -0.5467
vn -0.4261 -0.0563 -0.9029
vn -0.3053 0.3123 -0.8996
vn 0.1287 0.2653 -0.9555
vn -0.8751 -0.2461 -0.4168
vn -0.8422 0.3492 -0.4109
vn -0.5038 0.0468 -0.8625
vn -0.3908 -0.3533 -0.8500
vn -0.4875 0.4711 -0.7351
vn -0.1794 0.5591 -0.8094
vn -0.3409 0.9084 -0.2420
vn -0.6708 0.6635 -0.3314
vn -0.2617 0.5887 -0.7648
vn 0.1858 0.8344 -0.5188
vn 0.6166 0.5333 -0.5792
vn 0.5443 0.8249 -0.1525
vn 0.7066 0.5883 -0.3932
vn 0.3828 0.7059 -0.5959
vn 0.6007 0.7984 -0.0417
vn 0.2832 0.7435 0.6058
vn -0.7485 0.2099 0.6291
vn -0.3870 -0.1273 0.9133
vn 0.4484 0.6337 0.6304
vn -0.9724 0.1985 -0.1222
vn -0.8691 0.2855 0.4038
vn -0.9158 0.2502 0.3142
vn -0.3290 0.7399 0.5868
vn -0.0805 0.0491 0.9955
vn 0.0470 0.1316 0.9902
vn -0.1671 -0.4487 0.8779
vn 0.2182 0.2559 0.9418
vn -0.0503 0.0316 0.9982
vn -0.7190 0.6250 0.3040
vn -0.0848 0.9538 0.2882
vn 0.3141 0.8889 0.3336
vn -0.5475 0.7225 0.4221
vn 0.3445 0.7237 0.5980
vn -0.3211 -0.5832 0.7462
vn -0.6478 -0.1974 0.7358
vn 0.2368 -0.6259 0.7431
vn 0.6215 -0.2151 0.7533
vn 0.5521 0.3531 0.7553
vn 0.4488 0.5149 0.7304
vn -0.0326 0.6592 0.7512
vn 0.1230 0.6904 0.7129
vn -0.3055 0.6106 0.7306
vn -0.5835 0.3332 0.7406
vn -0.5921 0.3431 0.7292
vn -0.7092 -0.0750 0.7010
vn 0.2726 0.6602 0.6999
vn 0.4158 0.9084 0.0436
vn 0.9589 0.2821 0.0310
vn 0.8518 0.5212 -0.0532
vn -0.5363 0.8420 0.0583
vn -0.0287 0.9975 -0.0639
vn -0.9973 -0.0501 0.0544
vn -0.8769 0.4784 -0.0467
vn -0.5203 -0.8537 0.0233
vn -0.9463 -0.3224 -0.0238
vn 0.3035 -0.9528 0.0072
vn -0.4631 -0.8863 -0.0077
vn 0.8802 -0.4743 0.0179
vn 0.3536 -0.9353 -0.0156
vn 0.9392 -0.3420 -0.0294
vn 0.7012 -0.0626 -0.7102
vn 0.0022 -0.6799 -0.7333
vn 0.5418 -0.7627 -0.3532
vn -0.6538 -0.2936 -0.6974
vn -0.5191 -0.7126 -0.4719
vn -0.5620 0.3819 -0.7337
vn -0.7978 0.0189 -0.6026
vn 0.1668 0.6897 -0.7046
vn -0.3871 0.8118 -0.4372
vn 0.7775 0.4645 -0.4240
vn 0.4643 0.6168 -0.6356
vn 0.7021 -0.6641 -0.2568
vn -0.0123 0.9996 -0.0247
vn -0.4077 0.9127 -0.0262
vn 0.1058 0.9939 0.0305
vn -0.6196 0.7834 -0.0493
vn -0.8563 0.5162 0.0161
vn -0.9691 -0.1777 -0.1709
vn 0.2650 0.9072 0.3267
vn 0.7661 0.6357 -0.0951
vn -0.0848 0.2563 0.9629
vn -0.4017 0.8283 0.3906
vn -0.0123 0.9937 0.1111
vn -0.0430 0.9991 -0.0069
vn 0.0245 0.9961 0.0853
vn -0.3274 0.8685 0.3723
vn 0.0001 0.0334 0.9994
vn -0.0555 0.6080 0.7920
vn -0.0401 0.3649 0.9302
vn -0.0018 0.0436 0.9990
vn -0.2474 0.7033 0.6665
vn -0.0021 0.0093 1.0000
vn 0.5471 0.4082 0.7308
vn 0.2724 0.5434 0.7941
vn 0.7145 0.5799 0.3915
vn -0.0007 0.9785 0.2062
vn 0.6712 0.6413 0.3717
vn -0.0047 0.0025 1.0000
vn 0.1284 0.7347 0.6662
vn 0.0316 0.7108 0.7027
vn 0.0054 0.0147 0.9999
vn 0.6924 -0.0871 0.7162
vn 0.0007 -0.0081 1.0000
vn -0.1515 0.6555 0.7398
vn 0.0069 0.0082 0.9999
vn -0.0066 0.0103 0.9999
vn 0.0003 0.0002 1.0000
vn -0.0138 0.0030 0.9999
vn 0.7216 -0.0089 0.6922
vn -0.0011 -0.0002 1.0000
vn -0.0052 -0.0126 0.9999
vn -0.0020 -0.0007 1.0000
vn -0.0137 -0.0046 0.9999
vn -0.0014 -0.0009 1.0000
vn 0.0180 -0.0097 0.9998
vn -0.3123 0.6668 0.6766
vn -0.7405 0.0141 0.6719
vn -0.6954 -0.1653 0.6994
vn 0.0069 0.0046 1.0000
vn 0.0022 -0.0120 0.9999
vn -0.0035 0.0076 1.0000
vn -0.0000 0.0002 1.0000
vn -0.0128 0.0014 0.9999
vn 0.0002 0.0002 1.0000
vn 0.0097 -0.0001 1.0000
vn 0.0005 -0.0002 1.0000
vn 0.0002 0.0003 1.0000
vn -0.0091 0.0126 0.9999
vn -0.0034 0.0025 1.0000
vn 0.0003 0.0005 1.0000
vn -0.0015 -0.0001 1.0000
vn 0.0110 0.0128 0.9999
vn -0.0007 0.0062 1.0000
vn 0.0069 0.0048 1.0000
vn 0.0303 0.0345 0.9989
vn 0.0002 0.0113 0.9999
vn -0.0005 -0.0001 1.0000
vn -0.0002 0.0005 1.0000
vn 0.6981 -0.2623 0.6662
vn 0.6939 0.7112 0.1123
vn 0.8273 0.4564 0.3275
vn 0.6771 0.7358 -0.0073
vn 0.7217 0.6869 0.0853
vn 0.3762 0.8488 0.3714
vn -0.7443 0.3180 -0.5873
vn -0.1480 0.6361 -0.7573
vn 0.3115 0.6632 0.6805
vn 0.3409 0.8151 0.4685
vn 0.5566 0.4575 -0.6935
vn 0.5154 0.7501 0.4145
vn -0.8877 -0.1491 -0.4355
vn 0.7663 0.6058 -0.2137
vn 0.3297 0.9155 -0.2307
vn -0.4558 0.8535 -0.2527
vn -0.9565 0.1537 -0.2481
vn -0.8302 -0.0391 -0.5560
vn -0.5188 0.0297 -0.8544
vn -0.2985 0.2461 -0.9221
vn -0.3277 0.3929 -0.8592
vn -0.3897 0.8064 -0.4449
vn -0.7366 0.4490 -0.5057
vn 0.0126 0.4355 -0.9001
vn 0.3532 0.1184 -0.9280
vn -0.0076 0.6769 -0.7360
vn 0.7881 0.6104 -0.0794
vn 0.2630 0.9209 -0.2878
vn -0.0077 0.9424 -0.3343
vn 0.3653 0.5637 -0.7408
vn 0.8595 0.0012 -0.5112
vn 0.7310 0.5805 -0.3587
vn 0.9776 -0.0597 -0.2017
vn 0.8762 -0.0184 -0.4815
vn 0.9514 0.2739 -0.1410
vn 0.7107 0.3822 0.5907
vn -0.4972 0.6713 0.5497
vn -0.3541 0.1859 0.9166
vn 0.9299 0.2298 0.2873
vn -0.5062 0.8468 -0.1631
vn -0.3987 0.8260 0.3985
vn -0.4088 0.8501 0.3321
vn 0.2815 0.7155 0.6394
vn -0.0794 -0.4047 0.9110
vn -0.2754 -0.2414 0.9305
vn 0.6549 0.4333 0.6192
vn 0.0346 0.0046 0.9994
vn 0.3269 0.0345 0.9444
vn -0.0501 0.0196 0.9985
vn -0.0430 0.1375 0.9896
vn 0.0740 0.9484 0.3082
vn 0.6133 0.7304 0.3007
vn 0.0620 0.9323 0.3563
vn 0.7480 0.3552 0.5607
vn 0.6978 0.7159 -0.0241
vn 0.3596 0.9327 -0.0264
vn 0.7789 0.6264 0.0304
vn 0.1158 0.9920 -0.0507
vn -0.2380 0.9711 0.0158
vn -0.8123 0.5519 -0.1888
vn 0.9906 -0.0948 -0.0991
vn 0.6831 0.3476 0.6423
vn -0.6429 -0.0882 0.7608
vn 0.3630 -0.5456 0.7554
vn -0.2493 -0.6062 0.7552
vn 0.6765 -0.0561 0.7343
vn 0.6909 0.0330 0.7222
vn 0.5469 0.4110 0.7294
vn 0.5522 0.4194 0.7205
vn 0.2456 0.6556 0.7141
vn 0.1001 0.6678 0.7376
vn -0.1965 0.6688 0.7170
vn -0.4508 0.4933 0.7439
vn -0.5617 0.4370 0.7025
vn 0.1322 0.2373 0.9624
vn 0.3079 0.8651 0.3960
vn 0.0051 0.0080 1.0000
vn 0.0253 0.0200 0.9995
vn 0.2646 0.6661 0.6973
vn 0.5064 0.8616 0.0340
vn 0.9627 0.2682 0.0365
vn 0.7870 0.6162 -0.0309
vn -0.2435 0.9692 0.0365
vn 0.1369 0.9900 -0.0330
vn -0.8829 0.4685 0.0310
vn -0.6653 0.7454 -0.0424
vn -0.9510 -0.3093 0.0017
vn -0.9893 -0.1414 -0.0372
vn -0.5278 -0.8494 -0.0030
vn 0.2235 -0.9744 0.0242
vn -0.3859 -0.9219 -0.0347
vn 0.8431 -0.5365 0.0377
vn 0.5502 -0.8340 -0.0426
vn 0.9919 -0.1229 -0.0327
vn 0.6861 0.2004 -0.6994
vn 0.5239 -0.4699 -0.7104
vn 0.6476 -0.3082 -0.6969
vn -0.0860 -0.7102 -0.6987
vn 0.2275 -0.7616 -0.6069
vn -0.6204 -0.3056 -0.7223
vn -0.4381 -0.6921 -0.5736
vn -0.6339 0.3578 -0.6857
vn -0.6462 0.2959 -0.7034
vn 0.0996 0.6541 -0.7498
vn -0.3447 0.7679 -0.5399
vn 0.6752 0.2713 -0.6860
vn 0.6883 0.6674 -0.2844
vn -0.7446 -0.0816 -0.6625
vn -0.3022 0.7520 -0.5858
vn 0.3468 0.5627 -0.7505
vn 0.6869 0.2437 0.6847
vn 0.8259 0.3267 0.4595
vn 0.6763 0.1226 -0.7263
vn 0.9004 0.1396 0.4121
vn -0.7365 0.5124 -0.4416
vn 0.9005 0.3672 -0.2331
vn 0.4791 0.8524 -0.2094
vn -0.1144 0.9680 -0.2233
vn -0.7094 0.6647 -0.2343
vn -0.6770 0.5236 -0.5171
vn -0.3474 0.3769 -0.8586
vn -0.0655 0.4326 -0.8992
vn -0.1793 0.9018 -0.3932
vn 0.0542 0.5114 -0.8576
vn 0.3965 0.8223 -0.4082
vn 0.3130 0.3018 -0.9005
vn 0.2653 -0.1287 -0.9555
vn 0.4755 0.4846 -0.7343
vn 0.9820 0.1785 -0.0624
vn 0.9054 0.3480 -0.2431
vn 0.6666 0.6675 -0.3317
vn 0.5896 0.2612 -0.7643
vn 0.8358 -0.1898 -0.5152
vn 0.5387 -0.6115 -0.5795
vn 0.7953 -0.5742 -0.1944
vn 0.5795 -0.7126 -0.3954
vn 0.7021 -0.3856 -0.5987
vn 0.7857 -0.6156 -0.0608
vn 0.1742 0.7529 0.6347
vn -0.1825 0.9675 -0.1752
vn 0.5044 0.8635 -0.0006
vn 0.8269 0.5621 -0.0153
vn 0.9102 0.4133 -0.0269
vn 0.9989 -0.0453 -0.0075
vn 0.3637 -0.8961 0.2543
vn 0.1293 -0.9022 0.4115
vn 0.2040 -0.5253 0.8261
vn 0.4407 0.8752 0.1997
vn 0.8423 -0.3722 0.3900
vn 0.8510 -0.4030 0.3367
vn 0.6215 0.6211 0.4775
vn 0.8400 0.4587 0.2897
vn 0.0147 0.0631 0.9979
vn 0.1169 -0.0260 0.9928
vn 0.1456 -0.2725 0.9511
vn 0.1403 -0.0156 0.9900
vn 0.0423 -0.0706 0.9966
vn 0.1028 0.3052 0.9467
vn 0.9392 0.0742 0.3353
vn -0.4884 0.4169 0.7666
vn -0.6241 -0.1153 0.7728
vn -0.2735 -0.5997 0.7520
vn 0.3288 -0.5955 0.7329
vn 0.5440 -0.4581 0.7030
vn 0.6202 -0.2681 0.7373
vn 0.7108 -0.0789 0.6990
vn 0.6546 0.1821 0.7337
vn 0.6187 0.3447 0.7060
vn 0.3121 0.6052 0.7323
vn 0.4549 0.5214 0.7220
vn 0.0142 0.6808 0.7323
vn -0.0933 0.7086 0.6994
vn 0.7267 0.6842 0.0608
vn 0.9673 0.2538 0.0026
vn 0.6124 0.7904 0.0148
vn 0.0243 0.9997 -0.0010
vn -0.2468 0.9677 0.0516
vn -0.7507 0.6602 -0.0245
vn -0.9646 0.2581 0.0545
vn -0.9863 -0.1607 -0.0377
vn -0.7967 -0.6025 0.0473
vn -0.4377 -0.8982 -0.0402
vn 0.0748 -0.9951 0.0645
vn 0.4711 -0.8821 -0.0055
vn 0.9362 -0.3446 0.0695
vn 0.9162 -0.3999 -0.0238
vn 0.6530 0.1233 -0.7473
vn 0.4190 -0.5100 -0.7512
vn 0.7833 -0.2931 -0.5482
vn -0.2477 -0.6245 -0.7407
vn 0.1339 -0.8157 -0.5627
vn -0.7007 -0.0482 -0.7118
vn -0.7280 -0.5240 -0.4421
vn -0.4428 0.5256 -0.7264
vn -0.7051 0.2608 -0.6594
vn 0.2288 0.6175 -0.7526
vn -0.1796 0.8155 -0.5501
vn 0.6317 0.5420 -0.5543
vn 0.0294 0.6876 -0.7255
vn -0.5645 0.7541 -0.3357
vn -0.9603 0.1555 -0.2318
vn -0.7372 -0.6323 -0.2382
vn 0.1486 0.9004 -0.4089
vn -0.0262 0.9096 -0.4148
vn 0.0516 0.5659 -0.8229
vn -0.4762 0.6381 -0.6050
vn -0.0723 0.4547 -0.8877
vn -0.7678 -0.0656 -0.6373
vn -0.6994 0.1469 -0.6994
vn -0.5247 0.7300 -0.4379
vn -0.9669 0.1614 -0.1978
vn -0.1852 -0.3646 -0.9126
vn -0.3696 -0.0204 -0.9289
vn -0.7526 -0.5337 -0.3856
vn -0.3550 -0.8519 -0.3850
vn -0.2860 0.4610 -0.8400
vn -0.5430 0.1089 -0.8326
vn -0.6170 -0.7869 -0.0121
vn -0.1915 -0.8962 -0.4002
vn -0.3294 -0.2540 -0.9094
vn -0.7756 -0.6073 -0.1719
vn -0.9960 -0.0167 -0.0873
vn -0.9128 -0.4041 -0.0587
vn -0.6317 0.7452 -0.2136
vn -0.9571 0.1574 -0.2434
vn -0.6671 -0.7048 -0.2414
vn -0.0147 -0.9763 -0.2159
vn 0.0270 -0.9002 -0.4347
vn 0.0707 -0.8638 -0.4988
vn -0.1827 -0.9698 -0.1617
vn -0.4627 -0.6323 -0.6214
vn -0.1687 -0.4324 -0.8858
vn -0.7433 0.1846 -0.6430
vn -0.5415 -0.7322 -0.4131
vn -0.8804 -0.1196 -0.4588
vn -0.3607 0.0051 -0.9327
vn -0.2842 0.4238 -0.8600
vn -0.7135 0.6091 -0.3462
vn -0.2422 0.9089 -0.3396
vn -0.9113 -0.4097 -0.0414
vn -0.4106 0.9118 -0.0068
vn -0.8922 0.4514 0.0126
vn -0.2120 0.6185 -0.7567
vn -0.1293 0.9877 -0.0877
vn -0.6243 0.7468 -0.2293
vn -0.9793 0.2021 0.0070
vn -0.5941 0.8031 -0.0446
vn -0.7791 -0.0436 -0.6254
vn -0.4173 -0.6419 -0.6433
vn -0.8987 0.4358 -0.0491
vn -0.9961 -0.0774 -0.0432
vn -0.0383 -0.6824 -0.7300
vn 0.5654 -0.7946 -0.2211
vn 0.9596 -0.1567 -0.2337
vn 0.7372 0.6323 -0.2382
vn -0.1479 -0.9026 -0.4042
vn 0.0710 -0.8394 -0.5388
vn -0.0691 -0.5702 -0.8186
vn 0.4555 -0.6560 -0.6019
vn 0.2076 -0.2830 -0.9364
vn 0.7126 -0.2607 -0.6513
vn 0.8506 -0.1461 -0.5051
vn 0.5186 -0.6896 -0.5055
vn 0.7536 0.5162 -0.4069
vn 0.2693 0.4299 -0.8618
vn 0.3333 0.8733 -0.3553
vn 0.3080 -0.3904 -0.8676
vn 0.5484 0.0829 -0.8321
vn 0.4725 0.8810 -0.0239
vn 0.7312 0.2634 -0.6293
vn 0.1885 0.9435 -0.2723
vn 0.4484 0.3121 -0.8376
vn 0.7702 0.6148 -0.1700
vn 0.9942 0.0215 -0.1055
vn 0.9129 0.4039 -0.0581
vn 0.7043 -0.6697 -0.2356
vn 0.6891 -0.0392 -0.7237
vn 0.4980 0.4863 -0.7180
vn 0.0089 0.9719 -0.2352
vn 0.0305 0.8879 -0.4590
vn -0.1710 0.8390 -0.5165
vn 0.2169 0.9636 -0.1563
vn 0.0794 0.4264 -0.9010
vn 0.4306 0.8169 -0.3837
vn 0.7075 0.2012 -0.6774
vn 0.1017 0.4282 -0.8980
vn 0.3733 0.8155 -0.4423
vn 0.5131 0.1615 -0.8430
vn 0.2582 -0.2840 -0.9234
vn 0.8909 0.2576 -0.3740
vn 0.2864 -0.8206 -0.4945
vn 0.7761 -0.5397 -0.3261
vn 0.9641 0.2632 -0.0360
vn 0.6527 -0.7576 -0.0068
vn 0.9127 -0.0993 -0.3964
vn 0.2247 -0.9152 -0.3347
vn 0.6586 -0.7184 -0.2240
vn 0.7751 0.0717 -0.6277
vn 0.4093 0.6480 -0.6423
vn 0.6294 -0.7766 -0.0266
vn 0.8938 -0.4441 -0.0628
vn 0.9805 -0.1958 0.0143
vn 0.9650 0.2523 -0.0714
vn -0.0038 -0.0021 -1.0000
vn 0.6145 0.2813 -0.7371
vn 0.6504 0.2162 -0.7281
vn 0.0004 0.0019 -1.0000
vn 0.3069 -0.6823 -0.6635
vn 0.0977 -0.7025 -0.7049
vn -0.0009 0.0006 -1.0000
vn 0.5924 -0.4622 -0.6599
vn -0.0006 -0.0010 -1.0000
vn -0.0007 -0.0010 -1.0000
vn -0.0020 -0.0013 -1.0000
vn 0.0270 -0.0054 -0.9996
vn 0.0088 -0.0123 -0.9999
vn 0.0231 -0.0029 -0.9997
vn -0.0078 -0.0105 -0.9999
vn 0.0017 -0.0501 -0.9987
vn -0.0012 0.0003 -1.0000
vn 0.0003 -0.0006 -1.0000
vn 0.0086 -0.0047 -1.0000
vn -0.0022 -0.0012 -1.0000
vn 0.0043 0.0037 -1.0000
vn 0.0136 0.0039 -0.9999
vn 0.0028 0.0051 -1.0000
vn -0.0067 0.0130 -0.9999
vn 0.6874 -0.1141 -0.7173
vn 0.0004 -0.0029 -1.0000
vn 0.0126 -0.0157 -0.9998
vn 0.0001 -0.0002 -1.0000
vn -0.0000 0.0024 -1.0000
vn 0.0018 -0.0039 -1.0000
vn -0.0035 -0.0012 -1.0000
vn 0.0021 0.0015 -1.0000
vn 0.0091 -0.0043 -0.9999
vn 0.6969 0.0141 -0.7170
vn 0.0005 0.0004 -1.0000
vn -0.0011 0.0055 -1.0000
vn -0.0014 0.0056 -1.0000
vn 0.0055 0.0050 -1.0000
vn 0.0150 -0.0022 -0.9999
vn 0.0134 -0.0012 -0.9999
vn 0.0001 0.0052 -1.0000
vn 0.0036 0.0076 -1.0000
vn 0.0013 -0.0030 -1.0000
vn 0.0024 -0.0038 -1.0000
vn 0.0008 -0.0018 -1.0000
vn 0.5503 0.4279 -0.7169
vn -0.0022 -0.0025 -1.0000
vn 0.4084 0.5744 -0.7094
vn 0.0096 -0.0352 -0.9993
vn 0.0030 -0.0005 -1.0000
vn 0.0031 -0.0017 -1.0000
vn 0.0013 0.0002 -1.0000
vn -0.0025 0.0022 -1.0000
vn -0.0012 0.0073 -1.0000
vn -0.0008 0.0065 -1.0000
vn 0.0023 0.0044 -1.0000
vn -0.0026 0.0015 -1.0000
vn -0.0040 -0.0007 -1.0000
vn 0.0060 0.0040 -1.0000
vn 0.0054 0.0013 -1.0000
vn -0.0003 0.0020 -1.0000
vn -0.0002 0.0002 -1.0000
vn 0.0034 0.0004 -1.0000
vn 0.0016 -0.0008 -1.0000
vn 0.0016 0.0014 -1.0000
vn 0.0044 0.0082 -1.0000
vn 0.0026 -0.0046 -1.0000
vn 0.0014 0.0111 -0.9999
vn 0.0111 0.0092 -0.9999
vn -0.5623 0.3018 -0.7699
vn -0.5517 0.4403 -0.7084
vn -0.6334 0.2500 -0.7323
vn 0.0018 -0.0058 -1.0000
vn -0.0040 -0.0039 -1.0000
vn -0.0026 -0.0038 -1.0000
vn -0.0131 0.0031 -0.9999
vn -0.0149 -0.0016 -0.9999
vn -0.0040 0.0052 -1.0000
vn -0.0021 0.0076 -1.0000
vn 0.0061 0.0037 -1.0000
vn 0.0022 0.0001 -1.0000
vn 0.0015 -0.0003 -1.0000
vn -0.0005 -0.0037 -1.0000
vn -0.0026 0.0004 -1.0000
vn -0.0020 0.0024 -1.0000
vn -0.0084 -0.0040 -1.0000
vn 0.0006 -0.0026 -1.0000
vn -0.0049 0.0037 -1.0000
vn 0.0004 -0.0001 -1.0000
vn 0.0026 -0.0015 -1.0000
vn 0.0020 -0.0002 -1.0000
vn -0.0024 0.0021 -1.0000
vn 0.0004 -0.0017 -1.0000
vn -0.0002 -0.0006 -1.0000
vn -0.0068 -0.0009 -1.0000
vn -0.0089 -0.0235 -0.9997
vn -0.0025 0.0032 -1.0000
vn -0.0032 0.0030 -1.0000
vn 0.0001 0.0009 -1.0000
vn -0.0013 0.0012 -1.0000
vn -0.0007 -0.0002 -1.0000
vn 0.0017 -0.0061 -1.0000
vn 0.0040 0.0036 -1.0000
vn -0.3547 -0.6010 -0.7162
vn 0.0005 -0.0039 -1.0000
vn -0.0005 -0.0040 -1.0000
vn 0.0042 -0.0047 -1.0000
vn -0.0017 0.0006 -1.0000
vn -0.0045 -0.0053 -1.0000
vn -0.0025 -0.0000 -1.0000
vn 0.0053 -0.0050 -1.0000
vn -0.0016 -0.0034 -1.0000
vn -0.0056 -0.0031 -1.0000
vn -0.0068 -0.0026 -1.0000
vn 0.0025 -0.0014 -1.0000
vn 0.0033 0.0437 -0.9990
vn -0.0920 -0.6850 -0.7227
vn -0.1706 -0.6452 -0.7448
vn 0.1687 0.6355 -0.7535
vn -0.1516 0.7445 -0.6502
vn 0.3347 0.5956 -0.7302
vn 0.3220 -0.6146 -0.7201
vn -0.4381 -0.5786 -0.6880
vn -0.1953 -0.7555 -0.6253
vn -0.7189 0.0214 -0.6948
vn -0.6919 -0.2991 -0.6571
vn -0.3909 0.5970 -0.7006
vn -0.6571 0.3182 -0.6834
vn 0.7363 -0.0210 -0.6763
vn 0.7127 0.3281 -0.6201
vn 0.6956 -0.3530 -0.6257
vn 0.1643 -0.6398 -0.7508
vn 0.5404 0.5804 -0.6091
vn -0.5825 0.5507 -0.5978
vn -0.3152 0.9487 0.0250
vn 0.3219 0.9468 0.0019
vn -0.9254 0.3790 -0.0019
vn -0.9326 -0.3608 -0.0058
vn -0.3211 -0.9470 0.0019
vn -0.5584 -0.5776 -0.5954
vn 0.5825 -0.5507 -0.5978
vn 0.3148 -0.9488 0.0249
vn 0.9253 -0.3791 -0.0019
vn 0.9327 0.3607 -0.0058
vn -0.6932 -0.3222 -0.6447
vn -0.7812 -0.1230 -0.6121
vn -0.9511 -0.2927 -0.0987
vn -0.7376 0.0059 -0.6752
vn -0.9766 0.1260 -0.1745
vn -0.8156 0.1090 -0.5682
vn -0.7214 0.2262 -0.6545
vn -0.5899 0.8046 -0.0679
vn -0.6149 0.5099 -0.6016
vn -0.5063 0.6378 -0.5804
vn -0.3350 0.6885 -0.6432
vn -0.3413 0.9398 -0.0174
vn -0.2994 0.9366 -0.1819
vn -0.0962 0.7853 -0.6116
vn -0.0979 0.9872 -0.1257
vn 0.2092 0.9692 -0.1297
vn 0.0096 0.7545 -0.6562
vn 0.4388 0.8930 -0.0998
vn 0.1863 0.7758 -0.6029
vn 0.3310 0.7331 -0.5942
vn 0.4583 0.6686 -0.5856
vn 0.5868 0.5541 -0.5904
vn 0.6068 0.4612 -0.6473
vn 0.6879 0.2892 -0.6657
vn 0.7320 0.1874 -0.6550
vn 0.7931 0.0382 -0.6079
vn 0.7931 -0.1581 -0.5882
vn 0.7523 -0.2842 -0.5943
vn 0.9376 -0.3273 -0.1173
vn 0.6369 -0.4099 -0.6529
vn 0.7543 -0.6322 -0.1770
vn 0.4851 -0.5382 -0.6892
vn 0.2498 -0.7236 -0.6434
vn 0.1085 -0.8051 -0.5831
vn -0.0382 -0.7972 -0.6025
vn -0.2883 -0.7143 -0.6377
vn -0.4390 -0.6747 -0.5933
vn -0.6959 -0.7036 -0.1440
vn -0.7848 -0.5987 -0.1603
vn -0.5666 -0.5640 -0.6007
vn -0.6522 -0.4313 -0.6234
vn 0.4601 -0.8573 -0.2309
vn -0.1829 0.5825 -0.7920
vn 0.4867 -0.3845 -0.7844
vn 0.3054 -0.5353 -0.7875
vn -0.6255 0.3727 -0.6855
vn -0.1639 -0.7071 -0.6878
vn 0.7150 0.4887 -0.4999
vn 0.7541 0.3548 -0.5526
vn 0.5392 0.6717 -0.5080
vn 0.6440 0.5161 -0.5647
vn 0.4337 0.6817 -0.5893
vn 0.2682 0.7976 -0.5403
vn 0.1528 0.8319 -0.5335
vn -0.1533 0.8278 -0.5396
vn 0.0120 0.8345 -0.5509
vn -0.2869 0.7292 -0.6213
vn -0.3627 0.7123 -0.6009
vn -0.6397 0.5808 -0.5034
vn -0.4663 0.6890 -0.5549
vn -0.7002 0.4392 -0.5628
vn -0.7872 0.3181 -0.5283
vn -0.8265 0.0088 -0.5629
vn -0.8251 0.2339 -0.5143
vn -0.8260 -0.0925 -0.5560
vn -0.7922 -0.2396 -0.5613
vn -0.7421 -0.4013 -0.5369
vn -0.7518 -0.3438 -0.5627
vn -0.5981 -0.5796 -0.5535
vn -0.5227 -0.6924 -0.4975
vn -0.4267 -0.7325 -0.5304
vn -0.2701 -0.8063 -0.5262
vn -0.1168 -0.8117 -0.5722
vn 0.0275 -0.8125 -0.5823
vn 0.2583 -0.7666 -0.5878
vn 0.1307 -0.8501 -0.5101
vn 0.5157 -0.6474 -0.5612
vn 0.3692 -0.7778 -0.5086
vn 0.6132 -0.6029 -0.5103
vn 0.6991 -0.4424 -0.5617
vn 0.7780 -0.3081 -0.5475
vn 0.8048 -0.1914 -0.5618
vn 0.8013 -0.0507 -0.5961
vn 0.7724 0.2053 -0.6010
vn 0.8451 0.0660 -0.5306
vn -0.2349 0.9587 -0.1601
vn -0.9800 -0.1454 -0.1360
vn 0.9996 -0.0269 -0.0091
vn -0.9910 0.0787 -0.1084
vn -0.9988 0.0344 -0.0351
vn -0.9637 0.2646 -0.0348
vn -0.9864 0.1498 0.0677
vn -0.8318 0.5522 -0.0573
vn -0.6195 0.7841 -0.0378
vn -0.4048 0.9118 -0.0690
vn 0.2210 0.9704 0.0970
vn 0.3653 0.9287 -0.0637
vn 0.5118 0.8577 -0.0489
vn 0.3703 0.9232 0.1030
vn 0.7520 0.6586 -0.0260
vn 0.9262 0.3746 -0.0416
vn 0.8781 0.4055 0.2542
vn 0.9983 0.0569 -0.0128
vn 0.9938 0.0373 -0.1049
vn 0.8297 -0.5568 -0.0388
vn 0.6105 -0.7900 -0.0560
vn 0.3364 -0.9409 -0.0383
vn 0.1256 -0.9915 -0.0340
vn 0.1253 -0.9885 0.0845
vn 0.1432 -0.9873 -0.0695
vn -0.1933 -0.9790 -0.0653
vn -0.0885 -0.9953 -0.0394
vn -0.5019 -0.8646 -0.0257
vn -0.7511 -0.6577 -0.0575
vn -0.9215 -0.3865 -0.0379
vn -0.9925 -0.1022 0.0677
vn 0.9867 -0.1617 0.0191
vn -0.1466 0.9757 -0.1630
vn 0.1167 0.9925 -0.0356
s 1
usemtl 0.301961_0.301961_0.301961_0.000000_0.005
f 3//1 1//2 2//3
f 4//4 3//1 2//3
f 6//5 4//4 5//6
f 7//7 8//8 9//9
f 10//10 9//9 8//8
f 1//2 10//10 12//11
f 12//11 2//3 1//2
f 11//12 12//11 10//10
f 8//8 11//12 10//10
f 9//9 6//5 7//7
f 5//6 7//7 6//5
f 2//3 5//6 4//4
f 14//13 15//13 2//13
f 16//13 12//13 11//13
f 2//13 12//13 14//13
f 2//13 15//13 13//13
f 13//13 17//13 5//13
f 12//13 16//13 14//13
f 5//13 2//13 13//13
f 18//13 16//13 11//13
f 21//13 19//13 7//13
f 19//13 20//14 8//14
f 20//14 18//13 8//14
f 17//13 21//13 5//13
f 7//13 5//13 21//13
f 8//14 7//13 19//13
f 11//13 8//14 18//13
f 22//15 23//16 1//17
f 23//16 24//18 10//19
f 24//18 25//20 9//21
f 25//20 6//22 9//21
f 25//20 26//23 6//22
f 26//23 27//24 4//25
f 27//24 28//26 3//27
f 28//26 22//15 1//17
f 1//17 3//27 28//26
f 3//27 4//25 27//24
f 4//25 6//22 26//23
f 9//21 10//19 24//18
f 10//19 1//17 23//16
f 20//28 29//29 30//30
f 18//31 30//30 31//32
f 16//33 18//31 31//32
f 31//32 32//34 16//33
f 14//35 16//33 32//34
f 32//34 33//36 14//35
f 15//37 14//35 34//38
f 13//39 15//37 34//38
f 17//40 13//39 35//41
f 35//41 36//42 17//40
f 17//40 36//42 37//43
f 19//44 37//43 38//45
f 19//44 38//45 29//29
f 29//29 20//28 19//44
f 37//43 19//44 21//46
f 37//43 21//46 17//40
f 34//38 35//41 13//39
f 33//36 34//38 14//35
f 30//30 18//31 20//28
f 34//47 33//48 39//49
f 40//50 31//51 30//52
f 32//53 31//51 41//54
f 31//51 40//50 41//54
f 32//53 41//54 39//49
f 33//48 32//53 39//49
f 43//55 42//56 29//57
f 30//52 29//57 42//56
f 42//56 40//50 30//52
f 41//54 40//50 44//58
f 44//58 51//59 41//54
f 42//60 43//61 45//62
f 45//62 40//63 42//60
f 49//64 48//65 46//66
f 46//66 47//67 49//64
f 49//64 45//62 43//61
f 43//61 48//65 49//64
f 40//63 45//62 50//68
f 50//68 44//58 40//63
f 41//69 51//59 52//70
f 52//70 53//71 41//69
f 39//72 41//69 53//71
f 39//72 53//71 54//73
f 54//73 55//74 39//72
f 56//75 55//74 54//73
f 57//76 51//59 44//58
f 44//58 58//77 57//76
f 44//58 50//68 58//77
f 57//76 52//70 51//59
f 64//78 65//79 63//80
f 66//81 65//79 64//78
f 67//82 47//67 46//66
f 72//83 71//84 73//85
f 72//83 75//86 74//87
f 70//88 73//85 71//84
f 61//89 76//90 78//91
f 76//90 77//92 78//91
f 80//93 83//94 79//95
f 80//93 79//95 74//87
f 74//87 75//86 80//93
f 76//90 81//96 77//92
f 81//96 82//97 77//92
f 83//94 84//98 79//95
f 83//94 85//99 84//98
f 87//100 81//101 76//102
f 84//103 88//104 89//105
f 89//105 79//106 84//103
f 84//103 90//107 88//104
f 85//108 82//109 90//107
f 86//110 82//109 81//101
f 86//110 90//107 82//109
f 90//107 84//103 85//108
f 81//101 87//100 86//110
f 91//111 92//112 82//109
f 82//109 85//108 91//111
f 82//97 92//112 93//113
f 93//113 77//92 82//97
f 85//99 83//94 94//114
f 94//114 91//111 85//99
f 95//115 92//112 91//111
f 91//111 96//116 95//115
f 95//115 93//113 92//112
f 91//111 94//114 96//116
f 99//117 110//118 87//119
f 101//120 99//117 102//121
f 103//122 101//120 102//121
f 102//121 104//123 103//122
f 103//122 104//123 105//124
f 106//125 105//124 89//126
f 107//127 89//126 88//128
f 108//129 88//128 90//130
f 90//130 86//131 109//132
f 110//118 109//132 86//131
f 86//131 87//119 110//118
f 90//130 109//132 108//129
f 88//128 108//129 107//127
f 89//126 107//127 106//125
f 105//124 106//125 103//122
f 100//133 102//121 99//117
f 87//119 100//133 99//117
f 106//13 107//14 111//134
f 111//134 107//14 108//135
f 111//134 112//13 106//13
f 106//13 112//13 113//13
f 108//135 114//136 111//134
f 109//136 110//13 115//13
f 110//13 99//13 116//13
f 99//13 101//13 116//13
f 113//13 116//13 101//13
f 109//136 115//13 114//136
f 116//13 115//13 110//13
f 113//13 103//13 106//13
f 114//136 108//135 109//136
f 113//13 101//13 103//13
f 118//137 117//138 111//139
f 119//140 118//137 114//141
f 120//142 119//140 115//143
f 115//143 116//144 120//142
f 121//145 120//142 116//144
f 122//146 121//145 116//144
f 123//147 122//146 112//148
f 117//138 123//147 111//139
f 112//148 111//139 123//147
f 113//149 112//148 122//146
f 116//144 113//149 122//146
f 114//141 115//143 119//140
f 111//139 114//141 118//137
f 124//150 125//151 122//152
f 125//151 126//153 121//154
f 126//153 119//140 120//142
f 127//155 128//156 118//157
f 128//156 124//150 117//158
f 117//158 118//157 128//156
f 118//157 119//159 127//155
f 120//142 121//154 126//153
f 121//154 122//152 125//151
f 122//152 123//160 124//150
f 123//160 117//158 124//150
f 131//161 132//162 133//163
f 134//164 133//163 132//162
f 136//165 134//164 137//166
f 138//167 136//165 139//168
f 140//169 141//170 142//171
f 141//170 143//172 142//171
f 144//173 143//172 145//174
f 146//175 144//173 145//174
f 147//176 148//177 146//175
f 146//175 149//178 147//176
f 147//176 150//179 129//180
f 131//161 133//163 130//181
f 130//181 151//182 131//161
f 129//180 148//177 147//176
f 145//174 149//178 146//175
f 141//170 145//174 143//172
f 142//171 138//167 140//169
f 139//168 140//169 138//167
f 137//166 139//168 136//165
f 135//183 137//166 134//164
f 132//162 135//183 134//164
f 172//184 171//185 150//179
f 150//179 147//176 152//186
f 152//186 172//184 150//179
f 149//187 153//188 154//189
f 154//189 147//176 149//187
f 145//190 155//191 153//188
f 153//188 149//187 145//190
f 141//192 157//193 158//194
f 158//194 145//190 141//192
f 140//195 159//196 157//193
f 157//193 141//192 140//195
f 140//195 161//197 160//198
f 139//199 162//200 161//197
f 161//197 140//195 139//199
f 139//199 137//201 163//202
f 163//202 162//200 139//199
f 137//201 165//203 164//204
f 135//205 166//206 165//203
f 165//203 137//201 135//205
f 135//205 132//207 167//208
f 167//208 166//206 135//205
f 132//207 131//161 168//209
f 131//161 169//210 168//209
f 151//182 170//211 169//210
f 169//210 131//161 151//182
f 168//209 167//208 132//207
f 164//204 163//202 137//201
f 160//198 159//196 140//195
f 158//194 156//212 145//190
f 156//212 155//191 145//190
f 154//189 152//186 147//176
f 151//182 177//213 170//211
f 168//209 169//210 174//214
f 174//214 169//210 170//211
f 170//211 173//215 174//214
f 172//184 152//186 175//216
f 154//189 175//216 152//186
f 197//217 171//185 172//184
f 172//184 176//218 197//217
f 173//219 170//211 177//213
f 178//220 167//208 168//209
f 174//214 179//221 180//222
f 180//222 168//209 174//214
f 181//223 166//206 167//208
f 166//206 181//223 182//224
f 182//224 165//203 166//206
f 165//203 182//224 183//225
f 183//225 164//204 165//203
f 184//226 162//200 163//202
f 164//204 183//225 185//227
f 185//227 163//202 164//204
f 186//228 161//197 162//200
f 161//197 186//228 187//229
f 187//229 160//198 161//197
f 160//198 187//229 188//230
f 188//230 159//196 160//198
f 189//231 158//194 157//193
f 159//196 188//230 190//232
f 190//232 157//193 159//196
f 191//233 156//212 158//194
f 156//212 191//233 192//234
f 192//234 155//191 156//212
f 155//191 192//234 193//235
f 193//235 153//188 155//191
f 194//236 175//216 154//189
f 153//188 193//235 195//237
f 195//237 154//189 153//188
f 175//216 194//236 176//218
f 176//218 172//184 175//216
f 179//221 174//214 173//215
f 173//215 196//238 179//221
f 154//189 195//237 194//236
f 158//194 189//231 191//233
f 157//193 190//232 189//231
f 162//200 184//226 186//228
f 163//202 185//227 184//226
f 167//208 178//220 181//223
f 168//209 180//222 178//220
f 126//239 125//240 197//241
f 198//242 98//243 197//241
f 126//239 197//241 98//243
f 129//180 150//179 171//244
f 125//240 171//244 197//241
f 95//115 96//116 127//155
f 171//244 97//245 129//180
f 197//241 199//246 198//242
f 98//243 119//159 126//239
f 171//244 125//240 124//247
f 127//155 119//159 95//115
f 96//116 128//248 127//155
f 124//247 97//245 171//244
f 119//159 98//243 95//115
f 97//245 124//247 128//248
f 128//248 96//116 97//245
f 199//249 197//217 176//218
f 180//222 179//221 200//250
f 194//236 201//251 176//218
f 196//238 200//250 179//221
f 195//237 201//251 194//236
f 177//213 225//252 196//238
f 196//238 173//219 177//213
f 202//253 203//254 204//255
f 203//254 206//256 207//257
f 206//256 208//258 207//257
f 206//256 209//259 210//260
f 209//259 211//261 210//260
f 211//261 212//262 210//260
f 213//263 212//262 214//264
f 211//261 214//264 212//262
f 215//265 213//263 216//266
f 217//267 218//268 215//265
f 219//269 220//270 218//268
f 218//268 217//267 219//269
f 219//269 221//271 220//270
f 221//271 219//269 198//242
f 198//242 199//246 221//271
f 222//272 224//273 223//274
f 223//274 202//253 222//272
f 216//266 217//267 215//265
f 214//264 216//266 213//263
f 210//260 208//258 206//256
f 207//257 205//275 203//254
f 205//275 204//255 203//254
f 204//255 222//272 202//253
f 223//274 224//273 225//276
f 60//277 225//276 26//278
f 225//276 60//277 223//274
f 24//279 57//76 58//77
f 58//77 60//277 25//280
f 225//276 177//281 27//282
f 59//283 57//76 22//284
f 60//277 26//278 25//280
f 130//181 59//283 177//281
f 24//279 23//285 57//76
f 225//276 27//282 26//278
f 57//76 23//285 22//284
f 28//286 27//282 177//281
f 177//281 59//283 28//286
f 25//280 24//279 58//77
f 59//283 22//284 28//286
f 177//281 151//182 130//181
f 222//287 204//288 180//222
f 204//288 178//220 180//222
f 178//220 204//288 205//289
f 182//224 181//223 205//289
f 183//225 182//224 207//290
f 185//227 208//291 210//292
f 208//291 185//227 183//225
f 186//228 184//226 210//292
f 186//228 210//292 212//293
f 212//293 187//229 186//228
f 212//293 188//230 187//229
f 189//231 190//232 213//294
f 190//232 188//230 212//293
f 212//293 213//294 190//232
f 189//231 213//294 215//295
f 215//295 191//233 189//231
f 191//233 215//295 218//296
f 218//296 192//234 191//233
f 193//235 192//234 218//296
f 218//296 220//297 193//235
f 221//298 201//251 195//237
f 195//237 220//297 221//298
f 195//237 193//235 220//297
f 201//251 221//298 199//249
f 199//249 176//218 201//251
f 200//250 196//238 224//299
f 224//299 222//287 200//250
f 210//292 184//226 185//227
f 207//290 208//291 183//225
f 205//289 207//290 182//224
f 205//289 181//223 178//220
f 180//222 200//250 222//287
f 196//238 225//252 224//299
f 105//300 104//301 226//302
f 231//303 226//302 104//301
f 76//102 61//89 227//304
f 228//305 227//304 61//89
f 74//87 79//106 230//306
f 231//303 104//301 102//301
f 76//102 231//303 100//307
f 226//302 230//306 79//106
f 76//102 100//307 87//100
f 102//301 100//307 231//303
f 226//302 79//106 105//300
f 76//102 227//304 231//303
f 89//105 105//300 79//106
f 74//87 230//306 229//308
f 226//309 231//310 232//311
f 232//311 234//312 226//309
f 233//313 248//314 230//306
f 233//313 230//306 226//309
f 234//312 233//313 226//309
f 231//310 227//304 235//315
f 227//304 236//316 235//315
f 235//315 232//311 231//310
f 250//317 234//312 232//311
f 232//311 237//318 250//317
f 251//319 250//317 237//318
f 237//318 238//320 251//319
f 237//318 235//315 238//320
f 235//315 236//316 239//321
f 239//321 238//320 235//315
f 235//315 237//318 232//311
f 245//322 228//305 240//323
f 228//305 236//316 227//304
f 243//324 238//320 239//321
f 244//325 242//326 246//327
f 242//326 243//324 246//327
f 246//327 239//321 236//316
f 245//322 246//327 228//305
f 236//316 228//305 246//327
f 246//327 245//322 244//325
f 239//321 246//327 243//324
f 242//326 244//325 241//328
f 254//329 245//322 247//330
f 240//323 247//330 245//322
f 248//314 233//313 249//331
f 233//313 234//312 250//317
f 249//331 250//317 251//319
f 250//317 249//331 233//313
f 252//332 243//324 242//326
f 242//326 253//333 252//332
f 253//333 242//326 241//328
f 241//328 261//334 253//333
f 252//332 251//319 238//320
f 252//332 249//331 251//319
f 238//320 243//324 252//332
f 244//325 245//322 254//329
f 254//329 241//328 244//325
f 230//306 248//314 229//308
f 260//335 229//308 255//336
f 254//329 247//330 256//337
f 256//337 258//338 254//329
f 258//338 261//334 241//328
f 241//328 254//329 258//338
f 249//331 252//332 257//339
f 252//332 253//333 257//339
f 253//333 261//334 259//340
f 257//339 259//340 255//336
f 248//314 257//339 229//308
f 255//336 229//308 257//339
f 259//340 257//339 253//333
f 257//339 248//314 249//331
f 259//340 256//337 260//335
f 260//335 255//336 259//340
f 256//337 259//340 258//338
f 258//338 259//340 261//334
f 264//341 36//342 35//343
f 36//342 264//341 262//344
f 263//345 55//74 56//75
f 37//342 36//342 262//344
f 262//344 38//346 37//342
f 264//341 35//343 34//47
f 43//55 29//57 38//346
f 48//65 43//55 262//344
f 34//47 39//49 264//341
f 38//346 262//344 43//55
f 264//341 39//49 55//74
f 262//344 264//341 265//347
f 265//347 267//348 262//344
f 266//349 281//350 48//65
f 266//349 48//65 262//344
f 267//348 266//349 262//344
f 264//341 55//74 268//351
f 55//74 269//352 268//351
f 268//351 265//347 264//341
f 270//353 271//354 284//355
f 284//355 283//356 270//353
f 265//347 270//353 283//356
f 283//356 267//348 265//347
f 270//353 268//351 271//354
f 268//351 269//352 272//357
f 272//357 271//354 268//351
f 268//351 270//353 265//347
f 278//358 263//345 273//359
f 263//345 269//352 55//74
f 276//360 271//354 272//357
f 277//361 275//362 279//363
f 275//362 276//360 279//363
f 279//363 272//357 269//352
f 278//358 279//363 263//345
f 269//352 263//345 279//363
f 279//363 278//358 277//361
f 272//357 279//363 276//360
f 275//362 277//361 274//364
f 287//365 278//358 280//366
f 273//359 280//366 278//358
f 281//350 266//349 282//367
f 266//349 267//348 283//356
f 282//367 283//356 284//355
f 283//356 282//367 266//349
f 275//362 274//364 294//368
f 286//369 276//360 275//362
f 286//369 284//355 271//354
f 286//369 282//367 284//355
f 271//354 276//360 286//369
f 275//362 285//370 286//369
f 294//368 285//370 275//362
f 277//361 278//358 287//365
f 287//365 274//364 277//361
f 48//65 281//350 46//66
f 293//371 46//66 288//372
f 287//365 280//366 289//373
f 289//373 290//374 287//365
f 274//364 287//365 290//374
f 290//374 294//368 274//364
f 282//367 286//369 291//375
f 286//369 285//370 291//375
f 285//370 294//368 292//376
f 291//375 292//376 288//372
f 281//350 291//375 46//66
f 288//372 46//66 291//375
f 292//376 291//375 285//370
f 291//375 281//350 282//367
f 292//376 289//373 293//371
f 293//371 288//372 292//376
f 289//373 292//376 290//374
f 290//374 292//376 294//368
f 293//371 67//82 46//66
f 68//377 273//359 263//345
f 74//87 229//308 260//335
f 228//305 61//89 62//378
f 70//88 295//379 296//380
f 66//81 67//82 297//381
f 68//377 296//380 273//359
f 296//380 280//382 273//359
f 280//382 296//380 298//383
f 289//384 280//382 298//383
f 298//383 299//385 289//384
f 293//371 297//381 67//82
f 293//371 289//384 297//381
f 299//385 297//381 289//384
f 296//380 68//377 69//386
f 300//387 63//80 65//79
f 62//378 300//387 240//323
f 300//387 247//388 240//323
f 247//388 300//387 301//389
f 301//389 302//390 256//391
f 256//391 247//388 301//389
f 260//335 71//84 72//83
f 260//335 256//391 71//84
f 302//390 71//84 256//391
f 300//387 62//378 63//80
f 66//81 297//381 65//79
f 296//380 69//386 70//88
f 295//379 70//88 71//84
f 62//378 240//323 228//305
f 260//335 72//83 74//87
f 263//345 56//75 68//377
f 303//392 65//79 297//381
f 300//387 65//79 306//393
f 304//394 295//379 71//84
f 296//380 295//379 318//395
f 310//396 299//397 298//398
f 298//398 317//399 310//396
f 316//400 302//401 301//402
f 301//402 305//403 316//400
f 306//393 301//402 300//387
f 301//402 306//393 305//403
f 305//403 307//404 308//405
f 307//404 305//403 306//393
f 310//396 303//392 299//397
f 297//381 299//397 303//392
f 310//396 309//406 303//392
f 312//407 308//405 307//404
f 303//392 311//408 65//79
f 311//408 312//407 65//79
f 312//407 307//404 306//393
f 306//393 65//79 312//407
f 311//408 303//392 309//406
f 315//409 308//405 312//407
f 313//410 312//407 311//408
f 314//411 311//408 309//406
f 309//406 320//412 314//411
f 311//408 314//411 313//410
f 312//407 313//410 315//409
f 315//409 316//400 308//405
f 305//403 308//405 316//400
f 316//400 304//394 302//401
f 71//84 302//401 304//394
f 316//400 315//409 304//394
f 317//399 320//412 310//396
f 309//406 310//396 320//412
f 314//411 320//412 319//413
f 304//394 313//410 295//379
f 313//410 314//411 295//379
f 314//411 319//413 318//395
f 318//395 295//379 314//411
f 313//410 304//394 315//409
f 318//395 298//398 296//380
f 298//398 318//395 317//399
f 317//399 319//413 320//412
f 319//413 317//399 318//395
f 97//245 323//414 322//415
f 97//245 96//116 323//414
f 324//416 323//414 96//116
f 324//416 96//116 94//417
f 83//418 326//419 325//420
f 325//420 94//417 83//418
f 327//421 326//419 83//418
f 80//422 328//423 327//421
f 327//421 83//418 80//422
f 80//422 329//424 328//423
f 329//424 80//422 75//425
f 330//426 75//86 72//83
f 331//427 330//426 73//85
f 73//85 70//88 331//427
f 331//427 70//88 69//386
f 69//386 332//428 331//427
f 332//428 69//386 68//377
f 332//428 68//377 56//75
f 56//75 333//429 332//428
f 333//429 56//75 54//73
f 54//73 334//430 333//429
f 54//73 53//431 335//432
f 335//432 334//430 54//73
f 53//431 336//433 335//432
f 53//431 52//434 337//435
f 337//435 336//433 53//431
f 52//434 338//436 337//435
f 52//434 57//76 339//437
f 339//437 338//436 52//434
f 57//76 340//438 339//437
f 340//438 57//76 59//283
f 72//83 73//85 330//426
f 321//439 340//438 59//283
f 342//440 333//441 341//442
f 341//442 343//443 342//440
f 321//444 344//445 346//446
f 345//447 346//446 344//445
f 334//430 348//448 341//442
f 341//442 333//441 334//430
f 334//430 347//449 348//448
f 347//449 334//430 335//432
f 335//432 349//450 347//449
f 396//451 341//452 348//453
f 348//453 357//454 396//451
f 347//449 352//455 357//454
f 357//454 348//453 347//449
f 335//432 355//456 349//450
f 349//450 352//455 347//449
f 352//455 350//457 351//458
f 346//446 353//459 340//460
f 340//460 321//444 346//446
f 355//456 335//432 336//433
f 349//450 355//456 354//461
f 349//450 354//461 350//457
f 350//457 352//455 349//450
f 351//458 350//457 354//461
f 355//456 336//433 356//462
f 337//435 356//462 336//433
f 397//463 343//464 341//452
f 341//452 396//451 397//463
f 397//463 398//465 343//464
f 353//459 339//466 340//460
f 353//459 358//467 339//466
f 353//468 346//469 359//470
f 359//470 362//471 353//468
f 338//472 339//466 358//467
f 358//467 360//473 338//472
f 358//474 353//468 362//471
f 362//471 361//475 358//474
f 355//456 356//462 384//476
f 361//475 370//477 360//478
f 360//478 358//474 361//475
f 364//479 363//480 365//481
f 361//475 364//479 366//482
f 365//481 366//482 364//479
f 364//479 361//475 362//471
f 363//480 364//479 362//471
f 337//435 367//483 356//462
f 338//472 360//473 367//483
f 367//483 337//435 338//472
f 368//484 369//485 367//483
f 356//462 367//483 369//485
f 369//485 384//476 356//462
f 370//477 374//486 360//478
f 374//486 368//484 367//483
f 367//483 360//478 374//486
f 366//482 365//481 371//487
f 361//475 366//482 370//477
f 371//487 370//477 366//482
f 372//488 371//487 365//481
f 371//487 373//489 374//486
f 373//489 368//484 374//486
f 374//486 370//477 371//487
f 373//489 371//487 372//488
f 376//490 375//491 378//492
f 375//491 376//490 372//488
f 372//488 365//481 375//491
f 378//492 381//493 376//490
f 379//494 375//491 377//495
f 375//491 365//481 363//480
f 377//495 363//480 362//471
f 362//471 359//470 377//495
f 363//480 377//495 375//491
f 377//495 359//470 379//494
f 375//491 379//494 378//492
f 379//494 359//470 380//496
f 379//494 380//496 378//492
f 380//496 346//469 345//497
f 346//469 380//496 359//470
f 387//498 382//499 380//496
f 380//496 345//497 387//498
f 378//492 380//496 382//499
f 382//499 381//493 378//492
f 372//488 376//490 373//489
f 383//500 376//490 410//501
f 383//500 410//501 408//502
f 383//500 373//489 376//490
f 381//493 410//501 376//490
f 368//484 384//476 369//485
f 368//484 373//489 383//500
f 402//503 382//499 387//498
f 402//503 409//504 382//499
f 342//440 343//443 385//505
f 385//505 386//506 342//440
f 386//506 385//505 387//507
f 344//445 386//506 387//507
f 387//507 345//447 344//445
f 385//508 343//464 388//509
f 343//464 389//510 388//509
f 343//464 398//465 389//510
f 388//509 387//498 385//508
f 393//511 391//512 351//458
f 391//512 393//511 392//513
f 393//511 351//458 390//514
f 351//458 391//512 394//515
f 391//512 392//513 394//515
f 392//513 393//511 395//516
f 392//513 395//516 398//465
f 357//454 352//455 394//515
f 394//515 352//455 351//458
f 397//463 396//451 392//513
f 398//465 397//463 392//513
f 392//513 396//451 394//515
f 396//451 357//454 394//515
f 354//461 405//517 390//514
f 354//461 399//518 405//517
f 399//518 354//461 355//456
f 400//519 355//456 384//476
f 355//456 400//519 399//518
f 351//458 354//461 390//514
f 401//520 399//518 400//519
f 408//502 401//520 400//519
f 383//500 400//519 384//476
f 384//476 368//484 383//500
f 400//519 383//500 408//502
f 402//503 388//509 404//521
f 388//509 389//510 406//522
f 404//521 406//522 405//517
f 405//517 406//522 390//514
f 389//510 398//465 395//516
f 406//522 389//510 395//516
f 395//516 393//511 406//522
f 393//511 390//514 406//522
f 388//509 402//503 387//498
f 399//518 403//523 404//521
f 406//522 404//521 388//509
f 405//517 399//518 404//521
f 404//521 403//523 402//503
f 382//499 409//504 381//493
f 381//493 409//504 410//501
f 409//504 407//524 408//502
f 408//502 410//501 409//504
f 407//524 409//504 402//503
f 402//503 403//523 407//524
f 401//520 408//502 407//524
f 403//523 401//520 407//524
f 401//520 403//523 399//518
f 411//525 413//526 322//527
f 412//528 322//527 413//526
f 329//529 414//530 415//531
f 416//532 415//531 414//530
f 415//531 417//533 329//529
f 411//525 322//527 323//534
f 323//534 418//535 411//525
f 419//536 323//534 324//416
f 323//534 419//536 418//535
f 420//537 411//538 418//539
f 418//539 426//540 420//537
f 420//537 432//541 411//538
f 94//417 421//542 419//536
f 419//536 324//416 94//417
f 418//539 422//543 426//540
f 422//543 418//539 419//544
f 419//544 423//545 422//543
f 423//545 419//544 421//542
f 421//542 427//546 423//545
f 424//547 425//548 426//540
f 422//543 424//547 426//540
f 424//547 422//543 423//545
f 424//547 423//545 429//549
f 425//548 424//547 437//550
f 437//550 428//551 425//548
f 429//549 437//550 424//547
f 427//546 429//549 423//545
f 421//542 438//552 427//546
f 325//420 431//553 430//554
f 421//542 94//417 430//554
f 94//417 325//420 430//554
f 432//541 420//537 435//555
f 435//555 426//540 425//548
f 435//555 434//556 433//557
f 426//540 435//555 420//537
f 435//555 433//557 432//541
f 432//541 413//558 411//538
f 432//541 443//559 413//558
f 417//533 328//423 329//529
f 328//423 417//533 436//560
f 436//560 445//561 327//421
f 327//421 328//423 436//560
f 447//562 449//563 436//560
f 470//564 447//562 417//565
f 436//560 417//565 447//562
f 421//542 430//554 438//552
f 429//549 427//546 438//552
f 437//550 438//552 439//566
f 439//566 438//552 430//554
f 437//550 440//567 428//551
f 439//566 440//567 437//550
f 438//552 437//550 429//549
f 441//568 434//556 435//555
f 441//568 451//569 434//556
f 435//555 425//548 428//551
f 428//551 441//568 435//555
f 433//557 443//559 432//541
f 443//559 433//557 442//570
f 442//570 433//557 434//556
f 457//571 413//558 443//559
f 443//559 444//572 457//571
f 442//570 451//569 444//572
f 451//569 442//570 434//556
f 444//572 443//559 442//570
f 474//573 457//571 444//572
f 445//561 446//574 327//421
f 436//560 449//563 445//561
f 449//563 467//575 466//576
f 449//563 447//562 467//575
f 449//563 466//576 448//577
f 431//553 325//420 326//578
f 455//579 439//566 430//554
f 430//554 431//553 455//579
f 455//579 431//553 450//580
f 441//568 428//551 440//567
f 454//581 452//582 451//569
f 451//569 441//568 454//581
f 454//581 441//568 440//567
f 452//582 454//581 453//583
f 440//567 439//566 454//581
f 453//583 480//584 452//582
f 454//581 439//566 455//579
f 326//578 327//421 446//574
f 326//578 450//580 431//553
f 445//561 449//563 448//577
f 456//585 448//577 463//586
f 448//577 456//585 445//561
f 446//574 445//561 456//585
f 470//564 467//575 447//562
f 416//587 468//588 469//589
f 469//589 415//590 416//587
f 469//589 470//564 415//590
f 417//565 415//590 470//564
f 457//591 459//592 458//593
f 414//530 458//593 459//592
f 412//528 413//526 457//591
f 457//591 458//593 412//528
f 459//592 416//532 414//530
f 459//594 457//571 475//595
f 478//596 416//587 459//594
f 478//596 468//588 416//587
f 459//594 475//595 478//596
f 461//597 462//598 465//599
f 466//576 463//586 448//577
f 465//599 462//598 468//588
f 469//589 467//575 470//564
f 467//575 469//589 462//598
f 469//589 468//588 462//598
f 466//576 467//575 462//598
f 461//597 464//600 460//601
f 464//600 463//586 460//601
f 463//586 466//576 460//601
f 466//576 462//598 460//601
f 462//598 461//597 460//601
f 483//602 471//603 326//578
f 326//578 446//574 483//602
f 472//604 483//602 446//574
f 446//574 456//585 472//604
f 456//585 473//605 472//604
f 473//605 456//585 463//586
f 450//580 326//578 471//603
f 455//579 450//580 471//603
f 453//583 471//603 483//602
f 453//583 454//581 455//579
f 483//602 480//584 453//583
f 471//603 453//583 455//579
f 476//606 477//607 478//596
f 472//604 473//605 479//608
f 478//596 479//608 468//588
f 473//605 463//586 464//600
f 465//599 479//608 461//597
f 468//588 479//608 465//599
f 475//595 457//571 474//573
f 476//606 483//602 472//604
f 464//600 461//597 473//605
f 461//597 479//608 473//605
f 479//608 478//596 477//607
f 479//608 477//607 472//604
f 478//596 475//595 476//606
f 477//607 476//606 472//604
f 451//569 452//582 444//572
f 481//609 444//572 452//582
f 481//609 452//582 480//584
f 480//584 483//602 482//610
f 481//609 480//584 482//610
f 482//610 483//602 476//606
f 475//595 482//610 476//606
f 482//610 444//572 481//609
f 474//573 444//572 482//610
f 475//595 474//573 482//610
f 60//277 485//611 484//612
f 60//277 58//77 485//611
f 486//613 485//611 58//77
f 486//613 58//77 50//614
f 45//615 488//616 487//617
f 487//617 50//614 45//615
f 489//618 488//616 45//615
f 49//619 490//620 489//618
f 489//618 45//615 49//619
f 49//619 491//621 490//620
f 491//621 49//619 47//622
f 492//623 47//67 67//82
f 493//624 63//80 62//378
f 62//378 494//625 493//624
f 494//625 62//378 61//89
f 494//625 61//89 78//91
f 78//91 495//626 494//625
f 497//627 95//115 98//243
f 93//628 498//629 502//630
f 93//628 95//115 499//631
f 499//631 498//629 93//628
f 95//115 497//627 499//631
f 77//632 500//633 501//634
f 77//632 93//628 502//630
f 502//630 500//633 77//632
f 78//91 503//635 495//626
f 78//91 77//632 501//634
f 501//634 503//635 78//91
f 496//636 497//627 98//243
f 63//80 493//624 64//78
f 66//81 64//78 492//623
f 67//82 66//81 492//623
f 504//637 506//638 484//639
f 505//640 484//639 506//638
f 491//641 507//642 508//643
f 491//641 508//643 509//644
f 504//637 484//639 485//645
f 485//645 510//646 504//637
f 510//646 485//645 486//613
f 486//613 511//647 510//646
f 512//648 504//649 510//650
f 512//648 524//651 504//649
f 50//614 513//652 511//647
f 511//647 486//613 50//614
f 510//650 517//653 512//648
f 510//650 514//654 517//653
f 514//654 510//650 511//655
f 514//654 511//655 513//652
f 513//652 519//656 514//654
f 514//654 515//657 517//653
f 515//657 516//658 518//659
f 517//653 518//659 512//648
f 518//659 517//653 515//657
f 515//657 514//654 521//660
f 516//658 515//657 530//661
f 530//661 520//662 516//658
f 521//660 530//661 515//657
f 519//656 521//660 514//654
f 513//652 531//663 519//656
f 487//617 522//664 523//665
f 513//652 50//614 523//665
f 50//614 487//617 523//665
f 524//651 512//648 526//666
f 526//666 518//659 516//658
f 526//666 525//667 524//651
f 518//659 526//666 512//648
f 524//651 506//668 504//649
f 524//651 527//669 506//668
f 490//620 509//644 528//670
f 490//620 491//641 509//644
f 528//670 536//671 489//618
f 489//618 490//620 528//670
f 538//672 529//673 528//670
f 528//670 509//674 538//672
f 513//652 523//665 531//663
f 521//660 519//656 531//663
f 530//661 531//663 532//675
f 532//675 531//663 523//665
f 530//661 533//676 520//662
f 532//675 533//676 530//661
f 531//663 530//661 521//660
f 534//677 525//667 526//666
f 534//677 543//678 525//667
f 526//666 516//658 520//662
f 520//662 534//677 526//666
f 525//667 535//679 524//651
f 535//679 527//669 524//651
f 553//680 506//668 527//669
f 527//669 570//681 553//680
f 535//679 543//678 570//681
f 543//678 535//679 525//667
f 570//681 527//669 535//679
f 562//682 553//680 570//681
f 536//671 537//683 489//618
f 528//670 529//673 536//671
f 529//673 538//672 539//684
f 540//685 541//686 529//673
f 522//664 487//617 488//687
f 547//688 532//675 523//665
f 523//665 522//664 547//688
f 547//688 522//664 542//689
f 534//677 520//662 533//676
f 546//690 544//691 543//678
f 543//678 534//677 546//690
f 546//690 534//677 533//676
f 544//691 546//690 545//692
f 533//676 532//675 546//690
f 545//692 568//693 544//691
f 546//690 532//675 547//688
f 488//687 489//618 537//683
f 488//687 542//689 522//664
f 536//671 529//673 541//686
f 548//694 541//686 556//695
f 541//686 548//694 536//671
f 537//683 536//671 548//694
f 508//696 551//697 549//698
f 508//696 549//698 550//699
f 550//699 538//672 509//674
f 550//699 509//674 508//696
f 505//640 506//638 553//680
f 553//680 552//700 505//640
f 552//701 508//643 507//642
f 552//700 553//680 563//702
f 566//703 508//696 552//700
f 566//703 551//697 508//696
f 552//700 563//702 566//703
f 539//684 550//699 557//704
f 557//704 549//698 554//705
f 555//706 556//695 558//707
f 556//695 540//685 558//707
f 540//685 557//704 558//707
f 557//704 554//705 558//707
f 554//705 555//706 558//707
f 540//685 529//673 539//684
f 557//704 540//685 539//684
f 540//685 556//695 541//686
f 554//705 549//698 551//697
f 549//698 557//704 550//699
f 550//699 539//684 538//672
f 572//708 559//709 488//687
f 488//687 537//683 572//708
f 560//710 572//708 537//683
f 537//683 548//694 560//710
f 548//694 561//711 560//710
f 561//711 548//694 556//695
f 542//689 488//687 559//709
f 547//688 542//689 559//709
f 545//692 559//709 572//708
f 545//692 546//690 547//688
f 572//708 568//693 545//692
f 559//709 545//692 547//688
f 564//712 565//713 566//703
f 560//710 561//711 567//714
f 566//703 567//714 551//697
f 554//705 567//714 555//706
f 551//697 567//714 554//705
f 563//702 553//680 562//682
f 564//712 572//708 560//710
f 556//695 555//706 561//711
f 555//706 567//714 561//711
f 567//714 566//703 565//713
f 567//714 565//713 560//710
f 566//703 563//702 564//712
f 565//713 564//712 560//710
f 543//678 568//693 569//715
f 543//678 569//715 570//681
f 568//693 543//678 544//691
f 571//716 569//715 568//693
f 568//693 572//708 571//716
f 571//716 572//708 564//712
f 563//702 571//716 564//712
f 562//682 569//715 571//716
f 562//682 570//681 569//715
f 563//702 562//682 571//716
f 574//717 495//718 573//719
f 573//719 575//720 574//717
f 496//721 576//722 578//723
f 577//724 578//723 576//722
f 503//635 579//725 573//719
f 573//719 495//718 503//635
f 580//726 579//725 503//635
f 580//726 503//635 501//634
f 501//634 581//727 580//726
f 626//728 573//729 579//730
f 579//730 585//731 626//728
f 579//730 582//732 585//731
f 582//732 579//730 580//726
f 501//634 589//733 581//727
f 581//727 582//732 580//726
f 582//732 586//734 584//735
f 584//735 585//731 582//732
f 578//723 587//736 497//737
f 497//737 496//721 578//723
f 589//733 501//634 500//633
f 581//727 589//733 588//738
f 581//727 588//738 586//734
f 586//734 582//732 581//727
f 583//739 586//734 588//738
f 589//733 500//633 590//740
f 590//740 500//633 502//630
f 591//741 575//742 573//729
f 573//729 626//728 591//741
f 591//741 592//743 575//742
f 587//736 499//744 497//737
f 587//736 593//745 499//744
f 587//746 578//747 594//748
f 594//748 595//749 587//746
f 498//750 499//744 593//745
f 593//745 596//751 498//750
f 598//752 593//753 587//746
f 598//752 597//754 593//753
f 595//749 598//752 587//746
f 589//733 590//740 619//755
f 597//754 605//756 596//757
f 596//757 593//753 597//754
f 597//754 598//752 600//758
f 600//758 599//759 601//760
f 599//759 600//758 598//752
f 599//759 598//752 595//749
f 502//630 602//761 590//740
f 498//750 596//751 602//761
f 602//761 502//630 498//750
f 603//762 604//763 602//761
f 590//740 602//761 604//763
f 604//763 619//755 590//740
f 605//756 609//764 596//757
f 603//762 596//757 609//764
f 602//761 596//757 603//762
f 600//758 601//760 607//765
f 597//754 600//758 606//766
f 606//766 605//756 597//754
f 607//765 606//766 600//758
f 606//766 608//767 609//764
f 609//764 605//756 606//766
f 603//762 609//764 608//767
f 608//767 606//766 607//765
f 611//768 610//769 613//770
f 610//769 611//768 607//765
f 607//765 601//760 610//769
f 613//770 615//771 611//768
f 612//772 610//769 595//749
f 610//769 601//760 599//759
f 599//759 595//749 610//769
f 595//749 594//748 612//772
f 610//769 612//772 613//770
f 612//772 594//748 614//773
f 614//773 613//770 612//772
f 614//773 578//747 577//774
f 578//747 614//773 594//748
f 621//775 617//776 614//773
f 614//773 577//774 621//775
f 613//770 614//773 617//776
f 617//776 616//777 613//770
f 616//777 615//771 613//770
f 607//765 611//768 608//767
f 618//778 611//768 615//771
f 618//778 615//771 639//779
f 618//778 608//767 611//768
f 603//762 619//755 604//763
f 603//762 608//767 618//778
f 632//780 617//776 621//775
f 574//717 575//720 620//781
f 576//722 620//782 621//775
f 621//775 577//724 576//722
f 620//782 575//742 622//783
f 575//742 623//784 622//783
f 575//742 592//743 623//784
f 622//783 621//775 620//782
f 626//728 585//731 584//735
f 592//743 591//741 625//785
f 626//728 584//735 627//786
f 584//735 586//734 627//786
f 624//787 625//785 628//788
f 627//786 583//739 628//788
f 624//787 628//788 583//739
f 627//786 628//788 625//785
f 583//739 627//786 586//734
f 627//786 625//785 626//728
f 626//728 625//785 591//741
f 635//789 637//790 588//738
f 588//738 629//791 635//789
f 629//791 588//738 589//733
f 630//792 589//733 619//755
f 589//733 630//792 629//791
f 583//739 588//738 637//790
f 631//793 629//791 630//792
f 639//779 631//793 630//792
f 618//778 630//792 619//755
f 619//755 603//762 618//778
f 630//792 618//778 639//779
f 632//780 622//783 634//794
f 622//783 623//784 636//795
f 634//794 636//795 637//790
f 623//784 592//743 625//785
f 636//795 623//784 625//785
f 625//785 624//787 636//795
f 637//790 636//795 624//787
f 624//787 583//739 637//790
f 622//783 632//780 621//775
f 629//791 633//796 634//794
f 637//790 635//789 634//794
f 636//795 634//794 622//783
f 635//789 629//791 634//794
f 634//794 633//796 632//780
f 616//777 617//776 638//797
f 616//777 638//797 615//771
f 639//779 615//771 638//797
f 640//798 617//776 632//780
f 632//780 633//796 640//798
f 640//798 639//779 638//797
f 631//793 639//779 640//798
f 638//797 617//776 640//798
f 640//798 633//796 631//793
f 631//793 633//796 629//791
f 59//283 130//181 641//799
f 130//181 642//800 641//799
f 130//181 133//801 642//800
f 59//283 643//802 344//803
f 344//803 321//439 59//283
f 643//802 644//804 386//805
f 641//799 643//802 59//283
f 645//806 642//800 133//801
f 386//805 344//803 643//802
f 646//807 129//180 97//245
f 646//807 647//808 129//180
f 97//245 322//415 412//809
f 412//809 648//810 97//245
f 648//810 412//809 458//811
f 146//812 148//813 649//814
f 458//811 650//815 648//810
f 648//810 646//807 97//245
f 148//813 647//808 649//814
f 651//816 652//817 653//818
f 653//818 654//819 651//816
f 656//820 652//817 655//821
f 655//821 414//822 329//424
f 330//823 657//824 658//825
f 330//823 142//826 657//824
f 655//821 329//424 656//820
f 144//827 146//812 651//816
f 142//826 143//828 657//824
f 655//821 650//815 458//811
f 75//425 659//829 656//820
f 651//816 654//819 144//827
f 656//820 329//424 75//425
f 654//819 660//830 143//828
f 652//817 656//820 653//818
f 75//425 330//823 661//831
f 661//831 659//829 75//425
f 660//830 657//824 143//828
f 649//814 651//816 146//812
f 458//811 414//822 655//821
f 658//825 661//831 330//823
f 143//828 144//827 654//819
f 664//832 663//833 662//834
f 662//834 669//835 664//832
f 667//836 666//837 665//838
f 665//838 668//839 667//836
f 134//840 664//832 669//835
f 668//839 136//841 667//836
f 663//833 670//842 662//834
f 669//835 133//801 134//840
f 333//843 342//844 670//842
f 673//845 332//846 676//847
f 672//848 677//849 142//826
f 142//826 330//823 672//848
f 676//847 665//838 673//845
f 671//850 333//843 670//842
f 663//833 671//850 670//842
f 670//842 342//844 386//805
f 331//851 332//846 673//845
f 668//839 674//852 136//841
f 134//840 674//852 664//832
f 332//846 675//853 676//847
f 386//805 644//804 670//842
f 679//854 330//823 331//851
f 677//849 138//855 142//826
f 330//823 679//854 672//848
f 331//851 678//856 679//854
f 138//855 680//857 667//836
f 332//846 333//843 675//853
f 667//836 136//841 138//855
f 666//837 673//845 665//838
f 671//850 675//853 333//843
f 673//845 678//856 331//851
f 133//801 669//835 645//806
f 677//849 680//857 138//855
f 134//840 136//841 674//852
f 647//808 148//813 129//180
f 647//808 646//858 681//859
f 646//858 682//860 681//859
f 646//858 648//861 683//862
f 683//862 682//860 646//858
f 693//863 692//864 681//859
f 681//859 692//864 684//865
f 681//859 682//860 693//863
f 649//814 687//866 651//816
f 647//808 681//859 649//814
f 687//866 649//867 685//868
f 649//867 681//859 684//865
f 684//865 685//868 649//867
f 685//868 696//869 687//866
f 687//866 686//870 651//816
f 648//861 650//871 688//872
f 689//873 688//872 650//871
f 655//874 701//875 689//873
f 689//873 650//871 655//874
f 688//872 683//862 648//861
f 690//876 692//864 693//863
f 691//877 690//876 694//878
f 691//877 694//878 683//862
f 694//878 693//863 682//860
f 682//860 683//862 694//878
f 693//863 694//878 690//876
f 695//879 685//868 684//865
f 684//865 692//864 695//879
f 695//879 703//880 696//869
f 696//869 685//868 695//879
f 686//870 652//881 651//816
f 686//870 702//882 652//881
f 696//869 686//870 687//866
f 697//883 703//880 695//879
f 695//879 692//864 690//876
f 690//876 699//884 695//879
f 698//885 697//883 695//879
f 699//884 690//876 691//877
f 698//885 695//879 689//873
f 689//873 699//884 688//872
f 691//877 688//872 699//884
f 688//872 691//877 683//862
f 689//873 701//875 698//885
f 699//884 689//873 695//879
f 696//869 703//880 686//870
f 686//870 703//880 700//886
f 686//870 700//886 702//882
f 655//874 702//882 701//875
f 702//882 655//874 652//881
f 700//886 697//883 704//887
f 704//887 698//885 701//875
f 700//886 704//887 702//882
f 701//875 702//882 704//887
f 698//885 704//887 697//883
f 697//883 700//886 703//880
f 654//888 653//889 705//890
f 653//889 706//891 705//890
f 653//889 656//892 706//891
f 707//893 706//891 656//892
f 714//894 715//895 708//896
f 705//897 714//894 708//896
f 717//898 714//894 705//897
f 706//891 717//898 705//897
f 654//888 705//890 709//899
f 709//899 660//900 654//888
f 660//830 711//901 657//824
f 711//901 660//900 710//902
f 710//902 660//900 709//899
f 709//899 705//897 708//896
f 710//902 720//903 711//901
f 657//824 711//901 721//904
f 656//892 659//905 712//906
f 661//907 725//908 724//909
f 724//909 659//905 661//907
f 724//909 712//906 659//905
f 712//906 707//893 656//892
f 713//910 715//895 714//894
f 713//910 714//894 717//898
f 707//893 716//911 706//891
f 716//911 717//898 706//891
f 716//911 707//893 713//910
f 717//898 716//911 713//910
f 718//912 709//899 708//896
f 708//896 715//895 718//912
f 718//912 710//902 709//899
f 718//912 719//913 720//903
f 720//903 710//902 718//912
f 657//824 721//904 726//914
f 726//914 658//915 657//824
f 720//903 721//904 711//901
f 722//916 719//913 718//912
f 718//912 715//895 713//910
f 713//910 723//917 718//912
f 727//918 722//916 718//912
f 724//909 723//917 712//906
f 707//893 712//906 723//917
f 723//917 713//910 707//893
f 724//909 725//908 729//919
f 724//909 729//919 727//918
f 723//917 724//909 718//912
f 718//912 724//909 727//918
f 720//903 719//913 721//904
f 721//904 719//913 728//920
f 721//904 728//920 726//914
f 658//915 726//914 725//908
f 725//908 661//907 658//915
f 719//913 722//916 728//920
f 728//920 727//918 729//919
f 729//919 725//908 728//920
f 725//908 726//914 728//920
f 727//918 728//920 722//916
f 677//849 672//921 730//922
f 731//923 730//922 672//921
f 672//921 679//924 732//925
f 732//925 731//923 672//921
f 742//926 739//927 733//928
f 730//922 742//926 733//928
f 730//922 731//923 742//926
f 667//929 680//930 734//931
f 677//849 730//922 680//857
f 734//931 737//932 667//929
f 680//930 730//922 733//928
f 733//928 735//933 680//930
f 734//931 680//930 735//933
f 734//931 745//934 737//932
f 667//929 737//932 736//935
f 679//924 678//936 738//937
f 673//938 749//939 748//940
f 748//940 678//936 673//938
f 748//940 738//937 678//936
f 738//937 732//925 679//924
f 740//941 739//927 742//926
f 741//942 740//941 743//943
f 741//942 743//943 732//925
f 743//943 742//926 731//923
f 731//923 732//925 743//943
f 742//926 743//943 740//941
f 744//944 735//933 733//928
f 733//928 739//927 744//944
f 744//944 751//945 745//934
f 745//934 734//931 744//944
f 734//931 735//933 744//944
f 736//935 666//946 667//929
f 736//935 750//947 666//946
f 745//934 736//935 737//932
f 745//934 751//945 736//935
f 736//935 751//945 752//948
f 736//935 752//948 750//949
f 746//950 751//945 744//944
f 740//941 747//951 744//944
f 744//944 739//927 740//941
f 747//951 740//941 741//942
f 748//940 747//951 738//937
f 741//942 738//937 747//951
f 738//937 741//942 732//925
f 748//940 749//939 746//950
f 747//951 748//940 744//944
f 744//944 748//940 746//950
f 673//938 750//947 749//939
f 750//947 673//938 666//946
f 751//945 746//950 752//948
f 752//948 753//952 750//949
f 753//952 749//939 750//949
f 749//939 753//952 746//950
f 753//952 752//948 746//950
f 668//839 665//953 754//954
f 665//953 755//955 754//954
f 665//953 676//956 755//955
f 756//957 755//955 676//956
f 754//958 765//959 757//960
f 766//961 765//959 754//958
f 755//955 766//961 754//958
f 664//962 674//963 758//964
f 668//839 754//954 674//852
f 758//964 761//965 664//962
f 674//963 754//958 757//960
f 757//960 759//966 674//963
f 758//964 674//963 759//966
f 758//964 768//967 761//965
f 761//965 760//968 664//962
f 676//956 675//969 762//970
f 675//969 763//971 762//970
f 671//972 772//973 763//971
f 763//971 675//969 671//972
f 762//970 756//957 676//956
f 764//974 765//959 766//961
f 756//957 766//961 755//955
f 766//961 756//957 764//974
f 767//975 759//966 757//960
f 757//960 765//959 767//975
f 767//975 774//976 768//967
f 768//967 758//964 767//975
f 758//964 759//966 767//975
f 760//968 663//977 664//962
f 760//968 773//978 663//977
f 768//967 760//968 761//965
f 768//967 774//976 760//968
f 760//968 775//979 773//978
f 760//968 774//976 775//979
f 769//980 774//976 767//975
f 767//975 765//959 764//974
f 764//974 770//981 767//975
f 771//982 770//981 762//970
f 756//957 762//970 770//981
f 770//981 764//974 756//957
f 777//983 771//982 763//971
f 763//971 772//973 777//983
f 762//970 763//971 771//982
f 771//982 777//983 769//980
f 770//981 771//982 767//975
f 767//975 771//982 769//980
f 772//973 671//972 663//977
f 663//977 773//978 772//973
f 774//976 769//980 775//979
f 775//979 769//980 776//984
f 775//979 776//984 773//978
f 772//973 773//978 776//984
f 772//973 776//984 777//983
f 777//983 776//984 769//980
f 669//835 662//985 778//986
f 662//985 779//987 778//986
f 662//985 670//988 780//989
f 780//989 779//987 662//985
f 778//990 789//991 781//992
f 779//987 789//991 778//990
f 789//991 788//993 781//992
f 669//835 778//986 645//806
f 645//806 784//994 642//800
f 784//994 645//995 783//996
f 645//995 778//990 781//992
f 781//992 783//996 645//995
f 783//996 782//997 784//994
f 670//988 644//998 785//999
f 643//1000 796//1001 794//1002
f 794//1002 644//998 643//1000
f 644//998 794//1002 785//999
f 785//999 780//989 670//988
f 787//1003 786//1004 789//991
f 786//1004 788//993 789//991
f 787//1003 789//991 780//989
f 779//987 780//989 789//991
f 790//1005 783//996 781//992
f 781//992 788//993 790//1005
f 790//1005 795//1006 782//997
f 782//997 783//996 790//1005
f 641//1007 784//994 791//1008
f 784//994 641//1007 642//800
f 792//1009 795//1006 790//1005
f 790//1005 788//993 786//1004
f 786//1004 793//1010 790//1005
f 798//1011 792//1009 790//1005
f 793//1010 786//1004 787//1003
f 794//1002 793//1010 785//999
f 787//1003 785//999 793//1010
f 785//999 787//1003 780//989
f 796//1001 798//1011 794//1002
f 793//1010 794//1002 790//1005
f 790//1005 794//1002 798//1011
f 782//997 795//1006 784//994
f 784//994 795//1006 799//1012
f 799//1012 791//1008 784//994
f 643//1000 797//1013 796//1001
f 797//1013 643//1000 641//1007
f 641//1007 791//1008 797//1013
f 799//1012 792//1009 800//1014
f 792//1009 798//1011 800//1014
f 800//1014 798//1011 797//1013
f 796//1001 797//1013 798//1011
f 797//1013 791//1008 800//1014
f 800//1014 791//1008 799//1012
f 799//1012 795//1006 792//1009
f 803//1015 804//1016 801//1017
f 801//1017 802//1018 803//1015
f 803//1015 217//1019 804//1016
f 805//1020 495//1021 574//717
f 98//243 806//1022 576//1023
f 811//1024 198//242 219//1025
f 805//1020 574//717 620//781
f 576//1023 496//636 98//243
f 219//1025 808//1026 811//1024
f 620//781 809//1027 805//1020
f 806//1022 809//1027 620//781
f 810//1028 806//1022 98//243
f 98//243 198//242 810//1028
f 803//1015 808//1026 219//1025
f 801//1017 807//1029 495//1021
f 803//1015 219//1025 217//1019
f 495//1021 805//1020 802//1018
f 217//1019 812//1030 804//1016
f 801//1017 495//1021 802//1018
f 217//1019 216//1031 812//1030
f 620//781 576//1023 806//1022
f 811//1024 810//1028 198//242
f 813//1032 816//1033 493//1034
f 816//1033 214//1035 493//1034
f 494//1036 814//1037 815//1038
f 815//1038 493//1034 494//1036
f 493//1034 815//1038 813//1032
f 816//1033 812//1030 216//1031
f 494//1036 495//1021 807//1029
f 807//1029 814//1037 494//1036
f 820//1039 817//1040 818//1041
f 818//1041 819//1042 820//1039
f 820//1039 209//1043 817//1040
f 214//1035 821//1044 822//1045
f 209//1043 206//1046 817//1040
f 214//1035 211//1047 821//1044
f 47//622 492//623 825//1048
f 825//1048 492//623 823//1049
f 492//623 826//1050 823//1049
f 827//1051 826//1050 64//78
f 818//1041 823//1049 819//1042
f 826//1050 492//623 64//78
f 822//1045 493//1034 214//1035
f 822//1045 827//1051 493//1034
f 823//1049 818//1041 825//1048
f 211//1047 209//1043 820//1039
f 211//1047 828//1052 821//1044
f 47//622 824//1053 829//1054
f 64//78 493//1034 827//1051
f 825//1048 824//1053 47//622
f 820//1039 828//1052 211//1047
f 829//1054 491//621 47//622
f 833//1055 203//1056 831//1057
f 831//1057 830//1058 833//1055
f 835//1059 832//1060 552//701
f 60//277 484//612 505//1061
f 507//642 833//1055 835//1059
f 507//642 491//621 833//1055
f 505//1061 834//1062 60//277
f 223//274 836//1063 840//1064
f 837//1065 831//1057 203//1056
f 834//1062 505//1061 552//701
f 838//1066 839//1067 206//1046
f 203//1056 202//1068 837//1065
f 552//701 832//1060 834//1062
f 491//621 829//1054 833//1055
f 203//1056 833//1055 838//1066
f 834//1062 836//1063 60//277
f 552//701 507//642 835//1059
f 202//1068 840//1064 837//1065
f 830//1058 835//1059 833//1055
f 836//1063 223//274 60//277
f 206//1046 203//1056 838//1066
f 840//1064 202//1068 223//274
f 206//1046 839//1067 817//1040
f 816//1033 216//1031 214//1035
f 803//1015 802//1069 841//1070
f 842//1071 841//1070 802//1069
f 802//1069 805//1072 842//1071
f 843//1073 842//1071 805//1072
f 845//1074 844//1075 848//1076
f 841//1077 845//1074 848//1076
f 846//1078 845//1074 841//1077
f 842//1079 846//1078 841//1077
f 811//1080 808//1081 847//1082
f 803//1015 841//1070 808//1026
f 847//1082 850//1083 811//1080
f 848//1076 849//1084 808//1081
f 847//1082 856//1085 850//1083
f 847//1082 808//1081 849//1084
f 808//1081 841//1077 848//1076
f 805//1072 809//1086 851//1087
f 809//1086 852//1088 851//1087
f 806//1089 863//1090 852//1088
f 852//1088 809//1086 806//1089
f 851//1087 843//1073 805//1072
f 846//1078 842//1079 853//1091
f 846//1078 853//1091 845//1074
f 845//1074 853//1091 854//1092
f 854//1092 844//1075 845//1074
f 842//1079 843//1073 853//1091
f 847//1082 849//1084 862//1093
f 862//1093 849//1084 848//1076
f 848//1076 844//1075 862//1093
f 862//1093 857//1094 856//1085
f 856//1085 847//1082 862//1093
f 850//1083 810//1095 811//1080
f 850//1083 855//1096 810//1095
f 856//1085 857//1094 850//1083
f 850//1083 857//1094 864//1097
f 850//1083 864//1097 855//1096
f 851//1087 852//1088 860//1098
f 863//1090 860//1098 852//1088
f 853//1091 851//1087 861//1099
f 858//1100 859//1101 860//1098
f 861//1099 860//1098 862//1093
f 854//1092 861//1099 862//1093
f 862//1093 844//1075 854//1092
f 859//1101 857//1094 862//1093
f 862//1093 860//1098 859//1101
f 861//1099 854//1092 853//1091
f 860//1098 861//1099 851//1087
f 863//1090 858//1100 860//1098
f 851//1087 853//1091 843//1073
f 806//1089 855//1096 863//1090
f 855//1096 806//1089 810//1095
f 855//1096 858//1100 863//1090
f 859//1101 864//1097 857//1094
f 864//1097 859//1101 858//1100
f 864//1097 858//1100 855//1096
f 816//1033 813//1102 865//1103
f 813//1102 866//1104 865//1103
f 813//1102 815//1105 866//1104
f 867//1106 866//1104 815//1105
f 865//1107 875//1108 869//1109
f 866//1104 875//1108 865//1107
f 875//1108 868//1110 869//1109
f 816//1033 865//1103 812//1030
f 812//1030 872//1111 804//1016
f 869//1109 870//1112 812//1113
f 870//1112 877//1114 872//1111
f 872//1111 812//1113 870//1112
f 812//1113 865//1107 869//1109
f 872//1111 871//1115 804//1016
f 815//1105 814//1116 873//1117
f 814//1116 874//1118 873//1117
f 807//1119 884//1120 874//1118
f 874//1118 814//1116 807//1119
f 873//1117 867//1106 815//1105
f 875//1108 866//1104 876//1121
f 866//1104 867//1106 876//1121
f 875//1108 876//1121 868//1110
f 883//1122 870//1112 869//1109
f 869//1109 868//1110 883//1122
f 883//1122 878//1123 877//1114
f 877//1114 870//1112 883//1122
f 871//1115 801//1124 804//1016
f 871//1115 885//1125 801//1124
f 877//1114 871//1115 872//1111
f 877//1114 878//1123 871//1115
f 871//1115 887//1126 886//1127
f 871//1115 878//1123 887//1126
f 871//1115 886//1127 885//1125
f 873//1117 874//1118 881//1128
f 884//1120 881//1128 874//1118
f 867//1106 873//1117 882//1129
f 882//1129 876//1121 867//1106
f 879//1130 880//1131 881//1128
f 882//1129 881//1128 883//1122
f 868//1110 882//1129 883//1122
f 880//1131 878//1123 883//1122
f 883//1122 881//1128 880//1131
f 882//1129 868//1110 876//1121
f 881//1128 882//1129 873//1117
f 884//1120 879//1130 881//1128
f 807//1119 885//1125 884//1120
f 885//1125 807//1119 801//1124
f 885//1125 879//1130 884//1120
f 885//1125 886//1127 879//1130
f 879//1130 886//1127 887//1126
f 878//1123 880//1131 887//1126
f 887//1126 880//1131 879//1130
f 820//1039 819//1132 888//1133
f 819//1132 889//1134 888//1133
f 819//1132 823//1135 890//1136
f 890//1136 889//1134 819//1132
f 891//1137 899//1138 893//1139
f 888//1133 891//1137 893//1139
f 888//1133 889//1134 891//1137
f 821//1140 828//1141 892//1142
f 820//1039 888//1133 828//1052
f 892//1142 896//1143 821//1140
f 893//1139 894//1144 828//1141
f 892//1142 903//1145 896//1143
f 892//1142 828//1141 894//1144
f 828//1141 888//1133 893//1139
f 821//1140 896//1143 895//1146
f 823//1135 826//1147 897//1148
f 826//1147 898//1149 897//1148
f 827//1150 908//1151 898//1149
f 898//1149 826//1147 827//1150
f 897//1148 890//1136 823//1135
f 891//1137 900//1152 902//1153
f 902//1153 899//1138 891//1137
f 901//1154 902//1153 900//1152
f 901//1154 900//1152 890//1136
f 900//1152 891//1137 889//1134
f 889//1134 890//1136 900//1152
f 907//1155 894//1144 893//1139
f 893//1139 899//1138 907//1155
f 907//1155 892//1142 894//1144
f 907//1155 912//1156 903//1145
f 903//1145 892//1142 907//1155
f 895//1146 822//1157 821//1140
f 895//1146 909//1158 822//1157
f 903//1145 895//1146 896//1143
f 897//1148 898//1149 905//1159
f 908//1151 905//1159 898//1149
f 901//1154 897//1148 906//1160
f 905//1159 908//1151 904//1161
f 906//1160 902//1153 901//1154
f 906//1160 905//1159 907//1155
f 902//1153 906//1160 907//1155
f 907//1155 899//1138 902//1153
f 904//1161 912//1156 907//1155
f 907//1155 905//1159 904//1161
f 905//1159 906//1160 897//1148
f 897//1148 901//1154 890//1136
f 903//1145 912//1156 895//1146
f 895//1146 912//1156 911//1162
f 895//1146 911//1162 909//1163
f 827//1150 909//1158 908//1151
f 909//1158 827//1150 822//1157
f 910//1164 908//1151 909//1163
f 908//1151 910//1164 904//1161
f 910//1164 911//1162 904//1161
f 912//1156 904//1161 911//1162
f 911//1162 910//1164 909//1163
f 838//1066 833//1165 913//1166
f 914//1167 913//1166 833//1165
f 833//1165 829//1168 914//1167
f 915//1169 914//1167 829//1168
f 925//1170 916//1171 918//1172
f 913//1173 925//1170 918//1172
f 917//1174 925//1170 913//1173
f 914//1175 917//1174 913//1173
f 839//1067 921//1176 817//1040
f 838//1066 913//1166 839//1067
f 918//1172 919//1177 839//1178
f 919//1177 927//1179 921//1176
f 921//1176 839//1178 919//1177
f 839//1178 913//1173 918//1172
f 817//1040 921//1176 920//1180
f 829//1168 824//1181 922//1182
f 825//1183 932//1184 923//1185
f 923//1185 824//1181 825//1183
f 923//1185 922//1182 824//1181
f 922//1182 915//1169 829//1168
f 917//1174 924//1186 926//1187
f 926//1187 916//1171 925//1170
f 926//1187 925//1170 917//1174
f 924//1186 917//1174 914//1175
f 914//1175 915//1169 924//1186
f 931//1188 919//1177 918//1172
f 918//1172 916//1171 931//1188
f 931//1188 936//1189 927//1179
f 927//1179 919//1177 931//1188
f 817//1040 920//1180 933//1190
f 933//1190 818//1191 817//1040
f 927//1179 920//1180 921//1176
f 923//1185 932//1184 928//1192
f 924//1186 922//1182 930//1193
f 930//1193 926//1187 924//1186
f 923//1185 928//1192 929//1194
f 930//1193 923//1185 931//1188
f 929//1194 935//1195 931//1188
f 926//1187 930//1193 931//1188
f 931//1188 916//1171 926//1187
f 935//1195 936//1189 931//1188
f 931//1188 923//1185 929//1194
f 923//1185 930//1193 922//1182
f 922//1182 924//1186 915//1169
f 927//1179 936//1189 920//1180
f 920//1180 936//1189 934//1196
f 920//1180 934//1196 933//1190
f 825//1183 933//1190 932//1184
f 933//1190 825//1183 818//1191
f 928//1192 932//1184 934//1196
f 932//1184 933//1190 934//1196
f 929//1194 934//1196 935//1195
f 936//1189 935//1195 934//1196
f 934//1196 929//1194 928//1192
f 840//1197 836//1198 937//1199
f 836//1198 938//1200 937//1199
f 836//1198 834//1201 939//1202
f 939//1202 938//1200 836//1198
f 948//1203 949//1204 941//1205
f 937//1199 938//1200 948//1203
f 941//1205 937//1199 948//1203
f 840//1197 937//1199 940//1206
f 940//1206 837//1207 840//1197
f 837//1065 944//1208 831//1057
f 942//1209 837//1207 940//1206
f 942//1209 951//1210 944//1208
f 944//1208 837//1207 942//1209
f 940//1206 937//1199 941//1205
f 944//1208 943//1211 831//1057
f 834//1201 832//1212 945//1213
f 835//1214 957//1215 946//1216
f 946//1216 832//1212 835//1214
f 946//1216 945//1213 832//1212
f 945//1213 939//1202 834//1201
f 938//1200 939//1202 948//1203
f 948//1203 947//1217 950//1218
f 950//1218 949//1204 948//1203
f 947//1217 948//1203 939//1202
f 956//1219 942//1209 940//1206
f 956//1219 940//1206 941//1205
f 941//1205 949//1204 956//1219
f 956//1219 952//1220 951//1210
f 951//1210 942//1209 956//1219
f 830//1221 943//1211 958//1222
f 943//1211 830//1221 831//1057
f 951//1210 943//1211 944//1208
f 951//1210 952//1220 943//1211
f 943//1211 952//1220 959//1223
f 943//1211 959//1223 958//1224
f 947//1217 945//1213 955//1225
f 953//1226 954//1227 946//1216
f 955//1225 946//1216 956//1219
f 949//1204 955//1225 956//1219
f 954//1227 952//1220 956//1219
f 956//1219 946//1216 954//1227
f 955//1225 949//1204 950//1218
f 955//1225 950//1218 947//1217
f 946//1216 955//1225 945//1213
f 957//1215 953//1226 946//1216
f 945//1213 947//1217 939//1202
f 835//1214 958//1222 957//1215
f 958//1222 835//1214 830//1221
f 953//1226 957//1215 958//1224
f 953//1226 958//1224 960//1228
f 958//1224 959//1223 960//1228
f 952//1220 954//1227 960//1228
f 952//1220 960//1228 959//1223
f 960//1228 954//1227 953//1226
f 961//1229 963//1230 964//1231
f 963//1230 966//1232 965//1233
f 966//1232 967//1234 965//1233
f 967//1234 970//1235 969//1236
f 970//1235 972//1237 971//1238
f 972//1237 961//1229 973//1239
f 973//1239 971//1238 972//1237
f 971//1238 969//1236 970//1235
f 969//1236 968//1240 967//1234
f 968//1240 965//1233 967//1234
f 965//1233 964//1231 963//1230
f 964//1231 962//1241 961//1229
f 962//1241 973//1239 961//1229
f 965//1242 968//1243 974//1244
f 975//1245 976//1246 965//1242
f 964//1247 965//1242 976//1246
f 964//1247 976//1246 977//1248
f 973//1249 977//1248 978//1250
f 973//1249 978//1250 979//1251
f 979//1251 969//1252 971//1253
f 968//1243 969//1252 974//1244
f 979//1251 974//1244 969//1252
f 979//1251 971//1253 973//1249
f 977//1248 973//1249 962//1254
f 977//1248 962//1254 964//1247
f 974//1244 975//1245 965//1242
f 983//1255 974//1256 979//1257
f 979//1257 982//1258 981//1259
f 979//1257 981//1259 980//1260
f 979//1257 980//1260 983//1255
f 979//1257 978//1261 982//1258
f 980//1260 981//1259 984//1262
f 984//1262 991//1263 980//1260
f 981//1264 982//1265 985//1266
f 986//1267 985//1266 982//1265
f 982//1265 989//1268 986//1267
f 988//1269 989//1268 987//1270
f 989//1268 988//1269 986//1267
f 981//1264 985//1266 990//1271
f 990//1271 984//1262 981//1264
f 980//1272 991//1263 992//1273
f 992//1273 993//1274 980//1272
f 983//1275 980//1272 993//1274
f 994//1276 997//1277 995//1278
f 997//1277 996//1279 995//1278
f 983//1275 993//1274 996//1279
f 996//1279 997//1277 983//1275
f 998//1280 991//1263 984//1262
f 984//1262 999//1281 998//1280
f 984//1262 990//1271 999//1281
f 998//1280 992//1273 991//1263
f 1003//1282 1004//1283 1002//1284
f 1004//1283 1003//1282 1005//1285
f 1008//1286 1007//1287 1009//1288
f 1008//1286 988//1269 987//1270
f 1006//1289 1009//1288 1007//1287
f 994//1276 995//1278 1010//1290
f 1014//1291 1016//1292 1015//1293
f 1017//1294 1018//1295 1019//1296
f 1019//1296 1020//1297 1017//1294
f 1002//1284 1020//1297 1019//1296
f 1016//1292 1021//1298 1015//1293
f 1021//1298 1016//1292 1022//1299
f 1022//1299 1025//1300 1023//1301
f 1023//1301 1021//1298 1022//1299
f 1018//1295 1017//1294 1024//1302
f 1026//1303 1023//1301 1025//1300
f 1017//1304 1027//1305 1029//1306
f 1029//1306 1028//1307 1023//1308
f 1029//1306 1023//1308 1026//1309
f 1026//1309 1024//1310 1029//1306
f 1024//1310 1017//1304 1029//1306
f 1030//1311 1031//1312 1024//1310
f 1024//1310 1026//1309 1030//1311
f 1024//1302 1031//1312 1032//1313
f 1032//1313 1018//1295 1024//1302
f 1026//1303 1025//1300 1033//1314
f 1033//1314 1030//1311 1026//1303
f 1034//1315 1031//1312 1030//1311
f 1030//1311 1035//1316 1034//1315
f 1034//1315 1032//1313 1031//1312
f 1030//1311 1033//1314 1035//1316
f 1038//1317 1047//1318 1027//1319
f 1040//1320 1038//1317 1039//1321
f 1039//1321 1041//1322 1040//1320
f 1042//1323 1041//1322 1043//1324
f 1044//1325 1043//1324 1028//1326
f 1045//1327 1028//1326 1029//1328
f 1047//1318 1046//1329 1029//1328
f 1029//1328 1027//1319 1047//1318
f 1029//1328 1046//1329 1045//1327
f 1028//1326 1045//1327 1044//1325
f 1043//1324 1044//1325 1042//1323
f 1041//1322 1042//1323 1040//1320
f 1027//1319 1039//1321 1038//1317
f 1052//1330 1048//1331 1047//1332
f 1048//1331 1049//1333 1046//1334
f 1049//1333 1050//1335 1044//1336
f 1050//1335 1051//1337 1042//1338
f 1051//1337 1052//1330 1040//1339
f 1038//1340 1040//1339 1052//1330
f 1040//1339 1042//1338 1051//1337
f 1042//1338 1044//1336 1050//1335
f 1044//1336 1045//1341 1049//1333
f 1045//1341 1046//1334 1049//1333
f 1046//1334 1047//1332 1048//1331
f 1047//1332 1038//1340 1052//1330
f 1056//1342 1057//1343 1055//1344
f 1057//1343 1056//1342 1058//1345
f 1062//1346 1063//1347 1061//1348
f 1068//1349 1069//1350 1070//1351
f 1071//1352 1070//1351 1069//1350
f 1064//1353 1063//1347 1062//1346
f 1073//1354 1053//1355 1055//1344
f 1055//1344 1072//1356 1073//1354
f 1072//1356 1055//1344 1057//1343
f 1057//1343 1074//1357 1072//1356
f 1074//1357 1057//1343 1058//1345
f 1058//1345 1075//1358 1074//1357
f 1075//1358 1058//1345 1059//1359
f 1059//1359 1076//1360 1075//1358
f 1076//1360 1059//1359 1060//1361
f 1060//1361 1077//1362 1076//1360
f 1077//1362 1060//1361 1061//1348
f 1061//1348 1078//1363 1077//1362
f 1064//1353 1079//1364 1063//1347
f 1078//1363 1061//1348 1063//1347
f 1080//1365 1079//1364 1064//1353
f 1081//1366 1080//1365 1065//1367
f 1082//1368 1081//1366 1066//1369
f 1083//1370 1082//1368 1067//1371
f 1084//1372 1083//1370 1068//1349
f 1085//1373 1084//1372 1070//1351
f 1086//1374 1085//1373 1071//1352
f 1071//1352 1054//1375 1086//1374
f 1070//1351 1071//1352 1085//1373
f 1068//1349 1070//1351 1084//1372
f 1067//1371 1068//1349 1083//1370
f 1066//1369 1067//1371 1082//1368
f 1065//1367 1066//1369 1081//1366
f 1064//1353 1065//1367 1080//1365
f 1063//1347 1079//1364 1087//1376
f 1078//1363 1063//1347 1087//1376
f 1073//1354 1107//1377 1110//1378
f 1112//1379 1088//1380 1086//1374
f 1085//1373 1109//1381 1090//1382
f 1090//1382 1084//1372 1085//1373
f 1083//1370 1084//1372 1091//1383
f 1092//1384 1093//1385 1082//1368
f 1081//1366 1093//1385 1094//1386
f 1080//1365 1094//1386 1095//1387
f 1080//1365 1095//1387 1096//1388
f 1079//1364 1096//1388 1097//1389
f 1087//1376 1079//1364 1097//1389
f 1097//1389 1098//1390 1087//1376
f 1087//1376 1098//1390 1099//1391
f 1099//1391 1078//1363 1087//1376
f 1077//1362 1078//1363 1100//1392
f 1078//1363 1099//1391 1100//1392
f 1100//1392 1101//1393 1077//1362
f 1076//1360 1077//1362 1101//1393
f 1101//1393 1102//1394 1076//1360
f 1076//1360 1102//1394 1103//1395
f 1103//1395 1075//1358 1076//1360
f 1075//1358 1103//1395 1104//1396
f 1104//1396 1074//1357 1075//1358
f 1072//1356 1074//1357 1105//1397
f 1074//1357 1104//1396 1105//1397
f 1105//1397 1108//1398 1072//1356
f 1108//1398 1107//1399 1073//1354
f 1073//1354 1072//1356 1108//1398
f 1109//1381 1085//1373 1086//1374
f 1086//1374 1088//1400 1109//1381
f 1079//1364 1080//1365 1096//1388
f 1080//1365 1081//1366 1094//1386
f 1081//1366 1082//1368 1093//1385
f 1082//1368 1083//1370 1092//1384
f 1091//1383 1092//1384 1083//1370
f 1090//1382 1091//1383 1084//1372
f 1105//1397 1106//1401 1108//1398
f 1089//1402 1109//1381 1088//1400
f 1107//1399 1108//1398 1106//1401
f 1090//1382 1109//1381 1089//1402
f 1114//1403 1110//1378 1107//1377
f 1107//1377 1111//1404 1114//1403
f 1104//1396 1133//1405 1132//1406
f 1135//1407 1106//1401 1105//1397
f 1105//1397 1132//1406 1135//1407
f 1103//1395 1131//1408 1133//1405
f 1131//1408 1103//1395 1102//1394
f 1102//1394 1130//1409 1131//1408
f 1130//1409 1102//1394 1101//1393
f 1101//1393 1129//1410 1130//1409
f 1099//1391 1127//1411 1128//1412
f 1129//1410 1101//1393 1100//1392
f 1100//1392 1128//1412 1129//1410
f 1098//1390 1126//1413 1127//1411
f 1097//1389 1125//1414 1126//1413
f 1126//1413 1098//1390 1097//1389
f 1125//1414 1097//1389 1096//1388
f 1096//1388 1124//1415 1125//1414
f 1094//1386 1122//1416 1123//1417
f 1124//1415 1096//1388 1095//1387
f 1095//1387 1123//1417 1124//1415
f 1093//1385 1121//1418 1122//1416
f 1092//1384 1120//1419 1121//1418
f 1121//1418 1093//1385 1092//1384
f 1120//1419 1092//1384 1091//1383
f 1091//1383 1119//1420 1120//1419
f 1089//1402 1136//1421 1118//1422
f 1119//1420 1091//1383 1090//1382
f 1090//1382 1118//1422 1119//1420
f 1106//1401 1135//1407 1111//1404
f 1111//1404 1107//1399 1106//1401
f 1136//1421 1089//1402 1088//1400
f 1088//1400 1113//1423 1136//1421
f 1118//1422 1090//1382 1089//1402
f 1122//1416 1094//1386 1093//1385
f 1123//1417 1095//1387 1094//1386
f 1127//1411 1099//1391 1098//1390
f 1128//1412 1100//1392 1099//1391
f 1133//1405 1104//1396 1103//1395
f 1132//1406 1105//1397 1104//1396
f 966//1424 963//1425 1114//1403
f 963//1425 1110//1378 1114//1403
f 1115//1426 1001//1427 1114//1403
f 1053//1355 1073//1354 1110//1378
f 966//1424 1114//1403 1001//1427
f 998//1280 999//1281 970//1428
f 1110//1378 1000//1429 1053//1355
f 999//1281 972//1430 970//1428
f 1001//1427 967//1431 966//1424
f 1000//1429 961//1432 972//1430
f 961//1432 1000//1429 1110//1378
f 1110//1378 963//1425 961//1432
f 967//1431 1001//1427 998//1280
f 970//1428 967//1431 998//1280
f 972//1430 999//1281 1000//1429
f 1114//1403 1116//1433 1115//1426
f 1112//1379 1151//1434 1113//1423
f 1113//1423 1088//1380 1112//1379
f 1132//1406 1134//1435 1135//1407
f 1135//1407 1134//1435 1111//1404
f 1113//1423 1117//1436 1136//1421
f 1118//1422 1136//1421 1117//1436
f 1114//1403 1111//1404 1116//1433
f 1132//1406 1137//1437 1138//1438
f 1138//1438 1134//1435 1132//1406
f 1132//1406 1133//1405 1137//1437
f 1139//1439 1137//1437 1133//1405
f 1133//1405 1131//1408 1139//1439
f 1130//1409 1140//1440 1139//1439
f 1139//1439 1131//1408 1130//1409
f 1129//1410 1141//1441 1140//1440
f 1140//1440 1130//1409 1129//1410
f 1129//1410 1128//1412 1141//1441
f 1142//1442 1141//1441 1128//1412
f 1128//1412 1127//1411 1142//1442
f 1126//1413 1143//1443 1142//1442
f 1142//1442 1127//1411 1126//1413
f 1125//1414 1144//1444 1143//1443
f 1143//1443 1126//1413 1125//1414
f 1125//1414 1124//1415 1144//1444
f 1144//1444 1124//1415 1123//1417
f 1145//1445 1123//1417 1122//1416
f 1122//1416 1121//1418 1146//1446
f 1121//1418 1120//1419 1147//1447
f 1147//1447 1120//1419 1119//1420
f 1148//1448 1119//1420 1118//1422
f 1118//1422 1117//1436 1149//1449
f 1134//1435 1138//1438 1116//1433
f 1116//1433 1111//1404 1134//1435
f 1150//1450 1117//1436 1113//1423
f 1150//1450 1149//1449 1117//1436
f 1149//1449 1148//1448 1118//1422
f 1119//1420 1148//1448 1147//1447
f 1147//1447 1146//1446 1121//1418
f 1146//1446 1145//1445 1122//1416
f 1123//1417 1145//1445 1144//1444
f 1035//1316 1049//1451 1048//1452
f 1048//1452 1034//1315 1035//1316
f 1054//1375 1037//1453 1112//1379
f 1152//1454 1150//1450 1151//1434
f 1151//1434 1112//1379 1051//1455
f 1052//1456 1051//1455 1112//1379
f 1035//1316 1036//1457 1049//1451
f 1036//1457 1151//1434 1050//1458
f 1151//1434 1036//1457 1152//1454
f 1112//1379 1037//1453 1052//1456
f 1037//1453 1034//1315 1052//1456
f 1034//1315 1048//1452 1052//1456
f 1036//1457 1050//1458 1049//1451
f 1151//1434 1051//1455 1050//1458
f 1112//1379 1086//1374 1054//1375
f 1150//1450 1113//1423 1151//1434
f 1153//1459 1115//1426 1116//1433
f 1154//1460 1153//1459 1138//1438
f 1155//1461 1154//1460 1137//1437
f 1156//1462 1155//1461 1139//1439
f 1157//1463 1156//1462 1140//1440
f 1158//1464 1157//1463 1141//1441
f 1159//1465 1158//1464 1142//1442
f 1160//1466 1159//1465 1143//1443
f 1161//1467 1160//1466 1144//1444
f 1162//1468 1161//1467 1145//1445
f 1163//1469 1162//1468 1146//1446
f 1164//1470 1163//1469 1147//1447
f 1165//1471 1164//1470 1148//1448
f 1152//1454 1165//1471 1149//1449
f 1149//1449 1150//1450 1152//1454
f 1148//1448 1149//1449 1165//1471
f 1147//1447 1148//1448 1164//1470
f 1146//1446 1147//1447 1163//1469
f 1145//1445 1146//1446 1162//1468
f 1144//1444 1145//1445 1161//1467
f 1143//1443 1144//1444 1160//1466
f 1142//1442 1143//1443 1159//1465
f 1141//1441 1142//1442 1158//1464
f 1140//1440 1141//1441 1157//1463
f 1139//1439 1140//1440 1156//1462
f 1137//1437 1139//1439 1155//1461
f 1138//1438 1137//1437 1154//1460
f 1116//1433 1138//1438 1153//1459
f 1163//1469 1166//1472 1162//1468
f 1161//1467 1162//1468 1166//1472
f 1160//1466 1167//1473 1159//1465
f 1168//1474 1157//1463 1158//1475
f 1157//1463 1169//1476 1156//1462
f 1168//1474 1169//1476 1157//1463
f 1158//1475 1159//1465 1167//1473
f 1170//1477 976//1478 975//1479
f 977//1480 976//1478 1171//1481
f 1170//1477 1171//1481 976//1478
f 983//1255 975//1479 974//1256
f 983//1255 1170//1477 975//1479
f 1171//1481 982//1258 977//1480
f 978//1261 977//1480 982//1258
f 989//1268 982//1258 1172//1482
f 1170//1477 983//1255 997//1277
f 982//1258 1171//1481 1172//1482
f 1171//1483 1170//1477 1180//1484
f 1180//1484 1174//1485 1171//1483
f 989//1268 1172//1482 1192//1486
f 1191//1487 1192//1486 1172//1482
f 1190//1488 1191//1487 1172//1482
f 1171//1483 1174//1485 1190//1488
f 1190//1488 1172//1482 1171//1483
f 1170//1477 997//1277 1178//1489
f 997//1277 1177//1490 1178//1489
f 1170//1477 1178//1489 1180//1484
f 1179//1491 1175//1492 1173//1493
f 1180//1484 1179//1491 1174//1485
f 1173//1493 1174//1485 1179//1491
f 1177//1490 1176//1494 1178//1489
f 1176//1494 1179//1491 1180//1484
f 1180//1484 1178//1489 1176//1494
f 1179//1491 1176//1494 1175//1492
f 1186//1495 994//1276 1181//1496
f 994//1276 1177//1490 997//1277
f 1184//1497 1175//1492 1176//1494
f 1185//1498 1183//1499 1187//1500
f 1183//1499 1184//1497 1187//1500
f 1187//1500 1176//1494 1177//1490
f 1186//1495 1187//1500 994//1276
f 1177//1490 994//1276 1187//1500
f 1187//1500 1186//1495 1185//1498
f 1176//1494 1187//1500 1184//1497
f 1183//1499 1185//1498 1182//1501
f 1195//1502 1186//1495 1188//1503
f 1181//1496 1188//1503 1186//1495
f 1173//1493 1189//1504 1190//1488
f 1190//1488 1189//1504 1191//1487
f 1192//1486 1191//1487 1189//1504
f 1190//1488 1174//1485 1173//1493
f 1202//1505 1193//1506 1183//1499
f 1193//1506 1194//1507 1184//1497
f 1175//1492 1189//1504 1173//1493
f 1184//1497 1194//1507 1189//1504
f 1189//1504 1175//1492 1184//1497
f 1184//1497 1183//1499 1193//1506
f 1183//1499 1182//1501 1202//1505
f 1185//1498 1186//1495 1195//1502
f 1195//1502 1182//1501 1185//1498
f 989//1268 1192//1486 987//1270
f 1201//1508 987//1270 1196//1509
f 1195//1502 1188//1503 1197//1510
f 1197//1510 1198//1511 1195//1502
f 1182//1501 1195//1502 1198//1511
f 1198//1511 1202//1505 1182//1501
f 1189//1504 1194//1507 1199//1512
f 1194//1507 1193//1506 1199//1512
f 1193//1506 1202//1505 1200//1513
f 1199//1512 1200//1513 1196//1509
f 1192//1486 1199//1512 987//1270
f 1196//1509 987//1270 1199//1512
f 1200//1513 1199//1512 1193//1506
f 1199//1512 1192//1486 1189//1504
f 1200//1513 1197//1510 1201//1508
f 1201//1508 1196//1509 1200//1513
f 1197//1510 1200//1513 1198//1511
f 1198//1511 1200//1513 1202//1505
f 1203//1514 1041//1515 1039//1516
f 1043//1517 1041//1515 1204//1518
f 1205//1519 1020//1297 1002//1284
f 1041//1515 1203//1514 1204//1518
f 1017//1304 1039//1516 1027//1305
f 1043//1517 1204//1518 1023//1308
f 1028//1307 1043//1517 1023//1308
f 1021//1298 1023//1308 1206//1520
f 1039//1516 1017//1304 1203//1514
f 1203//1514 1017//1304 1020//1297
f 1023//1308 1204//1518 1206//1520
f 1204//1521 1203//1514 1226//1522
f 1226//1522 1207//1523 1204//1521
f 1021//1298 1206//1520 1212//1524
f 1211//1525 1212//1524 1206//1520
f 1210//1526 1211//1525 1206//1520
f 1204//1521 1207//1523 1210//1526
f 1210//1526 1206//1520 1204//1521
f 1203//1514 1020//1297 1224//1527
f 1020//1297 1223//1528 1224//1527
f 1203//1514 1224//1527 1226//1522
f 1226//1522 1225//1529 1207//1523
f 1208//1530 1207//1523 1225//1529
f 1225//1529 1221//1531 1208//1530
f 1208//1530 1209//1532 1210//1526
f 1210//1526 1209//1532 1211//1525
f 1212//1524 1211//1525 1209//1532
f 1210//1526 1207//1523 1208//1530
f 1021//1298 1212//1524 1015//1293
f 1220//1533 1015//1293 1213//1534
f 1209//1532 1214//1535 1216//1536
f 1214//1535 1215//1537 1216//1536
f 1215//1537 1230//1538 1219//1539
f 1216//1536 1219//1539 1213//1534
f 1212//1524 1216//1536 1015//1293
f 1213//1534 1015//1293 1216//1536
f 1219//1539 1216//1536 1215//1537
f 1216//1536 1212//1524 1209//1532
f 1219//1539 1218//1540 1220//1533
f 1220//1533 1213//1534 1219//1539
f 1218//1540 1219//1539 1217//1541
f 1223//1528 1222//1542 1224//1527
f 1222//1542 1225//1529 1226//1522
f 1226//1522 1224//1527 1222//1542
f 1225//1529 1222//1542 1221//1531
f 1215//1537 1214//1535 1227//1543
f 1227//1543 1228//1544 1215//1537
f 1215//1537 1228//1544 1229//1545
f 1229//1545 1230//1538 1215//1537
f 1221//1531 1209//1532 1208//1530
f 1227//1543 1214//1535 1209//1532
f 1209//1532 1221//1531 1227//1543
f 1217//1541 1219//1539 1230//1538
f 1232//1546 1205//1519 1004//1547
f 1205//1519 1223//1528 1020//1297
f 1218//1540 1217//1541 1235//1548
f 1235//1548 1234//1549 1218//1540
f 1227//1543 1221//1531 1222//1542
f 1231//1550 1228//1544 1233//1551
f 1228//1544 1227//1543 1233//1551
f 1233//1551 1222//1542 1223//1528
f 1232//1546 1233//1551 1205//1519
f 1223//1528 1205//1519 1233//1551
f 1233//1551 1232//1546 1231//1550
f 1222//1542 1233//1551 1227//1543
f 1228//1544 1231//1550 1229//1545
f 1217//1541 1230//1538 1229//1545
f 1229//1545 1235//1548 1217//1541
f 1235//1548 1232//1546 1234//1549
f 1004//1547 1234//1549 1232//1546
f 1231//1550 1232//1546 1235//1548
f 1235//1548 1229//1545 1231//1550
f 1201//1508 1008//1286 987//1270
f 1010//1290 1181//1496 994//1276
f 1205//1519 1002//1284 1004//1547
f 1013//1552 1236//1553 1237//1554
f 1012//1555 1237//1554 1238//1556
f 1010//1290 1238//1556 1181//1496
f 1238//1556 1188//1557 1181//1496
f 1188//1557 1238//1556 1239//1558
f 1239//1558 1240//1559 1197//1560
f 1197//1560 1188//1557 1239//1558
f 1201//1508 1007//1287 1008//1286
f 1201//1508 1197//1560 1007//1287
f 1240//1559 1007//1287 1197//1560
f 1238//1556 1010//1290 1011//1561
f 1241//1562 1006//1289 1007//1287
f 1242//1563 1005//1285 1006//1289
f 1013//1552 1014//1291 1236//1553
f 1242//1563 1234//1564 1004//1283
f 1234//1564 1242//1563 1243//1565
f 1243//1565 1244//1566 1218//1567
f 1218//1567 1234//1564 1243//1565
f 1220//1533 1236//1553 1014//1291
f 1220//1533 1218//1567 1236//1553
f 1244//1566 1236//1553 1218//1567
f 1242//1563 1004//1283 1005//1285
f 1006//1289 1241//1562 1242//1563
f 1238//1556 1011//1561 1012//1555
f 1237//1554 1012//1555 1013//1552
f 1220//1533 1014//1291 1015//1293
f 1261//1568 1241//1562 1007//1287
f 1242//1563 1241//1562 1250//1569
f 1245//1570 1237//1554 1236//1553
f 1238//1556 1237//1554 1258//1571
f 1249//1572 1244//1573 1243//1574
f 1243//1574 1246//1575 1249//1572
f 1239//1576 1247//1577 1262//1578
f 1262//1578 1240//1579 1239//1576
f 1249//1572 1245//1570 1244//1573
f 1236//1553 1244//1573 1245//1570
f 1249//1572 1248//1580 1245//1570
f 1250//1569 1243//1574 1242//1563
f 1243//1574 1250//1569 1246//1575
f 1246//1575 1251//1581 1252//1582
f 1251//1581 1246//1575 1250//1569
f 1248//1580 1249//1572 1252//1582
f 1246//1575 1252//1582 1249//1572
f 1248//1580 1252//1582 1253//1583
f 1254//1584 1253//1583 1255//1585
f 1256//1586 1255//1585 1257//1587
f 1257//1587 1260//1588 1256//1586
f 1255//1585 1256//1586 1254//1584
f 1253//1583 1254//1584 1248//1580
f 1256//1586 1260//1588 1259//1589
f 1245//1570 1254//1584 1237//1554
f 1254//1584 1256//1586 1237//1554
f 1256//1586 1259//1589 1258//1571
f 1258//1571 1237//1554 1256//1586
f 1254//1584 1245//1570 1248//1580
f 1258//1571 1239//1576 1238//1556
f 1239//1576 1258//1571 1247//1577
f 1247//1577 1259//1589 1260//1588
f 1259//1589 1247//1577 1258//1571
f 1253//1583 1252//1582 1251//1581
f 1261//1568 1255//1585 1241//1562
f 1255//1585 1253//1583 1241//1562
f 1253//1583 1251//1581 1250//1569
f 1250//1569 1241//1562 1253//1583
f 1255//1585 1261//1568 1257//1587
f 1247//1577 1260//1588 1262//1578
f 1257//1587 1262//1578 1260//1588
f 1262//1578 1261//1568 1240//1579
f 1007//1287 1240//1579 1261//1568
f 1262//1578 1257//1587 1261//1568
f 1264//1590 998//1280 1001//1427
f 1036//1457 1266//1591 1265//1592
f 1036//1457 1035//1316 1266//1591
f 1267//1593 1266//1591 1035//1316
f 1267//1593 1035//1316 1033//1594
f 1025//1300 1268//1595 1033//1314
f 1025//1300 1022//1596 1269//1597
f 1269//1597 1268//1595 1025//1300
f 1022//1596 1270//1598 1269//1597
f 1270//1598 1022//1596 1016//1599
f 1272//1600 1271//1601 1013//1552
f 1272//1600 1012//1555 1011//1561
f 1273//1602 1011//1561 1010//1290
f 1010//1290 1274//1603 1273//1602
f 1274//1603 1010//1290 995//1604
f 1274//1603 995//1604 996//1605
f 1275//1606 1274//1603 996//1605
f 993//1274 1276//1607 996//1279
f 992//1273 1276//1607 993//1274
f 992//1608 998//1280 1277//1609
f 998//1280 1264//1590 1277//1609
f 1275//1606 1354//1610 1274//1603
f 1011//1561 1273//1602 1272//1600
f 1013//1552 1012//1555 1272//1600
f 1014//1291 1013//1552 1271//1601
f 1016//1599 1014//1291 1271//1601
f 1263//1611 1264//1590 1001//1427
f 1033//1594 1278//1612 1280//1613
f 1280//1613 1267//1593 1033//1594
f 1280//1613 1266//1614 1267//1593
f 1266//1614 1280//1613 1279//1615
f 1284//1616 1280//1617 1278//1612
f 1278//1612 1281//1618 1284//1616
f 1282//1619 1265//1620 1266//1614
f 1266//1614 1279//1615 1282//1619
f 1279//1621 1283//1622 1298//1623
f 1283//1622 1279//1621 1280//1617
f 1280//1617 1284//1616 1283//1622
f 1285//1624 1278//1612 1033//1594
f 1286//1625 1284//1616 1281//1618
f 1287//1626 1286//1625 1288//1627
f 1288//1627 1306//1628 1287//1626
f 1289//1629 1288//1627 1286//1625
f 1281//1618 1289//1629 1286//1625
f 1033//1594 1268//1630 1285//1624
f 1285//1624 1281//1618 1278//1612
f 1288//1627 1307//1631 1306//1628
f 1281//1618 1285//1624 1307//1631
f 1307//1631 1289//1629 1281//1618
f 1307//1631 1288//1627 1289//1629
f 1268//1630 1290//1632 1285//1624
f 1268//1630 1291//1633 1290//1632
f 1282//1619 1293//1634 1265//1620
f 1292//1635 1265//1620 1293//1634
f 1270//1636 1294//1637 1295//1638
f 1296//1639 1295//1638 1294//1637
f 1295//1638 1297//1640 1270//1636
f 1298//1623 1282//1641 1279//1621
f 1298//1623 1316//1642 1282//1641
f 1284//1616 1286//1625 1283//1622
f 1286//1625 1287//1626 1298//1623
f 1298//1623 1283//1622 1286//1625
f 1316//1642 1298//1623 1300//1643
f 1300//1643 1298//1623 1287//1626
f 1299//1644 1300//1643 1301//1645
f 1287//1626 1301//1645 1300//1643
f 1300//1643 1299//1644 1316//1642
f 1316//1642 1293//1646 1282//1641
f 1293//1646 1316//1642 1302//1647
f 1296//1639 1294//1637 1303//1648
f 1304//1649 1303//1648 1292//1635
f 1292//1635 1293//1634 1304//1649
f 1303//1648 1304//1649 1296//1639
f 1307//1631 1311//1650 1305//1651
f 1307//1631 1285//1624 1290//1632
f 1306//1628 1307//1631 1305//1651
f 1311//1650 1290//1632 1291//1633
f 1311//1650 1307//1631 1290//1632
f 1268//1630 1269//1652 1312//1653
f 1312//1653 1291//1633 1268//1630
f 1321//1654 1309//1655 1310//1656
f 1291//1633 1310//1656 1311//1650
f 1305//1651 1311//1650 1309//1655
f 1311//1650 1310//1656 1309//1655
f 1308//1657 1321//1654 1310//1656
f 1269//1652 1270//1636 1297//1640
f 1269//1652 1297//1640 1312//1653
f 1312//1653 1310//1656 1291//1633
f 1312//1653 1313//1658 1308//1657
f 1308//1657 1310//1656 1312//1653
f 1295//1659 1296//1660 1334//1661
f 1295//1659 1334//1661 1315//1662
f 1315//1662 1297//1663 1295//1659
f 1314//1664 1334//1661 1296//1660
f 1293//1646 1302//1647 1324//1665
f 1324//1665 1304//1666 1293//1646
f 1296//1660 1328//1667 1329//1668
f 1304//1666 1326//1669 1328//1667
f 1328//1667 1296//1660 1304//1666
f 1329//1668 1314//1664 1296//1660
f 1324//1665 1326//1669 1304//1666
f 1316//1642 1299//1644 1302//1647
f 1309//1655 1321//1654 1317//1670
f 1318//1671 1319//1672 1309//1655
f 1305//1651 1309//1655 1319//1672
f 1301//1645 1287//1626 1306//1628
f 1306//1628 1305//1651 1320//1673
f 1320//1673 1301//1645 1306//1628
f 1320//1673 1299//1644 1301//1645
f 1319//1672 1320//1673 1305//1651
f 1317//1670 1318//1671 1309//1655
f 1299//1644 1320//1673 1324//1665
f 1324//1665 1325//1674 1326//1669
f 1319//1672 1318//1671 1327//1675
f 1325//1674 1327//1675 1328//1667
f 1318//1671 1317//1670 1323//1676
f 1327//1675 1323//1676 1329//1668
f 1329//1668 1323//1676 1332//1677
f 1329//1668 1328//1667 1327//1675
f 1323//1676 1327//1675 1318//1671
f 1328//1667 1326//1669 1325//1674
f 1327//1675 1325//1674 1319//1672
f 1319//1672 1325//1674 1320//1673
f 1325//1674 1324//1665 1320//1673
f 1324//1665 1302//1647 1299//1644
f 1330//1678 1331//1679 1332//1677
f 1330//1678 1332//1677 1323//1676
f 1323//1676 1317//1670 1330//1678
f 1331//1679 1330//1678 1333//1680
f 1332//1677 1331//1679 1333//1680
f 1333//1680 1334//1681 1332//1677
f 1334//1681 1329//1668 1332//1677
f 1329//1668 1334//1681 1314//1664
f 1333//1680 1330//1678 1322//1682
f 1321//1654 1330//1678 1317//1670
f 1330//1678 1321//1654 1322//1682
f 1336//1683 1334//1661 1333//1680
f 1335//1684 1337//1685 1315//1662
f 1334//1661 1335//1684 1315//1662
f 1336//1683 1335//1684 1334//1661
f 1308//1657 1313//1658 1336//1683
f 1336//1683 1321//1654 1308//1657
f 1336//1683 1333//1680 1322//1682
f 1322//1682 1321//1654 1336//1683
f 1337//1685 1313//1658 1312//1653
f 1315//1662 1337//1685 1297//1663
f 1312//1653 1297//1663 1337//1685
f 1337//1685 1335//1684 1313//1658
f 1313//1658 1335//1684 1336//1683
f 992//1608 1277//1609 1338//1686
f 1338//1686 1340//1687 992//1608
f 1339//1688 1277//1609 1264//1689
f 1339//1688 1338//1686 1277//1609
f 1341//1690 1343//1691 1340//1692
f 1340//1692 1338//1693 1341//1690
f 1352//1694 1339//1688 1264//1689
f 1264//1689 1263//1695 1352//1694
f 1338//1693 1339//1696 1342//1697
f 1342//1697 1341//1690 1338//1693
f 1359//1698 1358//1699 1345//1700
f 1341//1690 1359//1698 1343//1691
f 1344//1701 1343//1691 1359//1698
f 1345//1700 1344//1701 1359//1698
f 992//1608 1340//1687 1348//1702
f 1348//1702 1276//1703 992//1608
f 1344//1701 1345//1700 1347//1704
f 1343//1691 1344//1701 1348//1702
f 1343//1691 1348//1702 1340//1692
f 1347//1704 1348//1702 1344//1701
f 1346//1705 1347//1704 1345//1700
f 1276//1703 1349//1706 1350//1707
f 1348//1702 1349//1706 1276//1703
f 1263//1695 1351//1708 1352//1694
f 1353//1709 1352//1694 1351//1708
f 1354//1710 1275//1711 1355//1712
f 1356//1713 1355//1714 1275//1606
f 1339//1696 1352//1715 1380//1716
f 1380//1716 1342//1697 1339//1696
f 1341//1690 1357//1717 1359//1698
f 1358//1699 1359//1698 1357//1717
f 1357//1717 1341//1690 1342//1697
f 1360//1718 1361//1719 1362//1720
f 1361//1719 1358//1699 1357//1717
f 1362//1720 1357//1717 1342//1697
f 1342//1697 1380//1716 1362//1720
f 1362//1720 1380//1716 1360//1718
f 1357//1717 1362//1720 1361//1719
f 1352//1715 1353//1721 1378//1722
f 1379//1723 1380//1716 1352//1715
f 1378//1722 1379//1723 1352//1715
f 1353//1709 1351//1708 1363//1724
f 1364//1725 1363//1724 1354//1710
f 1354//1710 1355//1712 1364//1725
f 1363//1724 1364//1725 1353//1709
f 1347//1704 1365//1726 1369//1727
f 1369//1727 1350//1707 1349//1706
f 1369//1727 1349//1706 1347//1704
f 1348//1702 1347//1704 1349//1706
f 1346//1705 1365//1726 1347//1704
f 1276//1703 1350//1707 1366//1728
f 1366//1728 996//1605 1276//1703
f 1367//1729 1369//1727 1370//1730
f 1370//1730 1369//1727 1365//1726
f 1370//1730 1368//1731 1367//1729
f 1275//1606 1371//1732 1356//1713
f 1366//1728 1371//1732 996//1605
f 1275//1606 996//1605 1371//1732
f 1366//1728 1369//1727 1367//1729
f 1350//1707 1369//1727 1366//1728
f 1367//1729 1395//1733 1366//1728
f 1355//1734 1356//1735 1373//1736
f 1355//1734 1373//1736 1374//1737
f 1372//1738 1373//1736 1356//1735
f 1364//1739 1355//1734 1375//1740
f 1355//1734 1374//1737 1391//1741
f 1391//1741 1375//1740 1355//1734
f 1376//1742 1377//1743 1364//1739
f 1353//1721 1364//1739 1377//1743
f 1377//1743 1378//1722 1353//1721
f 1375//1740 1376//1742 1364//1739
f 1378//1722 1360//1718 1379//1723
f 1380//1716 1379//1723 1360//1718
f 1370//1730 1388//1744 1382//1745
f 1370//1730 1386//1746 1388//1744
f 1386//1746 1370//1730 1365//1726
f 1365//1726 1384//1747 1386//1746
f 1384//1747 1365//1726 1346//1705
f 1361//1719 1360//1718 1384//1747
f 1361//1719 1346//1705 1345//1700
f 1345//1700 1358//1699 1361//1719
f 1346//1705 1361//1719 1384//1747
f 1382//1745 1368//1731 1370//1730
f 1360//1718 1378//1722 1383//1748
f 1383//1748 1384//1747 1360//1718
f 1377//1743 1376//1742 1385//1749
f 1383//1748 1385//1749 1386//1746
f 1376//1742 1375//1740 1387//1750
f 1385//1749 1387//1750 1388//1744
f 1387//1750 1391//1741 1390//1751
f 1387//1750 1390//1751 1392//1752
f 1388//1744 1392//1752 1382//1745
f 1392//1752 1388//1744 1387//1750
f 1391//1741 1387//1750 1375//1740
f 1388//1744 1386//1746 1385//1749
f 1387//1750 1385//1749 1376//1742
f 1386//1746 1384//1747 1383//1748
f 1385//1749 1383//1748 1377//1743
f 1377//1743 1383//1748 1378//1722
f 1392//1752 1390//1751 1389//1753
f 1374//1737 1373//1754 1391//1741
f 1373//1754 1393//1755 1390//1751
f 1393//1755 1389//1753 1390//1751
f 1390//1751 1391//1741 1373//1754
f 1381//1756 1389//1753 1393//1755
f 1381//1756 1368//1731 1392//1752
f 1382//1745 1392//1752 1368//1731
f 1392//1752 1389//1753 1381//1756
f 1394//1757 1396//1758 1393//1755
f 1394//1757 1373//1759 1372//1738
f 1393//1755 1373//1759 1394//1757
f 1367//1729 1368//1731 1396//1758
f 1396//1758 1368//1731 1381//1756
f 1393//1755 1396//1758 1381//1756
f 1396//1758 1395//1733 1367//1729
f 1372//1738 1356//1735 1371//1760
f 1371//1760 1397//1761 1372//1738
f 1397//1761 1371//1760 1366//1728
f 1366//1728 1395//1733 1397//1761
f 1394//1757 1397//1761 1396//1758
f 1395//1733 1396//1758 1397//1761
f 1397//1761 1394//1757 1372//1738
f 1399//1762 1034//1315 1037//1453
f 1032//1763 1034//1315 1400//1764
f 1034//1315 1399//1762 1400//1764
f 1032//1313 1401//1765 1018//1295
f 1019//1296 1403//1766 1402//1767
f 1018//1295 1401//1765 1403//1766
f 1403//1766 1019//1296 1018//1295
f 1402//1767 1002//1284 1019//1296
f 1002//1284 1402//1767 1003//1282
f 1404//1768 1005//1285 1003//1769
f 1405//1770 1006//1289 1005//1285
f 1005//1285 1404//1768 1405//1770
f 1405//1770 1406//1771 1009//1288
f 1009//1288 1006//1289 1405//1770
f 1406//1771 988//1269 1008//1286
f 1407//1772 986//1773 988//1774
f 985//1266 986//1773 1408//1775
f 1408//1775 1409//1776 985//1266
f 986//1773 1407//1772 1408//1775
f 985//1266 1409//1776 990//1271
f 1411//1777 1410//1778 999//1281
f 1411//1777 999//1281 990//1779
f 1000//1429 999//1281 1410//1778
f 1000//1429 1410//1778 1412//1780
f 1008//1286 1009//1288 1406//1771
f 1398//1781 1399//1762 1037//1453
f 1032//1763 1400//1764 1413//1782
f 1413//1782 1415//1783 1032//1763
f 1414//1784 1400//1764 1399//1785
f 1414//1784 1413//1782 1400//1764
f 1416//1786 1418//1787 1415//1788
f 1415//1788 1413//1789 1416//1786
f 1427//1790 1414//1784 1399//1785
f 1399//1785 1398//1791 1427//1790
f 1417//1792 1413//1789 1414//1793
f 1417//1792 1416//1786 1413//1789
f 1434//1794 1435//1795 1420//1796
f 1433//1797 1434//1794 1419//1798
f 1416//1786 1433//1797 1418//1787
f 1419//1798 1418//1787 1433//1797
f 1420//1796 1419//1798 1434//1794
f 1032//1763 1415//1783 1423//1799
f 1423//1799 1401//1800 1032//1763
f 1419//1798 1420//1796 1422//1801
f 1418//1787 1419//1798 1423//1799
f 1418//1787 1423//1799 1415//1788
f 1422//1801 1423//1799 1419//1798
f 1421//1802 1422//1801 1420//1796
f 1401//1800 1424//1803 1425//1804
f 1423//1799 1424//1803 1401//1800
f 1398//1791 1426//1805 1427//1790
f 1428//1806 1427//1790 1426//1805
f 1429//1807 1402//1808 1430//1809
f 1431//1810 1430//1809 1402//1808
f 1414//1793 1427//1811 1457//1812
f 1457//1812 1417//1792 1414//1793
f 1417//1792 1432//1813 1434//1794
f 1435//1795 1434//1794 1432//1813
f 1434//1794 1433//1797 1417//1792
f 1433//1797 1416//1786 1417//1792
f 1436//1814 1437//1815 1438//1816
f 1437//1815 1435//1795 1432//1813
f 1438//1816 1432//1813 1417//1792
f 1417//1792 1457//1812 1438//1816
f 1438//1816 1457//1812 1436//1814
f 1432//1813 1438//1816 1437//1815
f 1427//1811 1428//1817 1455//1818
f 1456//1819 1457//1812 1427//1811
f 1455//1818 1456//1819 1427//1811
f 1428//1806 1426//1805 1439//1820
f 1440//1821 1439//1820 1429//1807
f 1429//1807 1430//1809 1440//1821
f 1439//1820 1440//1821 1428//1806
f 1422//1801 1441//1822 1445//1823
f 1445//1823 1425//1804 1424//1803
f 1445//1823 1424//1803 1422//1801
f 1423//1799 1422//1801 1424//1803
f 1421//1802 1441//1822 1422//1801
f 1401//1800 1425//1804 1442//1824
f 1442//1824 1403//1825 1401//1800
f 1443//1826 1445//1823 1446//1827
f 1446//1827 1445//1823 1441//1822
f 1446//1827 1444//1828 1443//1826
f 1403//1825 1447//1829 1431//1810
f 1431//1810 1402//1808 1403//1825
f 1442//1824 1447//1829 1403//1825
f 1442//1824 1445//1823 1443//1826
f 1425//1804 1445//1823 1442//1824
f 1443//1826 1472//1830 1442//1824
f 1430//1831 1431//1832 1449//1833
f 1430//1831 1449//1833 1450//1834
f 1448//1835 1449//1833 1431//1832
f 1440//1836 1430//1831 1451//1837
f 1430//1831 1450//1834 1452//1838
f 1452//1838 1451//1837 1430//1831
f 1453//1839 1454//1840 1440//1836
f 1428//1817 1440//1836 1454//1840
f 1454//1840 1455//1818 1428//1817
f 1451//1837 1453//1839 1440//1836
f 1455//1818 1436//1814 1456//1819
f 1457//1812 1456//1819 1436//1814
f 1446//1827 1465//1841 1459//1842
f 1446//1827 1463//1843 1465//1841
f 1463//1843 1446//1827 1441//1822
f 1441//1822 1461//1844 1463//1843
f 1461//1844 1441//1822 1421//1802
f 1437//1815 1436//1814 1461//1844
f 1437//1815 1421//1802 1420//1796
f 1420//1796 1435//1795 1437//1815
f 1421//1802 1437//1815 1461//1844
f 1459//1842 1444//1828 1446//1827
f 1436//1814 1455//1818 1460//1845
f 1460//1845 1461//1844 1436//1814
f 1454//1840 1453//1839 1462//1846
f 1460//1845 1462//1846 1463//1843
f 1453//1839 1451//1837 1464//1847
f 1462//1846 1464//1847 1465//1841
f 1464//1847 1452//1838 1468//1848
f 1464//1847 1468//1848 1459//1842
f 1459//1842 1465//1841 1464//1847
f 1452//1838 1464//1847 1451//1837
f 1465//1841 1463//1843 1462//1846
f 1464//1847 1462//1846 1453//1839
f 1463//1843 1461//1844 1460//1845
f 1462//1846 1460//1845 1454//1840
f 1454//1840 1460//1845 1455//1818
f 1466//1849 1467//1850 1468//1848
f 1466//1849 1468//1848 1452//1838
f 1459//1842 1468//1848 1467//1850
f 1450//1834 1449//1851 1452//1838
f 1466//1849 1452//1838 1449//1851
f 1449//1851 1469//1852 1466//1849
f 1469//1852 1467//1850 1466//1849
f 1458//1853 1467//1850 1469//1852
f 1458//1853 1444//1828 1467//1850
f 1459//1842 1467//1850 1444//1828
f 1470//1854 1471//1855 1469//1852
f 1470//1854 1449//1856 1448//1835
f 1469//1852 1449//1856 1470//1854
f 1443//1826 1444//1828 1471//1855
f 1471//1855 1472//1830 1443//1826
f 1471//1855 1444//1828 1458//1853
f 1469//1852 1471//1855 1458//1853
f 1448//1835 1431//1832 1447//1857
f 1447//1857 1470//1854 1448//1835
f 1447//1857 1472//1830 1470//1854
f 1472//1830 1447//1857 1442//1824
f 1472//1830 1471//1855 1470//1854
f 990//1779 1473//1858 1475//1859
f 1475//1859 1411//1777 990//1779
f 1475//1859 1410//1860 1411//1777
f 1410//1860 1475//1859 1474//1861
f 1478//1862 1475//1863 1473//1858
f 1473//1858 1476//1864 1478//1862
f 1477//1865 1412//1866 1410//1860
f 1410//1860 1474//1861 1477//1865
f 1491//1867 1474//1868 1475//1863
f 1475//1863 1478//1862 1491//1867
f 1479//1869 1473//1858 990//1779
f 1480//1870 1478//1862 1476//1864
f 1481//1871 1480//1870 1482//1872
f 1482//1872 1499//1873 1481//1871
f 1483//1874 1482//1872 1480//1870
f 1476//1864 1483//1874 1480//1870
f 990//1779 1409//1875 1479//1869
f 1479//1869 1476//1864 1473//1858
f 1482//1872 1500//1876 1499//1873
f 1476//1864 1479//1869 1500//1876
f 1500//1876 1483//1874 1476//1864
f 1500//1876 1482//1872 1483//1874
f 1409//1875 1484//1877 1479//1869
f 1409//1875 1485//1878 1484//1877
f 1477//1865 1487//1879 1412//1866
f 1486//1880 1412//1866 1487//1879
f 1407//1881 1488//1882 1489//1883
f 1490//1884 1489//1883 1488//1882
f 1491//1867 1477//1885 1474//1868
f 1491//1867 1512//1886 1477//1885
f 1478//1862 1480//1870 1491//1867
f 1480//1870 1481//1871 1492//1887
f 1492//1887 1491//1867 1480//1870
f 1512//1886 1491//1867 1494//1888
f 1494//1888 1491//1867 1492//1887
f 1494//1888 1492//1887 1481//1871
f 1511//1889 1494//1888 1495//1890
f 1481//1871 1495//1890 1494//1888
f 1495//1890 1493//1891 1511//1889
f 1494//1888 1511//1889 1512//1886
f 1487//1892 1512//1886 1513//1893
f 1512//1886 1487//1892 1477//1885
f 1490//1884 1488//1882 1496//1894
f 1497//1895 1496//1894 1486//1880
f 1486//1880 1487//1879 1497//1895
f 1496//1894 1497//1895 1490//1884
f 1500//1876 1504//1896 1498//1897
f 1500//1876 1479//1869 1484//1877
f 1499//1873 1500//1876 1498//1897
f 1504//1896 1484//1877 1485//1878
f 1504//1896 1500//1876 1484//1877
f 1409//1875 1408//1898 1506//1899
f 1506//1899 1485//1878 1409//1875
f 1518//1900 1502//1901 1503//1902
f 1485//1878 1503//1902 1504//1896
f 1498//1897 1504//1896 1502//1901
f 1504//1896 1503//1902 1502//1901
f 1501//1903 1518//1900 1503//1902
f 1505//1904 1408//1898 1407//1881
f 1489//1883 1505//1904 1407//1881
f 1408//1898 1505//1904 1506//1899
f 1506//1899 1503//1902 1485//1878
f 1506//1899 1507//1905 1501//1903
f 1501//1903 1503//1902 1506//1899
f 1489//1906 1490//1907 1509//1908
f 1489//1906 1529//1909 1508//1910
f 1529//1909 1489//1906 1509//1908
f 1487//1892 1513//1893 1520//1911
f 1520//1911 1497//1912 1487//1892
f 1490//1907 1524//1913 1510//1914
f 1497//1912 1522//1915 1524//1913
f 1524//1913 1490//1907 1497//1912
f 1510//1914 1509//1908 1490//1907
f 1520//1911 1522//1915 1497//1912
f 1513//1893 1512//1886 1511//1889
f 1502//1901 1518//1900 1514//1916
f 1515//1917 1516//1918 1502//1901
f 1498//1897 1502//1901 1516//1918
f 1495//1890 1481//1871 1499//1873
f 1499//1873 1498//1897 1517//1919
f 1517//1919 1495//1890 1499//1873
f 1517//1919 1493//1891 1495//1890
f 1516//1918 1517//1919 1498//1897
f 1514//1916 1515//1917 1502//1901
f 1511//1889 1517//1919 1520//1911
f 1520//1911 1521//1920 1522//1915
f 1516//1918 1515//1917 1523//1921
f 1521//1920 1523//1921 1524//1913
f 1515//1917 1514//1916 1525//1922
f 1523//1921 1525//1922 1527//1923
f 1523//1921 1527//1923 1510//1914
f 1510//1914 1524//1913 1523//1921
f 1525//1922 1523//1921 1515//1917
f 1524//1913 1522//1915 1521//1920
f 1523//1921 1521//1920 1516//1918
f 1516//1918 1521//1920 1517//1919
f 1521//1920 1520//1911 1517//1919
f 1520//1911 1513//1893 1511//1889
f 1517//1919 1511//1889 1493//1891
f 1525//1922 1526//1924 1527//1923
f 1528//1925 1529//1909 1526//1924
f 1527//1923 1526//1924 1529//1909
f 1509//1908 1527//1923 1529//1909
f 1509//1908 1510//1914 1527//1923
f 1528//1925 1526//1924 1519//1926
f 1519//1926 1525//1922 1514//1916
f 1526//1924 1525//1922 1519//1926
f 1514//1916 1518//1900 1519//1926
f 1529//1909 1528//1925 1531//1927
f 1508//1910 1529//1909 1530//1928
f 1529//1909 1531//1927 1530//1928
f 1501//1903 1507//1905 1531//1927
f 1531//1927 1518//1900 1501//1903
f 1519//1926 1531//1927 1528//1925
f 1519//1926 1518//1900 1531//1927
f 1507//1905 1506//1899 1505//1929
f 1530//1928 1507//1905 1505//1929
f 1508//1910 1530//1928 1505//1929
f 1505//1929 1489//1906 1508//1910
f 1531//1927 1507//1905 1530//1928
f 1534//1930 1533//1931 1532//1932
f 1532//1932 1541//1933 1534//1930
f 1541//1933 1163//1469 1534//1930
f 1163//1469 1164//1470 1534//1930
f 1537//1934 1536//1935 1303//1936
f 1294//1937 1532//1932 1537//1934
f 1036//1457 1265//1592 1292//1938
f 1538//1939 1535//1940 1036//1457
f 1292//1938 1538//1939 1036//1457
f 1538//1939 1292//1938 1303//1936
f 1294//1937 1270//1598 1532//1932
f 1152//1454 1535//1940 1540//1941
f 1303//1936 1536//1935 1538//1939
f 1303//1936 1294//1937 1537//1934
f 1270//1598 1539//1942 1532//1932
f 1542//1943 1534//1930 1164//1470
f 1164//1470 1165//1471 1542//1943
f 1533//1931 1537//1934 1532//1932
f 1540//1941 1542//1943 1165//1471
f 1541//1933 1166//1944 1163//1469
f 1535//1940 1152//1454 1036//1457
f 1543//1945 1544//1946 1545//1947
f 1545//1947 1546//1948 1543//1945
f 1168//1474 1547//1949 1548//1950
f 1549//1951 1545//1947 1550//1952
f 1544//1946 1543//1945 1161//1467
f 1272//1953 1551//1954 1549//1951
f 1552//1955 1016//1599 1271//1601
f 1550//1952 1271//1601 1549//1951
f 1549//1951 1271//1601 1272//1953
f 1543//1945 1160//1466 1161//1467
f 1553//1956 1551//1954 1272//1953
f 1547//1949 1168//1474 1158//1475
f 1273//1957 1548//1950 1553//1956
f 1548//1950 1273//1957 1168//1474
f 1545//1947 1549//1951 1546//1948
f 1016//1599 1552//1955 1539//1942
f 1272//1953 1273//1957 1553//1956
f 1550//1952 1552//1955 1271//1601
f 1547//1949 1158//1475 1167//1473
f 1543//1945 1167//1473 1160//1466
f 1166//1472 1544//1946 1161//1467
f 1539//1942 1270//1598 1016//1599
f 1168//1474 1273//1957 1555//1958
f 1554//1959 1555//1958 1273//1957
f 1274//1960 1556//1961 1557//1962
f 1557//1962 1273//1957 1274//1960
f 1273//1957 1557//1962 1554//1959
f 1561//1963 1556//1961 1274//1960
f 1155//1461 1559//1964 1558//1965
f 1558//1965 1560//1966 1155//1461
f 1562//1967 1561//1963 1274//1960
f 1566//1968 1115//1426 1153//1459
f 1001//1427 1563//1969 1351//1970
f 1153//1459 1564//1971 1566//1968
f 1562//1967 1559//1964 1561//1963
f 1563//1969 1565//818 1363//1972
f 1351//1970 1263//1611 1001//1427
f 1001//1427 1115//1426 1567//1973
f 1568//1974 1155//1461 1156//1462
f 1559//1964 1562//1967 1558//1965
f 1562//1967 1274//1960 1354//1975
f 1562//1967 1354//1975 1363//1972
f 1156//1462 1169//1476 1568//1974
f 1560//1966 1154//1460 1155//1461
f 1363//1972 1565//818 1562//1967
f 1567//1973 1563//1969 1001//1427
f 1566//1968 1567//1973 1115//1426
f 1363//1972 1351//1970 1563//1969
f 1560//1966 1564//1971 1153//1459
f 1153//1459 1154//1460 1560//1966
f 1555//1958 1169//1976 1168//1474
f 1540//1941 1165//1471 1152//1454
f 1555//1958 1554//1977 1569//1978
f 1570//1979 1569//1978 1554//1977
f 1554//1977 1557//1980 1570//1979
f 1571//1981 1570//1979 1557//1980
f 1569//1982 1580//1983 1572//1984
f 1570//1979 1580//1983 1569//1982
f 1580//1983 1578//1985 1572//1984
f 1568//1974 1169//1976 1573//1986
f 1555//1958 1569//1978 1573//1986
f 1573//1986 1169//1976 1555//1958
f 1568//1974 1573//1986 1574//1987
f 1573//1986 1569//1982 1572//1984
f 1572//1984 1574//1987 1573//1986
f 1574//1987 1582//1988 1568//1974
f 1575//1989 1155//1461 1568//1974
f 1557//1980 1556//1990 1576//1991
f 1556//1990 1577//1992 1576//1991
f 1561//1993 1586//1994 1577//1992
f 1577//1992 1556//1990 1561//1993
f 1576//1991 1571//1981 1557//1980
f 1580//1983 1570//1979 1579//1995
f 1570//1979 1571//1981 1579//1995
f 1580//1983 1579//1995 1578//1985
f 1581//1996 1574//1987 1572//1984
f 1572//1984 1578//1985 1581//1996
f 1581//1996 1588//1997 1582//1988
f 1582//1988 1574//1987 1581//1996
f 1559//1998 1575//1989 1587//1999
f 1575//1989 1559//1998 1155//1461
f 1582//1988 1575//1989 1568//1974
f 1583//2000 1588//1997 1581//1996
f 1578//1985 1584//2001 1581//1996
f 1584//2001 1578//1985 1579//1995
f 1591//2002 1583//2000 1585//2003
f 1585//2003 1584//2001 1576//1991
f 1571//1981 1576//1991 1584//2001
f 1584//2001 1579//1995 1571//1981
f 1586//1994 1585//2003 1577//1992
f 1576//1991 1577//1992 1585//2003
f 1586//1994 1591//2002 1585//2003
f 1584//2001 1585//2003 1581//1996
f 1581//1996 1585//2003 1583//2000
f 1582//1988 1588//1997 1575//1989
f 1575//1989 1589//2004 1590//2005
f 1575//1989 1588//1997 1589//2004
f 1575//1989 1590//2005 1587//1999
f 1561//1993 1587//1999 1586//1994
f 1587//1999 1561//1993 1559//1998
f 1588//1997 1583//2000 1589//2004
f 1589//2004 1583//2000 1591//2002
f 1587//1999 1590//2005 1591//2002
f 1587//1999 1591//2002 1586//1994
f 1591//2002 1590//2005 1589//2004
f 1560//1966 1558//2006 1592//2007
f 1558//2006 1593//2008 1592//2007
f 1558//2006 1562//2009 1593//2008
f 1594//2010 1593//2008 1562//2009
f 1604//2011 1605//2012 1595//2013
f 1592//2014 1604//2011 1595//2013
f 1606//2015 1604//2011 1592//2014
f 1593//2016 1606//2015 1592//2014
f 1566//2017 1564//2018 1596//2019
f 1560//1966 1592//2007 1564//1971
f 1596//2019 1599//2020 1566//2017
f 1564//2018 1592//2014 1595//2013
f 1595//2013 1598//2021 1564//2018
f 1596//2019 1564//2018 1598//2021
f 1596//2019 1597//2022 1599//2020
f 1562//2009 1565//2023 1600//2024
f 1565//2023 1601//2025 1600//2024
f 1563//2026 1613//2027 1601//2025
f 1601//2025 1565//2023 1563//2026
f 1600//2024 1594//2010 1562//2009
f 1602//2028 1605//2012 1604//2011
f 1593//2016 1594//2010 1603//2029
f 1606//2015 1593//2016 1603//2029
f 1606//2015 1603//2029 1604//2011
f 1604//2011 1603//2029 1602//2028
f 1596//2019 1598//2021 1607//2030
f 1607//2030 1598//2021 1595//2013
f 1595//2013 1605//2012 1607//2030
f 1607//2030 1612//2031 1597//2022
f 1597//2022 1596//2019 1607//2030
f 1567//2032 1599//2020 1608//2033
f 1599//2020 1567//2032 1566//2017
f 1609//2034 1612//2031 1607//2030
f 1607//2030 1605//2012 1602//2028
f 1602//2028 1610//2035 1607//2030
f 1615//2036 1609//2034 1611//2037
f 1610//2035 1602//2028 1603//2029
f 1611//2037 1610//2035 1600//2024
f 1603//2029 1600//2024 1610//2035
f 1613//2027 1611//2037 1601//2025
f 1600//2024 1603//2029 1594//2010
f 1600//2024 1601//2025 1611//2037
f 1613//2027 1615//2036 1611//2037
f 1610//2035 1611//2037 1607//2030
f 1607//2030 1611//2037 1609//2034
f 1597//2022 1612//2031 1599//2020
f 1599//2020 1612//2031 1614//2038
f 1599//2020 1614//2038 1608//2033
f 1563//2026 1608//2033 1613//2027
f 1608//2033 1563//2026 1567//2032
f 1614//2038 1609//2034 1615//2036
f 1614//2038 1615//2036 1608//2033
f 1608//2033 1615//2036 1613//2027
f 1609//2034 1614//2038 1612//2031
f 1540//2039 1535//2040 1616//2041
f 1617//2042 1616//2041 1535//2040
f 1535//2040 1538//2043 1618//2044
f 1618//2044 1617//2042 1535//2040
f 1629//2045 1626//2046 1616//2041
f 1616//2041 1626//2046 1619//2047
f 1616//2041 1617//2042 1629//2045
f 1540//2039 1616//2041 1620//2048
f 1620//2048 1542//2049 1540//2039
f 1542//1943 1624//2050 1534//1930
f 1624//2050 1542//2049 1622//2051
f 1622//2051 1542//2049 1620//2048
f 1620//2048 1616//2041 1619//2047
f 1622//2051 1621//2052 1624//2050
f 1624//2050 1623//2053 1534//1930
f 1538//2043 1536//2054 1625//2055
f 1537//2056 1634//2057 1633//2058
f 1633//2058 1536//2054 1537//2056
f 1633//2058 1625//2055 1536//2054
f 1625//2055 1618//2044 1538//2043
f 1627//2059 1626//2046 1629//2045
f 1628//2060 1629//2045 1618//2044
f 1617//2042 1618//2044 1629//2045
f 1629//2045 1628//2060 1627//2059
f 1630//2061 1622//2051 1620//2048
f 1630//2061 1620//2048 1619//2047
f 1619//2047 1626//2046 1630//2061
f 1630//2061 1636//2062 1621//2052
f 1621//2052 1622//2051 1630//2061
f 1623//2053 1533//2063 1534//1930
f 1623//2053 1635//2064 1533//2063
f 1621//2052 1623//2053 1624//2050
f 1631//2065 1636//2062 1630//2061
f 1626//2046 1632//2066 1630//2061
f 1632//2066 1626//2046 1627//2059
f 1639//2067 1631//2065 1633//2058
f 1632//2066 1627//2059 1628//2060
f 1633//2058 1632//2066 1625//2055
f 1628//2060 1625//2055 1632//2066
f 1625//2055 1628//2060 1618//2044
f 1634//2057 1639//2067 1633//2058
f 1632//2066 1633//2058 1630//2061
f 1630//2061 1633//2058 1631//2065
f 1621//2052 1636//2062 1623//2053
f 1623//2053 1636//2062 1638//2068
f 1623//2053 1638//2068 1635//2069
f 1537//2056 1635//2064 1634//2057
f 1635//2064 1537//2056 1533//2063
f 1636//2062 1631//2065 1637//2070
f 1636//2062 1637//2070 1638//2068
f 1637//2070 1631//2065 1639//2067
f 1639//2067 1634//2057 1635//2069
f 1639//2067 1635//2069 1637//2070
f 1635//2069 1638//2068 1637//2070
f 1541//1933 1532//2071 1640//2072
f 1641//2073 1640//2072 1532//2071
f 1532//2071 1539//2074 1641//2073
f 1642//2075 1641//2073 1539//2074
f 1650//2076 1651//2077 1643//2078
f 1640//2079 1650//2076 1643//2078
f 1652//2080 1650//2076 1640//2079
f 1641//2081 1652//2080 1640//2079
f 1544//2082 1166//1944 1644//2083
f 1644//2083 1646//2084 1544//2082
f 1541//1933 1640//2072 1644//2083
f 1644//2083 1166//1944 1541//1933
f 1646//2084 1644//2085 1645//2086
f 1644//2085 1640//2079 1643//2078
f 1643//2078 1645//2086 1644//2085
f 1645//2086 1655//2087 1646//2084
f 1544//2082 1646//2084 1656//2088
f 1539//2074 1552//2089 1647//2090
f 1550//2091 1660//2092 1659//2093
f 1659//2093 1552//2089 1550//2091
f 1659//2093 1647//2090 1552//2089
f 1647//2090 1642//2075 1539//2074
f 1648//2094 1651//2077 1650//2076
f 1648//2094 1650//2076 1652//2080
f 1649//2095 1652//2080 1641//2081
f 1641//2081 1642//2075 1649//2095
f 1652//2080 1649//2095 1648//2094
f 1653//2096 1645//2086 1643//2078
f 1643//2078 1651//2077 1653//2096
f 1653//2096 1654//2097 1655//2087
f 1655//2087 1645//2086 1653//2096
f 1544//2082 1656//2088 1661//2098
f 1661//2098 1545//2099 1544//2082
f 1655//2087 1656//2088 1646//2084
f 1657//2100 1654//2097 1653//2096
f 1653//2096 1651//2077 1648//2094
f 1648//2094 1658//2101 1653//2096
f 1662//2102 1657//2100 1653//2096
f 1659//2093 1658//2101 1647//2090
f 1649//2095 1647//2090 1658//2101
f 1658//2101 1648//2094 1649//2095
f 1647//2090 1649//2095 1642//2075
f 1659//2093 1660//2092 1664//2103
f 1659//2093 1664//2103 1662//2102
f 1658//2101 1659//2093 1653//2096
f 1653//2096 1659//2093 1662//2102
f 1655//2087 1654//2097 1656//2088
f 1656//2088 1654//2097 1663//2104
f 1656//2088 1663//2104 1661//2098
f 1545//2099 1661//2098 1660//2092
f 1660//2092 1550//2091 1545//2099
f 1654//2097 1657//2100 1663//2104
f 1663//2104 1662//2102 1664//2103
f 1664//2103 1660//2092 1663//2104
f 1660//2092 1661//2098 1663//2104
f 1662//2102 1663//2104 1657//2100
f 1543//1945 1546//2105 1665//2106
f 1546//2105 1666//2107 1665//2106
f 1546//2105 1549//2108 1667//2109
f 1667//2109 1666//2107 1546//2105
f 1677//2110 1674//2111 1668//2112
f 1665//2106 1677//2110 1668//2112
f 1665//2106 1666//2107 1677//2110
f 1547//1949 1167//1473 1669//2113
f 1543//1945 1665//2106 1669//2113
f 1669//2113 1167//1473 1543//1945
f 1669//2113 1672//2114 1547//1949
f 1672//2114 1669//2115 1670//2116
f 1669//2115 1665//2106 1668//2112
f 1668//2112 1670//2116 1669//2115
f 1670//2116 1680//2117 1672//2114
f 1547//1949 1672//2114 1671//2118
f 1549//2108 1551//2119 1673//2120
f 1553//2121 1684//2122 1683//2123
f 1683//2123 1551//2119 1553//2121
f 1683//2123 1673//2120 1551//2119
f 1673//2120 1667//2109 1549//2108
f 1675//2124 1674//2111 1677//2110
f 1676//2125 1675//2124 1678//2126
f 1676//2125 1678//2126 1667//2109
f 1678//2126 1677//2110 1666//2107
f 1666//2107 1667//2109 1678//2126
f 1677//2110 1678//2126 1675//2124
f 1679//2127 1670//2116 1668//2112
f 1668//2112 1674//2111 1679//2127
f 1679//2127 1686//2128 1680//2117
f 1680//2117 1670//2116 1679//2127
f 1671//2118 1548//2129 1547//1949
f 1671//2118 1685//2130 1548//2129
f 1680//2117 1671//2118 1672//2114
f 1681//2131 1686//2128 1679//2127
f 1675//2124 1682//2132 1679//2127
f 1679//2127 1674//2111 1675//2124
f 1682//2132 1675//2124 1676//2125
f 1683//2123 1682//2132 1673//2120
f 1676//2125 1673//2120 1682//2132
f 1673//2120 1676//2125 1667//2109
f 1683//2123 1684//2122 1681//2131
f 1682//2132 1683//2123 1679//2127
f 1679//2127 1683//2123 1681//2131
f 1680//2117 1686//2128 1671//2118
f 1671//2118 1686//2128 1687//2133
f 1671//2118 1687//2133 1685//2134
f 1553//2121 1685//2130 1684//2122
f 1685//2130 1553//2121 1548//2129
f 1686//2128 1681//2131 1687//2133
f 1687//2133 1688//2135 1685//2134
f 1688//2135 1684//2122 1685//2134
f 1684//2122 1688//2135 1681//2131
f 1688//2135 1687//2133 1681//2131
f 1689//2136 1053//1355 1000//1429
f 1000//1429 1412//1780 1486//2137
f 1689//2136 1691//2138 1053//1355
f 1690//2139 1486//2137 1496//2140
f 1486//2137 1690//2139 1000//1429
f 1496//2140 1692//2141 1690//2139
f 1055//1344 1691//2138 1056//1342
f 1690//2139 1689//2136 1000//1429
f 1693//2142 1694//2143 1699//2144
f 1695//2145 1692//2141 1496//2140
f 1699//2144 1058//1345 1693//2142
f 1488//2146 1694//2143 1695//2145
f 1406//2147 1697//2148 1698//2149
f 1488//2146 1407//1772 1696//2150
f 1697//2148 1406//2147 1061//1348
f 1701//2151 1058//1345 1056//2152
f 1697//2148 1061//1348 1060//1361
f 1060//1361 1700//2153 1697//2148
f 1058//1345 1701//2151 1693//2142
f 1699//2144 1059//1359 1058//1345
f 1696//2150 1694//2143 1488//2146
f 988//1774 1702//2154 1696//2150
f 1496//2140 1488//2146 1695//2145
f 1696//2150 1407//1772 988//1774
f 1699//2144 1700//2153 1060//1361
f 1699//2144 1060//1361 1059//1359
f 988//1774 1406//2147 1703//2155
f 1693//2142 1695//2145 1694//2143
f 1698//2149 1703//2155 1406//2147
f 1703//2155 1702//2154 988//1774
f 1404//1768 1065//1367 1705//2156
f 1704//2157 1711//2158 1061//1348
f 1061//1348 1406//2147 1704//2157
f 1065//1367 1706//2159 1705//2156
f 1708//2160 1068//1349 1709//2161
f 1707//2162 1065//1367 1404//1768
f 1709//2161 1710//2163 1708//2160
f 1707//2162 1716//2164 1065//1367
f 1065//1367 1064//1353 1706//2159
f 1068//1349 1067//1371 1709//2161
f 1713//2165 1708//2160 1712//2166
f 1713//2165 1429//2167 1439//2168
f 1406//2147 1714//2169 1704//2157
f 1714//2169 1406//2147 1405//1041
f 1405//1041 1404//1768 1715//2170
f 1404//1768 1717//2171 1707//2162
f 1712//2166 1402//2172 1713//2165
f 1439//2168 1718//2173 1713//2165
f 1405//1041 1719//2174 1714//2169
f 1402//2172 1429//2167 1713//2165
f 1062//1346 1706//2159 1064//1353
f 1720//2175 1709//2161 1067//1371
f 1705//2156 1715//2170 1404//1768
f 1067//1371 1066//1369 1720//2175
f 1708//2160 1722//2176 1068//1349
f 1711//2158 1062//1346 1061//1348
f 1715//2170 1719//2174 1405//1041
f 1716//2164 1720//2175 1066//1369
f 1712//2166 1721//2177 1402//2172
f 1710//2163 1712//2166 1708//2160
f 1003//1769 1721//2177 1717//2171
f 1716//2164 1066//1369 1065//1367
f 1717//2171 1404//1768 1003//1769
f 1722//2176 1069//2178 1068//1349
f 1003//1769 1402//2172 1721//2177
f 1037//1453 1054//1375 1723//2179
f 1054//1375 1724//2180 1723//2179
f 1054//1375 1071//1352 1724//2180
f 1037//1453 1725//2181 1426//2182
f 1069//1350 1724//2180 1071//1352
f 1725//2181 1718//2173 1439//2168
f 1426//2182 1398//1781 1037//1453
f 1723//2179 1725//2181 1037//1453
f 1439//2168 1426//2182 1725//2181
f 1691//2138 1055//1344 1053//1355
f 1699//2183 1694//2184 1726//2185
f 1694//2184 1727//2186 1726//2185
f 1694//2184 1696//2187 1727//2186
f 1728//2188 1727//2186 1696//2187
f 1739//2189 1729//2190 1731//2191
f 1726//2192 1739//2189 1731//2191
f 1737//2193 1739//2189 1726//2192
f 1727//2186 1737//2193 1726//2192
f 1699//2183 1726//2185 1730//2194
f 1730//2194 1700//2195 1699//2183
f 1700//2153 1734//2196 1697//2148
f 1732//2197 1700//2195 1730//2194
f 1732//2197 1741//2198 1734//2196
f 1734//2196 1700//2195 1732//2197
f 1730//2194 1726//2192 1731//2191
f 1697//2148 1734//2196 1733//2199
f 1696//2187 1702//2200 1735//2201
f 1703//2202 1746//2203 1736//2204
f 1736//2204 1702//2200 1703//2202
f 1736//2204 1735//2201 1702//2200
f 1735//2201 1728//2188 1696//2187
f 1738//2205 1737//2193 1727//2186
f 1728//2188 1738//2205 1727//2186
f 1738//2205 1728//2188 1740//2206
f 1737//2193 1738//2205 1740//2206
f 1740//2206 1729//2190 1739//2189
f 1740//2206 1739//2189 1737//2193
f 1745//2207 1730//2194 1731//2191
f 1731//2191 1729//2190 1745//2207
f 1745//2207 1732//2197 1730//2194
f 1745//2207 1750//2208 1741//2198
f 1741//2198 1732//2197 1745//2207
f 1697//2148 1733//2199 1747//2209
f 1747//2209 1698//2210 1697//2148
f 1741//2198 1733//2199 1734//2196
f 1741//2198 1750//2208 1733//2199
f 1733//2199 1750//2208 1748//2211
f 1733//2199 1748//2211 1747//2209
f 1736//2204 1746//2203 1742//2212
f 1728//2188 1735//2201 1744//2213
f 1744//2213 1740//2206 1728//2188
f 1736//2204 1742//2212 1743//2214
f 1744//2213 1736//2204 1745//2207
f 1743//2214 1749//2215 1745//2207
f 1740//2206 1744//2213 1745//2207
f 1745//2207 1729//2190 1740//2206
f 1749//2215 1750//2208 1745//2207
f 1745//2207 1736//2204 1743//2214
f 1736//2204 1744//2213 1735//2201
f 1698//2210 1747//2209 1746//2203
f 1746//2203 1703//2202 1698//2210
f 1742//2212 1746//2203 1748//2211
f 1746//2203 1747//2209 1748//2211
f 1743//2214 1748//2211 1749//2215
f 1750//2208 1749//2215 1748//2211
f 1748//2211 1743//2214 1742//2212
f 1691//2216 1689//2217 1751//2218
f 1689//2217 1752//2219 1751//2218
f 1689//2217 1690//2220 1753//2221
f 1753//2221 1752//2219 1689//2217
f 1764//2222 1754//2223 1751//2218
f 1751//2218 1754//2223 1756//2224
f 1751//2218 1752//2219 1764//2222
f 1701//2151 1056//2152 1755//2225
f 1755//2225 1759//2226 1701//2151
f 1691//2216 1751//2218 1755//2225
f 1755//2225 1056//2152 1691//2216
f 1756//2224 1757//2227 1755//2228
f 1757//2227 1766//2229 1759//2226
f 1759//2226 1755//2228 1757//2227
f 1755//2228 1751//2218 1756//2224
f 1759//2226 1758//2230 1701//2151
f 1690//2220 1692//2231 1760//2232
f 1761//2233 1760//2232 1692//2231
f 1695//2234 1772//2235 1761//2233
f 1761//2233 1692//2231 1695//2234
f 1760//2232 1753//2221 1690//2220
f 1764//2222 1763//2236 1765//2237
f 1765//2237 1754//2223 1764//2222
f 1762//2238 1765//2237 1763//2236
f 1762//2238 1763//2236 1753//2221
f 1763//2236 1764//2222 1752//2219
f 1752//2219 1753//2221 1763//2236
f 1771//2239 1757//2227 1756//2224
f 1756//2224 1754//2223 1771//2239
f 1771//2239 1767//2240 1766//2229
f 1766//2229 1757//2227 1771//2239
f 1693//2241 1758//2230 1773//2242
f 1758//2230 1693//2241 1701//2151
f 1766//2229 1758//2230 1759//2226
f 1766//2229 1767//2240 1758//2230
f 1758//2230 1767//2240 1768//2243
f 1758//2230 1768//2243 1773//2242
f 1762//2238 1760//2232 1770//2244
f 1761//2233 1772//2235 1769//2245
f 1770//2244 1761//2233 1771//2239
f 1769//2245 1775//2246 1771//2239
f 1765//2237 1770//2244 1771//2239
f 1771//2239 1754//2223 1765//2237
f 1775//2246 1767//2240 1771//2239
f 1770//2244 1765//2237 1762//2238
f 1769//2245 1771//2239 1761//2233
f 1761//2233 1770//2244 1760//2232
f 1760//2232 1762//2238 1753//2221
f 1695//2234 1773//2242 1772//2235
f 1773//2242 1695//2234 1693//2241
f 1772//2235 1773//2242 1774//2247
f 1769//2245 1774//2247 1775//2246
f 1775//2246 1768//2243 1767//2240
f 1768//2243 1775//2246 1774//2247
f 1774//2247 1769//2245 1772//2235
f 1768//2243 1774//2247 1773//2242
f 1722//2176 1708//2248 1776//2249
f 1708//2248 1777//2250 1776//2249
f 1708//2248 1713//2251 1778//2252
f 1778//2252 1777//2250 1708//2248
f 1776//2253 1787//2254 1781//2255
f 1777//2250 1787//2254 1776//2253
f 1787//2254 1779//2256 1781//2255
f 1724//2257 1069//2178 1780//2258
f 1722//2176 1776//2249 1780//2258
f 1780//2258 1069//2178 1722//2176
f 1780//2258 1783//2259 1724//2257
f 1781//2255 1782//2260 1780//2261
f 1782//2260 1790//2262 1783//2263
f 1783//2263 1780//2261 1782//2260
f 1780//2261 1776//2253 1781//2255
f 1713//2251 1718//2264 1784//2265
f 1725//2266 1796//2267 1785//2268
f 1785//2268 1718//2264 1725//2266
f 1718//2264 1785//2268 1784//2265
f 1784//2265 1778//2252 1713//2251
f 1777//2250 1778//2252 1787//2254
f 1786//2269 1788//2270 1787//2254
f 1788//2270 1779//2256 1787//2254
f 1786//2269 1787//2254 1778//2252
f 1795//2271 1782//2260 1781//2255
f 1781//2255 1779//2256 1795//2271
f 1795//2271 1793//2272 1790//2262
f 1790//2262 1782//2260 1795//2271
f 1783//2259 1723//2273 1724//2257
f 1783//2259 1789//2274 1723//2273
f 1790//2262 1793//2272 1783//2263
f 1783//2263 1793//2272 1791//2275
f 1783//2263 1791//2275 1789//2276
f 1786//2269 1784//2265 1794//2277
f 1794//2277 1788//2270 1786//2269
f 1794//2277 1785//2268 1795//2271
f 1792//2278 1793//2272 1795//2271
f 1788//2270 1794//2277 1795//2271
f 1795//2271 1779//2256 1788//2270
f 1795//2271 1785//2268 1792//2278
f 1785//2268 1794//2277 1784//2265
f 1796//2267 1792//2278 1785//2268
f 1784//2265 1786//2269 1778//2252
f 1725//2266 1797//2279 1796//2267
f 1797//2279 1725//2266 1723//2273
f 1723//2273 1789//2274 1797//2279
f 1791//2275 1797//2279 1789//2276
f 1796//2267 1797//2279 1792//2278
f 1797//2279 1791//2275 1798//2280
f 1798//2280 1791//2275 1793//2272
f 1793//2272 1792//2278 1798//2280
f 1798//2280 1792//2278 1797//2279
f 1716//2164 1707//2281 1799//2282
f 1707//2281 1800//2283 1799//2282
f 1707//2281 1717//2284 1800//2283
f 1801//2285 1800//2283 1717//2284
f 1799//2286 1802//2287 1804//2288
f 1810//2289 1802//2287 1799//2286
f 1800//2283 1810//2289 1799//2286
f 1709//2290 1720//2291 1803//2292
f 1716//2164 1799//2282 1720//2175
f 1803//2292 1807//2293 1709//2290
f 1804//2288 1805//2294 1720//2291
f 1803//2292 1812//2295 1807//2293
f 1803//2292 1720//2291 1805//2294
f 1720//2291 1799//2286 1804//2288
f 1807//2293 1806//2296 1709//2290
f 1717//2284 1721//2297 1808//2298
f 1721//2297 1809//2299 1808//2298
f 1712//2300 1819//2301 1809//2299
f 1809//2299 1721//2297 1712//2300
f 1808//2298 1801//2285 1717//2284
f 1801//2285 1810//2289 1800//2283
f 1810//2289 1801//2285 1811//2302
f 1811//2302 1802//2287 1810//2289
f 1818//2303 1805//2294 1804//2288
f 1804//2288 1802//2287 1818//2303
f 1818//2303 1813//2304 1812//2295
f 1812//2295 1803//2292 1818//2303
f 1803//2292 1805//2294 1818//2303
f 1806//2296 1710//2305 1709//2290
f 1806//2296 1820//2306 1710//2305
f 1812//2295 1806//2296 1807//2293
f 1812//2295 1813//2304 1806//2296
f 1806//2296 1822//2307 1820//2306
f 1806//2296 1813//2304 1822//2307
f 1809//2299 1819//2301 1814//2308
f 1808//2298 1809//2299 1816//2309
f 1814//2308 1816//2309 1809//2299
f 1801//2285 1808//2298 1817//2310
f 1817//2310 1811//2302 1801//2285
f 1816//2309 1814//2308 1815//2311
f 1817//2310 1816//2309 1818//2303
f 1811//2302 1817//2310 1818//2303
f 1818//2303 1802//2287 1811//2302
f 1815//2311 1813//2304 1818//2303
f 1818//2303 1816//2309 1815//2311
f 1816//2309 1817//2310 1808//2298
f 1819//2301 1712//2300 1710//2305
f 1710//2305 1820//2306 1819//2301
f 1819//2301 1821//2312 1814//2308
f 1819//2301 1820//2306 1821//2312
f 1814//2308 1821//2312 1815//2311
f 1813//2304 1815//2311 1822//2307
f 1822//2307 1815//2311 1821//2312
f 1822//2307 1821//2312 1820//2306
f 1711//2158 1704//2313 1823//2314
f 1824//2315 1823//2314 1704//2313
f 1704//2313 1714//2316 1825//2317
f 1825//2317 1824//2315 1704//2313
f 1826//2318 1834//2319 1828//2320
f 1823//2314 1826//2318 1828//2320
f 1823//2314 1824//2315 1826//2318
f 1706//2321 1062//2322 1827//2323
f 1711//2158 1823//2314 1062//1346
f 1827//2323 1831//2324 1706//2321
f 1828//2320 1829//2325 1062//2322
f 1827//2323 1838//2326 1831//2324
f 1827//2323 1062//2322 1829//2325
f 1062//2322 1823//2314 1828//2320
f 1706//2321 1831//2324 1830//2327
f 1714//2316 1719//2328 1832//2329
f 1719//2328 1833//2330 1832//2329
f 1715//2331 1843//2332 1833//2330
f 1833//2330 1719//2328 1715//2331
f 1832//2329 1825//2317 1714//2316
f 1826//2318 1835//2333 1837//2334
f 1837//2334 1834//2319 1826//2318
f 1836//2335 1837//2334 1835//2333
f 1836//2335 1835//2333 1825//2317
f 1835//2333 1826//2318 1824//2315
f 1824//2315 1825//2317 1835//2333
f 1842//2336 1829//2325 1828//2320
f 1828//2320 1834//2319 1842//2336
f 1842//2336 1827//2323 1829//2325
f 1842//2336 1847//2337 1838//2326
f 1838//2326 1827//2323 1842//2336
f 1830//2327 1705//2338 1706//2321
f 1830//2327 1844//2339 1705//2338
f 1838//2326 1830//2327 1831//2324
f 1838//2326 1847//2337 1830//2327
f 1830//2327 1847//2337 1846//2340
f 1830//2327 1846//2340 1844//2341
f 1832//2329 1833//2330 1840//2342
f 1843//2332 1840//2342 1833//2330
f 1836//2335 1832//2329 1841//2343
f 1840//2342 1843//2332 1839//2344
f 1841//2343 1837//2334 1836//2335
f 1841//2343 1840//2342 1842//2336
f 1837//2334 1841//2343 1842//2336
f 1842//2336 1834//2319 1837//2334
f 1839//2344 1847//2337 1842//2336
f 1842//2336 1840//2342 1839//2344
f 1840//2342 1841//2343 1832//2329
f 1832//2329 1836//2335 1825//2317
f 1715//2331 1844//2339 1843//2332
f 1844//2339 1715//2331 1705//2338
f 1845//2345 1843//2332 1844//2341
f 1843//2332 1845//2345 1839//2344
f 1845//2345 1846//2340 1839//2344
f 1847//2337 1839//2344 1846//2340
f 1846//2340 1845//2345 1844//2341
f 1855//2346 1849//2347 1848//2348
f 1855//2349 1850//2350 1849//2351
f 1855//2352 1851//2353 1850//2354
f 1855//2355 1852//2356 1851//2357
f 1855//2358 1853//2359 1852//2360
f 1855//2361 1854//2362 1853//2363
f 1855//2364 1848//2365 1854//2366
f 1857//2367 1856//2368 1849//2369
f 1858//2370 1857//2367 1849//2369
f 1859//2371 1858//2370 1850//2372
f 1860//2373 1859//2371 1852//2374
f 1861//2375 1860//2373 1852//2374
f 1862//2376 1861//2375 1854//2377
f 1856//2368 1862//2376 1854//2377
f 1854//2377 1848//2378 1856//2368
f 1853//2379 1854//2377 1861//2375
f 1852//2374 1853//2379 1861//2375
f 1851//2380 1852//2374 1859//2371
f 1850//2372 1851//2380 1859//2371
f 1849//2369 1850//2372 1858//2370
f 1848//2378 1849//2369 1856//2368
f 1868//2381 1867//2382 2196//2383
f 1870//2384 1879//2385 1869//2386
f 1872//2387 1869//2386 1879//2385
f 2196//2383 1874//2388 1868//2381
f 2196//2383 1876//2389 1874//2388
f 1871//2390 1867//2382 1872//2387
f 1868//2381 1873//2391 1867//2382
f 1869//2386 1875//2392 1870//2384
f 1879//2385 1871//2390 1872//2387
f 1877//2393 1876//2389 1875//2392
f 1875//2392 1869//2386 1877//2393
f 1873//2391 1872//2387 1867//2382
f 1876//2389 2196//2383 1875//2392
f 1881//2394 1871//2390 1879//2385
f 1879//2385 1878//2395 1881//2394
f 1880//2396 1881//2394 1878//2395
f 1878//2395 1882//2397 1880//2396
f 1882//2397 1883//2398 1880//2396
f 1887//2399 1884//2400 1886//2401
f 1884//2400 1887//2399 1885//2402
f 1889//2403 1892//2404 1886//2401
f 1890//2405 1893//2406 1896//2407
f 1896//2407 1888//2408 1890//2405
f 1891//2409 1883//2398 1887//2399
f 1895//2410 1896//2407 1889//2403
f 1891//2409 1880//2396 1883//2398
f 1889//2403 1886//2401 1894//2411
f 1892//2404 1887//2399 1886//2401
f 1895//2410 1888//2408 1896//2407
f 1880//2396 1891//2409 1897//2412
f 1889//2403 1894//2411 1895//2410
f 1893//2406 1880//2396 1897//2412
f 1892//2404 1891//2409 1887//2399
f 1899//2413 1898//2414 1893//2406
f 1893//2406 1890//2405 1899//2413
f 1861//13 1898//2414 1899//2413
f 1904//13 1859//13 1860//13
f 1859//13 1904//13 1900//13
f 1899//2413 1901//2415 1860//13
f 1900//13 1902//13 1859//13
f 1858//13 1859//13 1903//13
f 1858//13 1903//13 1905//13
f 1856//13 1906//2416 1898//2414
f 1899//2413 1860//13 1861//13
f 1860//13 1901//2415 1904//13
f 1902//13 1903//13 1859//13
f 1898//2414 1861//13 1862//13
f 1898//2414 1862//13 1856//13
f 1905//13 1907//13 1858//13
f 1857//13 1858//13 1907//13
f 1856//13 1857//13 1906//2416
f 1908//13 1907//13 1905//13
f 1909//13 1910//13 1908//13
f 1857//13 1907//13 1906//2416
f 1912//13 1913//13 1910//13
f 1910//13 1911//13 1912//13
f 1914//13 1915//13 1913//13
f 1916//13 1917//13 1915//13
f 1915//13 1914//13 1916//13
f 1918//13 1866//2417 1917//13
f 1913//13 1912//13 1914//13
f 1917//13 1916//13 1918//13
f 1919//2418 1866//2417 1920//2419
f 1918//13 1920//2419 1866//2417
f 1866//2417 1919//2418 1922//13
f 1921//13 1922//13 1919//2418
f 1866//2417 1922//13 1924//13
f 1923//2420 1925//13 1921//13
f 1923//2420 1926//134 1925//13
f 1921//13 1919//2418 1923//2420
f 1923//2420 1927//2421 1926//134
f 1924//13 1930//13 1866//2417
f 1865//2422 1930//13 1928//134
f 1929//134 1926//134 1927//2421
f 1865//2422 1866//2417 1930//13
f 1928//134 1929//134 1865//2422
f 1928//134 1926//134 1929//134
f 1929//134 1931//134 1940//2423
f 1934//2424 1935//2425 1933//2426
f 1932//2427 1936//2428 1938//2429
f 1940//2423 1941//2430 1939//2431
f 1936//2428 1935//2425 1937//2432
f 1933//2426 1935//2425 1944//2433
f 1937//2432 1938//2429 1936//2428
f 1933//2426 1944//2433 1943//2434
f 1936//2428 1944//2433 1935//2425
f 1938//2429 1950//2435 1932//2427
f 1939//2431 1932//2427 1940//2423
f 1943//2434 1942//2436 1933//2426
f 1945//2437 1936//2428 1932//2427
f 1932//2427 1939//2431 1945//2437
f 1941//2430 1946//2438 1939//2431
f 1943//2434 1946//2438 1942//2436
f 1946//2438 1943//2434 1939//2431
f 1947//2439 1864//2440 1949//2441
f 1949//2441 1950//2435 1948//2442
f 1949//2441 1948//2442 1947//2439
f 1949//2441 1932//2427 1950//2435
f 1951//2443 1953//2444 1952//2445
f 1951//2443 1863//2446 1953//2444
f 1864//2440 1947//2439 1956//2447
f 1952//2445 1955//2448 1951//2443
f 1954//2449 1863//2446 1864//2440
f 1947//2439 1955//2448 1958//13
f 1957//2450 1954//2449 1864//2440
f 1958//13 1956//2447 1947//2439
f 1954//2449 1953//2444 1863//2446
f 1956//2447 1957//2450 1864//2440
f 1955//2448 1952//2445 1958//13
f 1940//2423 1932//2427 1929//134
f 1927//2421 1931//134 1929//134
f 1910//13 1909//13 1911//13
f 1905//13 1909//13 1908//13
f 1897//2412 1896//2407 1893//2406
f 1935//2425 2004//2451 1937//2432
f 1941//2430 1999//2452 1946//2438
f 1905//2453 1959//2454 1977//2455
f 1977//2455 1909//2456 1905//2453
f 1980//2457 1911//2458 1909//2456
f 1909//2456 1979//2459 1980//2457
f 1911//2458 1980//2457 1981//2460
f 1981//2460 1912//2461 1911//2458
f 1914//2462 1912//2461 1982//2463
f 1982//2463 1983//2464 1914//2462
f 1914//2462 1983//2464 1984//2465
f 1984//2465 1916//2466 1914//2462
f 1918//2467 1916//2466 1978//2468
f 1978//2468 1974//2469 1918//2467
f 1984//2465 1978//2468 1916//2466
f 1912//2461 1981//2460 1982//2463
f 1977//2455 1979//2459 1909//2456
f 1961//2470 1959//2454 1905//2453
f 1961//2470 1905//2453 1903//2471
f 1960//2472 1961//2470 1903//2471
f 1966//2473 1903//2471 1902//2474
f 1962//2475 1904//2476 2085//2477
f 1904//2476 1901//2415 2085//2477
f 1962//2475 1963//2478 1904//2476
f 1900//2479 1904//2476 1963//2478
f 1902//2474 1900//2479 1964//2480
f 1964//2480 1965//2481 1902//2474
f 1965//2481 1966//2473 1902//2474
f 1963//2478 1964//2480 1900//2479
f 1966//2473 1960//2472 1903//2471
f 1967//2482 1961//2470 1960//2472
f 1967//2482 1968//2483 1961//2470
f 1960//2472 1966//2473 1967//2482
f 1975//2484 1972//2485 1973//2486
f 1970//2487 1971//2488 1976//2489
f 1977//2455 1969//2490 1979//2459
f 1969//2490 1970//2487 1980//2457
f 1970//2487 1976//2489 1982//2463
f 1976//2489 1975//2484 1984//2465
f 1978//2468 1973//2486 1974//2469
f 1959//2454 1961//2470 1977//2455
f 1961//2470 1968//2483 1977//2455
f 1978//2468 1984//2465 1975//2484
f 1984//2465 1983//2464 1976//2489
f 1983//2464 1982//2463 1976//2489
f 1982//2463 1981//2460 1970//2487
f 1981//2460 1980//2457 1970//2487
f 1980//2457 1979//2459 1969//2490
f 1973//2486 1978//2468 1975//2484
f 1975//2484 1976//2489 1971//2488
f 1969//2490 1977//2455 1968//2483
f 2017//2491 2018//2492 1920//2419
f 1974//2469 2017//2491 1918//2467
f 1920//2419 1918//2467 2017//2491
f 1865//2422 1929//2493 1985//2494
f 1985//2494 1986//2495 1865//2422
f 1987//2496 1898//2414 1906//2416
f 1988//2497 1987//2496 1906//2416
f 1947//2439 1989//2498 1955//2448
f 1951//2499 1955//2448 1990//2500
f 1991//2501 1992//2502 2037//2503
f 1991//2501 1993//2504 1992//2502
f 1951//2499 1990//2500 1993//2504
f 1991//2501 1951//2499 1993//2504
f 2038//2505 1990//2500 1955//2448
f 1989//2498 2038//2505 1955//2448
f 1998//2506 1941//2430 1994//2507
f 1994//2507 1941//2430 1940//2508
f 1999//2452 1941//2430 1998//2506
f 1996//2509 1997//2510 1995//2511
f 1997//2510 1937//2432 2004//2451
f 1938//2429 1937//2432 1997//2510
f 1997//2510 1996//2509 1938//2429
f 2004//2451 1995//2511 1997//2510
f 2000//2512 2003//2513 2012//2514
f 2000//2512 2001//2515 2004//2451
f 2004//2451 2002//2516 1995//2511
f 2002//2516 2004//2451 2001//2515
f 2004//2451 2003//2513 2000//2512
f 2012//2514 2011//2517 2000//2512
f 1934//2424 2012//2514 2003//2513
f 2003//2513 1935//2425 1934//2424
f 1935//2425 2003//2513 2004//2451
f 1942//2518 1946//2438 1999//2452
f 1942//2518 1999//2452 2008//2519
f 1942//2518 2008//2519 2013//2520
f 1933//2426 2013//2520 2009//2521
f 1934//2424 2009//2521 2012//2514
f 2009//2521 1934//2424 1933//2426
f 2013//2520 1933//2426 1942//2518
f 2005//2522 2007//2523 1998//2506
f 2007//2523 1999//2452 1998//2506
f 2006//2524 2005//2522 1998//2506
f 1940//2508 1931//2525 2006//2524
f 2006//2524 1994//2507 1940//2508
f 1998//2506 1994//2507 2006//2524
f 2008//2519 2009//2521 2013//2520
f 2009//2521 2010//2526 2012//2514
f 2011//2517 2012//2514 2010//2526
f 1968//2483 2157//2527 1969//2490
f 1970//2487 1969//2490 2157//2527
f 1971//2488 1970//2487 2157//2527
f 2014//2528 1975//2484 1971//2488
f 2157//2527 2014//2528 1971//2488
f 2015//2529 1972//2485 1975//2484
f 1975//2484 2014//2528 2015//2529
f 1973//2486 2016//2530 2018//2492
f 2018//2492 2017//2491 1973//2486
f 2017//2491 1974//2469 1973//2486
f 2016//2530 1973//2486 1972//2485
f 1920//2419 2018//2492 2020//2531
f 2020//2531 1919//2418 1920//2419
f 1919//2418 2020//2531 2024//2532
f 1923//2420 2024//2532 2026//2533
f 2026//2533 2027//2534 1923//2420
f 1923//2420 2027//2534 1927//2421
f 2024//2532 1923//2420 1919//2418
f 2020//2531 1972//2485 2019//2535
f 2016//2530 1972//2485 2020//2531
f 2020//2531 2018//2492 2016//2530
f 1972//2485 2015//2529 2019//2535
f 2020//2531 2019//2535 2024//2532
f 2021//2536 2022//2537 2025//2538
f 2019//2535 2025//2538 2026//2533
f 2022//2537 2023//2539 2025//2538
f 2025//2538 2023//2539 2029//2540
f 2025//2538 2029//2540 2028//2541
f 2028//2541 2026//2533 2025//2538
f 2026//2533 2028//2541 2027//2534
f 2007//2523 2029//2540 2023//2539
f 2026//2533 2024//2532 2019//2535
f 2025//2538 2019//2535 2021//2536
f 2021//2536 2019//2535 2015//2529
f 2030//2542 2006//2524 2031//2543
f 2030//2542 2031//2543 2028//2541
f 2005//2522 2030//2542 2029//2540
f 2029//2540 2007//2523 2005//2522
f 2028//2541 2029//2540 2030//2542
f 2027//2534 2028//2541 2031//2543
f 2031//2543 2006//2524 1927//2421
f 1931//2525 1927//2421 2006//2524
f 1927//2421 2027//2534 2031//2543
f 2006//2524 2030//2542 2005//2522
f 2036//2544 2035//2545 2037//2503
f 2036//2544 2037//2503 1992//2502
f 2032//2546 1992//2502 1990//2500
f 2032//2546 2034//2547 1992//2502
f 1990//2500 2033//2548 2032//2546
f 2000//2512 2033//2548 1990//2500
f 2001//2515 2000//2512 2038//2505
f 2000//2512 1990//2500 2038//2505
f 2038//2505 2039//2549 2001//2515
f 2002//2516 2001//2515 2039//2549
f 1995//2511 2002//2516 2039//2549
f 2039//2549 2041//2550 1995//2511
f 1996//2509 1995//2511 2041//2550
f 1938//2429 1996//2509 1950//2435
f 2000//2512 2011//2517 2033//2548
f 2041//2550 1950//2435 1996//2509
f 1992//2502 2034//2547 2036//2544
f 2038//2505 1989//2498 2039//2549
f 1989//2498 2040//2551 2041//2550
f 1989//2498 1947//2439 2040//2551
f 2041//2550 1948//2442 1950//2435
f 1947//2439 1948//2442 2040//2551
f 1948//2442 2041//2550 2040//2551
f 2041//2550 2039//2549 1989//2498
f 1990//2500 1992//2502 1993//2504
f 2035//2545 2042//2552 2037//2503
f 1991//2501 2037//2503 2042//2552
f 2042//2552 2044//2553 1991//2501
f 2035//2545 2043//2554 2044//2553
f 2042//2552 2035//2545 2044//2553
f 2188//2555 2044//2553 2043//2554
f 2055//2556 2180//2557 2182//2558
f 2182//2558 2045//2559 2055//2556
f 2055//2556 2178//2560 2180//2557
f 2055//2556 2045//2559 2056//2561
f 2045//2559 2046//2562 2057//2563
f 2046//2562 2048//2564 2059//2565
f 2058//2566 2059//2565 2047//2567
f 2059//2565 2048//2564 2060//2568
f 2060//2568 2061//2569 2049//2570
f 2048//2564 2050//2571 2061//2569
f 2061//2569 2050//2571 2062//2572
f 2050//2571 2051//2573 2063//2574
f 2051//2573 2052//2575 2065//2576
f 2065//2576 2054//2577 2066//2578
f 2054//2577 2043//2554 2035//2545
f 2066//2578 2035//2545 2036//2544
f 2035//2545 2066//2578 2054//2577
f 2066//2578 2053//2579 2065//2576
f 2054//2577 2065//2576 2052//2575
f 2065//2576 2064//2580 2051//2573
f 2064//2580 2063//2574 2051//2573
f 2063//2574 2062//2572 2050//2571
f 2062//2572 2049//2570 2061//2569
f 2061//2569 2060//2568 2048//2564
f 2060//2568 2047//2567 2059//2565
f 2059//2565 2058//2566 2046//2562
f 2058//2566 2057//2563 2046//2562
f 2057//2563 2056//2561 2045//2559
f 2075//2581 2067//2582 2068//2583
f 2069//2584 1890//2405 1888//2408
f 1890//2405 2069//2584 2068//2583
f 2068//2583 2069//2584 2075//2581
f 1886//2585 1884//2400 2096//2586
f 1894//2587 1886//2585 2074//2588
f 1895//2410 2072//2589 2075//2581
f 1895//2410 1894//2587 2072//2589
f 2069//2584 1895//2410 2075//2581
f 1895//2410 2069//2584 1888//2408
f 2074//2588 2072//2589 1894//2587
f 2096//2586 2074//2588 1886//2585
f 2073//2590 2075//2581 2072//2589
f 2072//2589 2074//2588 2071//2591
f 2074//2588 2096//2586 2071//2591
f 2081//2592 2080//2593 2076//2594
f 2081//2592 2076//2594 2077//2595
f 2081//2592 2077//2595 2078//2596
f 2078//2596 2079//2597 2081//2592
f 2079//2597 2068//2583 2081//2592
f 2068//2583 2079//2597 1899//2413
f 1899//2413 1890//2405 2068//2583
f 2080//2593 2067//2582 2075//2581
f 2075//2581 2076//2594 2080//2593
f 2068//2583 2067//2582 2080//2593
f 2080//2593 2081//2592 2068//2583
f 2083//2598 2082//2599 2078//2596
f 2077//2595 2076//2594 2084//2600
f 2076//2594 2075//2581 2073//2590
f 2073//2590 2084//2600 2076//2594
f 2084//2600 2083//2598 2077//2595
f 2078//2596 2077//2595 2083//2598
f 2087//2601 1966//2473 1965//2481
f 2087//2601 1967//2482 1966//2473
f 1967//2482 2087//2601 1968//2483
f 1965//2481 1964//2480 2087//2601
f 2087//2601 2088//2602 2089//2603
f 1964//2480 1963//2478 2088//2602
f 1963//2478 1962//2475 2090//2604
f 2089//2603 2090//2604 2082//2599
f 2090//2604 1962//2475 2086//2605
f 2090//2604 2086//2605 2092//2606
f 2092//2606 2082//2599 2090//2604
f 2085//2477 2086//2605 1962//2475
f 2090//2604 2088//2602 1963//2478
f 2090//2604 2089//2603 2088//2602
f 2088//2602 2087//2601 1964//2480
f 2089//2603 1968//2483 2087//2601
f 1899//2413 2079//2597 1901//2415
f 2079//2597 2078//2596 2091//2607
f 2079//2597 2091//2607 2093//2608
f 1901//2415 2093//2608 2085//2477
f 2093//2608 1901//2415 2079//2597
f 2092//2606 2078//2596 2082//2599
f 2092//2606 2086//2605 2091//2607
f 2086//2605 2085//2477 2093//2608
f 2093//2608 2091//2607 2086//2605
f 2091//2607 2078//2596 2092//2606
f 1887//2399 2094//2609 1885//2402
f 1884//2400 1885//2402 2095//2610
f 2095//2610 2096//2586 1884//2400
f 2094//2609 2095//2610 1885//2402
f 2097//2611 2071//2591 2096//2586
f 2071//2591 2097//2611 2070//2612
f 2099//2613 2097//2611 2096//2586
f 2099//2613 2094//2609 2100//2614
f 2099//2613 2100//2614 2098//2615
f 2101//2616 1887//2399 1883//2398
f 2101//2616 1883//2398 1882//2397
f 1882//2397 2100//2614 2101//2616
f 1887//2399 2101//2616 2094//2609
f 2101//2616 2100//2614 2094//2609
f 2094//2609 2099//2613 2095//2610
f 2096//2586 2095//2610 2099//2613
f 2098//2615 2104//2617 2105//2618
f 2106//2619 2107//2620 2104//2617
f 2104//2617 2107//2620 2137//2621
f 2137//2621 2139//2622 2104//2617
f 2105//2618 2104//2617 2139//2622
f 2102//2623 2140//2624 2141//2625
f 2140//2624 2102//2623 2105//2618
f 2103//2626 2105//2618 2102//2623
f 2103//2626 2097//2611 2099//2613
f 2103//2626 2099//2613 2098//2615
f 2106//2619 2098//2615 2100//2614
f 2106//2619 2100//2614 1882//2397
f 1878//2627 2107//2620 2106//2619
f 1878//2627 1879//2628 2137//2621
f 2137//2621 2107//2620 1878//2627
f 1882//2397 1878//2627 2106//2619
f 2139//2622 2140//2624 2105//2618
f 2104//2617 2098//2615 2106//2619
f 2105//2618 2103//2626 2098//2615
f 2103//2626 2070//2612 2097//2611
f 1889//2629 2108//2630 2111//2631
f 2111//2631 1892//2632 1889//2629
f 1897//2633 1891//2634 2109//2635
f 1891//2634 1892//2632 2111//2631
f 2111//2631 2110//2636 1891//2634
f 2110//2636 2109//2635 1891//2634
f 1889//2629 1896//2637 2112//2638
f 1896//2637 1897//2633 2113//2639
f 2113//2639 2112//2638 1896//2637
f 2112//2638 2108//2630 1889//2629
f 2119//2640 2114//2641 2111//2642
f 2111//2642 2108//2643 2119//2640
f 2110//2644 2111//2642 2114//2641
f 2109//2645 2110//2644 2115//2646
f 2115//2646 2116//2647 2109//2645
f 2114//2641 2115//2646 2110//2644
f 2116//2647 2117//2648 2113//2649
f 2113//2649 2109//2645 2116//2647
f 2112//2650 2113//2649 2117//2648
f 2108//2643 2112//2650 2118//2651
f 2118//2651 2119//2640 2108//2643
f 2117//2648 2118//2651 2112//2650
f 2116//13 2115//2646 2114//2641
f 2116//13 2114//2641 2119//2640
f 2118//2651 2117//13 2119//2640
f 2119//2640 2117//13 2116//13
f 2109//2635 2113//2639 1897//2633
f 2120//2652 2124//2653 1936//2654
f 1943//2655 1944//2656 2122//2657
f 1944//2656 1936//2654 2124//2653
f 2124//2653 2123//2658 1944//2656
f 2123//2658 2122//2657 1944//2656
f 2122//2657 2121//2659 1943//2655
f 1936//2654 1945//2660 2120//2652
f 1945//2660 1939//2661 2125//2662
f 2121//2659 2126//2663 1939//2661
f 2126//2663 2125//2662 1939//2661
f 2125//2662 2120//2652 1945//2660
f 2132//2664 2127//2665 2124//2666
f 2124//2666 2120//2667 2132//2664
f 2123//2668 2124//2666 2127//2665
f 2122//2669 2123//2668 2128//2670
f 2121//2671 2122//2669 2129//2672
f 2128//2670 2129//2672 2122//2669
f 2127//2665 2128//2670 2123//2668
f 2129//2672 2130//2673 2121//2671
f 2126//2674 2121//2671 2130//2673
f 2125//2675 2126//2674 2131//2676
f 2120//2667 2125//2675 2131//2676
f 2131//2676 2132//2664 2120//2667
f 2130//2673 2131//2676 2126//2674
f 2129//13 2128//2670 2127//2665
f 2131//2676 2130//13 2132//2664
f 2132//2664 2130//13 2129//13
f 2129//13 2127//2665 2132//2664
f 2121//2659 1939//2661 1943//2655
f 1870//2384 2133//2677 2135//2678
f 2135//2678 2138//2679 2136//2680
f 2136//2680 2138//2679 2139//2622
f 2138//2679 2134//2681 2141//2625
f 1879//2628 1870//2384 2135//2678
f 2135//2678 2137//2621 1879//2628
f 2141//2625 2140//2624 2139//2622
f 2141//2625 2139//2622 2138//2679
f 2139//2622 2137//2621 2136//2680
f 2138//2679 2135//2678 2133//2677
f 2136//2680 2137//2621 2135//2678
f 2014//2528 2158//2682 2143//2683
f 2146//2684 2168//2685 2170//2686
f 2144//2687 2145//2688 2146//2684
f 2010//2526 2009//2521 2147//2689
f 2148//2690 2147//2689 2145//2688
f 2009//2521 2023//2539 2147//2689
f 2145//2688 2149//2691 2146//2684
f 2014//2528 2143//2683 2146//2684
f 2151//2692 2146//2684 2149//2691
f 2149//2691 2022//2537 2021//2536
f 2071//2591 2153//2693 2154//2694
f 2154//2694 2083//2598 2084//2600
f 2154//2694 2152//2695 2156//2696
f 2155//2697 2156//2696 2157//2527
f 2156//2696 2158//2682 2150//2698
f 2014//2528 2157//2527 2150//2698
f 2161//2699 2055//2556 2159//2700
f 2162//2701 2142//2702 2055//2556
f 2163//2703 2058//2566 2047//2567
f 2165//2704 2047//2567 2060//2568
f 2164//2705 2060//2568 2049//2570
f 2153//2693 2160//2706 2163//2703
f 2161//2699 2159//2700 2153//2693
f 2070//2612 2162//2701 2161//2699
f 2153//2693 2159//2700 2160//2706
f 2071//2591 2070//2612 2161//2699
f 2152//2695 2153//2693 2163//2703
f 2156//2696 2165//2704 2164//2705
f 2158//2682 2164//2705 2166//2707
f 2166//2707 2062//2572 2167//2708
f 2168//2685 2167//2708 2169//2709
f 2169//2709 2170//2686 2168//2685
f 2169//2709 2171//2710 2170//2686
f 2143//2683 2166//2707 2168//2685
f 2171//2710 2144//2687 2170//2686
f 2053//2579 2173//2711 2172//2712
f 2174//2713 2171//2710 2172//2712
f 2174//2713 2033//2548 2148//2690
f 2174//2713 2148//2690 2144//2687
f 2033//2548 2010//2526 2148//2690
f 2056//2561 2159//2700 2055//2556
f 2159//2700 2056//2561 2057//2563
f 2160//2706 2057//2563 2058//2566
f 2169//2709 2167//2708 2063//2574
f 2064//2580 2172//2712 2169//2709
f 2053//2579 2172//2712 2065//2576
f 2066//2578 2173//2711 2053//2579
f 2036//2544 2173//2711 2066//2578
f 2034//2547 2032//2546 2174//2713
f 2033//2548 2174//2713 2032//2546
f 2011//2517 2010//2526 2033//2548
f 2008//2519 1999//2452 2007//2523
f 2008//2519 2007//2523 2023//2539
f 2023//2539 2009//2521 2008//2519
f 2149//2691 2023//2539 2022//2537
f 2021//2536 2015//2529 2151//2692
f 2157//2527 1968//2483 2089//2603
f 2155//2697 2089//2603 2082//2599
f 2071//2591 2084//2600 2072//2589
f 2072//2589 2084//2600 2073//2590
f 2103//2626 2102//2623 2070//2612
f 2162//2701 2070//2612 2102//2623
f 2142//2702 2162//2701 2102//2623
f 2102//2623 2141//2625 2142//2702
f 2055//2556 2142//2702 2178//2560
f 2015//2529 2014//2528 2151//2692
f 2174//2713 2173//2711 2034//2547
f 2036//2544 2034//2547 2173//2711
f 2172//2712 2064//2580 2065//2576
f 2063//2574 2064//2580 2169//2709
f 2062//2572 2063//2574 2167//2708
f 2057//2563 2160//2706 2159//2700
f 2144//2687 2171//2710 2174//2713
f 2172//2712 2173//2711 2174//2713
f 2171//2710 2169//2709 2172//2712
f 2167//2708 2168//2685 2166//2707
f 2062//2572 2166//2707 2049//2570
f 2164//2705 2158//2682 2156//2696
f 2163//2703 2165//2704 2152//2695
f 2161//2699 2153//2693 2071//2591
f 2049//2570 2166//2707 2164//2705
f 2060//2568 2164//2705 2165//2704
f 2047//2567 2165//2704 2163//2703
f 2058//2566 2163//2703 2160//2706
f 2055//2556 2161//2699 2162//2701
f 2158//2682 2014//2528 2150//2698
f 2150//2698 2157//2527 2156//2696
f 2166//2707 2143//2683 2158//2682
f 2157//2527 2089//2603 2155//2697
f 2155//2697 2082//2599 2083//2598
f 2156//2696 2155//2697 2154//2694
f 2152//2695 2154//2694 2153//2693
f 2155//2697 2083//2598 2154//2694
f 2154//2694 2084//2600 2071//2591
f 2165//2704 2156//2696 2152//2695
f 2149//2691 2021//2536 2151//2692
f 2146//2684 2151//2692 2014//2528
f 2149//2691 2147//2689 2023//2539
f 2149//2691 2145//2688 2147//2689
f 2145//2688 2144//2687 2148//2690
f 2147//2689 2148//2690 2010//2526
f 2146//2684 2170//2686 2144//2687
f 2168//2685 2146//2684 2143//2683
f 2142//2702 2141//2625 2134//2681
f 2134//2681 2175//2714 2142//2702
f 1875//2392 2138//2679 2133//2677
f 1875//2392 2133//2677 1870//2384
f 1875//2392 2134//2681 2138//2679
f 2134//2681 1875//2392 2176//2715
f 2175//2714 2134//2681 2176//2715
f 2175//2714 2176//2715 2177//2716
f 2178//2560 2142//2702 2175//2714
f 2177//2716 2179//2717 2178//2560
f 2178//2560 2175//2714 2177//2716
f 2180//2557 2179//2717 2181//2718
f 2182//2558 2181//2718 2183//2719
f 2182//2558 2180//2557 2181//2718
f 2180//2557 2178//2560 2179//2717
f 2184//2720 2051//2573 2050//2571
f 2050//2571 2186//2721 2184//2720
f 2052//2575 2184//2720 2185//2722
f 2186//2721 2050//2571 2048//2564
f 2048//2564 2187//2723 2186//2721
f 2046//2562 2189//2724 2187//2723
f 2185//2722 2043//2554 2054//2577
f 2187//2723 2048//2564 2046//2562
f 2043//2554 2190//2725 2188//2555
f 2185//2722 2190//2725 2043//2554
f 2189//2724 2045//2559 2182//2558
f 2183//2719 2191//2726 2182//2558
f 2054//2577 2052//2575 2185//2722
f 2046//2562 2045//2559 2189//2724
f 2182//2558 2191//2726 2189//2724
f 2052//2575 2051//2573 2184//2720
f 2044//2553 2192//2727 1863//2446
f 2044//2553 1863//2446 1991//2501
f 2192//2727 2044//2553 2188//2728
f 2188//2728 2193//2729 2192//2727
f 1863//2446 1951//2443 1991//2501
f 2195//2730 2194//2731 2183//2732
f 2183//2732 2181//2733 2195//2730
f 2177//2716 2196//2383 2179//2717
f 2181//2733 2179//2717 2196//2383
f 2181//2733 2196//2383 2195//2730
f 2177//2716 2176//2734 2196//2383
f 2176//2734 1875//2392 2196//2383
f 2197//2735 2193//2729 2188//2728
f 2198//2736 2197//2735 2190//2737
f 2199//2738 2198//2736 2185//2739
f 2200//2740 2199//2738 2186//2741
f 2201//2742 2200//2740 2187//2743
f 2202//2744 2201//2742 2187//2743
f 2203//2745 2202//2744 2189//2746
f 2194//2731 2203//2745 2191//2747
f 2191//2747 2183//2732 2194//2731
f 2189//2746 2191//2747 2203//2745
f 2187//2743 2189//2746 2202//2744
f 2186//2741 2187//2743 2200//2740
f 2184//2748 2186//2741 2199//2738
f 2185//2739 2184//2748 2199//2738
f 2190//2737 2185//2739 2198//2736
f 2188//2728 2190//2737 2197//2735
f 1863//2446 2192//2749 1864//2440
f 2204//2750 1864//2440 2192//2749
f 2196//2383 1867//2382 2205//2751
f 2195//2752 2196//2383 2205//2751
f 2200//2753 2201//2754 2207//838
f 2200//2753 2209//2755 2208//2756
f 2198//2757 2199//2758 2211//2759
f 2194//2760 2195//2752 2206//2761
f 2200//2753 2208//2756 2213//2756
f 2193//2762 2197//1954 2214//2763
f 2214//2763 2204//2750 2193//2762
f 2195//2752 2205//2751 2206//2761
f 2206//2761 2203//2764 2194//2760
f 2202//2765 2216//2766 2207//838
f 2213//2756 2199//2758 2200//2753
f 2211//2759 2217//2767 2198//2757
f 2197//1954 2198//2757 2218//2753
f 2206//2761 2215//2768 2203//2764
f 2220//2769 2212//2756 2202//2765
f 2203//2764 2221//2770 2220//2769
f 2207//838 2201//2754 2202//2765
f 2213//2756 2210//2771 2199//2758
f 2219//2772 2222//856 2197//1954
f 2197//1954 2222//856 2214//2763
f 2215//2768 2221//2770 2203//2764
f 2210//2771 2211//2759 2199//2758
f 2218//2753 2219//2772 2197//1954
f 2192//2749 2193//2762 2204//2750
f 2202//2765 2203//2764 2220//2769
f 2207//838 2209//2755 2200//2753
f 2212//2756 2216//2766 2202//2765
f 2217//2767 2218//2753 2198//2757
f 1930//2773 1924//2774 2223//2775
f 1928//2776 1930//2773 2223//2775
f 1926//2777 1928//2776 2224//2778
f 1925//2779 1926//2777 2225//2780
f 1921//2781 1925//2779 2226//2782
f 1922//2783 1921//2781 2227//2784
f 1924//2774 1922//2783 2229//2785
f 2229//2785 2223//2775 1924//2774
f 2228//2786 2229//2785 1922//2783
f 2227//2784 2228//2786 1922//2783
f 2226//2782 2227//2784 1921//2781
f 2225//2780 2226//2782 1925//2779
f 2224//2778 2225//2780 1926//2777
f 2223//2775 2224//2778 1928//2776
f 2230//2787 2224//2788 2223//2789
f 2230//2790 2225//2791 2224//2792
f 2230//2793 2226//2794 2225//2795
f 2230//2796 2227//2797 2226//2798
f 2230//2799 2228//2800 2227//2801
f 2230//2802 2229//2803 2228//2804
f 2230//2805 2223//2806 2229//2807
f 1956//2808 1958//2809 2232//2810
f 1957//2811 1956//2808 2233//2812
f 1954//2813 1957//2811 2234//2814
f 1953//2815 1954//2813 2235//2816
f 1952//2817 1953//2815 2236//2818
f 1958//2809 1952//2817 2231//2819
f 2236//2818 2231//2819 1952//2817
f 2235//2816 2236//2818 1953//2815
f 2234//2814 2235//2816 1954//2813
f 2233//2812 2234//2814 1957//2811
f 2232//2810 2233//2812 1956//2808
f 2231//2819 2232//2810 1958//2809
f 2237//2820 2232//2821 2231//2822
f 2237//2823 2233//2824 2232//2825
f 2237//2826 2234//2827 2233//2828
f 2237//2829 2235//2830 2234//2831
f 2237//2832 2236//2833 2235//2834
f 2237//2835 2231//2836 2236//2837
f 1877//2838 1869//2839 2238//2840
f 1876//2841 1877//2838 2239//2842
f 1874//2843 1876//2841 2239//2842
f 1868//2844 1874//2843 2240//2845
f 1873//2846 1868//2844 2241//2847
f 1872//2848 1873//2846 2242//2849
f 1869//2839 1872//2848 2244//2850
f 2244//2850 2238//2840 1869//2839
f 2243//2851 2244//2850 1872//2848
f 2242//2849 2243//2851 1872//2848
f 2241//2847 2242//2849 1873//2846
f 2240//2845 2241//2847 1868//2844
f 2239//2842 2240//2845 1874//2843
f 2238//2840 2239//2842 1877//2838
f 2245//2852 2239//2853 2238//2854
f 2245//2855 2240//2856 2239//2857
f 2245//2858 2241//2859 2240//2860
f 2245//2861 2242//2862 2241//2863
f 2245//2864 2243//2865 2242//2866
f 2245//2867 2244//2868 2243//2869
f 2245//2870 2238//2871 2244//2872
f 1988//2497 1907//2873 2246//2874
f 2606//2875 2607//2876 2246//2874
f 2246//2874 1907//2873 2606//2875
f 1988//2497 1906//2416 1907//2873
f 2214//2877 2222//2878 2260//2879
f 2260//2879 2274//2880 2214//2877
f 2258//2881 1929//2493 1932//2882
f 2258//2881 2261//2883 1929//2493
f 2261//2883 2258//2881 2262//2884
f 2262//2884 2263//2885 2264//2886
f 2266//2887 2264//2886 2265//2888
f 2261//2883 2262//2884 2266//2887
f 2262//2884 2259//2889 2263//2885
f 2219//2890 2268//2891 2267//2892
f 2268//2891 2219//2890 2218//2893
f 2269//2894 2270//2895 2271//2896
f 2271//2896 2267//2892 2269//2894
f 2260//2879 2222//2878 2219//2890
f 2268//2891 2269//2894 2267//2892
f 2272//2897 2265//2888 2264//2886
f 2259//2889 2260//2879 2271//2896
f 2273//2898 2204//2899 2214//2877
f 2259//2889 2273//2898 2274//2880
f 2274//2880 2273//2898 2214//2877
f 2258//2881 2273//2898 2259//2889
f 1932//2882 1949//2900 2273//2898
f 1864//2901 2204//2899 2273//2898
f 2273//2898 1949//2900 1864//2901
f 2248//2902 2268//2891 2218//2893
f 2248//2902 2249//2903 2269//2894
f 2250//2904 2270//2895 2249//2903
f 2270//2895 2250//2904 2251//2905
f 2272//2897 2270//2895 2252//2906
f 2270//2895 2251//2905 2252//2906
f 2265//2888 2272//2897 2252//2906
f 2252//2906 2253//2907 2265//2888
f 2253//2907 2254//2908 2265//2888
f 2266//2887 2265//2888 2254//2908
f 2254//2908 2255//2909 2266//2887
f 2256//2910 2266//2887 2255//2909
f 2261//2883 2257//2911 1985//2494
f 1985//2494 1929//2493 2261//2883
f 2269//2894 2268//2891 2248//2902
f 1932//2882 2273//2898 2258//2881
f 2274//2880 2260//2879 2259//2889
f 2271//2896 2263//2885 2259//2889
f 2272//2897 2264//2886 2263//2885
f 2272//2897 2271//2896 2270//2895
f 2271//2896 2272//2897 2263//2885
f 2267//2892 2271//2896 2260//2879
f 2219//2890 2267//2892 2260//2879
f 2270//2895 2269//2894 2249//2903
f 2256//2910 2257//2911 2261//2883
f 2262//2884 2264//2886 2266//2887
f 2266//2887 2256//2910 2261//2883
f 2259//2889 2262//2884 2258//2881
f 2277//2912 2257//2911 2256//2910
f 2276//2913 2277//2912 2278//2914
f 2275//2915 2276//2913 2279//2916
f 2278//2914 2256//2910 2255//2909
f 2279//2916 2278//2914 2280//2917
f 2281//2918 2255//2909 2254//2908
f 2255//2909 2281//2918 2280//2917
f 2255//2909 2280//2917 2278//2914
f 2278//2914 2279//2916 2276//2913
f 2256//2910 2278//2914 2277//2912
f 2208//2919 2296//2920 2295//2921
f 2298//2922 2299//2923 2300//2924
f 2293//2925 2301//2926 2326//2927
f 2299//2923 2302//2928 2301//2926
f 2293//2925 2303//2929 2301//2926
f 2304//2930 2305//2931 2306//2932
f 2305//2931 2298//2922 2300//2924
f 2306//2932 2300//2924 2307//2933
f 2303//2929 2308//2934 2307//2933
f 2297//2935 2283//2936 2303//2929
f 2280//2917 2307//2933 2308//2934
f 2279//2916 2308//2934 2283//2936
f 2287//2937 2288//2938 2311//2939
f 2311//2939 2312//2940 2313//2941
f 2312//2940 2314//2942 2313//2941
f 2312//2940 2291//2943 2314//2942
f 2314//2942 2292//2944 2284//2945
f 2313//2941 2314//2942 2315//2946
f 2309//2947 2313//2941 2310//2948
f 2316//2949 2293//2925 2294//2950
f 2284//2945 2282//2951 2315//2946
f 2315//2946 2297//2935 2316//2949
f 2282//2951 2297//2935 2315//2946
f 2212//2952 2319//2953 2318//2954
f 2320//2955 2319//2953 2212//2952
f 2318//2954 2317//2956 2216//2957
f 2321//2958 2207//2959 2317//2956
f 2322//2960 2296//2920 2209//2961
f 2321//2958 2323//2962 2322//2960
f 2323//2962 2294//2950 2296//2920
f 2286//2963 2324//2964 2319//2953
f 2324//2964 2321//2958 2317//2956
f 2311//2939 2321//2958 2324//2964
f 2287//2937 2311//2939 2324//2964
f 2310//2948 2316//2949 2323//2962
f 2309//2947 2310//2948 2323//2962
f 2295//2921 2327//2965 2210//2966
f 2294//2950 2326//2927 2295//2921
f 2210//2966 2327//2965 2325//2967
f 2326//2927 2302//2928 2327//2965
f 2328//2968 2327//2965 2302//2928
f 2328//2968 2329//2969 2325//2967
f 2329//2969 2217//2767 2211//2759
f 2330//2970 2331//2971 2329//2969
f 2329//2969 2328//2968 2330//2970
f 2217//2767 2329//2969 2331//2971
f 2330//2970 2328//2968 2298//2922
f 2292//2944 2341//2972 2284//2945
f 2254//2908 2306//2932 2280//2917
f 2304//2930 2306//2932 2253//2907
f 2306//2932 2254//2908 2253//2907
f 2304//2930 2252//2906 2251//2905
f 2251//2905 2330//2970 2304//2930
f 2331//2971 2330//2970 2250//2904
f 2248//2902 2217//2767 2331//2971
f 2320//2955 2220//2769 2221//2770
f 2221//2770 2285//2973 2320//2955
f 2320//2955 2285//2973 2348//2974
f 2348//2974 2286//2963 2320//2955
f 2288//2938 2289//2975 2312//2940
f 2289//2975 2290//2976 2312//2940
f 2291//2943 2312//2940 2290//2976
f 2248//2902 2218//2893 2217//2767
f 2249//2903 2248//2902 2331//2971
f 2250//2904 2249//2903 2331//2971
f 2251//2905 2250//2904 2330//2970
f 2253//2907 2252//2906 2304//2930
f 2280//2917 2281//2918 2254//2908
f 2308//2934 2279//2916 2280//2917
f 2298//2922 2305//2931 2330//2970
f 2305//2931 2304//2930 2330//2970
f 2325//2967 2329//2969 2211//2759
f 2299//2923 2298//2922 2328//2968
f 2302//2928 2299//2923 2328//2968
f 2327//2965 2328//2968 2325//2967
f 2327//2965 2295//2921 2326//2927
f 2213//2977 2208//2919 2295//2921
f 2295//2921 2296//2920 2294//2950
f 2210//2966 2213//2977 2295//2921
f 2325//2967 2211//2759 2210//2966
f 2294//2950 2323//2962 2316//2949
f 2323//2962 2321//2958 2309//2947
f 2324//2964 2286//2963 2287//2937
f 2317//2956 2318//2954 2324//2964
f 2319//2953 2320//2955 2286//2963
f 2318//2954 2319//2953 2324//2964
f 2322//2960 2207//2959 2321//2958
f 2296//2920 2322//2960 2323//2962
f 2208//2919 2209//2961 2296//2920
f 2209//2961 2207//2959 2322//2960
f 2216//2957 2212//2952 2318//2954
f 2212//2952 2220//2769 2320//2955
f 2207//2959 2216//2957 2317//2956
f 2315//2946 2316//2949 2310//2948
f 2315//2946 2310//2948 2313//2941
f 2284//2945 2315//2946 2314//2942
f 2292//2944 2314//2942 2291//2943
f 2313//2941 2309//2947 2311//2939
f 2312//2940 2311//2939 2288//2938
f 2309//2947 2321//2958 2311//2939
f 2283//2936 2275//2915 2279//2916
f 2308//2934 2303//2929 2283//2936
f 2283//2936 2297//2935 2282//2951
f 2303//2929 2293//2925 2297//2935
f 2307//2933 2280//2917 2306//2932
f 2303//2929 2307//2933 2300//2924
f 2300//2924 2306//2932 2305//2931
f 2300//2924 2301//2926 2303//2929
f 2301//2926 2300//2924 2299//2923
f 2326//2927 2294//2950 2293//2925
f 2302//2928 2326//2927 2301//2926
f 2293//2925 2316//2949 2297//2935
f 2257//2911 2332//2978 2247//2979
f 2247//2979 1985//2494 2257//2911
f 2275//2915 2337//2980 2334//2981
f 2277//2912 2334//2981 2335//2982
f 2257//2911 2335//2982 2332//2978
f 2335//2982 2257//2911 2277//2912
f 2334//2981 2277//2912 2276//2913
f 2334//2981 2276//2913 2275//2915
f 2335//2982 2396//2983 2394//2984
f 2334//2981 2337//2980 2396//2983
f 2336//2985 2332//2978 2335//2982
f 2396//2983 2335//2982 2334//2981
f 2394//2984 2336//2985 2335//2982
f 2340//2986 2292//2944 2291//2943
f 2339//2987 2340//2986 2342//2988
f 2342//2988 2291//2943 2290//2976
f 2343//2989 2342//2988 2344//2990
f 2344//2990 2290//2976 2289//2975
f 2344//2990 2289//2975 2345//2991
f 2345//2991 2288//2938 2287//2937
f 2338//2992 2287//2937 2346//2993
f 2347//2994 2286//2963 2348//2974
f 2340//2986 2341//2972 2292//2944
f 2286//2963 2347//2994 2346//2993
f 2286//2963 2346//2993 2287//2937
f 2287//2937 2338//2992 2345//2991
f 2288//2938 2345//2991 2289//2975
f 2290//2976 2344//2990 2342//2988
f 2342//2988 2343//2989 2339//2987
f 2291//2943 2342//2988 2340//2986
f 2349//2995 2350//2996 2338//2992
f 2351//2997 1880//2998 1893//2999
f 1893//2999 2355//3000 2351//2997
f 2345//2991 2338//2992 2350//2996
f 2353//3001 2344//2990 2345//2991
f 2351//2997 2349//2995 2354//3002
f 2355//3000 1893//2999 1898//2414
f 1898//2414 2356//3003 2355//3000
f 2355//3000 2353//3001 2349//2995
f 2357//3004 2358//3005 1881//3006
f 2206//3007 2359//3008 2352//3009
f 2358//3005 2359//3008 1871//2390
f 1871//2390 1881//3006 2358//3005
f 2359//3008 2360//3010 2352//3009
f 2358//3005 2361//3011 2360//3010
f 2357//3004 1881//3006 1880//2998
f 1880//2998 2351//2997 2357//3004
f 2357//3004 2354//3002 2361//3011
f 2352//3009 2363//3012 2215//2768
f 2360//3010 2362//3013 2363//3012
f 2361//3011 2364//3014 2362//3013
f 2354//3002 2338//2992 2364//3014
f 2338//2992 2347//2994 2364//3014
f 2205//3015 1867//2382 1871//2390
f 2205//3015 1871//2390 2359//3008
f 2359//3008 2206//3007 2205//3015
f 1898//2414 1987//2496 2356//3003
f 2356//3003 2343//2989 2344//2990
f 2338//2992 2346//2993 2347//2994
f 2348//2974 2364//3014 2347//2994
f 2363//3012 2348//2974 2285//2973
f 2215//2768 2285//2973 2221//2770
f 2285//2973 2215//2768 2363//3012
f 2348//2974 2363//3012 2362//3013
f 2348//2974 2362//3013 2364//3014
f 2344//2990 2353//3001 2356//3003
f 2343//2989 2356//3003 1987//2496
f 2339//2987 2343//2989 1987//2496
f 2364//3014 2361//3011 2354//3002
f 2363//3012 2352//3009 2360//3010
f 2362//3013 2360//3010 2361//3011
f 2354//3002 2357//3004 2351//2997
f 2361//3011 2358//3005 2357//3004
f 2360//3010 2359//3008 2358//3005
f 2349//2995 2351//2997 2355//3000
f 2353//3001 2355//3000 2356//3003
f 2345//2991 2350//2996 2353//3001
f 2350//2996 2349//2995 2353//3001
f 2215//2768 2206//3007 2352//3009
f 2338//2992 2354//3002 2349//2995
f 2366//3016 2367//3017 2365//3018
f 2339//2987 1987//2496 2365//3018
f 2365//3018 2368//3019 2339//2987
f 2369//3020 2341//2972 2340//2986
f 2370//3021 2340//2986 2339//2987
f 2339//2987 2368//3019 2370//3021
f 2340//2986 2370//3021 2369//3020
f 2332//2978 2336//2985 2393//3022
f 2247//2979 2332//2978 2333//3023
f 2393//3022 2333//3023 2332//2978
f 2366//3016 2395//3024 2367//3017
f 2368//3019 2395//3024 2404//3025
f 2368//3019 2367//3017 2395//3024
f 2367//3017 2368//3019 2365//3018
f 2374//3026 2373//3027 2415//3028
f 2394//2984 2415//3028 2373//3027
f 2373//3027 2372//3029 2394//2984
f 2375//3030 2374//3026 2405//3031
f 2376//3032 2375//3030 2406//3033
f 2406//3033 2416//3034 2376//3032
f 2416//3034 2407//3035 2377//3036
f 2407//3035 2378//3037 2377//3036
f 2377//3036 2376//3032 2416//3034
f 2379//3038 2378//3037 2417//3039
f 2407//3035 2417//3039 2378//3037
f 2380//3040 2379//3038 2408//3041
f 2417//3039 2408//3041 2379//3038
f 2409//3042 2418//3043 2381//3044
f 2410//3045 2383//3046 2382//3047
f 2382//3047 2418//3043 2410//3045
f 2382//3047 2381//3044 2418//3043
f 2383//3046 2410//3045 2419//3048
f 2419//3048 2384//3049 2383//3046
f 2411//3050 2385//3051 2384//3049
f 2412//3052 2387//3053 2386//3054
f 2386//3054 2420//3055 2412//3052
f 2387//3053 2412//3052 2421//3056
f 2421//3056 2388//3057 2387//3053
f 2388//3057 2421//3056 2413//3058
f 2413//3058 2389//3059 2388//3057
f 2404//3025 2391//3060 2390//3061
f 2389//3059 2413//3058 2414//3062
f 2414//3062 2390//3061 2389//3059
f 2404//3025 2395//3024 2391//3060
f 2395//3024 2366//3016 2392//3063
f 2371//3064 2333//3023 2393//3022
f 2372//3029 2371//3064 2393//3022
f 2393//3022 2336//2985 2372//3029
f 2336//2985 2394//2984 2372//3029
f 2395//3024 2392//3063 2391//3060
f 2390//3061 2414//3062 2404//3025
f 2386//3054 2385//3051 2420//3055
f 2385//3051 2411//3050 2420//3055
f 2384//3049 2419//3048 2411//3050
f 2381//3044 2380//3040 2409//3042
f 2408//3041 2409//3042 2380//3040
f 2405//3031 2406//3033 2375//3030
f 2415//3028 2405//3031 2374//3026
f 2413//3058 2402//3065 2403//3066
f 2415//3028 2396//2983 2405//3031
f 2416//3034 2397//3067 2407//3035
f 2417//3039 2398//3068 2408//3041
f 2418//3043 2399//3069 2410//3045
f 2419//3048 2400//3070 2411//3050
f 2420//3055 2401//3071 2412//3052
f 2421//3056 2402//3065 2413//3058
f 2403//3066 2404//3025 2414//3062
f 2415//3028 2394//2984 2396//2983
f 2402//3065 2421//3056 2412//3052
f 2401//3071 2420//3055 2411//3050
f 2400//3070 2419//3048 2410//3045
f 2399//3069 2418//3043 2409//3042
f 2398//3068 2417//3039 2407//3035
f 2397//3067 2416//3034 2406//3033
f 2403//3066 2414//3062 2413//3058
f 2402//3065 2412//3052 2401//3071
f 2401//3071 2411//3050 2400//3070
f 2400//3070 2410//3045 2399//3069
f 2399//3069 2409//3042 2408//3041
f 2399//3069 2408//3041 2398//3068
f 2398//3068 2407//3035 2397//3067
f 2397//3067 2406//3033 2405//3031
f 2397//3067 2405//3031 2396//2983
f 2337//2980 2397//3067 2396//2983
f 2370//3021 2368//3019 2404//3025
f 2369//3020 2370//3021 2403//3066
f 2404//3025 2403//3066 2370//3021
f 2422//3072 2369//3020 2403//3066
f 2398//3068 2424//3073 2425//3074
f 2426//3075 2423//3076 2402//3065
f 2425//3074 2399//3069 2398//3068
f 2403//3066 2428//3077 2422//3072
f 2428//3077 2403//3066 2402//3065
f 2402//3065 2401//3071 2426//3075
f 2402//3065 2423//3076 2428//3077
f 2401//3071 2429//3078 2426//3075
f 2429//3078 2401//3071 2400//3070
f 2427//3079 2429//3078 2400//3070
f 2398//3068 2397//3067 2424//3073
f 2430//3080 2424//3073 2397//3067
f 2432//3081 2431//3082 2337//2980
f 2434//3083 2433//3084 2284//2945
f 2282//2951 2284//2945 2433//3084
f 2284//2945 2341//2972 2434//3083
f 2399//3069 2425//3074 2427//3079
f 2397//3067 2337//2980 2431//3082
f 2435//3085 2436//3086 2283//2936
f 2437//3087 2341//2972 2369//3020
f 2400//3070 2399//3069 2427//3079
f 2436//3086 2438//3088 2275//2915
f 2369//3020 2422//3072 2437//3087
f 2397//3067 2431//3082 2430//3080
f 2275//2915 2438//3088 2432//3081
f 2283//2936 2282//2951 2435//3085
f 2436//3086 2275//2915 2283//2936
f 2432//3081 2337//2980 2275//2915
f 2282//2951 2433//3084 2435//3085
f 2341//2972 2437//3087 2434//3083
f 2439//3089 2440//3090 2429//3091
f 2441//3092 2439//3089 2429//3091
f 2442//3093 2441//3092 2427//3094
f 2443//3095 2442//3093 2425//3096
f 2444//3097 2443//3095 2424//3098
f 2445//3099 2444//3097 2431//3100
f 2446//3101 2445//3099 2432//3102
f 2447//3103 2446//3101 2438//3104
f 2448//3105 2447//3103 2436//3106
f 2449//3107 2448//3105 2435//3108
f 2450//3109 2449//3107 2433//3110
f 2451//3111 2450//3109 2434//3112
f 2452//3113 2451//3111 2437//3114
f 2453//3115 2452//3113 2437//3114
f 2454//3116 2453//3115 2422//3117
f 2455//3118 2454//3116 2428//3119
f 2440//3090 2455//3118 2423//3120
f 2426//3121 2429//3091 2440//3090
f 2423//3120 2426//3121 2440//3090
f 2428//3119 2423//3120 2455//3118
f 2422//3117 2428//3119 2454//3116
f 2437//3114 2422//3117 2453//3115
f 2434//3112 2437//3114 2451//3111
f 2433//3110 2434//3112 2450//3109
f 2435//3108 2433//3110 2449//3107
f 2436//3106 2435//3108 2448//3105
f 2438//3104 2436//3106 2447//3103
f 2432//3102 2438//3104 2446//3101
f 2431//3100 2432//3102 2445//3099
f 2430//3122 2431//3100 2444//3097
f 2424//3098 2430//3122 2444//3097
f 2425//3096 2424//3098 2443//3095
f 2427//3094 2425//3096 2442//3093
f 2429//3091 2427//3094 2441//3092
f 2456//13 2443//13 2444//13
f 2456//13 2457//13 2442//13
f 2457//13 2458//13 2441//13
f 2459//13 2444//13 2445//13
f 2441//13 2442//13 2457//13
f 2458//13 2460//13 2439//13
f 2461//13 2455//13 2440//13
f 2461//13 2462//13 2455//13
f 2463//13 2453//13 2454//13
f 2442//13 2443//13 2456//13
f 2439//13 2441//13 2458//13
f 2465//13 2466//13 2449//13
f 2467//13 2468//13 2447//13
f 2445//13 2464//13 2459//13
f 2454//13 2462//13 2463//13
f 2469//13 2452//13 2453//13
f 2469//13 2451//13 2452//13
f 2470//13 2450//13 2451//13
f 2449//13 2450//13 2465//13
f 2466//13 2467//13 2448//13
f 2468//13 2471//13 2446//13
f 2471//13 2464//13 2445//13
f 2444//13 2459//13 2456//13
f 2460//13 2440//13 2439//13
f 2454//13 2455//13 2462//13
f 2450//13 2470//13 2465//13
f 2448//13 2449//13 2466//13
f 2446//13 2447//13 2468//13
f 2445//13 2446//13 2471//13
f 2453//13 2463//13 2469//13
f 2447//13 2448//13 2467//13
f 2451//13 2469//13 2470//13
f 2440//13 2460//13 2461//13
f 2472//3123 2473//3124 2460//3125
f 2474//3126 2472//3123 2458//3127
f 2475//3128 2474//3126 2457//3129
f 2476//3130 2475//3128 2456//3131
f 2477//3132 2476//3130 2459//3133
f 2478//3134 2477//3132 2464//3135
f 2479//3136 2478//3134 2471//3137
f 2480//3138 2479//3136 2468//3139
f 2481//3140 2480//3138 2468//3139
f 2482//3141 2481//3140 2466//3142
f 2483//3143 2482//3141 2465//3144
f 2484//3145 2483//3143 2470//3146
f 2485//3147 2484//3145 2469//3148
f 2486//3149 2485//3147 2463//3150
f 2487//3151 2486//3149 2462//3152
f 2473//3124 2487//3151 2461//3153
f 2461//3153 2460//3125 2473//3124
f 2462//3152 2461//3153 2487//3151
f 2463//3150 2462//3152 2486//3149
f 2469//3148 2463//3150 2485//3147
f 2470//3146 2469//3148 2484//3145
f 2465//3144 2470//3146 2483//3143
f 2466//3142 2465//3144 2482//3141
f 2467//3154 2466//3142 2481//3140
f 2468//3139 2467//3154 2481//3140
f 2471//3137 2468//3139 2479//3136
f 2464//3135 2471//3137 2478//3134
f 2459//3133 2464//3135 2477//3132
f 2456//3131 2459//3133 2476//3130
f 2457//3129 2456//3131 2475//3128
f 2458//3127 2457//3129 2474//3126
f 2460//3125 2458//3127 2472//3123
f 2488//3155 2482//3156 2483//3157
f 2488//3155 2489//13 2482//3156
f 2491//3158 2478//3159 2479//13
f 2493//13 2474//3160 2475//2385
f 2489//13 2494//13 2481//3161
f 2495//3162 2496//135 2479//13
f 2479//13 2490//136 2491//3158
f 2497//3163 2475//2385 2476//3164
f 2475//2385 2492//13 2493//13
f 2498//13 2499//3165 2487//3165
f 2481//3161 2482//3156 2489//13
f 2494//13 2495//3162 2481//3161
f 2479//13 2496//135 2490//136
f 2491//3158 2477//3166 2478//3159
f 2501//13 2476//3164 2477//3166
f 2475//2385 2497//3163 2492//13
f 2502//3167 2503//3161 2472//3168
f 2487//3165 2473//3169 2498//13
f 2477//3166 2500//13 2501//13
f 2502//3167 2472//3168 2474//3160
f 2473//3169 2472//3168 2503//3161
f 2499//3165 2504//13 2486//13
f 2505//3170 2506//13 2484//3171
f 2506//13 2507//13 2483//3157
f 2480//3172 2481//3161 2495//3162
f 2477//3166 2491//3158 2500//13
f 2474//3160 2493//13 2502//3167
f 2486//13 2487//3165 2499//3165
f 2508//13 2485//3173 2486//13
f 2483//3157 2484//3171 2506//13
f 2507//13 2488//3155 2483//3157
f 2479//13 2480//3172 2495//3162
f 2486//13 2504//13 2508//13
f 2484//3171 2485//3173 2505//3170
f 2476//3164 2501//13 2497//3163
f 2485//3173 2508//13 2505//3170
f 2473//3169 2503//3161 2498//13
f 2503//3174 2580//3175 2545//3176
f 2545//3176 2498//3177 2503//3174
f 2498//3177 2545//3176 2546//3178
f 2546//3178 2499//3179 2498//3177
f 2499//3179 2546//3178 2547//3180
f 2504//3181 2499//3179 2548//3182
f 2504//3181 2549//3183 2550//3184
f 2550//3184 2508//3185 2504//3181
f 2508//3185 2550//3184 2551//3186
f 2551//3186 2505//3187 2508//3185
f 2505//3187 2551//3186 2552//3188
f 2506//3189 2505//3187 2553//3190
f 2506//3189 2554//3191 2555//3192
f 2555//3192 2507//3193 2506//3189
f 2507//3193 2555//3192 2556//3194
f 2556//3194 2488//3195 2507//3193
f 2488//3195 2556//3194 2557//3196
f 2489//3197 2488//3195 2558//3198
f 2489//3197 2559//3199 2560//3200
f 2560//3200 2494//3201 2489//3197
f 2494//3201 2560//3200 2561//3202
f 2561//3202 2495//3203 2494//3201
f 2495//3203 2561//3202 2562//3204
f 2496//3205 2495//3203 2563//3206
f 2490//3207 2496//3205 2564//3208
f 2564//3208 2565//3209 2490//3207
f 2490//3207 2565//3209 2566//3210
f 2566//3210 2491//3211 2490//3207
f 2491//3211 2566//3210 2567//3212
f 2500//3213 2491//3211 2568//3214
f 2501//3215 2500//3213 2569//3216
f 2569//3216 2570//3217 2501//3215
f 2501//3215 2570//3217 2571//3218
f 2571//3218 2497//3219 2501//3215
f 2497//3219 2571//3218 2572//3220
f 2492//3221 2497//3219 2573//3222
f 2493//3223 2492//3221 2574//3224
f 2574//3224 2575//3225 2493//3223
f 2493//3223 2575//3225 2576//3226
f 2576//3226 2502//3227 2493//3223
f 2502//3227 2576//3226 2577//3228
f 2503//3174 2502//3227 2578//3229
f 2579//3230 2580//3175 2503//3174
f 2578//3229 2579//3230 2503//3174
f 2577//3228 2578//3229 2502//3227
f 2573//3222 2574//3224 2492//3221
f 2572//3220 2573//3222 2497//3219
f 2568//3214 2569//3216 2500//3213
f 2567//3212 2568//3214 2491//3211
f 2563//3206 2564//3208 2496//3205
f 2562//3204 2563//3206 2495//3203
f 2558//3198 2559//3199 2489//3197
f 2557//3196 2558//3198 2488//3195
f 2553//3190 2554//3191 2506//3189
f 2552//3188 2553//3190 2505//3187
f 2548//3182 2549//3183 2504//3181
f 2547//3180 2548//3182 2499//3179
f 2509//3231 2510//3232 2545//3176
f 2510//3232 2511//3233 2546//3178
f 2511//3233 2512//3234 2547//3180
f 2512//3234 2513//3235 2548//3182
f 2513//3235 2514//3236 2549//3183
f 2514//3236 2515//3237 2550//3184
f 2515//3237 2516//3238 2551//3186
f 2516//3238 2517//3239 2552//3188
f 2517//3239 2518//3240 2553//3190
f 2518//3240 2519//3241 2554//3191
f 2519//3241 2520//3242 2555//3192
f 2520//3242 2521//3243 2556//3194
f 2521//3243 2522//3244 2557//3196
f 2522//3244 2523//3245 2558//3198
f 2523//3245 2524//3246 2559//3199
f 2524//3246 2525//3247 2560//3200
f 2525//3247 2526//3248 2561//3202
f 2526//3248 2527//3249 2562//3204
f 2527//3249 2528//3250 2563//3206
f 2528//3250 2529//3251 2564//3208
f 2529//3251 2530//3252 2565//3209
f 2530//3252 2531//3253 2566//3210
f 2531//3253 2532//3254 2567//3212
f 2532//3254 2533//3255 2568//3214
f 2533//3255 2534//3256 2569//3216
f 2534//3256 2535//3257 2570//3217
f 2535//3257 2536//3258 2571//3218
f 2536//3258 2537//3259 2572//3220
f 2537//3259 2538//3260 2573//3222
f 2538//3260 2539//3261 2574//3224
f 2539//3261 2540//3262 2575//3225
f 2540//3262 2541//3263 2576//3226
f 2541//3263 2542//3264 2577//3228
f 2542//3264 2543//3265 2578//3229
f 2543//3265 2544//3266 2579//3230
f 2544//3266 2509//3231 2580//3175
f 2580//3175 2579//3230 2544//3266
f 2579//3230 2578//3229 2543//3265
f 2578//3229 2577//3228 2542//3264
f 2577//3228 2576//3226 2541//3263
f 2576//3226 2575//3225 2540//3262
f 2575//3225 2574//3224 2539//3261
f 2574//3224 2573//3222 2538//3260
f 2573//3222 2572//3220 2537//3259
f 2572//3220 2571//3218 2536//3258
f 2571//3218 2570//3217 2535//3257
f 2570//3217 2569//3216 2534//3256
f 2569//3216 2568//3214 2533//3255
f 2568//3214 2567//3212 2532//3254
f 2567//3212 2566//3210 2531//3253
f 2566//3210 2565//3209 2530//3252
f 2565//3209 2564//3208 2529//3251
f 2564//3208 2563//3206 2528//3250
f 2563//3206 2562//3204 2527//3249
f 2562//3204 2561//3202 2526//3248
f 2561//3202 2560//3200 2525//3247
f 2560//3200 2559//3199 2524//3246
f 2559//3199 2558//3198 2523//3245
f 2558//3198 2557//3196 2522//3244
f 2557//3196 2556//3194 2521//3243
f 2556//3194 2555//3192 2520//3242
f 2555//3192 2554//3191 2519//3241
f 2554//3191 2553//3190 2518//3240
f 2553//3190 2552//3188 2517//3239
f 2552//3188 2551//3186 2516//3238
f 2551//3186 2550//3184 2515//3237
f 2550//3184 2549//3183 2514//3236
f 2549//3183 2548//3182 2513//3235
f 2548//3182 2547//3180 2512//3234
f 2547//3180 2546//3178 2511//3233
f 2546//3178 2545//3176 2510//3232
f 2545//3176 2580//3175 2509//3231
f 2581//3267 2582//3268 2511//3233
f 2582//3268 2513//3235 2512//3234
f 2583//3269 2514//3236 2513//3235
f 2513//3235 2582//3268 2583//3269
f 2515//3237 2514//3236 2583//3269
f 2583//3269 2584//3270 2516//3238
f 2584//3270 2518//3240 2517//3239
f 2585//3271 2519//3241 2518//3240
f 2518//3240 2584//3270 2585//3271
f 2520//3242 2519//3241 2585//3271
f 2585//3271 2586//3272 2521//3243
f 2586//3272 2523//3245 2522//3244
f 2587//3273 2524//3246 2523//3245
f 2523//3245 2586//3272 2587//3273
f 2525//3247 2524//3246 2587//3273
f 2587//3273 2588//3274 2526//3248
f 2588//3274 2528//3250 2527//3249
f 2589//3275 2529//3251 2528//3250
f 2528//3250 2588//3274 2589//3275
f 2590//3276 2530//3252 2529//3251
f 2529//3251 2589//3275 2590//3276
f 2590//3276 2591//3277 2532//3254
f 2591//3277 2533//3255 2532//3254
f 2591//3277 2534//3256 2533//3255
f 2592//3278 2535//3257 2534//3256
f 2534//3256 2591//3277 2592//3278
f 2592//3278 2593//3279 2536//3258
f 2593//3279 2538//3260 2537//3259
f 2594//3280 2539//3261 2538//3260
f 2538//3260 2593//3279 2594//3280
f 2594//3280 2540//3262 2539//3261
f 2594//3280 2595//3281 2541//3263
f 2595//3281 2543//3265 2542//3264
f 2596//3282 2544//3266 2543//3265
f 2543//3265 2595//3281 2596//3282
f 2581//3267 2509//3231 2544//3266
f 2544//3266 2596//3282 2581//3267
f 2542//3264 2541//3263 2595//3281
f 2541//3263 2540//3262 2594//3280
f 2537//3259 2536//3258 2593//3279
f 2536//3258 2535//3257 2592//3278
f 2532//3254 2531//3253 2590//3276
f 2531//3253 2530//3252 2590//3276
f 2527//3249 2526//3248 2588//3274
f 2526//3248 2525//3247 2587//3273
f 2522//3244 2521//3243 2586//3272
f 2521//3243 2520//3242 2585//3271
f 2517//3239 2516//3238 2584//3270
f 2516//3238 2515//3237 2583//3269
f 2512//3234 2511//3233 2582//3268
f 2511//3233 2510//3232 2581//3267
f 2510//3232 2509//3231 2581//3267
f 1917//3283 1866//2417 2597//3284
f 1866//2417 2598//3285 2597//3284
f 2597//3284 2599//3286 1917//3283
f 1915//3287 1917//3283 2599//3286
f 2599//3286 2600//3288 1915//3287
f 1915//3287 2600//3288 2601//3289
f 2601//3289 1913//3290 1915//3287
f 2603//3291 1910//3292 1913//3290
f 1913//3290 2602//3293 2603//3291
f 2603//3291 2604//3294 1910//3292
f 1908//3295 1910//3292 2604//3294
f 1907//3296 1908//3295 2605//3297
f 1908//3295 2604//3294 2605//3297
f 2642//3298 2598//3285 1986//2495
f 1986//2495 2626//3299 2642//3298
f 1866//2417 1865//2422 1986//2495
f 1986//2495 2598//3285 1866//2417
f 2605//3297 2606//2875 1907//3296
f 2601//3289 2602//3293 1913//3290
f 2598//3285 2642//3298 2641//3300
f 2608//3301 2607//2876 2606//2875
f 2246//2874 2607//2876 2613//3302
f 2613//3302 2609//3303 2246//2874
f 2609//3303 2613//3302 2610//3304
f 2610//3304 2611//3305 2609//3303
f 2607//2876 2612//3306 2613//3302
f 2612//3306 2607//2876 2608//3301
f 2608//3301 2619//3307 2614//3308
f 2612//3306 2614//3308 2610//3304
f 2612//3306 2608//3301 2614//3308
f 2613//3302 2612//3306 2610//3304
f 2614//3308 2619//3307 2616//3309
f 2617//3310 2615//3311 2616//3309
f 2610//3304 2614//3308 2611//3305
f 2615//3311 2611//3305 2614//3308
f 2614//3308 2616//3309 2615//3311
f 2616//3309 2618//3312 2617//3310
f 2618//3312 2616//3309 2619//3307
f 2617//3310 2618//3312 2629//3313
f 2629//3313 2620//3314 2617//3310
f 2620//3314 2629//3313 2630//3315
f 2621//3316 2620//3314 2631//3317
f 2621//3316 2632//3318 2633//3319
f 2633//3319 2622//3320 2621//3316
f 2622//3320 2633//3319 2634//3321
f 2623//3322 2622//3320 2635//3323
f 2623//3322 2636//3324 2637//3325
f 2637//3325 2624//3326 2623//3322
f 2624//3326 2637//3325 2638//3327
f 2628//3328 2624//3326 2639//3329
f 2639//3329 2644//3330 2628//3328
f 2638//3327 2639//3329 2624//3326
f 2635//3323 2636//3324 2623//3322
f 2634//3321 2635//3323 2622//3320
f 2631//3317 2632//3318 2621//3316
f 2630//3315 2631//3317 2620//3314
f 2247//2979 2627//3331 2626//3299
f 2247//2979 2590//3332 2625//3333
f 2626//3299 1985//2494 2247//2979
f 2247//2979 2333//3023 2590//3332
f 2625//3333 2627//3331 2247//2979
f 2590//3332 2628//3334 2625//3333
f 2591//3335 2371//3064 2372//3029
f 2592//3336 2591//3335 2373//3027
f 2594//3337 2593//3338 2377//3036
f 2585//3339 2366//3016 2617//3340
f 2615//3341 2366//3016 2365//3018
f 2622//3342 2587//3343 2586//3344
f 2623//3345 2588//3345 2587//3343
f 2373//3027 2374//3026 2592//3336
f 2592//3336 2374//3026 2375//3030
f 2593//3338 2376//3032 2377//3036
f 2586//3344 2621//3346 2622//3342
f 2587//3343 2622//3342 2623//3345
f 2628//3334 2590//3332 2589//3334
f 2590//3332 2333//3023 2371//3064
f 2375//3030 2593//3338 2592//3336
f 2593//3338 2375//3030 2376//3032
f 2378//3037 2379//3038 2594//3337
f 2584//3347 2392//3063 2366//3016
f 2615//3341 2617//3340 2366//3016
f 1987//2496 2609//3348 2611//3349
f 2624//3350 2589//3334 2588//3345
f 2589//3334 2624//3350 2628//3334
f 2372//3029 2373//3027 2591//3335
f 2377//3036 2378//3037 2594//3337
f 2611//3349 2365//3018 1987//2496
f 2588//3345 2623//3345 2624//3350
f 2594//3337 2379//3038 2380//3040
f 2595//3351 2380//3040 2381//3044
f 2582//3352 2388//3057 2389//3059
f 2583//3353 2391//3060 2392//3063
f 2365//3018 2611//3349 2615//3341
f 2371//3064 2591//3335 2590//3332
f 2381//3044 2382//3047 2595//3351
f 2596//3354 2595//3351 2382//3047
f 2385//3051 2386//3054 2581//3355
f 2582//3352 2387//3053 2388//3057
f 2389//3059 2583//3353 2582//3352
f 2620//3356 2586//3344 2585//3339
f 2626//3299 1986//2495 1985//2494
f 2382//3047 2383//3046 2596//3354
f 2581//3355 2384//3049 2385//3051
f 2582//3352 2581//3355 2386//3054
f 2389//3059 2390//3061 2583//3353
f 2392//3063 2584//3347 2583//3353
f 2380//3040 2595//3351 2594//3337
f 2596//3354 2383//3046 2384//3049
f 2386//3054 2387//3053 2582//3352
f 2390//3061 2391//3060 2583//3353
f 2617//3340 2620//3356 2585//3339
f 2384//3049 2581//3355 2596//3354
f 1987//2496 1988//2497 2609//3348
f 2586//3344 2620//3356 2621//3346
f 2585//3339 2584//3347 2366//3016
f 1988//2497 2246//2874 2609//3348
f 2626//3299 2627//3357 2647//3358
f 2647//3358 2640//3359 2626//3299
f 2640//3359 2642//3298 2626//3299
f 2629//3313 2618//3312 2619//3307
f 2599//3286 2597//3284 2637//3325
f 2641//3300 2646//3360 2644//3330
f 2606//2875 2605//3297 2631//3317
f 2605//3297 2604//3294 2632//3318
f 2604//3294 2603//3291 2633//3319
f 2602//3293 2634//3321 2633//3319
f 2601//3289 2635//3323 2634//3321
f 2600//3288 2636//3324 2635//3323
f 2636//3324 2600//3288 2599//3286
f 2597//3284 2598//3285 2638//3327
f 2632//3318 2631//3317 2605//3297
f 2633//3319 2603//3291 2602//3293
f 2635//3323 2601//3289 2600//3288
f 2638//3327 2637//3325 2597//3284
f 2633//3319 2632//3318 2604//3294
f 2637//3325 2636//3324 2599//3286
f 2598//3285 2641//3300 2639//3329
f 2608//3301 2606//2875 2630//3315
f 2634//3321 2602//3293 2601//3289
f 2644//3330 2639//3329 2641//3300
f 2608//3301 2629//3313 2619//3307
f 2639//3329 2638//3327 2598//3285
f 2630//3315 2629//3313 2608//3301
f 2631//3317 2630//3315 2606//2875
f 2640//3359 2641//3300 2642//3298
f 2643//3361 2641//3300 2640//3359
f 2643//3361 2646//3360 2641//3300
f 2628//3328 2644//3330 2645//3362
f 2625//3363 2628//3328 2645//3362
f 2625//3363 2645//3362 2646//3360
f 2627//3357 2646//3360 2643//3361
f 2627//3357 2643//3361 2647//3358
f 2646//3360 2627//3357 2625//3363
f 2644//3330 2646//3360 2645//3362
f 2647//3358 2643//3361 2640//3359
f 2654//3364 2648//3365 2653//3366
f 2654//3367 2649//3368 2648//3369
f 2654//3370 2650//3371 2649//3372
f 2654//3373 2651//3374 2650//3375
f 2654//3376 2652//3377 2651//3378
f 2654//3379 2653//3380 2652//3381
f 2649//3382 2650//3383 2655//3384
f 2648//3385 2649//3382 2656//3386
f 2653//3387 2648//3385 2657//3388
f 2652//3389 2653//3387 2658//3390
f 2651//3391 2652//3389 2659//3392
f 2650//3383 2651//3391 2655//3384
f 2659//3392 2655//3384 2651//3391
f 2658//3390 2659//3392 2652//3389
f 2657//3388 2658//3390 2653//3387
f 2656//3386 2657//3388 2648//3385
f 2655//3384 2656//3386 2649//3382
f 2665//3393 2660//3394 2658//3395
f 2660//3394 2661//3396 2659//3397
f 2661//3396 2662//3398 2655//3399
f 2662//3398 2663//3400 2655//3399
f 2663//3400 2664//3401 2657//3402
f 2664//3401 2665//3393 2657//3402
f 2658//3395 2657//3402 2665//3393
f 2657//3402 2656//3403 2663//3400
f 2656//3403 2655//3399 2663//3400
f 2655//3399 2659//3397 2661//3396
f 2659//3397 2658//3395 2660//3394
f 2672//3404 2674//3405 2673//3406
f 2676//3406 2673//3406 2677//3406
f 2672//3404 2678//3407 2674//3405
f 2678//3407 2670//3408 2679//3409
f 2677//3406 2675//3410 2676//3406
f 2678//3407 2679//3409 2674//3405
f 2671//3411 2677//3406 2680//3412
f 2673//3406 2676//3406 2672//3404
f 2677//3406 2671//3411 2675//3410
f 2681//3413 2679//3409 2670//3408
f 2670//3408 2680//3412 2681//3413
f 2682//3414 2683//3415 2684//3416
f 2683//3415 2670//3408 2678//3407
f 2683//3415 2678//3407 2684//3416
f 2687//3417 2685//3418 2688//3419
f 2685//3418 2687//3417 2686//3420
f 2689//3421 2694//3422 2690//3423
f 2691//3424 2697//3425 2699//3426
f 2685//3418 2686//3420 2693//3427
f 2693//3427 2692//3428 2685//3418
f 2694//3422 2689//3421 2682//3414
f 2682//3414 2684//3416 2694//3422
f 2692//3428 2689//3421 2690//3423
f 2696//3429 2698//3430 2693//3427
f 2699//3426 2682//3414 2691//3424
f 2682//3414 2689//3421 2695//3431
f 2692//3428 2690//3423 2685//3418
f 2693//3427 2686//3420 2696//3429
f 2691//3424 2698//3430 2697//3425
f 2698//3430 2696//3429 2697//3425
f 2695//3431 2691//3424 2682//3414
f 2702//3432 2682//3414 2699//3426
f 2699//3426 2700//3433 2702//3432
f 2702//3432 2700//3433 2711//3434
f 2669//3435 2701//3406 2704//3406
f 2702//3432 2703//3406 2701//3406
f 2711//3434 2703//3406 2702//3432
f 2668//3436 2669//3435 2704//3406
f 2711//3434 2705//3406 2703//3406
f 2701//3406 2669//3435 2702//3432
f 2668//3436 2706//3406 2709//3406
f 2709//3406 2710//3406 2668//3436
f 2668//3436 2707//3406 2706//3406
f 2668//3436 2704//3406 2707//3406
f 2711//3434 2708//3437 2705//3406
f 2709//3406 2705//3406 2708//3437
f 2709//3406 2708//3437 2710//3406
f 2668//3436 2713//3406 2712//3406
f 2710//3406 2713//3406 2668//3436
f 2712//3406 2714//3406 2715//3406
f 2714//3406 2716//3406 2717//3406
f 2716//3406 2718//3406 2719//3406
f 2719//3406 2717//3406 2716//3406
f 2717//3406 2715//3406 2714//3406
f 2718//3406 2720//3406 2721//3406
f 2720//3406 2722//3406 2721//3406
f 2723//3410 2725//3406 2724//3410
f 2725//3406 2726//3438 2724//3410
f 2739//3406 2730//3406 2727//3439
f 2728//3406 2732//3440 2729//3406
f 2723//3410 2738//3406 2725//3406
f 2739//3406 2727//3439 2731//3441
f 2732//3440 2734//3406 2729//3406
f 2729//3406 2735//3406 2733//3406
f 2736//3442 2725//3406 2737//3406
f 2725//3406 2736//3442 2726//3438
f 2735//3406 2740//3406 2737//3406
f 2727//3439 2730//3406 2738//3406
f 2737//3406 2733//3406 2735//3406
f 2738//3406 2723//3410 2727//3439
f 2732//3440 2728//3406 2739//3406
f 2733//3406 2728//3406 2729//3406
f 2741//3406 2721//3406 2722//3406
f 2741//3406 2722//3406 2734//3406
f 2739//3406 2731//3441 2732//3440
f 2734//3406 2732//3440 2741//3406
f 2724//3410 2742//3443 2723//3410
f 2742//3443 2724//3410 2745//3444
f 2662//3445 2742//3443 2745//3444
f 2662//3445 2745//3444 2743//3446
f 2750//3447 2661//3448 2660//3449
f 2750//3447 2660//3449 2665//3450
f 2746//3451 2664//3452 2663//3453
f 2667//3454 2742//3443 2662//3445
f 2743//3446 2663//3453 2662//3445
f 2744//3455 2665//3450 2664//3452
f 2661//3448 2750//3447 2667//3454
f 2743//3446 2747//3456 2663//3453
f 2663//3453 2747//3456 2746//3451
f 2662//3445 2661//3448 2667//3454
f 2664//3452 2746//3451 2744//3455
f 2744//3455 2748//3457 2750//3447
f 2749//3458 2750//3447 2748//3457
f 2752//3459 2753//3460 2667//3454
f 2751//3461 2752//3459 2667//3454
f 2667//3454 2750//3447 2751//3461
f 2752//3459 2754//3462 2753//3460
f 2754//3462 2752//3459 2755//3463
f 2755//3463 2759//3464 2754//3462
f 2755//3463 2758//3465 2759//3464
f 2757//3466 2759//3464 2758//3465
f 2757//3466 2758//3465 2756//3467
f 2760//3468 2756//3467 2761//3469
f 2761//3469 2762//3406 2760//3468
f 2756//3467 2760//3468 2757//3466
f 2762//3406 2761//3469 2767//3470
f 2946//3471 2759//3464 2764//3472
f 2763//3473 2762//3406 2767//3470
f 2767//3470 2666//3474 2763//3473
f 2666//3474 2766//3475 2763//3473
f 2764//3472 2765//3476 2946//3471
f 2759//3464 2757//3466 2764//3472
f 2666//3474 2765//3476 2766//3475
f 2765//3476 2666//3474 2946//3471
f 2665//3450 2744//3455 2750//3447
f 2737//3406 2740//3406 2736//3442
f 2721//3406 2719//3406 2718//3406
f 2715//3406 2668//3436 2712//3406
f 2680//3412 2670//3408 2671//3411
f 2795//3477 2796//3478 2675//3479
f 2796//3478 2797//3480 2675//3479
f 2676//3481 2675//3479 2797//3480
f 2797//3480 2798//3482 2676//3481
f 2676//3481 2798//3482 2799//3483
f 2672//3404 2799//3483 2800//3484
f 2672//3404 2800//3484 2804//3485
f 2804//3485 2678//3407 2672//3404
f 2799//3483 2672//3404 2676//3481
f 2734//3486 2722//3487 2769//3488
f 2722//3487 2770//3489 2769//3488
f 2771//3490 2770//3489 2722//3487
f 2720//3491 2718//3492 2772//3493
f 2718//3492 2773//3494 2772//3493
f 2772//3493 2771//3490 2720//3491
f 2716//3495 2774//3496 2773//3494
f 2773//3494 2718//3492 2716//3495
f 2716//3495 2714//3497 2775//3498
f 2714//3497 2776//3499 2775//3498
f 2712//3500 2830//3501 2776//3499
f 2776//3499 2714//3497 2712//3500
f 2775//3498 2774//3496 2716//3495
f 2722//3487 2720//3491 2771//3490
f 2769//3488 2777//3502 2734//3486
f 2729//3503 2778//3504 2779//3505
f 2734//3486 2777//3502 2778//3504
f 2729//3503 2734//3486 2778//3504
f 2735//3506 2729//3503 2779//3505
f 2735//3506 2783//3507 2871//3508
f 2740//3509 2871//3508 2873//3510
f 2740//3509 2873//3510 2875//3511
f 2736//3442 2875//3511 2876//3512
f 2780//3513 2736//3442 2876//3512
f 2780//3513 2726//3438 2736//3442
f 2875//3511 2736//3442 2740//3509
f 2871//3508 2740//3509 2735//3506
f 2779//3505 2783//3507 2735//3506
f 2783//3507 2779//3505 2778//3504
f 2783//3507 2778//3504 2781//3514
f 2783//3507 2781//3514 2782//3515
f 2769//3488 2770//3489 2784//3516
f 2770//3489 2771//3490 2785//3517
f 2771//3490 2772//3493 2785//3517
f 2772//3493 2773//3494 2786//3518
f 2773//3494 2774//3496 2787//3519
f 2774//3496 2775//3498 2788//3520
f 2775//3498 2776//3499 2788//3520
f 2776//3499 2830//3501 2828//3521
f 2788//3520 2828//3521 2836//3522
f 2784//3516 2785//3517 2786//3518
f 2769//3488 2778//3504 2777//3502
f 2769//3488 2781//3514 2778//3504
f 2784//3516 2781//3514 2769//3488
f 2828//3521 2788//3520 2776//3499
f 2788//3520 2787//3519 2774//3496
f 2787//3519 2786//3518 2773//3494
f 2786//3518 2785//3517 2772//3493
f 2785//3517 2784//3516 2770//3489
f 2712//3500 2713//3523 2827//3524
f 2827//3524 2830//3501 2712//3500
f 2790//3525 2702//3432 2789//3526
f 2791//3527 2789//3526 2669//3435
f 2789//3526 2702//3432 2669//3435
f 2727//3439 2792//3528 2793//3529
f 2793//3529 2731//3441 2727//3439
f 2675//3479 2671//3530 2794//3531
f 2794//3531 2795//3477 2675//3479
f 2801//3532 2802//3533 2805//3534
f 2801//3532 2805//3534 2804//3485
f 2802//3533 2803//3535 2805//3534
f 2803//3535 2684//3416 2805//3534
f 2684//3416 2678//3407 2805//3534
f 2678//3407 2804//3485 2805//3534
f 2804//3485 2800//3484 2801//3532
f 2756//3467 2806//3536 2761//3469
f 2806//3536 2941//3537 2761//3469
f 2767//3470 2761//3469 2941//3537
f 2767//3470 2941//3537 2807//3538
f 2666//3474 2807//3538 2891//3539
f 2666//3474 2767//3470 2807//3538
f 2748//3457 2855//3540 2888//3541
f 2810//3542 2808//3543 2813//3544
f 2810//3542 2809//3545 2808//3543
f 2809//3545 2810//3542 2803//3535
f 2810//3542 2690//3546 2694//3422
f 2813//3544 2690//3546 2810//3542
f 2812//3547 2811//3548 2768//3549
f 2699//3550 2697//3551 2811//3548
f 2768//3549 2811//3548 2697//3551
f 2768//3549 2818//3552 2812//3547
f 2808//3543 2814//3553 2813//3544
f 2814//3553 2815//3554 2816//3555
f 2816//3555 2817//3556 2814//3553
f 2817//3556 2813//3544 2814//3553
f 2814//3553 2808//3543 2809//3545
f 2685//3557 2690//3546 2813//3544
f 2688//3419 2685//3557 2813//3544
f 2817//3556 2816//3555 2688//3419
f 2687//3417 2688//3419 2823//3558
f 2686//3559 2687//3417 2823//3558
f 2696//3560 2686//3559 2822//3561
f 2696//3560 2822//3561 2818//3552
f 2768//3549 2696//3560 2818//3552
f 2768//3549 2697//3551 2696//3560
f 2824//3562 2822//3561 2686//3559
f 2823//3558 2824//3562 2686//3559
f 2816//3555 2823//3558 2688//3419
f 2813//3544 2817//3556 2688//3419
f 2700//3563 2699//3550 2811//3548
f 2811//3548 2819//3564 2700//3563
f 2819//3564 2811//3548 2812//3547
f 2812//3547 2820//3565 2819//3564
f 2812//3547 2818//3552 2820//3565
f 2839//3566 2820//3565 2818//3552
f 2822//3561 2824//3562 2821//3567
f 2824//3562 2823//3558 2821//3567
f 2821//3567 2823//3558 2815//3554
f 2823//3558 2816//3555 2815//3554
f 2787//3519 2826//3568 2896//3569
f 2786//3518 2896//3569 2825//3570
f 2896//3569 2786//3518 2787//3519
f 2825//3570 2784//3516 2786//3518
f 2836//3522 2826//3568 2788//3520
f 2787//3519 2788//3520 2826//3568
f 2784//3516 2825//3570 2781//3514
f 2828//3521 2830//3501 2829//3571
f 2830//3501 2827//3524 2829//3571
f 2828//3521 2829//3571 2836//3522
f 2713//3523 2710//3572 2831//3573
f 2708//3437 2832//3574 2833//3575
f 2710//3572 2708//3437 2834//3576
f 2834//3576 2831//3573 2710//3572
f 2833//3575 2834//3576 2708//3437
f 2711//3434 2832//3574 2708//3437
f 2831//3573 2827//3524 2713//3523
f 2829//3571 2835//3577 2836//3522
f 2835//3577 2829//3571 2827//3524
f 2827//3524 2831//3573 2835//3577
f 2836//3522 2835//3577 2840//3578
f 2835//3577 2834//3576 2840//3578
f 2826//3568 2840//3578 2841//3579
f 2833//3575 2832//3574 2837//3580
f 2833//3575 2837//3580 2838//3581
f 2838//3581 2840//3578 2833//3575
f 2839//3566 2842//3582 2840//3578
f 2840//3578 2838//3581 2839//3566
f 2842//3582 2911//3583 2840//3578
f 2911//3583 2841//3579 2840//3578
f 2833//3575 2840//3578 2834//3576
f 2834//3576 2835//3577 2831//3573
f 2840//3578 2826//3568 2836//3522
f 2700//3563 2819//3564 2843//3584
f 2843//3584 2711//3434 2700//3563
f 2819//3564 2820//3565 2838//3581
f 2819//3564 2838//3581 2837//3580
f 2843//3584 2837//3580 2832//3574
f 2832//3574 2711//3434 2843//3584
f 2837//3580 2843//3584 2819//3564
f 2838//3581 2820//3565 2839//3566
f 2847//3585 2795//3477 2794//3531
f 2847//3585 2844//3586 2795//3477
f 2848//3587 2815//3554 2814//3553
f 2684//3416 2810//3542 2694//3422
f 2684//3416 2803//3535 2810//3542
f 2814//3553 2801//3532 2800//3484
f 2800//3484 2848//3587 2814//3553
f 2848//3587 2799//3483 2845//3588
f 2845//3588 2799//3483 2798//3482
f 2798//3482 2846//3589 2845//3588
f 2798//3482 2797//3480 2846//3589
f 2796//3478 2795//3477 2844//3586
f 2844//3586 2846//3589 2796//3478
f 2797//3480 2796//3478 2846//3589
f 2800//3484 2799//3483 2848//3587
f 2801//3532 2814//3553 2802//3533
f 2802//3533 2809//3545 2803//3535
f 2814//3553 2809//3545 2802//3533
f 2849//3590 2851//3591 2850//3592
f 2850//3592 2851//3591 2852//3593
f 2849//3590 2743//3594 2851//3591
f 2745//3595 2852//3593 2851//3591
f 2743//3594 2745//3595 2851//3591
f 2858//3596 2849//3590 2850//3592
f 2747//3597 2858//3596 2856//3598
f 2746//3599 2856//3598 2857//3600
f 2744//3601 2857//3600 2855//3540
f 2747//3597 2743//3594 2849//3590
f 2858//3596 2747//3597 2849//3590
f 2855//3540 2748//3457 2744//3601
f 2857//3600 2744//3601 2746//3599
f 2856//3598 2746//3599 2747//3597
f 2856//3598 2853//3602 2857//3600
f 2853//3602 2854//3603 2857//3600
f 2855//3540 2857//3600 2854//3603
f 2856//3598 2858//3596 2853//3602
f 2853//3602 2858//3596 2859//3604
f 2860//3605 2864//3606 2867//3607
f 2867//3607 2868//3608 2862//3609
f 2862//3609 2861//3610 2867//3607
f 2862//3609 2868//3608 2858//3596
f 2858//3596 2850//3592 2862//3609
f 2850//3592 2852//3593 2861//3610
f 2852//3593 2724//3611 2861//3610
f 2724//3611 2860//3605 2861//3610
f 2852//3593 2745//3595 2724//3611
f 2867//3607 2861//3610 2860//3605
f 2862//3609 2850//3592 2861//3610
f 2865//3612 2867//3607 2864//3606
f 2864//3606 2863//3613 2865//3612
f 2865//3612 2866//3614 2868//3608
f 2866//3614 2859//3604 2868//3608
f 2858//3596 2868//3608 2859//3604
f 2868//3608 2867//3607 2865//3612
f 2782//3515 2871//3508 2783//3507
f 2782//3515 2872//3615 2871//3508
f 2871//3508 2872//3615 2873//3510
f 2869//3616 2870//3617 2874//3618
f 2872//3615 2874//3618 2875//3511
f 2870//3617 2863//3613 2880//3619
f 2874//3618 2880//3619 2877//3620
f 2876//3512 2874//3618 2780//3513
f 2874//3618 2877//3620 2780//3513
f 2880//3619 2874//3618 2870//3617
f 2876//3512 2875//3511 2874//3618
f 2875//3511 2873//3510 2872//3615
f 2874//3618 2872//3615 2869//3616
f 2872//3615 2782//3515 2869//3616
f 2869//3616 2782//3515 2825//3570
f 2782//3515 2781//3514 2825//3570
f 2724//3611 2726//3438 2879//3621
f 2879//3621 2726//3438 2780//3513
f 2860//3605 2879//3621 2878//3622
f 2878//3622 2864//3606 2860//3605
f 2877//3620 2878//3622 2879//3621
f 2780//3513 2877//3620 2879//3621
f 2879//3621 2860//3605 2724//3611
f 2864//3606 2878//3622 2880//3619
f 2877//3620 2880//3619 2878//3622
f 2880//3619 2863//3613 2864//3606
f 2748//3457 2888//3541 2885//3623
f 2749//3458 2885//3623 2886//3624
f 2886//3624 2750//3447 2749//3458
f 2885//3623 2749//3458 2748//3457
f 2881//3625 2888//3541 2855//3540
f 2855//3540 2854//3603 2881//3625
f 2882//3626 2885//3623 2888//3541
f 2883//3627 2884//3628 2887//3629
f 2884//3628 2751//3461 2887//3629
f 2751//3461 2750//3447 2887//3629
f 2750//3447 2886//3624 2887//3629
f 2887//3629 2886//3624 2883//3627
f 2886//3624 2882//3626 2883//3627
f 2886//3624 2885//3623 2882//3626
f 2888//3541 2881//3625 2882//3626
f 2894//3630 2895//3631 2923//3632
f 2898//3633 2899//3634 2925//3635
f 2900//3636 2897//3637 2894//3630
f 2898//3633 2901//3638 2900//3636
f 2853//3602 2866//3614 2898//3633
f 2866//3614 2865//3612 2901//3638
f 2900//3636 2869//3616 2903//3639
f 2903//3639 2825//3570 2896//3569
f 2869//3616 2825//3570 2903//3639
f 2865//3612 2863//3613 2901//3638
f 2906//3640 2907//3641 2908//3642
f 2909//3643 2906//3640 2910//3644
f 2907//3641 2904//3645 2908//3642
f 2905//3646 2911//3583 2910//3644
f 2912//3647 2841//3579 2911//3583
f 2895//3631 2905//3646 2922//3648
f 2896//3569 2912//3647 2905//3646
f 2912//3647 2896//3569 2826//3568
f 2955//3649 2956//3650 2913//3651
f 2956//3650 2889//3652 2915//3653
f 2889//3652 2890//3654 2915//3653
f 2913//3651 2915//3653 2916//3655
f 2916//3655 2915//3653 2918//3656
f 2915//3653 2919//3657 2918//3656
f 2921//3658 2922//3648 2920//3659
f 2922//3648 2918//3656 2919//3657
f 2923//3632 2921//3658 2920//3659
f 2914//3660 2916//3655 2907//3641
f 2917//3661 2914//3660 2906//3640
f 2916//3655 2918//3656 2904//3645
f 2922//3648 2904//3645 2918//3656
f 2924//3662 2923//3632 2962//3663
f 2926//3664 2924//3662 2965//3665
f 2899//3634 2894//3630 2925//3635
f 2902//3666 2925//3635 2924//3662
f 2969//3667 2927//3668 2967//3669
f 2929//3670 2928//3671 2969//3667
f 2902//3666 2927//3668 2928//3671
f 2853//3602 2902//3666 2928//3671
f 2841//3579 2912//3647 2826//3568
f 2910//3644 2911//3583 2842//3582
f 2839//3566 2818//3552 2822//3561
f 2821//3567 2815//3554 2909//3643
f 2909//3643 2815//3554 2848//3587
f 2909//3643 2848//3587 2845//3588
f 2845//3588 2917//3661 2909//3643
f 2917//3661 2845//3588 2846//3589
f 2844//3586 2913//3651 2917//3661
f 2955//3649 2913//3651 2844//3586
f 2844//3586 2847//3585 2955//3649
f 2919//3657 2915//3653 2890//3654
f 2920//3659 2919//3657 2958//3672
f 2920//3659 2959//3673 2960//3674
f 2966//3675 2926//3664 2965//3665
f 2926//3664 2966//3675 2967//3669
f 2891//3539 2892//3676 2969//3667
f 2929//3670 2892//3676 2931//3677
f 2929//3670 2931//3677 2893//3678
f 2853//3602 2929//3670 2854//3603
f 2929//3670 2881//3625 2854//3603
f 2866//3614 2853//3602 2859//3604
f 2901//3638 2870//3617 2869//3616
f 2863//3613 2870//3617 2901//3638
f 2893//3678 2881//3625 2929//3670
f 2958//3672 2959//3673 2920//3659
f 2890//3654 2958//3672 2919//3657
f 2846//3589 2844//3586 2917//3661
f 2839//3566 2822//3561 2842//3582
f 2928//3671 2929//3670 2853//3602
f 2969//3667 2892//3676 2929//3670
f 2927//3668 2969//3667 2928//3671
f 2926//3664 2967//3669 2927//3668
f 2926//3664 2927//3668 2902//3666
f 2924//3662 2926//3664 2902//3666
f 2923//3632 2925//3635 2894//3630
f 2963//3679 2965//3665 2924//3662
f 2923//3632 2924//3662 2925//3635
f 2962//3663 2963//3679 2924//3662
f 2960//3674 2962//3663 2923//3632
f 2904//3645 2907//3641 2916//3655
f 2906//3640 2909//3643 2917//3661
f 2907//3641 2906//3640 2914//3660
f 2920//3659 2960//3674 2923//3632
f 2919//3657 2920//3659 2922//3648
f 2916//3655 2914//3660 2913//3651
f 2915//3653 2913//3651 2956//3650
f 2914//3660 2917//3661 2913//3651
f 2895//3631 2897//3637 2896//3569
f 2905//3646 2895//3631 2896//3569
f 2921//3658 2923//3632 2895//3631
f 2904//3645 2922//3648 2905//3646
f 2922//3648 2921//3658 2895//3631
f 2911//3583 2905//3646 2912//3647
f 2905//3646 2910//3644 2908//3642
f 2910//3644 2842//3582 2822//3561
f 2910//3644 2822//3561 2821//3567
f 2910//3644 2821//3567 2909//3643
f 2908//3642 2910//3644 2906//3640
f 2905//3646 2908//3642 2904//3645
f 2869//3616 2900//3636 2901//3638
f 2903//3639 2897//3637 2900//3636
f 2897//3637 2903//3639 2896//3569
f 2901//3638 2898//3633 2866//3614
f 2898//3633 2902//3666 2853//3602
f 2900//3636 2899//3634 2898//3633
f 2900//3636 2894//3630 2899//3634
f 2895//3631 2894//3630 2897//3637
f 2925//3635 2902//3666 2898//3633
f 2935//3680 2936//3681 2937//3682
f 2936//3681 2881//3625 2893//3678
f 2939//3683 2893//3678 2931//3677
f 2931//3677 2930//3684 2939//3683
f 2939//3683 2930//3684 2932//3685
f 2932//3685 2937//3682 2939//3683
f 2937//3682 2932//3685 2933//3686
f 2933//3686 2938//3687 2937//3682
f 2933//3686 2934//3688 2938//3687
f 2755//3689 2938//3687 2934//3688
f 2938//3687 2755//3689 2752//3459
f 2752//3459 2935//3680 2938//3687
f 2751//3461 2935//3680 2752//3459
f 2751//3461 2884//3628 2935//3680
f 2935//3680 2884//3628 2883//3627
f 2883//3627 2936//3681 2935//3680
f 2883//3627 2882//3626 2936//3681
f 2881//3625 2936//3681 2882//3626
f 2893//3678 2939//3683 2936//3681
f 2939//3683 2937//3682 2936//3681
f 2937//3682 2938//3687 2935//3680
f 2807//3538 2941//3537 2931//3677
f 2931//3677 2892//3676 2807//3538
f 2934//3688 2933//3686 2940//3690
f 2756//3467 2940//3690 2806//3536
f 2933//3686 2932//3685 2940//3690
f 2940//3690 2932//3685 2806//3536
f 2932//3685 2931//3677 2941//3537
f 2758//3691 2934//3688 2940//3690
f 2758//3691 2755//3689 2934//3688
f 2756//3467 2758//3691 2940//3690
f 2941//3537 2806//3536 2932//3685
f 2931//3677 2932//3685 2930//3684
f 2807//3538 2892//3676 2891//3539
f 2944//3692 2943//3693 2942//3694
f 2666//3474 2891//3539 2943//3693
f 2944//3692 2666//3474 2943//3693
f 2945//3695 2946//3471 2944//3692
f 2666//3474 2944//3692 2946//3471
f 2671//3530 2948//3696 2947//3697
f 2947//3697 2794//3531 2671//3530
f 2949//3698 2947//3697 2948//3696
f 2847//3585 2794//3531 2947//3697
f 2950//3699 2947//3697 2949//3698
f 2947//3697 2950//3699 2847//3585
f 2950//3699 2951//3700 2954//3701
f 2955//3649 2954//3701 2956//3650
f 2954//3701 2957//3702 2890//3654
f 2957//3702 2952//3703 2959//3673
f 2952//3703 2953//3704 2961//3705
f 2960//3674 2961//3705 2962//3663
f 2964//3706 2953//3704 2966//3675
f 2953//3704 2968//3707 2966//3675
f 2966//3675 2968//3707 2967//3669
f 2968//3707 2953//3704 2942//3694
f 2969//3667 2968//3707 2943//3693
f 2955//3649 2847//3585 2950//3699
f 2943//3693 2891//3539 2969//3667
f 2942//3694 2943//3693 2968//3707
f 2969//3667 2967//3669 2968//3707
f 2966//3675 2965//3665 2964//3706
f 2965//3665 2963//3679 2964//3706
f 2964//3706 2963//3679 2961//3705
f 2964//3706 2961//3705 2953//3704
f 2963//3679 2962//3663 2961//3705
f 2961//3705 2960//3674 2952//3703
f 2960//3674 2959//3673 2952//3703
f 2959//3673 2958//3672 2957//3702
f 2952//3703 2957//3702 2951//3700
f 2958//3672 2890//3654 2957//3702
f 2890//3654 2889//3652 2954//3701
f 2957//3702 2954//3701 2951//3700
f 2889//3652 2956//3650 2954//3701
f 2954//3701 2955//3649 2950//3699
f 2670//3408 2948//3696 2671//3411
f 2948//3696 2670//3408 2970//3708
f 2971//3709 2972//3710 2942//3694
f 2973//3711 2950//3699 2949//3698
f 2974//3712 2971//3709 2953//3704
f 2949//3698 2975//3713 2973//3711
f 2942//3694 2953//3704 2971//3709
f 2952//3703 2976//3714 2974//3712
f 2974//3712 2953//3704 2952//3703
f 2948//3696 2977//3715 2978//1032
f 2952//3703 2951//3700 2976//3714
f 2951//3700 2950//3699 2973//3711
f 2979//3716 2980//3717 2981//3718
f 2980//3717 2979//3716 2948//3696
f 2973//3711 2976//3714 2951//3700
f 2978//1032 2949//3698 2948//3696
f 2948//3696 2970//3708 2980//3717
f 2984//3718 2985//3718 2983//3718
f 2944//3692 2942//3694 2988//3719
f 2979//3716 2977//3715 2948//3696
f 2989//3720 2945//3695 2944//3692
f 2990//3721 2991//3718 2992//3718
f 2983//3718 2982//3718 2984//3718
f 2985//3718 2986//3718 2987//3718
f 2944//3692 2993//3722 2990//3721
f 2942//3694 2972//3710 2988//3719
f 2978//1032 2975//3713 2949//3698
f 2987//3718 2994//3718 2995//3718
f 2994//3718 2996//3718 2995//3718
f 2996//3718 2997//3718 2998//3718
f 2997//3718 2991//3718 2998//3718
f 2992//3718 2989//3720 2990//3721
f 2999//3718 2983//3718 2979//3716
f 2985//3718 2984//3718 2986//3718
f 2944//3692 2990//3721 2989//3720
f 2983//3718 2999//3718 2982//3718
f 2988//3719 2993//3722 2944//3692
f 2998//3718 2995//3718 2996//3718
f 2990//3721 2998//3718 2991//3718
f 2995//3718 2985//3718 2987//3718
f 2981//3718 2999//3718 2979//3716
f 3000//3723 3001//3724 2976//3725
f 3002//3726 3000//3723 2976//3725
f 3003//3727 3002//3726 2973//3728
f 3004//3729 3003//3727 2978//3730
f 3005//3731 3004//3729 2978//3730
f 3006//3732 3005//3731 2977//3733
f 3007//3734 3006//3732 2979//3735
f 3008//3736 3007//3734 2983//3737
f 3009//3738 3008//3736 2985//3739
f 3010//3740 3009//3738 2995//3741
f 3011//3742 3010//3740 2998//3743
f 3012//3744 3011//3742 2990//3745
f 3013//3746 3012//3744 2993//3747
f 3014//3748 3013//3746 2972//3749
f 3015//3750 3014//3748 2972//3749
f 3001//3724 3015//3750 2971//3751
f 2974//3752 2976//3725 3001//3724
f 2971//3751 2974//3752 3001//3724
f 2972//3749 2971//3751 3015//3750
f 2988//3753 2972//3749 3013//3746
f 2993//3747 2988//3753 3013//3746
f 2990//3745 2993//3747 3012//3744
f 2998//3743 2990//3745 3011//3742
f 2995//3741 2998//3743 3010//3740
f 2985//3739 2995//3741 3009//3738
f 2983//3737 2985//3739 3008//3736
f 2979//3735 2983//3737 3007//3734
f 2977//3733 2979//3735 3006//3732
f 2978//3730 2977//3733 3005//3731
f 2975//3754 2978//3730 3003//3727
f 2973//3728 2975//3754 3003//3727
f 2976//3725 2973//3728 3002//3726
f 2766//3755 2765//3756 3022//3757
f 2763//3758 2766//3755 3016//3759
f 2762//3760 2763//3758 3018//3761
f 2760//3762 2762//3760 3019//3763
f 2757//3764 2760//3762 3019//3763
f 2764//3765 2757//3764 3021//3766
f 2765//3756 2764//3765 3022//3757
f 3021//3766 3022//3757 2764//3765
f 3020//3767 3021//3766 2757//3764
f 3019//3763 3020//3767 2757//3764
f 3018//3761 3019//3763 2762//3760
f 3017//3768 3018//3761 2763//3758
f 3016//3759 3017//3768 2763//3758
f 3022//3757 3016//3759 2766//3755
f 3023//14 3019//3769 3018//13
f 3024//3769 3025//3769 3020//3770
f 3027//136 3028//136 3016//13
f 3029//13 3023//14 3018//13
f 3023//14 3024//3769 3019//3769
f 3020//3770 3019//3769 3024//3769
f 3025//3769 3031//3771 3021//3772
f 3031//3771 3022//136 3021//3772
f 3031//3771 3026//3773 3022//136
f 3026//3773 3027//136 3022//136
f 3030//13 3017//13 3016//13
f 3029//13 3018//13 3017//13
f 3021//3772 3020//3770 3025//3769
f 3016//13 3022//136 3027//136
f 3030//13 3029//13 3017//13
f 3016//13 3028//136 3030//13
f 2681//3774 2680//3775 3032//3776
f 2679//3777 2681//3774 3032//3776
f 2674//3778 2679//3777 3033//3779
f 2673//3780 2674//3778 3034//3781
f 2677//3782 2673//3780 3035//3783
f 2680//3775 2677//3782 3036//3784
f 3037//3785 3032//3776 2680//3775
f 3036//3784 3037//3785 2680//3775
f 3035//3783 3036//3784 2677//3782
f 3034//3781 3035//3783 2673//3780
f 3033//3779 3034//3781 2674//3778
f 3032//3776 3033//3779 2679//3777
f 3043//3786 3038//3169 3033//3169
f 3039//13 3040//13 3035//13
f 3042//3787 3043//3786 3032//3787
f 3044//3788 3034//3788 3033//3169
f 3044//3788 3039//13 3034//3788
f 3040//13 3041//13 3036//13
f 3046//13 3042//3787 3032//3787
f 3033//3169 3038//3169 3044//3788
f 3036//13 3035//13 3040//13
f 3041//13 3037//13 3036//13
f 3041//13 3045//134 3037//13
f 3037//13 3045//134 3046//13
f 3033//3169 3032//3787 3043//3786
f 3046//13 3032//3787 3037//13
f 3035//13 3034//3788 3039//13
f 3040//3789 3057//3790 3047//3791
f 3047//3791 3048//3792 3041//3793
f 3041//3793 3048//3792 3049//3794
f 3046//3795 3049//3794 3050//3796
f 3042//3797 3050//3796 3051//3798
f 3051//3798 3052//3799 3043//3800
f 3038//3801 3052//3799 3053//3802
f 3038//3801 3043//3800 3052//3799
f 3053//3802 3054//3803 3038//3801
f 3044//3804 3038//3801 3054//3803
f 3054//3803 3055//3805 3044//3804
f 3039//3806 3055//3805 3056//3807
f 3039//3806 3044//3804 3055//3805
f 3056//3807 3057//3790 3039//3806
f 3057//3790 3040//3789 3039//3806
f 3051//3798 3043//3800 3042//3797
f 3050//3796 3042//3797 3046//3795
f 3049//3794 3046//3795 3045//3808
f 3049//3794 3045//3808 3041//3793
f 3047//3791 3041//3793 3040//3789
f 3058//3809 2703//3810 2705//3811
f 2701//3812 2703//3810 3059//3813
f 2704//3814 2701//3812 3060//3815
f 3061//3816 2707//3817 2704//3814
f 2706//3818 2707//3817 3062//3819
f 2709//3820 2706//3818 3063//3821
f 2705//3811 2709//3820 3063//3821
f 3063//3821 3058//3809 2705//3811
f 3062//3819 3063//3821 2706//3818
f 3061//3816 3062//3819 2707//3817
f 3060//3815 3061//3816 2704//3814
f 3059//3813 3060//3815 2701//3812
f 3058//3809 3059//3813 2703//3810
f 3070//13 3064//13 3060//13
f 3066//13 3067//13 3062//13
f 3069//13 3070//13 3059//13
f 3060//13 3059//13 3070//13
f 3065//13 3061//13 3060//13
f 3071//13 3066//13 3062//13
f 3072//13 3058//13 3063//13
f 3073//13 3069//13 3058//13
f 3062//13 3061//13 3071//13
f 3063//13 3062//13 3067//13
f 3063//13 3067//13 3068//13
f 3068//13 3072//13 3063//13
f 3058//13 3072//13 3073//13
f 3059//13 3058//13 3069//13
f 3060//13 3064//13 3065//13
f 3061//13 3065//13 3071//13
f 2733//3822 2737//3823 3075//3824
f 2728//3825 2733//3822 3076//3826
f 2739//3827 2728//3825 3077//3828
f 2730//3829 2739//3827 3078//3830
f 2738//3831 2730//3829 3079//3832
f 2725//3833 2738//3831 3080//3834
f 2737//3823 2725//3833 3074//3835
f 3080//3834 3074//3835 2725//3833
f 3079//3832 3080//3834 2738//3831
f 3078//3830 3079//3832 2730//3829
f 3077//3828 3078//3830 2739//3827
f 3076//3826 3077//3828 2728//3825
f 3075//3824 3076//3826 2733//3822
f 3074//3835 3075//3824 2737//3823
f 3081//13 3082//13 3080//13
f 3084//13 3076//13 3075//13
f 3082//13 3074//13 3080//13
f 3074//13 3082//13 3083//13
f 3085//13 3081//13 3080//13
f 3075//13 3074//13 3083//13
f 3075//13 3083//13 3084//13
f 3084//13 3086//13 3076//13
f 3086//13 3077//13 3076//13
f 3089//13 3085//13 3079//13
f 3088//13 3087//13 3078//13
f 3086//13 3088//13 3077//13
f 3089//13 3079//13 3078//13
f 3080//13 3079//13 3085//13
f 3078//13 3077//13 3088//13
f 3078//13 3087//13 3089//13
f 2689//3836 2692//3837 3090//3838
f 2692//3837 2693//3839 3091//3840
f 2693//3839 2698//3841 3092//3842
f 2698//3841 2691//3843 3092//3842
f 2691//3843 2695//3844 3093//3845
f 2695//3844 2689//3836 3094//3846
f 3094//3846 3093//3845 2695//3844
f 3093//3845 3092//3842 2691//3843
f 3092//3842 3091//3840 2693//3839
f 3091//3840 3090//3838 2692//3837
f 3090//3838 3094//3846 2689//3836
f 3096//3847 3095//3848 3092//3849
f 3097//3850 3096//3847 3093//3851
f 3098//3852 3097//3850 3094//3853
f 3099//3854 3098//3852 3090//3855
f 3100//3856 3099//3854 3090//3855
f 3095//3848 3100//3856 3091//3857
f 3091//3857 3092//3849 3095//3848
f 3090//3855 3091//3857 3100//3856
f 3094//3853 3090//3855 3098//3852
f 3093//3851 3094//3853 3097//3850
f 3092//3849 3093//3851 3096//3847
f 3101//3858 3097//3859 3098//3860
f 3101//3861 3096//3862 3097//3863
f 3101//3864 3095//3865 3096//3866
f 3101//3867 3100//3868 3095//3869
f 3101//3870 3099//3871 3100//3872
f 3101//3873 3098//3874 3099//3875
f 3102//3876 2732//3440 2731//3441
f 3424//3877 2732//3440 3102//3876
f 2731//3441 2793//3529 3102//3876
f 3102//3876 3428//3878 3424//3877
f 2715//3879 3478//3880 3480//3881
f 3480//3881 2668//3436 2715//3879
f 2715//3879 2717//3882 3479//3883
f 3479//3883 3478//3880 2715//3879
f 2717//3882 2719//3884 3481//3885
f 2719//3884 3482//3886 3481//3885
f 3483//3887 3482//3886 2719//3884
f 2741//3888 3485//3889 3484//3890
f 2721//3891 3484//3890 3483//3887
f 2732//3892 3424//3877 3485//3889
f 3485//3889 2741//3888 2732//3892
f 2668//3436 3486//3893 2791//3527
f 3487//3894 3456//3895 2791//3527
f 2791//3527 3486//3893 3487//3894
f 2791//3527 2669//3435 2668//3436
f 3484//3890 2721//3891 2741//3888
f 2719//3884 2721//3891 3483//3887
f 3481//3885 3479//3883 2717//3882
f 3480//3881 3486//3893 2668//3436
f 3116//3896 3122//3897 2682//3898
f 3104//3899 2970//3708 2670//3408
f 2790//3525 3107//3900 3117//3901
f 3118//3902 3119//3903 3120//3904
f 3116//3896 3117//3901 3114//3905
f 3114//3905 3120//3904 3119//3903
f 3117//3901 3109//3906 3120//3904
f 2790//3525 3108//3907 3107//3900
f 3121//3908 3116//3896 3114//3905
f 3122//3897 2683//3909 2682//3898
f 3052//3799 3105//3910 3104//3899
f 2683//3909 3122//3897 3104//3899
f 3122//3897 3121//3908 3053//3802
f 3054//3803 3053//3802 3121//3908
f 3106//3911 3049//3794 3048//3792
f 3120//3904 3110//3912 3125//3913
f 3047//3791 3112//3914 3111//3915
f 3111//3915 3048//3792 3047//3791
f 3048//3792 3111//3915 3113//3916
f 3106//3911 3048//3792 3113//3916
f 2790//3525 3116//3896 2702//3432
f 2790//3525 2789//3526 3108//3907
f 3125//3913 3126//3917 3057//3918
f 3056//3919 3119//3903 3118//3902
f 3057//3918 3056//3919 3118//3902
f 3055//3920 3115//3921 3119//3903
f 3121//3908 3115//3921 3055//3920
f 3055//3920 3054//3803 3121//3908
f 3052//3799 3051//3798 3105//3910
f 3051//3798 3050//3796 3105//3910
f 3106//3911 3050//3796 3049//3794
f 3057//3918 3126//3917 3112//3914
f 3112//3914 3047//3791 3057//3918
f 3053//3802 3052//3799 3122//3897
f 3056//3919 3055//3920 3119//3903
f 3057//3918 3118//3902 3125//3913
f 3125//3913 3118//3902 3120//3904
f 3110//3912 3120//3904 3109//3906
f 3109//3906 3117//3901 3107//3900
f 3052//3799 3104//3899 3122//3897
f 3121//3908 3122//3897 3116//3896
f 3120//3904 3114//3905 3117//3901
f 3119//3903 3115//3921 3114//3905
f 3117//3901 3116//3896 2790//3525
f 2670//3408 2683//3909 3104//3899
f 2682//3898 2702//3432 3116//3896
f 3115//3921 3121//3908 3114//3905
f 3108//3907 3128//3922 3130//3923
f 3123//3924 3313//3925 3127//3926
f 3130//3923 3127//3926 3313//3925
f 3107//3900 3130//3923 3131//3927
f 3131//3927 3309//3928 3124//3929
f 3109//3906 3131//3927 3124//3929
f 3130//3923 3128//3922 3129//3930
f 3130//3923 3129//3930 3127//3926
f 3125//3913 3110//3912 3124//3929
f 3124//3929 3110//3912 3109//3906
f 3309//3928 3131//3927 3313//3925
f 3131//3927 3109//3906 3107//3900
f 3313//3925 3131//3927 3130//3923
f 3130//3923 3107//3900 3108//3907
f 3134//3931 3135//3932 3133//3933
f 3133//3933 3132//3934 3134//3931
f 3137//3935 3136//3936 3132//3934
f 3132//3934 3133//3933 3137//3935
f 3138//3937 3136//3936 2945//3695
f 3136//3936 3137//3935 2945//3695
f 3138//3937 2945//3695 2989//3938
f 3139//3939 2989//3938 2992//3940
f 3140//3940 2992//3940 2991//3941
f 3141//3941 2991//3941 2997//3942
f 3142//3942 2997//3942 2996//3943
f 3143//3943 2996//3943 2994//3944
f 3144//3944 2994//3944 2987//3406
f 3145//3406 2987//3406 2986//3945
f 3146//3945 2986//3945 2984//3946
f 3147//3946 2984//3946 2982//3947
f 3148//3947 2982//3947 2999//3948
f 3149//3948 2999//3948 2981//3949
f 3150//3949 2981//3949 2980//3950
f 3151//3951 2980//3950 2970//3708
f 3152//3952 3153//3953 2970//3708
f 2970//3708 3104//3899 3152//3952
f 3154//3954 3152//3952 3105//3910
f 3152//3952 3104//3899 3105//3910
f 3155//3955 3154//3954 3050//3796
f 3050//3796 3106//3911 3155//3955
f 3154//3954 3105//3910 3050//3796
f 3106//3911 3156//3956 3155//3955
f 3156//3956 3113//3916 3158//3957
f 3158//3957 3157//3958 3156//3956
f 3159//3959 3157//3958 3160//3960
f 3158//3957 3160//3960 3157//3958
f 3161//3961 3159//3959 3162//3962
f 3162//3962 3164//3963 3161//3961
f 3159//3959 3160//3960 3162//3962
f 3163//3964 3161//3961 3164//3963
f 3164//3963 3165//3965 3163//3964
f 3163//3964 3165//3965 3167//3966
f 3167//3966 3166//3967 3163//3964
f 3166//3967 3167//3966 3168//3968
f 3168//3968 3169//3969 3166//3967
f 3170//3970 3169//3969 3171//3971
f 3169//3969 3168//3968 3171//3971
f 3172//3972 3170//3970 3173//3973
f 3173//3973 3174//3974 3172//3972
f 3134//3931 3172//3972 3174//3974
f 3174//3974 3135//3932 3134//3931
f 3171//3971 3173//3973 3170//3970
f 3106//3911 3113//3916 3156//3956
f 2970//3708 3153//3953 3151//3951
f 2980//3950 3151//3951 3150//3949
f 2981//3949 3150//3949 3149//3948
f 2999//3948 3149//3948 3148//3947
f 2982//3947 3148//3947 3147//3946
f 2984//3946 3147//3946 3146//3945
f 2986//3945 3146//3945 3145//3406
f 2987//3406 3145//3406 3144//3944
f 2994//3944 3144//3944 3143//3943
f 2996//3943 3143//3943 3142//3942
f 2997//3942 3142//3942 3141//3941
f 2991//3941 3141//3941 3140//3940
f 2992//3940 3140//3940 3139//3939
f 2989//3938 3139//3939 3138//3937
f 3175//3975 3129//3930 3128//3922
f 3071//3976 3065//3977 3176//3978
f 3066//3979 3071//3976 3176//3978
f 3067//3980 3066//3979 3177//3981
f 3068//3982 3067//3980 3178//3983
f 3129//3930 3070//3984 3069//3985
f 3069//3985 3127//3926 3129//3930
f 3064//3986 3070//3984 3175//3975
f 3065//3977 3064//3986 3175//3975
f 3175//3975 3179//3987 3065//3977
f 3068//3982 3178//3983 3180//3988
f 3072//3989 3180//3988 3181//3990
f 3181//3990 3123//3924 3073//3991
f 3123//3924 3069//3985 3073//3991
f 3123//3924 3127//3926 3069//3985
f 3181//3990 3073//3991 3072//3989
f 3180//3988 3072//3989 3068//3982
f 3129//3930 3175//3975 3070//3984
f 3177//3981 3178//3983 3067//3980
f 3176//3978 3177//3981 3066//3979
f 3179//3987 3176//3978 3065//3977
f 3175//3975 3183//3992 3182//3993
f 3128//3922 3184//3994 3183//3992
f 3735//3995 3179//3996 3414//3997
f 3182//3993 3179//3996 3175//3975
f 3182//3993 3414//3997 3179//3996
f 3128//3922 3108//3907 3184//3994
f 3175//3975 3128//3922 3183//3992
f 3108//3907 2789//3526 3103//3998
f 3103//3998 3184//3994 3108//3907
f 3183//3992 3184//3994 3187//3999
f 3182//3993 3183//3992 3187//3999
f 3187//3999 3414//3997 3182//3993
f 3142//4000 3143//4001 3188//2756
f 3143//4001 3144//4002 3188//2756
f 3148//1954 3149//4002 3189//2764
f 3149//4002 3150//2764 3189//2764
f 3144//4002 3145//856 3191//2764
f 3145//856 3146//856 3191//2764
f 3146//856 3147//856 3192//2772
f 3147//856 3148//1954 3192//2772
f 3190//1954 3138//1954 3139//2764
f 3140//2764 3141//2756 3193//4003
f 3191//2764 3188//2756 3144//4002
f 3192//2772 3191//2764 3146//856
f 3189//2764 3192//2772 3148//1954
f 3150//2764 3151//4000 3194//2756
f 3157//4000 3195//4000 3196//2756
f 3172//2756 3197//856 3198//2772
f 3193//4003 3190//1954 3140//2764
f 3141//2756 3142//4000 3193//4003
f 3194//2756 3189//2764 3150//2764
f 3153//2756 3152//2756 3199//1954
f 3152//2756 3154//2756 3199//1954
f 3195//4000 3157//4000 3159//4001
f 3161//1954 3200//4004 3195//4000
f 3169//4000 3198//2772 3201//856
f 3197//856 3172//2756 3134//2764
f 3138//1954 3190//1954 3202//2756
f 3151//4000 3153//2756 3194//2756
f 3155//2764 3196//2756 3199//1954
f 3195//4000 3159//4001 3161//1954
f 3163//856 3201//856 3200//4004
f 3201//856 3166//838 3169//4000
f 3198//2772 3170//2756 3172//2756
f 3132//856 3202//2756 3197//856
f 3202//2756 3136//4005 3138//1954
f 3188//2756 3193//4003 3142//4000
f 3199//1954 3194//2756 3153//2756
f 3196//2756 3155//2764 3156//4006
f 3200//4004 3161//1954 3163//856
f 3198//2772 3169//4000 3170//2756
f 3202//2756 3132//856 3136//4005
f 3196//2756 3156//4006 3157//4000
f 3197//856 3134//2764 3132//856
f 3199//1954 3154//2756 3155//2764
f 3139//2764 3140//2764 3190//1954
f 3201//856 3163//856 3166//838
f 3195//4007 3200//4008 3203//4009
f 3200//4008 3201//4010 3204//4011
f 3201//4010 3206//4012 3205//4013
f 3198//4014 3207//4015 3206//4012
f 3206//4012 3201//4010 3198//4014
f 3198//4014 3208//4016 3207//4015
f 3197//4017 3209//4018 3208//4016
f 3208//4016 3198//4014 3197//4017
f 3197//4017 3202//4019 3211//4020
f 3202//4019 3213//4021 3212//4022
f 3190//4023 3214//4024 3213//4021
f 3213//4021 3202//4019 3190//4023
f 3190//4023 3215//4025 3214//4024
f 3193//4026 3216//4027 3215//4025
f 3215//4025 3190//4023 3193//4026
f 3193//4026 3188//4028 3218//4029
f 3188//4028 3219//4030 3220//4031
f 3191//4032 3221//4033 3219//4030
f 3219//4030 3188//4028 3191//4032
f 3191//4032 3222//4034 3221//4033
f 3191//4032 3192//4035 3223//4036
f 3223//4036 3222//4034 3191//4032
f 3192//4035 3189//4037 3225//4038
f 3189//4037 3226//4039 3227//4040
f 3194//4041 3228//4042 3226//4039
f 3226//4039 3189//4037 3194//4041
f 3194//4041 3229//4043 3228//4042
f 3194//4041 3199//4044 3230//4045
f 3230//4045 3229//4043 3194//4041
f 3199//4044 3196//4046 3232//4047
f 3196//4046 3233//4048 3234//4049
f 3195//4007 3235//4050 3233//4048
f 3233//4048 3196//4046 3195//4007
f 3195//4007 3236//4051 3235//4050
f 3234//4049 3232//4047 3196//4046
f 3232//4047 3231//4052 3199//4044
f 3231//4052 3230//4045 3199//4044
f 3227//4040 3225//4038 3189//4037
f 3225//4038 3224//4053 3192//4035
f 3224//4053 3223//4036 3192//4035
f 3220//4031 3218//4029 3188//4028
f 3218//4029 3217//4054 3193//4026
f 3217//4054 3216//4027 3193//4026
f 3212//4022 3211//4020 3202//4019
f 3211//4020 3210//4055 3197//4017
f 3210//4055 3209//4018 3197//4017
f 3205//4013 3204//4011 3201//4010
f 3204//4011 3203//4009 3200//4008
f 3203//4009 3236//4051 3195//4007
f 3257//4056 3258//4057 3236//4051
f 3236//4051 3203//4009 3257//4056
f 3254//4058 3255//4059 3204//4011
f 3203//4009 3204//4011 3255//4059
f 3255//4059 3257//4056 3203//4009
f 3253//4060 3254//4058 3205//4013
f 3204//4011 3205//4013 3254//4058
f 3252//4061 3253//4060 3206//4012
f 3251//4062 3207//4015 3208//4016
f 3209//4018 3249//4063 3250//4064
f 3250//4064 3208//4016 3209//4018
f 3250//4064 3251//4062 3208//4016
f 3249//4063 3209//4018 3210//4055
f 3210//4055 3248//4065 3249//4063
f 3247//4066 3248//4065 3210//4055
f 3210//4055 3211//4020 3247//4066
f 3244//4067 3245//4068 3212//4022
f 3211//4020 3212//4022 3245//4068
f 3245//4068 3247//4066 3211//4020
f 3243//4069 3244//4067 3213//4021
f 3242//4070 3243//4069 3214//4024
f 3216//4027 3240//4071 3241//4072
f 3241//4072 3215//4025 3216//4027
f 3241//4072 3242//4070 3215//4025
f 3240//4071 3216//4027 3217//4054
f 3217//4054 3239//4073 3240//4071
f 3239//4073 3217//4054 3218//4029
f 3218//4029 3238//4074 3239//4073
f 3278//4075 3237//4076 3220//4031
f 3238//4074 3218//4029 3220//4031
f 3220//4031 3237//4076 3238//4074
f 3276//4077 3278//4075 3219//4030
f 3275//4078 3276//4077 3221//4033
f 3222//4034 3223//4036 3273//4079
f 3223//4036 3272//4080 3273//4079
f 3273//4079 3275//4078 3222//4034
f 3272//4080 3223//4036 3224//4053
f 3224//4053 3271//4081 3272//4080
f 3271//4081 3224//4053 3225//4038
f 3225//4038 3270//4082 3271//4081
f 3226//4039 3268//4083 3269//4084
f 3270//4082 3225//4038 3227//4040
f 3227//4040 3269//4084 3270//4082
f 3268//4083 3226//4039 3228//4042
f 3266//4085 3267//4086 3228//4042
f 3229//4043 3230//4045 3265//4087
f 3230//4045 3264//4088 3265//4087
f 3265//4087 3266//4085 3229//4043
f 3230//4045 3231//4052 3264//4088
f 3231//4052 3263//4089 3264//4088
f 3263//4089 3231//4052 3232//4047
f 3232//4047 3262//4090 3263//4089
f 3262//4090 3232//4047 3234//4049
f 3234//4049 3261//4091 3262//4090
f 3235//4050 3259//4092 3260//4093
f 3233//4048 3260//4093 3261//4091
f 3259//4092 3235//4050 3236//4051
f 3236//4051 3258//4057 3259//4092
f 3260//4093 3233//4048 3235//4050
f 3261//4091 3234//4049 3233//4048
f 3228//4042 3229//4043 3266//4085
f 3228//4042 3267//4086 3268//4083
f 3269//4084 3227//4040 3226//4039
f 3221//4033 3222//4034 3275//4078
f 3219//4030 3221//4033 3276//4077
f 3220//4031 3219//4030 3278//4075
f 3214//4024 3215//4025 3242//4070
f 3213//4021 3214//4024 3243//4069
f 3212//4022 3213//4021 3244//4067
f 3251//4062 3252//4061 3207//4015
f 3206//4012 3207//4015 3252//4061
f 3205//4013 3206//4012 3253//4060
f 3246//4094 3247//4066 3245//4068
f 3256//4095 3257//4056 3255//4059
f 3274//4096 3275//4078 3273//4079
f 3278//4075 3277//4097 3237//4076
f 3277//4097 3278//4075 3276//4077
f 3294//4098 3328//4099 3327//4100
f 3349//4101 3298//4102 3299//4103
f 3298//4102 3328//4099 3294//4098
f 3299//4103 3294//4098 3297//4104
f 3293//4105 3302//4106 3279//4107
f 3296//4108 3291//4109 3293//4105
f 3297//4104 3296//4108 3301//4110
f 3297//4104 3301//4110 3300//4111
f 3282//4112 3293//4105 3279//4107
f 3303//4113 3304//4114 3305//4115
f 3306//4116 3307//4117 3304//4114
f 3308//4118 3309//3928 3307//4117
f 3304//4114 3310//4119 3312//4120
f 3310//4119 3123//3924 3181//3990
f 3314//4121 3312//4120 3310//4119
f 3295//4122 3323//4123 3324//4124
f 3305//4115 3324//4124 3315//4125
f 3312//4120 3305//4115 3304//4114
f 3295//4122 3325//4126 3323//4123
f 3302//4106 3295//4122 3312//4120
f 3314//4121 3280//4127 3302//4106
f 3302//4106 3291//4109 3295//4122
f 3162//3962 3322//4128 3164//3963
f 3158//3957 3317//4129 3316//4130
f 3316//4130 3318//4131 3319//4132
f 3160//3960 3319//4132 3320//4133
f 3317//4129 3321//4134 3318//4131
f 3292//4135 3167//3966 3165//3965
f 3323//4123 3165//3965 3164//3963
f 3164//3963 3324//4124 3323//4123
f 3324//4124 3164//3963 3322//4128
f 3325//4126 3292//4135 3165//3965
f 3320//4133 3303//4113 3315//4125
f 3318//4131 3306//4116 3311//4136
f 3321//4134 3308//4118 3306//4116
f 3319//4132 3311//4136 3303//4113
f 3325//4126 3167//3966 3292//4135
f 3327//4100 3168//3968 3167//3966
f 3328//4099 3326//4137 3168//3968
f 3328//4099 3171//3971 3326//4137
f 3296//4108 3327//4100 3325//4126
f 3298//4102 3329//4138 3328//4099
f 3330//4139 3288//4140 3174//3974
f 3329//4138 3171//3971 3328//4099
f 3330//4139 3174//3974 3173//3973
f 3331//4141 3330//4139 3173//3973
f 3289//4142 3288//4140 3330//4139
f 3298//4102 3331//4141 3329//4138
f 3349//4101 3331//4141 3298//4102
f 3314//4121 3181//3990 3280//4127
f 3280//4127 3181//3990 3180//3988
f 3285//4143 3301//4110 3283//4144
f 3282//4112 3283//4144 3301//4110
f 3283//4144 3284//4145 3285//4143
f 3300//4111 3286//4146 3347//4147
f 3299//4103 3347//4147 3348//4148
f 3299//4103 3348//4148 3349//4101
f 3331//4141 3350//4149 3341//4150
f 3350//4149 3331//4141 3349//4101
f 3330//4139 3341//4150 3342//4151
f 3341//4150 3330//4139 3331//4141
f 3289//4142 3330//4139 3342//4151
f 3342//4151 3287//4152 3289//4142
f 3135//3932 3174//3974 3290//4153
f 3174//3974 3288//4140 3290//4153
f 3113//3916 3317//4129 3158//3957
f 3317//4129 3113//3916 3111//3915
f 3317//4129 3111//3915 3112//3914
f 3112//3914 3321//4134 3317//4129
f 3308//4118 3321//4134 3126//3917
f 3321//4134 3112//3914 3126//3917
f 3126//3917 3125//3913 3308//4118
f 3308//4118 3125//3913 3124//3929
f 3124//3929 3309//3928 3308//4118
f 3347//4147 3299//4103 3300//4111
f 3286//4146 3300//4111 3285//4143
f 3173//3973 3329//4138 3331//4141
f 3329//4138 3173//3973 3171//3971
f 3327//4100 3296//4108 3294//4098
f 3325//4126 3291//4109 3296//4108
f 3171//3971 3168//3968 3326//4137
f 3168//3968 3327//4100 3328//4099
f 3167//3966 3325//4126 3327//4100
f 3322//4128 3315//4125 3324//4124
f 3303//4113 3320//4133 3319//4132
f 3306//4116 3318//4131 3321//4134
f 3311//4136 3319//4132 3318//4131
f 3315//4125 3322//4128 3320//4133
f 3165//3965 3323//4123 3325//4126
f 3162//3962 3320//4133 3322//4128
f 3320//4133 3162//3962 3160//3960
f 3319//4132 3160//3960 3316//4130
f 3318//4131 3316//4130 3317//4129
f 3160//3960 3158//3957 3316//4130
f 3280//4127 3279//4107 3302//4106
f 3312//4120 3314//4121 3302//4106
f 3305//4115 3312//4120 3295//4122
f 3324//4124 3305//4115 3295//4122
f 3310//4119 3181//3990 3314//4121
f 3123//3924 3310//4119 3313//3925
f 3313//3925 3310//4119 3309//3928
f 3310//4119 3304//4114 3307//4117
f 3304//4114 3303//4113 3311//4136
f 3310//4119 3307//4117 3309//3928
f 3307//4117 3306//4116 3308//4118
f 3304//4114 3311//4136 3306//4116
f 3305//4115 3315//4125 3303//4113
f 3279//4107 3281//4154 3282//4112
f 3301//4110 3285//4143 3300//4111
f 3293//4105 3282//4112 3301//4110
f 3293//4105 3301//4110 3296//4108
f 3297//4104 3300//4111 3299//4103
f 3294//4098 3299//4103 3298//4102
f 3296//4108 3297//4104 3294//4098
f 3291//4109 3302//4106 3293//4105
f 3325//4126 3295//4122 3291//4109
f 3024//4155 3332//4156 3333//4157
f 3333//4157 3334//4158 3025//4159
f 3334//4158 3335//4160 3031//4161
f 3026//4162 3031//4161 3335//4160
f 3335//4160 3133//3933 3026//4162
f 3027//4163 3026//4162 3133//3933
f 3028//4164 3027//4163 3135//3932
f 3135//3932 3290//4153 3028//4164
f 3030//4165 3028//4164 3290//4153
f 3290//4153 3288//4140 3030//4165
f 3029//4166 3030//4165 3288//4140
f 3029//4166 3288//4140 3289//4142
f 3023//4167 3289//4142 3287//4152
f 3287//4152 3332//4156 3023//4167
f 3289//4142 3023//4167 3029//4166
f 3133//3933 3135//3932 3027//4163
f 3334//4158 3031//4161 3025//4159
f 3333//4157 3025//4159 3024//4155
f 3332//4156 3024//4155 3023//4167
f 3345//4168 3336//4169 3346//4170
f 3346//4170 3336//4169 3337//4171
f 3285//4143 3346//4170 3347//4147
f 3347//4147 3337//4171 3338//4172
f 3349//4101 3338//4172 3350//4149
f 3350//4149 3339//4173 3340//4174
f 3284//4145 3343//4175 3346//4170
f 3343//4175 3345//4168 3346//4170
f 3343//4175 3344//4176 3345//4168
f 3340//4174 3341//4150 3350//4149
f 3339//4173 3350//4149 3338//4172
f 3338//4172 3349//4101 3348//4148
f 3338//4172 3348//4148 3347//4147
f 3347//4147 3286//4146 3285//4143
f 3337//4171 3347//4147 3346//4170
f 3346//4170 3285//4143 3284//4145
f 3086//4177 3084//4178 3351//4179
f 3088//4180 3086//4177 3352//4181
f 3087//4182 3088//4180 3353//4183
f 3089//4184 3344//4176 3343//4185
f 3343//4185 3085//4186 3089//4184
f 3081//4187 3085//4186 3284//4188
f 3082//4189 3284//4188 3283//4190
f 3284//4188 3082//4189 3081//4187
f 3083//4191 3082//4189 3282//4112
f 3084//4178 3083//4191 3281//4154
f 3087//4182 3353//4183 3344//4176
f 3344//4176 3089//4184 3087//4182
f 3282//4112 3281//4154 3083//4191
f 3283//4190 3282//4112 3082//4189
f 3343//4185 3284//4188 3085//4186
f 3352//4181 3353//4183 3088//4180
f 3351//4179 3352//4181 3086//4177
f 3281//4154 3351//4179 3084//4178
f 3354//4192 3355//4193 3356//4194
f 2667//3454 3356//4194 3355//4193
f 3355//4193 2742//3443 2667//3454
f 3357//4195 3355//4193 3354//4192
f 3354//4192 3358//4196 3339//4173
f 3362//4197 3360//4198 3361//4199
f 3358//4196 3362//4197 3363//4200
f 3358//4196 3364//4201 3362//4197
f 3362//4197 3364//4201 3360//4198
f 2753//3460 2754//3462 3360//4198
f 3365//4202 2754//3462 2759//3464
f 2667//3454 2753//3460 3364//4201
f 3335//4160 3137//3935 3133//3933
f 3137//3935 3335//4160 3334//4203
f 3365//4202 3334//4203 3333//4157
f 3360//4198 3333//4157 3332//4156
f 3332//4156 3361//4199 3360//4198
f 3342//4151 3361//4199 3332//4156
f 3363//4200 3361//4199 3342//4151
f 3341//4150 3340//4174 3363//4200
f 3339//4173 3363//4200 3340//4174
f 3359//4204 3338//4172 3337//4171
f 3359//4204 3354//4192 3338//4172
f 3336//4169 3359//4204 3337//4171
f 2792//3528 3357//4195 3336//4169
f 2723//4205 3357//4195 2792//3528
f 2742//3443 3355//4193 3357//4195
f 3357//4195 2723//4205 2742//3443
f 3365//4202 2759//3464 2946//3471
f 2946//3471 3137//3935 3365//4202
f 2945//3695 3137//3935 2946//3471
f 2792//3528 2727//3439 2723//4205
f 3342//4151 3341//4150 3363//4200
f 3287//4152 3342//4151 3332//4156
f 3334//4203 3365//4202 3137//3935
f 3364//4201 3356//4194 2667//3454
f 3365//4202 3360//4198 2754//3462
f 3360//4198 3364//4201 2753//3460
f 3364//4201 3358//4196 3356//4194
f 3333//4157 3360//4198 3365//4202
f 3363//4200 3339//4173 3358//4196
f 3361//4199 3363//4200 3362//4197
f 3354//4192 3359//4204 3357//4195
f 3359//4204 3336//4169 3357//4195
f 3339//4173 3338//4172 3354//4192
f 3356//4194 3358//4196 3354//4192
f 3336//4169 3367//4206 3366//4207
f 3366//4207 2792//3528 3336//4169
f 3353//4183 3416//4208 3369//4209
f 3345//4168 3369//4209 3370//4210
f 3336//4169 3370//4210 3367//4206
f 3370//4210 3336//4169 3345//4168
f 3369//4209 3345//4168 3344//4176
f 3369//4209 3344//4176 3353//4183
f 3186//4211 3185//4212 3392//4213
f 3184//3994 3393//4214 3187//3999
f 3185//4212 3186//4211 3103//3998
f 3184//3994 3186//4211 3393//4214
f 3186//4211 3184//3994 3103//3998
f 3367//4206 3395//4215 3394//4216
f 3366//4207 3367//4206 3368//4217
f 3394//4216 3368//4217 3367//4206
f 3374//4218 3373//4219 3397//4220
f 3396//4221 3397//4220 3373//4219
f 3373//4219 3372//4222 3396//4221
f 3375//4223 3374//4218 3398//4224
f 3376//4225 3375//4223 3399//4226
f 3399//4226 3400//4227 3376//4225
f 3400//4227 3401//4228 3377//4229
f 3401//4228 3378//4230 3377//4229
f 3377//4229 3376//4225 3400//4227
f 3379//4231 3378//4230 3402//4232
f 3401//4228 3402//4232 3378//4230
f 3380//4233 3379//4231 3403//4234
f 3402//4232 3403//4234 3379//4231
f 3404//4235 3405//4236 3381//4237
f 3405//4236 3382//4238 3381//4237
f 3406//4239 3383//4240 3382//4238
f 3382//4238 3405//4236 3406//4239
f 3383//4240 3406//4239 3408//4241
f 3408//4241 3384//4242 3383//4240
f 3407//4243 3385//4244 3384//4242
f 3410//4245 3387//4246 3386//4247
f 3386//4247 3409//4248 3410//4245
f 3387//4246 3410//4245 3411//4249
f 3411//4249 3388//4250 3387//4246
f 3388//4250 3411//4249 3412//4251
f 3412//4251 3389//4252 3388//4250
f 3187//3999 3391//4253 3390//4254
f 3389//4252 3412//4251 3413//4255
f 3413//4255 3390//4254 3389//4252
f 3187//3999 3393//4214 3391//4253
f 3393//4214 3186//4211 3392//4213
f 3371//4256 3368//4217 3394//4216
f 3372//4222 3371//4256 3394//4216
f 3394//4216 3395//4215 3372//4222
f 3395//4215 3396//4221 3372//4222
f 3393//4214 3392//4213 3391//4253
f 3390//4254 3413//4255 3187//3999
f 3386//4247 3385//4244 3409//4248
f 3385//4244 3407//4243 3409//4248
f 3384//4242 3408//4241 3407//4243
f 3381//4237 3380//4233 3404//4235
f 3403//4234 3404//4235 3380//4233
f 3398//4224 3399//4226 3375//4223
f 3397//4220 3398//4224 3374//4218
f 3369//4209 3415//4257 3396//4221
f 3395//4215 3367//4206 3370//4210
f 3415//4257 3369//4209 3416//4208
f 3396//4221 3370//4210 3369//4209
f 3396//4221 3395//4215 3370//4210
f 3414//3997 3187//3999 3413//4255
f 3418//4258 3407//4243 3408//4241
f 3419//4259 3408//4241 3406//4239
f 3420//4260 3404//4235 3403//4234
f 3397//4220 3396//4221 3415//4257
f 3413//4255 3417//4261 3414//3997
f 3417//4261 3413//4255 3412//4251
f 3417//4261 3412//4251 3411//4249
f 3417//4261 3411//4249 3410//4245
f 3417//4261 3410//4245 3409//4248
f 3419//4259 3406//4239 3405//4236
f 3419//4259 3405//4236 3420//4260
f 3420//4260 3403//4234 3402//4232
f 3420//4260 3402//4232 3401//4228
f 3421//4262 3401//4228 3400//4227
f 3421//4262 3400//4227 3399//4226
f 3422//4263 3399//4226 3398//4224
f 3399//4226 3422//4263 3421//4262
f 3401//4228 3421//4262 3420//4260
f 3409//4248 3418//4258 3417//4261
f 3415//4257 3422//4263 3397//4220
f 3397//4220 3422//4263 3398//4224
f 3404//4235 3420//4260 3405//4236
f 3408//4241 3419//4259 3418//4258
f 3407//4243 3418//4258 3409//4248
f 3427//4264 3428//3878 3423//4265
f 3102//3876 3423//4265 3428//3878
f 3424//3877 3428//3878 3426//4266
f 3425//4267 3426//4266 3428//3878
f 3428//3878 3427//4264 3425//4267
f 3427//4264 3423//4265 3431//4268
f 3431//4268 3434//4269 3427//4264
f 3425//4267 3427//4264 3434//4269
f 3430//4270 3429//4271 3433//4272
f 3431//4268 3430//4270 3436//4273
f 3436//4273 3434//4269 3431//4268
f 3435//4274 3436//4273 3430//4270
f 3433//4272 3435//4274 3430//4270
f 3433//4272 3432//4275 3435//4274
f 3432//4275 3434//4269 3436//4273
f 3436//4273 3435//4274 3432//4275
f 3455//4276 3476//4277 3437//4278
f 3437//4278 3438//4279 3455//4276
f 3438//4279 3437//4278 3439//4280
f 3440//4281 3438//4279 3441//4282
f 3440//4281 3442//4283 3443//4284
f 3443//4284 3444//4285 3440//4281
f 3444//4285 3443//4284 3445//4286
f 3446//4287 3444//4285 3447//4288
f 3446//4287 3448//4289 3449//4290
f 3449//4290 3450//4291 3446//4287
f 3450//4291 3449//4290 3451//4292
f 3429//4271 3450//4291 3452//4293
f 3452//4293 3433//4272 3429//4271
f 3451//4292 3452//4293 3450//4291
f 3447//4288 3448//4289 3446//4287
f 3445//4286 3447//4288 3444//4285
f 3441//4282 3442//4283 3440//4281
f 3439//4280 3441//4282 3438//4279
f 3437//4278 3476//4277 3453//4294
f 3452//4293 3432//4275 3433//4272
f 3455//4276 3454//4295 3477//4296
f 3477//4296 3476//4277 3455//4276
f 3475//4297 3477//4296 3454//4295
f 3474//4298 3475//4297 3454//4295
f 3103//3998 2789//3526 3456//3895
f 2789//3526 2791//3527 3456//3895
f 3378//4230 3379//4231 3457//4299
f 3456//3895 3454//4300 3103//3998
f 3457//4299 3458//4301 3377//4229
f 3457//4299 3379//4231 3380//4233
f 3454//4300 3459//4302 3103//3998
f 3380//4233 3461//4303 3457//4299
f 3185//4212 3459//4302 3462//4304
f 3460//4305 3429//4306 3430//4307
f 2792//3528 3366//4207 3431//4308
f 3460//4305 3431//4308 3366//4207
f 3458//4301 3375//4223 3376//4225
f 3380//4233 3381//4237 3461//4303
f 3463//4309 3383//4240 3384//4242
f 3464//4310 3463//4309 3385//4244
f 3464//4310 3386//4247 3387//4246
f 3462//4304 3392//4213 3185//4212
f 3454//4300 3455//4311 3459//4302
f 3438//4312 3465//4313 3459//4302
f 3366//4207 3368//4217 3460//4305
f 3466//4314 3374//4218 3375//4223
f 3377//4229 3378//4230 3457//4299
f 3429//4306 3460//4305 3468//4315
f 3431//4308 3423//4316 2792//3528
f 3375//4223 3458//4301 3466//4314
f 3381//4237 3382//4238 3461//4303
f 3461//4303 3382//4238 3383//4240
f 3385//4244 3386//4247 3464//4310
f 3467//4317 3388//4250 3389//4252
f 3462//4304 3467//4317 3390//4254
f 3438//4312 3440//4318 3465//4313
f 3468//4315 3450//4319 3429//4306
f 3376//4225 3377//4229 3458//4301
f 3384//4242 3385//4244 3463//4309
f 3390//4254 3391//4253 3462//4304
f 3462//4304 3391//4253 3392//4213
f 3444//4320 3469//4321 3470//4322
f 3446//3405 3471//4323 3469//4321
f 3450//4319 3468//4315 3471//4323
f 3460//4305 3368//4217 3371//4256
f 3466//4314 3472//4324 3372//4222
f 3383//4240 3463//4309 3461//4303
f 3464//4310 3387//4246 3388//4250
f 3459//4302 3455//4311 3438//4312
f 3423//4316 2793//3529 2792//3528
f 3470//4322 3440//4318 3444//4320
f 3471//4323 3446//3405 3450//4319
f 3430//4307 3431//4308 3460//4305
f 3371//4256 3472//4324 3460//4305
f 3472//4324 3371//4256 3372//4222
f 3388//4250 3467//4317 3464//4310
f 3185//4212 3103//3998 3459//4302
f 3372//4222 3373//4219 3466//4314
f 3389//4252 3390//4254 3467//4317
f 3469//4321 3444//4320 3446//3405
f 3373//4219 3374//4218 3466//4314
f 3423//4316 3102//3876 2793//3529
f 3470//4322 3465//4313 3440//4318
f 3454//4295 3456//3895 3489//4325
f 3489//4325 3474//4298 3454//4295
f 3473//4326 3453//4294 3475//4297
f 3475//4297 3453//4294 3477//4296
f 3473//4326 3475//4297 3474//4298
f 3476//4277 3477//4296 3453//4294
f 3437//4278 3453//4294 3488//4327
f 3478//3880 3479//3883 3442//4283
f 3426//4266 3425//4267 3452//4293
f 3480//3881 3441//4282 3439//4280
f 3441//4282 3480//3881 3478//3880
f 3479//3883 3481//3885 3443//4284
f 3481//3885 3482//3886 3445//4286
f 3442//4283 3441//4282 3478//3880
f 3445//4286 3443//4284 3481//3885
f 3482//3886 3483//3887 3447//4288
f 3484//3890 3448//4289 3447//4288
f 3443//4284 3442//4283 3479//3883
f 3447//4288 3483//3887 3484//3890
f 3485//3889 3449//4290 3448//4289
f 3424//3877 3451//4292 3449//4290
f 3426//4266 3452//4293 3451//4292
f 3425//4267 3434//4269 3432//4275
f 3486//3893 3439//4280 3437//4278
f 3447//4288 3445//4286 3482//3886
f 3449//4290 3485//3889 3424//3877
f 3451//4292 3424//3877 3426//4266
f 3437//4278 3488//4327 3486//3893
f 3448//4289 3484//3890 3485//3889
f 3432//4275 3452//4293 3425//4267
f 3439//4280 3486//3893 3480//3881
f 3473//4326 3488//4327 3453//4294
f 3487//3894 3489//4325 3456//3895
f 3473//4326 3474//4298 3489//4325
f 3489//4325 3488//4327 3473//4326
f 3487//3894 3488//4327 3489//4325
f 3486//3893 3488//4327 3487//3894
f 3465//4328 3470//4329 3532//4330
f 3470//4329 3469//4331 3551//4332
f 3469//4331 3550//4333 3531//4334
f 3471//4335 3549//4336 3550//4333
f 3550//4333 3469//4331 3471//4335
f 3471//4335 3468//4337 3548//4338
f 3548//4338 3549//4336 3471//4335
f 3460//4339 3529//4340 3530//4341
f 3530//4341 3468//4337 3460//4339
f 3460//4339 3528//4342 3529//4340
f 3460//4339 3472//4343 3546//4344
f 3546//4344 3528//4342 3460//4339
f 3472//4343 3466//4345 3527//4346
f 3466//4345 3544//4347 3545//4348
f 3458//4349 3543//4350 3544//4347
f 3544//4347 3466//4345 3458//4349
f 3542//4351 3543//4350 3458//4349
f 3458//4349 3457//4352 3526//4353
f 3457//4352 3540//4354 3541//4355
f 3461//4356 3561//4357 3540//4354
f 3540//4354 3457//4352 3461//4356
f 3461//4356 3539//4358 3561//4357
f 3461//4356 3463//4359 3560//4360
f 3463//4359 3558//4361 3559//4362
f 3464//4363 3557//4364 3558//4361
f 3558//4361 3463//4359 3464//4363
f 3464//4363 3538//4365 3557//4364
f 3464//4363 3467//4366 3537//4367
f 3467//4366 3556//4368 3536//4369
f 3462//4370 3535//4371 3556//4368
f 3556//4368 3467//4366 3462//4370
f 3462//4370 3555//4372 3535//4371
f 3462//4370 3459//4373 3554//4374
f 3459//4373 3552//4375 3553//4376
f 3465//4328 3534//4377 3552//4375
f 3552//4375 3459//4373 3465//4328
f 3465//4328 3533//4378 3534//4377
f 3553//4376 3554//4374 3459//4373
f 3554//4374 3555//4372 3462//4370
f 3536//4369 3537//4367 3467//4366
f 3537//4367 3538//4365 3464//4363
f 3559//4362 3560//4360 3463//4359
f 3560//4360 3539//4358 3461//4356
f 3541//4355 3526//4353 3457//4352
f 3526//4353 3542//4351 3458//4349
f 3545//4348 3527//4346 3466//4345
f 3527//4346 3546//4344 3472//4343
f 3530//4341 3547//4379 3468//4337
f 3547//4379 3548//4338 3468//4337
f 3531//4334 3551//4332 3469//4331
f 3551//4332 3532//4330 3470//4329
f 3532//4330 3533//4378 3465//4328
f 3490//4380 3491//4381 3526//4353
f 3495//4382 3496//4383 3527//4346
f 3497//4384 3498//4385 3528//4342
f 3498//4385 3499//4386 3529//4340
f 3499//4386 3500//4387 3530//4341
f 3504//4388 3505//4389 3531//4334
f 3506//4390 3507//4391 3532//4330
f 3507//4391 3508//4392 3533//4378
f 3508//4392 3509//4393 3534//4377
f 3513//4394 3514//4395 3535//4371
f 3515//4396 3516//4397 3536//4369
f 3516//4397 3517//4398 3537//4367
f 3517//4398 3518//4399 3538//4365
f 3522//4400 3523//4401 3539//4358
f 3524//4402 3525//4403 3540//4354
f 3525//4403 3490//4380 3541//4355
f 3526//4353 3492//4404 3542//4351
f 3492//4404 3493//4405 3543//4350
f 3493//4405 3494//4406 3544//4347
f 3494//4406 3495//4382 3545//4348
f 3527//4346 3497//4384 3546//4344
f 3530//4341 3501//4407 3547//4379
f 3501//4407 3502//4408 3548//4338
f 3502//4408 3503//4409 3549//4336
f 3503//4409 3504//4388 3550//4333
f 3531//4334 3506//4390 3551//4332
f 3534//4377 3510//4410 3552//4375
f 3510//4410 3511//4411 3553//4376
f 3511//4411 3512//4412 3554//4374
f 3512//4412 3513//4394 3555//4372
f 3535//4371 3515//4396 3556//4368
f 3538//4365 3519//4413 3557//4364
f 3519//4413 3520//4414 3558//4361
f 3520//4414 3521//4415 3559//4362
f 3521//4415 3522//4400 3560//4360
f 3539//4358 3524//4402 3561//4357
f 3540//4354 3561//4357 3524//4402
f 3539//4358 3560//4360 3522//4400
f 3560//4360 3559//4362 3521//4415
f 3559//4362 3558//4361 3520//4414
f 3558//4361 3557//4364 3519//4413
f 3536//4369 3556//4368 3515//4396
f 3535//4371 3555//4372 3513//4394
f 3555//4372 3554//4374 3512//4412
f 3554//4374 3553//4376 3511//4411
f 3553//4376 3552//4375 3510//4410
f 3532//4330 3551//4332 3506//4390
f 3531//4334 3550//4333 3504//4388
f 3550//4333 3549//4336 3503//4409
f 3549//4336 3548//4338 3502//4408
f 3548//4338 3547//4379 3501//4407
f 3528//4342 3546//4344 3497//4384
f 3527//4346 3545//4348 3495//4382
f 3545//4348 3544//4347 3494//4406
f 3544//4347 3543//4350 3493//4405
f 3543//4350 3542//4351 3492//4404
f 3541//4355 3540//4354 3525//4403
f 3524//4402 3539//4358 3523//4401
f 3519//4413 3538//4365 3518//4399
f 3538//4365 3537//4367 3517//4398
f 3537//4367 3536//4369 3516//4397
f 3515//4396 3535//4371 3514//4395
f 3510//4410 3534//4377 3509//4393
f 3534//4377 3533//4378 3508//4392
f 3533//4378 3532//4330 3507//4391
f 3506//4390 3531//4334 3505//4389
f 3501//4407 3530//4341 3500//4387
f 3530//4341 3529//4340 3499//4386
f 3529//4340 3528//4342 3498//4385
f 3497//4384 3527//4346 3496//4383
f 3492//4404 3526//4353 3491//4381
f 3526//4353 3541//4355 3490//4380
f 3562//4416 3563//4417 3491//4381
f 3563//4417 3564//4418 3492//4404
f 3564//4418 3494//4406 3493//4405
f 3565//4419 3495//4382 3494//4406
f 3494//4406 3564//4418 3565//4419
f 3496//4383 3495//4382 3565//4419
f 3565//4419 3566//4420 3497//4384
f 3566//4420 3499//4386 3498//4385
f 3567//4421 3500//4387 3499//4386
f 3499//4386 3566//4420 3567//4421
f 3567//4421 3568//4422 3501//4407
f 3501//4407 3500//4387 3567//4421
f 3568//4422 3569//4423 3502//4408
f 3569//4423 3504//4388 3503//4409
f 3570//4424 3505//4389 3504//4388
f 3504//4388 3569//4423 3570//4424
f 3570//4424 3571//4425 3506//4390
f 3506//4390 3505//4389 3570//4424
f 3571//4425 3572//4426 3507//4391
f 3572//4426 3509//4393 3508//4392
f 3573//4427 3510//4410 3509//4393
f 3509//4393 3572//4426 3573//4427
f 3574//4428 3511//4411 3510//4410
f 3510//4410 3573//4427 3574//4428
f 3574//4428 3575//4429 3512//4412
f 3575//4429 3514//4395 3513//4394
f 3576//4430 3515//4396 3514//4395
f 3514//4395 3575//4429 3576//4430
f 3576//4430 3516//4397 3515//4396
f 3576//4430 3577//4431 3517//4398
f 3577//4431 3519//4413 3518//4399
f 3578//4432 3520//4414 3519//4413
f 3519//4413 3577//4431 3578//4432
f 3578//4432 3521//4415 3520//4414
f 3578//4432 3579//4433 3522//4400
f 3579//4433 3524//4402 3523//4401
f 3562//4416 3525//4403 3524//4402
f 3524//4402 3579//4433 3562//4416
f 3562//4416 3490//4380 3525//4403
f 3523//4401 3522//4400 3579//4433
f 3522//4400 3521//4415 3578//4432
f 3518//4399 3517//4398 3577//4431
f 3517//4398 3516//4397 3576//4430
f 3513//4394 3512//4412 3575//4429
f 3512//4412 3511//4411 3574//4428
f 3508//4392 3507//4391 3572//4426
f 3507//4391 3506//4390 3571//4425
f 3503//4409 3502//4408 3569//4423
f 3502//4408 3501//4407 3568//4422
f 3498//4385 3497//4384 3566//4420
f 3497//4384 3496//4383 3565//4419
f 3493//4405 3492//4404 3564//4418
f 3492//4404 3491//4381 3563//4417
f 3491//4381 3490//4380 3562//4416
f 3564//4434 3581//4435 3580//4436
f 3580//4436 3565//4437 3564//4434
f 3564//4434 3582//4434 3581//4435
f 3564//4434 3563//3406 3582//4434
f 3563//3406 3562//4438 3583//4438
f 3567//3406 3566//4439 3584//4440
f 3583//4438 3582//4434 3563//3406
f 3569//4441 3568//3406 3585//4442
f 3568//3406 3567//3406 3586//3406
f 3565//4437 3580//4436 3584//4440
f 3562//4438 3579//4443 3587//3433
f 3578//4444 3589//4445 3588//4446
f 3578//4444 3577//4447 3590//4447
f 3571//3406 3591//3406 3592//4448
f 3569//4441 3593//4449 3591//3406
f 3584//4440 3586//3406 3567//3406
f 3588//4446 3587//3433 3579//4443
f 3576//4440 3575//4450 3594//3405
f 3591//3406 3571//3406 3570//3410
f 3585//4442 3593//4449 3569//4441
f 3584//4440 3566//4439 3565//4437
f 3590//4447 3589//4445 3578//4444
f 3577//4447 3576//4440 3596//4451
f 3595//4452 3594//3405 3575//4450
f 3591//3406 3570//3410 3569//4441
f 3587//3433 3583//4438 3562//4438
f 3596//4451 3590//4447 3577//4447
f 3586//3406 3585//4442 3568//3406
f 3594//3405 3596//4451 3576//4440
f 3573//3406 3597//3406 3595//4452
f 3588//4446 3579//4443 3578//4444
f 3595//4452 3574//3406 3573//3406
f 3572//4453 3592//4448 3597//3406
f 3595//4452 3575//4450 3574//3406
f 3597//3406 3573//3406 3572//4453
f 3592//4448 3572//4453 3571//3406
f 3583//4454 3598//4455 3599//4456
f 3582//4457 3599//4456 3600//4458
f 3581//4459 3600//4458 3601//4460
f 3580//4461 3601//4460 3602//4462
f 3584//4463 3602//4462 3603//4464
f 3586//4465 3603//4464 3604//4466
f 3585//4467 3604//4466 3605//4468
f 3591//4469 3605//4468 3606//4470
f 3591//4469 3606//4470 3607//4471
f 3592//4472 3607//4471 3608//4473
f 3595//4474 3608//4473 3609//4475
f 3595//4474 3609//4475 3610//4476
f 3594//4477 3610//4476 3611//4478
f 3596//4479 3611//4478 3612//4480
f 3590//4481 3612//4480 3613//4482
f 3589//4483 3613//4482 3614//4484
f 3588//4485 3614//4484 3615//4486
f 3587//4487 3615//4486 3598//4455
f 3598//4455 3583//4454 3587//4487
f 3615//4486 3587//4487 3588//4485
f 3614//4484 3588//4485 3589//4483
f 3613//4482 3589//4483 3590//4481
f 3612//4480 3590//4481 3596//4479
f 3611//4478 3596//4479 3594//4477
f 3610//4476 3594//4477 3595//4474
f 3608//4473 3595//4474 3597//4488
f 3608//4473 3597//4488 3592//4472
f 3607//4471 3592//4472 3591//4469
f 3605//4468 3591//4469 3593//4489
f 3605//4468 3593//4489 3585//4467
f 3604//4466 3585//4467 3586//4465
f 3603//4464 3586//4465 3584//4463
f 3602//4462 3584//4463 3580//4461
f 3601//4460 3580//4461 3581//4459
f 3600//4458 3581//4459 3582//4457
f 3599//4456 3582//4457 3583//4454
f 3601//3406 3616//3406 3617//3406
f 3599//3406 3618//3406 3619//3406
f 3613//3406 3621//3406 3620//3406
f 3601//3406 3600//3406 3619//3406
f 3599//3406 3598//3406 3622//3406
f 3613//3406 3612//3406 3623//3406
f 3619//3406 3616//3406 3601//3406
f 3622//3406 3618//3406 3599//3406
f 3615//3406 3624//3406 3622//3406
f 3614//3406 3620//3406 3624//3406
f 3623//3406 3621//3406 3613//3406
f 3619//3406 3600//3406 3599//3406
f 3624//3406 3615//3406 3614//3406
f 3611//3406 3625//3406 3623//3406
f 3622//3406 3598//3406 3615//3406
f 3620//3406 3614//3406 3613//3406
f 3625//3406 3611//3406 3610//3406
f 3610//3406 3626//3406 3625//3406
f 3605//3406 3627//3406 3628//3406
f 3605//3406 3604//3406 3629//3406
f 3603//3406 3602//3406 3617//3406
f 3629//3406 3627//3406 3605//3406
f 3623//3406 3612//3406 3611//3406
f 3609//3406 3631//3406 3626//3406
f 3609//3406 3608//3406 3632//3406
f 3630//3406 3629//3406 3604//3406
f 3604//3406 3603//3406 3633//3406
f 3617//3406 3602//3406 3601//3406
f 3632//3406 3631//3406 3609//3406
f 3633//3406 3630//3406 3604//3406
f 3626//3406 3610//3406 3609//3406
f 3635//3406 3634//3406 3607//3406
f 3607//3406 3606//3406 3628//3406
f 3606//3406 3605//3406 3628//3406
f 3617//3406 3633//3406 3603//3406
f 3634//3406 3608//3406 3607//3406
f 3634//3406 3632//3406 3608//3406
f 3628//3406 3635//3406 3607//3406
f 3636//4490 3637//4491 3622//4492
f 3638//4493 3636//4490 3622//4492
f 3624//4494 3620//4495 3638//4493
f 3620//4495 3639//4496 3638//4493
f 3620//4495 3621//4497 3640//4498
f 3641//4499 3640//4498 3621//4497
f 3623//4500 3642//4501 3641//4499
f 3625//4502 3643//4503 3642//4501
f 3625//4502 3626//4504 3644//4505
f 3631//4506 3645//4507 3644//4505
f 3644//4505 3626//4504 3631//4506
f 3631//4506 3632//4508 3646//4509
f 3647//4510 3646//4509 3634//4511
f 3634//4511 3635//4512 3647//4510
f 3635//4512 3648//4513 3647//4510
f 3649//4514 3648//4513 3628//4515
f 3627//4516 3650//4517 3649//4514
f 3649//4514 3628//4515 3627//4516
f 3629//4518 3651//4519 3650//4517
f 3650//4517 3627//4516 3629//4518
f 3651//4519 3629//4518 3630//4520
f 3630//4520 3633//4521 3652//4522
f 3654//4523 3653//4524 3617//4525
f 3616//4526 3655//4527 3654//4523
f 3655//4527 3616//4526 3619//4528
f 3656//4529 3619//4528 3618//4530
f 3637//4491 3656//4529 3618//4530
f 3618//4530 3622//4492 3637//4491
f 3656//4529 3655//4527 3619//4528
f 3617//4525 3616//4526 3654//4523
f 3653//4524 3652//4522 3617//4525
f 3633//4521 3617//4525 3652//4522
f 3652//4522 3651//4519 3630//4520
f 3635//4512 3628//4515 3648//4513
f 3632//4508 3634//4511 3646//4509
f 3646//4509 3645//4507 3631//4506
f 3644//4505 3643//4503 3625//4502
f 3623//4500 3625//4502 3642//4501
f 3621//4497 3623//4500 3641//4499
f 3640//4498 3639//4496 3620//4495
f 3622//4492 3624//4494 3638//4493
f 3661//4531 3685//4532 3657//4533
f 3695//4534 3660//13 3658//13
f 3695//4534 3737//4535 3659//13
f 3658//13 3657//4533 3685//4532
f 3658//13 3685//4532 3695//4534
f 3737//4535 3661//4531 3659//13
f 3659//13 3660//13 3695//4534
f 3672//4536 3280//4127 3662//13
f 3280//4127 3664//13 3663//134
f 3663//134 3662//13 3280//4127
f 3280//4127 3735//3995 3664//13
f 3666//13 3665//13 3735//3995
f 3736//4537 3667//13 3666//13
f 3736//4537 3668//13 3667//13
f 3736//4537 3672//4536 3668//13
f 3666//13 3735//3995 3736//4537
f 3672//4536 3669//13 3668//13
f 3672//4536 3662//13 3669//13
f 3665//13 3664//13 3735//3995
f 3685//4532 3661//4531 3737//4535
f 3695//4534 3673//13 3672//4536
f 3671//4538 3673//13 3695//4534
f 3671//4538 3695//4534 3685//4532
f 3279//4107 3675//13 3674//13
f 3738//134 3279//4107 3676//13
f 3280//4127 3678//3786 3677//3786
f 3678//3786 3280//4127 3670//4539
f 3674//13 3676//13 3279//4107
f 3675//13 3279//4107 3280//4127
f 3670//4539 3681//13 3680//13
f 3679//13 3678//3786 3670//4539
f 3680//13 3679//13 3670//4539
f 3681//13 3670//4539 3738//134
f 3738//134 3682//13 3681//13
f 3677//3786 3675//13 3280//4127
f 3676//13 3682//13 3738//134
f 3738//134 3670//4539 3671//4538
f 3738//134 3671//4538 3685//4532
f 3719//4540 3685//4532 3684//4541
f 3683//13 3739//4542 3719//4540
f 3686//13 3683//13 3719//4540
f 3684//4541 3686//13 3719//4540
f 3739//4542 3683//13 3687//4543
f 3280//4127 3178//3983 3177//4544
f 3178//3983 3280//4127 3180//3988
f 3735//3995 3280//4127 3176//135
f 3177//4544 3176//135 3280//4127
f 3735//3995 3176//135 3179//3996
f 3735//3995 3414//3997 3736//4537
f 3736//4537 3689//13 3695//4534
f 3690//13 3689//13 3736//4537
f 3736//4537 3414//3997 3691//4545
f 3688//4546 3691//4545 3414//3997
f 3414//3997 3692//4547 3688//4546
f 3417//4261 3693//4548 3692//4547
f 3692//4547 3414//3997 3417//4261
f 3691//4545 3690//13 3736//4537
f 3694//4549 3417//4261 3695//4534
f 3694//4549 3693//4548 3417//4261
f 3737//4535 3418//4258 3419//4259
f 3685//4532 3696//13 3697//4550
f 3420//4260 3685//4532 3697//4550
f 3685//4532 3698//13 3696//13
f 3685//4532 3737//4535 3698//13
f 3420//4260 3703//4551 3701//4552
f 3702//4553 3703//4551 3420//4260
f 3700//4554 3699//13 3737//4535
f 3419//4259 3701//4552 3700//4554
f 3701//4552 3419//4259 3420//4260
f 3700//4554 3737//4535 3419//4259
f 3699//13 3698//13 3737//4535
f 3697//4550 3702//4553 3420//4260
f 3739//4542 3704//13 3705//4555
f 3422//4263 3739//4542 3705//4555
f 3739//4542 3706//13 3704//13
f 3709//4556 3420//4260 3421//4262
f 3706//13 3739//4542 3685//4532
f 3708//4557 3707//13 3685//4532
f 3420//4260 3709//4556 3708//4557
f 3421//4262 3422//4263 3711//4558
f 3708//4557 3685//4532 3420//4260
f 3707//13 3706//13 3685//4532
f 3421//4262 3710//4559 3709//4556
f 3705//4555 3711//4558 3422//4263
f 3353//4183 3738//134 3712//4560
f 3416//4208 3353//4183 3713//4561
f 3738//134 3714//13 3712//4560
f 3416//4208 3713//4561 3715//4562
f 3353//4183 3712//4560 3716//4563
f 3738//134 3718//4564 3714//13
f 3715//4562 3717//4565 3416//4208
f 3353//4183 3716//4563 3713//4561
f 3738//134 3719//4540 3718//4564
f 3279//4107 3738//134 3351//4566
f 3738//134 3352//4567 3351//4566
f 3353//4183 3352//4567 3738//134
f 3279//4107 3351//4566 3281//4154
f 3737//4535 3720//13 3722//13
f 3721//4568 3720//13 3695//4534
f 3720//13 3737//4535 3695//4534
f 3418//4258 3724//4569 3723//4570
f 3418//4258 3737//4535 3724//4569
f 3722//13 3724//4569 3737//4535
f 3726//4571 3725//4572 3417//4261
f 3417//4261 3723//4570 3726//4571
f 3721//4568 3695//4534 3417//4261
f 3725//4572 3721//4568 3417//4261
f 3416//4208 3728//4573 3727//4574
f 3730//4575 3739//4542 3415//4257
f 3729//4576 3730//4575 3415//4257
f 3415//4257 3416//4208 3729//4576
f 3730//4575 3731//13 3739//4542
f 3719//4540 3733//13 3732//13
f 3719//4540 3739//4542 3733//13
f 3739//4542 3731//13 3733//13
f 3719//4540 3734//13 3728//4573
f 3728//4573 3416//4208 3719//4540
f 3732//13 3734//13 3719//4540
f 3727//4574 3729//4576 3416//4208
f 3723//4570 3417//4261 3418//4258
f 3717//4565 3719//4540 3416//4208
f 3422//4263 3415//4257 3739//4542
f 3711//4558 3710//4559 3421//4262
f 3685//4532 3739//4542 3687//4543
f 3685//4532 3719//4540 3738//134
f 3672//4536 3670//4539 3280//4127
f 3736//4537 3695//4534 3672//4536
f 3741//4577 3740//4578 3665//4579
f 3742//4580 3741//4577 3666//4581
f 3743//4582 3742//4580 3666//4581
f 3744//4583 3743//4582 3667//4584
f 3745//4585 3744//4583 3668//4586
f 3746//4587 3745//4585 3669//4588
f 3747//4589 3746//4587 3662//4590
f 3748//4591 3747//4589 3663//4592
f 3740//4578 3748//4591 3664//4593
f 3663//4592 3664//4593 3748//4591
f 3662//4590 3663//4592 3747//4589
f 3669//4588 3662//4590 3746//4587
f 3668//4586 3669//4588 3745//4585
f 3667//4584 3668//4586 3744//4583
f 3666//4581 3667//4584 3743//4582
f 3665//4579 3666//4581 3741//4577
f 3664//4593 3665//4579 3740//4578
f 3742//13 3753//13 3750//13
f 3745//13 3746//13 3752//13
f 3746//13 3747//13 3752//13
f 3750//13 3741//13 3742//13
f 3752//13 3751//13 3745//13
f 3749//13 3752//13 3747//13
f 3741//13 3750//13 3754//13
f 3753//13 3742//13 3743//13
f 3744//13 3751//13 3753//13
f 3740//13 3754//13 3749//13
f 3749//13 3747//13 3748//13
f 3753//13 3743//13 3744//13
f 3749//13 3748//13 3740//13
f 3754//13 3740//13 3741//13
f 3751//13 3744//13 3745//13
f 3756//4594 3755//4595 3750//4596
f 3757//4597 3756//4594 3753//4598
f 3758//4599 3757//4597 3751//4600
f 3759//4601 3758//4599 3749//4602
f 3755//4595 3759//4601 3754//4603
f 3749//4602 3754//4603 3759//4601
f 3752//4604 3749//4602 3758//4599
f 3751//4600 3752//4604 3758//4599
f 3753//4598 3751//4600 3757//4597
f 3750//4596 3753//4598 3756//4594
f 3754//4603 3750//4596 3755//4595
f 3761//4605 3760//4606 3677//4607
f 3762//4608 3761//4605 3678//4609
f 3763//4610 3762//4608 3679//4611
f 3764//4612 3763//4610 3680//4613
f 3765//4614 3764//4612 3681//4615
f 3766//4616 3765//4614 3682//4617
f 3767//4618 3766//4616 3674//4619
f 3760//4606 3767//4618 3675//4620
f 3674//4619 3675//4620 3767//4618
f 3676//4621 3674//4619 3766//4616
f 3682//4617 3676//4621 3766//4616
f 3681//4615 3682//4617 3765//4614
f 3680//4613 3681//4615 3764//4612
f 3679//4611 3680//4613 3763//4610
f 3678//4609 3679//4611 3762//4608
f 3677//4607 3678//4609 3761//4605
f 3675//4620 3677//4607 3760//4606
f 3763//13 3770//13 3768//13
f 3765//13 3766//13 3769//13
f 3771//13 3769//13 3766//13
f 3769//13 3770//13 3765//13
f 3760//13 3772//13 3771//13
f 3768//13 3762//13 3763//13
f 3768//13 3772//13 3761//13
f 3770//13 3763//13 3764//13
f 3771//13 3766//13 3767//13
f 3768//13 3761//13 3762//13
f 3771//13 3767//13 3760//13
f 3772//13 3760//13 3761//13
f 3770//13 3764//13 3765//13
f 3774//4622 3773//4623 3772//4624
f 3775//4625 3774//4622 3768//4626
f 3776//4627 3775//4625 3768//4626
f 3777//4628 3776//4627 3770//4629
f 3778//4630 3777//4628 3769//4631
f 3773//4623 3778//4630 3771//4632
f 3769//4631 3771//4632 3778//4630
f 3770//4629 3769//4631 3777//4628
f 3768//4626 3770//4629 3776//4627
f 3772//4624 3768//4626 3774//4622
f 3771//4632 3772//4624 3773//4623
f 3779//4633 3780//4634 3712//4635
f 3781//4636 3779//4633 3714//4637
f 3782//4638 3781//4636 3718//4564
f 3783//4639 3782//4638 3719//4540
f 3784//4640 3783//4639 3717//4565
f 3785//4641 3784//4640 3713//4642
f 3786//4643 3785//4641 3713//4642
f 3780//4634 3786//4643 3716//4644
f 3716//4644 3712//4635 3780//4634
f 3713//4642 3716//4644 3786//4643
f 3715//4645 3713//4642 3784//4640
f 3717//4565 3715//4645 3784//4640
f 3719//4540 3717//4565 3783//4639
f 3718//4564 3719//4540 3782//4638
f 3714//4637 3718//4564 3781//4636
f 3712//4635 3714//4637 3779//4633
f 3783//13 3787//13 3788//13
f 3783//13 3784//13 3787//13
f 3784//13 3789//13 3787//13
f 3784//13 3785//13 3789//13
f 3785//13 3786//13 3789//13
f 3788//13 3781//13 3782//13
f 3779//13 3781//13 3790//13
f 3788//13 3782//13 3783//13
f 3786//13 3780//13 3791//13
f 3788//13 3790//13 3781//13
f 3791//13 3789//13 3786//13
f 3780//13 3779//13 3790//13
f 3790//13 3791//13 3780//13
f 3793//4646 3792//4647 3790//4648
f 3794//4649 3793//4646 3788//4650
f 3795//4651 3794//4649 3787//4652
f 3796//4653 3795//4651 3789//4654
f 3797//4655 3796//4653 3789//4654
f 3792//4647 3797//4655 3791//4656
f 3789//4654 3791//4656 3797//4655
f 3787//4652 3789//4654 3795//4651
f 3788//4650 3787//4652 3794//4649
f 3790//4648 3788//4650 3793//4646
f 3791//4656 3790//4648 3792//4647
f 3798//4657 3734//4658 3732//4659
f 3799//4660 3798//4657 3732//4659
f 3800//4661 3799//4660 3733//4662
f 3800//4661 3733//4662 3731//4663
f 3731//4663 3801//4664 3800//4661
f 3802//4665 3801//4664 3730//4666
f 3803//4667 3802//4665 3729//4668
f 3804//4669 3803//4667 3729//4668
f 3805//4670 3804//4669 3727//4671
f 3798//4657 3805//4670 3728//4672
f 3728//4672 3734//4658 3798//4657
f 3727//4671 3728//4672 3805//4670
f 3729//4668 3727//4671 3804//4669
f 3730//4666 3729//4668 3802//4665
f 3731//4663 3730//4666 3801//4664
f 3732//4659 3733//4662 3799//4660
f 3801//13 3802//13 3806//13
f 3800//13 3807//13 3810//13
f 3800//13 3801//13 3807//13
f 3804//13 3809//13 3808//13
f 3810//13 3799//13 3800//13
f 3806//13 3807//13 3801//13
f 3808//13 3806//13 3802//13
f 3798//13 3799//13 3810//13
f 3808//13 3802//13 3803//13
f 3804//13 3805//13 3809//13
f 3805//13 3811//13 3809//13
f 3808//13 3803//13 3804//13
f 3810//13 3811//13 3798//13
f 3811//13 3805//13 3798//13
f 3813//4673 3812//4674 3810//4675
f 3814//4676 3813//4673 3807//4677
f 3807//4677 3806//4678 3814//4676
f 3815//4679 3814//4676 3806//4678
f 3816//4680 3815//4679 3808//4681
f 3817//4682 3816//4680 3809//4683
f 3812//4674 3817//4682 3811//4684
f 3809//4683 3811//4684 3817//4682
f 3808//4681 3809//4683 3816//4680
f 3806//4678 3808//4681 3815//4679
f 3810//4675 3807//4677 3813//4673
f 3811//4684 3810//4675 3812//4674
f 3819//4685 3818//4686 3706//4687
f 3820//4688 3819//4685 3707//4689
f 3821//4690 3820//4688 3708//4691
f 3822//4692 3821//4690 3709//4693
f 3823//4694 3822//4692 3710//4695
f 3824//4696 3823//4694 3711//4697
f 3825//4698 3824//4696 3705//4699
f 3818//4686 3825//4698 3704//4700
f 3704//4700 3706//4687 3818//4686
f 3705//4699 3704//4700 3825//4698
f 3711//4697 3705//4699 3824//4696
f 3710//4695 3711//4697 3823//4694
f 3709//4693 3710//4695 3822//4692
f 3708//4691 3709//4693 3821//4690
f 3707//4689 3708//4691 3820//4688
f 3706//4687 3707//4689 3819//4685
f 3821//13 3822//13 3829//13
f 3823//13 3824//13 3826//13
f 3821//13 3829//13 3827//13
f 3827//13 3820//13 3821//13
f 3826//13 3828//13 3823//13
f 3818//13 3830//13 3826//13
f 3818//13 3819//13 3830//13
f 3819//13 3820//13 3827//13
f 3828//13 3829//13 3822//13
f 3827//13 3830//13 3819//13
f 3826//13 3824//13 3825//13
f 3826//13 3825//13 3818//13
f 3828//13 3822//13 3823//13
f 3832//4701 3831//4702 3830//4703
f 3833//4704 3832//4701 3827//4705
f 3834//4706 3833//4704 3828//4707
f 3835//4708 3834//4706 3828//4707
f 3831//4702 3835//4708 3826//4709
f 3826//4709 3830//4703 3831//4702
f 3828//4707 3826//4709 3835//4708
f 3829//4710 3828//4707 3833//4704
f 3827//4705 3829//4710 3833//4704
f 3830//4703 3827//4705 3832//4701
f 3837//4685 3836//4711 3698//4712
f 3838//4713 3837//4685 3699//4689
f 3839//4714 3838//4713 3700//4715
f 3840//4716 3839//4714 3701//4717
f 3841//4718 3840//4716 3703//4719
f 3842//4720 3841//4718 3702//4721
f 3843//4698 3842//4720 3697//4722
f 3836//4711 3843//4698 3696//4700
f 3696//4700 3698//4712 3836//4711
f 3697//4722 3696//4700 3843//4698
f 3702//4721 3697//4722 3842//4720
f 3703//4719 3702//4721 3841//4718
f 3701//4717 3703//4719 3840//4716
f 3700//4715 3701//4717 3839//4714
f 3699//4689 3700//4715 3838//4713
f 3698//4712 3699//4689 3837//4685
f 3841//13 3842//13 3844//13
f 3839//13 3847//13 3845//13
f 3840//13 3841//13 3846//13
f 3845//13 3838//13 3839//13
f 3839//13 3840//13 3846//13
f 3844//13 3846//13 3841//13
f 3843//13 3848//13 3844//13
f 3836//13 3837//13 3845//13
f 3837//13 3838//13 3845//13
f 3846//13 3847//13 3839//13
f 3845//13 3848//13 3836//13
f 3844//13 3842//13 3843//13
f 3848//13 3843//13 3836//13
f 3849//4723 3853//4724 3848//4725
f 3850//4726 3849//4723 3845//4727
f 3851//4728 3850//4726 3846//4729
f 3852//4730 3851//4728 3846//4729
f 3853//4724 3852//4730 3844//4731
f 3844//4731 3848//4725 3853//4724
f 3846//4729 3844//4731 3852//4730
f 3847//4732 3846//4729 3850//4726
f 3845//4727 3847//4732 3850//4726
f 3848//4725 3845//4727 3849//4723
f 3855//4733 3854//4734 3721//4735
f 3855//4733 3721//4735 3725//4736
f 3856//4737 3855//4733 3725//4736
f 3857//4738 3856//4737 3726//4739
f 3857//4738 3726//4739 3723//4740
f 3858//4741 3857//4738 3723//4740
f 3859//4742 3858//4741 3724//4743
f 3860//4744 3859//4742 3722//4745
f 3861//4746 3860//4744 3720//4747
f 3854//4734 3861//4746 3720//4747
f 3720//4747 3721//4735 3854//4734
f 3722//4745 3720//4747 3860//4744
f 3724//4743 3722//4745 3859//4742
f 3723//4740 3724//4743 3858//4741
f 3725//4736 3726//4739 3856//4737
f 3860//13 3861//13 3862//13
f 3856//13 3863//13 3867//13
f 3859//13 3860//13 3864//13
f 3857//13 3858//13 3865//13
f 3857//13 3865//13 3863//13
f 3863//13 3856//13 3857//13
f 3862//13 3864//13 3860//13
f 3866//13 3862//13 3854//13
f 3854//13 3855//13 3867//13
f 3855//13 3856//13 3867//13
f 3864//13 3865//13 3858//13
f 3862//13 3861//13 3854//13
f 3867//13 3866//13 3854//13
f 3864//13 3858//13 3859//13
f 3869//4748 3868//4749 3867//4750
f 3870//4751 3869//4748 3863//4752
f 3863//4752 3865//4753 3870//4751
f 3871//4754 3870//4751 3865//4753
f 3872//4755 3871//4754 3864//4756
f 3873//4757 3872//4755 3862//4758
f 3868//4749 3873//4757 3866//4759
f 3862//4758 3866//4759 3873//4757
f 3864//4756 3862//4758 3872//4755
f 3865//4753 3864//4756 3871//4754
f 3867//4750 3863//4752 3869//4748
f 3866//4759 3867//4750 3868//4749
f 3875//4760 3874//4761 3691//4762
f 3876//4763 3875//4760 3688//4764
f 3877//4765 3876//4763 3693//4766
f 3878//4767 3877//4765 3693//4766
f 3879//4768 3878//4767 3694//4549
f 3880//4769 3879//4768 3695//4534
f 3881//4770 3880//4769 3689//4771
f 3874//4761 3881//4770 3690//4772
f 3690//4772 3691//4762 3874//4761
f 3689//4771 3690//4772 3881//4770
f 3695//4534 3689//4771 3880//4769
f 3694//4549 3695//4534 3879//4768
f 3693//4766 3694//4549 3878//4767
f 3692//4773 3693//4766 3876//4763
f 3688//4764 3692//4773 3876//4763
f 3691//4762 3688//4764 3875//4760
f 3879//13 3884//13 3885//13
f 3883//13 3875//13 3876//13
f 3879//13 3880//13 3884//13
f 3882//13 3884//13 3880//13
f 3877//13 3886//13 3883//13
f 3878//13 3879//13 3885//13
f 3875//13 3883//13 3887//13
f 3887//13 3882//13 3881//13
f 3881//13 3874//13 3887//13
f 3883//13 3876//13 3877//13
f 3882//13 3880//13 3881//13
f 3886//13 3877//13 3878//13
f 3885//13 3886//13 3878//13
f 3887//13 3874//13 3875//13
f 3888//4774 3892//4775 3887//4776
f 3889//4777 3888//4774 3883//4778
f 3883//4778 3886//4779 3889//4777
f 3890//4780 3889//4777 3886//4779
f 3891//4781 3890//4780 3885//4782
f 3892//4775 3891//4781 3882//4783
f 3882//4783 3887//4776 3892//4775
f 3884//4784 3882//4783 3891//4781
f 3885//4782 3884//4784 3891//4781
f 3886//4779 3885//4782 3890//4780
f 3887//4776 3883//4778 3888//4774
f 3894//4785 3893//4786 3672//4536
f 3895//4787 3673//4788 3671//4538
f 3896//4789 3895//4787 3671//4538
f 3893//4786 3896//4789 3670//4539
f 3671//4538 3670//4539 3896//4789
f 3895//4787 3894//4785 3673//4788
f 3672//4536 3673//4788 3894//4785
f 3670//4539 3672//4536 3893//4786
f 3897//4790 3901//4791 3658//4792
f 3898//4793 3897//4790 3660//4794
f 3899//4795 3898//4793 3659//4796
f 3900//4797 3899//4795 3661//4531
f 3901//4791 3900//4797 3657//4533
f 3657//4533 3658//4792 3901//4791
f 3661//4531 3657//4533 3900//4797
f 3659//4796 3661//4531 3899//4795
f 3660//4794 3659//4796 3898//4793
f 3658//4792 3660//4794 3897//4790
f 3903//4798 3902//4799 3685//4532
f 3905//4800 3904//4801 3683//4802
f 3902//4799 3905//4800 3686//4803
f 3686//4803 3684//4541 3902//4799
f 3683//4802 3686//4803 3905//4800
f 3687//4543 3683//4802 3904//4801
f 3904//4801 3903//4798 3687//4543
f 3685//4532 3687//4543 3903//4798
f 3684//4541 3685//4532 3902//4799
f 3254//4058 3253//4060 3906//4804
f 3906//4804 3907//4805 3254//4058
f 3253//4060 3908//4806 3906//4804
f 3909//4807 3910//4808 3908//4806
f 3908//4806 3253//4060 3909//4807
f 3254//4058 3907//4805 3910//4808
f 3907//4805 3908//4806 3910//4808
f 3909//4807 3253//4060 3252//4061
f 3252//4061 3911//4809 3909//4807
f 3911//4809 3252//4061 3251//4062
f 3912//4810 3911//4809 3250//4064
f 3912//4810 3249//4063 3248//4065
f 3248//4065 3913//4811 3912//4810
f 3246//4094 3914//4812 3247//4066
f 3913//4811 3248//4065 3915//4813
f 3248//4065 3914//4812 3915//4813
f 3242//4070 3916//4814 3917//4815
f 3918//4816 3919//4817 3920//4818
f 3920//4818 3242//4070 3918//4816
f 3920//4818 3916//4814 3242//4070
f 3919//4817 3243//4069 3917//4815
f 3917//4815 3920//4818 3919//4817
f 3918//4816 3242//4070 3241//4072
f 3921//4819 3918//4816 3240//4071
f 3240//4071 3239//4073 3921//4819
f 3921//4819 3239//4073 3238//4074
f 3238//4074 3922//4820 3921//4819
f 3922//4820 3238//4074 3237//4076
f 3277//4097 3276//4077 3923//4821
f 3276//4077 3924//4822 3923//4821
f 3925//4823 3926//4824 3924//4822
f 3924//4822 3276//4077 3925//4823
f 3922//4820 3277//4097 3926//4824
f 3277//4097 3923//4821 3926//4824
f 3926//4824 3925//4823 3922//4820
f 3927//4825 3928//4826 3272//4080
f 3927//4825 3271//4081 3270//4082
f 3270//4082 3929//4827 3927//4825
f 3929//4827 3270//4082 3269//4084
f 3930//4828 3929//4827 3268//4083
f 3931//4829 3930//4828 3267//4086
f 3267//4086 3266//4085 3931//4829
f 3933//4830 3932//4831 3265//4087
f 3934//4832 3935//4833 3933//4830
f 3933//4830 3265//4087 3934//4832
f 3931//4829 3266//4085 3935//4833
f 3266//4085 3932//4831 3935//4833
f 3935//4833 3934//4832 3931//4829
f 3934//4832 3265//4087 3264//4088
f 3936//4834 3934//4832 3263//4089
f 3263//4089 3262//4090 3936//4834
f 3936//4834 3262//4090 3261//4091
f 3261//4091 3937//4835 3936//4834
f 3937//4835 3261//4091 3260//4093
f 3938//4836 3937//4835 3259//4092
f 3256//4095 3255//4059 3939//4837
f 3255//4059 3910//4808 3939//4837
f 3910//4808 3940//4838 3939//4837
f 3255//4059 3254//4058 3910//4808
f 3938//4836 3258//4057 3257//4056
f 3257//4056 3940//4838 3938//4836
f 3244//4067 3942//4839 3941//4840
f 3919//4817 3943//4841 3942//4839
f 3942//4839 3243//4069 3919//4817
f 3943//4841 3915//4813 3245//4068
f 3245//4068 3941//4840 3943//4841
f 3915//4813 3246//4094 3245//4068
f 3941//4840 3245//4068 3244//4067
f 3274//4096 3273//4079 3944//4842
f 3945//4843 3944//4842 3273//4079
f 3273//4079 3928//4826 3945//4843
f 3273//4079 3272//4080 3928//4826
f 3925//4823 3274//4096 3945//4843
f 3925//4823 3276//4077 3275//4078
f 3275//4078 3274//4096 3925//4823
f 3244//4067 3243//4069 3942//4839
f 3256//4095 3940//4838 3257//4056
f 3259//4092 3258//4057 3938//4836
f 3260//4093 3259//4092 3937//4835
f 3264//4088 3263//4089 3934//4832
f 3932//4831 3266//4085 3265//4087
f 3268//4083 3267//4086 3930//4828
f 3269//4084 3268//4083 3929//4827
f 3272//4080 3271//4081 3927//4825
f 3237//4076 3277//4097 3922//4820
f 3241//4072 3240//4071 3918//4816
f 3917//4815 3243//4069 3242//4070
f 3914//4812 3248//4065 3247//4066
f 3250//4064 3249//4063 3912//4810
f 3251//4062 3250//4064 3911//4809
f 3908//4806 3907//4805 3906//4804
f 3256//4095 3939//4837 3940//4838
f 3932//4831 3933//4830 3935//4833
f 3941//4840 3942//4839 3943//4841
f 3914//4812 3246//4094 3915//4813
f 3923//4821 3924//4822 3926//4824
f 3917//4815 3916//4814 3920//4818
f 3945//4843 3274//4096 3944//4842
f 3949//4844 3957//4845 3943//4841
f 3957//4845 3915//4813 3943//4841
f 3925//4823 3951//4846 3946//2756
f 3912//2756 3913//4811 3956//2756
f 3943//4841 3919//4817 3949//4844
f 3925//4823 3945//4843 3951//4846
f 3929//2756 3948//2756 3958//2756
f 3929//2756 3959//2756 3948//2756
f 3957//4845 3956//2756 3913//4811
f 3945//4843 3968//4847 3947//4848
f 3931//4849 3964//4850 3952//2756
f 3913//4811 3915//4813 3957//4845
f 3949//4844 3919//4817 3918//4851
f 3947//4848 3951//4846 3945//4843
f 3945//4843 3928//4826 3968//4847
f 3929//2756 3969//2756 3950//2756
f 3937//2756 3970//2756 3953//2756
f 3938//4852 3940//4838 3971//4853
f 3911//2756 3973//2756 3954//2756
f 3911//2756 3912//2756 3973//2756
f 3912//2756 3956//2756 3955//2756
f 3918//4851 3966//4854 3949//4844
f 3918//4851 3974//4855 3962//4856
f 3963//4857 3979//4858 3922//4859
f 3928//4826 3927//2756 3958//2756
f 3950//2756 3959//2756 3929//2756
f 3930//2756 3931//4849 3975//2756
f 3964//4850 3931//4849 3934//4860
f 3934//4860 3976//1972 3960//4861
f 3955//2756 3973//2756 3912//2756
f 3963//4857 3922//4859 3925//4823
f 3958//2756 3968//4847 3928//4826
f 3960//4861 3964//4850 3934//4860
f 3934//4860 3936//4862 3976//1972
f 3937//2756 3977//2756 3961//2756
f 3940//4838 3978//4863 3965//4864
f 3974//4855 3918//4851 3921//4865
f 3921//4865 3979//4858 3967//2756
f 3921//4865 3922//4859 3979//4858
f 3929//2756 3930//2756 3975//2756
f 3936//4862 3937//2756 3980//2756
f 3961//2756 3970//2756 3937//2756
f 3938//4852 3971//4853 3977//2756
f 3967//2756 3974//4855 3921//4865
f 3975//2756 3969//2756 3929//2756
f 3952//2756 3975//2756 3931//4849
f 3980//2756 3976//1972 3936//4862
f 3953//2756 3980//2756 3937//2756
f 3978//4863 3940//4838 3910//4808
f 3910//4808 3982//2756 3972//2756
f 3962//4856 3966//4854 3918//4851
f 3946//2756 3963//4857 3925//4823
f 3977//2756 3937//2756 3938//4852
f 3972//2756 3978//4863 3910//4808
f 3965//4864 3971//4853 3940//4838
f 3982//2756 3909//2756 3911//2756
f 3958//2756 3927//2756 3929//2756
f 3982//2756 3910//4808 3909//2756
f 3981//2756 3982//2756 3911//2756
f 3954//2756 3981//2756 3911//2756
f 3948//4866 3983//4867 3984//4868
f 3958//4869 3984//4868 3985//4870
f 3968//4871 3985//4870 3986//4872
f 3968//4871 3986//4872 3987//4873
f 3987//4873 3947//4874 3968//4871
f 3985//4870 3968//4871 3958//4869
f 3984//4868 3958//4869 3948//4866
f 3947//4874 3987//4873 3988//4875
f 3951//4876 3988//4875 3989//4877
f 3989//4877 3946//4878 3951//4876
f 3988//4875 3951//4876 3947//4874
f 3946//4878 3989//4877 3990//4879
f 3963//4880 3990//4879 3991//4881
f 3963//4880 3991//4881 3992//4882
f 3979//4883 3992//4882 3993//4884
f 3993//4884 3967//4885 3979//4883
f 3992//4882 3979//4883 3963//4880
f 3990//4879 3963//4880 3946//4878
f 3967//4885 3993//4884 3994//4886
f 3974//4887 3994//4886 4025//4888
f 4025//4888 3962//4889 3974//4887
f 3994//4886 3974//4887 3967//4885
f 3962//4889 4025//4888 3995//4890
f 3966//4891 3995//4890 3996//4892
f 3996//4892 3949//4893 3966//4891
f 3995//4890 3966//4891 3962//4889
f 3957//4894 3949//4893 3996//4892
f 3996//4892 3997//4895 3957//4894
f 3957//4894 3997//4895 3998//4896
f 3956//4897 3998//4896 3999//4898
f 3999//4898 3955//4899 3956//4897
f 3998//4896 3956//4897 3957//4894
f 3955//4899 3999//4898 4000//4900
f 3973//4901 4000//4900 4001//4902
f 4001//4902 3954//4903 3973//4901
f 4000//4900 3973//4901 3955//4899
f 3954//4903 4001//4902 4002//4904
f 3981//4905 4002//4904 4003//4906
f 3982//4907 4003//4906 4004//4908
f 3982//4907 4004//4908 4005//4909
f 4005//4909 3972//4910 3982//4907
f 4003//4906 3982//4907 3981//4905
f 4002//4904 3981//4905 3954//4903
f 3972//4910 4005//4909 4006//4911
f 3978//4912 4006//4911 4007//4913
f 4007//4913 3965//4914 3978//4912
f 4006//4911 3978//4912 3972//4910
f 3965//4914 4007//4913 4008//4915
f 3971//4916 4008//4915 4009//4917
f 3971//4916 4009//4917 4010//4918
f 3977//4919 4010//4918 4011//4920
f 4011//4920 3961//4921 3977//4919
f 4010//4918 3977//4919 3971//4916
f 4008//4915 3971//4916 3965//4914
f 3961//4921 4011//4920 4012//4922
f 3970//4923 4012//4922 4013//4924
f 4013//4924 3953//4925 3970//4923
f 4012//4922 3970//4923 3961//4921
f 3953//4925 4013//4924 4014//4926
f 3980//4927 4014//4926 4015//4928
f 3976//4929 4015//4928 4016//4930
f 3976//4929 4016//4930 4017//4931
f 4017//4931 3960//4932 3976//4929
f 4015//4928 3976//4929 3980//4927
f 4014//4926 3980//4927 3953//4925
f 3960//4932 4017//4931 4018//4933
f 3964//4934 4018//4933 4019//4935
f 4019//4935 3952//4936 3964//4934
f 4018//4933 3964//4934 3960//4932
f 3952//4936 4019//4935 4020//4937
f 3975//4938 4020//4937 4021//4939
f 3975//4938 4021//4939 4022//4940
f 3969//4941 4022//4940 4023//4942
f 4023//4942 3950//4943 3969//4941
f 4022//4940 3969//4941 3975//4938
f 4020//4937 3975//4938 3952//4936
f 3950//4943 4023//4942 4024//4944
f 3959//4945 4024//4944 3983//4867
f 3983//4867 3948//4866 3959//4945
f 4024//4944 3959//4945 3950//4943
f 3992//4882 3991//4881 3009//4946
f 3008//4947 3985//4870 3984//4868
f 3006//4948 4022//4940 4021//4939
f 3009//4946 3993//4884 3992//4882
f 3008//4947 3987//4873 3986//4872
f 3008//4947 3988//4875 3987//4873
f 3008//4947 3986//4872 3985//4870
f 3006//4948 4023//4942 4022//4940
f 3990//4879 3989//4877 3009//4946
f 3007//4949 3008//4947 3983//4867
f 3003//4950 3004//4951 4017//4931
f 3984//4868 3983//4867 3008//4947
f 3006//4948 4021//4939 4020//4937
f 4017//4931 4016//4930 3003//4950
f 4002//4904 4001//4902 3015//4952
f 3011//4953 3996//4892 3995//4890
f 3993//4884 3009//4946 3010//4954
f 3008//4947 3009//4946 3988//4875
f 3006//4948 3007//4949 4024//4944
f 4020//4937 4019//4935 3006//4948
f 3005//4955 4018//4933 4017//4931
f 3003//4950 4015//4928 4014//4926
f 3002//4956 4010//4918 4009//4917
f 4004//4908 4003//4906 3015//4952
f 3014//4957 4000//4900 3999//4898
f 3994//4886 3993//4884 3010//4954
f 3007//4949 3983//4867 4024//4944
f 3005//4955 3006//4948 4019//4935
f 4017//4931 3004//4951 3005//4955
f 4016//4930 4015//4928 3003//4950
f 4009//4917 4008//4915 3002//4956
f 3999//4898 3013//4958 3014//4957
f 3011//4953 4025//4888 3994//4886
f 3991//4881 3990//4879 3009//4946
f 3005//4955 4019//4935 4018//4933
f 3003//4950 4014//4926 4013//4924
f 3002//4956 4011//4920 4010//4918
f 3015//4952 4005//4909 4004//4908
f 3014//4957 3015//4952 4000//4900
f 3995//4890 4025//4888 3011//4953
f 3994//4886 3010//4954 3011//4953
f 3989//4877 3988//4875 3009//4946
f 4024//4944 4023//4942 3006//4948
f 3002//4956 4012//4922 4011//4920
f 3000//4959 3002//4956 4007//4913
f 4008//4915 4007//4913 3002//4956
f 4005//4909 3015//4952 3001//4960
f 3998//4896 3997//4895 3013//4958
f 3011//4953 3012//4961 3996//4892
f 4013//4924 4012//4922 3003//4950
f 3999//4898 3998//4896 3013//4958
f 4012//4922 3002//4956 3003//4950
f 3000//4959 4007//4913 4006//4911
f 4001//4902 4000//4900 3015//4952
f 3997//4895 3012//4961 3013//4958
f 4006//4911 3001//4960 3000//4959
f 4003//4906 4002//4904 3015//4952
f 3012//4961 3997//4895 3996//4892
f 4006//4911 4005//4909 3001//4960
f 3905//3406 4027//4962 4028//3406
f 4027//4962 4026//4963 4028//3406
f 3902//3406 4033//4964 4034//3406
f 3905//3406 4031//3406 4027//4962
f 4028//3406 4040//3406 3904//3406
f 4040//3406 4041//3406 3904//3406
f 3893//3406 4042//3406 4032//3406
f 4035//4965 4034//3406 4033//4964
f 4034//3406 4031//3406 3902//3406
f 3902//3406 4045//3406 4030//3406
f 4046//3406 3894//3406 3895//3406
f 3901//3406 3897//3406 4047//3406
f 4031//3406 3905//3406 3902//3406
f 3904//3406 3905//3406 4028//3406
f 4041//3406 3903//3406 3904//3406
f 3902//3406 3903//3406 4045//3406
f 3893//3406 3894//3406 4042//3406
f 4045//3406 4046//3406 3895//3406
f 3901//3406 4049//4966 4037//3406
f 3900//3406 4050//3406 4038//3406
f 4043//4967 4052//4968 3897//3406
f 4041//3406 4029//3406 3903//3406
f 3903//3406 4029//3406 4045//3406
f 4030//3406 4033//4964 3902//3406
f 3893//3406 4032//3406 4048//3406
f 3894//3406 4046//3406 4042//3406
f 4036//3406 3895//3406 3896//3406
f 4037//3406 4050//3406 3900//3406
f 3898//3406 4053//3406 4051//3406
f 4048//3406 3896//3406 3893//3406
f 4048//3406 4036//3406 3896//3406
f 3900//3406 3901//3406 4037//3406
f 4038//3406 3899//3406 3900//3406
f 3899//3406 4038//3406 4056//3406
f 3897//3406 3898//3406 4051//3406
f 4047//3406 4054//3406 3901//3406
f 4049//4966 4054//3406 4039//4969
f 4054//3406 4049//4966 3901//3406
f 3898//3406 4056//3406 4053//3406
f 4051//3406 4043//4967 3897//3406
f 4052//4968 4047//3406 3897//3406
f 4046//3406 4057//3406 4044//4970
f 4046//3406 4045//3406 4057//3406
f 3895//3406 4036//3406 4045//3406
f 4042//3406 4046//3406 4050//3406
f 4045//3406 4029//3406 4057//3406
f 4050//3406 4037//3406 4042//3406
f 3898//3406 3899//3406 4056//3406
f 4055//4971 4046//3406 4044//4970
f 4027//4962 4031//4972 4062//4973
f 4026//4963 4027//4962 4058//4974
f 4058//4974 4059//4975 4026//4963
f 4062//4973 4058//4974 4027//4962
f 4052//4968 4043//4967 4063//4976
f 4047//4977 4052//4968 4060//4978
f 4060//4978 4061//4979 4047//4977
f 4063//4976 4060//4978 4052//4968
f 4033//4964 4030//4980 4156//4981
f 4035//4965 4033//4964 4064//4982
f 4064//4982 4065//4983 4035//4965
f 4156//4981 4064//4982 4033//4964
f 4034//4984 4066//4985 4067//4986
f 4031//4972 4067//4986 4062//4973
f 4065//4983 4066//4985 4035//4965
f 4068//4987 4069//4988 4066//4985
f 4070//4989 4071//4990 4069//4988
f 4069//4988 4068//4987 4070//4989
f 4066//4985 4065//4983 4068//4987
f 4067//4986 4031//4972 4034//4984
f 4066//4985 4034//4984 4035//4965
f 4041//4991 4040//4992 4074//4993
f 4029//4994 4041//4991 4072//4995
f 4072//4995 4073//4996 4029//4994
f 4074//4993 4072//4995 4041//4991
f 4028//4997 4059//4975 4075//4998
f 4028//4997 4075//4998 4076//4999
f 4077//5000 4078//5001 4107//5002
f 4077//5000 4079//5003 4078//5001
f 4040//4992 4076//4999 4074//4993
f 4074//4993 4076//4999 4079//5003
f 4079//5003 4077//5000 4074//4993
f 4107//5002 4106//5004 4077//5000
f 4076//4999 4040//4992 4028//4997
f 4059//4975 4028//4997 4026//4963
f 4055//4971 4044//4970 4082//5005
f 4046//5006 4055//4971 4080//5007
f 4080//5007 4081//5008 4046//5006
f 4082//5005 4080//5007 4055//4971
f 4056//5009 4038//5010 4085//5011
f 4053//5012 4056//5009 4083//5013
f 4083//5013 4084//5014 4053//5012
f 4085//5011 4083//5013 4056//5009
f 4051//5015 4086//5016 4087//5017
f 4043//4967 4087//5017 4063//4976
f 4088//5018 4086//5016 4084//5014
f 4084//5014 4086//5016 4053//5012
f 4089//5019 4090//5020 4088//5018
f 4089//5019 4091//5021 4090//5020
f 4091//5021 4089//5019 4142//5022
f 4088//5018 4084//5014 4089//5019
f 4087//5017 4043//4967 4051//5015
f 4086//5016 4051//5015 4053//5012
f 4049//4966 4039//4969 4094//5023
f 4037//5024 4049//4966 4092//5025
f 4092//5025 4093//5026 4037//5024
f 4094//5023 4092//5025 4049//4966
f 4054//5027 4061//4979 4095//5028
f 4054//5027 4095//5028 4096//5029
f 4097//5030 4098//5031 4192//5032
f 4099//5033 4100//5034 4098//5031
f 4039//4969 4096//5029 4094//5023
f 4094//5023 4096//5029 4100//5034
f 4100//5034 4099//5033 4094//5023
f 4098//5031 4097//5030 4099//5033
f 4096//5029 4039//4969 4054//5027
f 4061//4979 4054//5027 4047//4977
f 4048//5035 4032//5036 4103//5037
f 4036//5038 4048//5035 4101//5039
f 4101//5039 4102//5040 4036//5038
f 4103//5037 4101//5039 4048//5035
f 4107//5002 4104//5041 4106//5004
f 4105//5042 4106//5004 4104//5041
f 4109//5043 4111//5044 4110//3406
f 4077//5000 4073//4996 4072//4995
f 4072//4995 4074//4993 4077//5000
f 4108//3406 4073//4996 4077//5000
f 4108//3406 4106//5004 4105//5042
f 4108//3406 4105//5042 4109//5043
f 4077//5000 4106//5004 4108//3406
f 4110//3406 4108//3406 4109//5043
f 4109//5043 4112//5045 4113//5046
f 4113//5046 4111//5044 4109//5043
f 4105//5042 4104//5041 4112//5045
f 4112//5045 4109//5043 4105//5042
f 4113//5046 4114//5047 4111//5044
f 4110//5048 4111//5044 4114//5047
f 4057//5049 4115//5050 4116//5051
f 4117//5052 4118//5053 4124//5054
f 4119//5055 4116//5051 4118//5053
f 4057//5049 4116//5051 4082//5005
f 4120//5056 4115//5050 4073//4996
f 4073//4996 4115//5050 4029//4994
f 4108//5057 4121//5058 4120//5056
f 4110//5048 4114//5047 4121//5058
f 4121//5058 4108//5057 4110//5048
f 4120//5056 4073//4996 4108//5057
f 4082//5005 4044//4970 4057//5049
f 4116//5051 4119//5055 4082//5005
f 4118//5053 4117//5052 4119//5055
f 4124//5054 4125//5059 4117//5052
f 4115//5050 4057//5049 4029//4994
f 4124//5054 4122//5060 4123//5061
f 4123//5061 4125//5059 4124//5054
f 4126//3406 4081//5008 4080//5007
f 4126//3406 4119//5055 4117//3406
f 4080//5007 4119//5055 4126//3406
f 4119//5055 4080//5007 4082//5005
f 4127//5062 4129//3406 4128//5063
f 4117//3406 4129//3406 4126//3406
f 4129//3406 4117//3406 4125//5059
f 4127//5062 4126//3406 4129//3406
f 4123//5061 4129//3406 4125//5059
f 4130//5064 4131//5065 4128//5063
f 4122//5060 4130//5064 4129//5066
f 4129//5066 4123//5061 4122//5060
f 4128//5063 4129//5066 4130//5064
f 4131//5065 4132//5067 4127//5062
f 4127//5062 4128//5063 4131//5065
f 4050//5068 4133//5069 4134//5070
f 4135//5071 4136//5072 4148//5073
f 4137//5074 4138//5075 4136//5072
f 4050//5068 4134//5070 4085//5011
f 4085//5011 4134//5070 4138//5075
f 4139//5076 4133//5069 4081//5008
f 4081//5008 4133//5069 4046//5006
f 4126//5077 4140//5078 4139//5076
f 4127//5062 4132//5067 4140//5078
f 4140//5078 4126//5077 4127//5062
f 4139//5076 4081//5008 4126//5077
f 4085//5011 4038//5010 4050//5068
f 4138//5075 4137//5074 4085//5011
f 4136//5072 4135//5071 4137//5074
f 4148//5073 4141//5079 4135//5071
f 4133//5069 4050//5068 4046//5006
f 4143//5080 4142//5022 4135//3406
f 4135//3406 4089//3406 4084//5014
f 4135//3406 4142//5022 4089//3406
f 4083//5013 4137//5074 4084//5014
f 4084//5014 4137//5074 4135//3406
f 4137//5074 4083//5013 4085//5011
f 4145//3406 4135//3406 4141//5079
f 4145//3406 4143//5080 4135//3406
f 4144//5081 4145//3406 4141//5079
f 4145//5082 4146//5083 4149//5084
f 4149//5084 4143//5080 4145//5082
f 4145//5082 4144//5081 4147//5085
f 4147//5085 4146//5083 4145//5082
f 4148//5073 4147//5085 4144//5081
f 4144//5081 4141//5079 4148//5073
f 4149//5084 4091//5021 4142//5022
f 4142//5022 4143//5080 4149//5084
f 4151//5086 4071//4990 4150//5087
f 4070//4989 4150//5087 4071//4990
f 4064//4982 4068//3406 4065//4983
f 4153//5088 4155//3406 4154//5089
f 4150//5087 4070//4989 4152//3406
f 4064//4982 4156//4981 4068//3406
f 4152//3406 4070//4989 4068//3406
f 4068//3406 4156//4981 4152//3406
f 4153//5088 4152//3406 4155//3406
f 4153//5088 4150//5087 4152//3406
f 4150//5087 4153//5088 4157//5090
f 4157//5090 4151//5086 4150//5087
f 4153//5088 4154//5089 4158//5091
f 4158//5091 4157//5090 4153//5088
f 4159//5092 4158//5091 4154//5089
f 4154//5089 4155//5093 4159//5092
f 4045//5094 4160//5095 4161//5096
f 4152//5097 4162//5098 4159//5092
f 4156//4981 4163//5099 4162//5098
f 4045//5094 4161//5096 4156//4981
f 4156//4981 4161//5096 4163//5099
f 4164//5100 4160//5095 4102//5040
f 4102//5040 4160//5095 4036//5038
f 4165//5101 4166//5102 4164//5100
f 4167//5103 4168//5104 4166//5102
f 4166//5102 4165//5101 4167//5103
f 4164//5100 4102//5040 4165//5101
f 4156//4981 4030//4980 4045//5094
f 4162//5098 4152//5097 4156//4981
f 4159//5092 4155//5093 4152//5097
f 4160//5095 4045//5094 4036//5038
f 4169//5105 4168//5104 4167//5103
f 4167//5103 4170//5106 4169//5105
f 4171//5107 4170//5106 4167//3406
f 4172//5108 4165//3406 4101//5039
f 4172//5108 4101//5039 4103//5037
f 4165//3406 4102//5040 4101//5039
f 4171//5107 4174//3406 4173//5109
f 4172//5108 4175//3406 4165//3406
f 4165//3406 4175//3406 4171//5107
f 4167//3406 4165//3406 4171//5107
f 4171//5107 4175//3406 4174//3406
f 4176//5110 4169//5105 4170//5106
f 4177//5111 4176//5110 4171//5107
f 4171//5107 4173//5109 4177//5111
f 4170//5106 4171//5107 4176//5110
f 4178//5112 4177//5111 4173//5109
f 4173//5109 4174//5113 4178//5112
f 4042//5114 4179//5115 4180//5116
f 4175//5117 4181//5118 4178//5112
f 4172//5108 4180//5116 4181//5118
f 4042//5114 4180//5116 4103//5037
f 4182//5119 4179//5115 4093//5026
f 4093//5026 4179//5115 4037//5024
f 4183//5120 4184//5121 4182//5119
f 4189//5122 4185//5123 4184//5121
f 4184//5121 4183//5120 4189//5122
f 4182//5119 4093//5026 4183//5120
f 4103//5037 4032//5036 4042//5114
f 4180//5116 4172//5108 4103//5037
f 4181//5118 4175//5117 4172//5108
f 4178//5112 4174//5113 4175//5117
f 4179//5115 4042//5114 4037//5024
f 4183//3406 4093//5026 4099//5033
f 4188//5124 4189//3406 4187//5125
f 4099//5033 4093//5026 4092//5025
f 4092//5025 4094//5023 4099//5033
f 4183//3406 4097//5030 4186//5126
f 4099//5033 4097//5030 4183//3406
f 4183//3406 4186//5126 4187//5125
f 4189//3406 4183//3406 4187//5125
f 4187//5125 3645//5127 4190//5128
f 4190//5128 4188//5124 4187//5125
f 4187//5125 4186//5126 4191//5129
f 4191//5129 3645//5127 4187//5125
f 4190//5128 4185//5123 4188//5124
f 4189//5122 4188//5124 4185//5123
f 4192//5032 4191//5129 4186//5126
f 4186//5126 4097//5030 4192//5032
f 3869//3406 3870//3406 3641//5130
f 3870//3406 3640//3406 3641//5130
f 3641//5130 3642//5131 4194//5132
f 3642//5131 4195//5133 4194//5132
f 4194//5132 4193//5134 3641//5130
f 3642//5131 4196//5135 4195//5133
f 3888//3406 3643//3406 3644//4505
f 3643//3406 3888//3406 3889//3406
f 3889//3406 3642//5131 3643//3406
f 4197//5136 3653//5137 3812//3410
f 3794//4649 3652//5138 4198//5139
f 4197//5136 4200//5140 3653//5137
f 3652//5138 4200//5140 4199//5141
f 4199//5141 4198//5139 3652//5138
f 3794//4649 4202//5142 4201//5143
f 4201//5143 4197//5136 3812//3410
f 4201//5143 3812//3410 3794//4649
f 4200//5140 3652//5138 3653//5137
f 3794//4649 4198//5139 4202//5142
f 4149//3406 3639//3406 3640//3406
f 4147//3406 3638//3406 3639//3406
f 4149//3406 4146//3406 3639//3406
f 3850//3406 3638//3406 4147//3406
f 4147//3406 4148//3406 3850//3406
f 4148//3406 4136//3406 3849//3406
f 4139//3406 4140//3406 3852//3406
f 4140//3406 4132//3406 3851//3406
f 3851//3406 3852//3406 4140//3406
f 4148//3406 3849//3406 3850//3406
f 4136//3406 4138//3406 3849//3406
f 4133//3406 4139//3406 3852//3406
f 4132//3406 3850//3406 3851//3406
f 4134//3406 4133//3406 3853//3406
f 3852//3406 3853//3406 4133//3406
f 4132//3406 3638//3406 3850//3406
f 4138//3406 4134//3406 3853//3406
f 3853//3406 3849//3406 4138//3406
f 3638//3406 4132//3406 4131//3406
f 4131//3406 3636//3406 3638//3406
f 3637//3406 3636//3406 4131//3406
f 3656//3406 3637//3406 4122//3406
f 4122//3406 4124//3406 3656//3406
f 3637//3406 4130//3406 4122//3406
f 3834//3406 3835//3406 4114//3406
f 3656//3406 4114//3406 4113//3406
f 4114//3406 3656//3406 3834//3406
f 3835//3406 4121//3406 4114//3406
f 3833//3406 4124//3406 4118//3406
f 4118//3406 3832//3406 3833//3406
f 3832//3406 4118//3406 4116//3406
f 4116//3406 3831//3406 3832//3406
f 3656//3406 3833//3406 3834//3406
f 3831//3406 4116//3406 4115//4307
f 4120//3406 3835//3406 3831//3406
f 3835//3406 4120//3406 4121//3406
f 3831//3406 4115//4307 4120//3406
f 3833//3406 3656//3406 4124//3406
f 3655//3406 4113//3406 4112//3406
f 3655//3406 3656//3406 4113//3406
f 3655//3406 4112//3406 4104//3406
f 4104//3406 3654//3406 3655//3406
f 3815//3406 3654//3406 4104//3406
f 4104//3406 4107//3406 3815//3406
f 4107//3406 4078//3406 3815//3406
f 4078//3406 3814//3406 3815//3406
f 3653//5137 3654//3406 3816//3406
f 3654//3406 3815//3406 3816//3406
f 3653//5137 3817//3406 3812//3410
f 3653//5137 3816//3406 3817//3406
f 3814//3406 4078//3406 4079//3406
f 4076//3406 3813//3406 3814//3406
f 3814//3406 4079//3406 4076//3406
f 4075//3406 3812//3410 3813//3406
f 3813//3406 4076//3406 4075//3406
f 3812//3410 4075//3406 4059//3406
f 3812//3410 4059//3406 4058//3406
f 4058//3406 3794//4649 3812//3410
f 4058//3406 4062//3406 3794//4649
f 4066//3406 3793//3406 3794//4649
f 3794//4649 4067//3406 4066//3406
f 4069//3406 3792//3406 3793//3406
f 3793//3406 4066//3406 4069//3406
f 3651//3406 3797//3406 4071//3406
f 3797//3406 3792//3406 4071//3406
f 3795//4651 3652//5138 3794//4649
f 3651//3406 3652//5138 3796//3406
f 3651//3406 4071//3406 4151//3406
f 3795//4651 3796//3406 3652//5138
f 4069//3406 4071//3406 3792//3406
f 3651//3406 3796//3406 3797//3406
f 3651//3406 4151//3406 4157//3406
f 4157//3406 3650//3406 3651//3406
f 3650//3406 4157//3406 4158//3406
f 3778//3406 3649//3406 4158//3406
f 4158//3406 4159//3406 3778//3406
f 4166//3406 3774//3406 3775//3406
f 4160//3406 3775//3406 3776//3406
f 4159//3406 3777//3406 3778//3406
f 4168//3406 3648//3406 3773//3406
f 3777//3406 4159//3406 4162//3406
f 3775//3406 4160//3406 4164//3406
f 3775//3406 4164//3406 4166//3406
f 3774//3406 4166//3406 4168//3406
f 3773//3406 3774//3406 4168//3406
f 3648//3406 3649//3406 3778//3406
f 3777//3406 4162//3406 4163//3406
f 4163//3406 3776//3406 3777//3406
f 4168//3406 4169//3406 3648//3406
f 3776//3406 4163//3406 4161//3406
f 4176//3406 3647//3406 3648//3406
f 3776//3406 4161//3406 4160//3406
f 3778//3406 3773//3406 3648//3406
f 3648//3406 4169//3406 4176//3406
f 4185//3406 4190//5128 3646//3406
f 4185//3406 3646//3406 3755//3406
f 3755//3406 3756//3406 4185//3406
f 4182//3406 4184//3406 3756//3406
f 4184//3406 4185//3406 3756//3406
f 4181//3406 4180//3406 3758//3406
f 4180//3406 4179//3410 3757//3406
f 3646//3406 4177//3406 4178//3406
f 4178//3406 4181//3406 3759//3406
f 4179//3410 4182//3406 3757//3406
f 3646//3406 3647//3406 4177//3406
f 3757//3406 3758//3406 4180//3406
f 3756//3406 3757//3406 4182//3406
f 4176//3406 4177//3406 3647//3406
f 3758//3406 3759//3406 4181//3406
f 3759//3406 3646//3406 4178//3406
f 3645//5127 3646//3406 4190//5128
f 4100//3406 4096//3406 3891//3406
f 4192//3406 3888//3406 3644//4505
f 4095//3406 4061//5144 3891//3406
f 3890//3406 3891//3406 4061//5144
f 4191//3433 4192//3406 3644//4505
f 4096//3406 4095//3406 3891//3406
f 3892//3406 4192//3406 4098//3406
f 4098//3406 4100//3406 3892//3406
f 3889//3406 3890//3406 3642//5131
f 4192//3406 3892//3406 3888//3406
f 3891//3406 3892//3406 4100//3406
f 3890//3406 4061//5144 3642//5131
f 4196//5135 4061//5144 4060//5145
f 3642//5131 4061//5144 4196//5135
f 4193//5134 4203//5146 4060//5145
f 4060//5145 4063//5147 4193//5134
f 4060//5145 4203//5146 4196//5135
f 4193//5134 4063//5147 3641//5130
f 3640//3406 3870//3406 4149//3406
f 4091//3406 4149//3406 3870//3406
f 4091//3406 3870//3406 3871//3406
f 4087//3406 4086//3406 3873//3406
f 4063//5147 4087//3406 3873//3406
f 4088//3406 4090//3406 3871//3406
f 3872//3406 3873//3406 4086//3406
f 4086//3406 4088//3406 3872//3406
f 4063//5147 3873//3406 3868//3406
f 3871//3406 3872//3406 4088//3406
f 4090//3406 4091//3406 3871//3406
f 3868//3406 3869//3406 3641//5130
f 3868//3406 3641//5130 4063//5147
f 3645//4507 4191//3433 3644//4505
f 3759//3406 3755//3406 3646//3406
f 4158//3406 3649//3406 3650//3406
f 3794//4649 4062//3406 4067//3406
f 4131//3406 4130//3406 3637//3406
f 4146//3406 4147//3406 3639//3406
f 4204//5148 4209//5149 4198//5150
f 4198//5150 4199//5151 4204//5148
f 4199//5151 4200//5152 4205//5153
f 4200//5152 4197//5154 4206//5155
f 4206//5155 4205//5153 4200//5152
f 4205//5153 4204//5148 4199//5151
f 4197//5154 4201//5156 4207//5157
f 4201//5156 4202//5158 4208//5159
f 4202//5158 4198//5150 4209//5149
f 4209//5149 4208//5159 4202//5158
f 4208//5159 4207//5157 4201//5156
f 4213//5160 4210//5161 4209//5162
f 4209//5162 4204//5163 4213//5160
f 4205//5164 4206//5165 4212//5166
f 4204//5163 4205//5164 4213//5160
f 4212//5166 4213//5160 4205//5164
f 4211//5167 4212//5166 4206//5165
f 4215//5168 4211//5167 4206//5165
f 4206//5165 4207//5169 4215//5168
f 4208//5170 4209//5162 4214//5171
f 4207//5169 4208//5170 4215//5168
f 4214//5171 4215//5168 4208//5170
f 4210//5161 4214//5171 4209//5162
f 4215//3406 4214//5171 4210//5161
f 4213//3406 4212//5166 4211//5167
f 4211//5167 4215//3406 4210//5161
f 4210//5161 4213//3406 4211//5167
f 4207//5157 4206//5155 4197//5154
f 4216//5172 4221//5173 4196//5174
f 4196//5174 4203//5175 4217//5176
f 4203//5175 4193//5177 4218//5178
f 4218//5178 4217//5176 4203//5175
f 4217//5176 4216//5172 4196//5174
f 4193//5177 4194//5179 4219//5180
f 4194//5179 4195//5181 4220//5182
f 4195//5181 4196//5174 4221//5173
f 4221//5173 4220//5182 4195//5181
f 4220//5182 4219//5180 4194//5179
f 4227//5160 4222//5183 4221//5184
f 4221//5184 4216//5185 4227//5160
f 4220//5170 4221//5184 4223//5171
f 4219//5186 4220//5170 4224//5187
f 4223//5171 4224//5187 4220//5170
f 4222//5183 4223//5171 4221//5184
f 4224//5187 4225//5188 4218//5189
f 4218//5189 4219//5186 4224//5187
f 4217//5190 4218//5189 4226//5191
f 4216//5185 4217//5190 4227//5160
f 4226//5191 4227//5160 4217//5190
f 4225//5188 4226//5191 4218//5189
f 4223//5171 4222//3406 4224//5187
f 4227//3406 4226//5191 4225//5188
f 4225//5188 4224//5187 4222//3406
f 4222//3406 4227//3406 4225//5188
f 4219//5180 4218//5178 4193//5177
usemtl 0.498039_0.498039_0.498039_0.000000_0.003
f 4230//5192 4228//5193 4229//5194
f 4231//5195 4230//5192 4232//5196
f 4233//5197 4231//5195 4232//5196
f 4235//5198 4233//5197 4234//5199
f 4236//5200 4235//5198 4237//5201
f 4228//5193 4236//5200 4238//5202
f 4237//5201 4238//5202 4236//5200
f 4234//5199 4237//5201 4235//5198
f 4232//5196 4234//5199 4233//5197
f 4229//5194 4232//5196 4230//5192
f 4238//5202 4229//5194 4228//5193
f 4240//5203 4245//5204 4239//5205
f 4241//5206 4242//5207 4243//5208
f 4242//5207 4251//5209 4243//5208
f 4244//5210 4245//5204 4240//5203
f 4240//5203 4246//5211 4244//5210
f 4244//5210 4246//5211 4241//5206
f 4247//5212 4248//5213 4249//5214
f 4247//5212 4249//5214 4250//5215
f 4329//5216 4249//5214 4248//5213
f 4250//5215 4251//5209 4247//5212
f 4252//5217 4253//5218 4254//5219
f 4254//5219 4255//5220 4252//5217
f 4252//5217 4256//5221 4253//5218
f 4257//2756 4259//2756 4258//2756
f 4261//2756 4258//2756 4262//2756
f 4259//2756 4257//2756 4260//2756
f 4258//2756 4261//2756 4257//2756
f 4260//2756 4270//2756 4259//2756
f 4263//5222 4262//2756 4264//5223
f 4264//5223 4265//5224 4263//5222
f 4264//5223 4255//5220 4265//5224
f 4266//5225 4268//5226 4271//5227
f 4270//2756 4268//5226 4267//2756
f 4269//856 4267//2756 4268//5226
f 4266//5225 4269//856 4268//5226
f 4264//5223 4266//5225 4271//5227
f 4264//5223 4271//5227 4255//5220
f 4267//2756 4259//2756 4270//2756
f 4273//5228 4271//5227 4272//5229
f 4268//5226 4272//5229 4271//5227
f 4276//5230 4275//5231 4273//5228
f 4274//5232 4276//5230 4273//5228
f 4279//2756 4280//1954 4278//2756
f 4279//2756 4281//2756 4280//1954
f 4278//2756 4277//2756 4279//2756
f 4281//2756 4279//2756 4283//2756
f 4283//2756 4284//2756 4281//2756
f 4284//2756 4283//2756 4291//5233
f 4285//5234 4287//5235 4286//5236
f 4276//5230 4288//2756 4289//5237
f 4288//2756 4276//5230 4290//2756
f 4289//5237 4275//5231 4276//5230
f 4287//5235 4284//2756 4291//5233
f 4291//5233 4286//5236 4287//5235
f 4282//2756 4278//2756 4292//2756
f 4287//5235 4285//5234 4275//5231
f 4289//5237 4287//5235 4275//5231
f 4290//2756 4282//2756 4292//2756
f 4292//2756 4288//2756 4290//2756
f 4285//5234 4293//5238 4294//5239
f 4285//5234 4286//5236 4293//5238
f 4295//5240 4296//5241 4298//5242
f 4296//5241 4294//5239 4298//5242
f 4298//5242 4297//2756 4295//5240
f 4306//2756 4300//2756 4301//2756
f 4308//5243 4302//2756 4303//5244
f 4304//2756 4303//5244 4302//2756
f 4300//2756 4297//2756 4299//2756
f 4299//2756 4301//2756 4300//2756
f 4307//5245 4311//5246 4308//5243
f 4297//2756 4298//5242 4299//2756
f 4301//2756 4305//2756 4306//2756
f 4305//2756 4304//2756 4306//2756
f 4303//5244 4307//5245 4308//5243
f 4295//5240 4311//5246 4296//5241
f 4302//2756 4306//2756 4304//2756
f 4295//5240 4308//5243 4311//5246
f 4309//5247 4310//5248 4311//5246
f 4310//5248 4309//5247 4312//5249
f 4316//2756 4318//2756 4317//2756
f 4319//5250 4248//5213 4313//5251
f 4320//2756 4322//4000 4318//2756
f 4317//2756 4315//5252 4316//2756
f 4313//5251 4325//5253 4319//5250
f 4248//5213 4326//5254 4313//5251
f 4312//5249 4314//5255 4326//5254
f 4323//2756 4324//2756 4322//4000
f 4313//5251 4324//2756 4325//5253
f 4312//5249 4315//5252 4314//5255
f 4318//2756 4316//2756 4320//2756
f 4323//2756 4325//5253 4324//2756
f 4315//5252 4317//2756 4314//5255
f 4322//4000 4321//4000 4323//2756
f 4326//5254 4248//5213 4312//5249
f 4322//4000 4320//2756 4321//4000
f 4327//5256 4319//5250 4328//5257
f 4330//5258 4328//5257 4340//5259
f 4328//5257 4330//5258 4327//5256
f 4319//5250 4327//5256 4329//5216
f 4329//5216 4248//5213 4319//5250
f 4331//1960 4330//5258 4332//5260
f 4333//2756 4335//2756 4336//2756
f 4335//2756 4337//2756 4338//2756
f 4332//5260 4333//2756 4331//1960
f 4336//2756 4334//2756 4333//2756
f 4338//2756 4336//2756 4335//2756
f 4339//2756 4341//2756 4338//2756
f 4340//5259 4332//5260 4330//5258
f 4331//1960 4342//5261 4330//5258
f 4343//5262 4344//1954 4341//2756
f 4334//2756 4331//1960 4333//2756
f 4341//2756 4339//2756 4343//5262
f 4343//5262 4330//5258 4342//5261
f 4338//2756 4337//2756 4339//2756
f 4342//5261 4344//1954 4343//5262
f 4343//5262 4346//5263 4345//5264
f 4345//5264 4330//5258 4343//5262
f 4346//5263 4347//5265 4345//5264
f 4346//5263 4348//5266 4347//5265
f 4348//5266 4351//5267 4349//5268
f 4350//5269 4349//5268 4351//5267
f 4349//5268 4347//5265 4348//5266
f 4353//5270 4352//5271 4350//5269
f 4239//5205 4357//5272 4356//5273
f 4355//5274 4353//5270 4354//5275
f 4356//5273 4354//5275 4239//5205
f 4350//5269 4351//5267 4353//5270
f 4356//5273 4355//5274 4354//5275
f 4355//5274 4352//5271 4353//5270
f 4353//5270 4351//5267 4358//5276
f 4359//5277 4361//5278 4360//5279
f 4362//2756 4364//2756 4363//2756
f 4361//5278 4365//5280 4360//5279
f 4366//2756 4362//2756 4367//2756
f 4363//2756 4367//2756 4362//2756
f 4361//5278 4363//2756 4364//2756
f 4368//2756 4367//2756 4371//2756
f 4359//5277 4353//5270 4372//5281
f 4358//5276 4370//2756 4369//5282
f 4367//2756 4368//2756 4366//2756
f 4364//2756 4365//5280 4361//5278
f 4372//5281 4361//5278 4359//5277
f 4370//2756 4371//2756 4369//5282
f 4371//2756 4370//2756 4368//2756
f 4353//5270 4358//5276 4369//5282
f 4369//5282 4372//5281 4353//5270
f 4373//5283 4359//5277 4360//5279
f 4373//5283 4374//5284 4375//5285
f 4360//5279 4374//5284 4373//5283
f 4375//5285 4376//5286 4373//5283
f 4378//2756 4377//2756 4380//5287
f 4381//5288 4382//5289 4383//5290
f 4379//5291 4378//2756 4380//5287
f 4383//5290 4379//5291 4384//5292
f 4386//2756 4378//2756 4387//2756
f 4380//5287 4384//5292 4379//5291
f 4376//5286 4375//5285 4385//5293
f 4375//5285 4388//5294 4385//5293
f 4378//2756 4386//2756 4377//2756
f 4383//5290 4392//5295 4379//5291
f 4388//5294 4390//2756 4391//2756
f 4389//2756 4387//2756 4391//2756
f 4387//2756 4389//2756 4386//2756
f 4383//5290 4384//5292 4381//5288
f 4391//2756 4385//5293 4388//5294
f 4392//5295 4383//5290 4376//5286
f 4391//2756 4390//2756 4389//2756
f 4385//5293 4392//5295 4376//5286
f 4256//5221 4393//5296 4253//5218
f 4393//5296 4394//5297 4253//5218
f 4382//5289 4381//5288 4397//5298
f 4382//5289 4397//5298 4395//5299
f 4396//5250 4398//2756 4399//2756
f 4400//2756 4393//5296 4404//2756
f 4395//5299 4397//5298 4396//5250
f 4403//2756 4400//2756 4404//2756
f 4256//5221 4405//5300 4393//5296
f 4256//5221 4382//5289 4405//5300
f 4401//2756 4403//2756 4402//2756
f 4398//2756 4401//2756 4399//2756
f 4396//5250 4399//2756 4395//5299
f 4393//5296 4400//2756 4394//5297
f 4402//2756 4399//2756 4401//2756
f 4395//5299 4405//5300 4382//5289
f 4404//2756 4402//2756 4403//2756
f 4273//5228 4237//1954 4234//5301
f 4406//5302 4273//5228 4234//5301
f 4406//5302 4274//5232 4273//5228
f 4407//1954 4237//1954 4273//5228
f 4408//5303 4409//5304 4232//5305
f 4409//5304 4234//5301 4232//5305
f 4410//2756 4408//5303 4229//2756
f 4232//5305 4229//2756 4408//5303
f 4234//5301 4409//5304 4406//5302
f 4229//2756 4238//2756 4410//2756
f 4238//2756 4407//1954 4410//2756
f 4411//5306 4412//2756 4420//2756
f 4351//5267 4348//5266 4412//2756
f 4413//2756 4412//2756 4348//5266
f 4348//5266 4417//2756 4413//2756
f 4414//2756 4415//5307 4418//2756
f 4417//2756 4414//2756 4418//2756
f 4416//5308 4415//5307 4419//5309
f 4415//5307 4416//5308 4418//2756
f 4411//5306 4420//2756 4416//5308
f 4418//2756 4413//2756 4417//2756
f 4416//5308 4419//5309 4411//5306
f 4411//5306 4351//5267 4412//2756
f 4238//2756 4237//1954 4407//1954
f 4312//5249 4248//5213 4310//5248
f 4311//5246 4307//5245 4309//5247
f 4294//5239 4296//5241 4285//5234
f 4278//2756 4282//2756 4277//2756
f 4272//5229 4407//1954 4273//5228
f 4262//2756 4263//5222 4261//2756
f 4254//5219 4265//5224 4255//5220
f 4245//5204 4357//5272 4239//5205
f 4243//5208 4244//5210 4241//5206
f 4243//5208 4251//5209 4250//5215
f 4423//5310 4416//5311 4420//5312
f 4420//5312 4421//5313 4423//5310
f 4423//5310 4422//5314 4418//5315
f 4418//5315 4416//5311 4423//5310
f 4425//5316 4413//5317 4418//5315
f 4418//5315 4422//5314 4425//5316
f 4424//5318 4421//5313 4412//5319
f 4425//5316 4424//5318 4412//5319
f 4412//5319 4413//5317 4425//5316
f 4420//5312 4412//5319 4421//5313
f 4350//5269 4497//5320 4349//5268
f 4426//5321 4330//5258 4432//5322
f 4330//5258 4345//5264 4433//5323
f 4345//5264 4347//5265 4434//5324
f 4347//5265 4349//5268 4435//5325
f 4435//5325 4497//5320 4494//5326
f 4435//5325 4494//5326 4429//5327
f 4428//5328 4432//5322 4436//5329
f 4432//5322 4433//5323 4436//5329
f 4433//5323 4434//5324 4437//5330
f 4434//5324 4435//5325 4437//5330
f 4437//5330 4429//5327 4430//5331
f 4499//5332 4436//5329 4439//5333
f 4436//5329 4437//5330 4440//5334
f 4437//5330 4438//5335 4441//5336
f 4438//5335 4430//5331 4431//5337
f 4500//5338 4439//5333 4243//5208
f 4439//5333 4440//5334 4244//5210
f 4440//5334 4441//5336 4245//5204
f 4441//5336 4431//5337 4357//5272
f 4357//5272 4245//5204 4441//5336
f 4245//5204 4244//5210 4440//5334
f 4244//5210 4243//5208 4439//5333
f 4243//5208 4250//5215 4500//5338
f 4431//5337 4441//5336 4438//5335
f 4441//5336 4440//5334 4437//5330
f 4440//5334 4439//5333 4436//5329
f 4439//5333 4500//5338 4499//5332
f 4430//5331 4438//5335 4437//5330
f 4436//5329 4499//5332 4428//5328
f 4429//5327 4437//5330 4435//5325
f 4437//5330 4436//5329 4433//5323
f 4432//5322 4428//5328 4427//5339
f 4432//5322 4427//5339 4426//5321
f 4497//5320 4435//5325 4349//5268
f 4435//5325 4434//5324 4347//5265
f 4434//5324 4433//5323 4345//5264
f 4433//5323 4432//5322 4330//5258
f 4330//5258 4426//5321 4327//5256
f 4281//5340 4284//5341 4442//5342
f 4280//5343 4281//5340 4444//5344
f 4278//5345 4280//5343 4444//5344
f 4292//5346 4278//5345 4445//5347
f 4288//5348 4292//5346 4446//5349
f 4289//5350 4288//5348 4446//5349
f 4287//5351 4289//5350 4447//5352
f 4284//5341 4287//5351 4442//5342
f 4447//5352 4442//5342 4287//5351
f 4446//5349 4447//5352 4289//5350
f 4445//5347 4446//5349 4292//5346
f 4444//5344 4445//5347 4278//5345
f 4443//5353 4444//5344 4281//5340
f 4442//5342 4443//5353 4281//5340
f 4259//5354 4267//5355 4448//5356
f 4258//5357 4259//5354 4450//5358
f 4262//5359 4258//5357 4450//5358
f 4264//5360 4262//5359 4451//5361
f 4266//5362 4264//5360 4452//5363
f 4269//5364 4266//5362 4454//5365
f 4267//5355 4269//5364 4454//5365
f 4454//5365 4448//5356 4267//5355
f 4453//5366 4454//5365 4266//5362
f 4452//5363 4453//5366 4266//5362
f 4451//5361 4452//5363 4264//5360
f 4450//5358 4451//5361 4262//5359
f 4449//5367 4450//5358 4259//5354
f 4448//5356 4449//5367 4259//5354
f 4399//5368 4402//5369 4455//5370
f 4395//5371 4399//5368 4456//5372
f 4405//5373 4395//5371 4457//5374
f 4393//5375 4405//5373 4458//5376
f 4404//5377 4393//5375 4459//5378
f 4402//5369 4404//5377 4460//5379
f 4459//5378 4460//5379 4404//5377
f 4458//5376 4459//5378 4393//5375
f 4457//5374 4458//5376 4405//5373
f 4456//5372 4457//5374 4395//5371
f 4455//5370 4456//5372 4399//5368
f 4460//5379 4455//5370 4402//5369
f 4371//5380 4367//5381 4461//5382
f 4369//5383 4371//5380 4461//5382
f 4372//5384 4369//5383 4463//5385
f 4361//5386 4372//5384 4464//5387
f 4363//5388 4361//5386 4465//5389
f 4367//5381 4363//5388 4467//5390
f 4467//5390 4461//5382 4367//5381
f 4466//5391 4467//5390 4363//5388
f 4465//5389 4466//5391 4363//5388
f 4464//5387 4465//5389 4361//5386
f 4463//5385 4464//5387 4372//5384
f 4462//5392 4463//5385 4369//5383
f 4461//5382 4462//5392 4369//5383
f 4391//5393 4387//5394 4468//5395
f 4385//5396 4391//5393 4469//5397
f 4392//5398 4385//5396 4469//5397
f 4379//5399 4392//5398 4470//5400
f 4378//5401 4379//5399 4471//5402
f 4387//5394 4378//5401 4472//5403
f 4472//5403 4473//5404 4387//5394
f 4471//5402 4472//5403 4378//5401
f 4470//5400 4471//5402 4379//5399
f 4469//5397 4470//5400 4392//5398
f 4468//5395 4469//5397 4391//5393
f 4473//5404 4468//5395 4387//5394
f 4342//5405 4331//5406 4474//5407
f 4344//5408 4342//5405 4475//5409
f 4341//5410 4344//5408 4476//5411
f 4336//5412 4338//5413 4478//5414
f 4334//5415 4336//5412 4479//5416
f 4331//5406 4334//5415 4480//5417
f 4479//5416 4480//5417 4334//5415
f 4478//5414 4479//5416 4336//5412
f 4477//5418 4478//5414 4338//5413
f 4338//5413 4341//5410 4477//5418
f 4476//5411 4477//5418 4341//5410
f 4475//5409 4476//5411 4344//5408
f 4474//5407 4475//5409 4342//5405
f 4480//5417 4474//5407 4331//5406
f 4313//5419 4326//5420 4481//5421
f 4324//5422 4313//5419 4482//5423
f 4322//5424 4324//5422 4483//5425
f 4318//5426 4322//5424 4484//5427
f 4317//5428 4318//5426 4484//5427
f 4314//5429 4317//5428 4485//5430
f 4326//5420 4314//5429 4486//5431
f 4485//5430 4486//5431 4314//5429
f 4484//5427 4485//5430 4317//5428
f 4483//5425 4484//5427 4322//5424
f 4482//5423 4483//5425 4324//5422
f 4481//5421 4482//5423 4313//5419
f 4486//5431 4481//5421 4326//5420
f 4302//5432 4308//5433 4487//5434
f 4306//5435 4302//5432 4488//5436
f 4300//5437 4489//5438 4490//5439
f 4297//5440 4300//5437 4491//5441
f 4295//5442 4297//5440 4492//5443
f 4308//5433 4295//5442 4493//5444
f 4492//5443 4493//5444 4295//5442
f 4491//5441 4492//5443 4297//5440
f 4490//5439 4491//5441 4300//5437
f 4300//5437 4306//5435 4489//5438
f 4488//5436 4489//5438 4306//5435
f 4487//5434 4488//5436 4302//5432
f 4493//5444 4487//5434 4308//5433
f 4495//5445 4429//5327 4496//5446
f 4429//5327 4494//5326 4496//5446
f 4431//5337 4495//5445 4356//5273
f 4496//5446 4497//5320 4352//5271
f 4352//5271 4497//5320 4350//5269
f 4352//5271 4355//5274 4496//5446
f 4355//5274 4356//5273 4495//5445
f 4356//5273 4357//5272 4431//5337
f 4497//5320 4496//5446 4494//5326
f 4496//5446 4355//5274 4495//5445
f 4495//5445 4431//5337 4430//5331
f 4429//5327 4495//5445 4430//5331
f 4428//5328 4499//5332 4498//5447
f 4498//5447 4499//5332 4500//5338
f 4427//5339 4498//5447 4501//5448
f 4426//5321 4501//5448 4329//5449
f 4501//5448 4500//5338 4249//5214
f 4501//5448 4249//5214 4329//5449
f 4329//5449 4327//5256 4426//5321
f 4250//5215 4249//5214 4500//5338
f 4500//5338 4501//5448 4498//5447
f 4501//5448 4426//5321 4427//5339
f 4498//5447 4427//5339 4428//5328
f 4253//5450 4502//5451 4721//5452
f 4721//5452 4254//5219 4253//5450
f 4254//5219 4503//5453 4265//5224
f 4265//5224 4503//5453 4512//5454
f 4265//5224 4512//5454 4514//5455
f 4265//5224 4514//5455 4511//5456
f 4511//5456 4263//5457 4265//5224
f 4261//5458 4263//5457 4511//5456
f 4257//5459 4261//5458 4505//5460
f 4507//5461 4260//5462 4257//5459
f 4260//5462 4507//5461 4508//5463
f 4508//5463 4270//5464 4260//5462
f 4270//5464 4508//5463 4509//5465
f 4270//5464 4509//5465 4522//5466
f 4522//5466 4268//5467 4270//5464
f 4506//5468 4507//5461 4257//5459
f 4505//5460 4506//5468 4257//5459
f 4504//5469 4505//5460 4261//5458
f 4511//5456 4504//5469 4261//5458
f 4515//5470 4512//5454 4513//5471
f 4503//5453 4513//5471 4512//5454
f 4511//5456 4510//5472 4773//5473
f 4512//5454 4515//5470 4510//5472
f 4512//5454 4511//5456 4514//5455
f 4510//5472 4511//5456 4512//5454
f 4268//5467 4516//5474 4521//5475
f 4521//5475 4272//5476 4268//5467
f 4522//5466 4516//5474 4268//5467
f 4519//5477 4520//5478 4516//5474
f 4516//5474 4522//5466 4519//5477
f 4520//5478 4521//5475 4516//5474
f 4521//5475 4520//5478 4517//5479
f 4518//5480 4520//5478 4519//5477
f 4523//5481 4532//5482 4407//5483
f 4407//5483 4272//5476 4523//5481
f 4521//5475 4523//5481 4272//5476
f 4407//5483 4532//5482 4524//5484
f 4410//5485 4524//5484 4525//5486
f 4408//5487 4525//5486 4526//5488
f 4408//5487 4526//5488 4527//5489
f 4408//5487 4527//5489 4528//5490
f 4409//5491 4528//5490 4529//5492
f 4537//5493 4406//5494 4409//5491
f 4528//5490 4409//5491 4408//5487
f 4525//5486 4408//5487 4410//5485
f 4524//5484 4410//5485 4407//5483
f 4520//5478 4530//5495 4517//5479
f 4517//5479 4531//5496 4523//5481
f 4521//5475 4517//5479 4523//5481
f 4532//5482 4523//5481 4531//5496
f 4531//5496 4517//5479 4530//5495
f 4530//5495 4520//5478 4518//5480
f 4274//5497 4406//5494 4533//5498
f 4274//5497 4533//5498 4538//5499
f 4537//5493 4533//5498 4406//5494
f 4536//5500 4535//5501 4539//5502
f 4536//5500 4539//5502 4533//5498
f 4533//5498 4537//5493 4536//5500
f 4538//5499 4533//5498 4539//5502
f 4538//5499 4276//5503 4274//5497
f 4276//5503 4538//5499 4550//5504
f 4550//5504 4551//5505 4276//5503
f 4551//5505 4290//5506 4276//5503
f 4290//5506 4551//5505 4552//5507
f 4282//5508 4290//5506 4552//5507
f 4540//5509 4541//5510 4282//5508
f 4277//5511 4282//5508 4541//5510
f 4279//5512 4277//5511 4542//5513
f 4279//5512 4543//5514 4544//5515
f 4279//5512 4544//5515 4545//5516
f 4545//5516 4283//5517 4279//5512
f 4283//5517 4545//5516 4546//5518
f 4283//5517 4546//5518 4557//5519
f 4557//5519 4291//5520 4283//5517
f 4542//5513 4543//5514 4279//5512
f 4541//5510 4542//5513 4277//5511
f 4552//5507 4540//5509 4282//5508
f 4538//5499 4539//5502 4550//5504
f 4534//5521 4549//5522 4539//5502
f 4552//5507 4551//5505 4549//5522
f 4550//5504 4549//5522 4551//5505
f 4549//5522 4548//5523 4552//5507
f 4547//5524 4548//5523 4549//5522
f 4535//5501 4534//5521 4539//5502
f 4534//5521 4547//5524 4549//5522
f 4539//5502 4549//5522 4550//5504
f 4291//5520 4557//5519 4553//5525
f 4553//5525 4286//5526 4291//5520
f 4286//5526 4553//5525 4554//5527
f 4286//5526 4554//5527 4767//5528
f 4767//5528 4293//5238 4286//5526
f 4293//5238 4555//5529 4294//5239
f 4558//5530 4560//5531 4557//5519
f 4557//5519 4560//5531 4553//5525
f 4560//5531 4558//5530 4559//5532
f 4554//5527 4553//5525 4559//5532
f 4560//5531 4559//5532 4553//5525
f 4556//5533 4559//5532 4558//5530
f 4294//5239 4555//5529 4571//5534
f 4571//5534 4298//5535 4294//5239
f 4298//5535 4571//5534 4573//5536
f 4298//5535 4573//5536 4570//5537
f 4299//5538 4298//5535 4570//5537
f 4301//5539 4299//5538 4562//5540
f 4301//5539 4564//5541 4565//5542
f 4565//5542 4305//5543 4301//5539
f 4305//5543 4565//5542 4566//5544
f 4566//5544 4304//5545 4305//5543
f 4304//5545 4566//5544 4567//5546
f 4304//5545 4567//5546 4576//5547
f 4576//5547 4303//5548 4304//5545
f 4563//5549 4564//5541 4301//5539
f 4562//5540 4563//5549 4301//5539
f 4561//5550 4562//5540 4299//5538
f 4570//5537 4561//5550 4299//5538
f 4574//5551 4571//5534 4572//5552
f 4555//5529 4572//5552 4571//5534
f 4571//5534 4574//5551 4568//5553
f 4570//5537 4573//5536 4569//5554
f 4571//5534 4569//5554 4573//5536
f 4568//5553 4569//5554 4571//5534
f 4303//5548 4576//5547 4580//5555
f 4307//5556 4303//5548 4580//5555
f 4307//5556 4580//5555 4581//5557
f 4307//5556 4581//5557 4579//5558
f 4307//5556 4579//5558 4757//5559
f 4757//5559 4309//5247 4307//5556
f 4309//5247 4582//5560 4312//5249
f 4577//5561 4580//5555 4576//5547
f 4579//5558 4581//5557 4578//5562
f 4580//5555 4577//5561 4581//5557
f 4578//5562 4581//5557 4577//5561
f 4575//5563 4578//5562 4577//5561
f 4312//5249 4582//5560 4594//5564
f 4312//5249 4594//5564 4595//5565
f 4595//5565 4315//5566 4312//5249
f 4315//5566 4595//5565 4593//5567
f 4316//5568 4315//5566 4593//5567
f 4320//5569 4316//5568 4584//5570
f 4321//5571 4320//5569 4585//5572
f 4321//5571 4586//5573 4587//5574
f 4321//5571 4587//5574 4588//5575
f 4588//5575 4323//5576 4321//5571
f 4323//5576 4588//5575 4589//5577
f 4323//5576 4589//5577 4600//5578
f 4600//5578 4325//5579 4323//5576
f 4585//5572 4586//5573 4321//5571
f 4584//5570 4585//5572 4320//5569
f 4583//5580 4584//5570 4316//5568
f 4593//5567 4583//5580 4316//5568
f 4582//5560 4590//5581 4594//5564
f 4591//5582 4594//5564 4590//5581
f 4594//5564 4591//5582 4592//5583
f 4595//5565 4592//5583 4593//5567
f 4592//5583 4595//5565 4594//5564
f 4754//5584 4592//5583 4591//5582
f 4325//5579 4600//5578 4596//5585
f 4325//5579 4596//5585 4601//5586
f 4601//5586 4319//5587 4325//5579
f 4319//5587 4601//5586 4597//5588
f 4319//5587 4597//5588 4747//5589
f 4747//5589 4328//5257 4319//5587
f 4328//5257 4602//5590 4340//5259
f 4596//5585 4598//5591 4599//5592
f 4601//5586 4599//5592 4597//5588
f 4599//5592 4601//5586 4596//5585
f 4746//5593 4599//5592 4598//5591
f 4596//5585 4600//5578 4598//5591
f 4340//5259 4602//5590 4612//5594
f 4612//5594 4332//5595 4340//5259
f 4332//5595 4612//5594 4614//5596
f 4332//5595 4614//5596 4611//5597
f 4333//5598 4332//5595 4611//5597
f 4335//5599 4333//5598 4604//5600
f 4606//5601 4337//5602 4335//5599
f 4337//5602 4606//5601 4607//5603
f 4607//5603 4339//5604 4337//5602
f 4339//5604 4607//5603 4608//5605
f 4339//5604 4608//5605 4619//5606
f 4619//5606 4343//5607 4339//5604
f 4605//5608 4606//5601 4335//5599
f 4604//5600 4605//5608 4335//5599
f 4603//5609 4604//5600 4333//5598
f 4611//5597 4603//5609 4333//5598
f 4612//5594 4602//5590 4613//5610
f 4612//5594 4613//5610 4614//5596
f 4614//5596 4610//5611 4611//5597
f 4610//5611 4614//5596 4613//5610
f 4609//5612 4610//5611 4613//5610
f 4343//5607 4615//5613 4616//5614
f 4616//5614 4346//5615 4343//5607
f 4619//5606 4615//5613 4343//5607
f 4615//5613 4619//5606 4617//5616
f 4620//5617 4617//5616 4618//5618
f 4615//5613 4617//5616 4620//5617
f 4615//5613 4620//5617 4616//5614
f 4730//5619 4618//5618 4617//5616
f 4348//5620 4346//5615 4616//5614
f 4417//5621 4348//5620 4630//5622
f 4627//5623 4630//5622 4348//5620
f 4616//5614 4627//5623 4348//5620
f 4417//5621 4630//5622 4621//5624
f 4414//5625 4621//5624 4622//5626
f 4414//5625 4622//5626 4623//5627
f 4415//5628 4623//5627 4624//5629
f 4415//5628 4624//5629 4625//5630
f 4419//5631 4625//5630 4626//5632
f 4635//5633 4411//5634 4419//5631
f 4625//5630 4419//5631 4415//5628
f 4623//5627 4415//5628 4414//5625
f 4621//5624 4414//5625 4417//5621
f 4618//5618 4628//5635 4627//5623
f 4630//5622 4627//5623 4629//5636
f 4629//5636 4627//5623 4628//5635
f 4628//5635 4618//5618 4730//5619
f 4351//5637 4636//5638 4634//5639
f 4351//5637 4411//5634 4636//5638
f 4635//5633 4636//5638 4411//5634
f 4632//5640 4631//5641 4636//5638
f 4636//5638 4633//5642 4634//5639
f 4636//5638 4635//5633 4632//5640
f 4633//5642 4636//5638 4631//5641
f 4351//5637 4634//5639 4647//5643
f 4647//5643 4358//5644 4351//5637
f 4358//5644 4647//5643 4646//5645
f 4646//5645 4370//5646 4358//5644
f 4370//5646 4646//5645 4648//5647
f 4368//5648 4370//5646 4648//5647
f 4366//5649 4368//5648 4638//5650
f 4362//5651 4366//5649 4639//5652
f 4362//5651 4640//5653 4641//5654
f 4362//5651 4641//5654 4642//5655
f 4642//5655 4364//5656 4362//5651
f 4364//5656 4642//5655 4643//5657
f 4364//5656 4643//5657 4654//5658
f 4654//5658 4365//5659 4364//5656
f 4639//5652 4640//5653 4362//5651
f 4638//5650 4639//5652 4366//5649
f 4637//5660 4638//5650 4368//5648
f 4648//5647 4637//5660 4368//5648
f 4646//5645 4647//5643 4633//5642
f 4645//5661 4633//5642 4631//5641
f 4646//5645 4645//5661 4644//5662
f 4646//5645 4644//5662 4648//5647
f 4633//5642 4647//5643 4634//5639
f 4633//5642 4645//5661 4646//5645
f 4365//5659 4654//5658 4649//5663
f 4365//5659 4649//5663 4655//5664
f 4655//5664 4360//5665 4365//5659
f 4360//5665 4655//5664 4650//5666
f 4360//5665 4650//5666 4710//5667
f 4710//5667 4374//5284 4360//5665
f 4374//5284 4656//5668 4375//5285
f 4649//5663 4652//5669 4653//5670
f 4655//5664 4653//5670 4650//5666
f 4653//5670 4655//5664 4649//5663
f 4651//5671 4653//5670 4652//5669
f 4649//5663 4654//5658 4652//5669
f 4375//5285 4656//5668 4668//5672
f 4668//5672 4388//5673 4375//5285
f 4388//5673 4668//5672 4670//5674
f 4388//5673 4670//5674 4667//5675
f 4390//5676 4388//5673 4667//5675
f 4389//5677 4390//5676 4658//5678
f 4389//5677 4660//5679 4661//5680
f 4661//5680 4386//5681 4389//5677
f 4386//5681 4661//5680 4662//5682
f 4662//5682 4377//5683 4386//5681
f 4377//5683 4662//5682 4663//5684
f 4377//5683 4663//5684 4664//5685
f 4664//5685 4380//5686 4377//5683
f 4659//5687 4660//5679 4389//5677
f 4658//5678 4659//5687 4389//5677
f 4657//5688 4658//5678 4390//5676
f 4667//5675 4657//5688 4390//5676
f 4668//5672 4656//5668 4669//5689
f 4668//5672 4669//5689 4670//5674
f 4670//5674 4666//5690 4667//5675
f 4666//5690 4670//5674 4669//5689
f 4665//5691 4666//5690 4669//5689
f 4380//5686 4664//5685 4671//5692
f 4380//5686 4671//5692 4676//5693
f 4676//5693 4384//5694 4380//5686
f 4384//5694 4676//5693 4674//5695
f 4384//5694 4674//5695 4697//5696
f 4697//5696 4381//5288 4384//5694
f 4381//5288 4684//5697 4397//5298
f 4675//5698 4673//5699 4672//5700
f 4672//5700 4674//5695 4676//5693
f 4672//5700 4676//5693 4675//5698
f 4699//5701 4672//5700 4673//5699
f 4675//5698 4671//5692 4664//5685
f 4675//5698 4676//5693 4671//5692
f 4397//5298 4684//5697 4686//5702
f 4686//5702 4396//5703 4397//5298
f 4396//5703 4686//5702 4688//5704
f 4396//5703 4688//5704 4685//5705
f 4398//5706 4396//5703 4685//5705
f 4401//5707 4398//5706 4678//5708
f 4403//5709 4401//5707 4679//5710
f 4403//5709 4680//5711 4681//5712
f 4403//5709 4681//5712 4682//5713
f 4682//5713 4400//5714 4403//5709
f 4400//5714 4682//5713 4683//5715
f 4400//5714 4683//5715 4692//5716
f 4692//5716 4394//5717 4400//5714
f 4679//5710 4680//5711 4403//5709
f 4678//5708 4679//5710 4401//5707
f 4677//5718 4678//5708 4398//5706
f 4685//5705 4677//5718 4398//5706
f 4700//5719 4686//5702 4687//5720
f 4684//5697 4687//5720 4686//5702
f 4686//5702 4700//5719 4717//5721
f 4686//5702 4685//5705 4688//5704
f 4717//5721 4685//5705 4686//5702
f 4394//5717 4692//5716 4689//5722
f 4689//5722 4253//5450 4394//5717
f 4253//5450 4689//5722 4502//5451
f 4693//5723 4695//5724 4692//5716
f 4692//5716 4695//5724 4689//5722
f 4695//5724 4693//5723 4694//5725
f 4502//5451 4689//5722 4694//5725
f 4695//5724 4694//5725 4689//5722
f 4690//5726 4694//5725 4693//5723
f 4691//5727 4690//5726 4693//5723
f 4696//5728 4697//5696 4672//5700
f 4674//5695 4672//5700 4697//5696
f 4696//5728 4672//5700 4699//5701
f 4697//5696 4696//5728 4700//5719
f 4700//5719 4687//5720 4697//5696
f 4381//5288 4697//5696 4684//5697
f 4697//5696 4687//5720 4684//5697
f 4696//5728 4698//5729 4716//5730
f 4698//5729 4696//5728 4704//5731
f 4716//5730 4698//5729 4711//5732
f 4701//5733 4698//5729 4704//5731
f 4716//5730 4700//5719 4696//5728
f 4699//5701 4704//5731 4696//5728
f 4675//5698 4664//5685 4703//5734
f 4664//5685 4663//5684 4703//5734
f 4663//5684 4662//5682 4704//5731
f 4662//5682 4661//5680 4705//5735
f 4661//5680 4660//5679 4705//5735
f 4660//5679 4659//5687 4706//5736
f 4659//5687 4658//5678 4707//5737
f 4658//5678 4657//5688 4707//5737
f 4657//5688 4667//5675 4666//5690
f 4673//5699 4703//5734 4699//5701
f 4704//5731 4705//5735 4701//5733
f 4705//5735 4706//5736 4702//5738
f 4707//5737 4666//5690 4665//5691
f 4707//5737 4702//5738 4706//5736
f 4702//5738 4701//5733 4705//5735
f 4704//5731 4699//5701 4703//5734
f 4666//5690 4707//5737 4657//5688
f 4707//5737 4706//5736 4659//5687
f 4706//5736 4705//5735 4660//5679
f 4705//5735 4704//5731 4662//5682
f 4704//5731 4703//5734 4663//5684
f 4703//5734 4673//5699 4675//5698
f 4707//5737 4665//5691 4708//5739
f 4707//5737 4709//5740 4702//5738
f 4709//5740 4708//5739 4724//5741
f 4707//5737 4708//5739 4709//5740
f 4651//5671 4724//5741 4708//5739
f 4710//5667 4708//5739 4669//5689
f 4710//5667 4669//5689 4656//5668
f 4374//5284 4710//5667 4656//5668
f 4710//5667 4650//5666 4653//5670
f 4708//5739 4653//5670 4651//5671
f 4653//5670 4708//5739 4710//5667
f 4665//5691 4669//5689 4708//5739
f 4692//5716 4683//5715 4712//5742
f 4683//5715 4682//5713 4713//5743
f 4682//5713 4681//5712 4713//5743
f 4681//5712 4680//5711 4714//5744
f 4680//5711 4679//5710 4715//5745
f 4679//5710 4678//5708 4715//5745
f 4678//5708 4677//5718 4716//5730
f 4677//5718 4685//5705 4717//5721
f 4714//5744 4715//5745 4711//5732
f 4716//5730 4717//5721 4700//5719
f 4716//5730 4711//5732 4715//5745
f 4713//5743 4691//5727 4712//5742
f 4712//5742 4691//5727 4693//5723
f 4717//5721 4716//5730 4677//5718
f 4716//5730 4715//5745 4678//5708
f 4715//5745 4714//5744 4680//5711
f 4714//5744 4713//5743 4681//5712
f 4713//5743 4712//5742 4683//5715
f 4712//5742 4693//5723 4692//5716
f 4719//5746 4772//5747 4510//5472
f 4718//5748 4720//5749 4772//5747
f 4718//5748 4719//5746 4713//5743
f 4772//5747 4719//5746 4718//5748
f 4691//5727 4713//5743 4719//5746
f 4713//5743 4714//5744 4718//5748
f 4721//5452 4502//5451 4694//5725
f 4719//5746 4721//5452 4690//5726
f 4694//5725 4690//5726 4721//5452
f 4719//5746 4690//5726 4691//5727
f 4721//5452 4719//5746 4515//5470
f 4515//5470 4513//5471 4721//5452
f 4254//5219 4721//5452 4503//5453
f 4721//5452 4513//5471 4503//5453
f 4510//5472 4515//5470 4719//5746
f 4637//5660 4648//5647 4644//5662
f 4654//5658 4643//5657 4723//5750
f 4643//5657 4642//5655 4724//5741
f 4642//5655 4641//5654 4724//5741
f 4641//5654 4640//5653 4725//5751
f 4640//5653 4639//5652 4725//5751
f 4639//5652 4638//5650 4726//5752
f 4638//5650 4637//5660 4728//5753
f 4728//5753 4644//5662 4645//5661
f 4652//5669 4723//5750 4651//5671
f 4724//5741 4725//5751 4709//5740
f 4728//5753 4645//5661 4631//5641
f 4631//5641 4727//5754 4728//5753
f 4724//5741 4651//5671 4723//5750
f 4726//5752 4722//5755 4725//5751
f 4722//5755 4709//5740 4725//5751
f 4644//5662 4728//5753 4637//5660
f 4728//5753 4727//5754 4638//5650
f 4727//5754 4726//5752 4638//5650
f 4726//5752 4725//5751 4639//5652
f 4725//5751 4724//5741 4641//5654
f 4724//5741 4723//5750 4643//5657
f 4723//5750 4652//5669 4654//5658
f 4726//5752 4729//5756 4722//5755
f 4743//5757 4729//5756 4735//5758
f 4727//5754 4729//5756 4726//5752
f 4736//5759 4743//5757 4735//5758
f 4635//5633 4419//5631 4731//5760
f 4622//5626 4621//5624 4732//5761
f 4621//5624 4630//5622 4629//5636
f 4626//5632 4625//5630 4731//5760
f 4625//5630 4624//5629 4733//5762
f 4624//5629 4623//5627 4734//5763
f 4623//5627 4622//5626 4735//5758
f 4732//5761 4621//5624 4736//5759
f 4736//5759 4629//5636 4628//5635
f 4632//5640 4731//5760 4727//5754
f 4733//5762 4734//5763 4729//5756
f 4736//5759 4628//5635 4730//5619
f 4631//5641 4632//5640 4727//5754
f 4735//5758 4729//5756 4734//5763
f 4736//5759 4735//5758 4732//5761
f 4733//5762 4729//5756 4731//5760
f 4729//5756 4727//5754 4731//5760
f 4629//5636 4736//5759 4621//5624
f 4732//5761 4735//5758 4622//5626
f 4735//5758 4734//5763 4623//5627
f 4734//5763 4733//5762 4624//5629
f 4733//5762 4731//5760 4625//5630
f 4731//5760 4632//5640 4635//5633
f 4626//5632 4731//5760 4419//5631
f 4620//5617 4627//5623 4616//5614
f 4620//5617 4618//5618 4627//5623
f 4619//5606 4608//5605 4737//5764
f 4608//5605 4607//5603 4738//5765
f 4607//5603 4606//5601 4739//5766
f 4606//5601 4605//5608 4740//5767
f 4605//5608 4604//5600 4741//5768
f 4604//5600 4603//5609 4742//5769
f 4603//5609 4611//5597 4610//5611
f 4730//5619 4737//5764 4736//5759
f 4739//5766 4740//5767 4743//5757
f 4742//5769 4610//5611 4609//5612
f 4743//5757 4736//5759 4737//5764
f 4739//5766 4743//5757 4738//5765
f 4743//5757 4737//5764 4738//5765
f 4737//5764 4730//5619 4617//5616
f 4610//5611 4742//5769 4603//5609
f 4742//5769 4741//5768 4604//5600
f 4741//5768 4740//5767 4605//5608
f 4740//5767 4739//5766 4606//5601
f 4739//5766 4738//5765 4607//5603
f 4738//5765 4737//5764 4608//5605
f 4737//5764 4617//5616 4619//5606
f 4744//5770 4740//5767 4741//5768
f 4744//5770 4745//5771 4750//5772
f 4742//5769 4609//5612 4745//5771
f 4741//5768 4745//5771 4744//5770
f 4745//5771 4746//5593 4750//5772
f 4741//5768 4742//5769 4745//5771
f 4748//5773 4744//5770 4750//5772
f 4747//5589 4745//5771 4613//5610
f 4747//5589 4613//5610 4602//5590
f 4328//5257 4747//5589 4602//5590
f 4747//5589 4597//5588 4599//5592
f 4745//5771 4599//5592 4746//5593
f 4599//5592 4745//5771 4747//5589
f 4609//5612 4613//5610 4745//5771
f 4600//5578 4589//5577 4749//5774
f 4589//5577 4588//5575 4750//5772
f 4588//5575 4587//5574 4750//5772
f 4587//5574 4586//5573 4751//5775
f 4586//5573 4585//5572 4751//5775
f 4585//5572 4584//5570 4752//5776
f 4584//5570 4583//5580 4753//5777
f 4583//5580 4593//5567 4592//5583
f 4750//5772 4751//5775 4748//5773
f 4598//5591 4749//5774 4746//5593
f 4750//5772 4746//5593 4749//5774
f 4752//5776 4748//5773 4751//5775
f 4592//5583 4754//5584 4583//5580
f 4754//5584 4753//5777 4583//5580
f 4753//5777 4752//5776 4584//5570
f 4752//5776 4751//5775 4585//5572
f 4751//5775 4750//5772 4587//5574
f 4750//5772 4749//5774 4589//5577
f 4749//5774 4598//5591 4600//5578
f 4753//5777 4760//5778 4755//5779
f 4591//5582 4753//5777 4754//5584
f 4591//5582 4575//5563 4753//5777
f 4753//5777 4575//5563 4760//5778
f 4755//5779 4752//5776 4753//5777
f 4760//5778 4761//5780 4755//5779
f 4757//5559 4756//5781 4309//5247
f 4591//5582 4590//5581 4756//5781
f 4309//5247 4756//5781 4590//5581
f 4590//5581 4582//5560 4309//5247
f 4756//5781 4579//5558 4578//5562
f 4756//5781 4578//5562 4575//5563
f 4591//5582 4756//5781 4575//5563
f 4579//5558 4756//5781 4757//5559
f 4576//5547 4567//5546 4759//5782
f 4567//5546 4566//5544 4760//5778
f 4566//5544 4565//5542 4761//5780
f 4565//5542 4564//5541 4762//5783
f 4564//5541 4563//5549 4762//5783
f 4563//5549 4562//5540 4763//5784
f 4562//5540 4561//5550 4763//5784
f 4561//5550 4570//5537 4569//5554
f 4762//5783 4763//5784 4764//5785
f 4763//5784 4569//5554 4568//5553
f 4568//5553 4764//5785 4763//5784
f 4760//5778 4575//5563 4759//5782
f 4764//5785 4758//5786 4762//5783
f 4758//5786 4761//5780 4762//5783
f 4759//5782 4575//5563 4577//5561
f 4569//5554 4763//5784 4561//5550
f 4763//5784 4762//5783 4563//5549
f 4762//5783 4761//5780 4565//5542
f 4761//5780 4760//5778 4566//5544
f 4760//5778 4759//5782 4567//5546
f 4759//5782 4577//5561 4576//5547
f 4765//5787 4766//5788 4783//5789
f 4766//5788 4764//5785 4568//5553
f 4764//5785 4766//5788 4765//5787
f 4784//5790 4765//5787 4783//5789
f 4758//5786 4764//5785 4765//5787
f 4558//5530 4783//5789 4766//5788
f 4767//5528 4554//5527 4559//5532
f 4766//5788 4767//5528 4556//5533
f 4559//5532 4556//5533 4767//5528
f 4766//5788 4556//5533 4558//5530
f 4767//5528 4766//5788 4574//5551
f 4574//5551 4572//5552 4767//5528
f 4293//5238 4767//5528 4555//5529
f 4767//5528 4572//5552 4555//5529
f 4568//5553 4574//5551 4766//5788
f 4522//5466 4509//5465 4769//5791
f 4509//5465 4508//5463 4769//5791
f 4508//5463 4507//5461 4770//5792
f 4507//5461 4506//5468 4771//5793
f 4506//5468 4505//5460 4772//5747
f 4505//5460 4504//5469 4772//5747
f 4504//5469 4511//5456 4773//5473
f 4770//5792 4771//5793 4768//5794
f 4518//5480 4769//5791 4774//5795
f 4769//5791 4770//5792 4768//5794
f 4768//5794 4771//5793 4720//5749
f 4771//5793 4772//5747 4720//5749
f 4510//5472 4772//5747 4773//5473
f 4768//5794 4774//5795 4769//5791
f 4769//5791 4518//5480 4519//5477
f 4773//5473 4772//5747 4504//5469
f 4772//5747 4771//5793 4506//5468
f 4771//5793 4770//5792 4507//5461
f 4770//5792 4769//5791 4508//5463
f 4769//5791 4519//5477 4522//5466
f 4786//5796 4779//5797 4775//5798
f 4776//5799 4774//5795 4768//5794
f 4779//5797 4776//5799 4775//5798
f 4537//5493 4409//5491 4777//5800
f 4525//5486 4524//5484 4778//5801
f 4524//5484 4532//5482 4531//5496
f 4529//5492 4528//5490 4779//5797
f 4528//5490 4527//5489 4780//5802
f 4527//5489 4526//5488 4781//5803
f 4526//5488 4525//5486 4781//5803
f 4778//5801 4531//5496 4530//5495
f 4777//5800 4779//5797 4786//5796
f 4781//5803 4778//5801 4774//5795
f 4535//5501 4777//5800 4786//5796
f 4779//5797 4780//5802 4776//5799
f 4780//5802 4781//5803 4776//5799
f 4774//5795 4530//5495 4518//5480
f 4534//5521 4535//5501 4786//5796
f 4530//5495 4774//5795 4778//5801
f 4774//5795 4776//5799 4781//5803
f 4777//5800 4535//5501 4536//5500
f 4531//5496 4778//5801 4524//5484
f 4778//5801 4781//5803 4525//5486
f 4781//5803 4780//5802 4527//5489
f 4780//5802 4779//5797 4528//5490
f 4779//5797 4777//5800 4529//5492
f 4777//5800 4536//5500 4537//5493
f 4529//5492 4777//5800 4409//5491
f 4540//5509 4552//5507 4548//5523
f 4557//5519 4546//5518 4782//5804
f 4546//5518 4545//5516 4783//5789
f 4545//5516 4544//5515 4783//5789
f 4544//5515 4543//5514 4784//5790
f 4543//5514 4542//5513 4785//5805
f 4542//5513 4541//5510 4785//5805
f 4541//5510 4540//5509 4787//5806
f 4787//5806 4548//5523 4547//5524
f 4784//5790 4785//5805 4775//5798
f 4785//5805 4786//5796 4775//5798
f 4787//5806 4547//5524 4534//5521
f 4534//5521 4786//5796 4787//5806
f 4783//5789 4558//5530 4782//5804
f 4548//5523 4787//5806 4540//5509
f 4787//5806 4786//5796 4541//5510
f 4786//5796 4785//5805 4541//5510
f 4785//5805 4784//5790 4543//5514
f 4784//5790 4783//5789 4544//5515
f 4783//5789 4782//5804 4546//5518
f 4782//5804 4558//5530 4557//5519
f 4359//5277 4801//5807 4353//5270
f 4382//5289 4790//5808 4383//5290
f 4791//5809 4382//5289 4256//5221
f 4255//5220 4271//5810 4792//5811
f 4793//5812 4271//5227 4273//5228
f 4273//5228 4794//5813 4793//5812
f 4794//5813 4273//5228 4275//5814
f 4275//5814 4285//5815 4795//5816
f 4285//5815 4796//5817 4795//5816
f 4796//5817 4285//5815 4296//5818
f 4311//5246 4797//5819 4296//5241
f 4798//5820 4311//5246 4310//5821
f 4310//5821 4799//5822 4798//5820
f 4800//5823 4310//5821 4248//5824
f 4248//5824 4788//5825 4800//5823
f 4310//5821 4800//5823 4799//5822
f 4311//5246 4798//5820 4797//5819
f 4382//5289 4791//5809 4790//5808
f 4376//5286 4383//5826 4789//5827
f 4832//5828 4801//5807 4359//5277
f 4802//5829 4359//5277 4373//5283
f 4803//5830 4373//5283 4376//5286
f 4804//5831 4376//5286 4789//5827
f 4805//5832 4789//5827 4383//5826
f 4806//5833 4383//5826 4790//5834
f 4807//5835 4790//5834 4791//5809
f 4808//5836 4791//5809 4256//5221
f 4809//5837 4256//5221 4252//5217
f 4810//5838 4252//5217 4255//5220
f 4811//5839 4255//5220 4792//5811
f 4812//5840 4792//5811 4271//5810
f 4813//5841 4271//5810 4793//5842
f 4814//5843 4793//5842 4794//5813
f 4815//5844 4794//5813 4275//5814
f 4816//5845 4275//5814 4795//5816
f 4817//5846 4795//5816 4796//5817
f 4818//5847 4796//5817 4296//5818
f 4819//5848 4296//5818 4797//5849
f 4820//5850 4797//5849 4798//5851
f 4821//5852 4798//5851 4799//5853
f 4822//5854 4799//5853 4800//5855
f 4823//5856 4800//5855 4788//5825
f 4788//5825 4824//5857 4823//5856
f 4800//5855 4823//5856 4822//5854
f 4799//5853 4822//5854 4821//5852
f 4798//5851 4821//5852 4820//5850
f 4797//5849 4820//5850 4819//5848
f 4296//5818 4819//5848 4818//5847
f 4796//5817 4818//5847 4817//5846
f 4795//5816 4817//5846 4816//5845
f 4275//5814 4816//5845 4815//5844
f 4794//5813 4815//5844 4814//5843
f 4793//5842 4814//5843 4813//5841
f 4271//5810 4813//5841 4812//5840
f 4792//5811 4812//5840 4811//5839
f 4255//5220 4811//5839 4810//5838
f 4252//5217 4810//5838 4809//5837
f 4256//5221 4809//5837 4808//5836
f 4791//5809 4808//5836 4807//5835
f 4790//5834 4807//5835 4806//5833
f 4383//5826 4806//5833 4805//5832
f 4789//5827 4805//5832 4804//5831
f 4376//5286 4804//5831 4803//5830
f 4373//5283 4803//5830 4802//5829
f 4359//5277 4802//5829 4832//5828
f 4826//5858 4824//5857 4788//5825
f 4788//5825 4247//5212 4826//5858
f 4826//5858 4825//5859 4824//5857
f 4823//5856 4824//5857 4825//5859
f 4827//5860 4816//5845 4817//5846
f 4816//5845 4827//5860 4815//5844
f 4828//5861 4813//5841 4814//5843
f 4813//5841 4828//5861 4812//5840
f 4829//5862 4809//5863 4810//5864
f 4808//5836 4829//5862 4807//5835
f 4830//5865 4804//5866 4805//5867
f 4803//5830 4830//5865 4802//5829
f 4831//5868 4832//5828 4802//5869
f 4830//5865 4803//5830 4804//5866
f 4807//5835 4805//5832 4806//5833
f 4829//5862 4808//5836 4809//5863
f 4812//5840 4810//5838 4811//5839
f 4815//5844 4828//5861 4814//5843
f 4818//5847 4827//5860 4817//5846
f 4822//5854 4820//5850 4821//5852
f 4825//5859 4822//5854 4823//5856
f 4832//5828 4833//5870 4354//5275
f 4354//5275 4801//5807 4832//5828
f 4832//5828 4831//5868 4833//5870
f 4788//5825 4248//5824 4247//5212
f 4826//5858 4247//5212 4251//5209
f 4834//5871 4251//5209 4242//5207
f 4835//5872 4242//5207 4241//5206
f 4836//5873 4241//5206 4246//5211
f 4837//5874 4246//5211 4240//5203
f 4838//5875 4240//5203 4239//5205
f 4839//5876 4239//5205 4354//5275
f 4354//5275 4833//5870 4839//5876
f 4239//5205 4839//5876 4838//5875
f 4240//5203 4838//5875 4837//5874
f 4246//5211 4837//5874 4836//5873
f 4241//5206 4836//5873 4835//5872
f 4242//5207 4835//5872 4834//5871
f 4251//5209 4834//5871 4826//5858
f 4354//5275 4353//5270 4801//5807
f 4861//5877 4840//5878 4698//5879
f 4840//5878 4841//5880 4711//5732
f 4841//5880 4714//5744 4711//5732
f 4714//5744 4841//5880 4842//5881
f 4718//5748 4714//5744 4842//5881
f 4842//5881 4843//5882 4718//5748
f 4843//5882 4844//5883 4768//5794
f 4844//5883 4845//5884 4776//5799
f 4845//5884 4846//5885 4775//5798
f 4784//5790 4775//5798 4846//5885
f 4846//5885 4847//5886 4784//5790
f 4847//5886 4848//5887 4784//5790
f 4848//5887 4849//5888 4758//5786
f 4761//5780 4758//5786 4849//5888
f 4849//5888 5109//5889 4761//5780
f 4755//5890 4761//5780 5109//5889
f 5109//5889 4850//5891 4755//5890
f 4850//5891 4851//5892 4752//5776
f 4851//5892 4748//5773 4752//5776
f 4748//5773 4851//5892 4852//5893
f 4852//5893 4853//5894 4744//5895
f 4853//5894 4854//5896 4744//5895
f 4743//5757 4740//5767 4854//5896
f 4854//5896 4855//5897 4743//5757
f 4855//5897 4856//5898 4729//5756
f 4856//5898 4857//5899 4722//5755
f 4709//5740 4722//5755 4857//5899
f 4857//5899 4858//5900 4709//5740
f 4858//5900 4859//5901 4709//5740
f 4859//5901 4860//5902 4702//5738
f 4860//5902 4701//5733 4702//5738
f 4860//5902 4861//5877 4701//5733
f 4702//5738 4709//5740 4859//5901
f 4722//5755 4729//5756 4856//5898
f 4729//5756 4743//5757 4855//5897
f 4740//5767 4744//5895 4854//5896
f 4744//5895 4748//5773 4852//5893
f 4752//5776 4755//5890 4850//5891
f 4758//5786 4765//5787 4848//5887
f 4765//5787 4784//5790 4848//5887
f 4775//5798 4776//5799 4845//5884
f 4776//5799 4768//5794 4844//5883
f 4768//5794 4720//5749 4843//5882
f 4720//5749 4718//5748 4843//5882
f 4711//5732 4698//5879 4840//5878
f 4698//5879 4701//5733 4861//5877
f 4848//5903 4847//5886 4862//5904
f 4865//5905 4866//5906 5134//5907
f 4848//5903 5134//5907 4863//5908
f 4862//5904 5134//5907 4848//5903
f 4864//5909 4863//5908 5134//5907
f 4862//5904 4865//5905 5134//5907
f 4849//5888 4848//5903 4863//5908
f 4870//5910 4845//5884 4844//5883
f 4846//5885 4845//5884 4869//5911
f 4867//5912 4845//5884 4870//5910
f 4868//5913 4846//5885 4869//5911
f 4871//5914 4872//5915 4976//5916
f 4871//5914 4843//5882 4842//5881
f 4843//5882 4976//5916 4873//5917
f 4871//5914 4976//5916 4843//5882
f 4874//5918 4873//5917 4976//5916
f 4875//5919 4840//5920 4861//5877
f 4841//5880 4840//5920 4876//5921
f 4942//5922 4877//5923 4876//5921
f 4875//5919 4878//5924 4942//5922
f 4876//5921 4840//5920 4942//5922
f 4875//5919 4942//5922 4840//5920
f 4880//5925 4928//5926 4859//5901
f 4859//5901 4928//5926 4879//5927
f 4928//5926 4880//5925 4882//5928
f 4858//5900 4880//5925 4859//5901
f 4881//5929 4879//5927 4928//5926
f 4879//5927 4860//5902 4859//5901
f 4883//5930 5015//5931 4855//5897
f 4856//5898 4884//5932 4857//5899
f 5015//5931 4856//5898 4855//5897
f 4885//5933 5066//5934 4853//5894
f 4853//5894 5066//5934 4886//5935
f 4853//5894 4852//5893 4885//5933
f 4854//5896 4853//5894 4886//5935
f 5066//5934 4885//5933 4888//5936
f 4887//5937 4886//5935 5066//5934
f 4890//5938 5101//5939 5099//5940
f 4890//5938 4891//5941 4889//5942
f 4890//5938 4889//5942 4850//5943
f 5099//5940 4891//5941 4890//5938
f 4850//5943 5109//5889 4890//5938
f 4889//5942 4851//5892 4850//5943
f 4878//5924 4875//5919 4894//5944
f 4875//5919 4861//5877 4895//5945
f 4879//5927 4881//5929 4896//5946
f 4896//5946 4881//5929 4892//5947
f 4893//5948 4894//5944 4897//5949
f 4894//5944 4875//5919 4897//5949
f 4875//5919 4895//5945 4898//5950
f 4895//5945 4860//5902 4900//5951
f 4860//5902 4879//5927 4901//5952
f 4879//5927 4896//5946 4903//5953
f 4896//5946 4892//5947 4907//5954
f 4897//5949 4923//5955 4893//5948
f 4907//5954 4903//5953 4896//5946
f 4903//5953 4902//5956 4879//5927
f 4902//5956 4901//5952 4879//5927
f 4901//5952 4900//5951 4860//5902
f 4900//5951 4899//5957 4895//5945
f 4899//5957 4898//5950 4895//5945
f 4898//5950 4897//5949 4875//5919
f 4860//5902 4895//5945 4861//5877
f 4904//5958 4907//5954 4892//5947
f 4904//5958 4892//5947 4905//5959
f 4906//5960 4905//5959 4908//5961
f 4905//5959 4906//5960 4904//5958
f 4881//5929 4905//5959 4892//5947
f 4909//5962 4907//5954 4904//5958
f 4910//5963 4909//5962 4904//5958
f 4910//5963 4904//5958 4906//5960
f 4910//5963 4906//5960 4908//5961
f 4910//5963 4908//5961 4911//5964
f 4911//5964 4912//5965 4910//5963
f 4912//5965 4932//5966 4913//5967
f 4914//5968 4924//5969 4923//5955
f 4915//5970 4914//5968 4898//5950
f 4916//5971 4915//5970 4899//5957
f 4916//5971 4900//5951 4901//5952
f 4916//5971 4901//5952 4902//5956
f 4902//5956 4917//5972 4916//5971
f 4917//5972 4902//5956 4903//5953
f 4917//5972 4903//5953 4907//5954
f 4907//5954 4909//5962 4917//5972
f 4899//5957 4900//5951 4916//5971
f 4898//5950 4899//5957 4915//5970
f 4897//5949 4898//5950 4914//5968
f 4923//5955 4897//5949 4914//5968
f 4918//5973 4921//5974 4920//5975
f 4919//5976 4921//5974 4918//5973
f 4920//5975 4878//5924 4894//5944
f 4923//5955 4922//5977 4920//5975
f 4920//5975 4893//5948 4923//5955
f 4894//5944 4893//5948 4920//5975
f 4920//5975 4921//5974 4878//5924
f 4920//5975 4922//5977 4918//5973
f 4919//5976 4918//5973 4922//5977
f 4922//5977 4924//5969 4919//5976
f 4924//5969 4922//5977 4923//5955
f 4948//5978 4925//5979 4926//5980
f 4926//5980 4927//5981 4948//5978
f 4928//5926 4911//5964 4905//5959
f 4928//5926 4905//5959 4881//5929
f 4911//5964 4928//5926 4933//5982
f 4911//5964 4933//5982 4932//5966
f 4912//5965 4911//5964 4932//5966
f 4882//5928 4933//5982 4928//5926
f 4908//5961 4905//5959 4911//5964
f 4930//5983 4931//5984 4933//5982
f 4931//5984 4932//5966 4933//5982
f 4930//5983 4933//5982 4882//5928
f 4930//5983 4929//5985 4934//5986
f 4882//5928 4929//5985 4930//5983
f 4913//5967 4932//5966 4931//5984
f 4913//5967 4931//5984 4930//5983
f 4930//5983 4935//5987 4913//5967
f 4935//5987 4930//5983 4934//5986
f 4936//5988 4935//5987 4934//5986
f 4937//5989 4936//5988 4993//5990
f 4995//5991 4938//5992 4937//5989
f 4938//5992 4995//5991 4996//5993
f 4996//5993 4939//5994 4938//5992
f 4939//5994 4996//5993 4997//5995
f 4939//5994 4997//5995 5003//5996
f 5003//5996 4940//5997 4939//5994
f 4994//5998 4995//5991 4937//5989
f 4993//5990 4994//5998 4937//5989
f 4992//5999 4993//5990 4936//5988
f 4934//5986 4992//5999 4936//5988
f 4926//5980 4942//5922 4878//5924
f 4878//5924 4921//5974 4926//5980
f 4927//5981 4926//5980 4921//5974
f 4921//5974 4919//5976 4927//5981
f 4926//5980 4925//5979 4941//6000
f 4942//5922 4926//5980 4941//6000
f 4942//5922 4941//6000 4877//5923
f 4943//6001 4944//6002 4946//6003
f 4944//6002 4941//6000 4946//6003
f 4946//6003 4941//6000 4925//5979
f 4877//5923 4941//6000 4944//6002
f 4944//6002 4943//6001 4945//6004
f 4947//6005 4945//6004 4943//6001
f 4947//6005 4943//6001 4946//6003
f 4946//6003 4948//5978 4947//6005
f 4946//6003 4925//5979 4948//5978
f 4871//5914 4842//5881 4951//6006
f 4842//5881 4841//5880 4952//6007
f 4876//5921 4877//5923 4953//6008
f 4953//6008 4877//5923 4944//6002
f 4949//6009 4871//5914 4954//6010
f 4871//5914 4951//6006 4956//6011
f 4951//6006 4952//6007 4957//6012
f 4952//6007 4876//5921 4959//6013
f 4876//5921 4953//6008 4960//6014
f 4953//6008 4944//6002 4945//6004
f 4954//6010 4968//6015 4949//6009
f 4945//6004 4960//6014 4953//6008
f 4960//6014 4959//6013 4876//5921
f 4959//6013 4958//6016 4952//6007
f 4958//6016 4957//6012 4952//6007
f 4957//6012 4956//6011 4951//6006
f 4956//6011 4955//6017 4871//5914
f 4955//6017 4954//6010 4871//5914
f 4871//5914 4949//6009 4950//6018
f 4876//5921 4952//6007 4841//5880
f 4952//6007 4951//6006 4842//5881
f 4871//5914 4950//6018 4872//5915
f 4961//6019 4970//6020 4968//6015
f 4962//6021 4961//6019 4955//6017
f 4962//6021 4957//6012 4958//6016
f 4958//6016 4963//6022 4962//6021
f 4963//6022 4958//6016 4959//6013
f 4959//6013 4964//6023 4963//6022
f 4964//6023 4959//6013 4960//6014
f 4964//6023 4960//6014 4945//6004
f 4945//6004 4947//6005 4964//6023
f 4956//6011 4957//6012 4962//6021
f 4955//6017 4956//6011 4962//6021
f 4954//6010 4955//6017 4961//6019
f 4968//6015 4954//6010 4961//6019
f 4872//5915 4949//6009 4965//6024
f 4949//6009 4872//5915 4950//6018
f 4968//6015 4967//6025 4949//6009
f 4965//6024 4949//6009 4967//6025
f 4965//6024 4966//6026 4872//5915
f 4969//6027 4966//6026 4965//6024
f 4969//6027 4965//6024 4967//6025
f 4967//6025 4970//6020 4969//6027
f 4970//6020 4967//6025 4968//6015
f 4982//6028 4973//6029 4971//6030
f 4971//6030 4972//6031 4982//6028
f 4972//6031 4966//6026 4969//6027
f 4975//6032 4971//6030 4976//5916
f 4975//6032 4976//5916 4872//5915
f 4872//5915 4966//6026 4975//6032
f 4972//6031 4975//6032 4966//6026
f 4976//5916 4971//6030 4974//6033
f 4971//6030 4973//6029 4974//6033
f 4974//6033 4874//5918 4976//5916
f 4971//6030 4975//6032 4972//6031
f 4979//6034 4980//6035 4974//6033
f 4979//6034 4974//6033 4973//6029
f 4973//6029 4977//6036 4979//6034
f 4980//6035 4874//5918 4974//6033
f 4979//6034 4978//6037 4980//6035
f 4979//6034 4977//6036 4978//6037
f 4982//6028 4981//6038 4978//6037
f 4982//6028 4977//6036 4973//6029
f 4978//6037 4977//6036 4982//6028
f 4983//6039 5161//6040 4984//6041
f 5151//6042 5152//6043 4983//6039
f 4985//6044 4983//6039 5152//6043
f 4986//6045 4985//6044 5153//6046
f 4986//6045 5154//6047 5155//6048
f 4986//6045 5155//6048 5156//6049
f 5156//6049 4987//6050 4986//6045
f 4987//6050 5156//6049 5157//6051
f 4987//6050 5157//6051 4978//6037
f 4978//6037 4981//6038 4987//6050
f 5153//6046 5154//6047 4986//6045
f 5152//6043 5153//6046 4985//6044
f 4984//6041 5151//6042 4983//6039
f 4857//5899 4884//5932 4989//6052
f 4989//6052 4988//6053 5002//6054
f 4929//5985 4882//5928 4992//5999
f 4882//5928 4880//5925 4992//5999
f 4880//5925 4990//6055 4994//5998
f 4990//6055 4991//6056 4995//5991
f 4991//6056 4989//6052 4996//5993
f 4989//6052 5002//6054 5003//5996
f 4992//5999 4934//5986 4929//5985
f 5003//5996 4997//5995 4989//6052
f 4997//5995 4996//5993 4989//6052
f 4996//5993 4995//5991 4991//6056
f 4995//5991 4994//5998 4990//6055
f 4994//5998 4993//5990 4880//5925
f 4993//5990 4992//5999 4880//5925
f 4991//6056 4990//6055 4857//5899
f 4988//6053 4989//6052 4884//5932
f 4989//6052 4991//6056 4857//5899
f 4857//5899 4990//6055 4858//5900
f 4990//6055 4880//5925 4858//5900
f 4940//5997 5001//6057 5004//6058
f 5004//6058 4998//6059 4940//5997
f 5004//6058 4999//6060 4998//6059
f 5003//5996 5001//6057 4940//5997
f 5001//6057 5003//5996 5002//6054
f 5001//6057 5002//6054 5000//6061
f 4999//6060 5004//6058 5000//6061
f 5001//6057 5000//6061 5004//6058
f 4988//6053 5000//6061 5002//6054
f 5009//6062 5000//6061 4988//6053
f 4999//6060 5000//6061 5009//6062
f 5005//6063 5006//6064 5007//6065
f 5006//6064 4999//6060 5009//6062
f 5007//6065 5009//6062 5008//6066
f 5008//6066 5009//6062 4988//6053
f 5009//6062 5007//6065 5006//6064
f 5006//6064 5010//6067 4998//6059
f 5006//6064 5005//6063 5010//6067
f 4999//6060 5006//6064 4998//6059
f 5010//6067 5005//6063 5019//6068
f 5011//6069 5019//6068 5020//6070
f 5011//6069 5020//6070 5021//6071
f 5012//6072 5021//6071 5022//6073
f 5012//6072 5022//6073 5023//6074
f 5012//6072 5023//6074 5024//6075
f 5024//6075 5013//6076 5012//6072
f 5021//6071 5012//6072 5011//6069
f 5019//6068 5011//6069 5010//6067
f 5008//6066 4884//5932 5016//6077
f 4884//5932 4856//5898 5017//6078
f 5015//5931 4883//5930 5018//6079
f 5007//6065 5016//6077 5019//6068
f 5016//6077 5017//6078 5020//6070
f 5017//6078 5015//5931 5022//6073
f 5015//5931 5018//6079 5023//6074
f 5018//6079 5032//6080 5025//6081
f 5024//6075 5018//6079 5013//6076
f 4884//5932 5008//6066 4988//6053
f 5014//6082 5032//6080 4883//5930
f 5025//6081 5013//6076 5018//6079
f 5020//6070 5019//6068 5016//6077
f 5019//6068 5005//6063 5007//6065
f 5024//6075 5023//6074 5018//6079
f 5023//6074 5022//6073 5015//5931
f 5022//6073 5021//6071 5017//6078
f 5021//6071 5020//6070 5017//6078
f 5032//6080 5018//6079 4883//5930
f 5016//6077 5007//6065 5008//6066
f 5017//6078 5016//6077 4884//5932
f 5015//5931 5017//6078 4856//5898
f 5025//6081 5026//6083 5013//6076
f 5029//6084 5026//6083 5028//6085
f 5028//6085 5030//6086 5029//6084
f 5027//6087 5028//6085 5026//6083
f 5025//6081 5027//6087 5026//6083
f 5027//6087 5025//6081 5032//6080
f 5030//6086 5028//6085 5031//6088
f 5028//6085 5027//6087 5031//6088
f 5031//6088 5032//6080 5014//6082
f 5032//6080 5031//6088 5027//6087
f 5031//6088 5033//6089 5030//6086
f 5037//6090 5033//6089 5035//6091
f 5037//6090 5030//6086 5033//6089
f 5038//6092 5035//6091 5034//6093
f 5033//6089 5034//6093 5035//6091
f 5036//6094 5034//6093 5033//6089
f 5031//6088 5014//6082 5033//6089
f 5033//6089 5014//6082 5036//6094
f 5029//6084 5030//6086 5037//6090
f 5029//6084 5037//6090 5035//6091
f 5035//6091 5039//6095 5029//6084
f 5039//6095 5035//6091 5038//6092
f 5036//6094 4883//5930 5041//6096
f 4883//5930 4855//5897 5042//6097
f 4886//5935 4887//5937 5044//6098
f 5042//6097 4855//5897 5043//6099
f 4855//5897 4854//5896 5043//6099
f 5044//6098 4887//5937 5040//6100
f 5034//6093 5041//6096 5045//6101
f 5041//6096 5042//6097 5046//6102
f 5042//6097 5043//6099 5047//6103
f 5043//6099 4886//5935 5049//6104
f 4886//5935 5044//6098 5051//6105
f 5044//6098 5040//6100 5060//6106
f 5014//6082 4883//5930 5036//6094
f 5045//6101 5038//6092 5034//6093
f 5060//6106 5051//6105 5044//6098
f 5051//6105 5050//6107 4886//5935
f 5050//6107 5049//6104 4886//5935
f 5049//6104 5048//6108 5043//6099
f 5048//6108 5047//6103 5043//6099
f 5047//6103 5046//6102 5042//6097
f 5046//6102 5045//6101 5041//6096
f 5041//6096 5034//6093 5036//6094
f 4886//5935 5043//6099 4854//5896
f 5042//6097 5041//6096 4883//5930
f 5052//6109 5039//6095 5038//6092
f 5053//6110 5052//6109 5046//6102
f 5054//6111 5053//6110 5047//6103
f 5054//6111 5048//6108 5049//6104
f 5054//6111 5049//6104 5050//6107
f 5050//6107 5055//6112 5054//6111
f 5055//6112 5050//6107 5051//6105
f 5055//6112 5051//6105 5060//6106
f 5060//6106 5056//6113 5055//6112
f 5047//6103 5048//6108 5054//6111
f 5046//6102 5047//6103 5053//6110
f 5045//6101 5046//6102 5052//6109
f 5038//6092 5045//6101 5052//6109
f 5057//6114 5060//6106 5040//6100
f 5057//6114 5040//6100 5058//6115
f 5059//6116 5058//6115 5061//6117
f 5058//6115 5059//6116 5057//6114
f 4887//5937 5058//6115 5040//6100
f 5056//6113 5060//6106 5057//6114
f 5062//6118 5056//6113 5057//6114
f 5062//6118 5057//6114 5059//6116
f 5062//6118 5059//6116 5061//6117
f 5062//6118 5061//6117 5063//6119
f 5063//6119 5064//6120 5062//6118
f 5064//6120 5070//6121 5065//6122
f 5066//5934 5063//6119 5058//6115
f 5066//5934 5058//6115 4887//5937
f 5063//6119 5066//5934 5071//6123
f 5063//6119 5071//6123 5070//6121
f 5064//6120 5063//6119 5070//6121
f 4888//5936 5071//6123 5066//5934
f 5061//6117 5058//6115 5063//6119
f 5068//6124 5069//6125 5071//6123
f 5069//6125 5070//6121 5071//6123
f 5068//6124 5071//6123 4888//5936
f 5068//6124 5067//6126 5072//6127
f 4888//5936 5067//6126 5068//6124
f 5065//6122 5070//6121 5069//6125
f 5065//6122 5069//6125 5068//6124
f 5068//6124 5073//6128 5065//6122
f 5073//6128 5068//6124 5072//6127
f 4888//5936 4885//5933 5075//6129
f 4889//5942 4891//5941 5077//6130
f 4885//5933 4852//5893 5076//6131
f 4852//5893 4851//5892 5076//6131
f 5077//6130 4891//5941 5074//6132
f 5067//6126 5075//6129 5078//6133
f 5075//6129 5076//6131 5080//6134
f 5076//6131 4851//5892 5082//6135
f 4851//5892 4889//5942 5083//6136
f 4889//5942 5077//6130 5084//6137
f 5077//6130 5074//6132 5093//6138
f 5078//6133 5072//6127 5067//6126
f 5093//6138 5084//6137 5077//6130
f 5084//6137 5083//6136 4889//5942
f 5083//6136 5082//6135 4851//5892
f 5082//6135 5081//6139 5076//6131
f 5081//6139 5080//6134 5076//6131
f 5080//6134 5079//6140 5075//6129
f 5079//6140 5078//6133 5075//6129
f 5076//6131 5075//6129 4885//5933
f 5075//6129 5067//6126 4888//5936
f 5085//6141 5073//6128 5072//6127
f 5086//6142 5085//6141 5079//6140
f 5086//6142 5081//6139 5082//6135
f 5082//6135 5087//6143 5086//6142
f 5087//6143 5082//6135 5083//6136
f 5083//6136 5088//6144 5087//6143
f 5088//6144 5083//6136 5084//6137
f 5088//6144 5084//6137 5093//6138
f 5093//6138 5089//6145 5088//6144
f 5080//6134 5081//6139 5086//6142
f 5079//6140 5080//6134 5086//6142
f 5078//6133 5079//6140 5085//6141
f 5072//6127 5078//6133 5085//6141
f 5092//6146 5090//6147 5074//6132
f 5090//6147 5093//6138 5074//6132
f 5092//6146 5074//6132 4891//5941
f 5094//6148 5092//6146 5091//6149
f 4891//5941 5091//6149 5092//6146
f 5089//6145 5093//6138 5090//6147
f 5095//6150 5089//6145 5090//6147
f 5095//6150 5090//6147 5092//6146
f 5095//6150 5092//6146 5094//6148
f 5095//6150 5094//6148 5096//6151
f 5096//6151 5097//6152 5095//6150
f 5097//6152 5105//6153 5098//6154
f 5099//5940 5096//6151 5091//6149
f 5099//5940 5091//6149 4891//5941
f 5096//6151 5099//5940 5106//6155
f 5106//6155 5104//6156 5096//6151
f 5097//6152 5096//6151 5104//6156
f 5104//6156 5105//6153 5097//6152
f 5101//5939 5106//6155 5099//5940
f 5094//6148 5091//6149 5096//6151
f 5103//6157 5104//6156 5106//6155
f 5105//6153 5104//6156 5103//6157
f 5103//6157 5106//6155 5101//5939
f 5107//6158 5102//6159 5103//6157
f 5103//6157 5100//6160 5107//6158
f 5101//5939 5100//6160 5103//6157
f 5103//6157 5102//6159 5105//6153
f 5098//6154 5105//6153 5102//6159
f 5102//6159 5108//6161 5098//6154
f 5108//6161 5102//6159 5107//6158
f 5109//5889 4849//5888 5110//6162
f 5100//6160 5101//5939 5111//6163
f 5101//5939 4890//5938 5111//6163
f 4890//5938 5109//5889 5112//6164
f 5109//5889 5110//6162 5113//6165
f 5110//6162 4863//5908 5115//6166
f 4863//5908 4864//5909 5117//6167
f 5117//6167 5128//6168 5124//6169
f 5111//6163 5107//6158 5100//6160
f 5128//6168 5117//6167 4864//5909
f 5117//6167 5116//6170 4863//5908
f 5116//6170 5115//6166 4863//5908
f 5115//6166 5114//6171 5110//6162
f 5114//6171 5113//6165 5110//6162
f 5113//6165 5112//6164 5109//5889
f 5112//6164 5111//6163 4890//5938
f 4863//5908 5110//6162 4849//5888
f 5118//6172 5108//6161 5107//6158
f 5119//6173 5118//6172 5112//6164
f 5120//6174 5119//6173 5113//6165
f 5120//6174 5114//6171 5115//6166
f 5120//6174 5115//6166 5116//6170
f 5116//6170 5121//6175 5120//6174
f 5121//6175 5116//6170 5117//6167
f 5121//6175 5117//6167 5124//6169
f 5124//6169 5122//6176 5121//6175
f 5113//6165 5114//6171 5120//6174
f 5112//6164 5113//6165 5119//6173
f 5111//6163 5112//6164 5118//6172
f 5107//6158 5111//6163 5118//6172
f 5127//6177 5128//6168 5125//6178
f 5127//6177 5125//6178 5126//6179
f 5126//6179 5123//6180 5127//6177
f 5128//6168 4864//5909 5125//6178
f 5127//6177 5124//6169 5128//6168
f 5127//6177 5123//6180 5124//6169
f 5129//6181 5122//6176 5124//6169
f 5129//6181 5123//6180 5126//6179
f 5124//6169 5123//6180 5129//6181
f 5129//6181 5126//6179 5130//6182
f 5130//6182 5131//6183 5129//6181
f 5131//6183 5136//6184 5132//6185
f 5133//6186 5130//6182 5134//5907
f 5133//6186 5134//5907 4866//5906
f 4866//5906 5136//6184 5133//6186
f 5131//6183 5133//6186 5136//6184
f 5134//5907 5130//6182 5125//6178
f 5130//6182 5126//6179 5125//6178
f 5125//6178 4864//5909 5134//5907
f 5130//6182 5133//6186 5131//6183
f 4866//5906 5138//6187 5135//6188
f 5138//6187 4866//5906 5137//6189
f 5140//6190 5139//6191 5138//6187
f 5135//6188 5138//6187 5139//6191
f 5135//6188 5136//6184 4866//5906
f 5132//6185 5136//6184 5135//6188
f 5132//6185 5135//6188 5139//6191
f 5139//6191 5141//6192 5132//6185
f 5141//6192 5139//6191 5140//6190
f 5142//6193 5141//6192 5140//6190
f 5143//6194 5142//6193 5192//6195
f 5194//6196 5144//6197 5143//6194
f 5144//6197 5194//6196 5195//6198
f 5195//6198 5145//6199 5144//6197
f 5145//6199 5195//6198 5196//6200
f 5145//6199 5196//6200 5205//6201
f 5205//6201 5146//6202 5145//6199
f 5193//6203 5194//6196 5143//6194
f 5192//6195 5193//6203 5143//6194
f 5191//6204 5192//6195 5142//6193
f 5140//6190 5191//6204 5142//6193
f 5147//6205 4867//5912 5149//6206
f 4867//5912 4870//5910 5149//6206
f 4870//5910 4844//5883 5150//6207
f 4844//5883 4843//5882 5150//6207
f 5165//6208 5149//6206 4984//6041
f 5149//6206 4870//5910 5152//6043
f 4870//5910 5150//6207 5153//6046
f 5150//6207 4873//5917 5155//6048
f 4873//5917 4874//5918 5157//6051
f 5157//6051 4980//6035 4978//6037
f 5148//6209 4867//5912 5147//6205
f 4980//6035 5157//6051 4874//5918
f 5157//6051 5156//6049 4873//5917
f 5156//6049 5155//6048 4873//5917
f 5155//6048 5154//6047 5150//6207
f 5154//6047 5153//6046 5150//6207
f 5153//6046 5152//6043 4870//5910
f 5152//6043 5151//6042 5149//6206
f 5151//6042 4984//6041 5149//6206
f 5149//6206 5165//6208 5147//6205
f 4873//5917 5150//6207 4843//5882
f 5159//6210 5158//6211 5164//6212
f 5159//6210 5164//6212 5160//6213
f 5160//6213 5166//6214 5159//6210
f 5166//6214 5161//6040 5159//6210
f 5161//6040 5166//6214 4984//6041
f 5163//6215 5164//6212 5162//6216
f 5160//6213 5164//6212 5163//6215
f 5163//6215 5162//6216 5147//6205
f 5166//6214 5163//6215 5165//6208
f 5166//6214 5165//6208 4984//6041
f 5147//6205 5165//6208 5163//6215
f 5162//6216 5148//6209 5147//6205
f 5163//6215 5166//6214 5160//6213
f 5164//6212 5167//6217 5162//6216
f 5167//6217 5169//6218 5170//6219
f 5162//6216 5167//6217 5148//6209
f 5170//6219 5148//6209 5167//6217
f 5169//6218 5167//6217 5168//6220
f 5169//6218 5168//6220 5171//6221
f 5158//6211 5168//6220 5167//6217
f 5167//6217 5164//6212 5158//6211
f 5198//6222 5199//6223 5181//6224
f 5172//6225 5181//6224 5182//6226
f 5173//6227 5182//6226 5183//6228
f 5173//6227 5183//6228 5184//6229
f 5173//6227 5184//6229 5185//6230
f 5174//6231 5185//6230 5186//6232
f 5186//6232 5171//6221 5174//6231
f 5185//6230 5174//6231 5173//6227
f 5182//6226 5173//6227 5172//6225
f 5181//6224 5172//6225 5198//6222
f 4869//5911 4845//5884 5177//6233
f 4868//5913 4869//5911 5179//6234
f 4845//5884 4867//5912 5180//6235
f 5178//6236 4845//5884 5180//6235
f 5176//6237 4868//5913 5181//6224
f 5179//6234 4869//5911 5182//6226
f 4869//5911 5177//6233 5183//6228
f 5177//6233 5178//6236 5184//6229
f 5178//6236 5180//6235 5185//6230
f 5180//6235 5170//6219 5169//6218
f 5186//6232 5180//6235 5171//6221
f 4868//5913 5175//6238 5187//6239
f 5148//6209 5170//6219 4867//5912
f 5169//6218 5171//6221 5180//6235
f 5182//6226 5181//6224 5179//6234
f 5181//6224 5199//6223 5176//6237
f 5186//6232 5185//6230 5180//6235
f 5185//6230 5184//6229 5178//6236
f 5184//6229 5183//6228 5177//6233
f 5183//6228 5182//6226 4869//5911
f 5179//6234 5181//6224 4868//5913
f 5170//6219 5180//6235 4867//5912
f 4868//5913 5176//6237 5175//6238
f 5178//6236 5177//6233 4845//5884
f 5188//6240 4847//5886 4846//5885
f 4846//5885 4868//5913 5189//6241
f 5188//6240 4846//5885 5190//6242
f 4846//5885 5189//6241 5190//6242
f 5189//6241 5187//6239 5204//6243
f 5138//6187 4865//5905 5191//6204
f 4865//5905 4862//5904 5192//6195
f 4862//5904 4847//5886 5193//6203
f 4847//5886 5188//6240 5194//6196
f 5188//6240 5190//6242 5195//6198
f 5190//6242 5189//6241 5196//6200
f 5189//6241 5204//6243 5205//6201
f 5191//6204 5140//6190 5138//6187
f 5205//6201 5196//6200 5189//6241
f 5196//6200 5195//6198 5190//6242
f 5195//6198 5194//6196 5188//6240
f 5194//6196 5193//6203 4847//5886
f 5193//6203 5192//6195 4862//5904
f 5192//6195 5191//6204 4865//5905
f 4865//5905 5138//6187 5137//6189
f 5187//6239 5189//6241 4868//5913
f 4865//5905 5137//6189 4866//5906
f 5197//6244 5199//6223 5198//6222
f 5198//6222 5200//6245 5197//6244
f 5201//6246 5197//6244 5200//6245
f 5146//6202 5203//6247 5206//6248
f 5206//6248 5200//6245 5146//6202
f 5206//6248 5201//6246 5200//6245
f 5205//6201 5203//6247 5146//6202
f 5197//6244 5201//6246 5202//6249
f 5199//6223 5197//6244 5176//6237
f 5176//6237 5197//6244 5175//6238
f 5175//6238 5202//6249 5187//6239
f 5202//6249 5175//6238 5197//6244
f 5203//6247 5205//6201 5204//6243
f 5203//6247 5204//6243 5202//6249
f 5201//6246 5206//6248 5202//6249
f 5203//6247 5202//6249 5206//6248
f 5187//6239 5202//6249 5204//6243
f 4839//5876 5209//6250 4838//5875
f 5209//6250 4837//5874 4838//5875
f 5209//6250 4839//5876 5207//6251
f 4839//5876 5208//6252 5207//6251
f 4836//5873 4837//5874 5209//6250
f 5209//6250 5210//6253 4836//5873
f 4836//5873 5210//6253 5211//6254
f 5211//6254 4835//5872 4836//5873
f 5211//6254 4834//5871 4835//5872
f 4826//5858 4834//5871 5214//6255
f 5214//6255 5213//6256 4826//5858
f 5212//6257 4825//6258 4826//5858
f 5213//6256 5212//6257 4826//5858
f 4810//5864 4812//6259 4982//6260
f 4969//6027 4829//5862 4810//5864
f 4810//5864 4982//6260 4972//6031
f 4457//6261 4456//3718 4947//6262
f 4807//6263 4829//5862 4948//6264
f 4963//3718 4456//3718 4455//3718
f 4456//3718 4964//3718 4947//6262
f 4457//6261 4948//6264 4829//5862
f 4962//3718 4455//3718 4460//3718
f 4947//6262 4948//6264 4457//6261
f 4969//6027 4458//6265 4829//5862
f 4961//3718 4460//3718 4459//3718
f 4948//6264 4927//5981 4807//6263
f 4969//6027 4970//6266 4458//6265
f 4455//3718 4962//3718 4963//3718
f 4829//5862 4458//6265 4457//6261
f 4970//6266 4459//3718 4458//6265
f 4970//6266 4961//3718 4459//3718
f 4456//3718 4963//3718 4964//3718
f 4460//3718 4961//3718 4962//3718
f 4909//6267 4910//6268 4469//6269
f 4469//6269 4910//6268 4830//5865
f 4927//5981 4919//5976 4805//5867
f 4916//3718 4917//3718 4468//3718
f 4917//3718 4469//6269 4468//3718
f 4830//5865 4470//6270 4469//6269
f 4805//5867 4807//6263 4927//5981
f 4924//6271 4914//3718 4472//3718
f 4469//6269 4917//3718 4909//6267
f 4830//5865 4805//5867 4470//6270
f 4919//5976 4471//6272 4805//5867
f 4471//6272 4919//5976 4924//6271
f 4914//3718 4915//3718 4472//3718
f 4471//6272 4470//6270 4805//5867
f 4915//3718 4916//3718 4473//3718
f 4473//3718 4472//3718 4915//3718
f 4924//6271 4472//3718 4471//6272
f 4468//3718 4473//3718 4916//3718
f 4830//5865 4912//5965 4913//5967
f 4910//6268 4912//5965 4830//5865
f 4464//6273 4802//5869 4913//5967
f 4462//2174 4461//3718 4940//6274
f 4463//6275 4940//6274 4831//5868
f 4913//5967 4935//6276 4464//6273
f 4937//3718 4467//3718 4466//3718
f 4467//3718 4937//3718 4938//3718
f 4939//3718 4940//6274 4461//3718
f 4463//6275 4462//2174 4940//6274
f 4935//6276 4465//3718 4464//6273
f 4938//3718 4939//3718 4467//3718
f 4461//3718 4467//3718 4939//3718
f 4464//6273 4463//6275 4831//5868
f 4936//3718 4466//3718 4465//3718
f 4466//3718 4936//3718 4937//3718
f 4465//3718 4935//6276 4936//3718
f 4464//6273 4831//5868 4802//5869
f 4940//6274 4998//6277 4831//5868
f 4833//5870 4831//5868 5217//6278
f 5215//6279 5217//6278 4831//5868
f 4831//5868 4998//6277 5215//6279
f 4839//5876 4833//5870 5216//6280
f 5217//6278 5216//6280 4833//5870
f 5216//6280 5208//6252 4839//5876
f 5026//6281 5218//6282 5219//6283
f 5219//6283 4998//6277 5026//6281
f 4998//6277 5219//6283 5215//6279
f 5220//6284 5218//6282 5029//6285
f 5218//6282 5026//6281 5029//6285
f 5029//6285 5221//6286 5220//6284
f 4474//6287 4480//6288 5062//6289
f 5062//6289 5221//6286 4474//6287
f 5029//6285 4476//3718 4475//6290
f 4475//6290 5221//6286 5029//6285
f 4476//3718 5029//6285 5039//3718
f 4480//6288 5055//3718 5056//6291
f 4478//3718 4477//3718 5052//3718
f 5054//3718 4479//3718 4478//3718
f 4479//3718 5054//3718 5055//3718
f 5055//3718 4480//6288 4479//3718
f 5056//6291 5062//6289 4480//6288
f 4475//6290 4474//6287 5221//6286
f 5039//3718 5052//3718 4477//3718
f 5052//3718 5053//3718 4478//3718
f 4478//3718 5053//3718 5054//3718
f 4477//3718 4476//3718 5039//3718
f 5222//6292 5221//6286 5064//6120
f 5062//6289 5064//6120 5221//6286
f 5065//6122 4825//6258 5222//6292
f 4825//6258 5223//6293 5222//6292
f 5065//6122 4482//1036 4481//6294
f 5065//6122 5073//6295 4482//1036
f 4486//6296 4485//3718 5089//6297
f 4483//3718 4482//1036 5085//3718
f 5088//3718 5089//6297 4485//3718
f 4486//6296 5089//6297 5095//6298
f 4482//1036 5073//6295 5085//3718
f 4484//3718 4483//3718 5086//3718
f 5095//6298 4825//6258 4486//6296
f 4481//6294 4825//6258 5065//6122
f 5085//3718 5086//3718 4483//3718
f 5086//3718 5087//3718 4484//3718
f 5087//3718 5088//3718 4484//3718
f 4481//6294 4486//6296 4825//6258
f 4485//3718 4484//3718 5088//3718
f 4822//6299 4825//6258 5095//6298
f 5097//6152 5098//6154 4820//5850
f 4820//5850 4822//6299 5097//6152
f 5118//3718 4489//6300 4488//3718
f 5129//6301 4819//5848 4492//6302
f 4488//3718 5108//6303 5118//3718
f 5120//6300 4490//6300 4489//6300
f 5098//6154 4487//6304 4493//6305
f 4487//6304 5098//6154 5108//6303
f 4492//6302 5122//6306 5129//6301
f 4492//6302 4491//3718 5122//6306
f 4489//6300 5118//3718 5119//3718
f 5121//3718 4491//3718 4490//6300
f 4819//5848 4820//5850 4493//6305
f 5108//6303 4488//3718 4487//6304
f 5121//3718 5122//6306 4491//3718
f 4493//6305 4492//6302 4819//5848
f 4490//6300 5120//6300 5121//3718
f 4489//6300 5119//3718 5120//6300
f 4493//6305 4820//5850 5098//6154
f 5131//6183 5132//6185 4818//5847
f 4818//5847 4819//5848 5129//6301
f 5129//6301 5131//6183 4818//5847
f 4827//6307 4818//5847 5132//6185
f 5143//2174 5144//3718 4444//3718
f 5144//3718 4445//3718 4444//3718
f 5144//3718 5145//3718 4445//3718
f 5142//3718 5143//2174 4444//3718
f 5141//6308 5142//3718 4442//6309
f 4444//3718 4443//3718 5142//3718
f 4443//3718 4442//6309 5142//3718
f 5146//3718 4827//6307 4447//6310
f 4447//6310 4446//3718 5146//3718
f 4442//6309 5132//6185 5141//6308
f 5132//6185 4442//6309 4827//6307
f 5145//3718 4446//3718 4445//3718
f 4442//6309 4447//6310 4827//6307
f 4446//3718 5145//3718 5146//3718
f 4815//6311 4827//6307 5200//6312
f 5146//3718 5200//6312 4827//6307
f 5173//3718 4230//3718 4231//3718
f 5198//6313 5172//3718 4233//3718
f 4231//3718 5172//3718 5173//3718
f 5174//6314 4228//6315 4230//3718
f 4231//3718 4233//3718 5172//3718
f 4230//3718 5173//3718 5174//6314
f 5174//6314 5171//6316 4228//6315
f 4236//6317 4228//6315 5171//6316
f 4235//6318 4815//6311 5198//6313
f 4828//6319 4815//6311 4235//6318
f 4828//6319 4236//6317 5168//6320
f 4236//6317 5171//6316 5168//6320
f 4235//6318 4236//6317 4828//6319
f 4233//3718 4235//6318 5198//6313
f 5168//6320 5158//6321 4828//6319
f 5158//6321 5159//6322 4828//6319
f 5159//6322 4812//6259 4828//6319
f 4986//3718 4987//3718 4450//3718
f 4985//3718 4986//3718 4449//3718
f 4450//3718 4449//3718 4986//3718
f 4451//3718 4450//3718 4987//3718
f 4985//3718 4449//3718 4448//3718
f 4987//3718 4981//6266 4451//3718
f 4448//3718 4983//3718 4985//3718
f 4452//6323 4981//6266 4982//6260
f 4452//6323 4451//3718 4981//6266
f 4982//6260 4812//6259 4452//6323
f 4812//6259 5159//6322 4454//6324
f 4454//6324 4453//6325 4812//6259
f 4812//6259 4453//6325 4452//6323
f 4454//6324 5159//6322 5161//3718
f 4448//3718 5161//3718 4983//3718
f 5161//3718 4448//3718 4454//6324
f 5026//6281 4424//3718 4425//6326
f 5026//6281 4998//6277 4424//3718
f 4425//6326 5013//6327 5026//6281
f 4421//3718 4424//3718 4998//6277
f 4421//3718 4998//6277 5010//6328
f 5011//3718 5012//6329 4423//3718
f 5013//6327 4425//6326 4422//6330
f 5010//6328 5011//3718 4423//3718
f 5012//6329 4422//6330 4423//3718
f 4422//6330 5012//6329 5013//6327
f 4423//3718 4421//3718 5010//6328
f 5200//6312 5198//6313 4815//6311
f 5095//6298 5097//6152 4822//6299
f 5064//6120 5065//6122 5222//6292
f 4913//5967 4802//5869 4830//5865
f 4972//6031 4969//6027 4810//5864
f 4825//6258 5212//6257 5223//6293
f 5214//6255 4834//5871 5211//6254
f 5208//6252 5224//6331 5207//6251
f 5214//6255 5211//6254 5228//6332
f 5211//6254 5210//6253 5229//6333
f 5210//6253 5209//6250 5230//6334
f 5209//6250 5207//6251 5231//6335
f 5231//6335 5224//6331 5225//6336
f 5241//6337 5228//6332 5232//6338
f 5229//6333 5230//6334 5234//6339
f 5230//6334 5231//6335 5233//6340
f 5232//6338 5229//6333 5234//6339
f 5233//6340 5225//6336 5226//6341
f 5244//6342 5234//6339 5235//6343
f 5234//6339 5233//6340 5237//6344
f 5237//6344 5226//6341 5249//6345
f 5237//6344 5249//6345 5247//6346
f 5227//6347 5235//6343 5221//6286
f 5235//6343 5236//6348 5220//6284
f 5236//6348 5237//6344 5218//6282
f 5219//6283 5247//6346 5215//6279
f 5221//6286 5222//6292 5227//6347
f 5247//6346 5219//6283 5237//6344
f 5219//6283 5218//6282 5237//6344
f 5218//6282 5220//6284 5236//6348
f 5220//6284 5221//6286 5235//6343
f 5235//6343 5227//6347 5240//6349
f 5235//6343 5240//6349 5242//6350
f 5226//6341 5237//6344 5233//6340
f 5237//6344 5236//6348 5234//6339
f 5236//6348 5235//6343 5234//6339
f 5235//6343 5242//6350 5244//6342
f 5234//6339 5244//6342 5232//6338
f 5225//6336 5233//6340 5231//6335
f 5233//6340 5234//6339 5230//6334
f 5229//6333 5232//6338 5228//6332
f 5232//6338 5244//6342 5241//6337
f 5224//6331 5231//6335 5207//6251
f 5231//6335 5230//6334 5209//6250
f 5230//6334 5229//6333 5210//6253
f 5229//6333 5228//6332 5211//6254
f 5228//6332 5241//6337 5214//6255
f 5212//6351 5213//6256 5239//6352
f 5227//6347 5223//6293 5240//6349
f 5213//6256 5214//6255 5241//6337
f 5240//6349 5238//6353 5242//6350
f 5238//6353 5239//6352 5243//6354
f 5243//6354 5241//6337 5244//6342
f 5244//6342 5242//6350 5243//6354
f 5241//6337 5243//6354 5239//6352
f 5243//6354 5242//6350 5238//6353
f 5241//6337 5239//6352 5213//6256
f 5238//6353 5240//6349 5223//6293
f 5239//6352 5238//6353 5212//6351
f 5223//6293 5212//6351 5238//6353
f 5223//6293 5227//6347 5222//6292
f 5208//6252 5216//6355 5224//6331
f 5216//6355 5217//6356 5245//6357
f 5217//6356 5215//6279 5246//6358
f 5224//6331 5245//6357 5225//6336
f 5246//6358 5247//6346 5249//6345
f 5225//6336 5248//6359 5226//6341
f 5248//6359 5249//6345 5226//6341
f 5249//6345 5248//6359 5246//6358
f 5248//6359 5225//6336 5245//6357
f 5246//6358 5248//6359 5245//6357
f 5247//6346 5246//6358 5215//6279
f 5246//6358 5245//6357 5217//6356
f 5245//6357 5224//6331 5216//6355
usemtl 0.647059_0.647059_0.647059_0.000000_0.004
f 5252//6360 5250//6361 5253//6362
f 5254//6363 5252//6360 5255//6364
f 5256//6365 5254//6363 5257//6366
f 5258//6367 5256//6365 5259//6368
f 5261//6369 5258//6367 5260//6370
f 5263//6371 5261//6369 5262//6372
f 5250//6361 5263//6371 5262//6372
f 5262//6372 5251//6373 5250//6361
f 5260//6370 5262//6372 5261//6369
f 5259//6368 5260//6370 5258//6367
f 5257//6366 5259//6368 5256//6365
f 5255//6364 5257//6366 5254//6363
f 5253//6362 5255//6364 5252//6360
f 5251//6373 5253//6362 5250//6361
f 5269//6374 5264//6375 5250//6376
f 5264//6375 5265//6377 5261//6378
f 5265//6377 5266//6379 5258//6380
f 5266//6379 5267//6381 5256//6382
f 5267//6381 5268//6383 5254//6384
f 5268//6383 5269//6374 5252//6385
f 5250//6376 5252//6385 5269//6374
f 5252//6385 5254//6384 5268//6383
f 5254//6384 5256//6382 5267//6381
f 5256//6382 5258//6380 5266//6379
f 5258//6380 5261//6378 5265//6377
f 5261//6378 5263//6386 5264//6375
f 5263//6386 5250//6376 5264//6375
f 5253//6387 5279//6388 5285//6389
f 5285//6389 5270//6390 5253//6387
f 5270//6390 5271//6391 5255//6392
f 5271//6391 5272//6393 5255//6392
f 5272//6393 5257//6394 5255//6392
f 5273//6395 5259//6396 5257//6394
f 5259//6396 5273//6395 5281//6397
f 5259//6396 5281//6397 5283//6398
f 5274//6399 5260//6400 5259//6396
f 5275//6401 5262//6402 5260//6400
f 5262//6402 5276//6403 5277//6404
f 5277//6404 5278//6405 5251//6406
f 5278//6405 5279//6388 5253//6387
f 5253//6387 5251//6406 5278//6405
f 5251//6406 5262//6402 5277//6404
f 5262//6402 5275//6401 5276//6403
f 5260//6400 5274//6399 5275//6401
f 5259//6396 5283//6398 5274//6399
f 5257//6394 5272//6393 5273//6395
f 5255//6392 5253//6387 5270//6390
f 5281//6397 5280//6407 5282//6408
f 5282//6408 5283//6398 5281//6397
f 5283//6398 5282//6408 5284//6409
f 5280//6407 5281//6397 5273//6395
f 5287//6410 5271//6391 5270//6390
f 5289//6411 5273//6395 5272//6393
f 5290//6412 5272//6393 5271//6391
f 5290//6412 5271//6391 5287//6410
f 5287//6410 5270//6390 5285//6389
f 5285//6389 5286//6413 5287//6410
f 5272//6393 5290//6412 5289//6411
f 5273//6395 5289//6411 5288//6414
f 5273//6395 5288//6414 5280//6407
f 5285//6389 5279//6388 5291//6415
f 5286//6413 5285//6389 5291//6415
f 5279//6388 5292//6416 5291//6415
f 5286//6413 5996//6417 5287//6410
f 5293//6418 5280//6407 5288//6414
f 5292//6416 5294//6419 5295//6420
f 5296//6421 5295//6420 5294//6419
f 5295//6420 5291//6415 5292//6416
f 5297//6422 5284//6409 5282//6408
f 5282//6408 5298//6423 5297//6422
f 5296//6421 5294//6419 5299//6424
f 5300//6425 5299//6424 5301//6426
f 5301//6426 5302//6427 5300//6425
f 5299//6424 5300//6425 5296//6421
f 5301//6426 5303//6428 5304//6429
f 5303//6428 5305//6430 5304//6429
f 5305//6430 5306//6431 5304//6429
f 5304//6429 5302//6427 5301//6426
f 5298//6423 5330//6432 5297//6422
f 5310//6433 5307//6434 5298//6423
f 5310//6433 5298//6423 5282//6408
f 5310//6433 5282//6408 5280//6407
f 5280//6407 5293//6418 5310//6433
f 5330//6435 5298//6423 5307//6434
f 5331//6436 5330//6435 5307//6434
f 5307//6434 5308//6437 5331//6436
f 5293//6418 5309//6438 5310//6433
f 5310//6433 5316//6439 5313//6440
f 5313//6440 5307//6434 5310//6433
f 5316//6439 5310//6433 5309//6438
f 5311//6441 5312//6442 5308//6437
f 5308//6437 5307//6434 5311//6441
f 5307//6434 5313//6440 5311//6441
f 5316//6439 5315//6443 5313//6440
f 5315//6443 5314//6444 5313//6440
f 5318//6445 5314//6444 5315//6443
f 5318//6445 5315//6443 5317//6446
f 5316//6439 5317//6446 5315//6443
f 5319//6447 5320//6448 5325//6449
f 5319//6447 5321//6450 5314//6444
f 5314//6444 5318//6445 5319//6447
f 5325//6449 5321//6450 5319//6447
f 5311//6441 5322//6451 5312//6442
f 5311//6441 5313//6440 5314//6444
f 5322//6451 5311//6441 5321//6450
f 5321//6450 5325//6449 5322//6451
f 5314//6444 5321//6450 5311//6441
f 5324//6452 5322//6451 5325//6449
f 5322//6451 5324//6452 5312//6442
f 5324//6452 5323//6453 5312//6442
f 5320//6448 5326//6454 5325//6449
f 5324//6452 5325//6449 5326//6454
f 5323//6453 5324//6452 5326//6454
f 5323//6453 5328//6455 5327//6456
f 5327//6456 5308//6437 5312//6442
f 5327//6456 5312//6442 5323//6453
f 5328//6455 5329//6457 5327//6456
f 5330//6435 5331//6436 5333//6458
f 5333//6458 5332//6459 5330//6435
f 5327//6456 5329//6457 5335//6460
f 5335//6460 5333//6458 5327//6456
f 5308//6437 5327//6456 5333//6458
f 5333//6458 5331//6436 5308//6437
f 5336//6461 5332//6459 5333//6458
f 5335//6460 5334//6462 5336//6461
f 5336//6461 5333//6458 5335//6460
f 5335//6460 5329//6457 5337//6463
f 5382//6464 5347//6465 5340//6466
f 5348//6467 5343//6468 5344//6469
f 5348//6467 5344//6469 5345//6470
f 5347//6465 5341//6471 5342//6472
f 5340//6466 5342//6472 5343//6468
f 5339//6473 5343//6468 5348//6467
f 5338//6474 5348//6467 5345//6470
f 5337//6463 5345//6470 5346//6475
f 5337//6463 5346//6475 5335//6460
f 5345//6470 5337//6463 5338//6474
f 5343//6468 5339//6473 5340//6466
f 5342//6472 5340//6466 5347//6465
f 5334//6462 5335//6460 5346//6475
f 5341//6471 5347//6465 5349//6476
f 5349//6476 5350//6477 5341//6471
f 5363//6478 5336//6461 5334//6462
f 5334//6462 5346//6475 5351//6479
f 5346//6475 5345//6470 5351//6479
f 5345//6470 5344//6469 5352//6480
f 5344//6469 5343//6468 5352//6480
f 5353//6481 5352//6480 5343//6468
f 5342//6472 5354//6482 5353//6481
f 5354//6482 5342//6472 5341//6471
f 5354//6482 5341//6471 5350//6477
f 5350//6477 5355//6483 5354//6482
f 5356//6484 5354//6482 5355//6483
f 5355//6483 5357//6485 5356//6484
f 5357//6485 5358//6486 5356//6484
f 5358//6486 5359//6487 5356//6484
f 5361//6488 5359//6487 5360//6489
f 5362//6490 5363//6478 5361//6488
f 5363//6478 5362//6490 5336//6461
f 5361//6488 5360//6489 5362//6490
f 5359//6487 5358//6486 5360//6489
f 5353//6481 5343//6468 5342//6472
f 5352//6480 5351//6479 5345//6470
f 5351//6479 5363//6478 5334//6462
f 5349//6476 5364//6491 5350//6477
f 5351//6492 5366//6493 5365//6494
f 5352//6495 5367//6496 5366//6493
f 5367//6496 5352//6495 5353//6497
f 5353//6497 5368//6498 5367//6496
f 5369//6499 5368//6498 5354//6500
f 5369//6499 5354//6500 5356//6501
f 5369//6499 5356//6501 5359//6502
f 5370//6503 5369//6499 5359//6502
f 5370//6503 5359//6502 5361//6504
f 5365//6494 5370//6503 5361//6504
f 5361//6504 5363//6505 5365//6494
f 5353//6497 5354//6500 5368//6498
f 5351//6492 5352//6495 5366//6493
f 5363//6505 5351//6492 5365//6494
f 5376//6506 5371//6507 5365//6508
f 5371//6507 5372//6509 5370//6510
f 5372//6509 5373//6511 5368//6512
f 5373//6511 5374//6513 5368//6512
f 5374//6513 5375//6514 5366//6515
f 5375//6514 5376//6506 5366//6515
f 5365//6508 5366//6515 5376//6506
f 5366//6515 5367//6516 5374//6513
f 5367//6516 5368//6512 5374//6513
f 5368//6512 5369//6517 5372//6509
f 5369//6517 5370//6510 5372//6509
f 5370//6510 5365//6508 5371//6507
f 5377//6518 5364//6491 5349//6476
f 5349//6476 5378//6519 5377//6518
f 5378//6519 5408//6520 5377//6518
f 5383//6521 5379//6522 5378//6519
f 5383//6521 5378//6519 5349//6476
f 5383//6521 5349//6476 5347//6465
f 5347//6465 5382//6464 5383//6521
f 5408//6523 5378//6519 5379//6522
f 5410//6524 5408//6523 5379//6522
f 5379//6522 5380//6525 5410//6524
f 5382//6464 5381//6526 5383//6521
f 5337//6463 5384//6527 5385//6528
f 5338//6474 5385//6528 5375//6529
f 5339//6473 5375//6529 5386//6530
f 5340//6466 5386//6530 5373//6531
f 5381//6526 5373//6531 5391//6532
f 5373//6531 5388//6533 5391//6532
f 5384//6527 5329//6457 5328//6455
f 5323//6453 5326//6454 5328//6455
f 5328//6455 5326//6454 5384//6527
f 5381//6526 5382//6464 5373//6531
f 5373//6531 5382//6464 5340//6466
f 5386//6530 5340//6466 5339//6473
f 5375//6529 5339//6473 5348//6467
f 5375//6529 5348//6467 5338//6474
f 5385//6528 5338//6474 5337//6463
f 5384//6527 5337//6463 5329//6457
f 5383//6521 5391//6532 5390//6534
f 5390//6534 5379//6522 5383//6521
f 5391//6532 5383//6521 5381//6526
f 5389//6535 5392//6536 5387//6537
f 5387//6537 5388//6533 5389//6535
f 5391//6532 5388//6533 5387//6537
f 5392//6536 5391//6532 5387//6537
f 5391//6532 5392//6536 5390//6534
f 5393//6538 5394//6539 5380//6525
f 5380//6525 5379//6522 5393//6538
f 5379//6522 5390//6534 5393//6538
f 5395//6540 5396//6541 5397//6542
f 5395//6540 5398//6543 5392//6536
f 5392//6536 5389//6535 5395//6540
f 5397//6542 5398//6543 5395//6540
f 5393//6538 5390//6534 5392//6536
f 5400//6544 5393//6538 5398//6543
f 5392//6536 5398//6543 5393//6538
f 5398//6543 5397//6542 5400//6544
f 5393//6538 5400//6544 5394//6539
f 5401//6545 5400//6544 5399//6546
f 5397//6542 5399//6546 5400//6544
f 5400//6544 5401//6545 5394//6539
f 5399//6546 5397//6542 5396//6541
f 5401//6545 5399//6546 5402//6547
f 5396//6541 5402//6547 5399//6546
f 5394//6539 5403//6548 5380//6525
f 5403//6548 5394//6539 5401//6545
f 5404//6549 5380//6525 5403//6548
f 5406//6550 5408//6520 5405//6551
f 5406//6550 5377//6518 5408//6520
f 5407//6552 5408//6520 5409//6553
f 5377//6518 5406//6550 5364//6491
f 5407//6552 5405//6551 5408//6520
f 5408//6523 5410//6524 5411//6554
f 5411//6554 5409//6553 5408//6523
f 5406//6550 5405//6551 5412//6555
f 5412//6555 5413//6556 5406//6550
f 5413//6556 5360//6557 5358//6558
f 5360//6557 5413//6556 5414//6559
f 5414//6559 5362//6560 5360//6557
f 5332//6459 5336//6461 5362//6560
f 5362//6560 5415//6561 5332//6459
f 5364//6491 5355//6562 5350//6477
f 5355//6562 5364//6491 5406//6550
f 5406//6550 5357//6563 5355//6562
f 5413//6556 5358//6558 5406//6550
f 5406//6550 5358//6558 5357//6563
f 5414//6559 5415//6561 5362//6560
f 5414//6559 5416//6564 5415//6561
f 5415//6561 5330//6432 5332//6459
f 5415//6561 5418//6565 5330//6432
f 5297//6422 5330//6432 5418//6565
f 5284//6409 5297//6422 5417//6566
f 5297//6422 5418//6565 5417//6566
f 5419//6567 5420//6568 5417//6566
f 5416//6564 5419//6567 5418//6569
f 5418//6569 5415//6561 5416//6564
f 5417//6566 5418//6569 5419//6567
f 5419//6567 5421//6570 5420//6568
f 5419//6571 5416//6572 5422//6573
f 5423//6574 5424//6575 5413//6576
f 5422//6573 5416//6572 5414//6577
f 5414//6577 5424//6575 5422//6573
f 5414//6577 5413//6576 5424//6575
f 5426//6578 5276//6579 5275//6580
f 5426//6578 5427//6581 5277//6582
f 5429//6583 5292//6416 5279//6388
f 5417//6566 5274//6584 5283//6398
f 5283//6398 5284//6409 5417//6566
f 5425//6585 5275//6580 5417//6566
f 5417//6566 5275//6580 5274//6584
f 5429//6583 5277//6582 5428//6586
f 5417//6566 5420//6568 5425//6585
f 5279//6388 5278//6587 5429//6583
f 5278//6587 5277//6582 5429//6583
f 5427//6581 5428//6586 5277//6582
f 5277//6582 5276//6579 5426//6578
f 5275//6580 5425//6585 5426//6578
f 5421//6570 5430//6588 5425//6589
f 5430//6588 5431//6590 5426//6591
f 5431//6590 5432//6592 5428//6593
f 5428//6593 5427//6594 5431//6590
f 5427//6594 5426//6591 5431//6590
f 5426//6591 5425//6589 5430//6588
f 5425//6589 5420//6568 5421//6570
f 5428//6586 5435//6595 5429//6583
f 5294//6419 5301//6596 5299//6424
f 5435//6595 5433//6597 5303//6428
f 5301//6596 5294//6419 5435//6595
f 5433//6597 5305//6430 5303//6428
f 5435//6595 5294//6419 5429//6583
f 5292//6416 5429//6583 5294//6419
f 5303//6428 5301//6596 5435//6595
f 5436//6598 5437//6599 5433//6600
f 5428//6586 5436//6598 5435//6595
f 5433//6600 5435//6595 5436//6598
f 5444//6601 5434//6602 5433//6600
f 5433//6600 5437//6599 5444//6601
f 5436//6598 5438//6603 5437//6599
f 5436//6604 5428//6593 5432//6592
f 5412//6605 5441//6606 5423//6574
f 5423//6574 5413//6576 5412//6605
f 5494//6607 5439//6608 5440//6609
f 5412//6605 5439//6608 5441//6606
f 5412//6605 5440//6609 5439//6608
f 5440//6609 5442//6610 5494//6607
f 5438//6603 5444//6611 5437//6599
f 5444//6611 5438//6603 5443//6612
f 5443//6612 5445//6613 5444//6611
f 5446//6614 5447//6615 5445//6613
f 5445//6613 5443//6612 5446//6614
f 5449//6616 5411//6554 5404//6549
f 5380//6525 5404//6549 5411//6554
f 5411//6554 5410//6524 5380//6525
f 5409//6553 5411//6554 5450//6617
f 5449//6616 5448//6618 5450//6617
f 5450//6617 5411//6554 5449//6616
f 5449//6616 5404//6549 5451//6619
f 5455//6620 5462//6621 5454//6622
f 5463//6623 5459//6624 5460//6625
f 5462//6621 5456//6626 5457//6627
f 5454//6622 5457//6627 5458//6628
f 5453//6629 5458//6628 5463//6623
f 5452//6630 5463//6623 5460//6625
f 5452//6630 5460//6625 5461//6631
f 5451//6619 5461//6631 5449//6616
f 5461//6631 5451//6619 5452//6630
f 5458//6628 5453//6629 5454//6622
f 5457//6627 5454//6622 5462//6621
f 5448//6618 5449//6616 5461//6631
f 5459//6624 5463//6623 5458//6628
f 5456//6626 5462//6621 5464//6632
f 5464//6632 5465//6633 5456//6626
f 5466//6634 5450//6617 5448//6618
f 5466//6634 5448//6618 5461//6631
f 5466//6634 5461//6631 5460//6625
f 5460//6625 5467//6635 5466//6634
f 5467//6635 5460//6625 5459//6624
f 5459//6624 5468//6636 5467//6635
f 5468//6636 5459//6624 5458//6628
f 5468//6636 5458//6628 5457//6627
f 5456//6626 5470//6637 5468//6636
f 5468//6636 5457//6627 5456//6626
f 5470//6637 5456//6626 5465//6633
f 5470//6637 5465//6633 5469//6638
f 5469//6638 5473//6639 5470//6637
f 5473//6639 5469//6638 5471//6640
f 5473//6639 5471//6640 5472//6641
f 5472//6641 5475//6642 5473//6639
f 5475//6642 5472//6641 5474//6643
f 5474//6643 5476//6644 5475//6642
f 5476//6644 5474//6643 5407//6645
f 5450//6617 5466//6634 5476//6644
f 5476//6644 5407//6645 5450//6617
f 5465//6633 5464//6632 5477//6646
f 5478//6647 5466//6648 5467//6649
f 5467//6649 5479//6650 5478//6647
f 5479//6650 5467//6649 5468//6651
f 5468//6651 5480//6652 5479//6650
f 5480//6652 5468//6651 5470//6653
f 5470//6653 5481//6654 5480//6652
f 5481//6654 5470//6653 5473//6655
f 5473//6655 5482//6656 5481//6654
f 5482//6656 5473//6655 5475//6657
f 5475//6657 5483//6658 5482//6656
f 5483//6658 5475//6657 5476//6659
f 5476//6659 5484//6660 5483//6658
f 5484//6660 5476//6659 5466//6648
f 5466//6648 5478//6647 5484//6660
f 5490//6661 5485//6662 5478//6663
f 5485//6662 5486//6664 5484//6665
f 5486//6664 5487//6666 5482//6667
f 5487//6666 5488//6668 5481//6669
f 5488//6668 5489//6670 5480//6671
f 5489//6670 5490//6661 5479//6672
f 5478//6663 5479//6672 5490//6661
f 5479//6672 5480//6671 5489//6670
f 5480//6671 5481//6669 5488//6668
f 5481//6669 5482//6667 5487//6666
f 5482//6667 5483//6673 5486//6664
f 5483//6673 5484//6665 5486//6664
f 5484//6665 5478//6663 5485//6662
f 5412//6555 5472//6674 5471//6675
f 5471//6675 5440//6676 5412//6555
f 5491//6677 5469//6678 5465//6633
f 5465//6633 5477//6646 5491//6677
f 5440//6676 5471//6675 5491//6677
f 5491//6677 5471//6675 5469//6678
f 5474//6643 5472//6674 5405//6551
f 5405//6551 5472//6674 5412//6555
f 5474//6643 5405//6551 5407//6645
f 5409//6553 5450//6617 5407//6552
f 5491//6677 5442//6610 5440//6676
f 5492//6679 5477//6646 5464//6632
f 5464//6632 5493//6680 5492//6679
f 5495//6681 5442//6610 5491//6677
f 5497//6682 5495//6681 5496//6683
f 5496//6683 5498//6684 5497//6682
f 5491//6677 5496//6683 5495//6681
f 5495//6681 5494//6607 5442//6610
f 5495//6685 5497//6686 5501//6687
f 5498//6684 5499//6688 5500//6689
f 5498//6684 5496//6690 5499//6688
f 5492//6679 5496//6690 5491//6677
f 5477//6646 5492//6679 5491//6677
f 5492//6679 5499//6688 5496//6690
f 5493//6680 5499//6688 5492//6679
f 5503//6691 5584//6692 5502//6693
f 5504//6694 5505//6695 5503//6691
f 5503//6691 5502//6693 5504//6694
f 5504//6694 5506//6696 5505//6695
f 5506//6696 5504//6694 5501//6687
f 5501//6687 5497//6686 5506//6696
f 5512//6697 5507//6698 5493//6680
f 5512//6697 5493//6680 5464//6632
f 5512//6697 5464//6632 5462//6621
f 5462//6621 5455//6620 5512//6697
f 5499//6699 5493//6680 5507//6698
f 5509//6700 5499//6699 5507//6698
f 5507//6698 5508//6701 5509//6700
f 5499//6699 5509//6700 5510//6702
f 5510//6702 5500//6689 5499//6699
f 5455//6620 5511//6703 5512//6697
f 5404//6549 5513//6704 5514//6705
f 5452//6630 5514//6705 5515//6706
f 5463//6623 5515//6706 5516//6707
f 5454//6622 5516//6707 5517//6708
f 5513//6704 5404//6549 5403//6548
f 5401//6545 5513//6704 5403//6548
f 5511//6703 5517//6708 5522//6709
f 5517//6708 5518//6710 5522//6709
f 5517//6708 5511//6703 5455//6620
f 5401//6545 5402//6547 5513//6704
f 5517//6708 5455//6620 5454//6622
f 5516//6707 5454//6622 5453//6629
f 5516//6707 5453//6629 5463//6623
f 5515//6706 5463//6623 5452//6630
f 5514//6705 5452//6630 5451//6619
f 5514//6705 5451//6619 5404//6549
f 5512//6697 5522//6709 5520//6711
f 5520//6711 5507//6698 5512//6697
f 5522//6709 5512//6697 5511//6703
f 5519//6712 5521//6713 5523//6714
f 5519//6712 5523//6714 5518//6710
f 5522//6709 5518//6710 5523//6714
f 5522//6709 5523//6714 5520//6711
f 5523//6714 5521//6713 5520//6711
f 5524//6715 5525//6716 5508//6701
f 5508//6701 5507//6698 5524//6715
f 5507//6698 5520//6711 5524//6715
f 5526//6717 5527//6718 5532//6719
f 5526//6717 5528//6720 5521//6713
f 5521//6713 5519//6712 5526//6717
f 5532//6719 5528//6720 5526//6717
f 5524//6715 5529//6721 5525//6716
f 5524//6715 5520//6711 5521//6713
f 5529//6721 5524//6715 5528//6720
f 5528//6720 5532//6719 5529//6721
f 5521//6713 5528//6720 5524//6715
f 5531//6722 5529//6721 5532//6719
f 5529//6721 5531//6722 5525//6716
f 5531//6722 5530//6723 5525//6716
f 5531//6722 5532//6719 5533//6724
f 5530//6723 5531//6722 5533//6724
f 5527//6718 5533//6724 5532//6719
f 5530//6723 5535//6725 5534//6726
f 5534//6726 5508//6701 5525//6716
f 5534//6726 5525//6716 5530//6723
f 5535//6725 5536//6727 5534//6726
f 5534//6726 5536//6727 5538//6728
f 5538//6728 5510//6702 5534//6726
f 5508//6701 5534//6726 5510//6702
f 5510//6702 5509//6700 5508//6701
f 5539//6729 5500//6689 5510//6702
f 5538//6728 5537//6730 5510//6702
f 5539//6729 5510//6702 5537//6730
f 5538//6728 5536//6727 5540//6731
f 5970//6732 5548//6733 5549//6734
f 5548//6733 5543//6735 5544//6736
f 5549//6734 5544//6736 5545//6737
f 5542//6738 5545//6737 5546//6739
f 5541//6740 5546//6739 5547//6741
f 5540//6731 5547//6741 5537//6730
f 5537//6730 5538//6728 5540//6731
f 5547//6741 5540//6731 5541//6740
f 5546//6739 5541//6740 5542//6738
f 5544//6736 5549//6734 5548//6733
f 5545//6737 5542//6738 5549//6734
f 5543//6735 5548//6733 5551//6742
f 5550//6743 5551//6742 5548//6733
f 5552//6744 5539//6729 5537//6730
f 5546//6739 5553//6745 5552//6744
f 5545//6737 5554//6746 5553//6745
f 5545//6737 5544//6736 5554//6746
f 5554//6746 5544//6736 5543//6735
f 5543//6735 5555//6747 5554//6746
f 5555//6747 5543//6735 5551//6742
f 5556//6748 5557//6749 5555//6747
f 5557//6749 5556//6748 5558//6750
f 5558//6750 5560//6751 5559//6752
f 5560//6751 5562//6753 5561//6754
f 5539//6729 5552//6744 5563//6755
f 5563//6755 5564//6756 5539//6729
f 5563//6755 5562//6753 5564//6756
f 5563//6755 5561//6754 5562//6753
f 5561//6754 5559//6752 5560//6751
f 5558//6750 5559//6752 5557//6749
f 5551//6742 5556//6748 5555//6747
f 5553//6745 5546//6739 5545//6737
f 5552//6744 5547//6741 5546//6739
f 5552//6744 5537//6730 5547//6741
f 5550//6743 5565//6757 5551//6742
f 5566//6758 5567//6759 5553//6760
f 5568//6761 5566//6758 5554//6762
f 5569//6763 5568//6761 5557//6764
f 5570//6765 5569//6763 5559//6766
f 5571//6767 5570//6765 5563//6768
f 5572//6769 5571//6767 5552//6770
f 5567//6759 5572//6769 5553//6760
f 5552//6770 5553//6760 5572//6769
f 5563//6768 5552//6770 5571//6767
f 5561//6771 5563//6768 5570//6765
f 5559//6766 5561//6771 5570//6765
f 5557//6764 5559//6766 5569//6763
f 5555//6772 5557//6764 5568//6761
f 5554//6762 5555//6772 5568//6761
f 5553//6760 5554//6762 5566//6758
f 5573//6773 5574//6774 5572//6775
f 5574//6774 5575//6776 5571//6777
f 5575//6776 5569//6778 5570//6779
f 5575//6776 5576//6780 5569//6778
f 5568//6781 5569//6778 5576//6780
f 5576//6780 5577//6782 5568//6781
f 5577//6782 5573//6773 5567//6783
f 5567//6783 5566//6784 5577//6782
f 5566//6784 5568//6781 5577//6782
f 5570//6779 5571//6777 5575//6776
f 5571//6777 5572//6775 5574//6774
f 5572//6775 5567//6783 5573//6773
f 5503//6785 5560//6786 5558//6787
f 5560//6786 5503//6785 5505//6788
f 5505//6788 5562//6789 5560//6786
f 5562//6789 5505//6788 5506//6790
f 5565//6757 5578//6791 5556//6792
f 5578//6791 5579//6793 5556//6792
f 5503//6785 5558//6787 5579//6793
f 5558//6787 5556//6792 5579//6793
f 5564//6794 5562//6789 5498//6684
f 5506//6790 5497//6682 5498//6684
f 5498//6684 5562//6789 5506//6790
f 5500//6689 5539//6729 5564//6794
f 5564//6794 5498//6684 5500//6689
f 5556//6792 5551//6742 5565//6757
f 5603//6795 5581//6796 5582//6797
f 5581//6796 5565//6757 5550//6743
f 5550//6743 5582//6797 5581//6796
f 5582//6797 5580//6798 5603//6795
f 5579//6793 5583//6799 5503//6785
f 5584//6692 5503//6691 5583//6799
f 5585//6800 5583//6799 5579//6793
f 5588//6801 5585//6800 5586//6802
f 5586//6802 5587//6803 5588//6801
f 5579//6793 5586//6802 5585//6800
f 5585//6800 5584//6692 5583//6799
f 5585//6804 5588//6805 5589//6806
f 5669//6807 5591//6808 5592//6809
f 5591//6808 5593//6810 5594//6811
f 5593//6810 5589//6806 5588//6805
f 5588//6805 5594//6811 5593//6810
f 5594//6811 5592//6809 5591//6808
f 5592//6809 5590//6812 5669//6807
f 5597//2141 5595//3718 5579//6813
f 5597//2141 5578//6791 5581//6814
f 5565//6757 5581//6814 5578//6791
f 5598//6815 5605//6816 5599//6817
f 5601//6818 5599//6817 5602//6819
f 5595//3718 5586//3718 5579//6813
f 5597//2141 5579//6813 5578//6791
f 5596//6820 5598//6815 5599//6817
f 5599//6817 5601//6818 5596//6820
f 5587//6803 5604//3718 5596//6820
f 5604//3718 5587//6803 5586//3718
f 5597//2141 5581//6814 5603//6821
f 5605//6816 5598//6815 5600//6822
f 5601//6818 5587//6803 5596//6820
f 5600//6822 5603//6821 5605//6816
f 5586//3718 5595//3718 5604//3718
f 5603//6821 5600//6822 5597//2141
f 5606//6823 5599//6824 5605//6825
f 5607//6826 5605//6825 5603//6795
f 5603//6795 5580//6798 5607//6826
f 5605//6825 5607//6826 5606//6823
f 5608//6827 5613//6828 5598//6829
f 5609//6830 5608//6827 5596//6831
f 5610//6832 5609//6830 5604//6833
f 5611//6834 5610//6832 5595//6835
f 5612//6836 5611//6834 5597//6837
f 5613//6828 5612//6836 5600//6838
f 5600//6838 5598//6829 5613//6828
f 5597//6837 5600//6838 5612//6836
f 5595//6835 5597//6837 5611//6834
f 5604//6833 5595//6835 5610//6832
f 5596//6831 5604//6833 5609//6830
f 5598//6829 5596//6831 5608//6827
f 5619//6839 5614//6840 5613//6841
f 5614//6840 5615//6842 5612//6843
f 5615//6842 5616//6844 5611//6845
f 5616//6844 5617//6846 5610//6847
f 5617//6846 5618//6848 5609//6849
f 5618//6848 5619//6839 5608//6850
f 5613//6841 5608//6850 5619//6839
f 5608//6850 5609//6849 5618//6848
f 5609//6849 5610//6847 5617//6846
f 5610//6847 5611//6845 5616//6844
f 5611//6845 5612//6843 5615//6842
f 5612//6843 5613//6841 5614//6840
f 5602//6819 5599//6824 5620//6851
f 5606//6823 5620//6851 5599//6824
f 5620//6851 5621//6852 5602//6819
f 5624//6853 5602//6819 5621//6852
f 5623//6854 5624//6853 5621//6852
f 5622//6855 5623//6854 5621//6852
f 5630//6856 5625//6857 5626//6858
f 5631//6859 5628//6860 5629//6861
f 5633//6862 5626//6858 5627//6863
f 5634//6864 5627//6863 5628//6860
f 5634//6864 5628//6860 5631//6859
f 5631//6859 5629//6861 5623//6854
f 5623//6854 5622//6855 5631//6859
f 5627//6863 5634//6864 5633//6862
f 5626//6858 5633//6862 5632//6865
f 5626//6858 5632//6865 5630//6856
f 5623//6854 5636//6866 5635//6867
f 5635//6867 5624//6853 5623//6854
f 5623//6854 5629//6861 5636//6866
f 5628//6860 5637//6868 5636//6866
f 5636//6866 5629//6861 5628//6860
f 5637//6868 5628//6860 5627//6863
f 5627//6863 5626//6858 5637//6868
f 5638//6869 5637//6868 5626//6858
f 5639//6870 5638//6869 5625//6857
f 5638//6869 5626//6858 5625//6857
f 5639//6870 5625//6857 5649//6871
f 5649//6871 5640//6872 5639//6870
f 5641//6873 5639//6870 5640//6872
f 5643//6874 5641//6873 5642//6875
f 5644//6876 5645//6877 5646//6878
f 5646//6878 5643//6874 5644//6876
f 5647//6879 5635//6867 5646//6878
f 5646//6878 5645//6877 5647//6879
f 5635//6867 5647//6879 5624//6853
f 5643//6874 5642//6875 5644//6876
f 5641//6873 5640//6872 5642//6875
f 5625//6857 5630//6856 5648//6880
f 5648//6880 5649//6871 5625//6857
f 5649//6871 5648//6880 5650//6881
f 5622//6855 5946//6882 5631//6859
f 5651//6883 5630//6856 5632//6865
f 5652//6884 5638//6885 5639//6886
f 5639//6886 5653//6887 5652//6884
f 5653//6887 5639//6886 5641//6888
f 5641//6888 5654//6889 5653//6887
f 5654//6889 5641//6888 5643//6890
f 5643//6890 5655//6891 5654//6889
f 5655//6891 5643//6890 5646//6892
f 5646//6892 5656//6893 5655//6891
f 5656//6893 5646//6892 5635//6894
f 5635//6894 5657//6895 5656//6893
f 5657//6895 5635//6894 5636//6896
f 5657//6895 5636//6896 5637//6897
f 5637//6897 5658//6898 5657//6895
f 5637//6897 5652//6884 5658//6898
f 5652//6884 5637//6897 5638//6885
f 5659//6899 5660//6900 5658//6901
f 5660//6900 5661//6902 5657//6903
f 5661//6902 5662//6904 5657//6903
f 5662//6904 5663//6905 5655//6906
f 5663//6905 5664//6907 5654//6908
f 5664//6907 5665//6909 5653//6910
f 5665//6909 5659//6899 5652//6911
f 5652//6911 5653//6910 5665//6909
f 5653//6910 5654//6908 5664//6907
f 5654//6908 5655//6906 5663//6905
f 5655//6906 5656//6912 5662//6904
f 5656//6912 5657//6903 5662//6904
f 5657//6903 5658//6901 5660//6900
f 5658//6901 5652//6911 5659//6899
f 5592//6913 5644//6914 5642//6915
f 5587//6803 5601//6818 5647//6916
f 5624//6853 5601//6818 5602//6819
f 5666//6917 5640//6918 5649//6871
f 5649//6871 5650//6881 5666//6917
f 5590//6812 5642//6915 5666//6917
f 5666//6917 5642//6915 5640//6918
f 5587//6803 5645//6919 5588//6801
f 5624//6853 5647//6916 5601//6818
f 5647//6916 5645//6919 5587//6803
f 5594//6920 5588//6801 5645//6919
f 5645//6919 5644//6914 5594//6920
f 5644//6914 5592//6913 5594//6920
f 5642//6915 5590//6812 5592//6913
f 5667//6921 5650//6881 5648//6880
f 5648//6880 5668//6922 5667//6921
f 5670//6923 5590//6812 5666//6917
f 5673//6924 5670//6923 5671//6925
f 5671//6925 5672//6926 5673//6924
f 5666//6917 5671//6925 5670//6923
f 5670//6923 5669//6807 5590//6812
f 5670//6927 5673//6928 5676//6929
f 5672//6926 5674//6930 5675//6931
f 5672//6926 5671//6932 5674//6930
f 5667//6921 5671//6932 5666//6917
f 5667//6921 5674//6930 5671//6932
f 5650//6881 5667//6921 5666//6917
f 5668//6922 5674//6930 5667//6921
f 5752//6933 5677//6934 5678//6935
f 5677//6934 5679//6936 5680//6937
f 5679//6936 5673//6928 5680//6937
f 5673//6928 5679//6936 5676//6929
f 5680//6937 5678//6935 5677//6934
f 5678//6935 5681//6938 5752//6933
f 5687//6939 5682//6940 5668//6922
f 5687//6939 5668//6922 5648//6880
f 5687//6939 5648//6880 5630//6856
f 5630//6856 5651//6883 5687//6939
f 5674//6941 5668//6922 5682//6940
f 5684//6942 5674//6941 5682//6940
f 5682//6940 5683//6943 5684//6942
f 5674//6941 5684//6942 5685//6944
f 5685//6944 5675//6931 5674//6941
f 5651//6883 5686//6945 5687//6939
f 5687//6939 5693//6946 5690//6947
f 5690//6947 5682//6940 5687//6939
f 5693//6946 5687//6939 5686//6945
f 5688//6948 5689//6949 5683//6943
f 5683//6943 5682//6940 5688//6948
f 5682//6940 5690//6947 5688//6948
f 5693//6946 5692//6950 5690//6947
f 5692//6950 5691//6951 5690//6947
f 5695//6952 5691//6951 5692//6950
f 5695//6952 5692//6950 5694//6953
f 5693//6946 5694//6953 5692//6950
f 5696//6954 5697//6955 5702//6956
f 5696//6954 5698//6957 5691//6951
f 5691//6951 5695//6952 5696//6954
f 5702//6956 5698//6957 5696//6954
f 5688//6948 5699//6958 5689//6949
f 5688//6948 5690//6947 5691//6951
f 5699//6958 5688//6948 5698//6957
f 5698//6957 5702//6956 5699//6958
f 5691//6951 5698//6957 5688//6948
f 5701//6959 5699//6958 5702//6956
f 5699//6958 5701//6959 5689//6949
f 5701//6959 5700//6960 5689//6949
f 5697//6955 5703//6961 5702//6956
f 5701//6959 5702//6956 5703//6961
f 5700//6960 5701//6959 5703//6961
f 5700//6960 5705//6962 5704//6963
f 5704//6963 5683//6943 5689//6949
f 5704//6963 5689//6949 5700//6960
f 5705//6962 5706//6964 5704//6963
f 5704//6963 5706//6964 5708//6965
f 5708//6965 5685//6944 5704//6963
f 5683//6943 5704//6963 5685//6944
f 5685//6944 5684//6942 5683//6943
f 5709//6966 5675//6931 5685//6944
f 5708//6965 5707//6967 5709//6966
f 5709//6966 5685//6944 5708//6965
f 5708//6965 5706//6964 5721//6968
f 5795//6969 5719//6970 5713//6971
f 5720//6972 5716//6973 5717//6974
f 5721//6968 5718//6975 5707//6967
f 5719//6970 5714//6976 5715//6977
f 5713//6971 5715//6977 5716//6973
f 5712//6978 5716//6973 5720//6972
f 5711//6979 5720//6972 5717//6974
f 5710//6980 5717//6974 5721//6968
f 5717//6974 5710//6980 5711//6979
f 5716//6973 5712//6978 5713//6971
f 5715//6977 5713//6971 5719//6970
f 5707//6967 5708//6965 5721//6968
f 5718//6975 5721//6968 5717//6974
f 5714//6976 5719//6970 5722//6981
f 5722//6981 5723//6982 5714//6976
f 5724//6983 5725//6984 5707//6967
f 5725//6984 5709//6966 5707//6967
f 5724//6983 5707//6967 5718//6975
f 5717//6974 5726//6985 5724//6983
f 5724//6983 5718//6975 5717//6974
f 5726//6985 5717//6974 5716//6973
f 5716//6973 5727//6986 5726//6985
f 5727//6986 5716//6973 5715//6977
f 5714//6976 5728//6987 5727//6986
f 5727//6986 5715//6977 5714//6976
f 5728//6987 5714//6976 5723//6982
f 5728//6987 5723//6982 5729//6988
f 5729//6988 5730//6989 5728//6987
f 5730//6989 5729//6988 5731//6990
f 5730//6989 5731//6990 5732//6991
f 5734//6992 5733//6993 5730//6989
f 5730//6989 5732//6991 5734//6992
f 5735//6994 5725//6984 5733//6993
f 5733//6993 5734//6992 5735//6994
f 5725//6984 5735//6994 5709//6966
f 5722//6981 5736//6995 5723//6982
f 5738//6996 5737//6997 5728//6998
f 5739//6999 5738//6996 5730//7000
f 5740//7001 5739//6999 5733//7002
f 5741//7003 5740//7001 5725//7004
f 5742//7005 5741//7003 5724//7006
f 5743//7007 5742//7005 5726//7008
f 5737//6997 5743//7007 5727//7009
f 5727//7009 5728//6998 5737//6997
f 5726//7008 5727//7009 5743//7007
f 5724//7006 5726//7008 5742//7005
f 5725//7004 5724//7006 5741//7003
f 5733//7002 5725//7004 5740//7001
f 5730//7000 5733//7002 5739//6999
f 5728//6998 5730//7000 5738//6996
f 5744//7010 5745//7011 5742//7012
f 5745//7011 5746//7013 5741//7014
f 5746//7013 5747//7015 5740//7016
f 5747//7015 5748//7017 5739//7018
f 5748//7017 5744//7010 5737//7019
f 5737//7019 5738//7020 5748//7017
f 5738//7020 5739//7018 5748//7017
f 5739//7018 5740//7016 5747//7015
f 5740//7016 5741//7014 5746//7013
f 5741//7014 5742//7012 5745//7011
f 5742//7012 5743//7021 5744//7010
f 5743//7021 5737//7019 5744//7010
f 5678//7022 5732//7023 5731//7024
f 5732//7023 5678//7022 5680//7025
f 5680//7025 5734//7026 5732//7023
f 5734//7026 5680//7025 5673//6924
f 5672//6926 5735//7027 5734//7026
f 5675//6931 5709//6966 5735//7027
f 5735//7027 5672//6926 5675//6931
f 5749//7028 5729//7029 5723//6982
f 5723//6982 5736//6995 5749//7028
f 5678//7022 5731//7024 5749//7028
f 5749//7028 5731//7024 5729//7029
f 5673//6924 5672//6926 5734//7026
f 5749//7028 5681//6938 5678//7022
f 5750//7030 5736//6995 5722//6981
f 5722//6981 5751//7031 5750//7030
f 5753//7032 5681//6938 5749//7028
f 5756//7033 5753//7032 5754//7034
f 5754//7034 5755//7035 5756//7033
f 5749//7028 5754//7034 5753//7032
f 5753//7032 5752//6933 5681//6938
f 5753//7036 5756//7037 5759//7038
f 5755//7035 5758//7039 5757//7040
f 5755//7035 5754//7041 5758//7039
f 5750//7030 5754//7041 5749//7028
f 5750//7030 5758//7039 5754//7041
f 5736//6995 5750//7030 5749//7028
f 5751//7031 5758//7039 5750//7030
f 5760//7042 5762//7043 5761//7044
f 5763//7045 5762//7043 5759//7038
f 5759//7038 5756//7037 5763//7045
f 5763//7045 5761//7044 5762//7043
f 5761//7044 5764//7046 5760//7042
f 5441//7047 5768//7048 5769//7049
f 5769//7049 5423//7050 5441//7047
f 5765//7051 5585//6804 5589//6806
f 5771//7052 5768//7048 5441//7047
f 5769//7049 5772//7053 5423//7050
f 5770//7054 5753//7036 5759//7038
f 5770//7054 5766//7055 5753//7036
f 5766//7055 5677//7056 5752//7057
f 5585//6804 5765//7051 5767//7058
f 5767//7058 5502//7059 5584//7060
f 5752//7057 5753//7036 5766//7055
f 5584//7060 5585//6804 5767//7058
f 5767//7058 5779//7061 5502//7059
f 5774//7062 5495//6685 5501//6687
f 5774//7062 5771//7052 5495//6685
f 5771//7052 5439//7063 5494//7064
f 5423//7050 5772//7053 5776//7065
f 5773//7066 5436//6604 5432//6592
f 5494//7064 5495//6685 5771//7052
f 5773//7066 5775//7067 5436//6604
f 5589//6806 5593//7068 5765//7051
f 5777//7069 5419//6571 5422//6573
f 5778//7070 5782//7071 5669//7072
f 5776//7065 5424//7073 5423//7050
f 5780//7074 5783//7075 5431//7076
f 5783//7075 5773//7066 5431//7076
f 5438//7077 5436//6604 5775//7067
f 5775//7067 5443//7078 5438//7077
f 5762//7079 5784//1049 5770//7054
f 5778//7070 5670//6927 5676//6929
f 5774//7062 5501//6687 5504//7080
f 5441//7047 5439//7063 5771//7052
f 5419//6571 5777//7069 5780//7074
f 5780//7074 5430//6303 5421//7081
f 5785//7082 5781//7083 5443//7078
f 5781//7083 5786//7084 5446//6614
f 5759//7038 5762//7079 5770//7054
f 5669//7072 5670//6927 5778//7070
f 5504//7080 5502//7059 5779//7061
f 5504//7080 5779//7061 5774//7062
f 5424//7073 5776//7065 5777//7069
f 5421//7081 5419//6571 5780//7074
f 5443//7078 5775//7067 5785//7082
f 5760//7085 5786//7084 5781//7083
f 5784//1049 5762//7079 5760//7085
f 5422//6573 5424//7073 5777//7069
f 5431//7076 5430//6303 5780//7074
f 5679//7086 5788//7087 5778//7070
f 5591//2141 5669//7072 5782//7071
f 5787//7088 5593//7068 5591//2141
f 5432//6592 5431//7076 5773//7066
f 5760//7085 5781//7083 5784//1049
f 5679//7086 5677//7056 5788//7087
f 5591//2141 5782//7071 5787//7088
f 5781//7083 5446//6614 5443//7078
f 5677//7056 5766//7055 5788//7087
f 5676//6929 5679//7086 5778//7070
f 5593//7068 5787//7088 5765//7051
f 5786//7089 5760//7042 5764//7046
f 5786//7084 5447//6615 5446//6614
f 5786//7089 5764//7046 5843//7090
f 5447//7091 5786//7089 5789//7092
f 5789//7092 5854//7093 5447//7091
f 5843//7090 5789//7092 5786//7089
f 5796//7094 5790//7095 5751//7031
f 5796//7094 5751//7031 5722//6981
f 5796//7094 5722//6981 5719//6970
f 5719//6970 5795//6969 5796//7094
f 5758//7096 5751//7031 5790//7095
f 5792//7097 5758//7096 5790//7095
f 5790//7095 5791//7098 5792//7097
f 5758//7096 5792//7097 5793//7099
f 5793//7099 5757//7040 5758//7096
f 5795//6969 5794//7100 5796//7094
f 5706//6964 5797//7101 5798//7102
f 5711//6979 5798//7102 5799//7103
f 5712//6978 5799//7103 5800//7104
f 5794//7100 5800//7104 5805//7105
f 5800//7104 5802//7106 5805//7105
f 5797//7101 5706//6964 5705//6962
f 5700//6960 5797//7101 5705//6962
f 5700//6960 5703//6961 5797//7101
f 5794//7100 5795//6969 5800//7104
f 5800//7104 5795//6969 5713//6971
f 5800//7104 5713//6971 5712//6978
f 5799//7103 5712//6978 5720//6972
f 5799//7103 5720//6972 5711//6979
f 5798//7102 5711//6979 5710//6980
f 5798//7102 5710//6980 5721//6968
f 5798//7102 5721//6968 5706//6964
f 5796//7094 5805//7105 5804//7107
f 5804//7107 5790//7095 5796//7094
f 5805//7105 5796//7094 5794//7100
f 5803//7108 5806//7109 5801//7110
f 5803//7108 5801//7110 5802//7106
f 5805//7105 5802//7106 5801//7110
f 5806//7109 5805//7105 5801//7110
f 5805//7105 5806//7109 5804//7107
f 5807//7111 5808//7112 5791//7098
f 5791//7098 5790//7095 5807//7111
f 5790//7095 5804//7107 5807//7111
f 5809//7113 5810//7114 5811//7115
f 5809//7113 5812//7116 5806//7109
f 5806//7109 5803//7108 5809//7113
f 5811//7115 5812//7116 5809//7113
f 5807//7111 5804//7107 5806//7109
f 5814//7117 5807//7111 5812//7116
f 5806//7109 5812//7116 5807//7111
f 5812//7116 5811//7115 5814//7117
f 5807//7111 5814//7117 5808//7112
f 5815//7118 5814//7117 5813//7119
f 5811//7115 5813//7119 5814//7117
f 5814//7117 5815//7118 5808//7112
f 5813//7119 5811//7115 5810//7114
f 5815//7118 5813//7119 5810//7114
f 5810//7114 5816//7120 5815//7118
f 5808//7112 5817//7121 5791//7098
f 5817//7121 5808//7112 5815//7118
f 5818//7122 5791//7098 5817//7121
f 5820//7123 5793//7099 5818//7122
f 5791//7098 5818//7122 5793//7099
f 5793//7099 5792//7097 5791//7098
f 5757//7040 5793//7099 5821//7124
f 5820//7123 5819//7125 5821//7124
f 5821//7124 5793//7099 5820//7123
f 5820//7123 5818//7122 5822//7126
f 5826//7127 5833//7128 5825//7129
f 5834//7130 5830//7131 5831//7132
f 5835//7133 5831//7132 5832//7134
f 5833//7128 5827//7135 5828//7136
f 5825//7129 5828//7136 5829//7137
f 5824//7138 5829//7137 5834//7130
f 5823//7139 5834//7130 5835//7133
f 5822//7126 5832//7134 5820//7123
f 5832//7134 5822//7126 5835//7133
f 5829//7137 5824//7138 5825//7129
f 5828//7136 5825//7129 5833//7128
f 5819//7125 5820//7123 5832//7134
f 5831//7132 5835//7133 5834//7130
f 5830//7131 5834//7130 5829//7137
f 5827//7135 5833//7128 5836//7140
f 5836//7140 5837//7141 5827//7135
f 5761//7142 5839//7143 5838//7144
f 5839//7143 5761//7142 5763//7145
f 5763//7145 5840//7146 5839//7143
f 5840//7146 5763//7145 5756//7033
f 5755//7035 5841//7147 5840//7146
f 5757//7040 5821//7124 5841//7147
f 5841//7147 5755//7035 5757//7040
f 5843//7090 5844//7148 5837//7141
f 5837//7141 5842//7149 5843//7090
f 5761//7142 5838//7144 5843//7090
f 5843//7090 5838//7144 5844//7148
f 5756//7033 5755//7035 5840//7146
f 5843//7090 5764//7046 5761//7142
f 5837//7141 5836//7140 5842//7149
f 5845//7150 5821//7124 5819//7125
f 5819//7125 5832//7134 5845//7150
f 5832//7134 5831//7132 5845//7150
f 5829//7137 5847//7151 5846//7152
f 5847//7151 5828//7136 5827//7135
f 5848//7153 5827//7135 5837//7141
f 5848//7153 5847//7151 5827//7135
f 5837//7141 5844//7154 5848//7153
f 5838//7155 5849//7156 5848//7153
f 5839//7157 5850//7158 5849//7156
f 5840//7159 5851//7160 5850//7158
f 5821//7124 5845//7150 5851//7160
f 5851//7160 5841//7161 5821//7124
f 5851//7160 5840//7159 5841//7161
f 5850//7158 5839//7157 5840//7159
f 5849//7156 5838//7155 5839//7157
f 5848//7153 5844//7154 5838//7155
f 5847//7151 5829//7137 5828//7136
f 5846//7152 5830//7131 5829//7137
f 5846//7152 5831//7132 5830//7131
f 5846//7152 5845//7150 5831//7132
f 5852//7162 5842//7149 5836//7140
f 5836//7140 5853//7163 5852//7162
f 5854//7093 5789//7164 5855//7165
f 5852//7162 5789//7164 5843//7090
f 5854//7093 5855//7165 5856//7166
f 5852//7162 5855//7165 5789//7164
f 5842//7149 5852//7162 5843//7090
f 5853//7163 5855//7165 5852//7162
f 5858//7167 5857//7168 5849//7169
f 5859//7170 5858//7167 5850//7171
f 5860//7172 5859//7170 5851//7173
f 5861//7174 5860//7172 5845//7175
f 5862//7176 5861//7174 5845//7175
f 5863//7177 5862//7176 5846//7178
f 5864//7179 5863//7177 5847//7180
f 5857//7168 5864//7179 5848//7181
f 5848//7181 5849//7169 5857//7168
f 5847//7180 5848//7181 5864//7179
f 5846//7178 5847//7180 5863//7177
f 5845//7175 5846//7178 5862//7176
f 5851//7173 5845//7175 5860//7172
f 5850//7171 5851//7173 5859//7170
f 5849//7169 5850//7171 5858//7167
f 5865//7182 5866//7183 5864//7184
f 5866//7183 5867//7185 5863//7186
f 5867//7185 5868//7187 5862//7188
f 5868//7187 5869//7189 5860//7190
f 5869//7189 5870//7191 5859//7192
f 5870//7191 5865//7182 5857//7193
f 5857//7193 5858//7194 5870//7191
f 5858//7194 5859//7192 5870//7191
f 5859//7192 5860//7190 5869//7189
f 5860//7190 5861//7195 5868//7187
f 5861//7195 5862//7188 5868//7187
f 5862//7188 5863//7186 5867//7185
f 5863//7186 5864//7184 5866//7183
f 5864//7184 5857//7193 5865//7182
f 5876//7196 5871//7197 5853//7163
f 5876//7196 5853//7163 5836//7140
f 5876//7196 5836//7140 5833//7128
f 5833//7128 5826//7127 5876//7196
f 5855//7198 5853//7163 5871//7197
f 5873//7199 5855//7198 5871//7197
f 5871//7197 5872//7200 5873//7199
f 5855//7198 5873//7199 5874//7201
f 5874//7201 5856//7166 5855//7198
f 5826//7127 5875//7202 5876//7196
f 5818//7122 5816//7120 5877//7203
f 5823//7139 5877//7203 5878//7204
f 5834//7130 5878//7204 5879//7205
f 5825//7129 5879//7205 5880//7206
f 5875//7202 5880//7206 5885//7207
f 5880//7206 5881//7208 5885//7207
f 5880//7206 5875//7202 5826//7127
f 5816//7120 5818//7122 5817//7121
f 5815//7118 5816//7120 5817//7121
f 5880//7206 5826//7127 5825//7129
f 5879//7205 5825//7129 5824//7138
f 5879//7205 5824//7138 5834//7130
f 5878//7204 5834//7130 5823//7139
f 5877//7203 5823//7139 5835//7133
f 5877//7203 5835//7133 5822//7126
f 5877//7203 5822//7126 5818//7122
f 5876//7196 5885//7207 5883//7209
f 5883//7209 5871//7197 5876//7196
f 5885//7207 5876//7196 5875//7202
f 5881//7208 5886//7210 5885//7207
f 5882//7211 5886//7210 5881//7208
f 5886//7210 5882//7211 5884//7212
f 5885//7207 5886//7210 5883//7209
f 5886//7210 5884//7212 5883//7209
f 5887//7213 5888//7214 5872//7200
f 5872//7200 5871//7197 5887//7213
f 5871//7197 5883//7209 5887//7213
f 5889//7215 5890//7216 5895//7217
f 5889//7215 5891//7218 5884//7212
f 5884//7212 5882//7211 5889//7215
f 5895//7217 5891//7218 5889//7215
f 5887//7213 5892//7219 5888//7214
f 5887//7213 5883//7209 5884//7212
f 5892//7219 5887//7213 5891//7218
f 5891//7218 5895//7217 5892//7219
f 5884//7212 5891//7218 5887//7213
f 5894//7220 5892//7219 5895//7217
f 5892//7219 5894//7220 5888//7214
f 5894//7220 5893//7221 5888//7214
f 5894//7220 5895//7217 5890//7216
f 5893//7221 5894//7220 5896//7222
f 5890//7216 5896//7222 5894//7220
f 5893//7221 5898//7223 5897//7224
f 5897//7224 5872//7200 5888//7214
f 5897//7224 5888//7214 5893//7221
f 5898//7223 5899//7225 5897//7224
f 5856//7166 5919//7226 5900//7227
f 5900//7227 5854//7093 5856//7166
f 5854//7093 5900//7227 5901//7228
f 5447//7091 5854//7093 5901//7228
f 5901//7228 5445//7229 5447//7091
f 5445//7229 5901//7228 5902//7230
f 5903//7231 5444//6601 5445//7229
f 5445//7229 5902//7230 5903//7231
f 5444//6601 5903//7231 5434//6602
f 5305//6430 5433//6600 5434//6602
f 5904//7232 5905//7233 5305//6430
f 5306//6431 5305//6430 5905//7233
f 5916//7234 5909//7235 5306//6431
f 5905//7233 5916//7234 5306//6431
f 5434//6602 5904//7232 5305//6430
f 5919//7226 5856//7166 5874//7201
f 5897//7224 5899//7225 5917//7236
f 5917//7236 5874//7201 5897//7224
f 5872//7200 5897//7224 5874//7201
f 5874//7201 5873//7199 5872//7200
f 5917//7236 5899//7225 5906//7237
f 5918//7238 5908//7239 5909//7235
f 5918//7238 5911//7240 5912//7241
f 5916//7234 5910//7242 5911//7240
f 5909//7235 5911//7240 5918//7238
f 5908//7239 5912//7241 5913//7243
f 5906//7237 5913//7243 5914//7244
f 5906//7237 5914//7244 5915//7245
f 5915//7245 5917//7236 5906//7237
f 5913//7243 5906//7237 5907//7246
f 5913//7243 5907//7246 5908//7239
f 5911//7240 5909//7235 5916//7234
f 5912//7241 5908//7239 5918//7238
f 5917//7236 5915//7245 5874//7201
f 5919//7226 5874//7201 5915//7245
f 5910//7242 5916//7234 5905//7233
f 5920//7247 5919//7226 5915//7245
f 5920//7247 5915//7245 5914//7244
f 5913//7243 5921//7248 5920//7247
f 5920//7247 5914//7244 5913//7243
f 5913//7243 5912//7241 5921//7248
f 5922//7249 5921//7248 5912//7241
f 5912//7241 5911//7240 5922//7249
f 5911//7240 5910//7242 5922//7249
f 5904//7232 5923//7250 5910//7242
f 5910//7242 5905//7233 5904//7232
f 5910//7242 5923//7250 5922//7249
f 5904//7232 5434//7251 5923//7250
f 5434//7251 5924//7252 5923//7250
f 5924//7252 5434//7251 5903//7253
f 5903//7253 5925//7254 5924//7252
f 5925//7254 5903//7253 5902//7255
f 5901//7256 5926//7257 5925//7254
f 5925//7254 5902//7255 5901//7256
f 5901//7256 5927//7258 5926//7257
f 5901//7256 5900//7259 5927//7258
f 5900//7259 5919//7226 5927//7258
f 5919//7226 5920//7247 5927//7258
f 5928//7260 5925//7261 5926//7262
f 5928//7260 5926//7262 5927//7263
f 5927//7263 5929//7264 5928//7260
f 5929//7264 5927//7263 5920//7265
f 5920//7265 5930//7266 5929//7264
f 5930//7266 5920//7265 5921//7267
f 5921//7267 5931//7268 5930//7266
f 5931//7268 5921//7267 5922//7269
f 5922//7269 5932//7270 5931//7268
f 5932//7270 5922//7269 5923//7271
f 5923//7271 5933//7272 5932//7270
f 5933//7272 5923//7271 5924//7273
f 5933//7272 5924//7273 5925//7261
f 5925//7261 5928//7260 5933//7272
f 5934//7274 5935//7275 5933//7276
f 5935//7275 5936//7277 5932//7278
f 5936//7277 5937//7279 5931//7280
f 5937//7279 5938//7281 5930//7282
f 5938//7281 5939//7283 5929//7284
f 5939//7283 5934//7274 5928//7285
f 5928//7285 5929//7284 5939//7283
f 5929//7284 5930//7282 5938//7281
f 5930//7282 5931//7280 5937//7279
f 5931//7280 5932//7278 5936//7277
f 5932//7278 5933//7276 5935//7275
f 5933//7276 5928//7285 5934//7274
f 5946//6882 5942//7286 5661//7287
f 5631//6859 5661//7287 5940//7288
f 5633//6862 5940//7288 5941//7289
f 5946//6882 5943//7290 5942//7286
f 5943//7290 5947//7291 5957//7292
f 5957//7292 5942//7286 5943//7290
f 5686//6945 5941//7289 5693//6946
f 5941//7289 5694//6953 5693//6946
f 5941//7289 5686//6945 5651//6883
f 5941//7289 5651//6883 5632//6865
f 5941//7289 5632//6865 5633//6862
f 5940//7288 5633//6862 5634//6864
f 5940//7288 5634//6864 5631//6859
f 5661//7287 5631//6859 5946//6882
f 5946//6882 5944//7293 5943//7290
f 5947//7291 5943//7290 5944//7293
f 5948//7294 5944//7293 5945//7295
f 5944//7293 5948//7294 5947//7291
f 5948//7294 5951//7296 5952//7297
f 5952//7297 5951//7296 5949//7298
f 5953//7299 5950//7300 5948//7294
f 5951//7296 5948//7294 5950//7300
f 5952//7297 5947//7291 5948//7294
f 5948//7294 5945//7295 5953//7299
f 5954//7301 5953//7299 5955//7302
f 5954//7301 5949//7298 5951//7296
f 5953//7299 5954//7301 5950//7300
f 5954//7301 5951//7296 5950//7300
f 5956//7303 5957//7292 5947//7291
f 5959//7304 5956//7303 5952//7297
f 5952//7297 5949//7298 5959//7304
f 5947//7291 5952//7297 5956//7303
f 5958//7305 5959//7304 5949//7298
f 5955//7302 5960//7306 5958//7305
f 5954//7301 5955//7302 5958//7305
f 5949//7298 5954//7301 5958//7305
f 5960//7306 5945//7295 5962//7307
f 5960//7306 5962//7307 5961//7308
f 5960//7306 5955//7302 5953//7299
f 5953//7299 5945//7295 5960//7306
f 5961//7308 5620//7309 5606//7310
f 5620//7309 5961//7308 5945//7295
f 5945//7295 5621//6852 5620//7309
f 5944//7293 5946//6882 5622//6855
f 5622//6855 5621//6852 5944//7293
f 5945//7295 5944//7293 5621//6852
f 5962//7307 5945//7295 5961//7308
f 5536//6727 5963//7311 5964//7312
f 5542//6738 5964//7312 5965//7313
f 5549//6734 5965//7313 5966//7314
f 5969//7315 5966//7314 5967//7316
f 5966//7314 5978//7317 5967//7316
f 5966//7314 5969//7315 5970//6732
f 5963//7311 5536//6727 5535//6725
f 5530//6723 5963//7311 5535//6725
f 5530//6723 5533//6724 5963//7311
f 5966//7314 5970//6732 5549//6734
f 5965//7313 5549//6734 5542//6738
f 5964//7312 5542//6738 5541//6740
f 5964//7312 5541//6740 5540//6731
f 5964//7312 5540//6731 5536//6727
f 5970//6732 5969//7315 5968//7318
f 5968//7318 5967//7316 5971//7319
f 5971//7319 5987//7320 5968//7318
f 5967//7316 5968//7318 5969//7315
f 5967//7316 5972//7321 5971//7319
f 5971//7319 5973//7322 5974//7323
f 5973//7322 5971//7319 5972//7321
f 5974//7323 5987//7320 5971//7319
f 5975//7324 5974//7323 5973//7322
f 5975//7324 5973//7322 5977//7325
f 5977//7325 5976//7326 5975//7324
f 5979//7327 5973//7322 5972//7321
f 5978//7317 5972//7321 5967//7316
f 5972//7321 5978//7317 5979//7327
f 5980//7328 5976//7326 5977//7325
f 5977//7325 5981//7329 5980//7328
f 5981//7329 5977//7325 5973//7322
f 5973//7322 5979//7327 5981//7329
f 5974//7323 5975//7324 5988//7330
f 5975//7324 5976//7326 5988//7330
f 5976//7326 5982//7331 5988//7330
f 5983//7332 5988//7330 5982//7331
f 5988//7330 5987//7320 5974//7323
f 5607//7333 5984//7334 5985//7335
f 5606//7310 5985//7335 5986//7336
f 5960//7306 5986//7336 5958//7305
f 5606//7310 5986//7336 5961//7308
f 5983//7332 5984//7334 5580//7337
f 5984//7334 5983//7332 5982//7331
f 5980//7328 5984//7334 5982//7331
f 5982//7331 5976//7326 5980//7328
f 5960//7306 5961//7308 5986//7336
f 5985//7335 5606//7310 5607//7333
f 5984//7334 5607//7333 5580//7337
f 5582//7338 5550//6743 5968//7318
f 5582//7338 5968//7318 5987//7320
f 5580//7337 5582//7338 5987//7320
f 5970//6732 5550//6743 5548//6733
f 5970//6732 5968//7318 5550//6743
f 5987//7320 5983//7332 5580//7337
f 5987//7320 5988//7330 5983//7332
f 5996//6417 5992//7339 5989//7340
f 5287//6410 5989//7340 5990//7341
f 5289//6411 5990//7341 5991//7342
f 5996//6417 5993//7343 5992//7339
f 5993//7343 5997//7344 6005//7345
f 6005//7345 5992//7339 5993//7343
f 5309//6438 5991//7342 5316//6439
f 5991//7342 5317//6446 5316//6439
f 5991//7342 5309//6438 5293//6418
f 5991//7342 5293//6418 5288//6414
f 5991//7342 5288//6414 5289//6411
f 5990//7341 5289//6411 5290//6412
f 5990//7341 5290//6412 5287//6410
f 5989//7340 5287//6410 5996//6417
f 5996//6417 5994//7346 5993//7343
f 5997//7344 5993//7343 5994//7346
f 5998//7347 5994//7346 5995//7348
f 5994//7346 5998//7347 5997//7344
f 5997//7344 5999//7349 6000//7350
f 5999//7349 5997//7344 5998//7347
f 6002//7351 6001//7352 6003//7353
f 6002//7351 5999//7349 6001//7352
f 6001//7352 5999//7349 5998//7347
f 5997//7344 6004//7354 6005//7345
f 5999//7349 6006//7355 6004//7354
f 6000//7350 5999//7349 6004//7354
f 5997//7344 6000//7350 6004//7354
f 6002//7351 6007//7356 6006//7355
f 6002//7351 6003//7353 6007//7356
f 5999//7349 6002//7351 6006//7355
f 6009//7357 6008//7358 6003//7353
f 6009//7357 6001//7352 5998//7347
f 6008//7358 6009//7357 6011//7359
f 6008//7358 6011//7359 6010//7360
f 5998//7347 5995//7348 6009//7357
f 6003//7353 6001//7352 6009//7357
f 6010//7360 5295//7361 5296//7362
f 5295//7361 6010//7360 6009//7357
f 5295//7361 6009//7357 5995//7348
f 5995//7348 5291//6415 5295//7361
f 5994//7346 5996//6417 5286//6413
f 5286//6413 5291//6415 5994//7346
f 5995//7348 5994//7346 5291//6415
f 6011//7359 6009//7357 6010//7360
f 5906//7237 6012//7363 6013//7364
f 5908//7239 5907//7246 6013//7364
f 5909//7235 6014//7365 6015//7366
f 6018//7367 6015//7366 6016//7368
f 6015//7366 6027//7369 6016//7368
f 6015//7366 6018//7367 5909//7235
f 6012//7363 5899//7225 5898//7223
f 5893//7221 6012//7363 5898//7223
f 5893//7221 5896//7222 6012//7363
f 6014//7365 5909//7235 5908//7239
f 6013//7364 6014//7365 5908//7239
f 6013//7364 5907//7246 5906//7237
f 6012//7363 5906//7237 5899//7225
f 6017//7370 6019//7371 6018//7367
f 5909//7235 6018//7367 6019//7371
f 6019//7371 6017//7370 6031//7372
f 6017//7370 6016//7368 6020//7373
f 6020//7373 6031//7372 6017//7370
f 6016//7368 6017//7370 6018//7367
f 6016//7368 6021//7374 6020//7373
f 6023//7375 6024//7376 6020//7373
f 6020//7373 6022//7377 6023//7375
f 6022//7377 6020//7373 6021//7374
f 6024//7376 6031//7372 6020//7373
f 6025//7378 6024//7376 6026//7379
f 6024//7376 6023//7375 6026//7379
f 6023//7375 6022//7377 6026//7379
f 6022//7377 6027//7369 6028//7380
f 6027//7369 6022//7377 6021//7374
f 6021//7374 6016//7368 6027//7369
f 6029//7381 6025//7378 6026//7379
f 6029//7381 6026//7379 6022//7377
f 6022//7377 6028//7380 6029//7381
f 6036//7382 6030//7383 6035//7384
f 6025//7378 6030//7383 6031//7372
f 6031//7372 6024//7376 6025//7378
f 6036//7382 6031//7372 6030//7383
f 5296//7362 6033//7385 6034//7386
f 6007//7356 6003//7353 6008//7358
f 6008//7358 6034//7386 6007//7356
f 6008//7358 6010//7360 6034//7386
f 5296//7362 6034//7386 6010//7360
f 6035//7384 6032//7387 5302//7388
f 6035//7384 6030//7383 6032//7387
f 6029//7381 6032//7387 6030//7383
f 6030//7383 6025//7378 6029//7381
f 6033//7385 5296//7362 5300//7389
f 6032//7387 6033//7385 5300//7389
f 6032//7387 5300//7389 5302//7388
f 5304//7390 5306//6431 6019//7371
f 5304//7390 6031//7372 6036//7382
f 5302//7388 5304//7390 6036//7382
f 5909//7235 6019//7371 5306//6431
f 6036//7382 6035//7384 5302//7388
f 6019//7371 6031//7372 5304//7390
f 5575//7391 6039//7392 6038//7393
f 5748//7394 6042//7395 6043//7396
f 6042//7395 5748//7394 5747//7397
f 6041//7398 5747//7397 5697//6955
f 5797//7399 5703//7400 5746//7401
f 5748//7394 6043//7396 5803//7108
f 5800//7402 5799//7403 5744//7404
f 5799//7403 5798//7405 5745//7406
f 5747//7397 5746//7401 5703//7400
f 5703//7400 5697//6955 5747//7397
f 5748//7394 5803//7108 5802//7106
f 5802//7106 5800//7402 5744//7404
f 5745//7406 5744//7404 5799//7403
f 5798//7405 5797//7399 5746//7401
f 5746//7401 5745//7406 5798//7405
f 5697//6955 5696//6954 6041//7398
f 6043//7396 5809//7113 5803//7108
f 5802//7106 5744//7404 5748//7394
f 6045//7407 5695//6952 5694//6953
f 5695//6952 6045//7407 6041//7398
f 6041//7398 5696//6954 5695//6952
f 5662//7408 5942//7286 5957//7292
f 5940//7409 5661//6902 5660//6900
f 5942//7286 5662//7408 5661//7287
f 5957//7292 5663//7410 5662//7408
f 5941//7411 5659//7412 5665//7413
f 5659//7412 5941//7411 5940//7409
f 5660//6900 5659//7412 5940//7409
f 5664//7414 6045//7407 5694//6953
f 5665//7413 5694//6953 5941//7411
f 5957//7292 6045//7407 5663//7410
f 5694//6953 5665//7413 5664//7414
f 5664//7414 5663//7410 6045//7407
f 6044//7415 6045//7407 5959//7304
f 5957//7292 5956//7303 6045//7407
f 5956//7303 5959//7304 6045//7407
f 5959//7304 5958//1972 6044//7415
f 5615//7416 5980//7417 5981//7418
f 5958//1972 5986//7336 5618//7419
f 5984//7420 5980//7417 5615//7416
f 5616//7421 5615//7416 5981//7418
f 5619//7422 5618//7419 5986//7336
f 5985//7335 5984//7420 5614//7423
f 5615//7416 5614//7423 5984//7420
f 5981//7418 6044//7415 5616//7421
f 5958//1972 5618//7419 5617//5287
f 5617//5287 6044//7415 5958//1972
f 5985//7335 5614//7423 5619//7422
f 5617//5287 5616//7421 6044//7415
f 5619//7422 5986//7336 5985//7335
f 6040//7424 6044//7415 5981//7418
f 5979//7425 6038//7393 6040//7424
f 5981//7418 5979//7425 6040//7424
f 5978//7426 5576//7427 6038//7393
f 5979//7425 5978//7426 6038//7393
f 6038//7393 5576//7427 5575//7391
f 5965//7428 5964//7429 5573//7430
f 5966//7431 5965//7428 5577//7432
f 5574//7433 5963//7434 5533//7435
f 5573//7430 5577//7432 5965//7428
f 5963//7434 5574//7433 5573//7430
f 5966//7431 5577//7432 5576//7427
f 5978//7426 5966//7431 5576//7427
f 5573//7430 5964//7429 5963//7434
f 6039//7392 5574//7433 5533//7435
f 6039//7392 5533//7435 5527//6718
f 6039//7392 5575//7391 5574//7433
f 6037//7436 6039//7392 5527//6718
f 5527//6718 5526//6717 6037//7436
f 5519//6712 6046//7437 6047//7438
f 6046//7437 5519//6712 5518//6710
f 5486//7439 5485//7440 5402//7441
f 5402//7441 6046//7437 5486//7439
f 5513//7442 5402//7441 5485//7440
f 5517//7443 5516//7444 5489//7445
f 5516//7444 5515//7446 5489//7445
f 5518//6710 5488//7447 5487//7448
f 5490//7449 5489//7445 5515//7446
f 5515//7446 5514//7450 5490//7449
f 5488//7447 5518//6710 5517//7443
f 5487//7448 5486//7439 6046//7437
f 5489//7445 5488//7447 5517//7443
f 5514//7450 5513//7442 5485//7440
f 5487//7448 6046//7437 5518//6710
f 5485//7440 5490//7449 5514//7450
f 6048//7451 6049//833 5396//7452
f 6049//833 6046//7437 5396//7452
f 6046//7437 5402//7441 5396//7452
f 5396//7452 5395//6540 6048//7451
f 5372//7453 5389//6535 5388//6533
f 6050//856 5371//7454 5326//7455
f 5389//6535 5372//7453 6048//7451
f 5385//6528 5376//7456 5375//6529
f 5326//7455 5320//6448 6050//856
f 6051//7457 5372//7453 5371//7454
f 6051//7457 6048//7451 5372//7453
f 6048//7451 5395//6540 5389//6535
f 5374//6513 5373//6511 5386//7458
f 5376//7456 5385//6528 5384//7459
f 5326//7455 5371//7454 5376//7456
f 5371//7454 6050//856 6051//7457
f 5388//6533 5373//6531 5372//7453
f 5374//6513 5386//7458 5375//6514
f 5376//7456 5384//7459 5326//7455
f 6052//7460 6053//7461 5318//6445
f 5318//6445 5317//6446 6054//7462
f 5318//6445 6054//7462 6052//7460
f 5319//6447 6053//7461 6050//856
f 5319//6447 5318//6445 6053//7461
f 6054//7462 5317//6446 5265//7463
f 5317//6446 5991//7464 5266//7465
f 5991//7464 5990//7466 5267//7467
f 5989//7468 5268//7469 5267//7467
f 5268//7469 5989//7468 5992//7339
f 5269//7470 5268//7469 5992//7339
f 5317//6446 5266//7465 5265//7463
f 5265//7463 5264//7471 6054//7462
f 5267//7467 5266//7465 5991//7464
f 5992//7339 6005//7345 5269//7470
f 6054//7462 5264//7471 5269//7470
f 5269//7470 6005//7345 6054//7462
f 5267//7467 5990//7466 5989//7468
f 6005//7345 6004//7354 6054//7462
f 6004//7354 6006//7355 6055//7472
f 6004//7354 6055//7472 6054//7462
f 6055//7472 6006//7355 6007//7473
f 6034//7386 6033//7385 6056//7474
f 6033//7385 6032//7475 6056//7474
f 6056//7474 6057//7476 6034//7386
f 6007//7473 6034//7386 6060//7477
f 6029//7478 6058//7479 6059//1950
f 6059//1950 6032//7475 6029//7478
f 6029//7478 6028//7480 6058//7479
f 6055//7472 6060//7477 6062//7481
f 6034//7386 6057//7476 6060//7477
f 6032//7475 6059//1950 6061//7482
f 6055//7472 6007//7473 6060//7477
f 6058//7479 6062//7481 6059//1950
f 6062//7481 6058//7479 6055//7472
f 5935//7483 6058//7479 6027//7484
f 6014//7365 5937//7485 5936//7486
f 5938//7487 5937//7485 6012//7488
f 6028//7480 6027//7484 6058//7479
f 5937//7485 6014//7365 6013//7364
f 6013//7364 6012//7488 5937//7485
f 5939//7489 5938//7487 5896//7490
f 5939//7489 5896//7490 5890//7491
f 5935//7483 6027//7484 6015//7492
f 6012//7488 5896//7490 5938//7487
f 5890//7491 6063//5299 5939//7489
f 5936//7486 5935//7483 6015//7492
f 6058//7479 5934//7493 5939//7489
f 5935//7483 5934//7493 6058//7479
f 5939//7489 6063//5299 6058//7479
f 5936//7486 6015//7492 6014//7365
f 6063//5299 5890//7491 5889//7215
f 5889//7215 5882//7211 6064//4006
f 5889//7215 6064//4006 6063//5299
f 5882//7211 6065//7494 6064//4006
f 5879//7495 5867//7496 5866//7497
f 5816//7498 5810//7499 5869//7500
f 5866//7497 5880//7501 5879//7495
f 5867//7496 5879//7495 5878//7502
f 5878//7502 5868//7503 5867//7496
f 5868//7503 5878//7502 5877//7504
f 5816//7498 5869//7500 5868//7503
f 5866//7497 5865//7505 5881//7208
f 5870//7506 5869//7500 5810//7499
f 5881//7208 5880//7501 5866//7497
f 5868//7503 5877//7504 5816//7498
f 5870//7506 5810//7499 6065//7494
f 6065//7494 5865//7505 5870//7506
f 6065//7494 5881//7208 5865//7505
f 6066//7507 6067//7508 5810//7499
f 6067//7508 6065//7494 5810//7499
f 6066//7507 5810//7499 5809//7113
f 5809//7113 6043//7396 6066//7507
f 5882//7211 5881//7208 6065//7494
f 6061//7482 6056//7474 6032//7475
f 6050//856 5320//6448 5319//6447
f 5526//6717 5519//6712 6047//7438
f 6037//7436 5526//6717 6047//7438
f 6042//7395 5747//7397 6041//7398
f 6068//7509 6072//7510 6059//7511
f 6060//7512 6057//7513 6069//7514
f 6057//7513 6056//7515 6070//7516
f 6056//7515 6061//7517 6071//7518
f 6061//7517 6059//7511 6072//7510
f 6072//7510 6071//7518 6061//7517
f 6071//7518 6070//7516 6056//7515
f 6070//7516 6069//7514 6057//7513
f 6059//7511 6062//7519 6073//7520
f 6062//7519 6060//7512 6074//7521
f 6075//7522 6074//7521 6060//7512
f 6074//7521 6073//7520 6062//7519
f 6073//7520 6068//7509 6059//7511
f 6079//7523 6076//7524 6072//7525
f 6072//7525 6068//7526 6079//7523
f 6071//7527 6072//7525 6076//7524
f 6070//7528 6071//7527 6076//7524
f 6069//7529 6070//7528 6077//7530
f 6076//7524 6077//7530 6070//7528
f 6077//7530 6078//7531 6075//7532
f 6075//7532 6069//7529 6077//7530
f 6074//7533 6075//7532 6078//7531
f 6073//7534 6074//7533 6078//7531
f 6068//7526 6073//7534 6079//7523
f 6078//7531 6079//7523 6073//7534
f 6078//7531 6077//7530 6076//7524
f 6076//7524 6079//7523 6078//7531
f 6069//7514 6075//7522 6060//7512
f 6083//7535 6084//7536 6058//7537
f 6058//7537 6084//7536 6085//7538
f 6085//7538 6055//7539 6058//7537
f 6085//7538 6086//7540 6055//7539
f 6054//7462 6087//7541 6052//7460
f 6087//7541 6054//7462 6055//7539
f 6050//7542 6053//7461 6089//7543
f 6089//7543 6090//7544 6050//7542
f 6050//7542 6090//7544 6091//7545
f 6091//7545 6051//7546 6050//7542
f 6051//7546 6091//7545 6080//7547
f 6051//7546 6080//7547 6093//7548
f 6093//7548 6048//7549 6051//7546
f 6049//7550 6048//7549 6094//7551
f 6046//7552 6049//7550 6095//7553
f 6047//7438 6046//7552 6096//7554
f 6096//7554 6097//7555 6047//7438
f 6098//7556 6037//7436 6047//7438
f 6047//7438 6097//7555 6098//7556
f 6037//7436 6098//7556 6099//7557
f 6099//7557 6039//7392 6037//7436
f 6038//7393 6039//7392 6100//7558
f 6040//7424 6038//7393 6101//7559
f 6102//7560 6103//7561 6044//7415
f 6044//7415 6103//7561 6104//7562
f 6104//7562 6045//7563 6044//7415
f 6045//7563 6104//7562 6105//7564
f 6105//7564 6041//7398 6045//7563
f 6041//7398 6105//7564 6081//7565
f 6042//7395 6041//7398 6107//7566
f 6081//7565 6107//7566 6041//7398
f 6043//7396 6042//7395 6109//7567
f 6110//7568 6111//7569 6066//7507
f 6066//7507 6043//7396 6110//7568
f 6066//7507 6111//7569 6067//7508
f 6067//7508 6113//7570 6065//7494
f 6065//7494 6113//7570 6114//7571
f 6114//7571 6064//7572 6065//7494
f 6063//7573 6064//7572 6115//7574
f 6083//7535 6058//7537 6063//7573
f 6063//7573 6116//7575 6083//7535
f 6115//7574 6116//7575 6063//7573
f 6064//7572 6114//7571 6115//7574
f 6109//7567 6110//7568 6043//7396
f 6082//7576 6109//7567 6042//7395
f 6107//7566 6082//7576 6042//7395
f 6044//7415 6040//7424 6102//7560
f 6101//7559 6102//7560 6040//7424
f 6039//7392 6099//7557 6100//7558
f 6095//7553 6096//7554 6046//7552
f 6094//7551 6095//7553 6049//7550
f 6052//7460 6089//7543 6053//7461
f 6086//7540 6087//7541 6055//7539
f 6091//7545 6092//7577 6080//7547
f 6105//7564 6106//7578 6081//7565
f 6107//7566 6108//7579 6082//7576
f 6087//7541 6088//7580 6052//7460
f 6111//7569 6112//7581 6067//7508
f 6093//7548 6094//7551 6048//7549
f 6100//7558 6101//7559 6038//7393
f 6113//7570 6067//7508 6112//7581
f 6089//7543 6052//7460 6088//7580
f 6109//7567 6082//7576 6108//7579
f 6107//7566 6081//7565 6106//7578
f 6093//7548 6080//7547 6092//7577
f 6117//7582 6118//7583 6100//7558
f 6100//7558 6099//7557 6117//7582
f 6119//7584 6120//7585 6098//7556
f 6099//7557 6098//7556 6120//7585
f 6120//7585 6117//7582 6099//7557
f 6121//7586 6119//7584 6097//7555
f 6098//7556 6097//7555 6119//7584
f 6122//7587 6121//7586 6096//7554
f 6123//7588 6095//7553 6094//7551
f 6093//7548 6124//7589 6125//7590
f 6125//7590 6094//7551 6093//7548
f 6125//7590 6123//7588 6094//7551
f 6124//7589 6093//7548 6092//7577
f 6092//7577 6126//7591 6124//7589
f 6127//7592 6126//7591 6092//7577
f 6092//7577 6091//7545 6127//7592
f 6128//7593 6129//7594 6090//7544
f 6091//7545 6090//7544 6129//7594
f 6129//7594 6127//7592 6091//7545
f 6130//7595 6128//7593 6089//7543
f 6131//7596 6130//7595 6088//7580
f 6086//7540 6132//7597 6133//7598
f 6133//7598 6087//7541 6086//7540
f 6133//7598 6131//7596 6087//7541
f 6132//7597 6086//7540 6085//7538
f 6085//7538 6134//7599 6132//7597
f 6134//7599 6085//7538 6084//7536
f 6084//7536 6135//7600 6134//7599
f 6136//7601 6137//7602 6083//7535
f 6135//7600 6084//7536 6083//7535
f 6083//7535 6137//7602 6135//7600
f 6138//7603 6136//7601 6116//7575
f 6139//7604 6138//7603 6115//7574
f 6114//7571 6113//7570 6140//7605
f 6113//7570 6141//7606 6140//7605
f 6140//7605 6139//7604 6114//7571
f 6141//7606 6113//7570 6112//7581
f 6112//7581 6142//7607 6141//7606
f 6142//7607 6112//7581 6111//7569
f 6111//7569 6143//7608 6142//7607
f 6109//7567 6144//7609 6145//7610
f 6143//7608 6111//7569 6110//7568
f 6110//7568 6145//7610 6143//7608
f 6144//7609 6109//7567 6108//7579
f 6146//7611 6147//7612 6108//7579
f 6107//7566 6106//7578 6148//7613
f 6106//7578 6149//7614 6148//7613
f 6148//7613 6146//7611 6107//7566
f 6106//7578 6105//7564 6149//7614
f 6105//7564 6150//7615 6149//7614
f 6150//7615 6105//7564 6104//7562
f 6104//7562 6151//7616 6150//7615
f 6151//7616 6104//7562 6103//7561
f 6103//7561 6152//7617 6151//7616
f 6101//7559 6153//7618 6154//7619
f 6102//7560 6154//7619 6152//7617
f 6153//7618 6101//7559 6100//7558
f 6100//7558 6118//7583 6153//7618
f 6154//7619 6102//7560 6101//7559
f 6152//7617 6103//7561 6102//7560
f 6108//7579 6107//7566 6146//7611
f 6108//7579 6147//7612 6144//7609
f 6145//7610 6110//7568 6109//7567
f 6115//7574 6114//7571 6139//7604
f 6116//7575 6115//7574 6138//7603
f 6083//7535 6116//7575 6136//7601
f 6088//7580 6087//7541 6131//7596
f 6089//7543 6088//7580 6130//7595
f 6090//7544 6089//7543 6128//7593
f 6123//7588 6122//7587 6095//7553
f 6096//7554 6095//7553 6122//7587
f 6097//7555 6096//7554 6121//7586
f 6124//7589 6126//7591 6155//7620
f 6134//7599 6135//7600 6156//7621
f 6151//7616 6152//7617 6157//7622
f 5773//7066 6158//7623 6132//7597
f 5773//7066 6159//7624 6158//7623
f 5783//7625 6133//7598 6159//7624
f 6133//7598 6160//7626 6159//7624
f 6132//7597 6158//7623 6160//7626
f 6160//7626 6133//7598 6132//7597
f 6159//7624 5773//7066 5783//7625
f 5783//7625 5780//7627 6131//7596
f 6131//7596 6133//7598 5783//7625
f 5780//7627 6128//7593 6130//7595
f 5777//7628 6129//7594 6128//7593
f 6128//7593 5780//7627 5777//7628
f 5777//7628 5776//7065 6127//7592
f 6127//7592 6129//7594 5777//7628
f 6127//7592 5772//7053 6161//7629
f 5772//7053 6127//7592 5776//7065
f 6126//7591 6161//7629 6155//7620
f 6126//7591 6127//7592 6161//7629
f 5768//7048 6163//7630 6162//7631
f 5771//7632 6122//7587 6163//7630
f 6122//7587 6164//7633 6163//7630
f 6122//7587 6123//7588 6162//7631
f 6162//7631 6164//7633 6122//7587
f 6163//7630 5768//7048 5771//7632
f 5771//7632 6119//7584 6121//7586
f 5774//7634 6120//7585 6119//7584
f 6119//7584 5771//7632 5774//7634
f 5774//7634 5779//7635 6117//7582
f 5779//7635 6153//7618 6118//7583
f 5779//7635 5767//7058 6165//7636
f 6165//7636 6153//7618 5779//7635
f 5767//7058 6154//7619 6166//7637
f 6167//7638 6154//7619 6153//7618
f 6167//7638 6166//7637 6154//7619
f 6166//7637 6165//7636 5767//7058
f 5782//7639 6149//7614 6150//7615
f 6150//7615 5787//7088 5782//7639
f 5782//7639 5778//7640 6148//7613
f 6148//7613 6149//7614 5782//7639
f 5778//7640 6147//7612 6146//7611
f 5788//7641 6144//7609 6147//7612
f 6147//7612 5778//7640 5788//7641
f 5766//7642 6145//7610 6144//7609
f 6144//7609 5788//7641 5766//7642
f 6145//7610 6168//7643 6170//7644
f 5766//7642 5770//7645 6168//7643
f 6168//7643 6145//7610 5766//7642
f 5770//7645 6143//7608 6169//7646
f 6143//7608 6170//7644 6169//7646
f 6143//7608 6145//7610 6170//7644
f 6169//7646 6168//7643 5770//7645
f 5770//7645 6141//7606 6142//7607
f 5784//7647 6140//7605 6141//7606
f 6141//7606 5770//7645 5784//7647
f 5784//7647 5781//7648 6139//7604
f 5781//7648 6136//7601 6138//7603
f 5785//7649 6137//7602 6136//7601
f 6136//7601 5781//7648 5785//7649
f 5785//7649 5775//7067 6135//7600
f 6135//7600 5775//7067 6156//7621
f 6135//7600 6137//7602 5785//7649
f 5775//7067 5773//7066 6134//7599
f 5773//7066 6132//7597 6134//7599
f 6134//7599 6171//7650 5775//7067
f 6171//7650 6134//7599 6156//7621
f 5765//7051 5787//7088 6151//7616
f 6151//7616 6172//7651 5765//7051
f 5787//7088 6150//7615 6151//7616
f 6172//7651 6151//7616 6157//7622
f 5767//7058 6157//7622 6152//7617
f 5767//7058 5765//7051 6157//7622
f 6152//7617 6154//7619 5767//7058
f 6125//7590 6124//7589 6173//7652
f 5769//7049 6173//7652 6124//7589
f 6124//7589 5772//7053 5769//7049
f 6124//7589 6155//7620 5772//7053
f 5768//7048 6123//7588 6174//7653
f 6174//7653 5769//7049 5768//7048
f 6173//7652 6174//7653 6125//7590
f 6174//7653 6123//7588 6125//7590
f 6138//7603 6139//7604 5781//7648
f 6139//7604 6140//7605 5784//7647
f 6142//7607 6143//7608 5770//7645
f 6146//7611 6148//7613 5778//7640
f 6165//7636 6167//7638 6153//7618
f 6118//7583 6117//7582 5779//7635
f 6117//7582 6120//7585 5774//7634
f 6121//7586 6122//7587 5771//7632
f 6162//7631 6123//7588 5768//7048
f 6130//7595 6131//7596 5780//7627
f 6160//7626 6158//7623 6159//7624
f 5772//7053 6155//7620 6161//7629
f 6172//7651 6157//7622 5765//7051
f 6166//7637 6167//7638 6165//7636
f 5769//7049 6174//7653 6173//7652
f 6164//7633 6162//7631 6163//7630
f 6168//7643 6169//7646 6170//7644
f 6171//7650 6156//7621 5775//7067
